{
"type": "FeatureCollection",
"name": "Borno_micro_catchments",
"crs": { "type": "name", "properties": { "name": "urn:ogc:def:crs:OGC:1.3:CRS84" } },
"features": [
{ "type": "Feature", "properties": { "Stra_Catch": "Nggada West Chad", "State": "Borno", "LGA": "Monguno", "Population": 0, "Cleard_TOR": "Yes", "Status": "Studies Ongoing", "Start_Date": "2025-03-01T00:00:00", "End_Date": "2025-12-01T00:00:00", "Micr_Catch": "Monguno", "Size_Ha": 38924.344339199997, "Comments": null, "OBJECTID_1": 0, "Shape_Leng": 0.0, "Shape_Area": 0.0, "parent_strategic_name": "Katagun-K.Gana", "clipped_to_state": true }, "geometry": { "type": "MultiPolygon", "coordinates": [ [ [ [ 13.430614555737609, 12.788142904353235, 0.0 ], [ 13.434789091494597, 12.787037005023004, 0.0 ], [ 13.434792588417118, 12.786029002628144, 0.0 ], [ 13.434107407467058, 12.784778160020014, 0.0 ], [ 13.434537477973473, 12.782524095520813, 0.0 ], [ 13.433707123196761, 12.782145729337088, 0.0 ], [ 13.434456618245045, 12.779869642404778, 0.0 ], [ 13.431990042904623, 12.779518019439664, 0.0 ], [ 13.432678193995034, 12.777427648549613, 0.0 ], [ 13.432684875272425, 12.775282694150913, 0.0 ], [ 13.432093054790032, 12.774133832810014, 0.0 ], [ 13.431479813942298, 12.773854574866277, 0.0 ], [ 13.430547440583668, 12.772934691154765, 0.0 ], [ 13.430117427506767, 12.772542172532159, 0.0 ], [ 13.430460835751372, 12.771859231256018, 0.0 ], [ 13.429525460820278, 12.770149404719435, 0.0 ], [ 13.429528259364005, 12.769260557530625, 0.0 ], [ 13.429166666128943, 12.768931135237501, 0.0 ], [ 13.429166666129442, 12.78333333364818, 0.0 ], [ 13.430614555737609, 12.788142904353235, 0.0 ] ] ], [ [ [ 13.442639156632508, 12.783040474445817, 0.0 ], [ 13.442353503351729, 12.782628548154127, 0.0 ], [ 13.441035455466078, 12.782624361080652, 0.0 ], [ 13.439995147972743, 12.783723563310069, 0.0 ], [ 13.439000844689954, 12.783760407892402, 0.0 ], [ 13.438584103425793, 12.783758979086544, 0.0 ], [ 13.438437800620621, 12.784751817626884, 0.0 ], [ 13.439531792475965, 12.783976237394841, 0.0 ], [ 13.442639156632508, 12.783040474445817, 0.0 ] ] ], [ [ [ 13.459007682667005, 12.785192741740474, 0.0 ], [ 13.458735840735319, 12.785041996249443, 0.0 ], [ 13.458073044255787, 12.784947595393529, 0.0 ], [ 13.45821897711966, 12.786378248780075, 0.0 ], [ 13.459007682667005, 12.785192741740474, 0.0 ] ] ], [ [ [ 13.466308116737981, 12.795796756788208, 0.0 ], [ 13.466622010106846, 12.79549046319806, 0.0 ], [ 13.463600418560771, 12.795179799972576, 0.0 ], [ 13.463846777105736, 12.793883162721851, 0.0 ], [ 13.464930769207642, 12.79282488679657, 0.0 ], [ 13.46461708575511, 12.791888873981378, 0.0 ], [ 13.463242972823316, 12.791453273124791, 0.0 ], [ 13.462429449450186, 12.791483186575832, 0.0 ], [ 13.461070468980385, 12.791479016757865, 0.0 ], [ 13.459615031560828, 12.792602228046972, 0.0 ], [ 13.459128728595477, 12.79207467407066, 0.0 ], [ 13.458664777790343, 12.790748657352253, 0.0 ], [ 13.459104748997319, 12.795061916754792, 0.0 ], [ 13.466308116737981, 12.795796756788208, 0.0 ] ] ] ] } },
{ "type": "Feature", "properties": { "Stra_Catch": "Katagum K-gana", "State": "Borno", "LGA": "Kukawa", "Population": 0, "Cleard_TOR": "Yes", "Status": "Studies Ongoing", "Start_Date": "2025-03-01T00:00:00", "End_Date": "2025-12-01T00:00:00", "Micr_Catch": "Baga", "Size_Ha": 114157.85286899999, "Comments": null, "OBJECTID_1": 0, "Shape_Leng": 0.0, "Shape_Area": 0.0, "parent_strategic_name": "Katagun-K.Gana", "clipped_to_state": true }, "geometry": { "type": "MultiPolygon", "coordinates": [ [ [ [ 13.715967470488243, 12.935084664169187, 0.0 ], [ 13.716283636911609, 12.935018165429879, 0.0 ], [ 13.715560495746784, 12.934298646523466, 0.0 ], [ 13.715967470488243, 12.935084664169187, 0.0 ] ] ], [ [ [ 13.710361852500203, 12.929462292009203, 0.0 ], [ 13.710602132506937, 12.930762900759174, 0.0 ], [ 13.711351685899917, 12.93110272650174, 0.0 ], [ 13.711724991140853, 12.931824398965139, 0.0 ], [ 13.712298069257592, 12.932344369491474, 0.0 ], [ 13.71229645413789, 12.933403758764637, 0.0 ], [ 13.71286820376374, 12.93396732933477, 0.0 ], [ 13.713155284466854, 12.934227302127638, 0.0 ], [ 13.713597538739918, 12.934663006728112, 0.0 ], [ 13.71542849639143, 12.934167308360973, 0.0 ], [ 13.710757785074366, 12.929519992923137, 0.0 ], [ 13.710361852500203, 12.929462292009203, 0.0 ] ] ], [ [ [ 13.708224229575062, 12.929915309938327, 0.0 ], [ 13.708386182708539, 12.929993459942841, 0.0 ], [ 13.708652293147583, 12.929711063581813, 0.0 ], [ 13.708929402313029, 12.929440883011127, 0.0 ], [ 13.709084613484924, 12.929276154612836, 0.0 ], [ 13.708333332448953, 12.929166667277809, 0.0 ], [ 13.708224229575062, 12.929915309938327, 0.0 ] ] ], [ [ [ 13.697593832714524, 12.93767716007957, 0.0 ], [ 13.698017480595931, 12.937228396637003, 0.0 ], [ 13.696714459838679, 12.937252505872408, 0.0 ], [ 13.697593832714524, 12.93767716007957, 0.0 ] ] ], [ [ [ 13.671858061757469, 12.93795226418913, 0.0 ], [ 13.672140067865525, 12.937941391378724, 0.0 ], [ 13.672434588321154, 12.939293983779391, 0.0 ], [ 13.672727133892289, 12.939559198249952, 0.0 ], [ 13.672724267102968, 12.940906297503794, 0.0 ], [ 13.6730175885875, 12.94063584795464, 0.0 ], [ 13.673414741548424, 12.940215094037619, 0.0 ], [ 13.674656383039336, 12.939795021413074, 0.0 ], [ 13.675335817577729, 12.939436019804072, 0.0 ], [ 13.676557536723836, 12.940026050691081, 0.0 ], [ 13.677396800625612, 12.939228101630576, 0.0 ], [ 13.677397356150216, 12.93879651045709, 0.0 ], [ 13.677381117636713, 12.938388463877017, 0.0 ], [ 13.677658278840488, 12.938118301986965, 0.0 ], [ 13.677901683368809, 12.937600590623934, 0.0 ], [ 13.671806046255366, 12.937713375588631, 0.0 ], [ 13.671858061757469, 12.93795226418913, 0.0 ] ] ], [ [ [ 13.667284199009181, 12.937934207614486, 0.0 ], [ 13.667416037551014, 12.937794602040851, 0.0 ], [ 13.667190125846172, 12.937798781988439, 0.0 ], [ 13.667284199009181, 12.937934207614486, 0.0 ] ] ], [ [ [ 13.660751271628921, 12.941326781826877, 0.0 ], [ 13.661169281495404, 12.941118787559272, 0.0 ], [ 13.661667867904224, 12.940590575631534, 0.0 ], [ 13.662250265280617, 12.940282732136389, 0.0 ], [ 13.662822315560362, 12.939997788995326, 0.0 ], [ 13.663337800102276, 12.939451840287282, 0.0 ], [ 13.664419993431382, 12.938912905966978, 0.0 ], [ 13.664702507345796, 12.938350793407441, 0.0 ], [ 13.664860082877205, 12.937841893776282, 0.0 ], [ 13.664242213856399, 12.937853325942339, 0.0 ], [ 13.660751271628921, 12.941326781826877, 0.0 ] ] ], [ [ [ 13.657980006924012, 12.948257785940486, 0.0 ], [ 13.654519992157601, 12.951742214604106, 0.0 ], [ 13.654166666512406, 12.95416666723049, 0.0 ], [ 13.654309448737466, 12.955771751125008, 0.0 ], [ 13.654761726542574, 12.954813348027692, 0.0 ], [ 13.65533956552034, 12.954200514845736, 0.0 ], [ 13.655892448526238, 12.953925426483615, 0.0 ], [ 13.656432211438075, 12.953640005846546, 0.0 ], [ 13.657525151179795, 12.953095601394844, 0.0 ], [ 13.657250601611201, 12.952813934452346, 0.0 ], [ 13.656963529012273, 12.95255388739114, 0.0 ], [ 13.656964544385691, 12.95214552021744, 0.0 ], [ 13.65692760330905, 12.951202701060454, 0.0 ], [ 13.657492740549699, 12.951181222714682, 0.0 ], [ 13.658318990934173, 12.951182800340348, 0.0 ], [ 13.658852878327979, 12.950350994296757, 0.0 ], [ 13.660469845283483, 12.949545742940268, 0.0 ], [ 13.660473085597436, 12.948158203322935, 0.0 ], [ 13.659912078963464, 12.947648972071059, 0.0 ], [ 13.659879730900808, 12.946837347232124, 0.0 ], [ 13.660368956652523, 12.945863711769823, 0.0 ], [ 13.659853829892013, 12.944925499092125, 0.0 ], [ 13.660170151597059, 12.944616346743386, 0.0 ], [ 13.660067265122509, 12.942007362102903, 0.0 ], [ 13.658691405735473, 12.943376329726195, 0.0 ], [ 13.657980006924012, 12.948257785940486, 0.0 ] ] ], [ [ [ 13.643591822646348, 12.97498869750147, 0.0 ], [ 13.643493302872923, 12.974531215001127, 0.0 ], [ 13.641725765870957, 12.974984792160509, 0.0 ], [ 13.643591822646348, 12.97498869750147, 0.0 ] ] ], [ [ [ 13.636932711737025, 12.984079997167498, 0.0 ], [ 13.638071092538238, 12.9855487786967, 0.0 ], [ 13.638268201189922, 12.985340095213227, 0.0 ], [ 13.638545453942092, 12.985069943824909, 0.0 ], [ 13.638809585847751, 12.984789460264039, 0.0 ], [ 13.639092124903256, 12.984513930820032, 0.0 ], [ 13.6390617567004, 12.983749794018401, 0.0 ], [ 13.639320806174354, 12.982616499309296, 0.0 ], [ 13.639593028596794, 12.982075960624647, 0.0 ], [ 13.639852130098587, 12.981525089970399, 0.0 ], [ 13.640331085591807, 12.980572497586968, 0.0 ], [ 13.639161649435156, 12.979850252260782, 0.0 ], [ 13.639537741448319, 12.979101697237965, 0.0 ], [ 13.64003630361371, 12.978044685351867, 0.0 ], [ 13.640333187074095, 12.977729807985572, 0.0 ], [ 13.64134194711413, 12.977227609384167, 0.0 ], [ 13.641692055890061, 12.97577731008508, 0.0 ], [ 13.641661806053705, 12.975001205232592, 0.0 ], [ 13.638238863693504, 12.975879584848261, 0.0 ], [ 13.636932711737025, 12.984079997167498, 0.0 ] ] ], [ [ [ 13.645589993130564, 13.011068830518015, 0.0 ], [ 13.645922204684348, 13.010903560015489, 0.0 ], [ 13.646169150405274, 13.009528396795679, 0.0 ], [ 13.646978656292921, 13.008737050881217, 0.0 ], [ 13.646979721119919, 13.008447671667797, 0.0 ], [ 13.646968164145415, 13.008174762711917, 0.0 ], [ 13.648871061054651, 13.007774920887835, 0.0 ], [ 13.648874777384354, 13.006242212256119, 0.0 ], [ 13.647728787605249, 13.004648513301126, 0.0 ], [ 13.647996962105534, 13.003833996666343, 0.0 ], [ 13.648482110569873, 13.001135474774378, 0.0 ], [ 13.649136552754173, 12.999830530780651, 0.0 ], [ 13.648127553793792, 12.999727944490786, 0.0 ], [ 13.646400620451443, 13.001956177608402, 0.0 ], [ 13.645589993130564, 13.011068830518015, 0.0 ] ] ], [ [ [ 13.644649143114574, 13.01550648829191, 0.0 ], [ 13.645989184542714, 13.014839036907857, 0.0 ], [ 13.645700132101277, 13.014131189608619, 0.0 ], [ 13.645346172434628, 13.013809736624944, 0.0 ], [ 13.645266044752361, 13.014710490569637, 0.0 ], [ 13.644649143114574, 13.01550648829191, 0.0 ] ] ], [ [ [ 13.643894416966091, 13.017432669640982, 0.0 ], [ 13.644606988607572, 13.015560880904124, 0.0 ], [ 13.643157564036658, 13.017431095840157, 0.0 ], [ 13.643894416966091, 13.017432669640982, 0.0 ] ] ], [ [ [ 13.641099378695506, 13.023043823586704, 0.0 ], [ 13.638067287438814, 13.026956177558841, 0.0 ], [ 13.637667269098198, 13.029983931375597, 0.0 ], [ 13.638267827415683, 13.029985165890015, 0.0 ], [ 13.638542557836027, 13.029693516010466, 0.0 ], [ 13.639088635265521, 13.029160067921749, 0.0 ], [ 13.639346977336405, 13.026719554191118, 0.0 ], [ 13.640140640289543, 13.027501032450505, 0.0 ], [ 13.641527496329768, 13.027040587432893, 0.0 ], [ 13.64124108955348, 13.026128905899089, 0.0 ], [ 13.640679865749005, 13.025619152806126, 0.0 ], [ 13.641164408875257, 13.024560514164484, 0.0 ], [ 13.641608218854937, 13.024090972206295, 0.0 ], [ 13.642023058897106, 13.023685871443236, 0.0 ], [ 13.642405223574707, 13.022453815110675, 0.0 ], [ 13.643063449903064, 13.021810585604232, 0.0 ], [ 13.643426034973087, 13.021088533707704, 0.0 ], [ 13.643059078251435, 13.020421569960712, 0.0 ], [ 13.642774549891973, 13.019609963337174, 0.0 ], [ 13.642352613790031, 13.018469735590177, 0.0 ], [ 13.642233954394998, 13.018622843642397, 0.0 ], [ 13.641099378695506, 13.023043823586704, 0.0 ] ] ], [ [ [ 13.604166665735876, 13.058333333990968, 0.0 ], [ 13.604166665736109, 13.063392067468561, 0.0 ], [ 13.604421717755477, 13.064119684041099, 0.0 ], [ 13.604984745596441, 13.064374840087536, 0.0 ], [ 13.605263602094935, 13.064649464715352, 0.0 ], [ 13.605651419418697, 13.063827245661589, 0.0 ], [ 13.606422837611527, 13.064102847995294, 0.0 ], [ 13.607983437571125, 13.064855800923835, 0.0 ], [ 13.608851081702234, 13.064857602752674, 0.0 ], [ 13.609203038051209, 13.064484149740748, 0.0 ], [ 13.609959542333153, 13.064826966833321, 0.0 ], [ 13.610519898404942, 13.065633696838786, 0.0 ], [ 13.610822463876836, 13.065907888347537, 0.0 ], [ 13.610997997094952, 13.066247121587617, 0.0 ], [ 13.614634873274376, 13.066023763260365, 0.0 ], [ 13.617974222535333, 13.063656261139439, 0.0 ], [ 13.617905599736925, 13.063593931842492, 0.0 ], [ 13.618270373005107, 13.060147973914766, 0.0 ], [ 13.620431278715545, 13.057372629280181, 0.0 ], [ 13.6235802655714, 13.055804548738594, 0.0 ], [ 13.622953940936425, 13.055043412125908, 0.0 ], [ 13.622611464000515, 13.054732410840158, 0.0 ], [ 13.619807263765571, 13.057730102936022, 0.0 ], [ 13.604166665735876, 13.058333333990968, 0.0 ] ] ] ] } },
{ "type": "Feature", "properties": { "Stra_Catch": "Katagum K-gana", "State": "Borno", "LGA": "Mobbar", "Population": 0, "Cleard_TOR": "Yes", "Status": "Studies Ongoing", "Start_Date": "2025-03-01T00:00:00", "End_Date": "2025-12-01T00:00:00", "Micr_Catch": "Damasak", "Size_Ha": 37108.454580400001, "Comments": null, "OBJECTID_1": 0, "Shape_Leng": 0.0, "Shape_Area": 0.0, "parent_strategic_name": "Katagun-K.Gana", "clipped_to_state": true }, "geometry": { "type": "MultiPolygon", "coordinates": [ [ [ [ 12.748043823214591, 13.336932712569819, 0.0 ], [ 12.751956176286871, 13.3339006213118, 0.0 ], [ 12.757482401441507, 13.332482402136252, 0.0 ], [ 12.758900620616743, 13.326956176981071, 0.0 ], [ 12.766099378832108, 13.318877156950277, 0.0 ], [ 12.767233954532069, 13.314456177005953, 0.0 ], [ 12.770266044890393, 13.310543823933296, 0.0 ], [ 12.771742586899029, 13.304790242970322, 0.0 ], [ 12.783333332714141, 13.304166667452561, 0.0 ], [ 12.783940802272999, 13.288413324110442, 0.0 ], [ 12.791043090212469, 13.286590746360611, 0.0 ], [ 12.791666666629228, 13.275000000544358, 0.0 ], [ 12.78090888098699, 13.274646674898971, 0.0 ], [ 12.769091118408308, 13.262853326215026, 0.0 ], [ 12.760075547996966, 13.262146674924221, 0.0 ], [ 12.756591118434487, 13.258686659257057, 0.0 ], [ 12.71424221415986, 13.257980007966532, 0.0 ], [ 12.71075778459736, 13.254519993198741, 0.0 ], [ 12.70833333287052, 13.25416666755326, 0.0 ], [ 12.70416666591273, 13.254166667553299, 0.0 ], [ 12.700850931179666, 13.253315735328638, 0.0 ], [ 12.699999999854276, 13.250000000595241, 0.0 ], [ 12.699646674208834, 13.247575547968871, 0.0 ], [ 12.696186658541901, 13.24409111930545, 0.0 ], [ 12.695833332896459, 13.241666666679084, 0.0 ], [ 12.693408881169614, 13.241313341033598, 0.0 ], [ 12.689924451607107, 13.237853326265808, 0.0 ], [ 12.685075547254035, 13.237146674974898, 0.0 ], [ 12.681591118590845, 13.233686659307727, 0.0 ], [ 12.677453782122299, 13.23298000801687, 0.0 ], [ 12.67325778467538, 13.237146674975005, 0.0 ], [ 12.654166666016714, 13.237500000620622, 0.0 ], [ 12.646610174578427, 13.236745876816943, 0.0 ], [ 12.645203144767839, 13.224603780935942, 0.0 ], [ 12.650125291706903, 13.217764452063966, 0.0 ], [ 12.649134147980586, 13.208041043255703, 0.0 ], [ 12.643744234867096, 13.211920166378805, 0.0 ], [ 12.634931606367694, 13.204323324158386, 0.0 ], [ 12.632703144793579, 13.199314541928867, 0.0 ], [ 12.641036478709088, 13.189647589860611, 0.0 ], [ 12.641666666042305, 13.187500000720711, 0.0 ], [ 12.635075547357619, 13.187146675075262, 0.0 ], [ 12.631591118694409, 13.183686659408146, 0.0 ], [ 12.629166666068226, 13.183333333762661, 0.0 ], [ 12.628523932293136, 13.181198290165288, 0.0 ], [ 12.62019059927677, 13.171467082436326, 0.0 ], [ 12.62147606682688, 13.160364957173433, 0.0 ], [ 12.628523932292889, 13.152134874421273, 0.0 ], [ 12.62980940074228, 13.143698459312798, 0.0 ], [ 12.633976066800734, 13.137821791738595, 0.0 ], [ 12.631345790834391, 13.132794868384767, 0.0 ], [ 12.627135043606531, 13.12980957065151, 0.0 ], [ 12.622864956412103, 13.12852376315753, 0.0 ], [ 12.618855272707304, 13.125680741851749, 0.0 ], [ 12.61829617199907, 13.126543206302248, 0.0 ], [ 12.616599517215565, 13.124991521564453, 0.0 ], [ 12.616917736048634, 13.124365524537977, 0.0 ], [ 12.60619828948024, 13.125642903693576, 0.0 ], [ 12.600321790979116, 13.129809570651725, 0.0 ], [ 12.584054565128488, 13.12841118782274, 0.0 ], [ 12.583706083439534, 13.122736522138517, 0.0 ], [ 12.583070783439593, 13.1230497086556, 0.0 ], [ 12.582703456657461, 13.124214586734741, 0.0 ], [ 12.581060638732787, 13.12420468079271, 0.0 ], [ 12.580551720129119, 13.12520730529895, 0.0 ], [ 12.581879440159701, 13.12581583037491, 0.0 ], [ 12.582742087667729, 13.127026245397559, 0.0 ], [ 12.581511884065318, 13.128453587094306, 0.0 ], [ 12.580336222728322, 13.126944463557008, 0.0 ], [ 12.579733101607168, 13.127405476117174, 0.0 ], [ 12.579720787423915, 13.129384953613812, 0.0 ], [ 12.580577267347364, 13.1301695584499, 0.0 ], [ 12.580087491784271, 13.131227586128718, 0.0 ], [ 12.579529339420622, 13.131813060876473, 0.0 ], [ 12.578125830001531, 13.131860639500321, 0.0 ], [ 12.577570633116355, 13.131310105795452, 0.0 ], [ 12.577018292315906, 13.131328901847601, 0.0 ], [ 12.575502370053629, 13.130843697973956, 0.0 ], [ 12.574799782185911, 13.131890665297599, 0.0 ], [ 12.574500653683923, 13.133519640186103, 0.0 ], [ 12.573714449449003, 13.133265063366446, 0.0 ], [ 12.572326738488137, 13.132466529906614, 0.0 ], [ 12.571786258504414, 13.132484885995373, 0.0 ], [ 12.571488742729951, 13.132212796638084, 0.0 ], [ 12.571004731124294, 13.13173265862919, 0.0 ], [ 12.568863411001642, 13.132484373066987, 0.0 ], [ 12.566802885608364, 13.132554237478175, 0.0 ], [ 12.566783257861205, 13.132017529217533, 0.0 ], [ 12.567060508212478, 13.131186325871257, 0.0 ], [ 12.565964505469458, 13.130854303278108, 0.0 ], [ 12.565924300558118, 13.129714784485563, 0.0 ], [ 12.565927029321504, 13.129305894811258, 0.0 ], [ 12.565629526818132, 13.129034061297693, 0.0 ], [ 12.565634887371568, 13.128134697693762, 0.0 ], [ 12.564239723285148, 13.127265071455124, 0.0 ], [ 12.56450411566588, 13.126888386845309, 0.0 ], [ 12.565160881399027, 13.12625304306634, 0.0 ], [ 12.564755574102238, 13.124718460049634, 0.0 ], [ 12.563915569201134, 13.123949425102802, 0.0 ], [ 12.564616105377381, 13.122832295704619, 0.0 ], [ 12.565001227801417, 13.122819287508291, 0.0 ], [ 12.56610328860963, 13.122826088643839, 0.0 ], [ 12.566118710244982, 13.120455143120241, 0.0 ], [ 12.564948200597435, 13.119294136069152, 0.0 ], [ 12.563980555190371, 13.119326851717737, 0.0 ], [ 12.563335333505846, 13.11806771321387, 0.0 ], [ 12.562161358619329, 13.116365122848206, 0.0 ], [ 12.561144591732356, 13.116358836656469, 0.0 ], [ 12.560771090878191, 13.11747737919322, 0.0 ], [ 12.560799837257997, 13.118273928571808, 0.0 ], [ 12.559376965825953, 13.118023079455231, 0.0 ], [ 12.558566721715328, 13.117219357302021, 0.0 ], [ 12.557739509143802, 13.117785503786784, 0.0 ], [ 12.555834402768376, 13.117773763696443, 0.0 ], [ 12.555285784094881, 13.118350200720208, 0.0 ], [ 12.554979166639251, 13.117818112881082, 0.0 ], [ 12.554701532892881, 13.117275044280646, 0.0 ], [ 12.553033788393147, 13.117032565812913, 0.0 ], [ 12.55274448353329, 13.115677230085003, 0.0 ], [ 12.552457952945359, 13.115415668052584, 0.0 ], [ 12.55159599409855, 13.114165557658788, 0.0 ], [ 12.550294246994239, 13.115057436671769, 0.0 ], [ 12.549958739071856, 13.114090829252904, 0.0 ], [ 12.549392298448007, 13.11305097751333, 0.0 ], [ 12.54890034235585, 13.111184708862707, 0.0 ], [ 12.546561012264636, 13.110844593194512, 0.0 ], [ 12.544326742394498, 13.108798407498615, 0.0 ], [ 12.544630085898183, 13.108201039749826, 0.0 ], [ 12.543782539844941, 13.107424871893835, 0.0 ], [ 12.543492672677681, 13.106326444265282, 0.0 ], [ 12.543196739720486, 13.105783739125108, 0.0 ], [ 12.543201339809682, 13.105125424619322, 0.0 ], [ 12.542082988250206, 13.104580016531417, 0.0 ], [ 12.540741809624937, 13.10528104578168, 0.0 ], [ 12.540704550368488, 13.105015374712476, 0.0 ], [ 12.540711278555614, 13.104052764360199, 0.0 ], [ 12.540371440303836, 13.102175903082122, 0.0 ], [ 12.539568022126359, 13.102595809883628, 0.0 ], [ 12.538738781007099, 13.102191467335004, 0.0 ], [ 12.537367793182003, 13.101562494945536, 0.0 ], [ 12.536085624441196, 13.10004937535752, 0.0 ], [ 12.53661147514611, 13.09953940684855, 0.0 ], [ 12.535422582568888, 13.098359680322075, 0.0 ], [ 12.534356211175105, 13.097672553217464, 0.0 ], [ 12.533724622875642, 13.098335771470806, 0.0 ], [ 12.533426900791468, 13.098345806161467, 0.0 ], [ 12.533152125644861, 13.098073339688563, 0.0 ], [ 12.531039900533324, 13.097228370306258, 0.0 ], [ 12.53063650729014, 13.096488234262821, 0.0 ], [ 12.53035895658709, 13.095945118886053, 0.0 ], [ 12.529787068138258, 13.095422037012309, 0.0 ], [ 12.529236427133894, 13.094875255712683, 0.0 ], [ 12.52843728384804, 13.095292687556229, 0.0 ], [ 12.527018557623062, 13.094642082777142, 0.0 ], [ 12.526012667180861, 13.09334950829474, 0.0 ], [ 12.525338073799976, 13.09304018550027, 0.0 ], [ 12.52478817011974, 13.092771601852924, 0.0 ], [ 12.524225470434649, 13.092513771610495, 0.0 ], [ 12.523387787549984, 13.091436670563386, 0.0 ], [ 12.522321255493463, 13.091113654491373, 0.0 ], [ 12.522809610462573, 13.090090491612658, 0.0 ], [ 12.523843457288816, 13.089406062841247, 0.0 ], [ 12.524538261684176, 13.087951241150268, 0.0 ], [ 12.526307903537989, 13.087480617586328, 0.0 ], [ 12.526785203101779, 13.088411230985947, 0.0 ], [ 12.527208697247186, 13.088139911135437, 0.0 ], [ 12.527474510196386, 13.087860168650169, 0.0 ], [ 12.527807706512586, 13.087537983428742, 0.0 ], [ 12.527704498270911, 13.084609882775748, 0.0 ], [ 12.52770876826804, 13.084075995888082, 0.0 ], [ 12.527268824710172, 13.083267187486113, 0.0 ], [ 12.52682040153441, 13.082393037444604, 0.0 ], [ 12.525455820069359, 13.08114264293407, 0.0 ], [ 12.52503850201845, 13.08033021254837, 0.0 ], [ 12.522723505793424, 13.080315559160519, 0.0 ], [ 12.521782994412298, 13.080807356976223, 0.0 ], [ 12.520892987885329, 13.079992907348986, 0.0 ], [ 12.52196562959789, 13.078395147850978, 0.0 ], [ 12.520952616384525, 13.076973169691266, 0.0 ], [ 12.52096125293235, 13.075529574436736, 0.0 ], [ 12.520516177937829, 13.074660384104002, 0.0 ], [ 12.518864812025921, 13.074715968385602, 0.0 ], [ 12.518176260537286, 13.074711605379941, 0.0 ], [ 12.517792414915704, 13.075114999942471, 0.0 ], [ 12.51640506840282, 13.075601627708352, 0.0 ], [ 12.515274124215622, 13.073393891231536, 0.0 ], [ 12.514150202343632, 13.073431679721409, 0.0 ], [ 12.513457334064658, 13.07342722925581, 0.0 ], [ 12.51264952981408, 13.074526925838621, 0.0 ], [ 12.512094402426744, 13.074800011772695, 0.0 ], [ 12.512132035489229, 13.075856992056998, 0.0 ], [ 12.511841204944254, 13.07642837561912, 0.0 ], [ 12.511451342579615, 13.077246141124888, 0.0 ], [ 12.509840793365663, 13.076833264678756, 0.0 ], [ 12.50850340955132, 13.074370829230883, 0.0 ], [ 12.50876949027557, 13.074032653225446, 0.0 ], [ 12.509897295251374, 13.074039795300662, 0.0 ], [ 12.509857951270192, 13.072937346754481, 0.0 ], [ 12.509868872955119, 13.071345204402538, 0.0 ], [ 12.508991063175719, 13.070243576496029, 0.0 ], [ 12.508713598534971, 13.069700417366708, 0.0 ], [ 12.507323308154071, 13.068834119517378, 0.0 ], [ 12.507288837151583, 13.067846117775296, 0.0 ], [ 12.507819450837225, 13.067289729950788, 0.0 ], [ 12.509678086939985, 13.066173783111056, 0.0 ], [ 12.509816874484581, 13.065733151182743, 0.0 ], [ 12.506377155848423, 13.063067287922236, 0.0 ], [ 12.499253336340228, 13.061932712222161, 0.0 ], [ 12.493877155874275, 13.066099379180351, 0.0 ], [ 12.487499999394089, 13.06666666703045, 0.0 ], [ 12.487499999394062, 13.062500000072294, 0.0 ], [ 12.484101527931994, 13.061528185474749, 0.0 ], [ 12.482715691544749, 13.052006361501773, 0.0 ], [ 12.475617641210368, 13.043826972634129, 0.0 ], [ 12.474382357628954, 13.03286404084027, 0.0 ], [ 12.478610059775345, 13.027076890883212, 0.0 ], [ 12.478569012107521, 13.027029588760158, 0.0 ], [ 12.476916073398574, 13.027084866751762, 0.0 ], [ 12.476613323132044, 13.026807391407155, 0.0 ], [ 12.476276114078281, 13.026148466112112, 0.0 ], [ 12.474816069608829, 13.025206538057807, 0.0 ], [ 12.474392593004071, 13.026019552868428, 0.0 ], [ 12.474412094191818, 13.026566373247753, 0.0 ], [ 12.473712855590263, 13.0265617369397, 0.0 ], [ 12.47302047815899, 13.026584910349188, 0.0 ], [ 12.472481081197447, 13.02604995479194, 0.0 ], [ 12.471356347164361, 13.025708512259653, 0.0 ], [ 12.471646998507355, 13.025196147167756, 0.0 ], [ 12.472709463368151, 13.02416774102854, 0.0 ], [ 12.472715142423427, 13.023337188457809, 0.0 ], [ 12.471324953094738, 13.022915197437122, 0.0 ], [ 12.47129282739224, 13.02200382171562, 0.0 ], [ 12.47175911458014, 13.021552314529632, 0.0 ], [ 12.471017135595302, 13.021189733331948, 0.0 ], [ 12.470435090958988, 13.020922337153815, 0.0 ], [ 12.469625478594134, 13.02011923456028, 0.0 ], [ 12.46906252865222, 13.0201380144578, 0.0 ], [ 12.46861283885343, 13.018837617646284, 0.0 ], [ 12.467109421638826, 13.018262916549885, 0.0 ], [ 12.465724037194231, 13.017951243851586, 0.0 ], [ 12.465987013679255, 13.017465437700386, 0.0 ], [ 12.466515058602171, 13.016954530702632, 0.0 ], [ 12.466523229825128, 13.01583591603255, 0.0 ], [ 12.466503829201331, 13.015294511157343, 0.0 ], [ 12.466508586533202, 13.014628342912049, 0.0 ], [ 12.465131148064549, 13.013955533151879, 0.0 ], [ 12.464568209999978, 13.013974300740285, 0.0 ], [ 12.463995730656722, 13.013694854179851, 0.0 ], [ 12.462962094029775, 13.014779966235848, 0.0 ], [ 12.461539640676595, 13.014827402715364, 0.0 ], [ 12.460297446466914, 13.014025937054354, 0.0 ], [ 12.459314092066229, 13.014304608727755, 0.0 ], [ 12.458433653024406, 13.014613511015922, 0.0 ], [ 12.456122355251642, 13.01459806010606, 0.0 ], [ 12.454356249007356, 13.014917833750474, 0.0 ], [ 12.451933799257706, 13.014901712268051, 0.0 ], [ 12.450253091332151, 13.015779582907005, 0.0 ], [ 12.448216521763039, 13.01542516617933, 0.0 ], [ 12.447721942062664, 13.014459087022463, 0.0 ], [ 12.447159477699339, 13.014201022442725, 0.0 ], [ 12.446314951055877, 13.012973648869478, 0.0 ], [ 12.444923996005073, 13.012334883073677, 0.0 ], [ 12.444386855511947, 13.011800874726504, 0.0 ], [ 12.443536572637274, 13.011795112084686, 0.0 ], [ 12.442741051023907, 13.01262943525013, 0.0 ], [ 12.442165564699355, 13.01213110805206, 0.0 ], [ 12.442127787352584, 13.011036353991882, 0.0 ], [ 12.443230437758181, 13.009394563837851, 0.0 ], [ 12.443472055527639, 13.007202959959637, 0.0 ], [ 12.443996306289144, 13.005633256587592, 0.0 ], [ 12.444005925699354, 13.004220617580376, 0.0 ], [ 12.442874955389227, 13.003966118169568, 0.0 ], [ 12.442018193003967, 13.002863718595835, 0.0 ], [ 12.440105038625804, 13.001984408173643, 0.0 ], [ 12.439783955322142, 12.999668414089035, 0.0 ], [ 12.43920660021694, 12.998327161683655, 0.0 ], [ 12.438925657897752, 12.997513076513274, 0.0 ], [ 12.438348314931639, 12.996171819611614, 0.0 ], [ 12.438006009460931, 12.994270425350349, 0.0 ], [ 12.436697939667708, 12.994313934949661, 0.0 ], [ 12.435834431299877, 12.993892129116359, 0.0 ], [ 12.434757905019302, 12.994454407215695, 0.0 ], [ 12.432334803020497, 12.993908811865417, 0.0 ], [ 12.431966187039688, 12.993542601264519, 0.0 ], [ 12.430263854137253, 12.993159371977503, 0.0 ], [ 12.429724611901152, 12.991681628565273, 0.0 ], [ 12.429168475333039, 12.990072915947096, 0.0 ], [ 12.428600418783367, 12.989795293125013, 0.0 ], [ 12.427209612594444, 12.989548104862012, 0.0 ], [ 12.426344179728968, 12.98843383710196, 0.0 ], [ 12.425533467322177, 12.987690193878214, 0.0 ], [ 12.425798942362549, 12.986830784913339, 0.0 ], [ 12.428277288615133, 12.986847801455374, 0.0 ], [ 12.428281377889853, 12.986281200163504, 0.0 ], [ 12.428234924878792, 12.984940561844009, 0.0 ], [ 12.428796017737778, 12.984397552999297, 0.0 ], [ 12.428803716317894, 12.983307998892224, 0.0 ], [ 12.428227926377408, 12.982779997469615, 0.0 ], [ 12.428209779973198, 12.982243841511746, 0.0 ], [ 12.428482421570171, 12.981671579581516, 0.0 ], [ 12.428604440910378, 12.981553573828544, 0.0 ], [ 12.428305222979333, 12.979497613222009, 0.0 ], [ 12.424332360574388, 12.976595509031648, 0.0 ], [ 12.424273432048951, 12.976597468273415, 0.0 ], [ 12.42318265825798, 12.976590151186759, 0.0 ], [ 12.422893056843213, 12.976870099503662, 0.0 ], [ 12.422358475257772, 12.977694963311306, 0.0 ], [ 12.421261163617249, 12.978234968149478, 0.0 ], [ 12.421542163578517, 12.979059934992968, 0.0 ], [ 12.422544374408295, 12.98031922493389, 0.0 ], [ 12.420710132514914, 12.980695693016703, 0.0 ], [ 12.419139241835493, 12.982342500031557, 0.0 ], [ 12.418012831234673, 12.982334841603764, 0.0 ], [ 12.417703330759085, 12.982659484573469, 0.0 ], [ 12.414604877326155, 12.982206615976077, 0.0 ], [ 12.4148937, 12.9844397, 0.0 ], [ 12.414893699802603, 12.984439700410002, 0.0 ], [ 12.414893699856835, 12.9844397008293, 0.0 ], [ 12.412942696456104, 12.988492016914069, 0.0 ], [ 12.4094746, 12.9956954, 0.0 ], [ 12.407745693037134, 13.006321197472847, 0.0 ], [ 12.407620700011464, 13.007089400219643, 0.0 ], [ 12.4084764, 13.0234849, 0.0 ], [ 12.4101876, 13.0287645, 0.0 ], [ 12.4191719, 13.0458531, 0.0 ], [ 12.4254467, 13.0548832, 0.0 ], [ 12.4295759, 13.0730276, 0.0 ], [ 12.452443731263591, 13.067681929416985, 0.0 ], [ 12.45916559928334, 13.066110600021702, 0.0 ], [ 12.459165599377224, 13.066110600145583, 0.0 ], [ 12.4591656, 13.0661106, 0.0 ], [ 12.4786318, 13.0917964, 0.0 ], [ 12.4877291, 13.1019807, 0.0 ], [ 12.4966954, 13.1127233, 0.0 ], [ 12.5025899, 13.1260563, 0.0 ], [ 12.5071533, 13.1371666, 0.0 ], [ 12.5084941, 13.1396922, 0.0 ], [ 12.5112048, 13.1411079, 0.0 ], [ 12.511909, 13.1417465, 0.0 ], [ 12.5119657, 13.1423135, 0.0 ], [ 12.513232, 13.1433341, 0.0 ], [ 12.5188039, 13.1465354, 0.0 ], [ 12.5199812, 13.1464467, 0.0 ], [ 12.519982, 13.147954, 0.0 ], [ 12.5226931, 13.1480024, 0.0 ], [ 12.5231875, 13.1488714, 0.0 ], [ 12.5245968, 13.1492716, 0.0 ], [ 12.5252571, 13.1504138, 0.0 ], [ 12.5263034, 13.151187, 0.0 ], [ 12.5267652, 13.1527998, 0.0 ], [ 12.526976, 13.153951, 0.0 ], [ 12.528985, 13.153951, 0.0 ], [ 12.530984, 13.15396, 0.0 ], [ 12.532982, 13.15395, 0.0 ], [ 12.53598, 13.152961, 0.0 ], [ 12.536984, 13.152956, 0.0 ], [ 12.538160122722481, 13.152367057867874, 0.0 ], [ 12.538986999516235, 13.151953000027945, 0.0 ], [ 12.538986999947658, 13.151953000026211, 0.0 ], [ 12.538987, 13.151953, 0.0 ], [ 12.539982, 13.151949, 0.0 ], [ 12.540982, 13.152946, 0.0 ], [ 12.543502, 13.1563697, 0.0 ], [ 12.5488291, 13.1593201, 0.0 ], [ 12.5536645, 13.1603035, 0.0 ], [ 12.556287, 13.161287, 0.0 ], [ 12.5568607, 13.1624343, 0.0 ], [ 12.55686069939639, 13.162434300339527, 0.0 ], [ 12.556860699626256, 13.162434300799219, 0.0 ], [ 12.555549399949626, 13.163171900459743, 0.0 ], [ 12.551533599660916, 13.16202460025205, 0.0 ], [ 12.549238900108818, 13.162762200590709, 0.0 ], [ 12.5498126, 13.1658765, 0.0 ], [ 12.5516975, 13.1669419, 0.0 ], [ 12.5521073, 13.1687449, 0.0 ], [ 12.551377485190628, 13.170387094641226, 0.0 ], [ 12.551123900013119, 13.170957700134705, 0.0 ], [ 12.549822486068331, 13.172177732140776, 0.0 ], [ 12.5498126, 13.172187, 0.0 ], [ 12.5496487, 13.1746456, 0.0 ], [ 12.5494028, 13.1803825, 0.0 ], [ 12.5499765, 13.184972, 0.0 ], [ 12.5552216, 13.1924299, 0.0 ], [ 12.5589915, 13.1947246, 0.0 ], [ 12.5601389, 13.1962818, 0.0 ], [ 12.5594013, 13.1985765, 0.0 ], [ 12.559236792606495, 13.199929161914937, 0.0 ], [ 12.559080400005264, 13.20121510079316, 0.0 ], [ 12.557789199276995, 13.201548600884129, 0.0 ], [ 12.557457823912317, 13.201906863051803, 0.0 ], [ 12.5566356, 13.2027958, 0.0 ], [ 12.5565632, 13.2028574, 0.0 ], [ 12.556459504085456, 13.202945576621239, 0.0 ], [ 12.555765400018258, 13.203535800433745, 0.0 ], [ 12.554311100042367, 13.203653600829895, 0.0 ], [ 12.552875199296237, 13.203576300502784, 0.0 ], [ 12.552745899269105, 13.20356940000471, 0.0 ], [ 12.552703699481366, 13.203491600553832, 0.0 ], [ 12.552430999855996, 13.202989200588037, 0.0 ], [ 12.552231999672333, 13.202235800738553, 0.0 ], [ 12.550474200089681, 13.20238950027216, 0.0 ], [ 12.546778316291201, 13.203216692406926, 0.0 ], [ 12.5462734, 13.2033297, 0.0 ], [ 12.54575051206349, 13.203446733298524, 0.0 ], [ 12.538635599319674, 13.205039200695564, 0.0 ], [ 12.534162400182584, 13.207036900353936, 0.0 ], [ 12.5366831, 13.2119232, 0.0 ], [ 12.5381792, 13.2153271, 0.0 ], [ 12.5540305, 13.2121975, 0.0 ], [ 12.5539285, 13.2146855, 0.0 ], [ 12.5546825, 13.2178659, 0.0 ], [ 12.5558007, 13.2199255, 0.0 ], [ 12.5550299, 13.2228145, 0.0 ], [ 12.55459440237944, 13.223309477313009, 0.0 ], [ 12.553423499760074, 13.224640300606318, 0.0 ], [ 12.551080900131613, 13.227009200005456, 0.0 ], [ 12.5563875, 13.2272292, 0.0 ], [ 12.5631395, 13.2276383, 0.0 ], [ 12.5659737, 13.2281264, 0.0 ], [ 12.5670491, 13.2288945, 0.0 ], [ 12.5690882, 13.2312048, 0.0 ], [ 12.5701048, 13.2339844, 0.0 ], [ 12.5699292, 13.235695, 0.0 ], [ 12.5692757, 13.2375038, 0.0 ], [ 12.5684494, 13.2385749, 0.0 ], [ 12.568449399531911, 13.238574899947077, 0.0 ], [ 12.568449399484592, 13.238574900008413, 0.0 ], [ 12.565807499913696, 13.238276200098401, 0.0 ], [ 12.56556293576134, 13.238555045764983, 0.0 ], [ 12.56465750000941, 13.239587400605604, 0.0 ], [ 12.5647278, 13.2441111, 0.0 ], [ 12.569071, 13.2439127, 0.0 ], [ 12.5707721, 13.2420374, 0.0 ], [ 12.5730706, 13.2415142, 0.0 ], [ 12.5737505, 13.2430456, 0.0 ], [ 12.5741942, 13.2441162, 0.0 ], [ 12.5749488, 13.2458695, 0.0 ], [ 12.5778029, 13.2461006, 0.0 ], [ 12.5779053, 13.2470223, 0.0 ], [ 12.5786222, 13.2477392, 0.0 ], [ 12.579981, 13.248951, 0.0 ], [ 12.580982, 13.249957, 0.0 ], [ 12.5816674, 13.2506391, 0.0 ], [ 12.581982, 13.250954, 0.0 ], [ 12.582977, 13.250949, 0.0 ], [ 12.584982, 13.251959, 0.0 ], [ 12.586984, 13.253953, 0.0 ], [ 12.5901314, 13.2539552, 0.0 ], [ 12.591987, 13.253945, 0.0 ], [ 12.592952616810082, 13.254933005103059, 0.0 ], [ 12.592979000043602, 13.254960000000587, 0.0 ], [ 12.59309003812279, 13.255179647976496, 0.0 ], [ 12.593985, 13.25695, 0.0 ], [ 12.593984999651049, 13.256950000000174, 0.0 ], [ 12.593984999670727, 13.256950000039099, 0.0 ], [ 12.591985000070588, 13.256951000085211, 0.0 ], [ 12.589981999999782, 13.257954000189427, 0.0 ], [ 12.589974, 13.26496, 0.0 ], [ 12.589973999963988, 13.264960000018016, 0.0 ], [ 12.58997399996321, 13.264960000700116, 0.0 ], [ 12.587989000101427, 13.265953000204275, 0.0 ], [ 12.588986, 13.267961, 0.0 ], [ 12.588917024708275, 13.268029284848364, 0.0 ], [ 12.588917023403608, 13.268029286139971, 0.0 ], [ 12.587987000063276, 13.268950000338881, 0.0 ], [ 12.587985586969211, 13.269304317470406, 0.0 ], [ 12.587983, 13.269953, 0.0 ], [ 12.587985, 13.271948, 0.0 ], [ 12.58898, 13.271961, 0.0 ], [ 12.589977, 13.27396, 0.0 ], [ 12.58997700000026, 13.27396000004719, 0.0 ], [ 12.589977000101632, 13.273960000250442, 0.0 ], [ 12.589979803923441, 13.274468274849404, 0.0 ], [ 12.589979803926981, 13.274468275491122, 0.0 ], [ 12.589988, 13.275954, 0.0 ], [ 12.589677258572197, 13.276565657039709, 0.0 ], [ 12.588976000055981, 13.277946000111571, 0.0 ], [ 12.589983, 13.279953, 0.0 ], [ 12.590985, 13.282954, 0.0 ], [ 12.5928397, 13.2838841, 0.0 ], [ 12.594977, 13.284956, 0.0 ], [ 12.595982, 13.284951, 0.0 ], [ 12.597974, 13.286954, 0.0 ], [ 12.60097899954339, 13.286947000001064, 0.0 ], [ 12.601896538843533, 13.286030379613766, 0.0 ], [ 12.602977, 13.284951, 0.0 ], [ 12.603979, 13.282951, 0.0 ], [ 12.60398014229426, 13.282623977471994, 0.0 ], [ 12.603985999516469, 13.2809470005002, 0.0 ], [ 12.603985999998674, 13.28094700037996, 0.0 ], [ 12.603986, 13.280947, 0.0 ], [ 12.6043734, 13.2808504, 0.0 ], [ 12.607981, 13.279951, 0.0 ], [ 12.610979, 13.278952, 0.0 ], [ 12.6126311, 13.2789508, 0.0 ], [ 12.616978, 13.278957, 0.0 ], [ 12.618984, 13.279949, 0.0 ], [ 12.62079783731839, 13.27934398421668, 0.0 ], [ 12.621981999330629, 13.278949000092643, 0.0 ], [ 12.622590859929625, 13.278340749539773, 0.0 ], [ 12.622981, 13.277951, 0.0 ], [ 12.6255412, 13.2786449, 0.0 ], [ 12.6262266, 13.2792325, 0.0 ], [ 12.6266413, 13.2795891, 0.0 ], [ 12.6272304, 13.2800947, 0.0 ], [ 12.6280325, 13.2807832, 0.0 ], [ 12.6286854, 13.2813436, 0.0 ], [ 12.6291714, 13.2817607, 0.0 ], [ 12.629425, 13.2820253, 0.0 ], [ 12.6326852, 13.2854268, 0.0 ], [ 12.6330301, 13.2868132, 0.0 ], [ 12.6336866, 13.2894521, 0.0 ], [ 12.6360039, 13.2928357, 0.0 ], [ 12.6386932, 13.2949344, 0.0 ], [ 12.6399588, 13.2972719, 0.0 ], [ 12.6402323, 13.3021953, 0.0 ], [ 12.643132, 13.3066097, 0.0 ], [ 12.64407, 13.3075974, 0.0 ], [ 12.6461405, 13.3076915, 0.0 ], [ 12.647496590715777, 13.307079063667544, 0.0 ], [ 12.647727899681874, 13.306974599993948, 0.0 ], [ 12.647894299441413, 13.305425500682462, 0.0 ], [ 12.647010999716937, 13.304209300714824, 0.0 ], [ 12.646012399711667, 13.304209300714833, 0.0 ], [ 12.645781999698702, 13.304004500803277, 0.0 ], [ 12.644796199744061, 13.303863600420993, 0.0 ], [ 12.644322599667507, 13.303646000458755, 0.0 ], [ 12.643964099323057, 13.303172300557398, 0.0 ], [ 12.64374649936077, 13.302634600402675, 0.0 ], [ 12.643746499360766, 13.302122600174037, 0.0 ], [ 12.643720899259399, 13.301776900779565, 0.0 ], [ 12.643221599256762, 13.301584900019318, 0.0 ], [ 12.642683900001401, 13.30152090066523, 0.0 ], [ 12.642415000011669, 13.300957600409136, 0.0 ], [ 12.642415000011669, 13.300957600024445, 0.0 ], [ 12.642415, 13.3009576, 0.0 ], [ 12.642415, 13.300151, 0.0 ], [ 12.642425071307308, 13.300123489540065, 0.0 ], [ 12.642464871016417, 13.30001477275974, 0.0 ], [ 12.642939899216328, 13.298717200334719, 0.0 ], [ 12.643157599902631, 13.297257800303464, 0.0 ], [ 12.643157599973998, 13.297257800174309, 0.0 ], [ 12.6431576, 13.2972578, 0.0 ], [ 12.643402580180441, 13.296814452626117, 0.0 ], [ 12.644232899487939, 13.295311800495385, 0.0 ], [ 12.644693799338574, 13.294185300707239, 0.0 ], [ 12.644540199629695, 13.293314700309352, 0.0 ], [ 12.643618399928465, 13.293109900397805, 0.0 ], [ 12.642901499963557, 13.293775600160044, 0.0 ], [ 12.642389399910236, 13.293109900397813, 0.0 ], [ 12.642389400022088, 13.293109900028711, 0.0 ], [ 12.6423894, 13.2931099, 0.0 ], [ 12.6429015, 13.29142, 0.0 ], [ 12.643258936158434, 13.290671092475188, 0.0 ], [ 12.643976899373616, 13.289166800403699, 0.0 ], [ 12.643720899259282, 13.288552300844193, 0.0 ], [ 12.64372090023549, 13.288552300565268, 0.0 ], [ 12.6437209, 13.2885523, 0.0 ], [ 12.6455132, 13.2880402, 0.0 ], [ 12.648176, 13.28676, 0.0 ], [ 12.6514021, 13.2870161, 0.0 ], [ 12.6526823, 13.2879378, 0.0 ], [ 12.6530408, 13.2891668, 0.0 ], [ 12.6536553, 13.2903446, 0.0 ], [ 12.6541162, 13.2908055, 0.0 ], [ 12.655294, 13.2910615, 0.0 ], [ 12.6566254, 13.2909591, 0.0 ], [ 12.6575983, 13.2903446, 0.0 ], [ 12.6587761, 13.2898325, 0.0 ], [ 12.6609269, 13.2886547, 0.0 ], [ 12.6634361, 13.2872209, 0.0 ], [ 12.665125999697839, 13.285326200338782, 0.0 ], [ 12.665670909294127, 13.283146562823493, 0.0 ], [ 12.665676905327059, 13.283122578691767, 0.0 ], [ 12.665689299876865, 13.283073000492537, 0.0 ], [ 12.665586799648457, 13.281844000496225, 0.0 ], [ 12.665824299833622, 13.281190904444502, 0.0 ], [ 12.6662013, 13.2801542, 0.0 ], [ 12.666055878893092, 13.279136081836279, 0.0 ], [ 12.665945299992929, 13.278361900177574, 0.0 ], [ 12.665807454722472, 13.277569155039684, 0.0 ], [ 12.6657405, 13.2771841, 0.0 ], [ 12.6666622, 13.2751357, 0.0 ], [ 12.6680961, 13.2737531, 0.0 ], [ 12.6692739, 13.2730362, 0.0 ], [ 12.6714246, 13.2737019, 0.0 ], [ 12.6728584, 13.2746749, 0.0 ], [ 12.6728584, 13.2752894, 0.0 ], [ 12.672477140344153, 13.275837440396304, 0.0 ], [ 12.672039100126009, 13.27646710022052, 0.0 ], [ 12.6726536, 13.2775425, 0.0 ], [ 12.6735754, 13.2772865, 0.0 ], [ 12.674441532380449, 13.276179707423573, 0.0 ], [ 12.674497099917815, 13.276108700052401, 0.0 ], [ 12.674625222001632, 13.275749908347773, 0.0 ], [ 12.6747531, 13.2753918, 0.0 ], [ 12.6756237, 13.2755454, 0.0 ], [ 12.6765967, 13.2762111, 0.0 ], [ 12.6769039, 13.2772865, 0.0 ], [ 12.676754887883236, 13.278161877990302, 0.0 ], [ 12.676494200103891, 13.279693300600215, 0.0 ], [ 12.6769551, 13.2823561, 0.0 ], [ 12.6792083, 13.2846093, 0.0 ], [ 12.6807957, 13.2858895, 0.0 ], [ 12.6827929, 13.2888084, 0.0 ], [ 12.6844831, 13.2912086, 0.0 ], [ 12.686255, 13.2917876, 0.0 ], [ 12.6870496, 13.2923676, 0.0 ], [ 12.6873775, 13.2941641, 0.0 ], [ 12.687135, 13.2949791, 0.0 ], [ 12.687134999453924, 13.294979100070034, 0.0 ], [ 12.687134999236532, 13.294979100800653, 0.0 ], [ 12.686638300073266, 13.295042800680546, 0.0 ], [ 12.686109999632556, 13.294448200419923, 0.0 ], [ 12.685407899810578, 13.294087900532013, 0.0 ], [ 12.684912299995924, 13.294239500033294, 0.0 ], [ 12.6848227, 13.2949713, 0.0 ], [ 12.685197, 13.2961359, 0.0 ], [ 12.6855224, 13.2966377, 0.0 ], [ 12.6865316, 13.2969095, 0.0 ], [ 12.6880135, 13.2968753, 0.0 ], [ 12.688949099040547, 13.297215588060572, 0.0 ], [ 12.688982400073275, 13.297227699994169, 0.0 ], [ 12.689047125766052, 13.297332774490121, 0.0 ], [ 12.6898464, 13.2986303, 0.0 ], [ 12.6907885, 13.3002997, 0.0 ], [ 12.6916944, 13.3028031, 0.0 ], [ 12.691298, 13.304063, 0.0 ], [ 12.691297999837658, 13.304063000232818, 0.0 ], [ 12.691297999658387, 13.304063000802609, 0.0 ], [ 12.690619400020818, 13.305036200356144, 0.0 ], [ 12.689869699982273, 13.306593800059606, 0.0 ], [ 12.688888699709429, 13.30681200076903, 0.0 ], [ 12.687888900008524, 13.30728370057815, 0.0 ], [ 12.687864188980743, 13.307646417808153, 0.0 ], [ 12.6877751, 13.3089541, 0.0 ], [ 12.6872843, 13.310081, 0.0 ], [ 12.68593986374365, 13.311460759597207, 0.0 ], [ 12.685845599850518, 13.31155750017432, 0.0 ], [ 12.684276999899687, 13.313259900337872, 0.0 ], [ 12.6837797, 13.3149349, 0.0 ], [ 12.683779699735728, 13.314934900500276, 0.0 ], [ 12.683779699729543, 13.314934900521115, 0.0 ], [ 12.682986899681932, 13.316435700842773, 0.0 ], [ 12.682907947549165, 13.316632108214119, 0.0 ], [ 12.681936, 13.31905, 0.0 ], [ 12.6817783, 13.3205997, 0.0 ], [ 12.6822375, 13.3209799, 0.0 ], [ 12.6832937, 13.321065, 0.0 ], [ 12.6837997, 13.3211239, 0.0 ], [ 12.684449279087895, 13.320594055688794, 0.0 ], [ 12.684615099763203, 13.320458800029423, 0.0 ], [ 12.684720099209375, 13.319133300057615, 0.0 ], [ 12.684740999453714, 13.317974700767644, 0.0 ], [ 12.684740999989055, 13.317974700606802, 0.0 ], [ 12.684741, 13.3179747, 0.0 ], [ 12.685297419523126, 13.31780752502655, 0.0 ], [ 12.68536639969569, 13.317786800016611, 0.0 ], [ 12.685366399788659, 13.317786800063496, 0.0 ], [ 12.6853664, 13.3177868, 0.0 ], [ 12.6866061, 13.318412, 0.0 ], [ 12.6874673, 13.3188692, 0.0 ], [ 12.6871488, 13.3197827, 0.0 ], [ 12.68673, 13.3202068, 0.0 ], [ 12.6870085, 13.3206599, 0.0 ], [ 12.6878574, 13.3205387, 0.0 ], [ 12.69147169936867, 13.319773100133732, 0.0 ], [ 12.692223777312931, 13.319232132823656, 0.0 ], [ 12.692223778352385, 13.319232132075978, 0.0 ], [ 12.693316, 13.3184465, 0.0 ], [ 12.6954519, 13.3187006, 0.0 ], [ 12.6978515, 13.3206265, 0.0 ], [ 12.6986276, 13.3209573, 0.0 ], [ 12.6995388, 13.3207965, 0.0 ], [ 12.7003785, 13.3206715, 0.0 ], [ 12.701254, 13.3205821, 0.0 ], [ 12.7019865, 13.3202069, 0.0 ], [ 12.703004899244194, 13.319599500450783, 0.0 ], [ 12.703415799454165, 13.318831200694991, 0.0 ], [ 12.703916099502884, 13.31811650047176, 0.0 ], [ 12.704827299794481, 13.317205300180129, 0.0 ], [ 12.70482729998799, 13.317205300012009, 0.0 ], [ 12.7048273, 13.3172053, 0.0 ], [ 12.7059172, 13.3162584, 0.0 ], [ 12.706052054870032, 13.316042589933694, 0.0 ], [ 12.706363799603947, 13.315543700177235, 0.0 ], [ 12.70657433826899, 13.314731840200155, 0.0 ], [ 12.706614, 13.3145789, 0.0 ], [ 12.706623851005082, 13.314509929177152, 0.0 ], [ 12.706756899565464, 13.313578400018761, 0.0 ], [ 12.706756899565457, 13.312756500607652, 0.0 ], [ 12.706328099216625, 13.311881000703258, 0.0 ], [ 12.706238799235424, 13.310666100255983, 0.0 ], [ 12.706560399497047, 13.309969300138695, 0.0 ], [ 12.706922256816656, 13.309607443183344, 0.0 ], [ 12.7074537, 13.309076, 0.0 ], [ 12.708758, 13.3077181, 0.0 ], [ 12.708926040357042, 13.307625836401856, 0.0 ], [ 12.709669199327987, 13.30721780005705, 0.0 ], [ 12.709710105100731, 13.307212479481464, 0.0 ], [ 12.709710105329401, 13.307212479451721, 0.0 ], [ 12.7108009, 13.3070706, 0.0 ], [ 12.7118846, 13.3068784, 0.0 ], [ 12.7124206, 13.3069141, 0.0 ], [ 12.7134926, 13.3070034, 0.0 ], [ 12.7141716, 13.3069141, 0.0 ], [ 12.7147076, 13.3067176, 0.0 ], [ 12.7152436, 13.3068784, 0.0 ], [ 12.7163692, 13.3073429, 0.0 ], [ 12.7175126, 13.3079861, 0.0 ], [ 12.7188705, 13.3088794, 0.0 ], [ 12.7195852, 13.3094154, 0.0 ], [ 12.7199604, 13.3100765, 0.0 ], [ 12.7202641, 13.311077, 0.0 ], [ 12.7203899, 13.3118875, 0.0 ], [ 12.7203529, 13.3125523, 0.0 ], [ 12.720330726039231, 13.312951665525828, 0.0 ], [ 12.720324500028662, 13.313063800749321, 0.0 ], [ 12.72018490006613, 13.313532300770591, 0.0 ], [ 12.720074500115176, 13.313855556805612, 0.0 ], [ 12.720074499985346, 13.313855557185763, 0.0 ], [ 12.7199917, 13.314098, 0.0 ], [ 12.719952454249624, 13.314146764309235, 0.0 ], [ 12.719616499754723, 13.314564200872672, 0.0 ], [ 12.71928160329151, 13.314980438120633, 0.0 ], [ 12.7191562, 13.3151363, 0.0 ], [ 12.719156199816075, 13.315136300015977, 0.0 ], [ 12.719156199751943, 13.315136300095686, 0.0 ], [ 12.718068299765438, 13.315230800856304, 0.0 ], [ 12.716892000019126, 13.315332900888196, 0.0 ], [ 12.714956999819201, 13.31498000062208, 0.0 ], [ 12.713286299576712, 13.315445400680245, 0.0 ], [ 12.710488599749526, 13.316918300315661, 0.0 ], [ 12.7087907, 13.3190581, 0.0 ], [ 12.708339, 13.32031, 0.0 ], [ 12.707948, 13.3213938, 0.0 ], [ 12.7080989, 13.3223696, 0.0 ], [ 12.7082773, 13.3235227, 0.0 ], [ 12.7088082, 13.3236982, 0.0 ], [ 12.7096406, 13.3239735, 0.0 ], [ 12.7103365, 13.3240805, 0.0 ], [ 12.711167, 13.3242082, 0.0 ], [ 12.7129099, 13.324814, 0.0 ], [ 12.7146214, 13.3240881, 0.0 ], [ 12.7167063, 13.3232039, 0.0 ], [ 12.7180392, 13.3229681, 0.0 ], [ 12.7195978, 13.3226925, 0.0 ], [ 12.725713, 13.3237902, 0.0 ], [ 12.7298675, 13.3265557, 0.0 ], [ 12.7359051, 13.3263749, 0.0 ], [ 12.739227, 13.3264067, 0.0 ], [ 12.7398359, 13.3276773, 0.0 ], [ 12.7403548, 13.3298201, 0.0 ], [ 12.740566528908779, 13.332103038159016, 0.0 ], [ 12.740568000064544, 13.332118900662032, 0.0 ], [ 12.740584298616263, 13.332294721881977, 0.0 ], [ 12.7408231, 13.3348708, 0.0 ], [ 12.740823099955708, 13.334870800023804, 0.0 ], [ 12.740823099957458, 13.334870800042683, 0.0 ], [ 12.739562699649724, 13.335548200648132, 0.0 ], [ 12.739476404149185, 13.335707877197416, 0.0 ], [ 12.739254230732792, 13.336118974928478, 0.0 ], [ 12.738999399853972, 13.336590500746331, 0.0 ], [ 12.73825939990304, 13.337332500789598, 0.0 ], [ 12.737893805583614, 13.337699090107684, 0.0 ], [ 12.7376352, 13.3379584, 0.0 ], [ 12.737635199605009, 13.337958399906311, 0.0 ], [ 12.73763519935666, 13.337958400155337, 0.0 ], [ 12.736391899218587, 13.337663500765304, 0.0 ], [ 12.735705999783942, 13.336770400229124, 0.0 ], [ 12.735468699272957, 13.336461500193439, 0.0 ], [ 12.734340699415741, 13.336241500839975, 0.0 ], [ 12.733652299865827, 13.336107300406956, 0.0 ], [ 12.733310570495048, 13.336549937899235, 0.0 ], [ 12.733310569569523, 13.336549939098056, 0.0 ], [ 12.7331494, 13.3367587, 0.0 ], [ 12.7326443, 13.337413, 0.0 ], [ 12.7327284, 13.3381028, 0.0 ], [ 12.7327771, 13.338502, 0.0 ], [ 12.7330314, 13.3392899, 0.0 ], [ 12.733197, 13.3398028, 0.0 ], [ 12.733197000011399, 13.339802800599299, 0.0 ], [ 12.733197000011399, 13.339802800599301, 0.0 ], [ 12.733197000093625, 13.33980280085397, 0.0 ], [ 12.733199358201395, 13.339926778970343, 0.0 ], [ 12.7332106, 13.3405178, 0.0 ], [ 12.7332267, 13.3413591, 0.0 ], [ 12.7340521, 13.3418657, 0.0 ], [ 12.7346987, 13.3422625, 0.0 ], [ 12.7354164, 13.3427818, 0.0 ], [ 12.7362999, 13.3434211, 0.0 ], [ 12.7366739, 13.3444059, 0.0 ], [ 12.736719230665814, 13.34452529849807, 0.0 ], [ 12.739242214108486, 13.342019993023573, 0.0 ], [ 12.745833332793087, 13.341666667378057, 0.0 ], [ 12.74583333279304, 13.337500000419904, 0.0 ], [ 12.748043823214591, 13.336932712569819, 0.0 ] ] ], [ [ [ 12.583195984893766, 13.11532029263658, 0.0 ], [ 12.583185390794746, 13.115323827427796, 0.0 ], [ 12.582867406294147, 13.116616541392487, 0.0 ], [ 12.583162991975245, 13.117426411077352, 0.0 ], [ 12.582338934284781, 13.117832718072608, 0.0 ], [ 12.582748242248693, 13.118446763845007, 0.0 ], [ 12.583462769689429, 13.118774408110758, 0.0 ], [ 12.5833333331292, 13.116666666929811, 0.0 ], [ 12.583195984893766, 13.11532029263658, 0.0 ] ] ], [ [ [ 12.414575969803044, 12.9745419065231, 0.0 ], [ 12.414053767444379, 12.975090459141235, 0.0 ], [ 12.41364295374523, 12.974769332219218, 0.0 ], [ 12.413996584203026, 12.977503489185381, 0.0 ], [ 12.414322405873675, 12.980022637553073, 0.0 ], [ 12.414380381333077, 12.979966688896681, 0.0 ], [ 12.414638866497418, 12.979145463093014, 0.0 ], [ 12.414919388030262, 12.978594794640758, 0.0 ], [ 12.414891313885175, 12.977803521474327, 0.0 ], [ 12.415374300360899, 12.976358833895913, 0.0 ], [ 12.414597527345746, 12.975646167952283, 0.0 ], [ 12.414859493682625, 12.975079873487756, 0.0 ], [ 12.415165206198035, 12.974478122033261, 0.0 ], [ 12.414852896357003, 12.97443266743937, 0.0 ], [ 12.414575969803044, 12.9745419065231, 0.0 ] ] ] ] } },
{ "type": "Feature", "properties": { "Stra_Catch": "Yedseram (East-Chad)", "State": "Adamawa", "LGA": "Madagali", "Population": 0, "Cleard_TOR": "Cleared", "Status": "Completed", "Start_Date": "2024-01-04T00:00:00", "End_Date": "2024-03-15T00:00:00", "Micr_Catch": "Madagali", "Size_Ha": 63194.688612799997, "Comments": null, "OBJECTID_1": 0, "Shape_Leng": 0.0, "Shape_Area": 0.0, "parent_strategic_name": "Yedseram (East-Chad)", "clipped_to_state": true }, "geometry": { "type": "MultiPolygon", "coordinates": [ [ [ [ 13.329166666298903, 10.795833333127977, 0.0 ], [ 13.32916666629902, 10.800000000086127, 0.0 ], [ 13.324999999342285, 10.800000000086236, 0.0 ], [ 13.324999999342399, 10.804166666145012, 0.0 ], [ 13.293408880717742, 10.803813340500419, 0.0 ], [ 13.285757785098411, 10.796186658774625, 0.0 ], [ 13.276742214689133, 10.795480007483778, 0.0 ], [ 13.273257785127321, 10.792019991816598, 0.0 ], [ 13.266666666444236, 10.791666666171421, 0.0 ], [ 13.267148916618945, 10.79708787310823, 0.0 ], [ 13.267409369748334, 10.797615403325798, 0.0 ], [ 13.267212937060245, 10.79780755778369, 0.0 ], [ 13.26723395429411, 10.798043822652001, 0.0 ], [ 13.270266045551345, 10.801956176623868, 0.0 ], [ 13.271400621251164, 10.806377156568148, 0.0 ], [ 13.27443271160902, 10.810289509640699, 0.0 ], [ 13.275812529768377, 10.815666907164989, 0.0 ], [ 13.275865023231699, 10.8158195629491, 0.0 ], [ 13.282482571119978, 10.817517428373851, 0.0 ], [ 13.283900621222651, 10.823043822601599, 0.0 ], [ 13.285129544781352, 10.824423018859783, 0.0 ], [ 13.285585190058832, 10.82442580734395, 0.0 ], [ 13.28682174788945, 10.82438375900125, 0.0 ], [ 13.287501613071889, 10.825721281820421, 0.0 ], [ 13.28780065834332, 10.825996716643784, 0.0 ], [ 13.288071856266473, 10.826268839431245, 0.0 ], [ 13.288700459704058, 10.826559503720725, 0.0 ], [ 13.289499881506394, 10.828481767615564, 0.0 ], [ 13.290040253243584, 10.829483483926895, 0.0 ], [ 13.290279485061175, 10.830202693529953, 0.0 ], [ 13.291099378537355, 10.831122843531514, 0.0 ], [ 13.291624295599778, 10.837023689540786, 0.0 ], [ 13.292851731698018, 10.837821345973319, 0.0 ], [ 13.291908334994401, 10.840216713445365, 0.0 ], [ 13.292034486187559, 10.841634839884764, 0.0 ], [ 13.292128741277146, 10.841631617337349, 0.0 ], [ 13.292970984955513, 10.841903687005701, 0.0 ], [ 13.292962252857581, 10.843238628757435, 0.0 ], [ 13.293271997606503, 10.843811995380333, 0.0 ], [ 13.293264639812552, 10.844868642922425, 0.0 ], [ 13.29373709739985, 10.845304166444302, 0.0 ], [ 13.294195802794592, 10.846408559270248, 0.0 ], [ 13.295266045494545, 10.847789509565159, 0.0 ], [ 13.295291900032019, 10.849219545244022, 0.0 ], [ 13.295406223463694, 10.849333924066718, 0.0 ], [ 13.295809243889, 10.849698794144079, 0.0 ], [ 13.295789742927857, 10.84915784688704, 0.0 ], [ 13.296756728050159, 10.848879006341868, 0.0 ], [ 13.297166062083701, 10.849685112126478, 0.0 ], [ 13.297451068850622, 10.849948300577591, 0.0 ], [ 13.297176561939738, 10.850493622126695, 0.0 ], [ 13.297469332875139, 10.851299241868219, 0.0 ], [ 13.297846490884236, 10.852397017189331, 0.0 ], [ 13.297492894130727, 10.853468280006549, 0.0 ], [ 13.298051594694327, 10.853726580725443, 0.0 ], [ 13.298326707337903, 10.85426923581535, 0.0 ], [ 13.298710327264304, 10.854622741638799, 0.0 ], [ 13.299452905443339, 10.856444772721972, 0.0 ], [ 13.29890496998687, 10.857535670239143, 0.0 ], [ 13.297011995443535, 10.857524105900945, 0.0 ], [ 13.295916226504504, 10.858370291782453, 0.0 ], [ 13.295955670075795, 10.859482040966954, 0.0 ], [ 13.296776041280307, 10.860239051513139, 0.0 ], [ 13.297210022079351, 10.860673511357652, 0.0 ], [ 13.296522809338256, 10.862419364072775, 0.0 ], [ 13.29710175787387, 10.863492376930154, 0.0 ], [ 13.297097635700984, 10.86402572542721, 0.0 ], [ 13.297133700736856, 10.865050047933464, 0.0 ], [ 13.296854901533848, 10.866191620317526, 0.0 ], [ 13.296879635169249, 10.866872819185469, 0.0 ], [ 13.295858127912618, 10.867380507217545, 0.0 ], [ 13.295629748647521, 10.867906229339798, 0.0 ], [ 13.29563621919945, 10.868264120875462, 0.0 ], [ 13.296907845307924, 10.869437927598479, 0.0 ], [ 13.297179103121987, 10.869710023638454, 0.0 ], [ 13.298831632803088, 10.869952195887279, 0.0 ], [ 13.299375720132966, 10.870158363133097, 0.0 ], [ 13.298567454898974, 10.872932594577438, 0.0 ], [ 13.297497955371327, 10.872406363407261, 0.0 ], [ 13.296382159741409, 10.872156670991977, 0.0 ], [ 13.295867339042134, 10.873246320449711, 0.0 ], [ 13.29573117263384, 10.873516073231679, 0.0 ], [ 13.295751622177562, 10.874647154271873, 0.0 ], [ 13.296932095032162, 10.87500754319333, 0.0 ], [ 13.297275462049074, 10.875683746853428, 0.0 ], [ 13.297272102222527, 10.876344196799829, 0.0 ], [ 13.295789160177344, 10.876723411836133, 0.0 ], [ 13.295833333345302, 10.879166665995726, 0.0 ], [ 13.327424451970087, 10.879519992539695, 0.0 ], [ 13.330908880632458, 10.882980007307426, 0.0 ], [ 13.335304292098865, 10.883215629159775, 0.0 ], [ 13.3357153, 10.8814163, 0.0 ], [ 13.3359327, 10.8790646, 0.0 ], [ 13.3361673, 10.8669089, 0.0 ], [ 13.3363018, 10.8596468, 0.0 ], [ 13.3362492, 10.8561518, 0.0 ], [ 13.3361607, 10.8502712, 0.0 ], [ 13.3363762, 10.8470755, 0.0 ], [ 13.3356009, 10.8416853, 0.0 ], [ 13.3351126, 10.8335381, 0.0 ], [ 13.334856, 10.8287535, 0.0 ], [ 13.334794, 10.8153391, 0.0 ], [ 13.3347816, 10.8127346, 0.0 ], [ 13.3358812, 10.8001461, 0.0 ], [ 13.333008792394612, 10.791749856723477, 0.0 ], [ 13.330017428551329, 10.792517428422666, 0.0 ], [ 13.329166666298903, 10.795833333127977, 0.0 ] ] ], [ [ [ 13.38291189913901, 10.897271400139621, 0.0 ], [ 13.382911899875461, 10.897271399969322, 0.0 ], [ 13.3764588, 10.8956818, 0.0 ], [ 13.37344, 10.8967252, 0.0 ], [ 13.373439999949323, 10.896725200245429, 0.0 ], [ 13.37645879941064, 10.895681800759295, 0.0 ], [ 13.38291189913901, 10.897271400139621, 0.0 ] ] ], [ [ [ 13.388671199976471, 10.895939600005441, 0.0 ], [ 13.38371384330101, 10.897085955920288, 0.0 ], [ 13.388671199788025, 10.895939600416682, 0.0 ], [ 13.388671199976471, 10.895939600005441, 0.0 ] ] ], [ [ [ 13.411274499281722, 10.880290200716024, 0.0 ], [ 13.435745699658284, 10.888865400101185, 0.0 ], [ 13.445200999876629, 10.895093800621227, 0.0 ], [ 13.463367399629183, 10.902822700189668, 0.0 ], [ 13.463670699586299, 10.902829200489325, 0.0 ], [ 13.463722099438503, 10.90282920048932, 0.0 ], [ 13.474943567430291, 10.902803298215414, 0.0 ], [ 13.474943567457832, 10.90280329786404, 0.0 ], [ 13.4637221, 10.9028292, 0.0 ], [ 13.4636707, 10.9028292, 0.0 ], [ 13.4633674, 10.9028227, 0.0 ], [ 13.445201, 10.8950938, 0.0 ], [ 13.4357457, 10.8888654, 0.0 ], [ 13.4112745, 10.8802902, 0.0 ], [ 13.3914112, 10.878321, 0.0 ], [ 13.3831036, 10.8784447, 0.0 ], [ 13.383103599910548, 10.878444700141646, 0.0 ], [ 13.391411199337769, 10.878321000198401, 0.0 ], [ 13.411274499281722, 10.880290200716024, 0.0 ] ] ] ] } },
{ "type": "Feature", "properties": { "Stra_Catch": "Yedseram (East-Chad)", "State": "Adamawa", "LGA": "Michika", "Population": 0, "Cleard_TOR": "Cleared", "Status": "Completed", "Start_Date": "2024-01-04T00:00:00", "End_Date": "2024-03-15T00:00:00", "Micr_Catch": "Michika", "Size_Ha": 66363.422810400007, "Comments": null, "OBJECTID_1": 0, "Shape_Leng": 0.0, "Shape_Area": 0.0, "parent_strategic_name": "Yedseram (East-Chad)", "clipped_to_state": true }, "geometry": { "type": "MultiPolygon", "coordinates": [ [ [ [ 13.228976899678589, 10.460766000838941, 0.0 ], [ 13.230858299385003, 10.461782300401657, 0.0 ], [ 13.234515299854024, 10.463177100331507, 0.0 ], [ 13.237195699534118, 10.47385550011983, 0.0 ], [ 13.238545199713196, 10.48058370066583, 0.0 ], [ 13.239157299881347, 10.486126300676798, 0.0 ], [ 13.246477799320953, 10.503326900504467, 0.0 ], [ 13.247998999863501, 10.507907400394579, 0.0 ], [ 13.248597699234031, 10.511002800327161, 0.0 ], [ 13.248612399552131, 10.511078800234708, 0.0 ], [ 13.250946199616513, 10.523143800833951, 0.0 ], [ 13.252042899469179, 10.535250700847444, 0.0 ], [ 13.252425699495452, 10.537997000149522, 0.0 ], [ 13.252752499596982, 10.540342300457182, 0.0 ], [ 13.2527525, 10.5403423, 0.0 ], [ 13.2524257, 10.537997, 0.0 ], [ 13.2520429, 10.5352507, 0.0 ], [ 13.2509462, 10.5231438, 0.0 ], [ 13.2486124, 10.5110788, 0.0 ], [ 13.2485977, 10.5110028, 0.0 ], [ 13.247999, 10.5079074, 0.0 ], [ 13.2464778, 10.5033269, 0.0 ], [ 13.2391573, 10.4861263, 0.0 ], [ 13.2385452, 10.4805837, 0.0 ], [ 13.2371957, 10.4738555, 0.0 ], [ 13.2345153, 10.4631771, 0.0 ], [ 13.2308583, 10.4617823, 0.0 ], [ 13.2289769, 10.460766, 0.0 ], [ 13.229068449430329, 10.46049278546333, 0.0 ], [ 13.229068448864254, 10.460492785902041, 0.0 ], [ 13.228976899678589, 10.460766000838941, 0.0 ] ] ], [ [ [ 13.237525899115072, 10.555520100460896, 0.0 ], [ 13.232991599198407, 10.55848220018205, 0.0 ], [ 13.231364299339129, 10.567375900765906, 0.0 ], [ 13.229684999779755, 10.575299400135776, 0.0 ], [ 13.229188699915696, 10.577641300394401, 0.0 ], [ 13.232516199579347, 10.588855900268145, 0.0 ], [ 13.239171299630312, 10.600537300444588, 0.0 ], [ 13.254382449800255, 10.609636901709761, 0.0 ], [ 13.25825209946378, 10.611951800723141, 0.0 ], [ 13.260616752569353, 10.616578611201861, 0.0 ], [ 13.26096059936026, 10.61725140031977, 0.0 ], [ 13.264673499889222, 10.62359730086269, 0.0 ], [ 13.265626899069007, 10.625249900450326, 0.0 ], [ 13.267765999507631, 10.629955200160101, 0.0 ], [ 13.272094199093104, 10.640195000586454, 0.0 ], [ 13.279590299256105, 10.657841600297134, 0.0 ], [ 13.27997409932826, 10.658716900552029, 0.0 ], [ 13.280837099555384, 10.660684600101774, 0.0 ], [ 13.283183099822457, 10.66754440024118, 0.0 ], [ 13.287850399577213, 10.67554280054707, 0.0 ], [ 13.291320799715056, 10.681274400280492, 0.0 ], [ 13.293080899763154, 10.683801700275495, 0.0 ], [ 13.293166405504669, 10.683927436289274, 0.0 ], [ 13.293430099318895, 10.684315200573241, 0.0 ], [ 13.29600999976021, 10.6881094007153, 0.0 ], [ 13.297044499802025, 10.689378000581359, 0.0 ], [ 13.300666799930102, 10.693820000379622, 0.0 ], [ 13.304164899186823, 10.69953350035755, 0.0 ], [ 13.306909599493796, 10.705180200492705, 0.0 ], [ 13.308753999292604, 10.711173100045267, 0.0 ], [ 13.311245899272945, 10.713460900686767, 0.0 ], [ 13.31234649948523, 10.716676700056249, 0.0 ], [ 13.314743999429314, 10.723249400625976, 0.0 ], [ 13.317065199092283, 10.729727700259696, 0.0 ], [ 13.319385499433224, 10.737255100428921, 0.0 ], [ 13.320833332384066, 10.743790561871354, 0.0 ], [ 13.320911299108854, 10.744142500762138, 0.0 ], [ 13.322932199852369, 10.753265400763919, 0.0 ], [ 13.322958899824757, 10.758986500013201, 0.0 ], [ 13.325304999916636, 10.765846300152996, 0.0 ], [ 13.325749199356808, 10.767949800029493, 0.0 ], [ 13.32666939916392, 10.770571500060928, 0.0 ], [ 13.328001999282916, 10.775186500642741, 0.0 ], [ 13.32891849927913, 10.778503399998064, 0.0 ], [ 13.332361199398763, 10.78985690016183, 0.0 ], [ 13.333008792210892, 10.791749857955686, 0.0 ], [ 13.333008792767313, 10.791749857812912, 0.0 ], [ 13.3323612, 10.7898569, 0.0 ], [ 13.3289185, 10.7785034, 0.0 ], [ 13.328002, 10.7751865, 0.0 ], [ 13.3266694, 10.7705715, 0.0 ], [ 13.3257492, 10.7679498, 0.0 ], [ 13.325305, 10.7658463, 0.0 ], [ 13.3229589, 10.7589865, 0.0 ], [ 13.3229322, 10.7532654, 0.0 ], [ 13.3209113, 10.7441425, 0.0 ], [ 13.3193855, 10.7372551, 0.0 ], [ 13.3170652, 10.7297277, 0.0 ], [ 13.314744, 10.7232494, 0.0 ], [ 13.3123465, 10.7166767, 0.0 ], [ 13.3112459, 10.7134609, 0.0 ], [ 13.308754, 10.7111731, 0.0 ], [ 13.3069096, 10.7051802, 0.0 ], [ 13.3041649, 10.6995335, 0.0 ], [ 13.3006668, 10.69382, 0.0 ], [ 13.2970445, 10.689378, 0.0 ], [ 13.29601, 10.6881094, 0.0 ], [ 13.2934301, 10.6843152, 0.0 ], [ 13.2930809, 10.6838017, 0.0 ], [ 13.2913208, 10.6812744, 0.0 ], [ 13.2878504, 10.6755428, 0.0 ], [ 13.2831831, 10.6675444, 0.0 ], [ 13.2808371, 10.6606846, 0.0 ], [ 13.2799741, 10.6587169, 0.0 ], [ 13.2795903, 10.6578416, 0.0 ], [ 13.2720942, 10.640195, 0.0 ], [ 13.267766, 10.6299552, 0.0 ], [ 13.2656269, 10.6252499, 0.0 ], [ 13.2646735, 10.6235973, 0.0 ], [ 13.2609606, 10.6172514, 0.0 ], [ 13.2582521, 10.6119518, 0.0 ], [ 13.2391713, 10.6005373, 0.0 ], [ 13.2325162, 10.5888559, 0.0 ], [ 13.2291887, 10.5776413, 0.0 ], [ 13.229685, 10.5752994, 0.0 ], [ 13.2313643, 10.5673759, 0.0 ], [ 13.2329916, 10.5584822, 0.0 ], [ 13.2375259, 10.5555201, 0.0 ], [ 13.2478088, 10.5459504, 0.0 ], [ 13.250287380430981, 10.543138715044403, 0.0 ], [ 13.247808799547096, 10.545950400179025, 0.0 ], [ 13.237525899115072, 10.555520100460896, 0.0 ] ] ] ] } },
{ "type": "Feature", "properties": { "Stra_Catch": "Yedzaram East Chad", "State": "Borno", "LGA": "Mafa", "Population": 0, "Cleard_TOR": "Yes", "Status": "Completed", "Start_Date": "2025-03-01T00:00:00", "End_Date": "2025-04-04T00:00:00", "Micr_Catch": "Mafa", "Size_Ha": 89166.591767299993, "Comments": null, "OBJECTID_1": 0, "Shape_Leng": 0.0, "Shape_Area": 0.0, "parent_strategic_name": "Yedseram (East-Chad)", "clipped_to_state": true }, "geometry": { "type": "Polygon", "coordinates": [ [ [ 13.564710489223568, 11.55359937948562, 0.0 ], [ 13.56028950928123, 11.55473395518586, 0.0 ], [ 13.556377156210381, 11.557766045544719, 0.0 ], [ 13.551956176267963, 11.558900621245014, 0.0 ], [ 13.548043822297775, 11.561932712503138, 0.0 ], [ 13.539456176298323, 11.563067288203584, 0.0 ], [ 13.531377156271128, 11.570266045520698, 0.0 ], [ 13.517881604997941, 11.571400621221258, 0.0 ], [ 13.515815903627441, 11.563350932579155, 0.0 ], [ 13.512499999822753, 11.562500000354525, 0.0 ], [ 13.510289509401888, 11.563067288204662, 0.0 ], [ 13.50637715633092, 11.566099379462781, 0.0 ], [ 13.501956176388378, 11.567233955163056, 0.0 ], [ 13.493877156361055, 11.574432712480153, 0.0 ], [ 13.485289509461973, 11.575567288180576, 0.0 ], [ 13.480385334576258, 11.579368083051497, 0.0 ], [ 13.475664943344905, 11.578309970409887, 0.0 ], [ 13.474432711163075, 11.564456176892202, 0.0 ], [ 13.471400620805412, 11.56054382381963, 0.0 ], [ 13.470266045105607, 11.557586670369801, 0.0 ], [ 13.475264485129486, 11.551137119363664, 0.0 ], [ 13.470833332955184, 11.550000000380964, 0.0 ], [ 13.468408880329731, 11.550353326026492, 0.0 ], [ 13.462856037942229, 11.55587853404861, 0.0 ], [ 13.462146673397218, 11.564212884198792, 0.0 ], [ 13.466652424335411, 11.56875033983772, 0.0 ], [ 13.460786946128513, 11.574645148536339, 0.0 ], [ 13.449604286331288, 11.57524457843231, 0.0 ], [ 13.448978857587957, 11.575855540157511, 0.0 ], [ 13.448723891295533, 11.576676409334315, 0.0 ], [ 13.447722756819749, 11.57701389499455, 0.0 ], [ 13.447103604324564, 11.578324670989398, 0.0 ], [ 13.446810967551121, 11.578594443863967, 0.0 ], [ 13.446083487186856, 11.577869806522701, 0.0 ], [ 13.445696598064204, 11.577534661042906, 0.0 ], [ 13.445178998870764, 11.578083732726785, 0.0 ], [ 13.444710600072034, 11.578204007205013, 0.0 ], [ 13.442025756358465, 11.580875481700339, 0.0 ], [ 13.441313340413602, 11.585048930445993, 0.0 ], [ 13.445677926248459, 11.589427457538282, 0.0 ], [ 13.446461162463109, 11.589399522366948, 0.0 ], [ 13.446457520401614, 11.590209541852749, 0.0 ], [ 13.446881689141728, 11.590635065462676, 0.0 ], [ 13.447579592602132, 11.590846557636677, 0.0 ], [ 13.447577290095762, 11.591332888288921, 0.0 ], [ 13.44964667342783, 11.593408881596563, 0.0 ], [ 13.450353325618082, 11.601712884124202, 0.0 ], [ 13.446186658661631, 11.605908881571644, 0.0 ], [ 13.445986908799744, 11.610812914567909, 0.0 ], [ 13.446797326569431, 11.61133692702103, 0.0 ], [ 13.447376138510489, 11.611602774580485, 0.0 ], [ 13.448044898163269, 11.612267249314252, 0.0 ], [ 13.448471337856537, 11.612658569005401, 0.0 ], [ 13.448946971001869, 11.61445922643364, 0.0 ], [ 13.449339700865291, 11.614820150447422, 0.0 ], [ 13.449334268656635, 11.616029794806693, 0.0 ], [ 13.449380436672046, 11.617315791888437, 0.0 ], [ 13.450217527872971, 11.618856949270059, 0.0 ], [ 13.44994421465905, 11.619399635050849, 0.0 ], [ 13.449689511998807, 11.62023636556475, 0.0 ], [ 13.450246522019668, 11.620747724703628, 0.0 ], [ 13.450536057887394, 11.622101295174534, 0.0 ], [ 13.451633259137981, 11.622605091138217, 0.0 ], [ 13.451920834096171, 11.622891540542117, 0.0 ], [ 13.452761074886986, 11.623415684895626, 0.0 ], [ 13.452465948022843, 11.624002040903468, 0.0 ], [ 13.451946575652093, 11.62450916766625, 0.0 ], [ 13.45142787301539, 11.625058557503348, 0.0 ], [ 13.450414867008949, 11.625400259041879, 0.0 ], [ 13.44869499665049, 11.626729146001228, 0.0 ], [ 13.447869647811631, 11.627007171061104, 0.0 ], [ 13.44761468781407, 11.627828055529436, 0.0 ], [ 13.445417429960436, 11.628127275550852, 0.0 ], [ 13.445153862881378, 11.628407185783177, 0.0 ], [ 13.444583742724896, 11.628690773223273, 0.0 ], [ 13.443682293113532, 11.629645295070196, 0.0 ], [ 13.442429311931082, 11.630067304628001, 0.0 ], [ 13.442150973748713, 11.630362501819516, 0.0 ], [ 13.441070279327388, 11.630899950872131, 0.0 ], [ 13.440807874446728, 11.631455945141315, 0.0 ], [ 13.440256782079828, 11.631453354062401, 0.0 ], [ 13.439992138399449, 11.631733543264675, 0.0 ], [ 13.439715532694663, 11.632003083061017, 0.0 ], [ 13.439456251250656, 11.632553480970426, 0.0 ], [ 13.438905256276376, 11.632827254994961, 0.0 ], [ 13.438375878928603, 11.633652376897867, 0.0 ], [ 13.437001711141425, 11.633938849358726, 0.0 ], [ 13.436480913267314, 11.63530495171454, 0.0 ], [ 13.434832340331653, 11.635595650127446, 0.0 ], [ 13.434581631584521, 11.636687030793205, 0.0 ], [ 13.433998717829637, 11.636977145822007, 0.0 ], [ 13.433073411928534, 11.636972652293879, 0.0 ], [ 13.432648023913112, 11.63698792896359, 0.0 ], [ 13.432688132949126, 11.638097020940895, 0.0 ], [ 13.431014424728547, 11.63808899829616, 0.0 ], [ 13.429904414097752, 11.638674698620612, 0.0 ], [ 13.429009195280477, 11.639621972829879, 0.0 ], [ 13.427755946384718, 11.639220640970146, 0.0 ], [ 13.426934041446243, 11.639788420691147, 0.0 ], [ 13.426963904133949, 11.640590393140014, 0.0 ], [ 13.426040363264161, 11.640901595803619, 0.0 ], [ 13.425063479955909, 11.642244865493797, 0.0 ], [ 13.424786847765608, 11.642514399789727, 0.0 ], [ 13.424348031272761, 11.643442488319607, 0.0 ], [ 13.422886409845184, 11.644169659540754, 0.0 ], [ 13.422916722260053, 11.645000429636733, 0.0 ], [ 13.419503524068386, 11.644984217891524, 0.0 ], [ 13.419315380261624, 11.645158837264971, 0.0 ], [ 13.419088836238803, 11.646406317229557, 0.0 ], [ 13.417976970397682, 11.646401037557816, 0.0 ], [ 13.414710489584165, 11.649432712332809, 0.0 ], [ 13.411025786463078, 11.650378305376517, 0.0 ], [ 13.411011059723245, 11.650409504231735, 0.0 ], [ 13.411475627328009, 11.650835960663979, 0.0 ], [ 13.411871736702851, 11.651611715187746, 0.0 ], [ 13.410698559933193, 11.6520067803764, 0.0 ], [ 13.4098634826089, 11.653306639871914, 0.0 ], [ 13.409178289789333, 11.653303421068733, 0.0 ], [ 13.40866498741981, 11.653321606257219, 0.0 ], [ 13.408242534004701, 11.654678808140405, 0.0 ], [ 13.407965871575637, 11.654948336389584, 0.0 ], [ 13.407329606767627, 11.65593864215764, 0.0 ], [ 13.406304662784317, 11.656623920370338, 0.0 ], [ 13.404666173768344, 11.656616033417249, 0.0 ], [ 13.404619257793422, 11.656569416605356, 0.0 ], [ 13.403315903896859, 11.661649068832817, 0.0 ], [ 13.399999999192762, 11.662500000158348, 0.0 ], [ 13.395077968805779, 11.662937803774193, 0.0 ], [ 13.39504071507136, 11.663011764542695, 0.0 ], [ 13.394286570017245, 11.663008196929855, 0.0 ], [ 13.392566256222389, 11.66316121500178, 0.0 ], [ 13.391666666178727, 11.666666667116695, 0.0 ], [ 13.388350761474614, 11.667517599341545, 0.0 ], [ 13.387499999222133, 11.670833334074917, 0.0 ], [ 13.388067287072735, 11.693877156589295, 0.0 ], [ 13.391198051944716, 11.697916667503904, 0.0 ], [ 13.388294845452121, 11.701662567366828, 0.0 ], [ 13.388393279738663, 11.701888619390513, 0.0 ], [ 13.38806288712575, 11.701999962649603, 0.0 ], [ 13.386932711373593, 11.713246663986158, 0.0 ], [ 13.387542800393254, 11.714033851480478, 0.0 ], [ 13.387756291481814, 11.71370159478713, 0.0 ], [ 13.388857648979798, 11.713154373027404, 0.0 ], [ 13.389936137304993, 11.712585568057786, 0.0 ], [ 13.390350142625168, 11.71258766442249, 0.0 ], [ 13.391352336280189, 11.71255218761509, 0.0 ], [ 13.392954256584909, 11.711446344766156, 0.0 ], [ 13.394038590358397, 11.711451344860684, 0.0 ], [ 13.394861776907309, 11.711422307527995, 0.0 ], [ 13.395410911705193, 11.711424697761005, 0.0 ], [ 13.395959703121068, 11.711405424968936, 0.0 ], [ 13.396682590065152, 11.711408839299859, 0.0 ], [ 13.396192192107177, 11.709223287053112, 0.0 ], [ 13.396194307274566, 11.708679472280332, 0.0 ], [ 13.39871473345195, 11.708691438459093, 0.0 ], [ 13.399500350641405, 11.709473353542863, 0.0 ], [ 13.400309591189645, 11.709444781452383, 0.0 ], [ 13.403290610656095, 11.710504140687393, 0.0 ], [ 13.404183450078603, 11.710472419142077, 0.0 ], [ 13.404731423540232, 11.710740092603295, 0.0 ], [ 13.405346119842894, 11.711022324621803, 0.0 ], [ 13.406948511966705, 11.710965390121945, 0.0 ], [ 13.406944653987241, 11.711803306584738, 0.0 ], [ 13.407757735537604, 11.713300020571985, 0.0 ], [ 13.40901533294193, 11.713681185745385, 0.0 ], [ 13.410822450954365, 11.713616837829647, 0.0 ], [ 13.411370433474827, 11.713884493930493, 0.0 ], [ 13.413013733146206, 11.714174341467492, 0.0 ], [ 13.412489763272564, 11.715214750487513, 0.0 ], [ 13.411974474738312, 11.716868817580615, 0.0 ], [ 13.412733037107975, 11.717564427385968, 0.0 ], [ 13.415827539198846, 11.720828371562883, 0.0 ], [ 13.416433615111673, 11.721106209753192, 0.0 ], [ 13.417223660761216, 11.721891677062654, 0.0 ], [ 13.417834070138117, 11.72217208642844, 0.0 ], [ 13.417829798949951, 11.72298119740783, 0.0 ], [ 13.417840822821953, 11.723269292230505, 0.0 ], [ 13.417300253070394, 11.724343787630506, 0.0 ], [ 13.417862045041208, 11.72460143075249, 0.0 ], [ 13.418408016410464, 11.7251449407623, 0.0 ], [ 13.419289605808652, 11.725953287788361, 0.0 ], [ 13.420352901153285, 11.725915425010086, 0.0 ], [ 13.421180791448982, 11.726449542134919, 0.0 ], [ 13.422006130668745, 11.726420113912734, 0.0 ], [ 13.422294920225974, 11.727514266020778, 0.0 ], [ 13.42258438702796, 11.728045618366123, 0.0 ], [ 13.422864463146794, 11.728593233733088, 0.0 ], [ 13.424642704061714, 11.728530005315605, 0.0 ], [ 13.425070015235869, 11.729365182717698, 0.0 ], [ 13.426386646265861, 11.729610042126819, 0.0 ], [ 13.426699579606799, 11.728252391757744, 0.0 ], [ 13.427014832613427, 11.727711669009965, 0.0 ], [ 13.428625388649271, 11.728498364156822, 0.0 ], [ 13.429732796400602, 11.72900644475005, 0.0 ], [ 13.430026148712811, 11.729578677192416, 0.0 ], [ 13.430789154100802, 11.730279162364699, 0.0 ], [ 13.432250733018632, 11.730601270362476, 0.0 ], [ 13.432768537860888, 11.730052113578955, 0.0 ], [ 13.43361563089706, 11.72977368369283, 0.0 ], [ 13.433603891927898, 11.732257759524398, 0.0 ], [ 13.432812969282162, 11.733030989471469, 0.0 ], [ 13.433375870064632, 11.733289366143193, 0.0 ], [ 13.4339502054482, 11.733860131762555, 0.0 ], [ 13.433942497750687, 11.73532189302496, 0.0 ], [ 13.432299745578776, 11.73574374424993, 0.0 ], [ 13.432346907010356, 11.737015477546032, 0.0 ], [ 13.434579958380157, 11.737691510443501, 0.0 ], [ 13.436249902834208, 11.738900219235848, 0.0 ], [ 13.438412000565149, 11.739163292347463, 0.0 ], [ 13.439002210116183, 11.739451611793845, 0.0 ], [ 13.440144385622887, 11.740586067696334, 0.0 ], [ 13.439817066762975, 11.741576680974255, 0.0 ], [ 13.439858607761634, 11.742695772438532, 0.0 ], [ 13.440398514364224, 11.743190690918775, 0.0 ], [ 13.440394204858199, 11.743991854244202, 0.0 ], [ 13.440974653283247, 11.744807422363593, 0.0 ], [ 13.440607745396228, 11.745536290817892, 0.0 ], [ 13.441509060142323, 11.746362710116166, 0.0 ], [ 13.442682971247779, 11.748068139411219, 0.0 ], [ 13.442677446071896, 11.749394045970087, 0.0 ], [ 13.441865473545812, 11.749390321676119, 0.0 ], [ 13.44102320823856, 11.749971772242326, 0.0 ], [ 13.439407837049165, 11.74996444542009, 0.0 ], [ 13.438870306982643, 11.750621464537662, 0.0 ], [ 13.440076134759611, 11.751374181055638, 0.0 ], [ 13.441307917381124, 11.751939422469006, 0.0 ], [ 13.441652055254401, 11.752931990456512, 0.0 ], [ 13.442210491198292, 11.753443518027064, 0.0 ], [ 13.442500371732365, 11.754797051873725, 0.0 ], [ 13.442795453975906, 11.7553391052245, 0.0 ], [ 13.444155752259471, 11.755290405509983, 0.0 ], [ 13.444585325728946, 11.756525763540212, 0.0 ], [ 13.445025110011361, 11.757728726477993, 0.0 ], [ 13.445023266900511, 11.758147795875898, 0.0 ], [ 13.444208188850581, 11.7585528722856, 0.0 ], [ 13.443670034793024, 11.758837109124274, 0.0 ], [ 13.44310288512666, 11.759119154456181, 0.0 ], [ 13.443147200909246, 11.760341503378129, 0.0 ], [ 13.444019203052827, 11.760741385939813, 0.0 ], [ 13.445087950009647, 11.760703035716478, 0.0 ], [ 13.446174422526104, 11.761233253304175, 0.0 ], [ 13.446450989985234, 11.761223384855063, 0.0 ], [ 13.447512917556782, 11.761227934574025, 0.0 ], [ 13.448962942778762, 11.760621901314963, 0.0 ], [ 13.450287667999811, 11.760627882739358, 0.0 ], [ 13.450826881540287, 11.760343353634108, 0.0 ], [ 13.45192817548325, 11.759795866770421, 0.0 ], [ 13.452459679314188, 11.759232716181298, 0.0 ], [ 13.452735458197381, 11.759507144512412, 0.0 ], [ 13.453020671400177, 11.759767949623122, 0.0 ], [ 13.453314977147565, 11.761391932458553, 0.0 ], [ 13.453911973093438, 11.762230703254899, 0.0 ], [ 13.4544745166511, 11.763327351292025, 0.0 ], [ 13.455653551826083, 11.764408532980312, 0.0 ], [ 13.459114533175207, 11.766853202079922, 0.0 ], [ 13.45945455593918, 11.76751843152292, 0.0 ], [ 13.461391230411103, 11.768023883087761, 0.0 ], [ 13.463049521903471, 11.76922326361786, 0.0 ], [ 13.464711609689713, 11.769595078829084, 0.0 ], [ 13.465256580877655, 11.769733688508598, 0.0 ], [ 13.463739275989532, 11.770489084251709, 0.0 ], [ 13.463378470737771, 11.77205620204251, 0.0 ], [ 13.463110550871702, 11.772866761679291, 0.0 ], [ 13.46270168303117, 11.774181261616961, 0.0 ], [ 13.4636922557318, 11.774480912465023, 0.0 ], [ 13.464540082768522, 11.776366712307924, 0.0 ], [ 13.465118245464565, 11.777428985395352, 0.0 ], [ 13.465673171804742, 11.778513286028804, 0.0 ], [ 13.466242594848465, 11.779034863887562, 0.0 ], [ 13.466234257097998, 11.780839249412979, 0.0 ], [ 13.463986953463829, 11.781957794687091, 0.0 ], [ 13.463553434747007, 11.782875319837927, 0.0 ], [ 13.463281140537337, 11.783415404938584, 0.0 ], [ 13.463052520240097, 11.78585920046778, 0.0 ], [ 13.462780224090457, 11.786399286431068, 0.0 ], [ 13.462520966350455, 11.786949737057176, 0.0 ], [ 13.461143205876803, 11.788048279410292, 0.0 ], [ 13.460449831688964, 11.787358491465607, 0.0 ], [ 13.458579939772605, 11.788140041713442, 0.0 ], [ 13.457596683357485, 11.789490777072981, 0.0 ], [ 13.45765025498139, 11.790946512637358, 0.0 ], [ 13.457647380587067, 11.79163111937539, 0.0 ], [ 13.457099197981405, 11.791628626155017, 0.0 ], [ 13.456834484441961, 11.791908878195279, 0.0 ], [ 13.455464015436984, 11.792466196125147, 0.0 ], [ 13.455200367436326, 11.792746166519356, 0.0 ], [ 13.454923679512618, 11.793015771959269, 0.0 ], [ 13.454590858686002, 11.795254611942225, 0.0 ], [ 13.452775423697741, 11.796158150923141, 0.0 ], [ 13.451010831501311, 11.797088890695637, 0.0 ], [ 13.449486292481684, 11.796345260178205, 0.0 ], [ 13.449177191844598, 11.796999797502664, 0.0 ], [ 13.449522268721571, 11.798240931949808, 0.0 ], [ 13.449910898571501, 11.800052868797547, 0.0 ], [ 13.449534958136381, 11.800421260103686, 0.0 ], [ 13.448593031398145, 11.800417003062826, 0.0 ], [ 13.447890798888938, 11.800442276822615, 0.0 ], [ 13.447285003669956, 11.801723153595812, 0.0 ], [ 13.448490382791624, 11.80282873998233, 0.0 ], [ 13.448838809787331, 11.804143536420673, 0.0 ], [ 13.447876339928428, 11.805591176489104, 0.0 ], [ 13.446060036803452, 11.805583187055374, 0.0 ], [ 13.445009514537615, 11.806694542730048, 0.0 ], [ 13.444439094427713, 11.806978260555262, 0.0 ], [ 13.443908528949342, 11.807803781371607, 0.0 ], [ 13.443198306131613, 11.80780063997571, 0.0 ], [ 13.442514886842464, 11.806467032362594, 0.0 ], [ 13.441962732308795, 11.806486776390157, 0.0 ], [ 13.44139412685716, 11.806484318257791, 0.0 ], [ 13.441399210286541, 11.805269917079269, 0.0 ], [ 13.441384094391868, 11.80486485136743, 0.0 ], [ 13.438684529846729, 11.804368104826445, 0.0 ], [ 13.436547451069822, 11.809352379737641, 0.0 ], [ 13.437190910127324, 11.810537089606491, 0.0 ], [ 13.43625623120581, 11.811451363837875, 0.0 ], [ 13.435039595058599, 11.811445822923693, 0.0 ], [ 13.434083213885936, 11.811480067899614, 0.0 ], [ 13.432412719770932, 11.810271769595705, 0.0 ], [ 13.431565967253311, 11.810718317601536, 0.0 ], [ 13.43048343935056, 11.810713566664372, 0.0 ], [ 13.429959190448768, 11.811268421505721, 0.0 ], [ 13.429412076482384, 11.811802495484619, 0.0 ], [ 13.429442549843348, 11.812629281711503, 0.0 ], [ 13.428863757609204, 11.81319502809508, 0.0 ], [ 13.428917443427292, 11.81466402756085, 0.0 ], [ 13.428912212518521, 11.81593842678005, 0.0 ], [ 13.427847541032996, 11.816977844649459, 0.0 ], [ 13.427588195144946, 11.817528297936825, 0.0 ], [ 13.427309338510033, 11.817799777472805, 0.0 ], [ 13.428163389748937, 11.819137376281763, 0.0 ], [ 13.428160605048854, 11.819697295905964, 0.0 ], [ 13.426045808375784, 11.820749159519334, 0.0 ], [ 13.42490772647945, 11.82162854989526, 0.0 ], [ 13.422271704939806, 11.822093513464244, 0.0 ], [ 13.421371875890667, 11.823045799911313, 0.0 ], [ 13.420806328406295, 11.822769532366914, 0.0 ], [ 13.419872130858231, 11.822518832495646, 0.0 ], [ 13.419451066920685, 11.823889040214981, 0.0 ], [ 13.420557843220156, 11.82439677443779, 0.0 ], [ 13.421251024914945, 11.825404257493277, 0.0 ], [ 13.421693769032295, 11.827116356048172, 0.0 ], [ 13.421159427860399, 11.828180254162564, 0.0 ], [ 13.423105120182932, 11.8284154095199, 0.0 ], [ 13.423628028992297, 11.827308356759174, 0.0 ], [ 13.425290026893038, 11.827315946813821, 0.0 ], [ 13.425277234810162, 11.829985805271223, 0.0 ], [ 13.426428652605109, 11.830798506239921, 0.0 ], [ 13.426705607619546, 11.831340578280155, 0.0 ], [ 13.427391674126133, 11.832303226321191, 0.0 ], [ 13.426968106665448, 11.832716481062738, 0.0 ], [ 13.424789360761386, 11.833800283133582, 0.0 ], [ 13.42428908829655, 11.834380928894063, 0.0 ], [ 13.425243292399268, 11.836136799561514, 0.0 ], [ 13.424728887635029, 11.836639459424557, 0.0 ], [ 13.424309035121023, 11.83708409737663, 0.0 ], [ 13.42269557371616, 11.838161965746352, 0.0 ], [ 13.422433045584336, 11.838515895050612, 0.0 ], [ 13.423849329910642, 11.83951680845694, 0.0 ], [ 13.423841985946973, 11.841258121877296, 0.0 ], [ 13.4238575876829, 11.84169357433832, 0.0 ], [ 13.424693946219771, 11.842459671540993, 0.0 ], [ 13.424967153737091, 11.842768231691176, 0.0 ], [ 13.42436775518485, 11.844588030754814, 0.0 ], [ 13.426583132103186, 11.845836931860132, 0.0 ], [ 13.427255014581579, 11.848377166436393, 0.0 ], [ 13.428093834388365, 11.848761940510965, 0.0 ], [ 13.42891574887947, 11.849162828987964, 0.0 ], [ 13.430024890631161, 11.849410723338211, 0.0 ], [ 13.430851095944298, 11.849944174274885, 0.0 ], [ 13.431632626929312, 11.850302353681247, 0.0 ], [ 13.432028753482241, 11.851443895301157, 0.0 ], [ 13.432810288907742, 11.85180206934897, 0.0 ], [ 13.433082918088514, 11.852073634711367, 0.0 ], [ 13.433515290423971, 11.852470044664381, 0.0 ], [ 13.432682957027582, 11.853283936268406, 0.0 ], [ 13.432021528242727, 11.853984177039051, 0.0 ], [ 13.431195549460266, 11.854262401902739, 0.0 ], [ 13.4304307319087, 11.855072062185664, 0.0 ], [ 13.429593037693635, 11.855488917353332, 0.0 ], [ 13.429264919451045, 11.857693398339769, 0.0 ], [ 13.429622099729022, 11.858349660258501, 0.0 ], [ 13.429187369880658, 11.858565755487293, 0.0 ], [ 13.429481656888699, 11.861874149743089, 0.0 ], [ 13.429950267554423, 11.861857267617189, 0.0 ], [ 13.430223985729734, 11.862129080402235, 0.0 ], [ 13.430582303975257, 11.862456899248244, 0.0 ], [ 13.430073966039412, 11.863999441404246, 0.0 ], [ 13.432099705887872, 11.86425881771412, 0.0 ], [ 13.432502626041222, 11.862966029621136, 0.0 ], [ 13.433582613620262, 11.862602161735655, 0.0 ], [ 13.434589153062264, 11.862606437546328, 0.0 ], [ 13.434940054196391, 11.864530485669967, 0.0 ], [ 13.435538471905453, 11.86616740474102, 0.0 ], [ 13.436879247925066, 11.865806294304932, 0.0 ], [ 13.438001604794282, 11.866070833426948, 0.0 ], [ 13.43799231451921, 11.868146112299938, 0.0 ], [ 13.435821374266176, 11.868529261897375, 0.0 ], [ 13.434733785228527, 11.868822191594932, 0.0 ], [ 13.433535528163816, 11.869106286462083, 0.0 ], [ 13.432794924428686, 11.868032258938587, 0.0 ], [ 13.432528110955852, 11.868315648016061, 0.0 ], [ 13.433729382792473, 11.869865587609004, 0.0 ], [ 13.44095831955609, 11.871720717219299, 0.0 ], [ 13.44211739581421, 11.880494822513855, 0.0 ], [ 13.442344099317989, 11.881147961078506, 0.0 ], [ 13.443462162852667, 11.881936718189245, 0.0 ], [ 13.444157825302856, 11.882946931954226, 0.0 ], [ 13.445164349593172, 11.883408493568345, 0.0 ], [ 13.445158655101642, 11.884659490215546, 0.0 ], [ 13.449432711233641, 11.889456177142593, 0.0 ], [ 13.450567286933525, 11.893877157086804, 0.0 ], [ 13.45347571689854, 11.897141228923433, 0.0 ], [ 13.453786056421185, 11.897283380342392, 0.0 ], [ 13.454034446761977, 11.897768280093125, 0.0 ], [ 13.455691334841443, 11.899627771908877, 0.0 ], [ 13.455831134800297, 11.899635237521483, 0.0 ], [ 13.455790391070048, 11.899738940700946, 0.0 ], [ 13.457766045147395, 11.901956177117281, 0.0 ], [ 13.458491030446114, 11.910106086718381, 0.0 ], [ 13.45851466870087, 11.910127723744129, 0.0 ], [ 13.459578609632352, 11.910089459590733, 0.0 ], [ 13.460293655624962, 11.910437708718659, 0.0 ], [ 13.459869325178973, 11.911723985386743, 0.0 ], [ 13.459922987632609, 11.913168340653336, 0.0 ], [ 13.461285119868577, 11.913579770679211, 0.0 ], [ 13.461557851725077, 11.913851275426691, 0.0 ], [ 13.463491235152389, 11.914085860092111, 0.0 ], [ 13.464448134453257, 11.914391680371688, 0.0 ], [ 13.465170350649297, 11.915439145170572, 0.0 ], [ 13.466554990576197, 11.915389414704464, 0.0 ], [ 13.46736552992558, 11.916193985654283, 0.0 ], [ 13.468476008824622, 11.916702898284404, 0.0 ], [ 13.468617831258289, 11.9172376896814, 0.0 ], [ 13.469696044014093, 11.916402012324003, 0.0 ], [ 13.470134078172881, 11.918108793960483, 0.0 ], [ 13.472086768670669, 11.91831234326472, 0.0 ], [ 13.472081916039579, 11.919586666352421, 0.0 ], [ 13.47239564140448, 11.920982208240069, 0.0 ], [ 13.472062066659438, 11.92164749160882, 0.0 ], [ 13.471123453064122, 11.921963851521827, 0.0 ], [ 13.471289606464117, 11.922611261241503, 0.0 ], [ 13.471877320817033, 11.922880554250035, 0.0 ], [ 13.472424735988547, 11.923147670676283, 0.0 ], [ 13.473259516616684, 11.923399642631141, 0.0 ], [ 13.473532269626665, 11.923671127797668, 0.0 ], [ 13.474367051855319, 11.923923095501623, 0.0 ], [ 13.474923353408133, 11.924731147224458, 0.0 ], [ 13.475209904931667, 11.924993161960902, 0.0 ], [ 13.474793861969415, 11.92625632731024, 0.0 ], [ 13.475792494052378, 11.926878465030294, 0.0 ], [ 13.47470139556143, 11.927944722019554, 0.0 ], [ 13.474723038299921, 11.928543584711159, 0.0 ], [ 13.475275454070029, 11.929048919246135, 0.0 ], [ 13.475586103478726, 11.931626002356301, 0.0 ], [ 13.47508270867127, 11.931876597445909, 0.0 ], [ 13.475185069341418, 11.932651458166575, 0.0 ], [ 13.476719930789265, 11.93335455869591, 0.0 ], [ 13.477316735478778, 11.933947684232704, 0.0 ], [ 13.478617305840972, 11.936481489150612, 0.0 ], [ 13.477649659565875, 11.93696297250991, 0.0 ], [ 13.477608427614724, 11.937100191513181, 0.0 ], [ 13.482482570687257, 11.938350931830593, 0.0 ], [ 13.482839023780974, 11.939740161571889, 0.0 ], [ 13.4828695941241, 11.939749386557084, 0.0 ], [ 13.484196351379961, 11.941066353777003, 0.0 ], [ 13.485093749596995, 11.94133708209943, 0.0 ], [ 13.485271688264843, 11.942164116292542, 0.0 ], [ 13.485543822461612, 11.94223395531321, 0.0 ], [ 13.485832079694019, 11.942457355849486, 0.0 ], [ 13.486014302784721, 11.942361191841554, 0.0 ], [ 13.487410405703955, 11.94326091471104, 0.0 ], [ 13.487874579951594, 11.943748595494148, 0.0 ], [ 13.487708123835787, 11.943911297746617, 0.0 ], [ 13.488670703678277, 11.944657301068805, 0.0 ], [ 13.488711655145615, 11.9445256796026, 0.0 ], [ 13.488988395680776, 11.944255999739386, 0.0 ], [ 13.489254206220107, 11.94397434126155, 0.0 ], [ 13.491960668478358, 11.944933644346726, 0.0 ], [ 13.492273541105694, 11.943927599964915, 0.0 ], [ 13.493415985486399, 11.943634015902923, 0.0 ], [ 13.49433259429521, 11.943637829125082, 0.0 ], [ 13.495156347002236, 11.94360798902011, 0.0 ], [ 13.495568495744704, 11.943609575781114, 0.0 ], [ 13.49637616056542, 11.943580518340767, 0.0 ], [ 13.496943560425905, 11.943884494298949, 0.0 ], [ 13.496385599790113, 11.944995651249531, 0.0 ], [ 13.49646441803424, 11.947101595492613, 0.0 ], [ 13.49572028661426, 11.947829055611569, 0.0 ], [ 13.49778950944633, 11.949432712629578, 0.0 ], [ 13.503315903672089, 11.950850931804816, 0.0 ], [ 13.504166665924773, 11.954166667437505, 0.0 ], [ 13.514710489359587, 11.954733955287178, 0.0 ], [ 13.524062770439304, 11.963067288303701, 0.0 ], [ 13.53654920773374, 11.961833360899426, 0.0 ], [ 13.54109937798593, 11.956377156958562, 0.0 ], [ 13.542517428088084, 11.950850931803343, 0.0 ], [ 13.545833332791997, 11.950000000477843, 0.0 ], [ 13.548043822313609, 11.949432712627695, 0.0 ], [ 13.553420002777658, 11.945266045669333, 0.0 ], [ 13.560543822283597, 11.946400621369172, 0.0 ], [ 13.564456176254106, 11.949432712627047, 0.0 ], [ 13.568877156196645, 11.950567288326932, 0.0 ], [ 13.574253335761723, 11.954733955284867, 0.0 ], [ 13.590762667195419, 11.953522237537619, 0.0 ], [ 13.592517427967961, 11.946684265742554, 0.0 ], [ 13.595833332671777, 11.945833333517665, 0.0 ], [ 13.596188353539441, 11.952453783591386, 0.0 ], [ 13.601742213959735, 11.957980007846988, 0.0 ], [ 13.623257785237191, 11.958686659136962, 0.0 ], [ 13.626742213899304, 11.962146674804005, 0.0 ], [ 13.644091118220212, 11.962853326094125, 0.0 ], [ 13.656616888263519, 11.975353326068573, 0.0 ], [ 13.660757785146469, 11.974646674777485, 0.0 ], [ 13.668408880764179, 11.967019993051153, 0.0 ], [ 13.670833332490162, 11.966666667405592, 0.0 ], [ 13.674999999446349, 11.966666667405395, 0.0 ], [ 13.67831590415001, 11.965815735180486, 0.0 ], [ 13.679166666402315, 11.962500000447047, 0.0 ], [ 13.675708345958734, 11.961612616901325, 0.0 ], [ 13.674291652932919, 11.950887384018198, 0.0 ], [ 13.668622842967819, 11.949432712622524, 0.0 ], [ 13.663155787809627, 11.944873556342746, 0.0 ], [ 13.661932711625472, 11.931122844017285, 0.0 ], [ 13.65890062036868, 11.927210490045489, 0.0 ], [ 13.65776604466893, 11.924253336595674, 0.0 ], [ 13.662034775683855, 11.918745422536459, 0.0 ], [ 13.657373385374802, 11.913155958853901, 0.0 ], [ 13.649999999504988, 11.912500000548384, 0.0 ], [ 13.650567287354288, 11.901956177109675, 0.0 ], [ 13.653599378610766, 11.898043824036922, 0.0 ], [ 13.654733954309956, 11.88945617713452, 0.0 ], [ 13.657766044667047, 11.885543824061708, 0.0 ], [ 13.659184094769055, 11.880017598906484, 0.0 ], [ 13.667233954278645, 11.877951728462538, 0.0 ], [ 13.666099378578032, 11.856122844167086, 0.0 ], [ 13.663067287321207, 11.852210490195233, 0.0 ], [ 13.661649237218663, 11.846684265939459, 0.0 ], [ 13.658333332514918, 11.845833333714864, 0.0 ], [ 13.655908880788958, 11.845480008069527, 0.0 ], [ 13.652083332979744, 11.841681247465406, 0.0 ], [ 13.648257785170889, 11.845480008069876, 0.0 ], [ 13.637499999532441, 11.845833333715809, 0.0 ], [ 13.635075547806453, 11.845480008070464, 0.0 ], [ 13.631591118245066, 11.842019992403424, 0.0 ], [ 13.626742213893699, 11.841313341112739, 0.0 ], [ 13.617024399771662, 11.831621806076848, 0.0 ], [ 13.616666665649632, 11.829166666783603, 0.0 ], [ 13.615815903396928, 11.825850932050297, 0.0 ], [ 13.612499999592417, 11.825000000725012, 0.0 ], [ 13.613117471409614, 11.793673198235119, 0.0 ], [ 13.616049193829218, 11.789660136381642, 0.0 ], [ 13.617284138365514, 11.785339864318694, 0.0 ], [ 13.624382526841849, 11.777160136406259, 0.0 ], [ 13.625617471377998, 11.768673198284537, 0.0 ], [ 13.629784138333971, 11.762969123201389, 0.0 ], [ 13.628358967399338, 11.755126953121364, 0.0 ], [ 13.621759710751833, 11.753240288783562, 0.0 ], [ 13.619674682051308, 11.745947266328631, 0.0 ], [ 13.614660305141403, 11.742284308749433, 0.0 ], [ 13.604854667725391, 11.74085710354848, 0.0 ], [ 13.603480359747023, 11.717505900852725, 0.0 ], [ 13.597993638214247, 11.713117642741318, 0.0 ], [ 13.592593043854553, 11.711573622800962, 0.0 ], [ 13.591049193886283, 11.706173197511635, 0.0 ], [ 13.588117471466356, 11.702160136557783, 0.0 ], [ 13.586132133513916, 11.695215692227215, 0.0 ], [ 13.577006361081398, 11.696450975809061, 0.0 ], [ 13.571302625045394, 11.700617641868067, 0.0 ], [ 13.566393364493376, 11.698311361058046, 0.0 ], [ 13.563117471526471, 11.693826802642601, 0.0 ], [ 13.561882526989423, 11.681173197562824, 0.0 ], [ 13.557715860032756, 11.675469123379342, 0.0 ], [ 13.558950805468545, 11.672839864546017, 0.0 ], [ 13.561882526988908, 11.668826802692603, 0.0 ], [ 13.563117471525073, 11.660339864570888, 0.0 ], [ 13.566049193944746, 11.656326802717418, 0.0 ], [ 13.567284138480906, 11.647839864595699, 0.0 ], [ 13.570215860001248, 11.643826802742288, 0.0 ], [ 13.570833332718927, 11.637500000202326, 0.0 ], [ 13.571400620568475, 11.631122843721709, 0.0 ], [ 13.574432711825002, 11.627210490648974, 0.0 ], [ 13.575708346187076, 11.61755405075618, 0.0 ], [ 13.582482570435142, 11.615815734985214, 0.0 ], [ 13.583333332687555, 11.612500000251837, 0.0 ], [ 13.583686658332569, 11.60590888156662, 0.0 ], [ 13.58714667399812, 11.60242445290303, 0.0 ], [ 13.587499999643311, 11.600000000276644, 0.0 ], [ 13.584245469172501, 11.599233500902342, 0.0 ], [ 13.582803683263219, 11.59489254443246, 0.0 ], [ 13.586970350219287, 11.589748298222272, 0.0 ], [ 13.588029649066254, 11.586559211415322, 0.0 ], [ 13.583862982109745, 11.581414965205527, 0.0 ], [ 13.582803683261913, 11.564418369389355, 0.0 ], [ 13.571362982138863, 11.552248298297894, 0.0 ], [ 13.570833332715242, 11.550000000377285, 0.0 ], [ 13.568622843193713, 11.550567288227434, 0.0 ], [ 13.564710489223568, 11.55359937948562, 0.0 ] ] ] } },
{ "type": "Feature", "properties": { "Stra_Catch": "Yedzaram East Chad", "State": "Borno", "LGA": "Ngala", "Population": 0, "Cleard_TOR": "Yes", "Status": "Studies Ongoing", "Start_Date": "2025-03-01T00:00:00", "End_Date": "2025-12-01T00:00:00", "Micr_Catch": "Gamboru", "Size_Ha": 13820.490093300001, "Comments": null, "OBJECTID_1": 0, "Shape_Leng": 0.0, "Shape_Area": 0.0, "parent_strategic_name": "Yedseram (East-Chad)", "clipped_to_state": true }, "geometry": { "type": "Polygon", "coordinates": [ [ [ 14.174999999072012, 12.409864313223865, 0.0 ], [ 14.174999999072288, 12.412500000411056, 0.0 ], [ 14.175338978732199, 12.412594380662499, 0.0 ], [ 14.175280499416914, 12.412532300461658, 0.0 ], [ 14.175588314869787, 12.410693326272332, 0.0 ], [ 14.175785599146755, 12.409514699979733, 0.0 ], [ 14.176691069029955, 12.4089664203686, 0.0 ], [ 14.1772711, 12.4086152, 0.0 ], [ 14.1832428, 12.4070774, 0.0 ], [ 14.187520999421277, 12.406177900121676, 0.0 ], [ 14.188844483641441, 12.404906148618158, 0.0 ], [ 14.188995283215627, 12.404761243489871, 0.0 ], [ 14.18936299980596, 12.404407900186456, 0.0 ], [ 14.190907998812852, 12.402028500449726, 0.0 ], [ 14.192393498966892, 12.397792100060011, 0.0 ], [ 14.193760098854247, 12.395760800455109, 0.0 ], [ 14.19809779887488, 12.389435000658848, 0.0 ], [ 14.200096699501692, 12.386793500253717, 0.0 ], [ 14.201728998691353, 12.384312100756595, 0.0 ], [ 14.20172899989659, 12.384312100157205, 0.0 ], [ 14.201729, 12.3843121, 0.0 ], [ 14.204941, 12.3827147, 0.0 ], [ 14.207949752740399, 12.381218371576127, 0.0 ], [ 14.210044098845762, 12.380176800351952, 0.0 ], [ 14.217052699006389, 12.377363200283613, 0.0 ], [ 14.22201549889515, 12.374137100078737, 0.0 ], [ 14.22302439883479, 12.371762400645803, 0.0 ], [ 14.22133759892994, 12.368237600516576, 0.0 ], [ 14.222364398975429, 12.364114300666085, 0.0 ], [ 14.222364399902633, 12.364114300390998, 0.0 ], [ 14.2223644, 12.3641143, 0.0 ], [ 14.22671740515295, 12.362822835056571, 0.0 ], [ 14.228313498841221, 12.362349300211017, 0.0 ], [ 14.228313499102624, 12.362349300266237, 0.0 ], [ 14.2283135, 12.3623493, 0.0 ], [ 14.2370178, 12.364188, 0.0 ], [ 14.2432866, 12.3659583, 0.0 ], [ 14.251627499819882, 12.36840469994717, 0.0 ], [ 14.252389032542412, 12.368407161667315, 0.0 ], [ 14.2605679, 12.3684336, 0.0 ], [ 14.2659157, 12.3692677, 0.0 ], [ 14.2707287, 12.3717345, 0.0 ], [ 14.276759175034144, 12.371380129755424, 0.0 ], [ 14.2786315987985, 12.371270100060464, 0.0 ], [ 14.282590885971482, 12.369160308625332, 0.0 ], [ 14.283397099196623, 12.368730700428097, 0.0 ], [ 14.285631299267116, 12.3640294001613, 0.0 ], [ 14.288198199106768, 12.359699400131532, 0.0 ], [ 14.291953499070114, 12.357006200399733, 0.0 ], [ 14.29195349930294, 12.357006200499914, 0.0 ], [ 14.2919535, 12.3570062, 0.0 ], [ 14.295037852361951, 12.358333333540019, 0.0 ], [ 14.295833332654173, 12.358333333539925, 0.0 ], [ 14.294982400429795, 12.355017429734126, 0.0 ], [ 14.291666665699392, 12.354166667481648, 0.0 ], [ 14.289959835195118, 12.354166667481845, 0.0 ], [ 14.287499998745105, 12.354166667482131, 0.0 ], [ 14.28418426401462, 12.353315904330326, 0.0 ], [ 14.28248240046524, 12.346684095819404, 0.0 ], [ 14.276956176214229, 12.345266045717112, 0.0 ], [ 14.271801078788544, 12.341270616871713, 0.0 ], [ 14.270266044874566, 12.335289510129208, 0.0 ], [ 14.267233953618787, 12.331377157056943, 0.0 ], [ 14.266029017658697, 12.313405694344318, 0.0 ], [ 14.260289509292095, 12.311932712752137, 0.0 ], [ 14.243877155357829, 12.296400621520981, 0.0 ], [ 14.23823869391672, 12.294953749046414, 0.0 ], [ 14.236932711032141, 12.286753336727395, 0.0 ], [ 14.241070241750377, 12.281414751519423, 0.0 ], [ 14.241099377985988, 12.28137715715989, 0.0 ], [ 14.241666665835295, 12.279166666738075, 0.0 ], [ 14.239456175415482, 12.279733954588377, 0.0 ], [ 14.233971169792335, 12.284621332838816, 0.0 ], [ 14.231377155392609, 12.286932712805303, 0.0 ], [ 14.231195485144859, 12.286956714811444, 0.0 ], [ 14.222789509397041, 12.288067288506335, 0.0 ], [ 14.217317984611215, 12.292630232731423, 0.0 ], [ 14.216679890439115, 12.293162367881399, 0.0 ], [ 14.22109798805306, 12.298862711676728, 0.0 ], [ 14.213350931178702, 12.30085076288514, 0.0 ], [ 14.211681449519606, 12.307356093441834, 0.0 ], [ 14.207396103531432, 12.308900621499809, 0.0 ], [ 14.198043822455434, 12.30056728848392, 0.0 ], [ 14.195086669007893, 12.299432712784105, 0.0 ], [ 14.18971048944571, 12.303599378843421, 0.0 ], [ 14.185289509505198, 12.30473395454398, 0.0 ], [ 14.183508045163714, 12.306114596447255, 0.0 ], [ 14.181377155536767, 12.307766045802351, 0.0 ], [ 14.176956175596212, 12.308900621502906, 0.0 ], [ 14.175335277111985, 12.31015688986518, 0.0 ], [ 14.171984494002775, 12.312753895412891, 0.0 ], [ 14.171801079070313, 12.312896050349407, 0.0 ], [ 14.171553555066547, 12.313860472519766, 0.0 ], [ 14.170833332107517, 12.31666666667037, 0.0 ], [ 14.170576612536271, 12.321455641102004, 0.0 ], [ 14.170480006463038, 12.323257785355539, 0.0 ], [ 14.165691827935742, 12.328069911934371, 0.0 ], [ 14.164954460300955, 12.328810967689598, 0.0 ], [ 14.163024951362832, 12.328962209376256, 0.0 ], [ 14.155908880418606, 12.3295199931916, 0.0 ], [ 14.152269012935921, 12.333150080550604, 0.0 ], [ 14.14619106630132, 12.339211697301344, 0.0 ], [ 14.145833332179713, 12.341666666622753, 0.0 ], [ 14.145480006534781, 12.344091119249207, 0.0 ], [ 14.144346318466557, 12.345232806788163, 0.0 ], [ 14.142019991769923, 12.347575547912987, 0.0 ], [ 14.141313340480467, 12.356591119224552, 0.0 ], [ 14.137074587468071, 12.360838610953337, 0.0 ], [ 14.134060449378669, 12.363858963360917, 0.0 ], [ 14.131522603036325, 12.366402041062074, 0.0 ], [ 14.130809145676762, 12.367116969713146, 0.0 ], [ 14.128813340516201, 12.369116889273986, 0.0 ], [ 14.128835408080684, 12.370417275677653, 0.0 ], [ 14.128984727017373, 12.379216224590005, 0.0 ], [ 14.129132964968903, 12.387951446642822, 0.0 ], [ 14.129180013001992, 12.390723846069513, 0.0 ], [ 14.129319916936113, 12.398967987023816, 0.0 ], [ 14.12951999181071, 12.410757786083725, 0.0 ], [ 14.132980006576279, 12.414242214746849, 0.0 ], [ 14.133691066343863, 12.419121636694573, 0.0 ], [ 14.143408880463264, 12.428813341701785, 0.0 ], [ 14.1458333321885, 12.429166667346998, 0.0 ], [ 14.14668426441227, 12.425850762641691, 0.0 ], [ 14.153583780406661, 12.424080404025887, 0.0 ], [ 14.161932711257688, 12.414710489934835, 0.0 ], [ 14.163409253264794, 12.408956909871062, 0.0 ], [ 14.173953482289351, 12.408389635509758, 0.0 ], [ 14.174999999071852, 12.408333333452967, 0.0 ], [ 14.174999999072012, 12.409864313223865, 0.0 ] ] ] } },
{ "type": "Feature", "properties": { "Stra_Catch": "Yedzaram East Chad", "State": "Borno", "LGA": "Bama", "Population": 0, "Cleard_TOR": "Yes", "Status": "Studies Ongoing", "Start_Date": "2025-03-01T00:00:00", "End_Date": "2025-12-01T00:00:00", "Micr_Catch": "Bama", "Size_Ha": 73185.765525800001, "Comments": null, "OBJECTID_1": 0, "Shape_Leng": 0.0, "Shape_Area": 0.0, "parent_strategic_name": "Yedseram (East-Chad)", "clipped_to_state": true }, "geometry": { "type": "Polygon", "coordinates": [ [ [ 13.452160304623824, 11.529784309180402, 0.0 ], [ 13.460339694388068, 11.53688235861558, 0.0 ], [ 13.464660304594483, 11.538117642196914, 0.0 ], [ 13.470097859292034, 11.542466566660003, 0.0 ], [ 13.470833332955184, 11.550000000380964, 0.0 ], [ 13.475264485129486, 11.551137119363664, 0.0 ], [ 13.470266045105607, 11.557586670369801, 0.0 ], [ 13.471400620805412, 11.56054382381963, 0.0 ], [ 13.474432711163075, 11.564456176892202, 0.0 ], [ 13.475664943344905, 11.578309970409887, 0.0 ], [ 13.480385334576258, 11.579368083051497, 0.0 ], [ 13.485289509461973, 11.575567288180576, 0.0 ], [ 13.493877156361055, 11.574432712480153, 0.0 ], [ 13.501956176388378, 11.567233955163056, 0.0 ], [ 13.50637715633092, 11.566099379462781, 0.0 ], [ 13.510289509401888, 11.563067288204662, 0.0 ], [ 13.512499999822753, 11.562500000354525, 0.0 ], [ 13.515815903627441, 11.563350932579155, 0.0 ], [ 13.517881604997941, 11.571400621221258, 0.0 ], [ 13.531377156271128, 11.570266045520698, 0.0 ], [ 13.539456176298323, 11.563067288203584, 0.0 ], [ 13.548043822297775, 11.561932712503138, 0.0 ], [ 13.551956176267963, 11.558900621245014, 0.0 ], [ 13.556377156210381, 11.557766045544719, 0.0 ], [ 13.56028950928123, 11.55473395518586, 0.0 ], [ 13.564710489223568, 11.55359937948562, 0.0 ], [ 13.568622843193713, 11.550567288227434, 0.0 ], [ 13.570833332715242, 11.550000000377285, 0.0 ], [ 13.574149237419013, 11.549149069051726, 0.0 ], [ 13.574999999671373, 11.545833333419028, 0.0 ], [ 13.585757784410672, 11.545480007773145, 0.0 ], [ 13.589242213971771, 11.542019993005125, 0.0 ], [ 13.604166665667211, 11.54166666735906, 0.0 ], [ 13.604733953517117, 11.543877156881473, 0.0 ], [ 13.616099377787442, 11.556122843869856, 0.0 ], [ 13.61729024205486, 11.57825741312478, 0.0 ], [ 13.623043823015268, 11.579733955133324, 0.0 ], [ 13.628420002580057, 11.583900621191862, 0.0 ], [ 13.648043822953859, 11.582766045490876, 0.0 ], [ 13.652083332967182, 11.579635450589702, 0.0 ], [ 13.656122842980741, 11.582766045490512, 0.0 ], [ 13.658333332502208, 11.583333333340475, 0.0 ], [ 13.668826971067672, 11.58271569154928, 0.0 ], [ 13.672839693874485, 11.579784309071744, 0.0 ], [ 13.699188909804914, 11.578490363611326, 0.0 ], [ 13.700768363932049, 11.567638312829736, 0.0 ], [ 13.70416666632004, 11.566666667304521, 0.0 ], [ 13.704519991965181, 11.564242214678137, 0.0 ], [ 13.712146673686854, 11.556591119056216, 0.0 ], [ 13.712853324976916, 11.547575548643934, 0.0 ], [ 13.717019991932695, 11.543379551196423, 0.0 ], [ 13.716313340641669, 11.535075548668745, 0.0 ], [ 13.712146673685512, 11.530879551221645, 0.0 ], [ 13.712853324975393, 11.518408881735807, 0.0 ], [ 13.717019991931162, 11.514212884288291, 0.0 ], [ 13.716313340640138, 11.505908881760675, 0.0 ], [ 13.712853324974557, 11.502424452198074, 0.0 ], [ 13.712146673683776, 11.497575548743953, 0.0 ], [ 13.708331976195229, 11.493734063148077, 0.0 ], [ 13.71424221365935, 11.487853326141387, 0.0 ], [ 13.719091118010253, 11.487146674850193, 0.0 ], [ 13.730908880583014, 11.475353326165541, 0.0 ], [ 13.733333332308749, 11.475000000519968, 0.0 ], [ 13.733686658852356, 11.455908881859791, 0.0 ], [ 13.737146673618124, 11.452424452296848, 0.0 ], [ 13.737499999262633, 11.43750000059476, 0.0 ], [ 13.735339693710097, 11.436882358804104, 0.0 ], [ 13.730325316800645, 11.433219401224942, 0.0 ], [ 13.728180270044859, 11.42571716318723, 0.0 ], [ 13.714506360728654, 11.424382358830185, 0.0 ], [ 13.710493637921703, 11.421450975453713, 0.0 ], [ 13.702006360759945, 11.420215691872645, 0.0 ], [ 13.697993637952967, 11.417284309395543, 0.0 ], [ 13.689506360791142, 11.416049024915148, 0.0 ], [ 13.684068806094329, 11.411700100452139, 0.0 ], [ 13.682715860612289, 11.397839864191281, 0.0 ], [ 13.674703300484294, 11.388606432114445, 0.0 ], [ 13.667435030972829, 11.386528354273757, 0.0 ], [ 13.66571824767019, 11.374732632278926, 0.0 ], [ 13.660493638044985, 11.378549024991493, 0.0 ], [ 13.649263169639177, 11.379784308573473, 0.0 ], [ 13.63966030506286, 11.371450975556977, 0.0 ], [ 13.63533969395759, 11.370215691975686, 0.0 ], [ 13.631326971150468, 11.367284308599242, 0.0 ], [ 13.6263678647751, 11.366049025017979, 0.0 ], [ 13.624999999541185, 11.370833333766901, 0.0 ], [ 13.616666665628907, 11.370833333767255, 0.0 ], [ 13.616313339983458, 11.368408882040221, 0.0 ], [ 13.612853325217094, 11.364924452477597, 0.0 ], [ 13.612146673926249, 11.360075548124149, 0.0 ], [ 13.600353325247106, 11.348257785545002, 0.0 ], [ 13.599999999601533, 11.341666666859819, 0.0 ], [ 13.599149237348854, 11.338350932126506, 0.0 ], [ 13.592517427941349, 11.3366490685766, 0.0 ], [ 13.590815903436104, 11.330017599109922, 0.0 ], [ 13.583947414049877, 11.328255039415815, 0.0 ], [ 13.582766044824485, 11.301956177413015, 0.0 ], [ 13.575567287510568, 11.293877157382591, 0.0 ], [ 13.574094305918161, 11.288137648111714, 0.0 ], [ 13.555145602106879, 11.286867269387459, 0.0 ], [ 13.55056728757107, 11.281377157408539, 0.0 ], [ 13.549999999721164, 11.279166666986745, 0.0 ], [ 13.547827147726515, 11.278561571638013, 0.0 ], [ 13.534372965267302, 11.266233486965115, 0.0 ], [ 13.532382879793804, 11.259086778811154, 0.0 ], [ 13.521653238438388, 11.257561409011558, 0.0 ], [ 13.520228406548211, 11.249459330363623, 0.0 ], [ 13.525120713080613, 11.242860582729367, 0.0 ], [ 13.518660480829345, 11.241061571714026, 0.0 ], [ 13.509109496342619, 11.232542589848869, 0.0 ], [ 13.507728406577364, 11.222827318106546, 0.0 ], [ 13.496438259159184, 11.210506016120453, 0.0 ], [ 13.49522840660684, 11.206160652073192, 0.0 ], [ 13.492271592202471, 11.202172682204351, 0.0 ], [ 13.491061739650128, 11.197827318157085, 0.0 ], [ 13.488104925245697, 11.193839349187625, 0.0 ], [ 13.486895073592581, 11.185327318182262, 0.0 ], [ 13.483938259188147, 11.181339349212745, 0.0 ], [ 13.4827284066358, 11.176993985165478, 0.0 ], [ 13.479771592231423, 11.173006016196014, 0.0 ], [ 13.479166665955276, 11.170833334172354, 0.0 ], [ 13.475768364466218, 11.171804979697521, 0.0 ], [ 13.47419738734834, 11.182598199528776, 0.0 ], [ 13.466666665985644, 11.183333334147791, 0.0 ], [ 13.466666665985791, 11.187500000206569, 0.0 ], [ 13.455908880346669, 11.187146674561474, 0.0 ], [ 13.450354342736794, 11.181619941289542, 0.0 ], [ 13.449646673413023, 11.164242215488182, 0.0 ], [ 13.435787624262019, 11.150357734404688, 0.0 ], [ 13.430908880404928, 11.149646674637257, 0.0 ], [ 13.427424451742661, 11.146186659869489, 0.0 ], [ 13.405908880463967, 11.145480007679874, 0.0 ], [ 13.40035569903165, 11.139954630585599, 0.0 ], [ 13.3996466735305, 11.13090888162349, 0.0 ], [ 13.394119601215744, 11.125354004068061, 0.0 ], [ 13.379166666191145, 11.125000000334206, 0.0 ], [ 13.379166666191527, 11.137500000309235, 0.0 ], [ 13.381326971744402, 11.138117473027377, 0.0 ], [ 13.386638386632535, 11.141997613283506, 0.0 ], [ 13.388117471923904, 11.152160305837668, 0.0 ], [ 13.391780598574746, 11.157174513676955, 0.0 ], [ 13.397993638672261, 11.158950975990669, 0.0 ], [ 13.403008015582587, 11.162613932670617, 0.0 ], [ 13.404784138851594, 11.168826802798414, 0.0 ], [ 13.407715860372408, 11.172839864651621, 0.0 ], [ 13.409259711240036, 11.178240289041643, 0.0 ], [ 13.4146603047007, 11.179784308982061, 0.0 ], [ 13.418673027508229, 11.182715691459235, 0.0 ], [ 13.428372530534334, 11.184127468790605, 0.0 ], [ 13.429784138793234, 11.193826802747639, 0.0 ], [ 13.433447265444014, 11.198841180558855, 0.0 ], [ 13.439660304642155, 11.20061764197318, 0.0 ], [ 13.443673027449645, 11.203549025349721, 0.0 ], [ 13.452160304612569, 11.204784308930931, 0.0 ], [ 13.469754366822485, 11.221225993366524, 0.0 ], [ 13.471450804762297, 11.227160136612527, 0.0 ], [ 13.48688252715281, 11.243673197541005, 0.0 ], [ 13.488117471689565, 11.247993469603911, 0.0 ], [ 13.4910491941096, 11.252006531457106, 0.0 ], [ 13.492284138646292, 11.256326802620638, 0.0 ], [ 13.49938252712357, 11.26450653143184, 0.0 ], [ 13.500617471660261, 11.26882680259537, 0.0 ], [ 13.511882527094116, 11.281173197465195, 0.0 ], [ 13.513117471630803, 11.285493469528047, 0.0 ], [ 13.516049194050812, 11.289506531381235, 0.0 ], [ 13.517284138587433, 11.292135790214411, 0.0 ], [ 13.513117471631272, 11.297839864398268, 0.0 ], [ 13.512499999812883, 11.304166666938173, 0.0 ], [ 13.508994546800142, 11.305066257881689, 0.0 ], [ 13.507766045007219, 11.318877157335123, 0.0 ], [ 13.50473395375062, 11.322789510407906, 0.0 ], [ 13.503599378051126, 11.327210490352197, 0.0 ], [ 13.500567287693839, 11.331122843424923, 0.0 ], [ 13.49929165243231, 11.340779283317763, 0.0 ], [ 13.492517428184039, 11.342517599088637, 0.0 ], [ 13.490815903679222, 11.349149068555445, 0.0 ], [ 13.487499999874656, 11.350000000780312, 0.0 ], [ 13.487146673330265, 11.356591119465467, 0.0 ], [ 13.483686658563872, 11.360075548129037, 0.0 ], [ 13.482980007273403, 11.364212884597945, 0.0 ], [ 13.487146673330697, 11.368408882045166, 0.0 ], [ 13.487853325520968, 11.377424452457335, 0.0 ], [ 13.495480007244218, 11.385075548078673, 0.0 ], [ 13.496186658535199, 11.393379550606308, 0.0 ], [ 13.49201999157885, 11.39757554805376, 0.0 ], [ 13.491313340288537, 11.405879550581499, 0.0 ], [ 13.495480007245146, 11.41007554802866, 0.0 ], [ 13.496186658536129, 11.41838226381091, 0.0 ], [ 13.487513901597669, 11.427082656020538, 0.0 ], [ 13.491313340289462, 11.43090888192002, 0.0 ], [ 13.492019991580234, 11.435048929844854, 0.0 ], [ 13.483686658566912, 11.443408881895309, 0.0 ], [ 13.482980007276465, 11.44825778624875, 0.0 ], [ 13.471186658597274, 11.460075548828852, 0.0 ], [ 13.470480007306817, 11.464924452282974, 0.0 ], [ 13.467019991641051, 11.468408881845864, 0.0 ], [ 13.466313340350737, 11.477424452258139, 0.0 ], [ 13.460790336569355, 11.482975261280941, 0.0 ], [ 13.458333332982447, 11.483333333548229, 0.0 ], [ 13.458333332982592, 11.487500000506381, 0.0 ], [ 13.457980007337653, 11.49825778614963, 0.0 ], [ 13.450353325614753, 11.505908881771489, 0.0 ], [ 13.449646673425105, 11.514924452183708, 0.0 ], [ 13.444123670543036, 11.520475261206499, 0.0 ], [ 13.441666666056724, 11.520833333473844, 0.0 ], [ 13.442401800675482, 11.528364054839512, 0.0 ], [ 13.452160304623824, 11.529784309180402, 0.0 ] ] ] } },
{ "type": "Feature", "properties": { "Stra_Catch": "Yedzaram East Chad", "State": "Borno", "LGA": "Askira_Uba", "Population": 0, "Cleard_TOR": "Yes", "Status": "Yet to be awarded", "Start_Date": "2025-03-01T00:00:00", "End_Date": "2025-12-01T00:00:00", "Micr_Catch": "Uba", "Size_Ha": 65539.144272699996, "Comments": null, "OBJECTID_1": 0, "Shape_Leng": 0.0, "Shape_Area": 0.0, "parent_strategic_name": "Yedseram (East-Chad)", "clipped_to_state": true }, "geometry": { "type": "MultiPolygon", "coordinates": [ [ [ [ 13.212124059398835, 10.660057760416153, 0.0 ], [ 13.212364308936884, 10.660935101887949, 0.0 ], [ 13.212340124393613, 10.659913548393643, 0.0 ], [ 13.212124059398835, 10.660057760416153, 0.0 ] ] ], [ [ [ 13.210350351713664, 10.649933217146943, 0.0 ], [ 13.210072431031108, 10.650071207202418, 0.0 ], [ 13.209624731711308, 10.650545565812035, 0.0 ], [ 13.210097451464586, 10.651424068684038, 0.0 ], [ 13.210375833392057, 10.652237526890184, 0.0 ], [ 13.210663171358036, 10.652769651289464, 0.0 ], [ 13.210986992406651, 10.654011184313749, 0.0 ], [ 13.211779732456428, 10.654378451920996, 0.0 ], [ 13.212215805186995, 10.654662313399855, 0.0 ], [ 13.21214667395377, 10.651742214720413, 0.0 ], [ 13.210350351713664, 10.649933217146943, 0.0 ] ] ], [ [ [ 13.207560991365298, 10.64298690859464, 0.0 ], [ 13.20809069654444, 10.645231630783845, 0.0 ], [ 13.208280720092807, 10.645472313227142, 0.0 ], [ 13.207980006996712, 10.643408880804252, 0.0 ], [ 13.207560991365298, 10.64298690859464, 0.0 ] ] ], [ [ [ 13.205017428836818, 10.630017428750486, 0.0 ], [ 13.21054382306283, 10.628599378647442, 0.0 ], [ 13.218622843091042, 10.621400621330462, 0.0 ], [ 13.235543823005175, 10.62026604562997, 0.0 ], [ 13.239583333019249, 10.617135280757008, 0.0 ], [ 13.243622843033403, 10.620266045629798, 0.0 ], [ 13.254166666468812, 10.62083333347962, 0.0 ], [ 13.254166666468713, 10.616666666521523, 0.0 ], [ 13.258333333425551, 10.616666666521429, 0.0 ], [ 13.258333333425449, 10.61249999956333, 0.0 ], [ 13.255078802954211, 10.611733330217085, 0.0 ], [ 13.254382449829615, 10.60963690115562, 0.0 ], [ 13.2391713, 10.6005373, 0.0 ], [ 13.2325162, 10.5888559, 0.0 ], [ 13.2291887, 10.5776413, 0.0 ], [ 13.229685, 10.5752994, 0.0 ], [ 13.2313643, 10.5673759, 0.0 ], [ 13.2329916, 10.5584822, 0.0 ], [ 13.2375259, 10.5555201, 0.0 ], [ 13.2478088, 10.5459504, 0.0 ], [ 13.2527525, 10.5403423, 0.0 ], [ 13.2524257, 10.537997, 0.0 ], [ 13.2520429, 10.5352507, 0.0 ], [ 13.2509462, 10.5231438, 0.0 ], [ 13.2486124, 10.5110788, 0.0 ], [ 13.2485977, 10.5110028, 0.0 ], [ 13.247999, 10.5079074, 0.0 ], [ 13.2464778, 10.5033269, 0.0 ], [ 13.2391573, 10.4861263, 0.0 ], [ 13.2385452, 10.4805837, 0.0 ], [ 13.2371957, 10.4738555, 0.0 ], [ 13.2345153, 10.4631771, 0.0 ], [ 13.2308583, 10.4617823, 0.0 ], [ 13.2289769, 10.460766, 0.0 ], [ 13.2296282, 10.4588223, 0.0 ], [ 13.2281033, 10.4560263, 0.0 ], [ 13.2266491, 10.456205, 0.0 ], [ 13.2260601, 10.4544898, 0.0 ], [ 13.2257076, 10.4532035, 0.0 ], [ 13.224154, 10.4533768, 0.0 ], [ 13.2240481, 10.4529911, 0.0 ], [ 13.2232917, 10.4524716, 0.0 ], [ 13.2235486, 10.451938, 0.0 ], [ 13.2251975, 10.4519734, 0.0 ], [ 13.2267872, 10.4517107, 0.0 ], [ 13.2277318, 10.451862, 0.0 ], [ 13.2281248, 10.4434513, 0.0 ], [ 13.2220283, 10.4428415, 0.0 ], [ 13.219256, 10.4436253, 0.0 ], [ 13.2195612, 10.4462613, 0.0 ], [ 13.2191972, 10.448156, 0.0 ], [ 13.2192041, 10.4486127, 0.0 ], [ 13.2181008, 10.4492926, 0.0 ], [ 13.2153208, 10.4476427, 0.0 ], [ 13.2141192, 10.4477308, 0.0 ], [ 13.2128234, 10.4451936, 0.0 ], [ 13.21053, 10.4425443, 0.0 ], [ 13.2103914, 10.4420014, 0.0 ], [ 13.2120777, 10.4410895, 0.0 ], [ 13.2191002, 10.438489, 0.0 ], [ 13.2185566, 10.4350834, 0.0 ], [ 13.215605, 10.429961, 0.0 ], [ 13.2126348, 10.4251744, 0.0 ], [ 13.2108441, 10.4207674, 0.0 ], [ 13.2067881, 10.4156651, 0.0 ], [ 13.1970723, 10.4089167, 0.0 ], [ 13.1910077, 10.4096592, 0.0 ], [ 13.181124205473415, 10.415663304885166, 0.0 ], [ 13.180925119899122, 10.416084441857528, 0.0 ], [ 13.180648899696459, 10.416353420053406, 0.0 ], [ 13.180385633270575, 10.416632802153982, 0.0 ], [ 13.179841641191826, 10.417163776791654, 0.0 ], [ 13.17959807470093, 10.419078967043951, 0.0 ], [ 13.179055717105658, 10.419892730229181, 0.0 ], [ 13.178784610479223, 10.420465068384598, 0.0 ], [ 13.177155748100319, 10.420453070458695, 0.0 ], [ 13.177144116972402, 10.422062334471223, 0.0 ], [ 13.177454468663672, 10.422349542871611, 0.0 ], [ 13.177728719696349, 10.422892546139497, 0.0 ], [ 13.178819744722452, 10.422856597958647, 0.0 ], [ 13.179102759856033, 10.423415871333958, 0.0 ], [ 13.179659435651216, 10.423673950397038, 0.0 ], [ 13.180025824552807, 10.424398115736183, 0.0 ], [ 13.18190040972827, 10.42473461471241, 0.0 ], [ 13.182962387065478, 10.425801190422879, 0.0 ], [ 13.184065795213622, 10.426052095170276, 0.0 ], [ 13.18436540050568, 10.428489303185298, 0.0 ], [ 13.185008837642997, 10.429084542295572, 0.0 ], [ 13.184441511272565, 10.432660645103297, 0.0 ], [ 13.184432450680399, 10.433898775207103, 0.0 ], [ 13.184514932519216, 10.436310281575039, 0.0 ], [ 13.183802249583625, 10.437006299130696, 0.0 ], [ 13.184222419282804, 10.438234569234245, 0.0 ], [ 13.185067514570299, 10.43849360074976, 0.0 ], [ 13.185600162080112, 10.439028437297432, 0.0 ], [ 13.18589863871696, 10.43930415502197, 0.0 ], [ 13.186438413844062, 10.440370678397898, 0.0 ], [ 13.187455817985278, 10.440336701912956, 0.0 ], [ 13.189189380812554, 10.441141203610385, 0.0 ], [ 13.189475391966633, 10.442239067522234, 0.0 ], [ 13.190301663115065, 10.443004733846244, 0.0 ], [ 13.190315907295668, 10.443429548308004, 0.0 ], [ 13.190309130830249, 10.444357345559625, 0.0 ], [ 13.190597116069483, 10.444646408990389, 0.0 ], [ 13.190902095711488, 10.444928375843364, 0.0 ], [ 13.190889271190231, 10.446758058452787, 0.0 ], [ 13.191297534199471, 10.448607045388046, 0.0 ], [ 13.190653382424426, 10.449236105494656, 0.0 ], [ 13.190672501437819, 10.449785078162806, 0.0 ], [ 13.190669408232363, 10.450191090166948, 0.0 ], [ 13.190692190781959, 10.450853665801475, 0.0 ], [ 13.190417321481206, 10.451144316325651, 0.0 ], [ 13.188241810395386, 10.451874923159572, 0.0 ], [ 13.188230991350952, 10.453297026414468, 0.0 ], [ 13.188771053906207, 10.45430168192196, 0.0 ], [ 13.188284502773474, 10.455771274005956, 0.0 ], [ 13.188645994087567, 10.456442610299048, 0.0 ], [ 13.188303696004825, 10.457121090839035, 0.0 ], [ 13.188326514500583, 10.457786311063929, 0.0 ], [ 13.1875045402243, 10.458219484347843, 0.0 ], [ 13.186681523719665, 10.458495672109359, 0.0 ], [ 13.185871461667299, 10.458782261267366, 0.0 ], [ 13.184337551795819, 10.45917404362466, 0.0 ], [ 13.183983137332088, 10.460701635476354, 0.0 ], [ 13.183168239026731, 10.461106164090221, 0.0 ], [ 13.183444466709537, 10.461791316030341, 0.0 ], [ 13.184001224293553, 10.462049359107091, 0.0 ], [ 13.184282811533029, 10.463133541307368, 0.0 ], [ 13.185305124778189, 10.463777688273712, 0.0 ], [ 13.185674294336954, 10.464463197957468, 0.0 ], [ 13.185669950723955, 10.465014596996507, 0.0 ], [ 13.186248378521784, 10.466090110024009, 0.0 ], [ 13.186227213385317, 10.469046381917792, 0.0 ], [ 13.187374876689097, 10.469398655764353, 0.0 ], [ 13.186662902317748, 10.47038860303846, 0.0 ], [ 13.185478096252629, 10.47069070833899, 0.0 ], [ 13.184284281759572, 10.471515198135508, 0.0 ], [ 13.183851863536912, 10.471529346580187, 0.0 ], [ 13.183464079515257, 10.47152652020684, 0.0 ], [ 13.181956176212397, 10.473462053338102, 0.0 ], [ 13.180559754411377, 10.474154933118424, 0.0 ], [ 13.180983561558465, 10.475328697653529, 0.0 ], [ 13.180056283160747, 10.475640090868964, 0.0 ], [ 13.179273062732538, 10.477293326773411, 0.0 ], [ 13.178737454581917, 10.477817356750418, 0.0 ], [ 13.179036564426326, 10.479170907950081, 0.0 ], [ 13.176910477255129, 10.479541937866868, 0.0 ], [ 13.176592947189357, 10.480556299681959, 0.0 ], [ 13.176316686472989, 10.480825296865511, 0.0 ], [ 13.175977011484983, 10.481542867347205, 0.0 ], [ 13.173075943410634, 10.480602519259033, 0.0 ], [ 13.171309616112714, 10.480958747432776, 0.0 ], [ 13.170592332087221, 10.481717750081701, 0.0 ], [ 13.170316063471677, 10.481986744412277, 0.0 ], [ 13.170056378989164, 10.482536748474876, 0.0 ], [ 13.168979624690865, 10.48325553548659, 0.0 ], [ 13.168972359441884, 10.484307588399869, 0.0 ], [ 13.169004278510032, 10.485254459419888, 0.0 ], [ 13.168449279870302, 10.485529756547763, 0.0 ], [ 13.167935267222814, 10.486073584574118, 0.0 ], [ 13.166863479738149, 10.48660623105431, 0.0 ], [ 13.166553458026934, 10.486907913680954, 0.0 ], [ 13.166198493070508, 10.487283666165458, 0.0 ], [ 13.164942476629875, 10.486663681953136, 0.0 ], [ 13.164384033961026, 10.487161041893446, 0.0 ], [ 13.163843822118311, 10.488302027618253, 0.0 ], [ 13.163301363174968, 10.489115823697819, 0.0 ], [ 13.162779106580395, 10.49048124110212, 0.0 ], [ 13.162501776722298, 10.490751833875112, 0.0 ], [ 13.162789906673027, 10.491287781412538, 0.0 ], [ 13.163071493827786, 10.492371999316896, 0.0 ], [ 13.163354884616586, 10.492633650731822, 0.0 ], [ 13.163689540182247, 10.493611973784079, 0.0 ], [ 13.165010664574455, 10.494225284126435, 0.0 ], [ 13.164751108877555, 10.49478586101646, 0.0 ], [ 13.164474825984762, 10.495054856496507, 0.0 ], [ 13.164078770422378, 10.495473968019025, 0.0 ], [ 13.163665411873525, 10.495877447898252, 0.0 ], [ 13.162882773924848, 10.496705502897571, 0.0 ], [ 13.162056915236379, 10.496699952415296, 0.0 ], [ 13.161498933183525, 10.496993788295638, 0.0 ], [ 13.159519752003659, 10.497339566854327, 0.0 ], [ 13.158816087163952, 10.498083057471078, 0.0 ], [ 13.156859844414873, 10.498148348624973, 0.0 ], [ 13.156099701228106, 10.497385982824586, 0.0 ], [ 13.154944503055708, 10.498157057634963, 0.0 ], [ 13.154334440482211, 10.499749883983741, 0.0 ], [ 13.153055770785238, 10.500076409466265, 0.0 ], [ 13.152518989831993, 10.500359385161012, 0.0 ], [ 13.151695809398884, 10.500635536347296, 0.0 ], [ 13.151445881693936, 10.501998451876348, 0.0 ], [ 13.148730118560621, 10.501431355490874, 0.0 ], [ 13.147804149494444, 10.502410871564347, 0.0 ], [ 13.145982452024896, 10.502875579909746, 0.0 ], [ 13.145390230862104, 10.50476844158206, 0.0 ], [ 13.144642725279244, 10.504793017788343, 0.0 ], [ 13.142591104751022, 10.504681861573888, 0.0 ], [ 13.142725865622428, 10.505093495159194, 0.0 ], [ 13.143770757739714, 10.506938525619567, 0.0 ], [ 13.144413820415522, 10.507492587000023, 0.0 ], [ 13.144690230807171, 10.507790823329293, 0.0 ], [ 13.145470439755981, 10.507734627299561, 0.0 ], [ 13.146322581453765, 10.508024801035395, 0.0 ], [ 13.146874381349084, 10.507984805370073, 0.0 ], [ 13.148866991038222, 10.508076080472176, 0.0 ], [ 13.14934282867816, 10.509066853298615, 0.0 ], [ 13.149634652413551, 10.509318890546973, 0.0 ], [ 13.149900581701132, 10.509871529781215, 0.0 ], [ 13.150192406705013, 10.510123566042228, 0.0 ], [ 13.150469198150372, 10.511488042084599, 0.0 ], [ 13.151034475419932, 10.511736493973585, 0.0 ], [ 13.151488336541714, 10.512680498933845, 0.0 ], [ 13.151037625400793, 10.51308975208708, 0.0 ], [ 13.150515175842795, 10.513806552399716, 0.0 ], [ 13.15138995100877, 10.514189975813826, 0.0 ], [ 13.152072875093578, 10.514926394607006, 0.0 ], [ 13.152481716192533, 10.516177592003096, 0.0 ], [ 13.153834201931051, 10.51657165636942, 0.0 ], [ 13.154227691789892, 10.516995213276353, 0.0 ], [ 13.155505237296495, 10.518094915183577, 0.0 ], [ 13.158770203262467, 10.51785909558394, 0.0 ], [ 13.159307596192313, 10.517939260021732, 0.0 ], [ 13.15877405484432, 10.51894273170376, 0.0 ], [ 13.158530274992778, 10.520043365057232, 0.0 ], [ 13.157971841594733, 10.520306557079538, 0.0 ], [ 13.157478299781433, 10.520867570560053, 0.0 ], [ 13.157196623070226, 10.522568168450597, 0.0 ], [ 13.15800529843826, 10.523994884136387, 0.0 ], [ 13.158307234653996, 10.524919186660442, 0.0 ], [ 13.158854788005117, 10.524879743927478, 0.0 ], [ 13.159131229488926, 10.525177956136057, 0.0 ], [ 13.159969995913821, 10.525422784759467, 0.0 ], [ 13.160288708804369, 10.525765901775785, 0.0 ], [ 13.161827828160407, 10.525336502587574, 0.0 ], [ 13.16214654225762, 10.525679616973902, 0.0 ], [ 13.162703196932144, 10.526158628898886, 0.0 ], [ 13.163012947006651, 10.527106606002601, 0.0 ], [ 13.162986414439699, 10.5276762843736, 0.0 ], [ 13.161746122911863, 10.528479728366413, 0.0 ], [ 13.162274550792548, 10.529878918466983, 0.0 ], [ 13.162205715645241, 10.531355216970207, 0.0 ], [ 13.162281583601379, 10.532389266811089, 0.0 ], [ 13.161970016008343, 10.532975913147201, 0.0 ], [ 13.162048390974327, 10.53403741797359, 0.0 ], [ 13.163496240452833, 10.534922301130493, 0.0 ], [ 13.163101319921372, 10.535666519845261, 0.0 ], [ 13.162850287218076, 10.536225938975697, 0.0 ], [ 13.162556857977428, 10.53649305871828, 0.0 ], [ 13.162889791333207, 10.536779946544259, 0.0 ], [ 13.162852456396926, 10.537578661083558, 0.0 ], [ 13.163145396838964, 10.537831185556774, 0.0 ], [ 13.163433237755513, 10.540007440260398, 0.0 ], [ 13.164272048028975, 10.540252240597194, 0.0 ], [ 13.164556262074635, 10.542157882888086, 0.0 ], [ 13.164884227818712, 10.543027373948467, 0.0 ], [ 13.163761146789019, 10.544048151159977, 0.0 ], [ 13.163440611472423, 10.544762318779352, 0.0 ], [ 13.163531899169364, 10.545987523498104, 0.0 ], [ 13.162935502531054, 10.546528239424404, 0.0 ], [ 13.162456286763051, 10.547598678115342, 0.0 ], [ 13.161920064719391, 10.548085737877903, 0.0 ], [ 13.16376983733802, 10.549215865000733, 0.0 ], [ 13.164118646579121, 10.550283313210908, 0.0 ], [ 13.164957487831463, 10.550528100743605, 0.0 ], [ 13.16522350373846, 10.551080702018718, 0.0 ], [ 13.165645983170345, 10.551826299667001, 0.0 ], [ 13.166346771344459, 10.552133695209207, 0.0 ], [ 13.166644295292707, 10.553041640619382, 0.0 ], [ 13.166616917134833, 10.553626129571603, 0.0 ], [ 13.166770042169968, 10.555710578576747, 0.0 ], [ 13.167836964847105, 10.557178741367814, 0.0 ], [ 13.168607635011652, 10.557516920285217, 0.0 ], [ 13.168870977643492, 10.557870259463895, 0.0 ], [ 13.168277006699892, 10.558986626645288, 0.0 ], [ 13.167797788363366, 10.559422199253197, 0.0 ], [ 13.167415778706051, 10.559855958540467, 0.0 ], [ 13.166406656465265, 10.560772177731701, 0.0 ], [ 13.166740709535334, 10.561060091954213, 0.0 ], [ 13.167285626111202, 10.56200863969487, 0.0 ], [ 13.166697912099712, 10.564301638565087, 0.0 ], [ 13.167690185322636, 10.564590365585692, 0.0 ], [ 13.168792931752908, 10.565779983873332, 0.0 ], [ 13.168717604235113, 10.56740173040186, 0.0 ], [ 13.168798751542065, 10.568504417206995, 0.0 ], [ 13.169369039180973, 10.569509709050369, 0.0 ], [ 13.169032064529674, 10.570825145706246, 0.0 ], [ 13.16907800052298, 10.571456767550268, 0.0 ], [ 13.169035076703588, 10.572391936663244, 0.0 ], [ 13.169909964428122, 10.572926950446162, 0.0 ], [ 13.170176022604762, 10.573479536201059, 0.0 ], [ 13.170467937312102, 10.573731523690928, 0.0 ], [ 13.171041858331774, 10.574924947238229, 0.0 ], [ 13.171001988275629, 10.575769150922612, 0.0 ], [ 13.17188557048765, 10.576156026470848, 0.0 ], [ 13.171859775107217, 10.576697673462327, 0.0 ], [ 13.171883181826269, 10.577006076998615, 0.0 ], [ 13.173187065684374, 10.577577151853687, 0.0 ], [ 13.174287146199804, 10.58029974893253, 0.0 ], [ 13.1752739448947, 10.580732287247365, 0.0 ], [ 13.176045758488629, 10.580676588492132, 0.0 ], [ 13.176823261411318, 10.581513644090283, 0.0 ], [ 13.17767727556417, 10.58145209283779, 0.0 ], [ 13.17804453221615, 10.582925224360473, 0.0 ], [ 13.179902006049689, 10.582790610481762, 0.0 ], [ 13.181061031162741, 10.58339369307925, 0.0 ], [ 13.182086916169938, 10.583319801094751, 0.0 ], [ 13.182448698431847, 10.58407302236041, 0.0 ], [ 13.184563149087374, 10.58437053899687, 0.0 ], [ 13.184908746376724, 10.58542633554884, 0.0 ], [ 13.186496051267685, 10.585698070606986, 0.0 ], [ 13.186765832208669, 10.586521225183823, 0.0 ], [ 13.187878281367837, 10.58676226696603, 0.0 ], [ 13.188145357918701, 10.587386169804832, 0.0 ], [ 13.18726821022709, 10.588182828618308, 0.0 ], [ 13.185974437954906, 10.588123926471766, 0.0 ], [ 13.185324318795544, 10.588171164347555, 0.0 ], [ 13.185723354346157, 10.589226774998668, 0.0 ], [ 13.185993140261649, 10.590049929713709, 0.0 ], [ 13.186558590193354, 10.590298250988193, 0.0 ], [ 13.186828380131136, 10.59112140373046, 0.0 ], [ 13.187120324878951, 10.591373363927977, 0.0 ], [ 13.187403254004783, 10.593162107944247, 0.0 ], [ 13.186587794365282, 10.593545635272799, 0.0 ], [ 13.186363543912401, 10.596070614581787, 0.0 ], [ 13.186924124187337, 10.597059576061424, 0.0 ], [ 13.187212343531877, 10.599235717743552, 0.0 ], [ 13.187620132432061, 10.601010108321255, 0.0 ], [ 13.18837918247837, 10.601662336550913, 0.0 ], [ 13.189074335200285, 10.604448344524844, 0.0 ], [ 13.189924892141262, 10.60561949360129, 0.0 ], [ 13.188420460845609, 10.607594877670003, 0.0 ], [ 13.188169474294984, 10.60815432000209, 0.0 ], [ 13.186947297567055, 10.60967028001372, 0.0 ], [ 13.18819508661784, 10.610033707271073, 0.0 ], [ 13.188457541417913, 10.610315653988399, 0.0 ], [ 13.1887495113364, 10.610567604970086, 0.0 ], [ 13.189026724177687, 10.611931941162485, 0.0 ], [ 13.189621381570147, 10.612751274608472, 0.0 ], [ 13.190306777674014, 10.612701423314123, 0.0 ], [ 13.190667671844265, 10.611895239005465, 0.0 ], [ 13.191064367695988, 10.611363451556622, 0.0 ], [ 13.192586236210131, 10.612155067817255, 0.0 ], [ 13.19424583054057, 10.612388742572712, 0.0 ], [ 13.194786881683708, 10.613038037929565, 0.0 ], [ 13.193705987884243, 10.614019826802512, 0.0 ], [ 13.193597125852538, 10.615517230819171, 0.0 ], [ 13.194008809293178, 10.615379049900751, 0.0 ], [ 13.19427215778634, 10.615099598660887, 0.0 ], [ 13.195889387669466, 10.61481262263529, 0.0 ], [ 13.196223884652055, 10.617785239068901, 0.0 ], [ 13.196509615062366, 10.618048889882731, 0.0 ], [ 13.195360287275273, 10.619497303454818, 0.0 ], [ 13.195803482364278, 10.620726191745046, 0.0 ], [ 13.19519926840071, 10.623198091163692, 0.0 ], [ 13.19579460986353, 10.624845710308493, 0.0 ], [ 13.196880871720591, 10.625349201918718, 0.0 ], [ 13.197166452187203, 10.625913626121127, 0.0 ], [ 13.197156424052618, 10.627367943437598, 0.0 ], [ 13.196655447826023, 10.62941664014784, 0.0 ], [ 13.197240353888393, 10.629674694023389, 0.0 ], [ 13.198169482235457, 10.628690681519059, 0.0 ], [ 13.201438083382696, 10.629197157787154, 0.0 ], [ 13.202129410209073, 10.629890397424466, 0.0 ], [ 13.202695507214967, 10.630413519101905, 0.0 ], [ 13.202994579214584, 10.630713452087706, 0.0 ], [ 13.202978278177381, 10.633110862417583, 0.0 ], [ 13.203843150353732, 10.633911185028877, 0.0 ], [ 13.204289373003343, 10.635622362236482, 0.0 ], [ 13.204166666584275, 10.633333333455733, 0.0 ], [ 13.205017428836818, 10.630017428750486, 0.0 ] ] ], [ [ [ 13.193597125852538, 10.615517230819171, 0.0 ], [ 13.193265027760347, 10.615614174202131, 0.0 ], [ 13.193507603972991, 10.615848276075331, 0.0 ], [ 13.193597125852538, 10.615517230819171, 0.0 ] ] ] ] } },
{ "type": "Feature", "properties": { "Stra_Catch": "Nggada West Chad", "State": "Borno", "LGA": "Konduga", "Population": 0, "Cleard_TOR": "Yes", "Status": "Studies Ongoing", "Start_Date": "2025-03-01T00:00:00", "End_Date": "2025-12-01T00:00:00", "Micr_Catch": "Konduga", "Size_Ha": 62327.943599300001, "Comments": null, "OBJECTID_1": 0, "Shape_Leng": 0.0, "Shape_Area": 0.0, "parent_strategic_name": "Yedseram (East-Chad)", "clipped_to_state": true }, "geometry": { "type": "MultiPolygon", "coordinates": [ [ [ [ 13.388350761474614, 11.667517599341545, 0.0 ], [ 13.391666666178727, 11.666666667116695, 0.0 ], [ 13.392566256222389, 11.66316121500178, 0.0 ], [ 13.394286570017245, 11.663008196929855, 0.0 ], [ 13.393959788867633, 11.663006651035442, 0.0 ], [ 13.392754159505776, 11.663049417809368, 0.0 ], [ 13.392173886457687, 11.662766060878827, 0.0 ], [ 13.390759279628966, 11.662816245445361, 0.0 ], [ 13.390104299397548, 11.66350850947029, 0.0 ], [ 13.387794588695739, 11.663915609753834, 0.0 ], [ 13.387523734115279, 11.664488113567147, 0.0 ], [ 13.385885163476859, 11.664480399688836, 0.0 ], [ 13.385188565710399, 11.664505050553302, 0.0 ], [ 13.384672778659132, 11.66559470044144, 0.0 ], [ 13.384096734348654, 11.666739439650128, 0.0 ], [ 13.385107704872793, 11.667203569761041, 0.0 ], [ 13.385392021545018, 11.667486179690879, 0.0 ], [ 13.385387297913423, 11.668276306588211, 0.0 ], [ 13.385687657068134, 11.668828715621162, 0.0 ], [ 13.385684466289797, 11.669375461211004, 0.0 ], [ 13.384594949902478, 11.669917147621117, 0.0 ], [ 13.384331276791443, 11.670197037732956, 0.0 ], [ 13.382928216465723, 11.671009629649248, 0.0 ], [ 13.387499999222133, 11.670833334074917, 0.0 ], [ 13.388350761474614, 11.667517599341545, 0.0 ] ] ], [ [ [ 13.403315903896859, 11.661649068832817, 0.0 ], [ 13.404619257793422, 11.656569416605356, 0.0 ], [ 13.403867704623421, 11.655822655767228, 0.0 ], [ 13.402631049675298, 11.655866721775686, 0.0 ], [ 13.40139359959776, 11.655860591647318, 0.0 ], [ 13.401109889480015, 11.656159818747181, 0.0 ], [ 13.400614177856456, 11.658313206412741, 0.0 ], [ 13.40004606498322, 11.658868072386444, 0.0 ], [ 13.399019850157925, 11.65886319100079, 0.0 ], [ 13.3976039906439, 11.659171836410579, 0.0 ], [ 13.396913508643504, 11.658834688758011, 0.0 ], [ 13.396236117774261, 11.659191995822018, 0.0 ], [ 13.395382857733084, 11.659616202186598, 0.0 ], [ 13.395451170316486, 11.661501222563304, 0.0 ], [ 13.395448990371744, 11.661907111630324, 0.0 ], [ 13.395459723827937, 11.662179896003126, 0.0 ], [ 13.395077968805779, 11.662937803774193, 0.0 ], [ 13.399999999192762, 11.662500000158348, 0.0 ], [ 13.403315903896859, 11.661649068832817, 0.0 ] ] ], [ [ [ 13.417976970397682, 11.646401037557816, 0.0 ], [ 13.417263863469243, 11.646397651384447, 0.0 ], [ 13.415802169617292, 11.646716311001825, 0.0 ], [ 13.413686229285478, 11.647089404521305, 0.0 ], [ 13.412817854529342, 11.648926675861201, 0.0 ], [ 13.411501777362089, 11.649369910354142, 0.0 ], [ 13.411025786463078, 11.650378305376517, 0.0 ], [ 13.414710489584165, 11.649432712332809, 0.0 ], [ 13.417976970397682, 11.646401037557816, 0.0 ] ] ], [ [ [ 13.419347226188052, 11.644983475519922, 0.0 ], [ 13.419315380261624, 11.645158837264971, 0.0 ], [ 13.419503524068386, 11.644984217891524, 0.0 ], [ 13.419347226188052, 11.644983475519922, 0.0 ] ] ], [ [ [ 13.450353325618082, 11.601712884124202, 0.0 ], [ 13.44964667342783, 11.593408881596563, 0.0 ], [ 13.447577290095762, 11.591332888288921, 0.0 ], [ 13.44757071807925, 11.592721016078004, 0.0 ], [ 13.446226434741639, 11.594744197945307, 0.0 ], [ 13.446792363930207, 11.59629591664579, 0.0 ], [ 13.44489871686361, 11.596934372605311, 0.0 ], [ 13.444951941208179, 11.598398613642081, 0.0 ], [ 13.444378158328101, 11.600138580750563, 0.0 ], [ 13.446083266196966, 11.600520509161973, 0.0 ], [ 13.446638498961176, 11.601328895018193, 0.0 ], [ 13.446987672146298, 11.60164875601558, 0.0 ], [ 13.446393603078523, 11.603798302549967, 0.0 ], [ 13.446422067014534, 11.60457887633495, 0.0 ], [ 13.44587112886831, 11.604852641431263, 0.0 ], [ 13.445071730668195, 11.605952468747061, 0.0 ], [ 13.444018424396994, 11.6066567188213, 0.0 ], [ 13.443725671367755, 11.607596548014914, 0.0 ], [ 13.443306589718253, 11.608006198096184, 0.0 ], [ 13.443738458745209, 11.608402729743524, 0.0 ], [ 13.444069569008882, 11.60873211925596, 0.0 ], [ 13.445273319238996, 11.610482461802423, 0.0 ], [ 13.445971992632208, 11.610803269841652, 0.0 ], [ 13.445986908799744, 11.610812914567909, 0.0 ], [ 13.446186658661631, 11.605908881571644, 0.0 ], [ 13.450353325618082, 11.601712884124202, 0.0 ] ] ], [ [ [ 13.446456186900926, 11.590506121562761, 0.0 ], [ 13.446881689141728, 11.590635065462676, 0.0 ], [ 13.446457520401614, 11.590209541852749, 0.0 ], [ 13.446456186900926, 11.590506121562761, 0.0 ] ] ], [ [ [ 13.442025756358465, 11.580875481700339, 0.0 ], [ 13.444710600072034, 11.578204007205013, 0.0 ], [ 13.44401004789413, 11.578383893549507, 0.0 ], [ 13.442243170799166, 11.58025448617861, 0.0 ], [ 13.439700770730148, 11.580600587482948, 0.0 ], [ 13.438920629274239, 11.581426623469504, 0.0 ], [ 13.438347446132457, 11.581986848715205, 0.0 ], [ 13.438415751071588, 11.583866748023839, 0.0 ], [ 13.438411308292949, 11.584670559540513, 0.0 ], [ 13.438849623748085, 11.585478134275792, 0.0 ], [ 13.439265521595816, 11.586291336050616, 0.0 ], [ 13.439663623742591, 11.586656965687999, 0.0 ], [ 13.441563354656648, 11.587082726032056, 0.0 ], [ 13.442710723655212, 11.587041822994793, 0.0 ], [ 13.4432703028506, 11.58704457275271, 0.0 ], [ 13.443948361270269, 11.588369472356217, 0.0 ], [ 13.444532459918017, 11.588905024713641, 0.0 ], [ 13.445079173860542, 11.589448812846209, 0.0 ], [ 13.445677926248459, 11.589427457538282, 0.0 ], [ 13.441313340413602, 11.585048930445993, 0.0 ], [ 13.442025756358465, 11.580875481700339, 0.0 ] ] ], [ [ [ 13.466652424335411, 11.56875033983772, 0.0 ], [ 13.462146673397218, 11.564212884198792, 0.0 ], [ 13.462856037942229, 11.55587853404861, 0.0 ], [ 13.468408880329731, 11.550353326026492, 0.0 ], [ 13.470833332955184, 11.550000000380964, 0.0 ], [ 13.470097859292034, 11.542466566660003, 0.0 ], [ 13.464660304594483, 11.538117642196914, 0.0 ], [ 13.460339694388068, 11.53688235861558, 0.0 ], [ 13.452160304623824, 11.529784309180402, 0.0 ], [ 13.442401800675482, 11.528364054839512, 0.0 ], [ 13.441666666056724, 11.520833333473844, 0.0 ], [ 13.427031792461412, 11.520190599699134, 0.0 ], [ 13.422968206696918, 11.517309401190788, 0.0 ], [ 13.418698458548013, 11.516023932741296, 0.0 ], [ 13.410421413201307, 11.508936055537774, 0.0 ], [ 13.404987249847334, 11.512789239515236, 0.0 ], [ 13.404174325699575, 11.52075843792524, 0.0 ], [ 13.404380855937381, 11.521024619091515, 0.0 ], [ 13.405051189955365, 11.521332577002383, 0.0 ], [ 13.40532757762249, 11.521874804347803, 0.0 ], [ 13.40561243736177, 11.522135764169935, 0.0 ], [ 13.40645032801579, 11.523497023622442, 0.0 ], [ 13.405389445716491, 11.524534363994231, 0.0 ], [ 13.405110369783031, 11.525124919694164, 0.0 ], [ 13.404838006629781, 11.525664905420857, 0.0 ], [ 13.404576776963914, 11.528085491062649, 0.0 ], [ 13.405094351964694, 11.528561431746429, 0.0 ], [ 13.406571018229739, 11.528892806734289, 0.0 ], [ 13.407662879134429, 11.529426602131434, 0.0 ], [ 13.407655933995239, 11.530765540732983, 0.0 ], [ 13.40768600970447, 11.531592903414282, 0.0 ], [ 13.408786017803441, 11.532098558990425, 0.0 ], [ 13.409067071326124, 11.532937694931995, 0.0 ], [ 13.408534889678538, 11.533996609678896, 0.0 ], [ 13.408545881591543, 11.534288412348833, 0.0 ], [ 13.409703937238696, 11.535352542543849, 0.0 ], [ 13.411027892688226, 11.535305718024906, 0.0 ], [ 13.412023626565158, 11.535310650129651, 0.0 ], [ 13.412454870533162, 11.537322232957026, 0.0 ], [ 13.41451041337727, 11.536769099054668, 0.0 ], [ 13.41489582106024, 11.537152695923567, 0.0 ], [ 13.416379310425802, 11.536753847284135, 0.0 ], [ 13.416802061020967, 11.536305626434499, 0.0 ], [ 13.419274150234404, 11.535731058020309, 0.0 ], [ 13.419185717085981, 11.533302354893454, 0.0 ], [ 13.420887216737828, 11.532865822181542, 0.0 ], [ 13.421818190194726, 11.533321414288947, 0.0 ], [ 13.422269402583499, 11.53462084361297, 0.0 ], [ 13.424156748862469, 11.534554006208467, 0.0 ], [ 13.424752915935111, 11.534845328782204, 0.0 ], [ 13.424748373440918, 11.535648627667312, 0.0 ], [ 13.425892645385137, 11.537538566181354, 0.0 ], [ 13.425885767539164, 11.538875359518475, 0.0 ], [ 13.425922003677268, 11.539886239439817, 0.0 ], [ 13.427038311596833, 11.541290163812587, 0.0 ], [ 13.427332347956392, 11.542951310916964, 0.0 ], [ 13.426808572870206, 11.544540402494542, 0.0 ], [ 13.426555756999667, 11.545503118315727, 0.0 ], [ 13.427417263098569, 11.545899758633288, 0.0 ], [ 13.428204577052666, 11.54587187152138, 0.0 ], [ 13.428500405399198, 11.545873163018467, 0.0 ], [ 13.429324193099387, 11.547483400202102, 0.0 ], [ 13.430847678024952, 11.549286112030568, 0.0 ], [ 13.430197070737401, 11.551259471393095, 0.0 ], [ 13.431326981689471, 11.552296676502257, 0.0 ], [ 13.43132093233503, 11.553614688113591, 0.0 ], [ 13.431639072237648, 11.554488078578906, 0.0 ], [ 13.432959860272113, 11.554441171027834, 0.0 ], [ 13.434009084091848, 11.554777304928841, 0.0 ], [ 13.434389524171891, 11.555522646254062, 0.0 ], [ 13.434689760744565, 11.556075280046727, 0.0 ], [ 13.43584063761762, 11.556604309317752, 0.0 ], [ 13.438283333053866, 11.55715210229739, 0.0 ], [ 13.438276100641309, 11.558732222458344, 0.0 ], [ 13.43968580430003, 11.558682064856413, 0.0 ], [ 13.440463794686229, 11.557858196262599, 0.0 ], [ 13.44184296115937, 11.558114722073645, 0.0 ], [ 13.442393565373111, 11.557824089828811, 0.0 ], [ 13.443973513738692, 11.557831804005829, 0.0 ], [ 13.44520027027672, 11.557396300999557, 0.0 ], [ 13.447023947284496, 11.558449180296678, 0.0 ], [ 13.447397878375517, 11.561695890656827, 0.0 ], [ 13.448234423303665, 11.562068780031906, 0.0 ], [ 13.449061920653634, 11.561191819342522, 0.0 ], [ 13.449858447531632, 11.562083967057228, 0.0 ], [ 13.448189711806064, 11.564595601851018, 0.0 ], [ 13.447438197893728, 11.56533030688937, 0.0 ], [ 13.447736208513039, 11.56560420427911, 0.0 ], [ 13.447730823614556, 11.566686765397915, 0.0 ], [ 13.446896879322161, 11.566682679812372, 0.0 ], [ 13.446940914091645, 11.567908213772597, 0.0 ], [ 13.446935069944701, 11.569097260305497, 0.0 ], [ 13.447240863129544, 11.569659557479012, 0.0 ], [ 13.447528458556926, 11.570223190779847, 0.0 ], [ 13.447524823283834, 11.571009542969442, 0.0 ], [ 13.448371368270664, 11.571538153734364, 0.0 ], [ 13.448081097705463, 11.57182162822394, 0.0 ], [ 13.448115462022386, 11.572773848554046, 0.0 ], [ 13.450083980373245, 11.574166065749662, 0.0 ], [ 13.449784712057824, 11.574761186259014, 0.0 ], [ 13.449795834985874, 11.575057460558829, 0.0 ], [ 13.449604286331288, 11.57524457843231, 0.0 ], [ 13.460786946128513, 11.574645148536339, 0.0 ], [ 13.466652424335411, 11.56875033983772, 0.0 ] ] ], [ [ [ 13.379752392165393, 11.50420608858899, 0.0 ], [ 13.379019734121265, 11.504921842098122, 0.0 ], [ 13.378390814388929, 11.505900796018585, 0.0 ], [ 13.378769219747808, 11.506599283891143, 0.0 ], [ 13.379522186264465, 11.506945561664848, 0.0 ], [ 13.379752943663386, 11.504205348377543, 0.0 ], [ 13.379752392165393, 11.50420608858899, 0.0 ] ] ], [ [ [ 13.335986155276542, 11.454855948374705, 0.0 ], [ 13.335992459401753, 11.455028015388846, 0.0 ], [ 13.336789658283029, 11.456499669393777, 0.0 ], [ 13.336305218851827, 11.457966846923487, 0.0 ], [ 13.336050106714808, 11.458803553505915, 0.0 ], [ 13.336641340120554, 11.459347314029344, 0.0 ], [ 13.33721815697378, 11.459612806550204, 0.0 ], [ 13.336764864713095, 11.4549692791943, 0.0 ], [ 13.335986155276542, 11.454855948374705, 0.0 ] ] ], [ [ [ 13.32011616983638, 11.434319559885642, 0.0 ], [ 13.316666666345597, 11.433333333652383, 0.0 ], [ 13.315815904092899, 11.430017598919058, 0.0 ], [ 13.313799032819583, 11.429500000475766, 0.0 ], [ 13.314486772564669, 11.430132335029894, 0.0 ], [ 13.314772556882225, 11.430960793645548, 0.0 ], [ 13.3161342364312, 11.432574601166948, 0.0 ], [ 13.315252332135936, 11.432569910226951, 0.0 ], [ 13.31400377224673, 11.434106752106928, 0.0 ], [ 13.314856839210357, 11.43609564679676, 0.0 ], [ 13.315154020545595, 11.437745244381796, 0.0 ], [ 13.315990748768769, 11.438514297702275, 0.0 ], [ 13.31676211423266, 11.439282991843402, 0.0 ], [ 13.315843351407597, 11.440663822564385, 0.0 ], [ 13.313948769725153, 11.441149223813529, 0.0 ], [ 13.313580467544101, 11.442369980018412, 0.0 ], [ 13.314155945451075, 11.443433839312025, 0.0 ], [ 13.315240827913529, 11.443395885098937, 0.0 ], [ 13.316157416518445, 11.443989080167524, 0.0 ], [ 13.316925783448196, 11.445829106838566, 0.0 ], [ 13.317481091658125, 11.446339634085454, 0.0 ], [ 13.317757214998277, 11.446882034524188, 0.0 ], [ 13.318041924266982, 11.447143138137555, 0.0 ], [ 13.319153141556853, 11.448484982281698, 0.0 ], [ 13.319712107062331, 11.44874202721007, 0.0 ], [ 13.320561633945337, 11.449292324451022, 0.0 ], [ 13.321108303374105, 11.450361338195515, 0.0 ], [ 13.323128905911595, 11.450290721724929, 0.0 ], [ 13.321450805121517, 11.44799347010839, 0.0 ], [ 13.32011616983638, 11.434319559885642, 0.0 ] ] ], [ [ [ 13.310142268164201, 11.428952519512693, 0.0 ], [ 13.311340264661792, 11.42938251934457, 0.0 ], [ 13.311882530279922, 11.429008160096947, 0.0 ], [ 13.309896161136047, 11.428498389547743, 0.0 ], [ 13.310142268164201, 11.428952519512693, 0.0 ] ] ], [ [ [ 13.311669774495197, 11.415049850933562, 0.0 ], [ 13.310694708501082, 11.415044655949949, 0.0 ], [ 13.310087527643516, 11.415065748434413, 0.0 ], [ 13.309339473080877, 11.415903093288751, 0.0 ], [ 13.310042482283517, 11.416550751402641, 0.0 ], [ 13.309623314452733, 11.416960178997183, 0.0 ], [ 13.309358618228531, 11.417240225504921, 0.0 ], [ 13.308252801491546, 11.417234034718687, 0.0 ], [ 13.307727372998759, 11.420749807883761, 0.0 ], [ 13.308045732413881, 11.421042413774318, 0.0 ], [ 13.308322038167898, 11.421600691125638, 0.0 ], [ 13.307593496959353, 11.422312493105155, 0.0 ], [ 13.308225067345427, 11.423477829436692, 0.0 ], [ 13.307744482079622, 11.424432008639281, 0.0 ], [ 13.308111710892806, 11.425109537311739, 0.0 ], [ 13.308900620281374, 11.418622844155122, 0.0 ], [ 13.311669774495197, 11.415049850933562, 0.0 ] ] ], [ [ [ 13.3125349996439, 11.409904514947145, 0.0 ], [ 13.311830410692268, 11.408525604535113, 0.0 ], [ 13.312198906094492, 11.407794237260006, 0.0 ], [ 13.312015155668661, 11.406640497700543, 0.0 ], [ 13.31085541355443, 11.406680891879979, 0.0 ], [ 13.310566066436888, 11.406392613031333, 0.0 ], [ 13.310289792737908, 11.406402226235018, 0.0 ], [ 13.310015496880961, 11.406400974335764, 0.0 ], [ 13.309732795334718, 11.406410681544846, 0.0 ], [ 13.309762031857979, 11.407211219637823, 0.0 ], [ 13.309358439177105, 11.408012838060644, 0.0 ], [ 13.307834331963734, 11.408329631462049, 0.0 ], [ 13.307313390615393, 11.408881399798151, 0.0 ], [ 13.307036750001336, 11.409150782216336, 0.0 ], [ 13.306225461131028, 11.410412655983302, 0.0 ], [ 13.306251388892537, 11.411136346551817, 0.0 ], [ 13.308337027165743, 11.411605661722181, 0.0 ], [ 13.308858157981312, 11.412626228757338, 0.0 ], [ 13.311492309734078, 11.412949768150197, 0.0 ], [ 13.311489776687297, 11.41341992120163, 0.0 ], [ 13.311793800571072, 11.414252879776456, 0.0 ], [ 13.311789711317905, 11.414895098463507, 0.0 ], [ 13.313067287238106, 11.413246663688687, 0.0 ], [ 13.3125349996439, 11.409904514947145, 0.0 ] ] ] ] } },
{ "type": "Feature", "properties": { "Stra_Catch": "Nggada West Chad", "State": "Borno", "LGA": "Monguno", "Population": 0, "Cleard_TOR": "Yes", "Status": "Studies Ongoing", "Start_Date": "2025-03-01T00:00:00", "End_Date": "2025-12-01T00:00:00", "Micr_Catch": "Monguno", "Size_Ha": 38924.344339199997, "Comments": null, "OBJECTID_1": 0, "Shape_Leng": 0.0, "Shape_Area": 0.0, "parent_strategic_name": "Yedseram (East-Chad)", "clipped_to_state": true }, "geometry": { "type": "Polygon", "coordinates": [ [ [ 13.864715127883672, 12.679166666869293, 0.0 ], [ 13.865126519088223, 12.679420795876142, 0.0 ], [ 13.865813894727912, 12.680097649798274, 0.0 ], [ 13.866551716063272, 12.680768293081803, 0.0 ], [ 13.866666665977778, 12.680802591120935, 0.0 ], [ 13.866666665977668, 12.679166666869165, 0.0 ], [ 13.864715127883672, 12.679166666869293, 0.0 ] ] ] } },
{ "type": "Feature", "properties": { "Stra_Catch": "Katagum K-gana", "State": "Borno", "LGA": "Kukawa", "Population": 0, "Cleard_TOR": "Yes", "Status": "Studies Ongoing", "Start_Date": "2025-03-01T00:00:00", "End_Date": "2025-12-01T00:00:00", "Micr_Catch": "Baga", "Size_Ha": 114157.85286899999, "Comments": null, "OBJECTID_1": 0, "Shape_Leng": 0.0, "Shape_Area": 0.0, "parent_strategic_name": "Yedseram (East-Chad)", "clipped_to_state": true }, "geometry": { "type": "MultiPolygon", "coordinates": [ [ [ [ 13.828096855097954, 13.433979458347885, 0.0 ], [ 13.829152889406222, 13.436732081682729, 0.0 ], [ 13.839939699763674, 13.42184510023298, 0.0 ], [ 13.924605838647732, 13.304145537842494, 0.0 ], [ 13.92497160911144, 13.303637058459667, 0.0 ], [ 13.944043399530772, 13.277124200076557, 0.0 ], [ 13.951563486408647, 13.266660442379766, 0.0 ], [ 13.989535299433223, 13.213824900749959, 0.0 ], [ 14.008216899196865, 13.188139600312264, 0.0 ], [ 14.028593911672061, 13.159768081580056, 0.0 ], [ 14.050157340571729, 13.129744680853578, 0.0 ], [ 14.0559905, 13.121623, 0.0 ], [ 14.067695919037149, 13.105208442593835, 0.0 ], [ 14.070985968989254, 13.100594791761035, 0.0 ], [ 14.083228599173328, 13.083426900274947, 0.0 ], [ 14.087792099174063, 13.06272900068616, 0.0 ], [ 14.090678064086385, 13.049579493242105, 0.0 ], [ 14.088499619208392, 13.049382528224411, 0.0 ], [ 14.08669043596351, 13.061811998868105, 0.0 ], [ 14.074999999406424, 13.062500000019456, 0.0 ], [ 14.071494546394296, 13.061600409975757, 0.0 ], [ 14.070172118505976, 13.04673292403017, 0.0 ], [ 14.06445617597265, 13.045266046136542, 0.0 ], [ 14.060543822902146, 13.04223395487891, 0.0 ], [ 14.03749999950225, 13.041666667030819, 0.0 ], [ 14.036932711651971, 13.035289510550278, 0.0 ], [ 14.03390062039545, 13.031377156578598, 0.0 ], [ 14.032766044695618, 13.026956177533762, 0.0 ], [ 14.02973395343904, 13.023043823562025, 0.0 ], [ 14.028315734263966, 13.017517429334481, 0.0 ], [ 14.020266044726956, 13.015451727964139, 0.0 ], [ 14.021450805292579, 12.992658488047979, 0.0 ], [ 14.026956176065164, 12.988067288023665, 0.0 ], [ 14.036612615952098, 12.986791653659838, 0.0 ], [ 14.038387383042256, 12.979875013668755, 0.0 ], [ 14.049112615918775, 12.978458319742542, 0.0 ], [ 14.049999999463868, 12.975000000196658, 0.0 ], [ 14.024999999528861, 12.975000000198754, 0.0 ], [ 14.018698288977165, 12.975642903946277, 0.0 ], [ 14.013761562231805, 12.979143270395424, 0.0 ], [ 14.011485798118562, 12.986702135145444, 0.0 ], [ 14.001014200138867, 12.988297865205139, 0.0 ], [ 13.999357264920889, 12.993801540759485, 0.0 ], [ 13.996476066414397, 12.997865126525539, 0.0 ], [ 13.99519059886552, 13.006301541634093, 0.0 ], [ 13.981983777636321, 13.020747545015489, 0.0 ], [ 13.977135043257203, 13.017309570832714, 0.0 ], [ 13.968114725328743, 13.016023763339394, 0.0 ], [ 13.966023931975018, 13.022968207670143, 0.0 ], [ 13.96252356552851, 13.027904934418949, 0.0 ], [ 13.9561982891417, 13.029809570809265, 0.0 ], [ 13.952135043321986, 13.032690430273705, 0.0 ], [ 13.947864955230296, 13.033976237768032, 0.0 ], [ 13.942471651675305, 13.037800090357134, 0.0 ], [ 13.94102393204072, 13.05325114008337, 0.0 ], [ 13.957599554299195, 13.054941813368103, 0.0 ], [ 13.958976066516209, 13.073949517210394, 0.0 ], [ 13.946847533317538, 13.075797865933614, 0.0 ], [ 13.945190598998769, 13.081301541487953, 0.0 ], [ 13.936088900519735, 13.091678874336214, 0.0 ], [ 13.922024196203369, 13.078955418014825, 0.0 ], [ 13.919869147187674, 13.071797689568559, 0.0 ], [ 13.914531622283427, 13.070190430201425, 0.0 ], [ 13.90213504344981, 13.058976237721287, 0.0 ], [ 13.892493183370735, 13.057506985617648, 0.0 ], [ 13.890840148511128, 13.046659682357328, 0.0 ], [ 13.881198289331321, 13.045190430253681, 0.0 ], [ 13.877135042611664, 13.042309570789874, 0.0 ], [ 13.874678208097443, 13.041023763296025, 0.0 ], [ 13.868801709598969, 13.045190430254509, 0.0 ], [ 13.845511542102942, 13.046476237750031, 0.0 ], [ 13.839576042681637, 13.042267523889379, 0.0 ], [ 13.81880170972333, 13.061857097190803, 0.0 ], [ 13.816666666126954, 13.06250000003862, 0.0 ], [ 13.813350931395044, 13.061649237785957, 0.0 ], [ 13.812499999170466, 13.058333333980098, 0.0 ], [ 13.78945617576688, 13.057766046131414, 0.0 ], [ 13.784301079238402, 13.053770616386462, 0.0 ], [ 13.782766045323999, 13.047789510543181, 0.0 ], [ 13.77767096595146, 13.041679891579726, 0.0 ], [ 13.773043822725551, 13.045266046157344, 0.0 ], [ 13.77008666927701, 13.046400621857632, 0.0 ], [ 13.764710489712037, 13.042233954899846, 0.0 ], [ 13.759184094587235, 13.040815904797231, 0.0 ], [ 13.757424248147808, 13.033956909550902, 0.0 ], [ 13.745833332364471, 13.033333334033966, 0.0 ], [ 13.745480006719029, 13.03090888140756, 0.0 ], [ 13.737853324995758, 13.023257785786429, 0.0 ], [ 13.737499999350316, 13.0208333340594, 0.0 ], [ 13.706085204506012, 13.020303684637256, 0.0 ], [ 13.696589829597631, 13.011545817655781, 0.0 ], [ 13.695303683059437, 13.006085205238533, 0.0 ], [ 13.691184488615461, 13.000999281862073, 0.0 ], [ 13.692553031938322, 12.996605767213017, 0.0 ], [ 13.695833332482442, 12.995833334111545, 0.0 ], [ 13.696550495948106, 12.988486396400551, 0.0 ], [ 13.702160304991251, 12.986882528376144, 0.0 ], [ 13.706173026899094, 12.983950805954878, 0.0 ], [ 13.710493638004651, 12.982715861417622, 0.0 ], [ 13.718673027767984, 12.975617472937353, 0.0 ], [ 13.729581705256944, 12.974029880843077, 0.0 ], [ 13.721450805138758, 12.964660305797652, 0.0 ], [ 13.720215860601535, 12.952006361673504, 0.0 ], [ 13.717284138181435, 12.947993638864759, 0.0 ], [ 13.716666666362231, 12.937500000294246, 0.0 ], [ 13.716308593195718, 12.935042996706432, 0.0 ], [ 13.716283636911609, 12.935018165429879, 0.0 ], [ 13.715967470488243, 12.935084664169187, 0.0 ], [ 13.715560495746784, 12.934298646523466, 0.0 ], [ 13.71542849639143, 12.934167308360973, 0.0 ], [ 13.713597538739918, 12.934663006728112, 0.0 ], [ 13.713155284466854, 12.934227302127638, 0.0 ], [ 13.71286820376374, 12.93396732933477, 0.0 ], [ 13.71229645413789, 12.933403758764637, 0.0 ], [ 13.712298069257592, 12.932344369491474, 0.0 ], [ 13.711724991140853, 12.931824398965139, 0.0 ], [ 13.711351685899917, 12.93110272650174, 0.0 ], [ 13.710602132506937, 12.930762900759174, 0.0 ], [ 13.710361852500203, 12.929462292009203, 0.0 ], [ 13.709084613484924, 12.929276154612836, 0.0 ], [ 13.708929402313029, 12.929440883011127, 0.0 ], [ 13.708652293147583, 12.929711063581813, 0.0 ], [ 13.708386182708539, 12.929993459942841, 0.0 ], [ 13.708224229575062, 12.929915309938327, 0.0 ], [ 13.707980006803776, 12.931591119004878, 0.0 ], [ 13.70245259544533, 12.937146335605087, 0.0 ], [ 13.698017480595931, 12.937228396637003, 0.0 ], [ 13.697593832714524, 12.93767716007957, 0.0 ], [ 13.696714459838679, 12.937252505872408, 0.0 ], [ 13.677901683368809, 12.937600590623934, 0.0 ], [ 13.677658278840488, 12.938118301986965, 0.0 ], [ 13.677381117636713, 12.938388463877017, 0.0 ], [ 13.677397356150216, 12.93879651045709, 0.0 ], [ 13.677396800625612, 12.939228101630576, 0.0 ], [ 13.676557536723836, 12.940026050691081, 0.0 ], [ 13.675335817577729, 12.939436019804072, 0.0 ], [ 13.674656383039336, 12.939795021413074, 0.0 ], [ 13.673414741548424, 12.940215094037619, 0.0 ], [ 13.6730175885875, 12.94063584795464, 0.0 ], [ 13.672724267102968, 12.940906297503794, 0.0 ], [ 13.672727133892289, 12.939559198249952, 0.0 ], [ 13.672434588321154, 12.939293983779391, 0.0 ], [ 13.672140067865525, 12.937941391378724, 0.0 ], [ 13.671858061757469, 12.93795226418913, 0.0 ], [ 13.671806046255366, 12.937713375588631, 0.0 ], [ 13.667416037551014, 12.937794602040851, 0.0 ], [ 13.667284199009181, 12.937934207614486, 0.0 ], [ 13.667190125846172, 12.937798781988439, 0.0 ], [ 13.664860082877205, 12.937841893776282, 0.0 ], [ 13.664702507345796, 12.938350793407441, 0.0 ], [ 13.664419993431382, 12.938912905966978, 0.0 ], [ 13.663337800102276, 12.939451840287282, 0.0 ], [ 13.662822315560362, 12.939997788995326, 0.0 ], [ 13.662250265280617, 12.940282732136389, 0.0 ], [ 13.661667867904224, 12.940590575631534, 0.0 ], [ 13.661169281495404, 12.941118787559272, 0.0 ], [ 13.660751271628921, 12.941326781826877, 0.0 ], [ 13.660067265122509, 12.942007362102903, 0.0 ], [ 13.660170151597059, 12.944616346743386, 0.0 ], [ 13.659853829892013, 12.944925499092125, 0.0 ], [ 13.660368956652523, 12.945863711769823, 0.0 ], [ 13.659879730900808, 12.946837347232124, 0.0 ], [ 13.659912078963464, 12.947648972071059, 0.0 ], [ 13.660473085597436, 12.948158203322935, 0.0 ], [ 13.660469845283483, 12.949545742940268, 0.0 ], [ 13.658852878327979, 12.950350994296757, 0.0 ], [ 13.658318990934173, 12.951182800340348, 0.0 ], [ 13.657492740549699, 12.951181222714682, 0.0 ], [ 13.65692760330905, 12.951202701060454, 0.0 ], [ 13.656964544385691, 12.95214552021744, 0.0 ], [ 13.656963529012273, 12.95255388739114, 0.0 ], [ 13.657250601611201, 12.952813934452346, 0.0 ], [ 13.657525151179795, 12.953095601394844, 0.0 ], [ 13.656432211438075, 12.953640005846546, 0.0 ], [ 13.655892448526238, 12.953925426483615, 0.0 ], [ 13.65533956552034, 12.954200514845736, 0.0 ], [ 13.654761726542574, 12.954813348027692, 0.0 ], [ 13.654309448737466, 12.955771751125008, 0.0 ], [ 13.654733954362571, 12.960543823711058, 0.0 ], [ 13.658534749232148, 12.965447998598638, 0.0 ], [ 13.657487656883335, 12.970119222096807, 0.0 ], [ 13.647789509135707, 12.971400622013974, 0.0 ], [ 13.643877156064676, 12.974432712372813, 0.0 ], [ 13.643493302872923, 12.974531215001127, 0.0 ], [ 13.643591822646348, 12.97498869750147, 0.0 ], [ 13.641725765870957, 12.974984792160509, 0.0 ], [ 13.641661806053705, 12.975001205232592, 0.0 ], [ 13.641692055890061, 12.97577731008508, 0.0 ], [ 13.64134194711413, 12.977227609384167, 0.0 ], [ 13.640333187074095, 12.977729807985572, 0.0 ], [ 13.64003630361371, 12.978044685351867, 0.0 ], [ 13.639537741448319, 12.979101697237965, 0.0 ], [ 13.639161649435156, 12.979850252260782, 0.0 ], [ 13.640331085591807, 12.980572497586968, 0.0 ], [ 13.639852130098587, 12.981525089970399, 0.0 ], [ 13.639593028596794, 12.982075960624647, 0.0 ], [ 13.639320806174354, 12.982616499309296, 0.0 ], [ 13.6390617567004, 12.983749794018401, 0.0 ], [ 13.639092124903256, 12.984513930820032, 0.0 ], [ 13.638809585847751, 12.984789460264039, 0.0 ], [ 13.638545453942092, 12.985069943824909, 0.0 ], [ 13.638268201189922, 12.985340095213227, 0.0 ], [ 13.638071092538238, 12.9855487786967, 0.0 ], [ 13.642062716281538, 12.990698921091431, 0.0 ], [ 13.648993258889549, 12.99247775671591, 0.0 ], [ 13.650567287407748, 12.996579997141883, 0.0 ], [ 13.648127553793792, 12.999727944490786, 0.0 ], [ 13.649136552754173, 12.999830530780651, 0.0 ], [ 13.648482110569873, 13.001135474774378, 0.0 ], [ 13.647996962105534, 13.003833996666343, 0.0 ], [ 13.647728787605249, 13.004648513301126, 0.0 ], [ 13.648874777384354, 13.006242212256119, 0.0 ], [ 13.648871061054651, 13.007774920887835, 0.0 ], [ 13.646968164145415, 13.008174762711917, 0.0 ], [ 13.646979721119919, 13.008447671667797, 0.0 ], [ 13.646978656292921, 13.008737050881217, 0.0 ], [ 13.646169150405274, 13.009528396795679, 0.0 ], [ 13.645922204684348, 13.010903560015489, 0.0 ], [ 13.645589993130564, 13.011068830518015, 0.0 ], [ 13.645346172434628, 13.013809736624944, 0.0 ], [ 13.645700132101277, 13.014131189608619, 0.0 ], [ 13.645989184542714, 13.014839036907857, 0.0 ], [ 13.644649143114574, 13.01550648829191, 0.0 ], [ 13.644606988607572, 13.015560880904124, 0.0 ], [ 13.643894416966091, 13.017432669640982, 0.0 ], [ 13.643157564036658, 13.017431095840157, 0.0 ], [ 13.642352613790031, 13.018469735590177, 0.0 ], [ 13.642774549891973, 13.019609963337174, 0.0 ], [ 13.643059078251435, 13.020421569960712, 0.0 ], [ 13.643426034973087, 13.021088533707704, 0.0 ], [ 13.643063449903064, 13.021810585604232, 0.0 ], [ 13.642405223574707, 13.022453815110675, 0.0 ], [ 13.642023058897106, 13.023685871443236, 0.0 ], [ 13.641608218854937, 13.024090972206295, 0.0 ], [ 13.641164408875257, 13.024560514164484, 0.0 ], [ 13.640679865749005, 13.025619152806126, 0.0 ], [ 13.64124108955348, 13.026128905899089, 0.0 ], [ 13.641527496329768, 13.027040587432893, 0.0 ], [ 13.640140640289543, 13.027501032450505, 0.0 ], [ 13.639346977336405, 13.026719554191118, 0.0 ], [ 13.639088635265521, 13.029160067921749, 0.0 ], [ 13.638542557836027, 13.029693516010466, 0.0 ], [ 13.638267827415683, 13.029985165890015, 0.0 ], [ 13.637667269098198, 13.029983931375597, 0.0 ], [ 13.636932711739515, 13.03554382356192, 0.0 ], [ 13.633900620482756, 13.039456177534062, 0.0 ], [ 13.63276604478331, 13.043877156579045, 0.0 ], [ 13.622611464000515, 13.054732410840158, 0.0 ], [ 13.622953940936425, 13.055043412125908, 0.0 ], [ 13.6235802655714, 13.055804548738594, 0.0 ], [ 13.620431278715545, 13.057372629280181, 0.0 ], [ 13.618270373005107, 13.060147973914766, 0.0 ], [ 13.617905599736925, 13.063593931842492, 0.0 ], [ 13.617974222535333, 13.063656261139439, 0.0 ], [ 13.618754746706216, 13.063102892058939, 0.0 ], [ 13.627031792053016, 13.070190430217954, 0.0 ], [ 13.632368977014286, 13.071797689585219, 0.0 ], [ 13.634297688254993, 13.078202311360988, 0.0 ], [ 13.639634873216252, 13.079809570728253, 0.0 ], [ 13.643698458980829, 13.082690430192146, 0.0 ], [ 13.649255031756516, 13.084363471369803, 0.0 ], [ 13.650776502096289, 13.099280125050361, 0.0 ], [ 13.6624999995335, 13.099999999972052, 0.0 ], [ 13.662499999533711, 13.104166666930203, 0.0 ], [ 13.662499999533921, 13.108333333888298, 0.0 ], [ 13.662146673888721, 13.110757785615364, 0.0 ], [ 13.658686658222956, 13.114242215178306, 0.0 ], [ 13.658333332578803, 13.137500000796646, 0.0 ], [ 13.656211004496628, 13.138155450086268, 0.0 ], [ 13.652122327647255, 13.14101121756614, 0.0 ], [ 13.645177883319239, 13.143155586234164, 0.0 ], [ 13.646883476357857, 13.154822117019837, 0.0 ], [ 13.660455660661817, 13.15351121754076, 0.0 ], [ 13.666420830516161, 13.149344550582374, 0.0 ], [ 13.672416856110202, 13.152663167642608, 0.0 ], [ 13.675641886120474, 13.158598328021792, 0.0 ], [ 13.670177883261417, 13.166420830828276, 0.0 ], [ 13.672129651320541, 13.169946967350173, 0.0 ], [ 13.677122327589792, 13.171488783951485, 0.0 ], [ 13.681211004439358, 13.174344550531634, 0.0 ], [ 13.689622327560409, 13.175655450009634, 0.0 ], [ 13.693711004409955, 13.178511217489156, 0.0 ], [ 13.704001871036368, 13.180114916440122, 0.0 ], [ 13.707677883173465, 13.18537767261123, 0.0 ], [ 13.709145778200776, 13.194797600698344, 0.0 ], [ 13.712499999419872, 13.195833333710823, 0.0 ], [ 13.731591118072636, 13.195480008064358, 0.0 ], [ 13.735786946445552, 13.191313341106035, 0.0 ], [ 13.744091118042522, 13.192019992396473, 0.0 ], [ 13.747575547604104, 13.19548000806348, 0.0 ], [ 13.749999999330202, 13.195833333708796, 0.0 ], [ 13.754166666286679, 13.195833333708563, 0.0 ], [ 13.75416666628692, 13.200000000666659, 0.0 ], [ 13.758333332344012, 13.200000000666424, 0.0 ], [ 13.759247843039926, 13.20356428373157, 0.0 ], [ 13.793877155718249, 13.204733954573207, 0.0 ], [ 13.799253336182606, 13.208900621531038, 0.0 ], [ 13.810543822644428, 13.207766045830237, 0.0 ], [ 13.814456175715215, 13.204733954571966, 0.0 ], [ 13.82499999914925, 13.20416666672131, 0.0 ], [ 13.829431151323288, 13.205303785703887, 0.0 ], [ 13.825567286999455, 13.210289510215652, 0.0 ], [ 13.824432711300119, 13.214710490160028, 0.0 ], [ 13.821400620942988, 13.218622844132156, 0.0 ], [ 13.820266045243971, 13.227210490135256, 0.0 ], [ 13.817233953987506, 13.231122844107436, 0.0 ], [ 13.816099378288078, 13.234270562100262, 0.0 ], [ 13.824432711301986, 13.243622844081951, 0.0 ], [ 13.8255672870018, 13.246579997531748, 0.0 ], [ 13.821400620945129, 13.251956177099069, 0.0 ], [ 13.820266045246376, 13.264710490060317, 0.0 ], [ 13.811917113492726, 13.274080234179195, 0.0 ], [ 13.804774304802255, 13.275913324104756, 0.0 ], [ 13.804166666171833, 13.291666667446941, 0.0 ], [ 13.805059474428544, 13.300420804040998, 0.0 ], [ 13.81457858514236, 13.292269389484279, 0.0 ], [ 13.818698458574193, 13.295190599729708, 0.0 ], [ 13.820833333098129, 13.295833333504699, 0.0 ], [ 13.822993637751592, 13.296450975295274, 0.0 ], [ 13.828431192448889, 13.300799899758262, 0.0 ], [ 13.82978413883062, 13.314660136019043, 0.0 ], [ 13.83360087058603, 13.319884745646844, 0.0 ], [ 13.822839693604079, 13.321450975245325, 0.0 ], [ 13.818826971696392, 13.324382358622188, 0.0 ], [ 13.813217162653441, 13.325986226646657, 0.0 ], [ 13.811882527369653, 13.339660135970139, 0.0 ], [ 13.808950804950076, 13.343673197823671, 0.0 ], [ 13.807715860414357, 13.356326802903506, 0.0 ], [ 13.799703301186049, 13.365560234981208, 0.0 ], [ 13.795833333163095, 13.366666667297459, 0.0 ], [ 13.79519042941674, 13.37296837785297, 0.0 ], [ 13.792309569954082, 13.37703162367532, 0.0 ], [ 13.791023762461114, 13.385468377828241, 0.0 ], [ 13.788142902998445, 13.389531623650532, 0.0 ], [ 13.786857095505153, 13.393801710845414, 0.0 ], [ 13.783939615648791, 13.397916666786033, 0.0 ], [ 13.786857095505656, 13.40203162362563, 0.0 ], [ 13.788464354872911, 13.407369147633057, 0.0 ], [ 13.79647623601319, 13.409781392861506, 0.0 ], [ 13.795190429419835, 13.422968377753003, 0.0 ], [ 13.791490003387809, 13.428187391799522, 0.0 ], [ 13.803340317823549, 13.429993184601861, 0.0 ], [ 13.805217148974423, 13.442309400922092, 0.0 ], [ 13.820060899107153, 13.440904745320815, 0.0 ], [ 13.820833333106966, 13.433333334129083, 0.0 ], [ 13.828096855097954, 13.433979458347885, 0.0 ] ] ], [ [ [ 13.610997997094952, 13.066247121587617, 0.0 ], [ 13.610822463876836, 13.065907888347537, 0.0 ], [ 13.610519898404942, 13.065633696838786, 0.0 ], [ 13.609959542333153, 13.064826966833321, 0.0 ], [ 13.609203038051209, 13.064484149740748, 0.0 ], [ 13.608851081702234, 13.064857602752674, 0.0 ], [ 13.607983437571125, 13.064855800923835, 0.0 ], [ 13.606422837611527, 13.064102847995294, 0.0 ], [ 13.605651419418697, 13.063827245661589, 0.0 ], [ 13.605263602094935, 13.064649464715352, 0.0 ], [ 13.604984745596441, 13.064374840087536, 0.0 ], [ 13.604421717755477, 13.064119684041099, 0.0 ], [ 13.604166665736109, 13.063392067468561, 0.0 ], [ 13.60416666573626, 13.066666667007894, 0.0 ], [ 13.610997997094952, 13.066247121587617, 0.0 ] ] ] ] } },
{ "type": "Feature", "properties": { "Stra_Catch": "Hawal-Kilunga", "State": "Borno", "LGA": "Kwaya Kusar", "Population": 0, "Cleard_TOR": "No", "Status": "Not Yet", "Start_Date": "2025-03-01T00:00:00", "End_Date": "2025-04-04T00:00:00", "Micr_Catch": "Kwaya", "Size_Ha": 15402.208178299999, "Comments": null, "OBJECTID_1": 0, "Shape_Leng": 0.0, "Shape_Area": 0.0, "parent_strategic_name": "Gongola", "clipped_to_state": true }, "geometry": { "type": "MultiPolygon", "coordinates": [ [ [ [ 11.754610492614976, 10.465843591735286, 0.0 ], [ 11.75475753561267, 10.465980600975582, 0.0 ], [ 11.755031688535851, 10.466258792380192, 0.0 ], [ 11.755293960038676, 10.465433890707795, 0.0 ], [ 11.755831255593083, 10.464380571112414, 0.0 ], [ 11.756134425176842, 10.463100062830263, 0.0 ], [ 11.756286719395815, 10.463025254539936, 0.0 ], [ 11.754827880893009, 10.463399590818124, 0.0 ], [ 11.754610492614976, 10.465843591735286, 0.0 ] ] ], [ [ [ 11.708410363622541, 10.522544142035926, 0.0 ], [ 11.708420953721383, 10.521673747172317, 0.0 ], [ 11.708381425164619, 10.520332101272341, 0.0 ], [ 11.70880473305289, 10.519921917222984, 0.0 ], [ 11.708389560190801, 10.518689886709971, 0.0 ], [ 11.708257679547492, 10.518628003084816, 0.0 ], [ 11.708094857061427, 10.522849214286158, 0.0 ], [ 11.708410363622541, 10.522544142035926, 0.0 ] ] ], [ [ [ 11.704166666150901, 10.537500000624252, 0.0 ], [ 11.710757784835973, 10.537853326269749, 0.0 ], [ 11.714242214398677, 10.541313341037576, 0.0 ], [ 11.732955899731072, 10.541927968792733, 0.0 ], [ 11.732905084291259, 10.540204322802971, 0.0 ], [ 11.73329018888146, 10.539832023437578, 0.0 ], [ 11.731038909384054, 10.539090761606239, 0.0 ], [ 11.729660185218853, 10.539382700628279, 0.0 ], [ 11.729384114453973, 10.539379788598763, 0.0 ], [ 11.729110275968621, 10.539387445662761, 0.0 ], [ 11.728834204168844, 10.539384533160236, 0.0 ], [ 11.727261103675787, 10.539717313625033, 0.0 ], [ 11.726639711019882, 10.539137712100302, 0.0 ], [ 11.726369812278733, 10.538863704424134, 0.0 ], [ 11.723896085887123, 10.538619269371164, 0.0 ], [ 11.722291871595681, 10.538090997615477, 0.0 ], [ 11.721154798410122, 10.538366526944646, 0.0 ], [ 11.719027299173046, 10.538925844979605, 0.0 ], [ 11.718560914595074, 10.538938852068265, 0.0 ], [ 11.717357098625833, 10.538925373690502, 0.0 ], [ 11.716224906411226, 10.53951476760507, 0.0 ], [ 11.715005034262752, 10.539500889200033, 0.0 ], [ 11.714320433432867, 10.53952052813297, 0.0 ], [ 11.714044906702128, 10.538969690414145, 0.0 ], [ 11.713001689815103, 10.538479963490508, 0.0 ], [ 11.712385710556601, 10.537905045300032, 0.0 ], [ 11.711832445505946, 10.536549279845035, 0.0 ], [ 11.711549814196928, 10.536285953612428, 0.0 ], [ 11.711272813926803, 10.535198861086741, 0.0 ], [ 11.710442413609474, 10.534940226222423, 0.0 ], [ 11.710110680477017, 10.533955770788365, 0.0 ], [ 11.708179959898583, 10.534628203501617, 0.0 ], [ 11.707702823389832, 10.534145254268724, 0.0 ], [ 11.706609132351456, 10.533631580101524, 0.0 ], [ 11.706315188899138, 10.532807198062143, 0.0 ], [ 11.706315494887454, 10.532781795688368, 0.0 ], [ 11.704166666150895, 10.533333333666153, 0.0 ], [ 11.704166666150901, 10.537500000624252, 0.0 ] ] ] ] } },
{ "type": "Feature", "properties": { "Stra_Catch": "Gongola", "State": "Gombe", "LGA": "Yamaltu Deba", "Population": 255726, "Cleard_TOR": "Not Yet", "Status": "Not yet awarded", "Start_Date": "2024-03-20T00:00:00", "End_Date": "2026-02-10T00:00:00", "Micr_Catch": "Yamaltu_Deba2", "Size_Ha": 31963.6787, "Comments": null, "OBJECTID_1": 0, "Shape_Leng": 0.0, "Shape_Area": 0.0, "parent_strategic_name": "Hawal-Kilunga", "clipped_to_state": true }, "geometry": { "type": "MultiPolygon", "coordinates": [ [ [ [ 11.642310599997241, 10.203795799999321, 0.0 ], [ 11.6395421, 10.2031147, 0.0 ], [ 11.639542099998772, 10.203114700001116, 0.0 ], [ 11.642310599993007, 10.203795799999774, 0.0 ], [ 11.642310599997241, 10.203795799999321, 0.0 ] ] ], [ [ [ 11.656499099996029, 10.200900799998511, 0.0 ], [ 11.6546823, 10.2002197, 0.0 ], [ 11.654682299994986, 10.200219700000549, 0.0 ], [ 11.656499099992796, 10.200900799999769, 0.0 ], [ 11.656499099996029, 10.200900799998511, 0.0 ] ] ] ] } },
{ "type": "Feature", "properties": { "Stra_Catch": "Hawal-Kilunga", "State": "Adamawa", "LGA": "Mubi South", "Population": 0, "Cleard_TOR": "Not Cleared", "Status": "Proposed", "Start_Date": "2025-12-30T00:00:00", "End_Date": "2026-12-30T00:00:00", "Micr_Catch": "Mubi", "Size_Ha": 240476.75144399999, "Comments": null, "OBJECTID_1": 0, "Shape_Leng": 0.0, "Shape_Area": 0.0, "parent_strategic_name": "Hawal-Kilunga", "clipped_to_state": true }, "geometry": { "type": "MultiPolygon", "coordinates": [ [ [ [ 13.106125543279981, 10.447615777009304, 0.0 ], [ 13.100074825237503, 10.449876342773695, 0.0 ], [ 13.100074825243727, 10.449876343110008, 0.0 ], [ 13.106125543279981, 10.447615777009304, 0.0 ] ] ], [ [ [ 13.114379799634964, 10.444817500118521, 0.0 ], [ 13.122476499435658, 10.44365600051488, 0.0 ], [ 13.128251899748532, 10.441353800828008, 0.0 ], [ 13.139799999710148, 10.435607000752997, 0.0 ], [ 13.141334199952858, 10.435097100441366, 0.0 ], [ 13.141608299822574, 10.434991000224983, 0.0 ], [ 13.143215199460847, 10.4344549008635, 0.0 ], [ 13.147834799174289, 10.432155600590898, 0.0 ], [ 13.148145299103845, 10.432023100775867, 0.0 ], [ 13.155920999389942, 10.428705200474894, 0.0 ], [ 13.162100099973166, 10.425250500700168, 0.0 ], [ 13.16642729951251, 10.422831100465011, 0.0 ], [ 13.175129602802635, 10.418823420404768, 0.0 ], [ 13.1664273, 10.4228311, 0.0 ], [ 13.1621001, 10.4252505, 0.0 ], [ 13.155921, 10.4287052, 0.0 ], [ 13.1481453, 10.4320231, 0.0 ], [ 13.1478348, 10.4321556, 0.0 ], [ 13.1432152, 10.4344549, 0.0 ], [ 13.1416083, 10.434991, 0.0 ], [ 13.1413342, 10.4350971, 0.0 ], [ 13.1398, 10.435607, 0.0 ], [ 13.1282519, 10.4413538, 0.0 ], [ 13.1224765, 10.443656, 0.0 ], [ 13.1143798, 10.4448175, 0.0 ], [ 13.1097506, 10.444829, 0.0 ], [ 13.10873827918293, 10.445836314111078, 0.0 ], [ 13.109750599658547, 10.444829000648914, 0.0 ], [ 13.114379799634964, 10.444817500118521, 0.0 ] ] ], [ [ [ 13.181124205473415, 10.415663304885166, 0.0 ], [ 13.180731268302633, 10.415902009523521, 0.0 ], [ 13.181124205458977, 10.415663304915709, 0.0 ], [ 13.181124205473415, 10.415663304885166, 0.0 ] ] ] ] } },
{ "type": "Feature", "properties": { "Stra_Catch": "Hawal-Kilunga", "State": "Adamawa", "LGA": "Shelleng", "Population": 0, "Cleard_TOR": "Not Cleared", "Status": "Proposed", "Start_Date": "2025-12-30T00:00:00", "End_Date": "2026-12-30T00:00:00", "Micr_Catch": "Guyuk-Shelleng", "Size_Ha": 144598.982127, "Comments": null, "OBJECTID_1": 0, "Shape_Leng": 0.0, "Shape_Area": 0.0, "parent_strategic_name": "Hawal-Kilunga", "clipped_to_state": true }, "geometry": { "type": "MultiPolygon", "coordinates": [ [ [ [ 11.844473699989376, 10.032394800379365, 0.0 ], [ 11.844949099609389, 10.032367600384017, 0.0 ], [ 11.844982899729159, 10.032368600430193, 0.0 ], [ 11.848689200134492, 10.032156900020528, 0.0 ], [ 11.853531882977901, 10.03215690002053, 0.0 ], [ 11.855062299773117, 10.032156900020549, 0.0 ], [ 11.855062299860107, 10.0321569, 0.0 ], [ 11.8486892, 10.0321569, 0.0 ], [ 11.8449829, 10.0323686, 0.0 ], [ 11.8449491, 10.0323676, 0.0 ], [ 11.8444737, 10.0323948, 0.0 ], [ 11.8357763, 10.0338858, 0.0 ], [ 11.835776299780191, 10.03388580003757, 0.0 ], [ 11.835776299824785, 10.033885800788687, 0.0 ], [ 11.844473699989376, 10.032394800379365, 0.0 ] ] ], [ [ [ 11.870223299253199, 10.02858770036166, 0.0 ], [ 11.88295339976654, 10.025732300704659, 0.0 ], [ 11.897773700082672, 10.025613300612852, 0.0 ], [ 11.897825099934899, 10.02561330061287, 0.0 ], [ 11.904674599239575, 10.025548200488574, 0.0 ], [ 11.904725999991125, 10.025548200488545, 0.0 ], [ 11.91043619945706, 10.025494400345828, 0.0 ], [ 11.920704100099819, 10.024701100275026, 0.0 ], [ 11.920734799357176, 10.024698700883855, 0.0 ], [ 11.923723199751448, 10.025040300269133, 0.0 ], [ 11.931144899902506, 10.025888500353494, 0.0 ], [ 11.944925799770688, 10.030167200355482, 0.0 ], [ 11.95424569986368, 10.032223100015482, 0.0 ], [ 11.960543399442583, 10.035828300435155, 0.0 ], [ 11.970532599283896, 10.034939500457011, 0.0 ], [ 11.97055259930692, 10.03494230004649, 0.0 ], [ 11.978965498042857, 10.03611962412074, 0.0 ], [ 11.989193799737233, 10.037551000377743, 0.0 ], [ 11.990001161966022, 10.036658077060466, 0.0 ], [ 11.9891938, 10.037551, 0.0 ], [ 11.9705526, 10.0349423, 0.0 ], [ 11.9705326, 10.0349395, 0.0 ], [ 11.9605434, 10.0358283, 0.0 ], [ 11.9542457, 10.0322231, 0.0 ], [ 11.9449258, 10.0301672, 0.0 ], [ 11.9311449, 10.0258885, 0.0 ], [ 11.9237232, 10.0250403, 0.0 ], [ 11.9207348, 10.0246987, 0.0 ], [ 11.9207041, 10.0247011, 0.0 ], [ 11.9104362, 10.0254944, 0.0 ], [ 11.904726, 10.0255482, 0.0 ], [ 11.9046746, 10.0255482, 0.0 ], [ 11.8978251, 10.0256133, 0.0 ], [ 11.8977737, 10.0256133, 0.0 ], [ 11.8829534, 10.0257323, 0.0 ], [ 11.8702233, 10.0285877, 0.0 ], [ 11.8701719, 10.0285877, 0.0 ], [ 11.857034032321803, 10.031691136048408, 0.0 ], [ 11.870171899400981, 10.028587700361687, 0.0 ], [ 11.870223299253199, 10.02858770036166, 0.0 ] ] ], [ [ [ 11.993384449815503, 10.037500000723828, 0.0 ], [ 11.995833333424496, 10.039970220748453, 0.0 ], [ 11.997515126804462, 10.041666666782588, 0.0 ], [ 11.997763199394981, 10.041916900443995, 0.0 ], [ 12.004323099913719, 10.047393400284539, 0.0 ], [ 12.011168299559722, 10.059890600670025, 0.0 ], [ 12.01875400007907, 10.066901100204939, 0.0 ], [ 12.018775455018741, 10.066882326858604, 0.0 ], [ 12.018754, 10.0669011, 0.0 ], [ 12.0111683, 10.0598906, 0.0 ], [ 12.0043231, 10.0473934, 0.0 ], [ 11.9977632, 10.0419169, 0.0 ], [ 11.9912438, 10.0353407, 0.0 ], [ 11.9912169, 10.0353135, 0.0 ], [ 11.991216899385511, 10.03531350067961, 0.0 ], [ 11.991243799844577, 10.035340700612235, 0.0 ], [ 11.993384449815503, 10.037500000723828, 0.0 ] ] ], [ [ [ 12.034281299723538, 10.057832400544118, 0.0 ], [ 12.03433269957576, 10.057832400544168, 0.0 ], [ 12.039077050546567, 10.057832400544143, 0.0 ], [ 12.039717899342673, 10.05783240054415, 0.0 ], [ 12.040446799861009, 10.057731000184837, 0.0 ], [ 12.047187500083838, 10.056793100820217, 0.0 ], [ 12.047206299511862, 10.056797600128411, 0.0 ], [ 12.055382299733749, 10.058770900655805, 0.0 ], [ 12.055433699585965, 10.058770900655805, 0.0 ], [ 12.060949591530587, 10.05873122166779, 0.0 ], [ 12.060949592859277, 10.058731221326802, 0.0 ], [ 12.0554337, 10.0587709, 0.0 ], [ 12.0553823, 10.0587709, 0.0 ], [ 12.0472063, 10.0567976, 0.0 ], [ 12.0471875, 10.0567931, 0.0 ], [ 12.0404468, 10.057731, 0.0 ], [ 12.0397179, 10.0578324, 0.0 ], [ 12.0343327, 10.0578324, 0.0 ], [ 12.0342813, 10.0578324, 0.0 ], [ 12.0234823, 10.0627684, 0.0 ], [ 12.019228447686437, 10.066486393038522, 0.0 ], [ 12.023482299950011, 10.062768400640525, 0.0 ], [ 12.034281299723538, 10.057832400544118, 0.0 ] ] ] ] } },
{ "type": "Feature", "properties": { "Stra_Catch": "Hawal-Kilunga", "State": "Borno", "LGA": "Kwaya Kusar", "Population": 0, "Cleard_TOR": "No", "Status": "Not Yet", "Start_Date": "2025-03-01T00:00:00", "End_Date": "2025-04-04T00:00:00", "Micr_Catch": "Kwaya", "Size_Ha": 15402.208178299999, "Comments": null, "OBJECTID_1": 0, "Shape_Leng": 0.0, "Shape_Area": 0.0, "parent_strategic_name": "Hawal-Kilunga", "clipped_to_state": true }, "geometry": { "type": "Polygon", "coordinates": [ [ [ 11.953315904291031, 10.549149238346098, 0.0 ], [ 11.954166666543863, 10.54583333364087, 0.0 ], [ 11.950850761838744, 10.544982571388001, 0.0 ], [ 11.949999999585843, 10.541666666682774, 0.0 ], [ 11.942566256613288, 10.541005452738901, 0.0 ], [ 11.940815904316398, 10.53418409591872, 0.0 ], [ 11.935289510088854, 10.5327660458158, 0.0 ], [ 11.931377156117039, 10.529733954557829, 0.0 ], [ 11.926956176172926, 10.528599378857718, 0.0 ], [ 11.92304382310037, 10.52556728849901, 0.0 ], [ 11.918622843156255, 10.52443271279895, 0.0 ], [ 11.914710489184436, 10.521400621540922, 0.0 ], [ 11.910289510139638, 10.520266045840806, 0.0 ], [ 11.906377156167762, 10.517233954582833, 0.0 ], [ 11.896720716275309, 10.515958320219822, 0.0 ], [ 11.895266044879341, 10.510289510252196, 0.0 ], [ 11.888067287562793, 10.502210490221486, 0.0 ], [ 11.886932711862693, 10.493622844218397, 0.0 ], [ 11.867233954571457, 10.473043823313347, 0.0 ], [ 11.86595831930908, 10.463387383420546, 0.0 ], [ 11.862499999763365, 10.462500000773982, 0.0 ], [ 11.851742214120424, 10.462146675128546, 0.0 ], [ 11.848257785457061, 10.458686659461353, 0.0 ], [ 11.827453612983051, 10.457980008170424, 0.0 ], [ 11.823257785507687, 10.462146675128579, 0.0 ], [ 11.82083333288138, 10.462500000774037, 0.0 ], [ 11.816666665923393, 10.462500000774039, 0.0 ], [ 11.815451727704595, 10.457766045965883, 0.0 ], [ 11.806122843384285, 10.458900621666016, 0.0 ], [ 11.797925482465008, 10.466204834385215, 0.0 ], [ 11.793877156395725, 10.463067288624126, 0.0 ], [ 11.789456176451578, 10.461932712924011, 0.0 ], [ 11.777210489462989, 10.450567288649113, 0.0 ], [ 11.766666666024545, 10.45000000079906, 0.0 ], [ 11.7660993781745, 10.452210490321558, 0.0 ], [ 11.763067287815861, 10.456122844293507, 0.0 ], [ 11.761649237712975, 10.461649238521233, 0.0 ], [ 11.756286719395815, 10.463025254539936, 0.0 ], [ 11.756134425176842, 10.463100062830263, 0.0 ], [ 11.755831255593083, 10.464380571112414, 0.0 ], [ 11.755293960038676, 10.465433890707795, 0.0 ], [ 11.755031688535851, 10.466258792380192, 0.0 ], [ 11.75475753561267, 10.465980600975582, 0.0 ], [ 11.754610492614976, 10.465843591735286, 0.0 ], [ 11.753505452105964, 10.478267076763853, 0.0 ], [ 11.747789509569387, 10.47973395465799, 0.0 ], [ 11.743877156496856, 10.482766045915973, 0.0 ], [ 11.739456176552698, 10.483900621616103, 0.0 ], [ 11.734301079123023, 10.487896050462043, 0.0 ], [ 11.73276604520836, 10.493877157204741, 0.0 ], [ 11.720187716981364, 10.50742967423982, 0.0 ], [ 11.714456176603194, 10.508900621566136, 0.0 ], [ 11.709301079173516, 10.512896050412138, 0.0 ], [ 11.708333333108893, 10.516666666733014, 0.0 ], [ 11.708257679547492, 10.518628003084816, 0.0 ], [ 11.708389560190801, 10.518689886709971, 0.0 ], [ 11.70880473305289, 10.519921917222984, 0.0 ], [ 11.708381425164619, 10.520332101272341, 0.0 ], [ 11.708420953721383, 10.521673747172317, 0.0 ], [ 11.708410363622541, 10.522544142035926, 0.0 ], [ 11.708094857061427, 10.522849214286158, 0.0 ], [ 11.707725694477313, 10.532419841002621, 0.0 ], [ 11.706315494887454, 10.532781795688368, 0.0 ], [ 11.706315188899138, 10.532807198062143, 0.0 ], [ 11.706609132351456, 10.533631580101524, 0.0 ], [ 11.707702823389832, 10.534145254268724, 0.0 ], [ 11.708179959898583, 10.534628203501617, 0.0 ], [ 11.710110680477017, 10.533955770788365, 0.0 ], [ 11.710442413609474, 10.534940226222423, 0.0 ], [ 11.711272813926803, 10.535198861086741, 0.0 ], [ 11.711549814196928, 10.536285953612428, 0.0 ], [ 11.711832445505946, 10.536549279845035, 0.0 ], [ 11.712385710556601, 10.537905045300032, 0.0 ], [ 11.713001689815103, 10.538479963490508, 0.0 ], [ 11.714044906702128, 10.538969690414145, 0.0 ], [ 11.714320433432867, 10.53952052813297, 0.0 ], [ 11.715005034262752, 10.539500889200033, 0.0 ], [ 11.716224906411226, 10.53951476760507, 0.0 ], [ 11.717357098625833, 10.538925373690502, 0.0 ], [ 11.718560914595074, 10.538938852068265, 0.0 ], [ 11.719027299173046, 10.538925844979605, 0.0 ], [ 11.721154798410122, 10.538366526944646, 0.0 ], [ 11.722291871595681, 10.538090997615477, 0.0 ], [ 11.723896085887123, 10.538619269371164, 0.0 ], [ 11.726369812278733, 10.538863704424134, 0.0 ], [ 11.726639711019882, 10.539137712100302, 0.0 ], [ 11.727261103675787, 10.539717313625033, 0.0 ], [ 11.728834204168844, 10.539384533160236, 0.0 ], [ 11.729110275968621, 10.539387445662761, 0.0 ], [ 11.729384114453973, 10.539379788598763, 0.0 ], [ 11.729660185218853, 10.539382700628279, 0.0 ], [ 11.731038909384054, 10.539090761606239, 0.0 ], [ 11.73329018888146, 10.539832023437578, 0.0 ], [ 11.732905084291259, 10.540204322802971, 0.0 ], [ 11.732955899731072, 10.541927968792733, 0.0 ], [ 11.735757784785454, 10.542019993227823, 0.0 ], [ 11.73924221434816, 10.545480007995703, 0.0 ], [ 11.741666666075156, 10.54583333364115, 0.0 ], [ 11.742634413039099, 10.542062717320272, 0.0 ], [ 11.747789509569451, 10.53806728847427, 0.0 ], [ 11.756377156471666, 10.53693271277414, 0.0 ], [ 11.760289509544195, 10.533900621516159, 0.0 ], [ 11.765958319511691, 10.532445950120204, 0.0 ], [ 11.767369587826982, 10.52176242419622, 0.0 ], [ 11.777073499333078, 10.512960815988505, 0.0 ], [ 11.781249999478357, 10.51619805249778, 0.0 ], [ 11.785416666436351, 10.512968614909315, 0.0 ], [ 11.789456176451644, 10.516099378882869, 0.0 ], [ 11.795833332932082, 10.516666666732926, 0.0 ], [ 11.797993638485645, 10.517284139451126, 0.0 ], [ 11.802006361294458, 10.520215861872186, 0.0 ], [ 11.804635959172062, 10.521450806409215, 0.0 ], [ 11.810339694311173, 10.517284139451114, 0.0 ], [ 11.824000379103554, 10.516049194914006, 0.0 ], [ 11.825807019967298, 10.528461032550195, 0.0 ], [ 11.843826971426431, 10.529784139426102, 0.0 ], [ 11.847839694235232, 10.532715861847111, 0.0 ], [ 11.852160305342403, 10.53395080638419, 0.0 ], [ 11.856173027251883, 10.536882527905931, 0.0 ], [ 11.868826971375745, 10.538117472442948, 0.0 ], [ 11.877006361142579, 10.545215861822102, 0.0 ], [ 11.885493638308395, 10.546450806359177, 0.0 ], [ 11.889506361117189, 10.549382527880864, 0.0 ], [ 11.897993638283056, 10.550617472417938, 0.0 ], [ 11.906243557381297, 10.557776557941295, 0.0 ], [ 11.910339694108519, 10.55478413937602, 0.0 ], [ 11.915298800485969, 10.553549194838981, 0.0 ], [ 11.916666666620092, 10.5583333336159, 0.0 ], [ 11.918877156142461, 10.557766045765902, 0.0 ], [ 11.922916666157715, 10.554635281792272, 0.0 ], [ 11.928420002667318, 10.558900621465945, 0.0 ], [ 11.939710490033006, 10.557766045765863, 0.0 ], [ 11.947789510063496, 10.550567288449034, 0.0 ], [ 11.953315904291031, 10.549149238346098, 0.0 ] ] ] } },
{ "type": "Feature", "properties": { "Stra_Catch": "Yedzaram East Chad", "State": "Borno", "LGA": "Askira_Uba", "Population": 0, "Cleard_TOR": "Yes", "Status": "Yet to be awarded", "Start_Date": "2025-03-01T00:00:00", "End_Date": "2025-12-01T00:00:00", "Micr_Catch": "Uba", "Size_Ha": 65539.144272699996, "Comments": null, "OBJECTID_1": 0, "Shape_Leng": 0.0, "Shape_Area": 0.0, "parent_strategic_name": "Hawal-Kilunga", "clipped_to_state": true }, "geometry": { "type": "MultiPolygon", "coordinates": [ [ [ [ 13.10381334116285, 10.468408881156103, 0.0 ], [ 13.104519992453714, 10.473257785509567, 0.0 ], [ 13.107980007220764, 10.47674221417296, 0.0 ], [ 13.108686658511571, 10.481591118526369, 0.0 ], [ 13.112146674177936, 10.48507554808908, 0.0 ], [ 13.112853325468743, 10.489924451543224, 0.0 ], [ 13.116313341135106, 10.493408881105939, 0.0 ], [ 13.116666666780747, 10.508333332808009, 0.0 ], [ 13.116666666780826, 10.512499999766103, 0.0 ], [ 13.116132792723016, 10.521194375888763, 0.0 ], [ 13.117508567009681, 10.521524328492825, 0.0 ], [ 13.117737685641009, 10.51785989412107, 0.0 ], [ 13.11801044371515, 10.517320292917017, 0.0 ], [ 13.118260506761294, 10.516037171298315, 0.0 ], [ 13.116890155258321, 10.514297744187902, 0.0 ], [ 13.117430430237913, 10.513226012716604, 0.0 ], [ 13.117949360633391, 10.512719689327536, 0.0 ], [ 13.118724806832301, 10.511899182983889, 0.0 ], [ 13.119849219117505, 10.511612305961204, 0.0 ], [ 13.120109013123562, 10.51106230060781, 0.0 ], [ 13.120841377046107, 10.510699107765834, 0.0 ], [ 13.121188475222995, 10.509965582619337, 0.0 ], [ 13.121464818725354, 10.509696605787013, 0.0 ], [ 13.121724000683415, 10.507974589770352, 0.0 ], [ 13.12290107109526, 10.508355765811759, 0.0 ], [ 13.126336511104725, 10.508241797299897, 0.0 ], [ 13.126639707286973, 10.508546580007382, 0.0 ], [ 13.126923100109465, 10.508808269986288, 0.0 ], [ 13.127406034495857, 10.509292564818725, 0.0 ], [ 13.127729859266312, 10.508256427111354, 0.0 ], [ 13.130132596814027, 10.50793383739768, 0.0 ], [ 13.130442796029836, 10.506597078434281, 0.0 ], [ 13.132633289655526, 10.506303144835769, 0.0 ], [ 13.132904510698614, 10.505730787063875, 0.0 ], [ 13.13440034531255, 10.505741411488886, 0.0 ], [ 13.135387068861398, 10.505708980145609, 0.0 ], [ 13.13602655027047, 10.505032961309595, 0.0 ], [ 13.136439966502978, 10.504629499349345, 0.0 ], [ 13.137153186813441, 10.503875335935213, 0.0 ], [ 13.137527351985522, 10.50461530822365, 0.0 ], [ 13.137810745342655, 10.504876986353512, 0.0 ], [ 13.138343501252534, 10.50541188825582, 0.0 ], [ 13.139363668367416, 10.505724738786283, 0.0 ], [ 13.140600666724994, 10.505073157279789, 0.0 ], [ 13.141338102810936, 10.504293296764088, 0.0 ], [ 13.142361005397889, 10.504010855181956, 0.0 ], [ 13.142591104751022, 10.504681861573888, 0.0 ], [ 13.144642725279244, 10.504793017788343, 0.0 ], [ 13.145390230862104, 10.50476844158206, 0.0 ], [ 13.145982452024896, 10.502875579909746, 0.0 ], [ 13.147804149494444, 10.502410871564347, 0.0 ], [ 13.148730118560621, 10.501431355490874, 0.0 ], [ 13.151445881693936, 10.501998451876348, 0.0 ], [ 13.151695809398884, 10.500635536347296, 0.0 ], [ 13.152518989831993, 10.500359385161012, 0.0 ], [ 13.153055770785238, 10.500076409466265, 0.0 ], [ 13.154334440482211, 10.499749883983741, 0.0 ], [ 13.154944503055708, 10.498157057634963, 0.0 ], [ 13.156099701228106, 10.497385982824586, 0.0 ], [ 13.156859844414873, 10.498148348624973, 0.0 ], [ 13.158816087163952, 10.498083057471078, 0.0 ], [ 13.159519752003659, 10.497339566854327, 0.0 ], [ 13.161498933183525, 10.496993788295638, 0.0 ], [ 13.162056915236379, 10.496699952415296, 0.0 ], [ 13.162882773924848, 10.496705502897571, 0.0 ], [ 13.163665411873525, 10.495877447898252, 0.0 ], [ 13.164078770422378, 10.495473968019025, 0.0 ], [ 13.164474825984762, 10.495054856496507, 0.0 ], [ 13.164751108877555, 10.49478586101646, 0.0 ], [ 13.165010664574455, 10.494225284126435, 0.0 ], [ 13.163689540182247, 10.493611973784079, 0.0 ], [ 13.163354884616586, 10.492633650731822, 0.0 ], [ 13.163071493827786, 10.492371999316896, 0.0 ], [ 13.162789906673027, 10.491287781412538, 0.0 ], [ 13.162501776722298, 10.490751833875112, 0.0 ], [ 13.162779106580395, 10.49048124110212, 0.0 ], [ 13.163301363174968, 10.489115823697819, 0.0 ], [ 13.163843822118311, 10.488302027618253, 0.0 ], [ 13.164384033961026, 10.487161041893446, 0.0 ], [ 13.164942476629875, 10.486663681953136, 0.0 ], [ 13.166198493070508, 10.487283666165458, 0.0 ], [ 13.166553458026934, 10.486907913680954, 0.0 ], [ 13.166863479738149, 10.48660623105431, 0.0 ], [ 13.167935267222814, 10.486073584574118, 0.0 ], [ 13.168449279870302, 10.485529756547763, 0.0 ], [ 13.169004278510032, 10.485254459419888, 0.0 ], [ 13.168972359441884, 10.484307588399869, 0.0 ], [ 13.168979624690865, 10.48325553548659, 0.0 ], [ 13.170056378989164, 10.482536748474876, 0.0 ], [ 13.170316063471677, 10.481986744412277, 0.0 ], [ 13.170592332087221, 10.481717750081701, 0.0 ], [ 13.171309616112714, 10.480958747432776, 0.0 ], [ 13.173075943410634, 10.480602519259033, 0.0 ], [ 13.175977011484983, 10.481542867347205, 0.0 ], [ 13.176316686472989, 10.480825296865511, 0.0 ], [ 13.176592947189357, 10.480556299681959, 0.0 ], [ 13.176910477255129, 10.479541937866868, 0.0 ], [ 13.179036564426326, 10.479170907950081, 0.0 ], [ 13.178737454581917, 10.477817356750418, 0.0 ], [ 13.179273062732538, 10.477293326773411, 0.0 ], [ 13.180056283160747, 10.475640090868964, 0.0 ], [ 13.180983561558465, 10.475328697653529, 0.0 ], [ 13.180559754411377, 10.474154933118424, 0.0 ], [ 13.181956176212397, 10.473462053338102, 0.0 ], [ 13.183464079515257, 10.47152652020684, 0.0 ], [ 13.183851863536912, 10.471529346580187, 0.0 ], [ 13.184284281759572, 10.471515198135508, 0.0 ], [ 13.185478096252629, 10.47069070833899, 0.0 ], [ 13.186662902317748, 10.47038860303846, 0.0 ], [ 13.187374876689097, 10.469398655764353, 0.0 ], [ 13.186227213385317, 10.469046381917792, 0.0 ], [ 13.186248378521784, 10.466090110024009, 0.0 ], [ 13.185669950723955, 10.465014596996507, 0.0 ], [ 13.185674294336954, 10.464463197957468, 0.0 ], [ 13.185305124778189, 10.463777688273712, 0.0 ], [ 13.184282811533029, 10.463133541307368, 0.0 ], [ 13.184001224293553, 10.462049359107091, 0.0 ], [ 13.183444466709537, 10.461791316030341, 0.0 ], [ 13.183168239026731, 10.461106164090221, 0.0 ], [ 13.183983137332088, 10.460701635476354, 0.0 ], [ 13.184337551795819, 10.45917404362466, 0.0 ], [ 13.185871461667299, 10.458782261267366, 0.0 ], [ 13.186681523719665, 10.458495672109359, 0.0 ], [ 13.1875045402243, 10.458219484347843, 0.0 ], [ 13.188326514500583, 10.457786311063929, 0.0 ], [ 13.188303696004825, 10.457121090839035, 0.0 ], [ 13.188645994087567, 10.456442610299048, 0.0 ], [ 13.188284502773474, 10.455771274005956, 0.0 ], [ 13.188771053906207, 10.45430168192196, 0.0 ], [ 13.188230991350952, 10.453297026414468, 0.0 ], [ 13.188241810395386, 10.451874923159572, 0.0 ], [ 13.190417321481206, 10.451144316325651, 0.0 ], [ 13.190692190781959, 10.450853665801475, 0.0 ], [ 13.190669408232363, 10.450191090166948, 0.0 ], [ 13.190672501437819, 10.449785078162806, 0.0 ], [ 13.190653382424426, 10.449236105494656, 0.0 ], [ 13.191297534199471, 10.448607045388046, 0.0 ], [ 13.190889271190231, 10.446758058452787, 0.0 ], [ 13.190902095711488, 10.444928375843364, 0.0 ], [ 13.190597116069483, 10.444646408990389, 0.0 ], [ 13.190309130830249, 10.444357345559625, 0.0 ], [ 13.190315907295668, 10.443429548308004, 0.0 ], [ 13.190301663115065, 10.443004733846244, 0.0 ], [ 13.189475391966633, 10.442239067522234, 0.0 ], [ 13.189189380812554, 10.441141203610385, 0.0 ], [ 13.187455817985278, 10.440336701912956, 0.0 ], [ 13.186438413844062, 10.440370678397898, 0.0 ], [ 13.18589863871696, 10.43930415502197, 0.0 ], [ 13.185600162080112, 10.439028437297432, 0.0 ], [ 13.185067514570299, 10.43849360074976, 0.0 ], [ 13.184222419282804, 10.438234569234245, 0.0 ], [ 13.183802249583625, 10.437006299130696, 0.0 ], [ 13.184514932519216, 10.436310281575039, 0.0 ], [ 13.184432450680399, 10.433898775207103, 0.0 ], [ 13.184441511272565, 10.432660645103297, 0.0 ], [ 13.185008837642997, 10.429084542295572, 0.0 ], [ 13.18436540050568, 10.428489303185298, 0.0 ], [ 13.184065795213622, 10.426052095170276, 0.0 ], [ 13.182962387065478, 10.425801190422879, 0.0 ], [ 13.18190040972827, 10.42473461471241, 0.0 ], [ 13.180025824552807, 10.424398115736183, 0.0 ], [ 13.179659435651216, 10.423673950397038, 0.0 ], [ 13.179102759856033, 10.423415871333958, 0.0 ], [ 13.178819744722452, 10.422856597958647, 0.0 ], [ 13.177728719696349, 10.422892546139497, 0.0 ], [ 13.177454468663672, 10.422349542871611, 0.0 ], [ 13.177144116972402, 10.422062334471223, 0.0 ], [ 13.177155748100319, 10.420453070458695, 0.0 ], [ 13.178784610479223, 10.420465068384598, 0.0 ], [ 13.179055717105658, 10.419892730229181, 0.0 ], [ 13.17959807470093, 10.419078967043951, 0.0 ], [ 13.179841641191826, 10.417163776791654, 0.0 ], [ 13.180385633270575, 10.416632802153982, 0.0 ], [ 13.180648899696459, 10.416353420053406, 0.0 ], [ 13.180925119899122, 10.416084441857528, 0.0 ], [ 13.181124205473415, 10.415663304885166, 0.0 ], [ 13.1784063, 10.4173144, 0.0 ], [ 13.1664273, 10.4228311, 0.0 ], [ 13.1621001, 10.4252505, 0.0 ], [ 13.155921, 10.4287052, 0.0 ], [ 13.1481453, 10.4320231, 0.0 ], [ 13.1478348, 10.4321556, 0.0 ], [ 13.1432152, 10.4344549, 0.0 ], [ 13.1416083, 10.434991, 0.0 ], [ 13.1413342, 10.4350971, 0.0 ], [ 13.1398, 10.435607, 0.0 ], [ 13.1282519, 10.4413538, 0.0 ], [ 13.1224765, 10.443656, 0.0 ], [ 13.1143798, 10.4448175, 0.0 ], [ 13.1097506, 10.444829, 0.0 ], [ 13.1074456, 10.4471226, 0.0 ], [ 13.100074825171212, 10.449876342798461, 0.0 ], [ 13.100353325496531, 10.464924451593388, 0.0 ], [ 13.10381334116285, 10.468408881156103, 0.0 ] ] ], [ [ [ 13.102787110860147, 10.533101301227015, 0.0 ], [ 13.102842169372684, 10.532736456128539, 0.0 ], [ 13.102085959917446, 10.533585134830892, 0.0 ], [ 13.102787110860147, 10.533101301227015, 0.0 ] ] ], [ [ [ 13.092987881513682, 10.562160948780187, 0.0 ], [ 13.09504197363421, 10.56281604518214, 0.0 ], [ 13.095875463429719, 10.560639803296665, 0.0 ], [ 13.096695299102043, 10.560093089102912, 0.0 ], [ 13.097076786027992, 10.559287733846668, 0.0 ], [ 13.095540592395047, 10.558192196781931, 0.0 ], [ 13.095475091791021, 10.558194368673432, 0.0 ], [ 13.095172118952206, 10.561600409622468, 0.0 ], [ 13.092987881513682, 10.562160948780187, 0.0 ] ] ], [ [ [ 13.088024965946389, 10.564260888478747, 0.0 ], [ 13.088269084741993, 10.564262611342604, 0.0 ], [ 13.089259331982754, 10.563913007110679, 0.0 ], [ 13.089688053778698, 10.563007781009397, 0.0 ], [ 13.089456176416897, 10.563067287516695, 0.0 ], [ 13.088024965946389, 10.564260888478747, 0.0 ] ] ], [ [ [ 13.083932770848907, 10.568379776364742, 0.0 ], [ 13.08476097562766, 10.56782692699452, 0.0 ], [ 13.085017269745563, 10.567006276658901, 0.0 ], [ 13.085567210135075, 10.566733756348645, 0.0 ], [ 13.085830667764222, 10.566454374116086, 0.0 ], [ 13.086493139927581, 10.566125940656457, 0.0 ], [ 13.086742181934699, 10.565330704737089, 0.0 ], [ 13.084037610903936, 10.567586262987103, 0.0 ], [ 13.083932770848907, 10.568379776364742, 0.0 ] ] ], [ [ [ 13.083594359264264, 10.571888511470108, 0.0 ], [ 13.083976915997697, 10.571079969514214, 0.0 ], [ 13.084796805404237, 10.570533268347557, 0.0 ], [ 13.08505181814729, 10.569615887265345, 0.0 ], [ 13.083948325599847, 10.568920180719065, 0.0 ], [ 13.083874592321326, 10.568820117987162, 0.0 ], [ 13.083468649494522, 10.571892617935166, 0.0 ], [ 13.083594359264264, 10.571888511470108, 0.0 ] ] ], [ [ [ 13.078518566160723, 10.58585942916179, 0.0 ], [ 13.078850407889293, 10.586166599467314, 0.0 ], [ 13.079520837495382, 10.586838842885065, 0.0 ], [ 13.080508506834551, 10.587095131936451, 0.0 ], [ 13.080895239311729, 10.586278071467861, 0.0 ], [ 13.081188906354168, 10.585696421798147, 0.0 ], [ 13.081707995670467, 10.585190091807814, 0.0 ], [ 13.082230661791115, 10.583824618880069, 0.0 ], [ 13.082782457889124, 10.583286673154072, 0.0 ], [ 13.083607676395424, 10.582414230397001, 0.0 ], [ 13.083556810922328, 10.580914514388471, 0.0 ], [ 13.082235907250926, 10.580509762745908, 0.0 ], [ 13.081873343277199, 10.579116648566023, 0.0 ], [ 13.081480566616124, 10.578869162795003, 0.0 ], [ 13.079733954716476, 10.581122843136209, 0.0 ], [ 13.078518566160723, 10.58585942916179, 0.0 ] ] ], [ [ [ 13.074925646717391, 10.588881955763091, 0.0 ], [ 13.075189587148511, 10.588793452411252, 0.0 ], [ 13.075179524919026, 10.588517611953577, 0.0 ], [ 13.075455968271102, 10.588248635058882, 0.0 ], [ 13.075622450443598, 10.587340297373947, 0.0 ], [ 13.074999999909586, 10.587499999616881, 0.0 ], [ 13.074925646717391, 10.588881955763091, 0.0 ] ] ], [ [ [ 13.063095670432304, 10.605594444565483, 0.0 ], [ 13.06458794880144, 10.605952142456436, 0.0 ], [ 13.065553079099177, 10.604452295974468, 0.0 ], [ 13.063123575455363, 10.605075750737104, 0.0 ], [ 13.063095670432304, 10.605594444565483, 0.0 ] ] ], [ [ [ 13.063490684260534, 10.61438776871567, 0.0 ], [ 13.063180576293744, 10.613810757981044, 0.0 ], [ 13.063190940140252, 10.612493138672317, 0.0 ], [ 13.062739812668726, 10.612209068225082, 0.0 ], [ 13.062585905631648, 10.615069866085982, 0.0 ], [ 13.063490684260534, 10.61438776871567, 0.0 ] ] ], [ [ [ 13.062534167012748, 10.625218120465965, 0.0 ], [ 13.063890678419741, 10.62522803536908, 0.0 ], [ 13.064425103216443, 10.624662817984543, 0.0 ], [ 13.065263636928979, 10.624381791347741, 0.0 ], [ 13.065519769129356, 10.62354526459108, 0.0 ], [ 13.064949483765197, 10.623016571275341, 0.0 ], [ 13.064958109928847, 10.621811587457145, 0.0 ], [ 13.064943933113186, 10.621386708717971, 0.0 ], [ 13.064373660776116, 10.620858541096872, 0.0 ], [ 13.064382292356246, 10.619653556357308, 0.0 ], [ 13.064368117559843, 10.619228677216766, 0.0 ], [ 13.063814090760273, 10.618716156750983, 0.0 ], [ 13.06253589952186, 10.617433727289777, 0.0 ], [ 13.062499999938089, 10.617328871291114, 0.0 ], [ 13.062499999938231, 10.625364987901698, 0.0 ], [ 13.062534167012748, 10.625218120465965, 0.0 ] ] ] ] } },
{ "type": "Feature", "properties": { "Stra_Catch": "Hawal-Kilunga", "State": "Borno", "LGA": "Shani", "Population": 0, "Cleard_TOR": "Yes", "Status": "Studies Ongoing", "Start_Date": "2025-03-01T00:00:00", "End_Date": "2025-12-01T00:00:00", "Micr_Catch": "Bargu", "Size_Ha": 11637.423085599999, "Comments": null, "OBJECTID_1": 0, "Shape_Leng": 0.0, "Shape_Area": 0.0, "parent_strategic_name": "Hawal-Kilunga", "clipped_to_state": true }, "geometry": { "type": "Polygon", "coordinates": [ [ [ 12.012499999457775, 10.116666667532021, 0.0 ], [ 12.012146673812335, 10.11424221490565, 0.0 ], [ 12.008686659044587, 10.1107577862422, 0.0 ], [ 12.007980006854391, 10.105908881888723, 0.0 ], [ 12.004519992086642, 10.102424452325952, 0.0 ], [ 12.003813340795698, 10.093408881913696, 0.0 ], [ 11.996186659070011, 10.08575778539284, 0.0 ], [ 11.995833333424564, 10.079166666707689, 0.0 ], [ 11.999113633969872, 10.078394233606376, 0.0 ], [ 12.00048217729343, 10.074000718957379, 0.0 ], [ 11.996362982848332, 10.068914795580719, 0.0 ], [ 11.995303683101467, 10.056085205766971, 0.0 ], [ 11.992196315890311, 10.052248128647594, 0.0 ], [ 11.991666666466564, 10.045833333740749, 0.0 ], [ 11.991666666466557, 10.041666666782593, 0.0 ], [ 11.987499999508623, 10.0416666667826, 0.0 ], [ 11.986600409464581, 10.03816121466771, 0.0 ], [ 11.979166666492008, 10.037500000723837, 0.0 ], [ 11.976742213865732, 10.037853326369291, 0.0 ], [ 11.973257785202415, 10.041313341137178, 0.0 ], [ 11.97083333257614, 10.041666666782632, 0.0 ], [ 11.970833332576145, 10.045833333740788, 0.0 ], [ 11.95612284307917, 10.04640062159087, 0.0 ], [ 11.952210490006697, 10.049432712848859, 0.0 ], [ 11.946684094879856, 10.050850762951795, 0.0 ], [ 11.945266044776988, 10.056377157179526, 0.0 ], [ 11.942233954418446, 10.060289510252151, 0.0 ], [ 11.941099378718404, 10.081377157129541, 0.0 ], [ 11.93390062050254, 10.089456177160333, 0.0 ], [ 11.932766044802522, 10.09387715710459, 0.0 ], [ 11.92973395444392, 10.097789510177217, 0.0 ], [ 11.928599378743852, 10.106377157079631, 0.0 ], [ 11.917233954469351, 10.118622844068467, 0.0 ], [ 11.915815904366481, 10.124149238296196, 0.0 ], [ 11.910289510138997, 10.125567288399134, 0.0 ], [ 11.906377156167133, 10.128599379657173, 0.0 ], [ 11.903229437275158, 10.12973395535724, 0.0 ], [ 11.893749999249792, 10.121287367117807, 0.0 ], [ 11.885543823175897, 10.128599379657201, 0.0 ], [ 11.879166666695504, 10.129166667507274, 0.0 ], [ 11.879733954545555, 10.135543823987812, 0.0 ], [ 11.88276604490418, 10.139456177060486, 0.0 ], [ 11.883900620604223, 10.148043823962842, 0.0 ], [ 11.888067287562254, 10.153420003529899, 0.0 ], [ 11.886932711862173, 10.156377156979771, 0.0 ], [ 11.882766044904214, 10.161753337446106, 0.0 ], [ 11.884072197760856, 10.169953749765284, 0.0 ], [ 11.889710489234607, 10.171400621341146, 0.0 ], [ 11.893622843206487, 10.174432712599117, 0.0 ], [ 11.898043823150603, 10.175567288299231, 0.0 ], [ 11.901956176223102, 10.178599379557262, 0.0 ], [ 11.912499999661451, 10.179166667407248, 0.0 ], [ 11.912499999661442, 10.175000000449151, 0.0 ], [ 11.919091118346428, 10.174646674803686, 0.0 ], [ 11.922575547909078, 10.171186659136485, 0.0 ], [ 11.927424451363015, 10.170480007845578, 0.0 ], [ 11.930908880925665, 10.167019993077689, 0.0 ], [ 11.939924451337607, 10.16631334178672, 0.0 ], [ 11.943408880900252, 10.162853326119571, 0.0 ], [ 11.952424451312183, 10.162146674828602, 0.0 ], [ 11.960075547832764, 10.154519993102609, 0.0 ], [ 11.964924451286686, 10.153813341811702, 0.0 ], [ 11.968408880849324, 10.150353326144494, 0.0 ], [ 11.977424452160559, 10.149646674853523, 0.0 ], [ 11.989242214739789, 10.137853326169424, 0.0 ], [ 11.991666666466744, 10.137500000523969, 0.0 ], [ 11.994120788626677, 10.137142266401835, 0.0 ], [ 12.012146673812344, 10.119091119259075, 0.0 ], [ 12.012499999457775, 10.116666667532021, 0.0 ] ] ] } },
{ "type": "Feature", "properties": { "Stra_Catch": "Hawal-Kilunga", "State": "Borno", "LGA": "Hawul", "Population": 0, "Cleard_TOR": "No", "Status": "Not Yet", "Start_Date": "1899-12-30T00:00:00", "End_Date": "1899-12-30T00:00:00", "Micr_Catch": "Marama", "Size_Ha": 26575.4181647, "Comments": null, "OBJECTID_1": 1, "Shape_Leng": 1.26266991144, "Shape_Area": 0.021900462256000001, "parent_strategic_name": "Hawal-Kilunga", "clipped_to_state": true }, "geometry": { "type": "Polygon", "coordinates": [ [ [ 12.313142733517783, 10.591988458399101, 0.0 ], [ 12.311737229856742, 10.58019137932718, 0.0 ], [ 12.305130852374905, 10.578202311885693, 0.0 ], [ 12.303523932051865, 10.572865126023238, 0.0 ], [ 12.300642733543512, 10.568801541156679, 0.0 ], [ 12.299999999768424, 10.566666667531189, 0.0 ], [ 12.29964667412299, 10.564242214904819, 0.0 ], [ 12.296186658456008, 10.560757786241377, 0.0 ], [ 12.295833332810572, 10.558333333614948, 0.0 ], [ 12.289242214125808, 10.558686659260481, 0.0 ], [ 12.285757785462598, 10.562146674927694, 0.0 ], [ 12.28161773663869, 10.562853326218608, 0.0 ], [ 12.273257785488353, 10.554519993201755, 0.0 ], [ 12.264242214177406, 10.553813341011516, 0.0 ], [ 12.254524400052134, 10.544121636902721, 0.0 ], [ 12.253813340284577, 10.539242214954914, 0.0 ], [ 12.250353325516901, 10.535757785392153, 0.0 ], [ 12.249999999871434, 10.525000000648228, 0.0 ], [ 12.258333332887791, 10.525000000648198, 0.0 ], [ 12.258333332887776, 10.520833333690041, 0.0 ], [ 12.257980007242326, 10.514242215004893, 0.0 ], [ 12.250353325516796, 10.506591119383366, 0.0 ], [ 12.249646674225895, 10.493408882013009, 0.0 ], [ 12.246186658558894, 10.489924452450245, 0.0 ], [ 12.245480007267968, 10.485075548096766, 0.0 ], [ 12.229519992526027, 10.469091119458332, 0.0 ], [ 12.228813340335781, 10.46424221510491, 0.0 ], [ 12.216313340361504, 10.451716445056725, 0.0 ], [ 12.217019991652336, 10.443408882113038, 0.0 ], [ 12.220480007319319, 10.439924452550251, 0.0 ], [ 12.221186658610144, 10.430908882137992, 0.0 ], [ 12.228813340335641, 10.423257785617094, 0.0 ], [ 12.229519992525798, 10.401742215229797, 0.0 ], [ 12.237146674251287, 10.394091118708905, 0.0 ], [ 12.237499999896691, 10.387500000023753, 0.0 ], [ 12.237499999896677, 10.383333333964911, 0.0 ], [ 12.230908881211928, 10.382980008319485, 0.0 ], [ 12.227424451649355, 10.379519992652295, 0.0 ], [ 12.214951069808983, 10.378813341361436, 0.0 ], [ 12.206591118658707, 10.387146674378341, 0.0 ], [ 12.20174221430551, 10.387853326568628, 0.0 ], [ 12.189924451726569, 10.399646674353427, 0.0 ], [ 12.185075547373362, 10.400353326543716, 0.0 ], [ 12.177424451752255, 10.407980008269714, 0.0 ], [ 12.164242214382616, 10.408686659560651, 0.0 ], [ 12.15452440025731, 10.418378364568829, 0.0 ], [ 12.153813340489782, 10.423257785617315, 0.0 ], [ 12.15035332572209, 10.426742215180099, 0.0 ], [ 12.150000000076666, 10.42916666690715, 0.0 ], [ 12.150567287926718, 10.435543823387745, 0.0 ], [ 12.153599378285227, 10.439456177359679, 0.0 ], [ 12.15482788097847, 10.453267076813132, 0.0 ], [ 12.160543822615562, 10.454733954707192, 0.0 ], [ 12.166070895831171, 10.459343465827246, 0.0 ], [ 12.167233953959833, 10.498043823262753, 0.0 ], [ 12.1717527594581, 10.50346238877713, 0.0 ], [ 12.182445949496218, 10.504875014169489, 0.0 ], [ 12.183900620892102, 10.510543823237738, 0.0 ], [ 12.186932712149925, 10.514456177209672, 0.0 ], [ 12.1875, 10.516666666732167, 0.0 ], [ 12.195833333016433, 10.516666666732142, 0.0 ], [ 12.198257784743349, 10.517019993276907, 0.0 ], [ 12.201742214305936, 10.520480008044776, 0.0 ], [ 12.210757784717682, 10.521186659335703, 0.0 ], [ 12.218408881238137, 10.528813341061657, 0.0 ], [ 12.224999999922957, 10.529166666707088, 0.0 ], [ 12.229166665981488, 10.529166666707072, 0.0 ], [ 12.228599378131568, 10.560543824037001, 0.0 ], [ 12.225567287773046, 10.564456177109633, 0.0 ], [ 12.224432712073094, 10.577210490070824, 0.0 ], [ 12.221400620815247, 10.581122844042776, 0.0 ], [ 12.219982401639859, 10.58664923827051, 0.0 ], [ 12.216666666007386, 10.587500000523386, 0.0 ], [ 12.21723395385742, 10.589710490045881, 0.0 ], [ 12.221229213630638, 10.594865587475661, 0.0 ], [ 12.228315734656338, 10.596684095793149, 0.0 ], [ 12.229166665981731, 10.60000000049838, 0.0 ], [ 12.235493468521243, 10.600617473216561, 0.0 ], [ 12.239583333376368, 10.603605143361371, 0.0 ], [ 12.245364209662453, 10.599382527780124, 0.0 ], [ 12.247993468495519, 10.60061747321652, 0.0 ], [ 12.252006530348583, 10.6035491947382, 0.0 ], [ 12.268826802385464, 10.60478413927523, 0.0 ], [ 12.281173197254947, 10.616049194713129, 0.0 ], [ 12.290931532133532, 10.61746927908248, 0.0 ], [ 12.292383829319274, 10.632346938159191, 0.0 ], [ 12.29933302117055, 10.63433397133422, 0.0 ], [ 12.300674099198874, 10.661642456332782, 0.0 ], [ 12.310339864161387, 10.670215861571196, 0.0 ], [ 12.322993469240295, 10.671450806108234, 0.0 ], [ 12.327006530194064, 10.674382528529286, 0.0 ], [ 12.332406954583705, 10.675926378497962, 0.0 ], [ 12.334259710883286, 10.682406956114466, 0.0 ], [ 12.339660135272981, 10.683950806083203, 0.0 ], [ 12.343673197126005, 10.686882528504194, 0.0 ], [ 12.349073621515693, 10.688426378472871, 0.0 ], [ 12.351106431082091, 10.695536635305761, 0.0 ], [ 12.360339864057991, 10.703549194537938, 0.0 ], [ 12.364660135221307, 10.704784139075004, 0.0 ], [ 12.368673197074319, 10.707715861495998, 0.0 ], [ 12.372993469136894, 10.708950806033071, 0.0 ], [ 12.381173197048438, 10.716049194512875, 0.0 ], [ 12.387203300654328, 10.717773098647701, 0.0 ], [ 12.395215690813451, 10.727006361652379, 0.0 ], [ 12.396450975294174, 10.731326972759661, 0.0 ], [ 12.399382357771264, 10.735339694669232, 0.0 ], [ 12.400617641352666, 10.739660305776574, 0.0 ], [ 12.407715690787594, 10.747839694644229, 0.0 ], [ 12.409492153101324, 10.754052734743961, 0.0 ], [ 12.41450653001295, 10.757715861395861, 0.0 ], [ 12.42299346903326, 10.75895080593291, 0.0 ], [ 12.44783986387656, 10.782715861345759, 0.0 ], [ 12.449999999458168, 10.783333334063951, 0.0 ], [ 12.452424452084331, 10.783686659709391, 0.0 ], [ 12.455908880747502, 10.787146674477254, 0.0 ], [ 12.458333333373664, 10.787500000122689, 0.0 ], [ 12.463067287282081, 10.786285061903843, 0.0 ], [ 12.461932711582007, 10.776956177583296, 0.0 ], [ 12.458900621223593, 10.773043823611317, 0.0 ], [ 12.457482401148875, 10.76751742938365, 0.0 ], [ 12.450708515942859, 10.765779283584875, 0.0 ], [ 12.449432711608006, 10.756122843692131, 0.0 ], [ 12.446400621249531, 10.752210490619472, 0.0 ], [ 12.445266045549484, 10.74778951067522, 0.0 ], [ 12.442233954291744, 10.743877156703292, 0.0 ], [ 12.441099378591694, 10.739456176759044, 0.0 ], [ 12.438067287333956, 10.735543823686381, 0.0 ], [ 12.436932711633817, 10.714456176809, 0.0 ], [ 12.425567287359797, 10.7022104907195, 0.0 ], [ 12.424999999509776, 10.700000000297743, 0.0 ], [ 12.424228583541723, 10.692438083248888, 0.0 ], [ 12.410364955938523, 10.691023763533876, 0.0 ], [ 12.406301710116717, 10.688142904069807, 0.0 ], [ 12.4020316229223, 10.686857096575814, 0.0 ], [ 12.39380171014264, 10.679809571052989, 0.0 ], [ 12.381198289032669, 10.678523763558976, 0.0 ], [ 12.37713504321079, 10.675642904094909, 0.0 ], [ 12.370983208272049, 10.673790486839701, 0.0 ], [ 12.363142733414572, 10.664634874897798, 0.0 ], [ 12.361238436968558, 10.658309936652497, 0.0 ], [ 12.356301710220356, 10.654809571103089, 0.0 ], [ 12.350261772527849, 10.652991061886285, 0.0 ], [ 12.329809400449912, 10.631301541031677, 0.0 ], [ 12.32852393200036, 10.627031792881315, 0.0 ], [ 12.324357265941853, 10.621155124407903, 0.0 ], [ 12.325642733492037, 10.614531792906295, 0.0 ], [ 12.329120212194447, 10.609627278974122, 0.0 ], [ 12.322968376356284, 10.604809571203154, 0.0 ], [ 12.307690599009804, 10.60325113962684, 0.0 ], [ 12.308976067459316, 10.597865125973229, 0.0 ], [ 12.313142733517783, 10.591988458399101, 0.0 ] ] ] } },
{ "type": "Feature", "properties": { "Stra_Catch": "Hadejia_Jamaare", "State": "Yobe", "LGA": "Damaturu", "Population": 194089, "Cleard_TOR": "No yet cleared", "Status": "Not yet awared", "Start_Date": "2024-12-12T00:00:00", "End_Date": "2025-01-25T00:00:00", "Micr_Catch": "Damaturu 2", "Size_Ha": 14702.507484399999, "Comments": null, "OBJECTID_1": 0, "Shape_Leng": 0.0, "Shape_Area": 0.0, "parent_strategic_name": "Ngada (West Chad)", "clipped_to_state": true }, "geometry": { "type": "Polygon", "coordinates": [ [ [ 12.283900621176407, 11.785289510089598, 0.0 ], [ 12.286932712105044, 11.781377156573964, 0.0 ], [ 12.288350931777249, 11.775850931801822, 0.0 ], [ 12.293877156549069, 11.774432712129492, 0.0 ], [ 12.297789510064456, 11.771400621200653, 0.0 ], [ 12.315667215955344, 11.770201958548673, 0.0 ], [ 12.328599378769182, 11.756377156573794, 0.0 ], [ 12.329733954506903, 11.743622843422749, 0.0 ], [ 12.33390062117329, 11.738246663409708, 0.0 ], [ 12.332596672876893, 11.730059136282982, 0.0 ], [ 12.327210489880239, 11.725567287867204, 0.0 ], [ 12.316666666638683, 11.72499999999833, 0.0 ], [ 12.315998670762054, 11.740854220918468, 0.0 ], [ 12.306173197401094, 11.742284308537867, 0.0 ], [ 12.302083333306291, 11.745271809894216, 0.0 ], [ 12.297993469211461, 11.742284308537901, 0.0 ], [ 12.285339864068943, 11.741049024792288, 0.0 ], [ 12.277160135879264, 11.733950975204644, 0.0 ], [ 12.270833333307994, 11.73333333333184, 0.0 ], [ 12.268408881268199, 11.733686659069697, 0.0 ], [ 12.264924452014927, 11.73714667426068, 0.0 ], [ 12.251742214602439, 11.737853325736427, 0.0 ], [ 12.247916666642585, 11.741652086044597, 0.0 ], [ 12.244091118682702, 11.737853325736452, 0.0 ], [ 12.226742214603725, 11.737146674260817, 0.0 ], [ 12.223257785350411, 11.733686659069855, 0.0 ], [ 12.216699657224273, 11.733172624956159, 0.0 ], [ 12.216771, 11.7337422, 0.0 ], [ 12.2195395, 11.7437375, 0.0 ], [ 12.2212698, 11.7560193, 0.0 ], [ 12.2296831, 11.7581791, 0.0 ], [ 12.2376238, 11.7603518, 0.0 ], [ 12.2357528, 11.7675051, 0.0 ], [ 12.2393668, 11.7894869, 0.0 ], [ 12.242889, 11.8019134, 0.0 ], [ 12.2443017, 11.8093451, 0.0 ], [ 12.2476383, 11.8127497, 0.0 ], [ 12.2528883, 11.817239, 0.0 ], [ 12.2569653, 11.8183672, 0.0 ], [ 12.2608471, 11.8205404, 0.0 ], [ 12.268522359536258, 11.825312818961882, 0.0 ], [ 12.282766045438727, 11.810543823240643, 0.0 ], [ 12.283900621176407, 11.785289510089598, 0.0 ] ] ] } },
{ "type": "Feature", "properties": { "Stra_Catch": "Yedseram (East-Chad)", "State": "Adamawa", "LGA": "Madagali", "Population": 0, "Cleard_TOR": "Cleared", "Status": "Completed", "Start_Date": "2024-01-04T00:00:00", "End_Date": "2024-03-15T00:00:00", "Micr_Catch": "Madagali", "Size_Ha": 63194.688612799997, "Comments": null, "OBJECTID_1": 0, "Shape_Leng": 0.0, "Shape_Area": 0.0, "parent_strategic_name": "Ngada (West Chad)", "clipped_to_state": true }, "geometry": { "type": "MultiPolygon", "coordinates": [ [ [ [ 13.267409369748332, 10.797615403325764, 0.0 ], [ 13.267148916618941, 10.797087873108204, 0.0 ], [ 13.267212937060243, 10.797807557783669, 0.0 ], [ 13.267409369748332, 10.797615403325764, 0.0 ] ] ], [ [ [ 13.275865023231699, 10.8158195629491, 0.0 ], [ 13.275812529768375, 10.815666907164982, 0.0 ], [ 13.275850761711638, 10.815815903868392, 0.0 ], [ 13.275865023231699, 10.8158195629491, 0.0 ] ] ], [ [ [ 13.290040253243584, 10.829483483926913, 0.0 ], [ 13.289499881506378, 10.828481767615564, 0.0 ], [ 13.288700459704049, 10.826559503720709, 0.0 ], [ 13.288071856266473, 10.826268839431245, 0.0 ], [ 13.28780065834332, 10.825996716643784, 0.0 ], [ 13.287501613071889, 10.825721281820405, 0.0 ], [ 13.28682174788945, 10.82438375900125, 0.0 ], [ 13.285585190058814, 10.824425807343932, 0.0 ], [ 13.285129544781336, 10.824423018859765, 0.0 ], [ 13.290279485061173, 10.830202693529952, 0.0 ], [ 13.290040253243584, 10.829483483926913, 0.0 ] ] ], [ [ [ 13.292851731698002, 10.837821345973305, 0.0 ], [ 13.291624295599778, 10.837023689540782, 0.0 ], [ 13.2919083349944, 10.840216713445347, 0.0 ], [ 13.292851731698002, 10.837821345973305, 0.0 ] ] ], [ [ [ 13.294195802794585, 10.846408559270239, 0.0 ], [ 13.29373709739985, 10.845304166444302, 0.0 ], [ 13.293264639812534, 10.844868642922405, 0.0 ], [ 13.293271997606503, 10.843811995380333, 0.0 ], [ 13.292962252857572, 10.843238628757417, 0.0 ], [ 13.292970984955497, 10.841903687005701, 0.0 ], [ 13.292128741277136, 10.841631617337333, 0.0 ], [ 13.292034486187557, 10.841634839884748, 0.0 ], [ 13.292233954237558, 10.84387715649261, 0.0 ], [ 13.294195802794585, 10.846408559270239, 0.0 ] ] ], [ [ [ 13.295858127912609, 10.867380507217529, 0.0 ], [ 13.296879635169232, 10.866872819185437, 0.0 ], [ 13.296854901533846, 10.866191620317496, 0.0 ], [ 13.297133700736836, 10.865050047933448, 0.0 ], [ 13.297097635700984, 10.864025725427192, 0.0 ], [ 13.297101757873881, 10.863492376930154, 0.0 ], [ 13.296522809338247, 10.86241936407276, 0.0 ], [ 13.297210022079343, 10.860673511357618, 0.0 ], [ 13.2967760412803, 10.860239051513139, 0.0 ], [ 13.295955670075784, 10.859482040966954, 0.0 ], [ 13.295916226504504, 10.858370291782435, 0.0 ], [ 13.297011995443528, 10.857524105900945, 0.0 ], [ 13.29890496998687, 10.857535670239125, 0.0 ], [ 13.29945290544333, 10.856444772721972, 0.0 ], [ 13.298710327264304, 10.854622741638799, 0.0 ], [ 13.298326707337896, 10.85426923581535, 0.0 ], [ 13.298051594694309, 10.853726580725443, 0.0 ], [ 13.297492894130718, 10.853468280006531, 0.0 ], [ 13.297846490884229, 10.852397017189348, 0.0 ], [ 13.297469332875139, 10.851299241868187, 0.0 ], [ 13.297176561939729, 10.850493622126695, 0.0 ], [ 13.297451068850622, 10.849948300577591, 0.0 ], [ 13.297166062083692, 10.849685112126446, 0.0 ], [ 13.29675672805015, 10.848879006341846, 0.0 ], [ 13.295789742927857, 10.849157846887023, 0.0 ], [ 13.295809243888984, 10.849698794144079, 0.0 ], [ 13.295406223463685, 10.849333924066705, 0.0 ], [ 13.295291900032019, 10.84921954524402, 0.0 ], [ 13.295629748647521, 10.867906229339777, 0.0 ], [ 13.295858127912609, 10.867380507217529, 0.0 ] ] ], [ [ [ 13.295867339042125, 10.873246320449692, 0.0 ], [ 13.296382159741409, 10.872156670991993, 0.0 ], [ 13.297497955371327, 10.872406363407261, 0.0 ], [ 13.298567454898967, 10.872932594577421, 0.0 ], [ 13.299375720132955, 10.870158363133097, 0.0 ], [ 13.298831632803088, 10.869952195887279, 0.0 ], [ 13.297179103121985, 10.869710023638438, 0.0 ], [ 13.296907845307915, 10.869437927598442, 0.0 ], [ 13.29563621919945, 10.868264120875445, 0.0 ], [ 13.295731172633838, 10.87351607323165, 0.0 ], [ 13.295867339042125, 10.873246320449692, 0.0 ] ] ], [ [ [ 13.297272102222516, 10.876344196799813, 0.0 ], [ 13.297275462049074, 10.87568374685341, 0.0 ], [ 13.296932095032153, 10.875007543193298, 0.0 ], [ 13.295751622177562, 10.874647154271859, 0.0 ], [ 13.295789160177343, 10.876723411836117, 0.0 ], [ 13.297272102222516, 10.876344196799813, 0.0 ] ] ] ] } },
{ "type": "Feature", "properties": { "Stra_Catch": "Nggada West Chad", "State": "Borno", "LGA": "Jere", "Population": 0, "Cleard_TOR": "Yes", "Status": "Studies Ongoing", "Start_Date": "2025-03-01T00:00:00", "End_Date": "2025-12-01T00:00:00", "Micr_Catch": "Molai", "Size_Ha": 126902.988017, "Comments": null, "OBJECTID_1": 0, "Shape_Leng": 0.0, "Shape_Area": 0.0, "parent_strategic_name": "Ngada (West Chad)", "clipped_to_state": true }, "geometry": { "type": "Polygon", "coordinates": [ [ [ 13.260757785169899, 11.341313341225165, 0.0 ], [ 13.255908880817827, 11.34201999251618, 0.0 ], [ 13.248257785198643, 11.349646675141656, 0.0 ], [ 13.226742213918094, 11.350353326433103, 0.0 ], [ 13.222916666108452, 11.35415208613817, 0.0 ], [ 13.219091118298625, 11.350353326433275, 0.0 ], [ 13.216666666572161, 11.350000000787883, 0.0 ], [ 13.216666666572065, 11.345833333829729, 0.0 ], [ 13.21342637776463, 11.344906955679987, 0.0 ], [ 13.211882526896904, 11.339506531289951, 0.0 ], [ 13.20800238664159, 11.334194777355759, 0.0 ], [ 13.197839694090039, 11.332715692064404, 0.0 ], [ 13.189660305224276, 11.325617642629179, 0.0 ], [ 13.179960801297783, 11.324205865297714, 0.0 ], [ 13.178549193938149, 11.31450653134066, 0.0 ], [ 13.16107788019209, 11.295911832154976, 0.0 ], [ 13.156326971365935, 11.299382358199011, 0.0 ], [ 13.153360323774001, 11.300617642679869, 0.0 ], [ 13.139660305335996, 11.288117642705114, 0.0 ], [ 13.133333332825744, 11.2875000000152, 0.0 ], [ 13.13333333282549, 11.275000000040174, 0.0 ], [ 13.132980007179993, 11.268408881355034, 0.0 ], [ 13.129519992412876, 11.264924452691643, 0.0 ], [ 13.129166665868057, 11.25833333400645, 0.0 ], [ 13.122839694257115, 11.257715692215857, 0.0 ], [ 13.110493638434024, 11.246450975822539, 0.0 ], [ 13.106173027327666, 11.245215692241137, 0.0 ], [ 13.102160305418954, 11.242284308864594, 0.0 ], [ 13.097839694312638, 11.241049025283194, 0.0 ], [ 13.093826971504599, 11.238117641906589, 0.0 ], [ 13.085339694340387, 11.236882358325314, 0.0 ], [ 13.081326971532331, 11.233950975848032, 0.0 ], [ 13.074530706698058, 11.23271569226667, 0.0 ], [ 13.068826971560139, 11.236882358325603, 0.0 ], [ 13.065929836166349, 11.238117641907078, 0.0 ], [ 13.056326971587769, 11.229784308890363, 0.0 ], [ 13.050768364544824, 11.228195021574692, 0.0 ], [ 13.04919060563855, 11.217354669174371, 0.0 ], [ 13.037500000004091, 11.216666667124931, 0.0 ], [ 13.035075547378234, 11.217019992770425, 0.0 ], [ 13.031591118715571, 11.220480008437677, 0.0 ], [ 13.018408880448641, 11.221186659728783, 0.0 ], [ 13.014924451785955, 11.224646674496718, 0.0 ], [ 13.005908880476216, 11.225353325787815, 0.0 ], [ 13.002424451813514, 11.228813341455012, 0.0 ], [ 12.995833333129628, 11.229166667100612, 0.0 ], [ 12.995172118286726, 11.23660041007343, 0.0 ], [ 12.989456176650487, 11.238067287967645, 0.0 ], [ 12.981377155722074, 11.245266046183895, 0.0 ], [ 12.968622842763343, 11.246400621884147, 0.0 ], [ 12.963467746233906, 11.250395881657651, 0.0 ], [ 12.961584472340416, 11.257734850476048, 0.0 ], [ 12.941666666282172, 11.258333334009496, 0.0 ], [ 12.942517428534932, 11.261649068742887, 0.0 ], [ 12.945833333239575, 11.262500000068215, 0.0 ], [ 12.94668409549239, 11.265815735700929, 0.0 ], [ 12.949999999297708, 11.266666667026312, 0.0 ], [ 12.953315904002343, 11.267517599251015, 0.0 ], [ 12.954166666255102, 11.270833333984351, 0.0 ], [ 12.954733954105212, 11.281377157423032, 0.0 ], [ 12.957766045362689, 11.285289510495611, 0.0 ], [ 12.958900621062726, 11.293877157398008, 0.0 ], [ 12.96609937837832, 11.30195617742862, 0.0 ], [ 12.967375012741254, 11.311612617321405, 0.0 ], [ 12.97414923699105, 11.313350932192629, 0.0 ], [ 12.974999999243808, 11.31666666692602, 0.0 ], [ 12.974999999243872, 11.320833333884117, 0.0 ], [ 12.975353324889291, 11.32325778561116, 0.0 ], [ 12.978813340555886, 11.326742215173887, 0.0 ], [ 12.97951999184685, 11.33575778558613, 0.0 ], [ 12.982980007513389, 11.33924221514885, 0.0 ], [ 12.983333333158862, 11.341666666875897, 0.0 ], [ 12.98390062100885, 11.343877157297705, 0.0 ], [ 12.986932711366991, 11.347789510370283, 0.0 ], [ 12.988067287066963, 11.352210490314523, 0.0 ], [ 12.996416218823276, 11.361580234432822, 0.0 ], [ 13.003315903894382, 11.363350932092253, 0.0 ], [ 13.004733953997119, 11.368877157247395, 0.0 ], [ 13.007864718869447, 11.372916667262732, 0.0 ], [ 13.004733953997251, 11.376956177278167, 0.0 ], [ 13.004166666147475, 11.387500000716868, 0.0 ], [ 13.00637715656881, 11.388067288566894, 0.0 ], [ 13.019929673601391, 11.400645785866461, 0.0 ], [ 13.021732923121469, 11.40767211976461, 0.0 ], [ 13.035543822572148, 11.408900621558336, 0.0 ], [ 13.041010877731567, 11.41345977783828, 0.0 ], [ 13.042327880009411, 11.428267076656052, 0.0 ], [ 13.049338785137152, 11.430066257643347, 0.0 ], [ 13.050567287830351, 11.443877157096779, 0.0 ], [ 13.053599378188501, 11.447789510169347, 0.0 ], [ 13.054733953888462, 11.452210490113584, 0.0 ], [ 13.057873534814803, 11.456261359465641, 0.0 ], [ 13.046400620873554, 11.468622844060691, 0.0 ], [ 13.045833333024236, 11.504166667449452, 0.0 ], [ 13.047993638577477, 11.504784309240124, 0.0 ], [ 13.052006360486288, 11.507715691717356, 0.0 ], [ 13.060493638549987, 11.508950975298692, 0.0 ], [ 13.064506360458786, 11.511882358675297, 0.0 ], [ 13.075267537443231, 11.513448588272924, 0.0 ], [ 13.071450805687416, 11.518673197900974, 0.0 ], [ 13.070215860251425, 11.527160136022729, 0.0 ], [ 13.067228190107256, 11.531250000878137, 0.0 ], [ 13.070215860251576, 11.535339864834123, 0.0 ], [ 13.071450805687848, 11.542135789726162, 0.0 ], [ 13.067284138730678, 11.5478398648092, 0.0 ], [ 13.066049194194333, 11.571302456634351, 0.0 ], [ 13.070215860252347, 11.577006530817988, 0.0 ], [ 13.071450805688542, 11.57963578965119, 0.0 ], [ 13.067284138731367, 11.585339864734236, 0.0 ], [ 13.066049194194671, 11.589660135897834, 0.0 ], [ 13.063117471774289, 11.59367319775124, 0.0 ], [ 13.061882527237561, 11.596302456584482, 0.0 ], [ 13.066049194194898, 11.602006530768065, 0.0 ], [ 13.067284138731749, 11.606326802830935, 0.0 ], [ 13.07021586025296, 11.610339864684242, 0.0 ], [ 13.071450805689162, 11.613236661034277, 0.0 ], [ 13.06311747177482, 11.622839864659396, 0.0 ], [ 13.061882527238199, 11.631326802781093, 0.0 ], [ 13.058950804817808, 11.635339864634441, 0.0 ], [ 13.05771586028105, 11.639660136697353, 0.0 ], [ 13.054784138760029, 11.643673197651445, 0.0 ], [ 13.053549194223271, 11.647993469714363, 0.0 ], [ 13.05061747180287, 11.652006531567707, 0.0 ], [ 13.049382527266214, 11.659139676146699, 0.0 ], [ 13.061944579560768, 11.672908189652556, 0.0 ], [ 13.058950804818561, 11.677006531517625, 0.0 ], [ 13.058333333, 11.687500000116296, 0.0 ], [ 13.062523396719605, 11.688761562787231, 0.0 ], [ 13.066023762268404, 11.693698290435044, 0.0 ], [ 13.067928398658026, 11.700023566825392, 0.0 ], [ 13.072865125405626, 11.703523933274049, 0.0 ], [ 13.082837930604359, 11.705043538419501, 0.0 ], [ 13.096476236664698, 11.720119391887112, 0.0 ], [ 13.095190429171176, 11.73130171059621, 0.0 ], [ 13.091416422407065, 11.736624484822887, 0.0 ], [ 13.099999999875372, 11.737500000015618, 0.0 ], [ 13.102210489397404, 11.738067287865634, 0.0 ], [ 13.106122843368562, 11.741099379123597, 0.0 ], [ 13.110543822412616, 11.742233954823575, 0.0 ], [ 13.118622843341033, 11.749432712140232, 0.0 ], [ 13.124149237567567, 11.75085093221494, 0.0 ], [ 13.126214938038961, 11.758900621756402, 0.0 ], [ 13.139710489314558, 11.757766046056016, 0.0 ], [ 13.14508666977963, 11.753599379097816, 0.0 ], [ 13.148043823228846, 11.754733954797874, 0.0 ], [ 13.156122843257853, 11.761932713013842, 0.0 ], [ 13.160543823201102, 11.763067288713874, 0.0 ], [ 13.165920002766997, 11.767233954772538, 0.0 ], [ 13.173043823173256, 11.766099379072269, 0.0 ], [ 13.176956176244875, 11.763067288713527, 0.0 ], [ 13.179166666666148, 11.762500000863424, 0.0 ], [ 13.182482570471244, 11.761649068638603, 0.0 ], [ 13.183333332723832, 11.758333333905183, 0.0 ], [ 13.187499999680977, 11.758333333905094, 0.0 ], [ 13.187499999681069, 11.762500000863243, 0.0 ], [ 13.18992445140754, 11.762853326508639, 0.0 ], [ 13.197575547926711, 11.770480008234451, 0.0 ], [ 13.199999999653173, 11.770833333879846, 0.0 ], [ 13.202160305206297, 11.770215692089092, 0.0 ], [ 13.210339694071777, 11.763117642653452, 0.0 ], [ 13.216552734169905, 11.761341180339414, 0.0 ], [ 13.220215860820838, 11.756326803427376, 0.0 ], [ 13.221450805357451, 11.752006531364454, 0.0 ], [ 13.224382526878347, 11.747993469511085, 0.0 ], [ 13.225971815092892, 11.742434862466935, 0.0 ], [ 13.235493638164053, 11.741049025180178, 0.0 ], [ 13.239506360971841, 11.738117642702788, 0.0 ], [ 13.246450805300608, 11.736132134777751, 0.0 ], [ 13.244759792071212, 11.72934282170144, 0.0 ], [ 13.239660305120674, 11.725617642727759, 0.0 ], [ 13.228549193834789, 11.724000380201336, 0.0 ], [ 13.229840765982269, 11.700998603690579, 0.0 ], [ 13.237386067154906, 11.698841180463914, 0.0 ], [ 13.241049193805798, 11.693826802652552, 0.0 ], [ 13.242593044673272, 11.688426378262443, 0.0 ], [ 13.250617472256334, 11.686132134877599, 0.0 ], [ 13.24938252681982, 11.668673197597501, 0.0 ], [ 13.246450805298819, 11.664660136643594, 0.0 ], [ 13.245215860761849, 11.65617319762257, 0.0 ], [ 13.242284138341468, 11.652160136668664, 0.0 ], [ 13.241666666522752, 11.650000000187571, 0.0 ], [ 13.242019992167531, 11.626742215468608, 0.0 ], [ 13.245480006934393, 11.623257785905757, 0.0 ], [ 13.246186658224877, 11.614242215493483, 0.0 ], [ 13.249646673891048, 11.610757785930632, 0.0 ], [ 13.250353325181528, 11.601742214619037, 0.0 ], [ 13.253813340847694, 11.598257785955502, 0.0 ], [ 13.254166666492775, 11.587500000312193, 0.0 ], [ 13.254774305123872, 11.571746656970074, 0.0 ], [ 13.261838785563253, 11.569933743334873, 0.0 ], [ 13.263067287356501, 11.556122843881392, 0.0 ], [ 13.266099378613527, 11.552210489909376, 0.0 ], [ 13.266666666463049, 11.537500000411899, 0.0 ], [ 13.267233954312893, 11.535289510889388, 0.0 ], [ 13.270266044670592, 11.531377156917378, 0.0 ], [ 13.271400620369842, 11.510289510939234, 0.0 ], [ 13.274432711626909, 11.506377156967218, 0.0 ], [ 13.275567287326371, 11.493622844006007, 0.0 ], [ 13.282766044640834, 11.48554382397511, 0.0 ], [ 13.283900620340397, 11.476956177072736, 0.0 ], [ 13.288067287297133, 11.471579997505565, 0.0 ], [ 13.286932711597156, 11.464456177097633, 0.0 ], [ 13.283900620339963, 11.460543824025091, 0.0 ], [ 13.282424248303283, 11.454790243062112, 0.0 ], [ 13.270833332518491, 11.454166667544822, 0.0 ], [ 13.270480006872438, 11.426742214968403, 0.0 ], [ 13.266681247168455, 11.422916667157725, 0.0 ], [ 13.271186658162971, 11.418379550562925, 0.0 ], [ 13.270480006872008, 11.410075548035282, 0.0 ], [ 13.267019992105034, 11.406591119371914, 0.0 ], [ 13.266313340814003, 11.393408882001582, 0.0 ], [ 13.2625145802107, 11.389583334190895, 0.0 ], [ 13.267019992104482, 11.385046217596159, 0.0 ], [ 13.266313340813577, 11.376742215068457, 0.0 ], [ 13.262146673856568, 11.372546217621245, 0.0 ], [ 13.262853325146843, 11.355908882076641, 0.0 ], [ 13.266313340812953, 11.352424452513787, 0.0 ], [ 13.266666666457921, 11.337500000811698, 0.0 ], [ 13.26424221383226, 11.337853326457207, 0.0 ], [ 13.260757785169899, 11.341313341225165, 0.0 ] ] ] } },
{ "type": "Feature", "properties": { "Stra_Catch": "Yedzaram East Chad", "State": "Borno", "LGA": "Mafa", "Population": 0, "Cleard_TOR": "Yes", "Status": "Completed", "Start_Date": "2025-03-01T00:00:00", "End_Date": "2025-04-04T00:00:00", "Micr_Catch": "Mafa", "Size_Ha": 89166.591767299993, "Comments": null, "OBJECTID_1": 0, "Shape_Leng": 0.0, "Shape_Area": 0.0, "parent_strategic_name": "Ngada (West Chad)", "clipped_to_state": true }, "geometry": { "type": "MultiPolygon", "coordinates": [ [ [ [ 13.444710600072053, 11.578204007204993, 0.0 ], [ 13.445178998870764, 11.578083732726785, 0.0 ], [ 13.445696598064194, 11.577534661042872, 0.0 ], [ 13.446083487186845, 11.577869806522683, 0.0 ], [ 13.446810967551114, 11.578594443863949, 0.0 ], [ 13.447103604324564, 11.578324670989398, 0.0 ], [ 13.447722756819747, 11.577013894994533, 0.0 ], [ 13.448723891295522, 11.576676409334299, 0.0 ], [ 13.448978857587948, 11.575855540157511, 0.0 ], [ 13.449604286331279, 11.57524457843231, 0.0 ], [ 13.44757554734635, 11.575353325977236, 0.0 ], [ 13.444710600072053, 11.578204007204993, 0.0 ] ] ], [ [ [ 13.446461162463104, 11.589399522366948, 0.0 ], [ 13.445677926248448, 11.589427457538273, 0.0 ], [ 13.446457520401607, 11.59020954185274, 0.0 ], [ 13.446461162463104, 11.589399522366948, 0.0 ] ] ], [ [ [ 13.447579592602132, 11.590846557636661, 0.0 ], [ 13.446881689141707, 11.590635065462656, 0.0 ], [ 13.447577290095762, 11.591332888288919, 0.0 ], [ 13.447579592602132, 11.590846557636661, 0.0 ] ] ], [ [ [ 13.442019991705738, 11.626742215463054, 0.0 ], [ 13.441666666060442, 11.629166667190118, 0.0 ], [ 13.439456176538807, 11.629733955040248, 0.0 ], [ 13.431377155611798, 11.636932712357259, 0.0 ], [ 13.426956176568442, 11.638067288057519, 0.0 ], [ 13.419503524068386, 11.644984217891524, 0.0 ], [ 13.422916722260045, 11.645000429636715, 0.0 ], [ 13.422886409845191, 11.644169659540754, 0.0 ], [ 13.424348031272752, 11.643442488319591, 0.0 ], [ 13.42478684776559, 11.642514399789727, 0.0 ], [ 13.425063479955902, 11.642244865493765, 0.0 ], [ 13.42604036326415, 11.640901595803584, 0.0 ], [ 13.426963904133942, 11.640590393139981, 0.0 ], [ 13.42693404144625, 11.639788420691147, 0.0 ], [ 13.427755946384718, 11.63922064097013, 0.0 ], [ 13.429009195280477, 11.639621972829863, 0.0 ], [ 13.429904414097745, 11.638674698620596, 0.0 ], [ 13.431014424728529, 11.638088998296162, 0.0 ], [ 13.432688132949126, 11.638097020940895, 0.0 ], [ 13.432648023913103, 11.63698792896357, 0.0 ], [ 13.433073411928534, 11.636972652293879, 0.0 ], [ 13.433998717829637, 11.636977145821989, 0.0 ], [ 13.434581631584532, 11.636687030793205, 0.0 ], [ 13.434832340331635, 11.635595650127428, 0.0 ], [ 13.436480913267296, 11.635304951714522, 0.0 ], [ 13.437001711141432, 11.633938849358726, 0.0 ], [ 13.438375878928596, 11.633652376897849, 0.0 ], [ 13.43890525627636, 11.632827254994945, 0.0 ], [ 13.439456251250647, 11.632553480970426, 0.0 ], [ 13.439715532694652, 11.632003083061017, 0.0 ], [ 13.439992138399449, 11.631733543264659, 0.0 ], [ 13.440256782079835, 11.631453354062401, 0.0 ], [ 13.440807874446728, 11.631455945141285, 0.0 ], [ 13.441070279327388, 11.630899950872116, 0.0 ], [ 13.442150973748705, 11.630362501819516, 0.0 ], [ 13.442429311931082, 11.630067304628001, 0.0 ], [ 13.443682293113532, 11.629645295070196, 0.0 ], [ 13.44458374272488, 11.628690773223273, 0.0 ], [ 13.445153862881371, 11.628407185783177, 0.0 ], [ 13.445417429960436, 11.628127275550852, 0.0 ], [ 13.447614687814054, 11.627828055529406, 0.0 ], [ 13.44786964781162, 11.627007171061086, 0.0 ], [ 13.448694996650474, 11.626729146001228, 0.0 ], [ 13.450414867008949, 11.625400259041863, 0.0 ], [ 13.45142787301538, 11.625058557503348, 0.0 ], [ 13.451946575652082, 11.624509167666231, 0.0 ], [ 13.452465948022843, 11.624002040903436, 0.0 ], [ 13.452761074886968, 11.623415684895626, 0.0 ], [ 13.45192083409616, 11.622891540542097, 0.0 ], [ 13.451633259137981, 11.622605091138217, 0.0 ], [ 13.450536057887394, 11.622101295174534, 0.0 ], [ 13.450246522019659, 11.620747724703612, 0.0 ], [ 13.449689511998807, 11.62023636556475, 0.0 ], [ 13.44994421465903, 11.619399635050813, 0.0 ], [ 13.450217527872971, 11.618856949270059, 0.0 ], [ 13.449380436672037, 11.617315791888418, 0.0 ], [ 13.449334268656626, 11.616029794806693, 0.0 ], [ 13.449339700865298, 11.614820150447422, 0.0 ], [ 13.448946971001869, 11.614459226433624, 0.0 ], [ 13.448471337856519, 11.612658569005383, 0.0 ], [ 13.448044898163268, 11.612267249314218, 0.0 ], [ 13.447376138510482, 11.61160277458047, 0.0 ], [ 13.446797326569415, 11.611336927021014, 0.0 ], [ 13.445986908799744, 11.610812914567896, 0.0 ], [ 13.445480007371529, 11.623257785900167, 0.0 ], [ 13.442019991705738, 11.626742215463054, 0.0 ] ] ], [ [ [ 13.419088836238803, 11.646406317229538, 0.0 ], [ 13.419315380261624, 11.645158837264971, 0.0 ], [ 13.417976970397712, 11.646401037557787, 0.0 ], [ 13.419088836238803, 11.646406317229538, 0.0 ] ] ], [ [ [ 13.408333333105892, 11.654166667141158, 0.0 ], [ 13.405017428401806, 11.655017598466694, 0.0 ], [ 13.404619257793422, 11.656569416605356, 0.0 ], [ 13.404666173768344, 11.656616033417249, 0.0 ], [ 13.406304662784308, 11.656623920370322, 0.0 ], [ 13.407329606767609, 11.65593864215764, 0.0 ], [ 13.407965871575637, 11.654948336389584, 0.0 ], [ 13.408242534004684, 11.654678808140371, 0.0 ], [ 13.40866498741981, 11.653321606257235, 0.0 ], [ 13.409178289789324, 11.653303421068733, 0.0 ], [ 13.409863482608891, 11.653306639871898, 0.0 ], [ 13.410698559933193, 11.6520067803764, 0.0 ], [ 13.411871736702851, 11.651611715187711, 0.0 ], [ 13.411475627328009, 11.650835960663979, 0.0 ], [ 13.411011059723245, 11.650409504231721, 0.0 ], [ 13.411025786463069, 11.65037830537652, 0.0 ], [ 13.409184095358418, 11.650850932407787, 0.0 ], [ 13.408333333105892, 11.654166667141158, 0.0 ] ] ], [ [ [ 13.39504071507136, 11.663011764542679, 0.0 ], [ 13.395077968805772, 11.662937803774195, 0.0 ], [ 13.394286570017574, 11.663008196929825, 0.0 ], [ 13.39504071507136, 11.663011764542679, 0.0 ] ] ], [ [ [ 13.388062887125752, 11.701999962649571, 0.0 ], [ 13.388393279738663, 11.701888619390482, 0.0 ], [ 13.388294845452124, 11.701662567366823, 0.0 ], [ 13.388067287072987, 11.701956177519387, 0.0 ], [ 13.388062887125752, 11.701999962649571, 0.0 ] ] ], [ [ [ 13.392233954030795, 11.735543823472337, 0.0 ], [ 13.399432711345506, 11.743622843502832, 0.0 ], [ 13.400661214038813, 11.757433742956247, 0.0 ], [ 13.407672118266396, 11.759232923943438, 0.0 ], [ 13.408900620959647, 11.773043823396849, 0.0 ], [ 13.411932711317483, 11.776956177368692, 0.0 ], [ 13.413067287017324, 11.779913330818525, 0.0 ], [ 13.408900620960051, 11.785289510385658, 0.0 ], [ 13.407766045260601, 11.792603896235923, 0.0 ], [ 13.416099378275018, 11.801956177318553, 0.0 ], [ 13.417233953974858, 11.804913330768386, 0.0 ], [ 13.413067287018325, 11.810289510335576, 0.0 ], [ 13.411932711318679, 11.813246663785479, 0.0 ], [ 13.416099378275572, 11.818622844251676, 0.0 ], [ 13.417233953976018, 11.839710490229752, 0.0 ], [ 13.420266045233115, 11.843622844201592, 0.0 ], [ 13.421684095335754, 11.849149068457388, 0.0 ], [ 13.428505452153709, 11.850899590725936, 0.0 ], [ 13.429187369880658, 11.858565755487282, 0.0 ], [ 13.429622099729016, 11.858349660258487, 0.0 ], [ 13.429264919451043, 11.857693398339736, 0.0 ], [ 13.429593037693635, 11.855488917353332, 0.0 ], [ 13.430430731908682, 11.855072062185664, 0.0 ], [ 13.43119554946025, 11.854262401902739, 0.0 ], [ 13.432021528242727, 11.853984177039019, 0.0 ], [ 13.432682957027575, 11.853283936268406, 0.0 ], [ 13.433515290423971, 11.852470044664381, 0.0 ], [ 13.433082918088504, 11.852073634711383, 0.0 ], [ 13.432810288907723, 11.85180206934897, 0.0 ], [ 13.432028753482221, 11.85144389530114, 0.0 ], [ 13.431632626929302, 11.850302353681231, 0.0 ], [ 13.430851095944289, 11.849944174274851, 0.0 ], [ 13.430024890631161, 11.849410723338178, 0.0 ], [ 13.42891574887946, 11.84916282898795, 0.0 ], [ 13.428093834388365, 11.848761940510965, 0.0 ], [ 13.427255014581579, 11.848377166436393, 0.0 ], [ 13.426583132103186, 11.845836931860097, 0.0 ], [ 13.424367755184839, 11.844588030754814, 0.0 ], [ 13.424967153737098, 11.842768231691158, 0.0 ], [ 13.424693946219771, 11.842459671540993, 0.0 ], [ 13.4238575876829, 11.841693574338302, 0.0 ], [ 13.423841985946982, 11.841258121877281, 0.0 ], [ 13.423849329910642, 11.839516808456921, 0.0 ], [ 13.422433045584318, 11.83851589505058, 0.0 ], [ 13.422695573716149, 11.838161965746352, 0.0 ], [ 13.424309035121016, 11.83708409737663, 0.0 ], [ 13.424728887635013, 11.836639459424557, 0.0 ], [ 13.425243292399259, 11.836136799561496, 0.0 ], [ 13.424289088296542, 11.834380928894081, 0.0 ], [ 13.424789360761377, 11.833800283133582, 0.0 ], [ 13.42696810666544, 11.832716481062739, 0.0 ], [ 13.427391674126124, 11.832303226321175, 0.0 ], [ 13.426705607619532, 11.831340578280141, 0.0 ], [ 13.426428652605116, 11.830798506239905, 0.0 ], [ 13.425277234810167, 11.829985805271189, 0.0 ], [ 13.425290026893027, 11.827315946813821, 0.0 ], [ 13.423628028992297, 11.827308356759174, 0.0 ], [ 13.423105120182941, 11.8284154095199, 0.0 ], [ 13.421159427860392, 11.828180254162564, 0.0 ], [ 13.421693769032295, 11.827116356048172, 0.0 ], [ 13.421251024914925, 11.825404257493245, 0.0 ], [ 13.420557843220156, 11.82439677443779, 0.0 ], [ 13.419451066920683, 11.823889040214947, 0.0 ], [ 13.419872130858222, 11.822518832495646, 0.0 ], [ 13.420806328406286, 11.822769532366896, 0.0 ], [ 13.421371875890667, 11.823045799911331, 0.0 ], [ 13.422271704939796, 11.822093513464228, 0.0 ], [ 13.424907726479443, 11.821628549895244, 0.0 ], [ 13.426045808375775, 11.820749159519336, 0.0 ], [ 13.428160605048854, 11.819697295905948, 0.0 ], [ 13.428163389748919, 11.819137376281747, 0.0 ], [ 13.427309338510025, 11.817799777472805, 0.0 ], [ 13.427588195144946, 11.817528297936809, 0.0 ], [ 13.427847541032996, 11.816977844649443, 0.0 ], [ 13.428912212518512, 11.815938426780033, 0.0 ], [ 13.428917443427283, 11.814664027560832, 0.0 ], [ 13.428863757609204, 11.81319502809508, 0.0 ], [ 13.429442549843339, 11.812629281711503, 0.0 ], [ 13.429412076482377, 11.811802495484619, 0.0 ], [ 13.429959190448759, 11.811268421505705, 0.0 ], [ 13.43048343935056, 11.810713566664372, 0.0 ], [ 13.431565967253322, 11.810718317601522, 0.0 ], [ 13.432412719770925, 11.810271769595689, 0.0 ], [ 13.434083213885927, 11.811480067899614, 0.0 ], [ 13.435039595058591, 11.811445822923693, 0.0 ], [ 13.436256231205801, 11.811451363837842, 0.0 ], [ 13.437190910127315, 11.810537089606491, 0.0 ], [ 13.436547451069822, 11.809352379737641, 0.0 ], [ 13.438684529846729, 11.804368104826445, 0.0 ], [ 13.441384094391859, 11.804864851367414, 0.0 ], [ 13.441399210286523, 11.805269917079231, 0.0 ], [ 13.441394126857153, 11.806484318257809, 0.0 ], [ 13.441962732308795, 11.806486776390143, 0.0 ], [ 13.442514886842464, 11.806467032362594, 0.0 ], [ 13.443198306131604, 11.80780063997571, 0.0 ], [ 13.443908528949333, 11.807803781371591, 0.0 ], [ 13.444439094427704, 11.806978260555228, 0.0 ], [ 13.445009514537615, 11.80669454273003, 0.0 ], [ 13.446060036803443, 11.805583187055342, 0.0 ], [ 13.447876339928419, 11.80559117648912, 0.0 ], [ 13.448838809787322, 11.804143536420657, 0.0 ], [ 13.448490382791622, 11.802828739982296, 0.0 ], [ 13.44728500366994, 11.801723153595812, 0.0 ], [ 13.447890798888938, 11.800442276822615, 0.0 ], [ 13.448593031398154, 11.800417003062808, 0.0 ], [ 13.449534958136372, 11.80042126010367, 0.0 ], [ 13.449910898571492, 11.800052868797547, 0.0 ], [ 13.449522268721571, 11.79824093194979, 0.0 ], [ 13.449177191844592, 11.796999797502664, 0.0 ], [ 13.449486292481684, 11.796345260178189, 0.0 ], [ 13.451010831501309, 11.797088890695617, 0.0 ], [ 13.452775423697725, 11.796158150923127, 0.0 ], [ 13.454590858686002, 11.795254611942191, 0.0 ], [ 13.454923679512618, 11.793015771959269, 0.0 ], [ 13.455200367436317, 11.792746166519338, 0.0 ], [ 13.455464015436974, 11.792466196125133, 0.0 ], [ 13.456834484441961, 11.791908878195279, 0.0 ], [ 13.457099197981387, 11.791628626154999, 0.0 ], [ 13.45764738058706, 11.791631119375376, 0.0 ], [ 13.457650254981381, 11.790946512637376, 0.0 ], [ 13.457596683357478, 11.789490777072963, 0.0 ], [ 13.458579939772603, 11.78814004171341, 0.0 ], [ 13.460449831688956, 11.787358491465593, 0.0 ], [ 13.461143205876803, 11.788048279410274, 0.0 ], [ 13.462520966350439, 11.786949737057139, 0.0 ], [ 13.462780224090448, 11.786399286431035, 0.0 ], [ 13.463052520240089, 11.78585920046778, 0.0 ], [ 13.463281140537337, 11.783415404938584, 0.0 ], [ 13.463553434747007, 11.782875319837895, 0.0 ], [ 13.46398695346382, 11.781957794687061, 0.0 ], [ 13.466234257097998, 11.78083924941296, 0.0 ], [ 13.466242594848447, 11.779034863887562, 0.0 ], [ 13.465673171804736, 11.778513286028788, 0.0 ], [ 13.465118245464557, 11.777428985395336, 0.0 ], [ 13.464540082768513, 11.776366712307905, 0.0 ], [ 13.4636922557318, 11.774480912464989, 0.0 ], [ 13.46270168303117, 11.774181261616944, 0.0 ], [ 13.463110550871702, 11.772866761679291, 0.0 ], [ 13.463378470737771, 11.772056202042492, 0.0 ], [ 13.463739275989523, 11.770489084251693, 0.0 ], [ 13.46525658087765, 11.769733688508598, 0.0 ], [ 13.464711609689713, 11.769595078829067, 0.0 ], [ 13.463049521903462, 11.769223263617826, 0.0 ], [ 13.461391230411103, 11.768023883087743, 0.0 ], [ 13.459454555939164, 11.76751843152292, 0.0 ], [ 13.459114533175214, 11.766853202079906, 0.0 ], [ 13.455653551826076, 11.764408532980294, 0.0 ], [ 13.454474516651082, 11.763327351291995, 0.0 ], [ 13.453911973093431, 11.762230703254879, 0.0 ], [ 13.453314977147546, 11.761391932458553, 0.0 ], [ 13.453020671400175, 11.759767949623107, 0.0 ], [ 13.452735458197381, 11.759507144512412, 0.0 ], [ 13.452459679314188, 11.759232716181298, 0.0 ], [ 13.45192817548325, 11.759795866770403, 0.0 ], [ 13.450826881540277, 11.76034335363409, 0.0 ], [ 13.450287667999802, 11.760627882739358, 0.0 ], [ 13.448962942778762, 11.760621901314947, 0.0 ], [ 13.447512917556773, 11.761227934574027, 0.0 ], [ 13.446450989985227, 11.761223384855063, 0.0 ], [ 13.446174422526093, 11.761233253304159, 0.0 ], [ 13.44508795000964, 11.760703035716478, 0.0 ], [ 13.444019203052818, 11.760741385939793, 0.0 ], [ 13.443147200909246, 11.760341503378113, 0.0 ], [ 13.44310288512666, 11.759119154456181, 0.0 ], [ 13.443670034793007, 11.758837109124256, 0.0 ], [ 13.444208188850581, 11.758552872285566, 0.0 ], [ 13.44502326690052, 11.758147795875882, 0.0 ], [ 13.445025110011361, 11.757728726477993, 0.0 ], [ 13.444585325728939, 11.756525763540212, 0.0 ], [ 13.444155752259471, 11.755290405509964, 0.0 ], [ 13.442795453975906, 11.7553391052245, 0.0 ], [ 13.442500371732354, 11.754797051873709, 0.0 ], [ 13.442210491198285, 11.753443518027064, 0.0 ], [ 13.441652055254401, 11.752931990456512, 0.0 ], [ 13.441307917381113, 11.751939422468993, 0.0 ], [ 13.440076134759602, 11.751374181055638, 0.0 ], [ 13.438870306982642, 11.750621464537646, 0.0 ], [ 13.439407837049163, 11.749964445420055, 0.0 ], [ 13.44102320823856, 11.749971772242326, 0.0 ], [ 13.441865473545803, 11.749390321676104, 0.0 ], [ 13.442677446071889, 11.749394045970087, 0.0 ], [ 13.442682971247779, 11.748068139411219, 0.0 ], [ 13.441509060142307, 11.746362710116166, 0.0 ], [ 13.440607745396221, 11.745536290817892, 0.0 ], [ 13.440974653283247, 11.744807422363593, 0.0 ], [ 13.440394204858201, 11.743991854244218, 0.0 ], [ 13.440398514364224, 11.743190690918775, 0.0 ], [ 13.439858607761634, 11.742695772438516, 0.0 ], [ 13.439817066762975, 11.741576680974255, 0.0 ], [ 13.440144385622867, 11.740586067696334, 0.0 ], [ 13.439002210116165, 11.739451611793809, 0.0 ], [ 13.438412000565149, 11.739163292347463, 0.0 ], [ 13.436249902834199, 11.738900219235829, 0.0 ], [ 13.434579958380157, 11.737691510443485, 0.0 ], [ 13.432346907010354, 11.737015477546013, 0.0 ], [ 13.432299745578769, 11.735743744249898, 0.0 ], [ 13.433942497750687, 11.735321893024942, 0.0 ], [ 13.433950205448193, 11.733860131762555, 0.0 ], [ 13.433375870064632, 11.733289366143193, 0.0 ], [ 13.432812969282153, 11.733030989471452, 0.0 ], [ 13.433603891927891, 11.7322577595244, 0.0 ], [ 13.433615630897052, 11.72977368369283, 0.0 ], [ 13.432768537860888, 11.730052113578937, 0.0 ], [ 13.432250733018632, 11.730601270362442, 0.0 ], [ 13.430789154100802, 11.730279162364715, 0.0 ], [ 13.430026148712804, 11.7295786771924, 0.0 ], [ 13.4297327964006, 11.729006444750031, 0.0 ], [ 13.428625388649271, 11.728498364156804, 0.0 ], [ 13.427014832613418, 11.727711669009965, 0.0 ], [ 13.42669957960679, 11.728252391757728, 0.0 ], [ 13.426386646265843, 11.729610042126819, 0.0 ], [ 13.425070015235853, 11.729365182717698, 0.0 ], [ 13.424642704061705, 11.728530005315589, 0.0 ], [ 13.422864463146775, 11.728593233733054, 0.0 ], [ 13.422584387027953, 11.728045618366107, 0.0 ], [ 13.422294920225974, 11.727514266020778, 0.0 ], [ 13.422006130668745, 11.726420113912718, 0.0 ], [ 13.421180791448974, 11.726449542134919, 0.0 ], [ 13.420352901153267, 11.725915425010051, 0.0 ], [ 13.419289605808652, 11.725953287788361, 0.0 ], [ 13.418408016410464, 11.7251449407623, 0.0 ], [ 13.417862045041206, 11.724601430752458, 0.0 ], [ 13.417300253070394, 11.724343787630506, 0.0 ], [ 13.417840822821953, 11.723269292230505, 0.0 ], [ 13.417829798949935, 11.722981197407812, 0.0 ], [ 13.417834070138104, 11.722172086428424, 0.0 ], [ 13.417223660761225, 11.721891677062654, 0.0 ], [ 13.416433615111655, 11.721106209753192, 0.0 ], [ 13.41582753919884, 11.720828371562883, 0.0 ], [ 13.412733037107968, 11.71756442738595, 0.0 ], [ 13.411974474738312, 11.716868817580615, 0.0 ], [ 13.412489763272557, 11.715214750487513, 0.0 ], [ 13.413013733146215, 11.714174341467492, 0.0 ], [ 13.41137043347482, 11.713884493930493, 0.0 ], [ 13.410822450954356, 11.713616837829631, 0.0 ], [ 13.409015332941921, 11.713681185745385, 0.0 ], [ 13.407757735537587, 11.713300020571969, 0.0 ], [ 13.406944653987241, 11.711803306584738, 0.0 ], [ 13.406948511966704, 11.710965390121927, 0.0 ], [ 13.405346119842887, 11.711022324621769, 0.0 ], [ 13.404731423540232, 11.710740092603279, 0.0 ], [ 13.404183450078603, 11.710472419142077, 0.0 ], [ 13.403290610656095, 11.710504140687393, 0.0 ], [ 13.400309591189638, 11.709444781452383, 0.0 ], [ 13.399500350641397, 11.709473353542863, 0.0 ], [ 13.39871473345195, 11.708691438459093, 0.0 ], [ 13.396194307274566, 11.708679472280314, 0.0 ], [ 13.396192192107168, 11.709223287053112, 0.0 ], [ 13.396682590065152, 11.711408839299844, 0.0 ], [ 13.395959703121051, 11.711405424968921, 0.0 ], [ 13.395410911705193, 11.71142469776097, 0.0 ], [ 13.394861776907291, 11.711422307527977, 0.0 ], [ 13.394038590358397, 11.711451344860684, 0.0 ], [ 13.392954256584908, 11.71144634476614, 0.0 ], [ 13.391352336280189, 11.71255218761509, 0.0 ], [ 13.390350142625168, 11.712587664422475, 0.0 ], [ 13.389936137304984, 11.712585568057786, 0.0 ], [ 13.388857648979798, 11.713154373027423, 0.0 ], [ 13.387756291481805, 11.71370159478713, 0.0 ], [ 13.387542800393248, 11.714033851480471, 0.0 ], [ 13.39109937833056, 11.718622843553094, 0.0 ], [ 13.392233954030795, 11.735543823472337, 0.0 ] ] ], [ [ [ 13.432528110955852, 11.868315648016061, 0.0 ], [ 13.432794924428675, 11.868032258938587, 0.0 ], [ 13.433535528163807, 11.869106286462065, 0.0 ], [ 13.43473378522852, 11.868822191594932, 0.0 ], [ 13.435821374266176, 11.868529261897375, 0.0 ], [ 13.437992314519219, 11.868146112299938, 0.0 ], [ 13.438001604794273, 11.866070833426948, 0.0 ], [ 13.436879247925058, 11.865806294304914, 0.0 ], [ 13.435538471905446, 11.866167404741022, 0.0 ], [ 13.434940054196382, 11.864530485669967, 0.0 ], [ 13.434589153062264, 11.86260643754631, 0.0 ], [ 13.433582613620262, 11.862602161735671, 0.0 ], [ 13.432502626041222, 11.86296602962112, 0.0 ], [ 13.432099705887872, 11.86425881771412, 0.0 ], [ 13.430073966039412, 11.863999441404246, 0.0 ], [ 13.430582303975248, 11.862456899248244, 0.0 ], [ 13.430223985729727, 11.862129080402202, 0.0 ], [ 13.429950267554423, 11.861857267617189, 0.0 ], [ 13.429481656888697, 11.86187414974307, 0.0 ], [ 13.429733953947705, 11.864710490179343, 0.0 ], [ 13.432528110955852, 11.868315648016061, 0.0 ] ] ], [ [ [ 13.445158655101638, 11.884659490215542, 0.0 ], [ 13.445164349593165, 11.88340849356833, 0.0 ], [ 13.444157825302838, 11.882946931954207, 0.0 ], [ 13.443462162852658, 11.881936718189246, 0.0 ], [ 13.442344099317989, 11.881147961078488, 0.0 ], [ 13.44211739581421, 11.88049482251386, 0.0 ], [ 13.442233953919015, 11.881377157112057, 0.0 ], [ 13.445158655101638, 11.884659490215542, 0.0 ] ] ], [ [ [ 13.453786056421174, 11.897283380342376, 0.0 ], [ 13.453475716898533, 11.897141228923426, 0.0 ], [ 13.454034446762009, 11.89776828009316, 0.0 ], [ 13.453786056421174, 11.897283380342376, 0.0 ] ] ], [ [ [ 13.455831134800297, 11.89963523752145, 0.0 ], [ 13.455691334841418, 11.89962777190885, 0.0 ], [ 13.455790391070039, 11.899738940700937, 0.0 ], [ 13.455831134800297, 11.89963523752145, 0.0 ] ] ], [ [ [ 13.463995700220444, 11.920820109042012, 0.0 ], [ 13.468617831258282, 11.917237689681405, 0.0 ], [ 13.468476008824615, 11.916702898284404, 0.0 ], [ 13.46736552992558, 11.916193985654283, 0.0 ], [ 13.466554990576197, 11.915389414704464, 0.0 ], [ 13.465170350649286, 11.915439145170589, 0.0 ], [ 13.464448134453246, 11.914391680371674, 0.0 ], [ 13.463491235152372, 11.914085860092111, 0.0 ], [ 13.461557851725068, 11.913851275426659, 0.0 ], [ 13.461285119868567, 11.913579770679181, 0.0 ], [ 13.459922987632599, 11.913168340653304, 0.0 ], [ 13.459869325178957, 11.911723985386743, 0.0 ], [ 13.460293655624946, 11.910437708718659, 0.0 ], [ 13.459578609632352, 11.910089459590717, 0.0 ], [ 13.458514668700863, 11.910127723744148, 0.0 ], [ 13.458491030446115, 11.910106086718406, 0.0 ], [ 13.458900620847576, 11.914710490078425, 0.0 ], [ 13.463995700220444, 11.920820109042012, 0.0 ] ] ], [ [ [ 13.47206206665942, 11.921647491608804, 0.0 ], [ 13.472395641404471, 11.920982208240035, 0.0 ], [ 13.472081916039579, 11.919586666352421, 0.0 ], [ 13.472086768670669, 11.918312343264702, 0.0 ], [ 13.470134078172876, 11.918108793960466, 0.0 ], [ 13.47112345306412, 11.92196385152182, 0.0 ], [ 13.47206206665942, 11.921647491608804, 0.0 ] ] ], [ [ [ 13.474432711176258, 11.926956177066756, 0.0 ], [ 13.47508270867127, 11.931876597445903, 0.0 ], [ 13.475586103478726, 11.931626002356285, 0.0 ], [ 13.475275454070029, 11.929048919246119, 0.0 ], [ 13.474723038299912, 11.928543584711125, 0.0 ], [ 13.47470139556143, 11.92794472201952, 0.0 ], [ 13.475792494052378, 11.926878465030294, 0.0 ], [ 13.474793861969406, 11.926256327310222, 0.0 ], [ 13.475209904931651, 11.924993161960902, 0.0 ], [ 13.474923353408128, 11.92473114722446, 0.0 ], [ 13.474367051855319, 11.923923095501623, 0.0 ], [ 13.473532269626665, 11.923671127797652, 0.0 ], [ 13.473259516616684, 11.923399642631109, 0.0 ], [ 13.472424735988547, 11.923147670676265, 0.0 ], [ 13.471877320817017, 11.922880554250021, 0.0 ], [ 13.471289606464117, 11.922611261241503, 0.0 ], [ 13.471400620818528, 11.923043823994188, 0.0 ], [ 13.474432711176258, 11.926956177066756, 0.0 ] ] ], [ [ [ 13.477608427614712, 11.937100191513178, 0.0 ], [ 13.477649659565866, 11.936962972509892, 0.0 ], [ 13.478617305840963, 11.936481489150596, 0.0 ], [ 13.477316735478787, 11.933947684232704, 0.0 ], [ 13.476719930789258, 11.933354558695878, 0.0 ], [ 13.475185069341416, 11.932651458166559, 0.0 ], [ 13.475708346438559, 11.936612616959456, 0.0 ], [ 13.477608427614712, 11.937100191513178, 0.0 ] ] ], [ [ [ 13.485271688264845, 11.942164116292542, 0.0 ], [ 13.485093749596986, 11.941337082099396, 0.0 ], [ 13.484196351379961, 11.941066353776986, 0.0 ], [ 13.4828695941241, 11.939749386557084, 0.0 ], [ 13.482839023780974, 11.939740161571889, 0.0 ], [ 13.483333332939942, 11.941666667463227, 0.0 ], [ 13.485271688264845, 11.942164116292542, 0.0 ] ] ], [ [ [ 13.487874579951582, 11.943748595494116, 0.0 ], [ 13.487410405703946, 11.943260914711022, 0.0 ], [ 13.486014302784721, 11.942361191841568, 0.0 ], [ 13.485832079694022, 11.94245735584949, 0.0 ], [ 13.48770812383577, 11.943911297746602, 0.0 ], [ 13.487874579951582, 11.943748595494116, 0.0 ] ] ], [ [ [ 13.493877156375016, 11.946400621371691, 0.0 ], [ 13.495720286614258, 11.947829055611569, 0.0 ], [ 13.496464418034229, 11.947101595492594, 0.0 ], [ 13.496385599790111, 11.944995651249513, 0.0 ], [ 13.496943560425896, 11.943884494298915, 0.0 ], [ 13.49637616056542, 11.943580518340767, 0.0 ], [ 13.495568495744696, 11.94360957578108, 0.0 ], [ 13.495156347002236, 11.943607989020098, 0.0 ], [ 13.49433259429521, 11.943637829125064, 0.0 ], [ 13.49341598548639, 11.943634015902905, 0.0 ], [ 13.492273541105694, 11.943927599964915, 0.0 ], [ 13.491960668478356, 11.944933644346708, 0.0 ], [ 13.4892542062201, 11.943974341261534, 0.0 ], [ 13.488988395680776, 11.944255999739386, 0.0 ], [ 13.488711655145604, 11.944525679602583, 0.0 ], [ 13.488670703678267, 11.944657301068796, 0.0 ], [ 13.489456176432315, 11.94526604567173, 0.0 ], [ 13.493877156375016, 11.946400621371691, 0.0 ] ] ] ] } },
{ "type": "Feature", "properties": { "Stra_Catch": "Nggada West Chad", "State": "Borno", "LGA": "Jere", "Population": 0, "Cleard_TOR": "Yes", "Status": "Studies Ongoing", "Start_Date": "2025-03-01T00:00:00", "End_Date": "2025-12-01T00:00:00", "Micr_Catch": "Zabarmari", "Size_Ha": 55270.122930999998, "Comments": null, "OBJECTID_1": 0, "Shape_Leng": 0.0, "Shape_Area": 0.0, "parent_strategic_name": "Ngada (West Chad)", "clipped_to_state": true }, "geometry": { "type": "Polygon", "coordinates": [ [ [ 13.324999999367639, 11.704166667043619, 0.0 ], [ 13.31862284288896, 11.704733954893843, 0.0 ], [ 13.31054382286076, 11.711932712210871, 0.0 ], [ 13.306122842917823, 11.713067287911109, 0.0 ], [ 13.300967745489629, 11.717062547684616, 0.0 ], [ 13.299149237172836, 11.724149068710828, 0.0 ], [ 13.295833332468575, 11.725000000036284, 0.0 ], [ 13.292290241928411, 11.725909255094479, 0.0 ], [ 13.291666666411322, 11.737500000011421, 0.0 ], [ 13.280908880771053, 11.737853326556461, 0.0 ], [ 13.269091118194922, 11.749646674341566, 0.0 ], [ 13.26424221384284, 11.750353326531901, 0.0 ], [ 13.258691405721184, 11.755876499388192, 0.0 ], [ 13.25833333255482, 11.758333333903471, 0.0 ], [ 13.251956176075948, 11.758900621753682, 0.0 ], [ 13.248043823004444, 11.761932713011811, 0.0 ], [ 13.243622843061328, 11.763067288712035, 0.0 ], [ 13.238467745632988, 11.767062547586212, 0.0 ], [ 13.23661261602312, 11.774291484352263, 0.0 ], [ 13.226956176132841, 11.7755672886874, 0.0 ], [ 13.202210489175791, 11.79943271293789, 0.0 ], [ 13.19999999965385, 11.800000000788, 0.0 ], [ 13.199432711803981, 11.802210490310452, 0.0 ], [ 13.186854383580135, 11.81576317731767, 0.0 ], [ 13.179875013180183, 11.817554050368125, 0.0 ], [ 13.178599377918353, 11.827210490260958, 0.0 ], [ 13.173996988530803, 11.832729255539849, 0.0 ], [ 13.15833333278138, 11.833333333755817, 0.0 ], [ 13.158333332781469, 11.837500000713913, 0.0 ], [ 13.155017428077018, 11.838350932039415, 0.0 ], [ 13.153267075780628, 11.845172119787065, 0.0 ], [ 13.145833332809467, 11.845833333731044, 0.0 ], [ 13.145480007164148, 11.848257785458161, 0.0 ], [ 13.137853325440039, 11.855908881979181, 0.0 ], [ 13.137146674149326, 11.860046217548762, 0.0 ], [ 13.14131334020732, 11.864242214995988, 0.0 ], [ 13.142019992397469, 11.868379550565592, 0.0 ], [ 13.137853325440389, 11.872575548012987, 0.0 ], [ 13.137499999795068, 11.875000000639364, 0.0 ], [ 13.141552734340253, 11.876158820263095, 0.0 ], [ 13.14521586099147, 11.881173198074354, 0.0 ], [ 13.146694946282931, 11.89133555158409, 0.0 ], [ 13.152006361171708, 11.895215691840265, 0.0 ], [ 13.165864054146722, 11.896568468249457, 0.0 ], [ 13.167498439764978, 11.907798258572017, 0.0 ], [ 13.17700636111643, 11.916049024831649, 0.0 ], [ 13.18132697132347, 11.917284309312356, 0.0 ], [ 13.185339694131503, 11.920215691789569, 0.0 ], [ 13.190740288492155, 11.921759711730031, 0.0 ], [ 13.192593043892227, 11.928240289346558, 0.0 ], [ 13.195833332699758, 11.929166667496299, 0.0 ], [ 13.196400620549833, 11.935543823976882, 0.0 ], [ 13.20474955230582, 11.944913568095123, 0.0 ], [ 13.21164923737661, 11.946684265754502, 0.0 ], [ 13.212499999629349, 11.950000000487886, 0.0 ], [ 13.22304382306546, 11.950567288337652, 0.0 ], [ 13.235289510051546, 11.961932712612272, 0.0 ], [ 13.244904242083402, 11.963202922264534, 0.0 ], [ 13.253599378652712, 11.972789510914426, 0.0 ], [ 13.254733954352705, 11.981377156917487, 0.0 ], [ 13.261932711667857, 11.989456176948027, 0.0 ], [ 13.263350761770557, 11.994982402103155, 0.0 ], [ 13.266666666474944, 11.995833333428505, 0.0 ], [ 13.267517428727674, 11.999149069061202, 0.0 ], [ 13.270833332532737, 12.000000000386498, 0.0 ], [ 13.319091118087901, 11.999646674739793, 0.0 ], [ 13.322575547649588, 11.996186659072496, 0.0 ], [ 13.345833333261206, 11.995833333426402, 0.0 ], [ 13.34999999931876, 11.995833333426285, 0.0 ], [ 13.353315904022985, 11.994982402100757, 0.0 ], [ 13.354166666275498, 11.991666667367388, 0.0 ], [ 13.354769897329147, 11.976025899360364, 0.0 ], [ 13.368622842781647, 11.96306728830888, 0.0 ], [ 13.375567287110067, 11.961285061340474, 0.0 ], [ 13.374343871881564, 11.946734280646536, 0.0 ], [ 13.370833333202201, 11.945833333525634, 0.0 ], [ 13.371759710452366, 11.942593044717325, 0.0 ], [ 13.377160304812556, 11.941049024776641, 0.0 ], [ 13.381173027620127, 11.938117642299163, 0.0 ], [ 13.390694850690769, 11.936731805012343, 0.0 ], [ 13.392593044336706, 11.930093044741728, 0.0 ], [ 13.397993638696844, 11.928549024800983, 0.0 ], [ 13.402006360605052, 11.925617642323562, 0.0 ], [ 13.4084079309791, 11.923787435624684, 0.0 ], [ 13.404784138875817, 11.918826803097623, 0.0 ], [ 13.403549193439662, 11.914506531034766, 0.0 ], [ 13.39645080496183, 11.906326803122857, 0.0 ], [ 13.395215860424921, 11.897839864101902, 0.0 ], [ 13.391049193467966, 11.892135789918321, 0.0 ], [ 13.392284138903438, 11.877006531110037, 0.0 ], [ 13.39521586042412, 11.872993469256651, 0.0 ], [ 13.396601697709901, 11.863471646182944, 0.0 ], [ 13.40478413887393, 11.861132134523537, 0.0 ], [ 13.403324041868194, 11.85034484931856, 0.0 ], [ 13.39799363869419, 11.846450975515495, 0.0 ], [ 13.39259304433398, 11.844906955575079, 0.0 ], [ 13.390740288034683, 11.838426378857886, 0.0 ], [ 13.3853396936744, 11.836882358917526, 0.0 ], [ 13.381326971765992, 11.833950975540972, 0.0 ], [ 13.371568467817232, 11.832530721199991, 0.0 ], [ 13.370116169732126, 11.81765289305082, 0.0 ], [ 13.364506360688386, 11.816049025026865, 0.0 ], [ 13.360493637880628, 11.813117642549683, 0.0 ], [ 13.355093044419663, 11.811573622609258, 0.0 ], [ 13.353008015718965, 11.80428059925497, 0.0 ], [ 13.347993637909049, 11.800617642575013, 0.0 ], [ 13.34232652406453, 11.798997328648863, 0.0 ], [ 13.341049193579613, 11.768673198294561, 0.0 ], [ 13.332715860564905, 11.759069993770559, 0.0 ], [ 13.333950805101537, 11.756173197420409, 0.0 ], [ 13.342284138115621, 11.746569993795266, 0.0 ], [ 13.341049193578877, 11.743673197445247, 0.0 ], [ 13.338117472057901, 11.739660136491292, 0.0 ], [ 13.336840141572864, 11.705026923439046, 0.0 ], [ 13.331326971877411, 11.700617641876059, 0.0 ], [ 13.329166666324372, 11.700000000085408, 0.0 ], [ 13.32585076162016, 11.700850932310246, 0.0 ], [ 13.324999999367639, 11.704166667043619, 0.0 ] ] ] } },
{ "type": "Feature", "properties": { "Stra_Catch": "Nggada West Chad", "State": "Borno", "LGA": "Magumeri", "Population": 0, "Cleard_TOR": "No", "Status": "Not Yet", "Start_Date": "1899-12-30T00:00:00", "End_Date": "1899-12-30T00:00:00", "Micr_Catch": "Magumeri", "Size_Ha": 19644.250088500001, "Comments": null, "OBJECTID_1": 0, "Shape_Leng": 0.0, "Shape_Area": 0.0, "parent_strategic_name": "Ngada (West Chad)", "clipped_to_state": true }, "geometry": { "type": "Polygon", "coordinates": [ [ [ 13.083333332954695, 12.204166666948863, 0.0 ], [ 13.075986395245135, 12.203449504382041, 0.0 ], [ 13.074073621789646, 12.19675971208197, 0.0 ], [ 13.068673027428689, 12.19521586121405, 0.0 ], [ 13.056326971605021, 12.183950805776327, 0.0 ], [ 13.052006360498456, 12.182715861239313, 0.0 ], [ 13.039660304674742, 12.171450805801586, 0.0 ], [ 13.010339694521923, 12.170215861265037, 0.0 ], [ 13.006326971713666, 12.167284139743352, 0.0 ], [ 12.997839694548986, 12.166049195206403, 0.0 ], [ 12.985493638725059, 12.154784139768651, 0.0 ], [ 12.981173027618475, 12.153549194332367, 0.0 ], [ 12.964660304837029, 12.138117472835837, 0.0 ], [ 12.955138481764889, 12.136731635549447, 0.0 ], [ 12.953194850771334, 12.129935031669312, 0.0 ], [ 12.942460801835834, 12.12837253156018, 0.0 ], [ 12.940872530754064, 12.117460802667029, 0.0 ], [ 12.931173027725919, 12.116049194408005, 0.0 ], [ 12.927160304917594, 12.113117472886371, 0.0 ], [ 12.910339693837832, 12.111882528349515, 0.0 ], [ 12.906326971928809, 12.108950805928501, 0.0 ], [ 12.902006360822096, 12.107715861391526, 0.0 ], [ 12.896991983910834, 12.104052734739607, 0.0 ], [ 12.894861517862862, 12.09660169870318, 0.0 ], [ 12.884068467105775, 12.095030721584427, 0.0 ], [ 12.882715860668137, 12.081173028606305, 0.0 ], [ 12.879052734016618, 12.076158650795016, 0.0 ], [ 12.874999999471125, 12.075000000243818, 0.0 ], [ 12.875850761723882, 12.071684096437895, 0.0 ], [ 12.879166666428622, 12.070833334184989, 0.0 ], [ 12.879519992073986, 12.068408881558556, 0.0 ], [ 12.891313340756176, 12.056591118978751, 0.0 ], [ 12.891666666401537, 12.054166667251698, 0.0 ], [ 12.889456175980099, 12.053599379401666, 0.0 ], [ 12.884301079450333, 12.049603949656419, 0.0 ], [ 12.882522243825695, 12.042673407945301, 0.0 ], [ 12.878420002500905, 12.041099379426779, 0.0 ], [ 12.871801079477072, 12.04622938397292, 0.0 ], [ 12.869952392610044, 12.053432549766439, 0.0 ], [ 12.861562771027485, 12.05473395510208, 0.0 ], [ 12.852210489945795, 12.046400622085319, 0.0 ], [ 12.8466840948195, 12.044982571083139, 0.0 ], [ 12.845833332566713, 12.041666667277239, 0.0 ], [ 12.84166666650845, 12.041666667277289, 0.0 ], [ 12.820833332620037, 12.041666667277534, 0.0 ], [ 12.820480006974764, 12.052424452920842, 0.0 ], [ 12.817019992207381, 12.055908881584331, 0.0 ], [ 12.816666666562154, 12.070833334185743, 0.0 ], [ 12.816666666562208, 12.075000000244517, 0.0 ], [ 12.812499999604656, 12.075000000244563, 0.0 ], [ 12.8124999996047, 12.079166667202662, 0.0 ], [ 12.808333332647088, 12.079166667202708, 0.0 ], [ 12.80890062049715, 12.085543823683293, 0.0 ], [ 12.812031215397845, 12.08958333369865, 0.0 ], [ 12.808068677457651, 12.094696045181101, 0.0 ], [ 12.812499999604899, 12.095833334135792, 0.0 ], [ 12.812499999604947, 12.100000000194569, 0.0 ], [ 12.808333332647331, 12.100000000194619, 0.0 ], [ 12.805908880920597, 12.100353325840095, 0.0 ], [ 12.802424451358311, 12.10381334150733, 0.0 ], [ 12.789242213989629, 12.10451999279843, 0.0 ], [ 12.78575778532665, 12.10798000846567, 0.0 ], [ 12.783333332700584, 12.108333334111141, 0.0 ], [ 12.783994547543788, 12.115767077083998, 0.0 ], [ 12.789710489180484, 12.11723395497801, 0.0 ], [ 12.793622843151971, 12.120266046236004, 0.0 ], [ 12.795833332674194, 12.120833334085983, 0.0 ], [ 12.799999999631765, 12.120833334085939, 0.0 ], [ 12.799999999631812, 12.125000000144771, 0.0 ], [ 12.810757785273745, 12.125353325790103, 0.0 ], [ 12.814242213936788, 12.128813341457262, 0.0 ], [ 12.824999999578637, 12.12916666710259, 0.0 ], [ 12.825850931803235, 12.125850762397347, 0.0 ], [ 12.829166666536191, 12.125000000144444, 0.0 ], [ 12.830017597861547, 12.128315904849664, 0.0 ], [ 12.833333332594462, 12.129166667102496, 0.0 ], [ 12.833691066716577, 12.131621636423866, 0.0 ], [ 12.84340888084118, 12.1413133414319, 0.0 ], [ 12.854166666483019, 12.141666667077278, 0.0 ], [ 12.854733954333081, 12.148043823557863, 0.0 ], [ 12.85776604469137, 12.151956177529767, 0.0 ], [ 12.859301079505261, 12.157937283373119, 0.0 ], [ 12.864456176035066, 12.161932712218997, 0.0 ], [ 12.877210489893795, 12.163067287918958, 0.0 ], [ 12.881122842965896, 12.166099379176886, 0.0 ], [ 12.885543822909533, 12.16723395487695, 0.0 ], [ 12.890920002475875, 12.171400621834977, 0.0 ], [ 12.918877155871581, 12.170266046134543, 0.0 ], [ 12.924253336337085, 12.166099379176313, 0.0 ], [ 12.927210489786518, 12.167233954876394, 0.0 ], [ 12.931122842858578, 12.170266046134373, 0.0 ], [ 12.939710489759669, 12.171400621834314, 0.0 ], [ 12.945086669325894, 12.175567287893074, 0.0 ], [ 12.952210489732712, 12.174432712192848, 0.0 ], [ 12.956249999747406, 12.171301948219176, 0.0 ], [ 12.960289509762193, 12.174432712192734, 0.0 ], [ 12.974100409213412, 12.175661214885734, 0.0 ], [ 12.975567287107335, 12.181377157422419, 0.0 ], [ 12.97859937836493, 12.185289510495052, 0.0 ], [ 12.97973395406501, 12.198043823456164, 0.0 ], [ 12.982766045322602, 12.201956177428112, 0.0 ], [ 12.984037611152656, 12.21158040450451, 0.0 ], [ 12.989587402141817, 12.216208903010831, 0.0 ], [ 12.999062770733499, 12.207766046058396, 0.0 ], [ 13.014710489597928, 12.208900621758209, 0.0 ], [ 13.018622842669917, 12.211932713016179, 0.0 ], [ 13.048043822558975, 12.213067288715802, 0.0 ], [ 13.051956176530252, 12.216099379074393, 0.0 ], [ 13.060543822531768, 12.217233954774363, 0.0 ], [ 13.0645833325464, 12.22036471964717, 0.0 ], [ 13.068622843460288, 12.217233954774221, 0.0 ], [ 13.070833332982355, 12.216666666924118, 0.0 ], [ 13.078267075953789, 12.216005452980099, 0.0 ], [ 13.07973395384747, 12.210289510443365, 0.0 ], [ 13.082766045104846, 12.206377157370687, 0.0 ], [ 13.083333332954695, 12.204166666948863, 0.0 ] ] ] } },
{ "type": "Feature", "properties": { "Stra_Catch": "Nggada West Chad", "State": "Borno", "LGA": "Gubio", "Population": 0, "Cleard_TOR": "No", "Status": "Not Yet", "Start_Date": "2025-03-01T00:00:00", "End_Date": "2025-04-04T00:00:00", "Micr_Catch": "Gubio", "Size_Ha": 19024.9514676, "Comments": null, "OBJECTID_1": 0, "Shape_Leng": 0.0, "Shape_Area": 0.0, "parent_strategic_name": "Ngada (West Chad)", "clipped_to_state": true }, "geometry": { "type": "Polygon", "coordinates": [ [ [ 12.793758816153296, 12.520371500838941, 0.0 ], [ 12.801956176172419, 12.513067288119608, 0.0 ], [ 12.810543823073733, 12.511932712419389, 0.0 ], [ 12.814583333088596, 12.508801948445786, 0.0 ], [ 12.82008666959775, 12.513067288119403, 0.0 ], [ 12.82435387446478, 12.511430190145667, 0.0 ], [ 12.82499999958319, 12.504166667252406, 0.0 ], [ 12.824999999583138, 12.500000000294309, 0.0 ], [ 12.82414906825783, 12.496684095589028, 0.0 ], [ 12.817517597892554, 12.494982571083373, 0.0 ], [ 12.816666666567182, 12.491666667277469, 0.0 ], [ 12.816666666567134, 12.487500000319375, 0.0 ], [ 12.816666666567084, 12.483333333361273, 0.0 ], [ 12.816666666566983, 12.475000000344339, 0.0 ], [ 12.814242213940906, 12.474646674698921, 0.0 ], [ 12.808688184446641, 12.469120280471254, 0.0 ], [ 12.807980007006115, 12.455908881684259, 0.0 ], [ 12.804519992238609, 12.452424452121525, 0.0 ], [ 12.803813340947643, 12.439242214751173, 0.0 ], [ 12.800353325280819, 12.435757786087761, 0.0 ], [ 12.799646673989853, 12.422575548717413, 0.0 ], [ 12.796186658323027, 12.419091119154672, 0.0 ], [ 12.795480007032054, 12.410075548742425, 0.0 ], [ 12.781621126950336, 12.396191067658631, 0.0 ], [ 12.776742214019427, 12.395480007891102, 0.0 ], [ 12.75242445146721, 12.371186659232245, 0.0 ], [ 12.747575548013645, 12.370480007941396, 0.0 ], [ 12.739924451493541, 12.36285332621549, 0.0 ], [ 12.72916666675073, 12.362500000570149, 0.0 ], [ 12.728599378001649, 12.385543823983822, 0.0 ], [ 12.725567287643358, 12.38945617705653, 0.0 ], [ 12.724432711943452, 12.39878506137709, 0.0 ], [ 12.732695684700541, 12.400905694237922, 0.0 ], [ 12.733900620659634, 12.418877156950709, 0.0 ], [ 12.736932711917323, 12.422789510922682, 0.0 ], [ 12.738067287617415, 12.432118395243222, 0.0 ], [ 12.733333332809783, 12.433333333462093, 0.0 ], [ 12.733333332809824, 12.437500000420188, 0.0 ], [ 12.737499999767472, 12.437500000420147, 0.0 ], [ 12.737499999767515, 12.441666667378247, 0.0 ], [ 12.738350931092889, 12.44498257118415, 0.0 ], [ 12.746230570525887, 12.44700453043008, 0.0 ], [ 12.732687546735955, 12.461596340893898, 0.0 ], [ 12.729166666751748, 12.462500000370236, 0.0 ], [ 12.72674221412564, 12.462853326015766, 0.0 ], [ 12.723257785462588, 12.466313341682945, 0.0 ], [ 12.714242214151962, 12.467019992973984, 0.0 ], [ 12.70242445157359, 12.478813341658171, 0.0 ], [ 12.697575547220664, 12.479519992949172, 0.0 ], [ 12.693748982277079, 12.483319770686734, 0.0 ], [ 12.677424451625965, 12.46701999297432, 0.0 ], [ 12.669120449099045, 12.46631334168344, 0.0 ], [ 12.664924451652174, 12.470480007742314, 0.0 ], [ 12.656618922975802, 12.471186659932597, 0.0 ], [ 12.650358072218681, 12.464957004858162, 0.0 ], [ 12.649646674305997, 12.460075548643903, 0.0 ], [ 12.639955138371173, 12.450357734518196, 0.0 ], [ 12.635075547351303, 12.449646674750593, 0.0 ], [ 12.631249660496453, 12.445847575101938, 0.0 ], [ 12.62535485089923, 12.451713054210519, 0.0 ], [ 12.625000000003684, 12.458333333413059, 0.0 ], [ 12.632433742975882, 12.458994548256204, 0.0 ], [ 12.633900620869872, 12.464710490792903, 0.0 ], [ 12.638419426367992, 12.470129056307256, 0.0 ], [ 12.648043822516092, 12.471400621237965, 0.0 ], [ 12.653198919945437, 12.47539605098318, 0.0 ], [ 12.654733953859996, 12.481377156826543, 0.0 ], [ 12.663082885617122, 12.490747070916726, 0.0 ], [ 12.668877156405536, 12.492233955129016, 0.0 ], [ 12.685289509451733, 12.50776604546256, 0.0 ], [ 12.689710489395566, 12.508900622061958, 0.0 ], [ 12.694865586824882, 12.512896050907854, 0.0 ], [ 12.696400620739491, 12.518877156751218, 0.0 ], [ 12.699432711997201, 12.522789510723126, 0.0 ], [ 12.699999999847346, 12.537500000220648, 0.0 ], [ 12.699999999847387, 12.541666667178751, 0.0 ], [ 12.704166665905749, 12.541666667178708, 0.0 ], [ 12.704519992450562, 12.54409111890576, 0.0 ], [ 12.707980007218069, 12.547575548468499, 0.0 ], [ 12.708686658508991, 12.55171712254292, 0.0 ], [ 12.687853325519358, 12.572575548418751, 0.0 ], [ 12.687499999873989, 12.583333334062004, 0.0 ], [ 12.689660135455561, 12.582715861343837, 0.0 ], [ 12.693673197308494, 12.579784139822049, 0.0 ], [ 12.702160135429317, 12.578549194385564, 0.0 ], [ 12.714506530298193, 12.567284139846825, 0.0 ], [ 12.724205864254264, 12.565872531587628, 0.0 ], [ 12.725831772862769, 12.554701742187206, 0.0 ], [ 12.735339864187042, 12.546450805955397, 0.0 ], [ 12.737499999768595, 12.545833334136491, 0.0 ], [ 12.740815734501634, 12.544982571883589, 0.0 ], [ 12.742575920884853, 12.538123576637139, 0.0 ], [ 12.764710489238038, 12.536932712369955, 0.0 ], [ 12.768622843209563, 12.533900622011199, 0.0 ], [ 12.773043823153312, 12.532766046311085, 0.0 ], [ 12.776956176225452, 12.529733955053009, 0.0 ], [ 12.782482401379969, 12.528315904950029, 0.0 ], [ 12.784301079669076, 12.521229383923895, 0.0 ], [ 12.789583333141598, 12.517135281463, 0.0 ], [ 12.793758816153296, 12.520371500838941, 0.0 ] ] ] } },
{ "type": "Feature", "properties": { "Stra_Catch": "Nggada West Chad", "State": "Borno", "LGA": "Kaga", "Population": 0, "Cleard_TOR": "Yes", "Status": "Yet to be awarded", "Start_Date": "2024-01-01T00:00:00", "End_Date": "2025-06-06T00:00:00", "Micr_Catch": "Ngamdu", "Size_Ha": 38529.114010899997, "Comments": null, "OBJECTID_1": 0, "Shape_Leng": 0.0, "Shape_Area": 0.0, "parent_strategic_name": "Ngada (West Chad)", "clipped_to_state": true }, "geometry": { "type": "Polygon", "coordinates": [ [ [ 12.35890062143598, 11.735543823486855, 0.0 ], [ 12.357766045735893, 11.726956177483766, 0.0 ], [ 12.354733954478091, 11.723043823511841, 0.0 ], [ 12.354166666628055, 11.720833333989349, 0.0 ], [ 12.353431532009303, 11.713302611724334, 0.0 ], [ 12.342638312178762, 11.711731804577376, 0.0 ], [ 12.340680440420446, 11.704883829623284, 0.0 ], [ 12.333333333637372, 11.704166666156983, 0.0 ], [ 12.326742214952565, 11.70451999180246, 0.0 ], [ 12.321189032619454, 11.710045538868867, 0.0 ], [ 12.320480007118412, 11.719091118758445, 0.0 ], [ 12.317019992350755, 11.722575547421911, 0.0 ], [ 12.316666666705336, 11.725000000048285, 0.0 ], [ 12.315998670974027, 11.740854220344323, 0.0 ], [ 12.306173197207984, 11.742284307872913, 0.0 ], [ 12.302083333252193, 11.745271809844555, 0.0 ], [ 12.297993469296378, 11.742284307872945, 0.0 ], [ 12.285339864217255, 11.741049024291511, 0.0 ], [ 12.277160135406225, 11.733950974856089, 0.0 ], [ 12.270833332866681, 11.733333333065403, 0.0 ], [ 12.268408881139763, 11.733686658710861, 0.0 ], [ 12.26492445157719, 11.737146674378073, 0.0 ], [ 12.251742214207537, 11.737853325669017, 0.0 ], [ 12.247916666396975, 11.741652086273387, 0.0 ], [ 12.244091118586383, 11.737853325669045, 0.0 ], [ 12.226742214258751, 11.737146674378208, 0.0 ], [ 12.223257785595514, 11.733686658711019, 0.0 ], [ 12.21669965719753, 11.733172624742657, 0.0 ], [ 12.216771, 11.7337422, 0.0 ], [ 12.2195395, 11.7437375, 0.0 ], [ 12.2212698, 11.7560193, 0.0 ], [ 12.2296831, 11.7581791, 0.0 ], [ 12.2376238, 11.7603518, 0.0 ], [ 12.2357528, 11.7675051, 0.0 ], [ 12.2393668, 11.7894869, 0.0 ], [ 12.242889, 11.8019134, 0.0 ], [ 12.2443017, 11.8093451, 0.0 ], [ 12.2476383, 11.8127497, 0.0 ], [ 12.2528883, 11.817239, 0.0 ], [ 12.2569653, 11.8183672, 0.0 ], [ 12.2608471, 11.8205404, 0.0 ], [ 12.2703834, 11.82647, 0.0 ], [ 12.2703861, 11.8268476, 0.0 ], [ 12.2703863, 11.8268738, 0.0 ], [ 12.2703848, 11.82697, 0.0 ], [ 12.2703809, 11.8272263, 0.0 ], [ 12.2703801, 11.8272776, 0.0 ], [ 12.2703766, 11.8273698, 0.0 ], [ 12.2703725, 11.8275082, 0.0 ], [ 12.2703677, 11.8276069, 0.0 ], [ 12.2703604, 11.8277551, 0.0 ], [ 12.2703461, 11.827992, 0.0 ], [ 12.2703363, 11.8281352, 0.0 ], [ 12.2703151, 11.8283907, 0.0 ], [ 12.2703044, 11.8285126, 0.0 ], [ 12.2702648, 11.8288881, 0.0 ], [ 12.2697866, 11.8329793, 0.0 ], [ 12.2693648, 11.8365881, 0.0 ], [ 12.2693327, 11.8368464, 0.0 ], [ 12.2683327, 11.8444464, 0.0 ], [ 12.2682681, 11.8448939, 0.0 ], [ 12.2681474, 11.845576, 0.0 ], [ 12.2679302, 11.8466784, 0.0 ], [ 12.2614732, 11.8606125, 0.0 ], [ 12.2591836, 11.872047, 0.0 ], [ 12.2561227, 11.8856006, 0.0 ], [ 12.2576864, 11.8974861, 0.0 ], [ 12.2629237, 11.935942, 0.0 ], [ 12.267496640748231, 11.952907492194162, 0.0 ], [ 12.26840888114063, 11.953813340911502, 0.0 ], [ 12.277424451552415, 11.954519992202368, 0.0 ], [ 12.280908881115018, 11.957980006970233, 0.0 ], [ 12.283333332841941, 11.958333333514993, 0.0 ], [ 12.286649068474427, 11.957482401290228, 0.0 ], [ 12.288067287649818, 11.951956176135058, 0.0 ], [ 12.291099378907671, 11.948043823062424, 0.0 ], [ 12.292554050303515, 11.942375183066675, 0.0 ], [ 12.303279283186118, 11.940958150096931, 0.0 ], [ 12.304733954581957, 11.935289510101175, 0.0 ], [ 12.307766044940429, 11.931377156129226, 0.0 ], [ 12.308900621539788, 11.926956176184964, 0.0 ], [ 12.317233954556205, 11.917603895102035, 0.0 ], [ 12.3160993788561, 11.906122843192968, 0.0 ], [ 12.311932711898216, 11.900746663625975, 0.0 ], [ 12.3130672875982, 11.897789510176102, 0.0 ], [ 12.316099378856046, 11.893877156204148, 0.0 ], [ 12.316666666706064, 11.891666666681649, 0.0 ], [ 12.317327880649879, 11.884232923708781, 0.0 ], [ 12.324149068397091, 11.882482401439987, 0.0 ], [ 12.325967745786972, 11.875395880413873, 0.0 ], [ 12.331122843216439, 11.871400620640419, 0.0 ], [ 12.336649068371269, 11.869982401464904, 0.0 ], [ 12.33806728754665, 11.864456176309732, 0.0 ], [ 12.341099378804424, 11.860543823237096, 0.0 ], [ 12.342369588456791, 11.850929260275391, 0.0 ], [ 12.35195617710627, 11.84223395463148, 0.0 ], [ 12.361612616998466, 11.840958150296526, 0.0 ], [ 12.363067287494975, 11.835289510300774, 0.0 ], [ 12.370266045710606, 11.827210489370698, 0.0 ], [ 12.371400621410633, 11.822789509426439, 0.0 ], [ 12.375567287469117, 11.817413329859356, 0.0 ], [ 12.374432711768971, 11.797789509476356, 0.0 ], [ 12.371400621410492, 11.793877156403754, 0.0 ], [ 12.370833333560377, 11.775000000847445, 0.0 ], [ 12.370172118717177, 11.767566257874583, 0.0 ], [ 12.363114250991208, 11.765755039461647, 0.0 ], [ 12.361932711794521, 11.739456177458781, 0.0 ], [ 12.35890062143598, 11.735543823486855, 0.0 ] ] ] } },
{ "type": "Feature", "properties": { "Stra_Catch": "Yedzaram East Chad", "State": "Borno", "LGA": "Askira_Uba", "Population": 0, "Cleard_TOR": "Yes", "Status": "Yet to be awarded", "Start_Date": "2025-03-01T00:00:00", "End_Date": "2025-12-01T00:00:00", "Micr_Catch": "Uba", "Size_Ha": 65539.144272699996, "Comments": null, "OBJECTID_1": 0, "Shape_Leng": 0.0, "Shape_Area": 0.0, "parent_strategic_name": "Ngada (West Chad)", "clipped_to_state": true }, "geometry": { "type": "Polygon", "coordinates": [ [ [ 13.132586669785422, 10.667233954274133, 0.0 ], [ 13.135543823234496, 10.666099378573959, 0.0 ], [ 13.139583333248748, 10.662968613700949, 0.0 ], [ 13.145086669757147, 10.667233954273897, 0.0 ], [ 13.152210489263858, 10.666099378573644, 0.0 ], [ 13.156122843234673, 10.663067287315535, 0.0 ], [ 13.158333332756559, 10.66249999946549, 0.0 ], [ 13.19409111833987, 10.662853325110218, 0.0 ], [ 13.197575547901716, 10.666313340777348, 0.0 ], [ 13.212499999599453, 10.666666666422485, 0.0 ], [ 13.212364308936884, 10.660935101887976, 0.0 ], [ 13.212124059398828, 10.660057760416153, 0.0 ], [ 13.212340124393613, 10.659913548393634, 0.0 ], [ 13.212215805186995, 10.654662313399838, 0.0 ], [ 13.211779732456426, 10.654378451920978, 0.0 ], [ 13.210986992406641, 10.654011184313749, 0.0 ], [ 13.210663171358018, 10.652769651289447, 0.0 ], [ 13.210375833392057, 10.652237526890184, 0.0 ], [ 13.210097451464586, 10.651424068684038, 0.0 ], [ 13.209624731711299, 10.650545565812017, 0.0 ], [ 13.210072431031115, 10.650071207202402, 0.0 ], [ 13.210350351713654, 10.649933217146934, 0.0 ], [ 13.208686659186831, 10.648257785157714, 0.0 ], [ 13.208280720092803, 10.645472313227113, 0.0 ], [ 13.20809069654444, 10.645231630783812, 0.0 ], [ 13.207560991365318, 10.64298690859466, 0.0 ], [ 13.204519992229766, 10.639924452140876, 0.0 ], [ 13.204289373003343, 10.635622362236493, 0.0 ], [ 13.203843150353725, 10.633911185028877, 0.0 ], [ 13.202978278177381, 10.633110862417583, 0.0 ], [ 13.202994579214575, 10.630713452087688, 0.0 ], [ 13.202695507214967, 10.630413519101891, 0.0 ], [ 13.202129410209073, 10.629890397424434, 0.0 ], [ 13.201438083382694, 10.629197157787136, 0.0 ], [ 13.198169482235464, 10.628690681519059, 0.0 ], [ 13.197240353888382, 10.629674694023389, 0.0 ], [ 13.196655447826005, 10.62941664014784, 0.0 ], [ 13.197156424052617, 10.627367943437564, 0.0 ], [ 13.197166452187197, 10.62591362612109, 0.0 ], [ 13.196880871720586, 10.625349201918718, 0.0 ], [ 13.19579460986351, 10.62484571030846, 0.0 ], [ 13.19519926840071, 10.623198091163692, 0.0 ], [ 13.195803482364278, 10.620726191745028, 0.0 ], [ 13.195360287275284, 10.619497303454818, 0.0 ], [ 13.196509615062356, 10.618048889882731, 0.0 ], [ 13.196223884652037, 10.617785239068903, 0.0 ], [ 13.195889387669466, 10.614812622635274, 0.0 ], [ 13.194272157786349, 10.615099598660887, 0.0 ], [ 13.194008809293178, 10.615379049900767, 0.0 ], [ 13.193597125852529, 10.615517230819171, 0.0 ], [ 13.193705987884243, 10.614019826802512, 0.0 ], [ 13.194786881683708, 10.613038037929565, 0.0 ], [ 13.194245830540561, 10.612388742572712, 0.0 ], [ 13.192586236210115, 10.612155067817238, 0.0 ], [ 13.191064367695979, 10.611363451556622, 0.0 ], [ 13.190667671844265, 10.611895239005465, 0.0 ], [ 13.190306777674014, 10.612701423314123, 0.0 ], [ 13.18962138157014, 10.612751274608456, 0.0 ], [ 13.189026724177678, 10.611931941162469, 0.0 ], [ 13.1887495113364, 10.610567604970086, 0.0 ], [ 13.188457541417897, 10.610315653988383, 0.0 ], [ 13.188195086617823, 10.610033707271073, 0.0 ], [ 13.18694729756705, 10.609670280013704, 0.0 ], [ 13.188169474294966, 10.608154320002074, 0.0 ], [ 13.188420460845592, 10.607594877669969, 0.0 ], [ 13.189924892141262, 10.605619493601273, 0.0 ], [ 13.189074335200285, 10.60444834452481, 0.0 ], [ 13.18837918247837, 10.601662336550913, 0.0 ], [ 13.187620132432054, 10.601010108321255, 0.0 ], [ 13.187212343531867, 10.599235717743552, 0.0 ], [ 13.186924124187328, 10.59705957606141, 0.0 ], [ 13.186363543912401, 10.596070614581787, 0.0 ], [ 13.186587794365281, 10.593545635272765, 0.0 ], [ 13.187403254004783, 10.593162107944247, 0.0 ], [ 13.187120324878949, 10.591373363927945, 0.0 ], [ 13.186828380131129, 10.59112140373046, 0.0 ], [ 13.186558590193345, 10.590298250988193, 0.0 ], [ 13.18599314026164, 10.590049929713693, 0.0 ], [ 13.185723354346147, 10.589226774998652, 0.0 ], [ 13.185324318795544, 10.588171164347521, 0.0 ], [ 13.185974437954899, 10.588123926471731, 0.0 ], [ 13.18726821022709, 10.588182828618276, 0.0 ], [ 13.188145357918685, 10.587386169804848, 0.0 ], [ 13.187878281367821, 10.586762266966012, 0.0 ], [ 13.18676583220866, 10.586521225183823, 0.0 ], [ 13.186496051267676, 10.585698070606986, 0.0 ], [ 13.184908746376715, 10.585426335548824, 0.0 ], [ 13.184563149087365, 10.58437053899687, 0.0 ], [ 13.182448698431847, 10.58407302236041, 0.0 ], [ 13.182086916169938, 10.583319801094719, 0.0 ], [ 13.18106103116275, 10.583393693079236, 0.0 ], [ 13.179902006049684, 10.582790610481762, 0.0 ], [ 13.17804453221615, 10.582925224360437, 0.0 ], [ 13.17767727556417, 10.58145209283779, 0.0 ], [ 13.176823261411318, 10.581513644090265, 0.0 ], [ 13.176045758488618, 10.580676588492132, 0.0 ], [ 13.175273944894691, 10.580732287247365, 0.0 ], [ 13.174287146199804, 10.580299748932495, 0.0 ], [ 13.173187065684374, 10.577577151853669, 0.0 ], [ 13.17188318182626, 10.577006076998599, 0.0 ], [ 13.171859775107208, 10.576697673462327, 0.0 ], [ 13.171885570487632, 10.576156026470866, 0.0 ], [ 13.171001988275629, 10.575769150922612, 0.0 ], [ 13.171041858331774, 10.574924947238211, 0.0 ], [ 13.170467937312111, 10.573731523690943, 0.0 ], [ 13.170176022604755, 10.573479536201042, 0.0 ], [ 13.169909964428111, 10.572926950446146, 0.0 ], [ 13.169035076703581, 10.572391936663244, 0.0 ], [ 13.169078000522964, 10.571456767550268, 0.0 ], [ 13.169032064529681, 10.570825145706246, 0.0 ], [ 13.169369039180964, 10.569509709050385, 0.0 ], [ 13.168798751542074, 10.568504417206979, 0.0 ], [ 13.168717604235106, 10.56740173040186, 0.0 ], [ 13.168792931752899, 10.5657799838733, 0.0 ], [ 13.167690185322636, 10.564590365585675, 0.0 ], [ 13.166697912099702, 10.564301638565087, 0.0 ], [ 13.167285626111193, 10.56200863969487, 0.0 ], [ 13.166740709535325, 10.561060091954197, 0.0 ], [ 13.166406656465265, 10.560772177731668, 0.0 ], [ 13.167415778706044, 10.559855958540467, 0.0 ], [ 13.167797788363364, 10.559422199253163, 0.0 ], [ 13.168277006699892, 10.558986626645254, 0.0 ], [ 13.168870977643492, 10.557870259463895, 0.0 ], [ 13.16860763501165, 10.557516920285183, 0.0 ], [ 13.167836964847096, 10.557178741367816, 0.0 ], [ 13.166770042169963, 10.555710578576747, 0.0 ], [ 13.166616917134817, 10.553626129571603, 0.0 ], [ 13.166644295292688, 10.553041640619382, 0.0 ], [ 13.166346771344459, 10.552133695209207, 0.0 ], [ 13.165645983170336, 10.551826299666983, 0.0 ], [ 13.165223503738444, 10.551080702018718, 0.0 ], [ 13.164957487831446, 10.550528100743586, 0.0 ], [ 13.164118646579112, 10.550283313210876, 0.0 ], [ 13.163769837338011, 10.549215865000717, 0.0 ], [ 13.161920064719386, 10.548085737877903, 0.0 ], [ 13.162456286763041, 10.547598678115326, 0.0 ], [ 13.162935502531047, 10.546528239424388, 0.0 ], [ 13.163531899169357, 10.545987523498086, 0.0 ], [ 13.163440611472423, 10.544762318779352, 0.0 ], [ 13.163761146789012, 10.544048151159977, 0.0 ], [ 13.164884227818712, 10.543027373948432, 0.0 ], [ 13.164556262074635, 10.54215788288805, 0.0 ], [ 13.164272048028975, 10.540252240597194, 0.0 ], [ 13.163433237755513, 10.540007440260382, 0.0 ], [ 13.163145396838964, 10.537831185556774, 0.0 ], [ 13.162852456396926, 10.537578661083522, 0.0 ], [ 13.162889791333198, 10.536779946544275, 0.0 ], [ 13.162556857977428, 10.53649305871828, 0.0 ], [ 13.162850287218085, 10.536225938975665, 0.0 ], [ 13.163101319921372, 10.535666519845261, 0.0 ], [ 13.163496240452833, 10.534922301130509, 0.0 ], [ 13.162048390974318, 10.53403741797359, 0.0 ], [ 13.161970016008343, 10.532975913147183, 0.0 ], [ 13.162281583601379, 10.532389266811055, 0.0 ], [ 13.162205715645232, 10.531355216970187, 0.0 ], [ 13.162274550792548, 10.529878918466983, 0.0 ], [ 13.161746122911852, 10.528479728366381, 0.0 ], [ 13.16298641443969, 10.527676284373584, 0.0 ], [ 13.163012947006642, 10.527106606002601, 0.0 ], [ 13.162703196932144, 10.526158628898868, 0.0 ], [ 13.16214654225762, 10.525679616973886, 0.0 ], [ 13.161827828160387, 10.525336502587544, 0.0 ], [ 13.160288708804361, 10.525765901775785, 0.0 ], [ 13.159969995913821, 10.525422784759483, 0.0 ], [ 13.159131229488926, 10.525177956136057, 0.0 ], [ 13.15885478800511, 10.524879743927462, 0.0 ], [ 13.158307234653986, 10.524919186660442, 0.0 ], [ 13.15800529843826, 10.523994884136387, 0.0 ], [ 13.157196623070217, 10.522568168450581, 0.0 ], [ 13.157478299781426, 10.520867570560034, 0.0 ], [ 13.157971841594733, 10.520306557079522, 0.0 ], [ 13.158530274992785, 10.520043365057198, 0.0 ], [ 13.158774054844329, 10.518942731703746, 0.0 ], [ 13.159307596192305, 10.517939260021732, 0.0 ], [ 13.158770203262458, 10.51785909558394, 0.0 ], [ 13.155505237296495, 10.518094915183577, 0.0 ], [ 13.154227691789899, 10.516995213276335, 0.0 ], [ 13.153834201931051, 10.516571656369404, 0.0 ], [ 13.152481716192517, 10.516177592003082, 0.0 ], [ 13.152072875093562, 10.51492639460699, 0.0 ], [ 13.15138995100877, 10.51418997581381, 0.0 ], [ 13.150515175842795, 10.5138065523997, 0.0 ], [ 13.151037625400784, 10.513089752087062, 0.0 ], [ 13.151488336541705, 10.512680498933829, 0.0 ], [ 13.151034475419923, 10.511736493973586, 0.0 ], [ 13.150469198150356, 10.511488042084583, 0.0 ], [ 13.150192406704997, 10.510123566042228, 0.0 ], [ 13.149900581701132, 10.509871529781199, 0.0 ], [ 13.14963465241355, 10.50931889054694, 0.0 ], [ 13.149342828678142, 10.509066853298615, 0.0 ], [ 13.148866991038203, 10.508076080472176, 0.0 ], [ 13.146874381349082, 10.50798480537004, 0.0 ], [ 13.146322581453765, 10.508024801035381, 0.0 ], [ 13.145470439755981, 10.507734627299541, 0.0 ], [ 13.144690230807164, 10.507790823329293, 0.0 ], [ 13.144413820415522, 10.507492587000042, 0.0 ], [ 13.143770757739695, 10.506938525619551, 0.0 ], [ 13.14272586562242, 10.505093495159194, 0.0 ], [ 13.14259110475103, 10.504681861573856, 0.0 ], [ 13.142361005397889, 10.504010855181939, 0.0 ], [ 13.141338102810936, 10.504293296764088, 0.0 ], [ 13.140600666724987, 10.505073157279789, 0.0 ], [ 13.139363668367398, 10.505724738786283, 0.0 ], [ 13.138343501252534, 10.505411888255784, 0.0 ], [ 13.137810745342655, 10.504876986353512, 0.0 ], [ 13.137527351985513, 10.504615308223631, 0.0 ], [ 13.137153186813441, 10.503875335935179, 0.0 ], [ 13.136439966502978, 10.504629499349328, 0.0 ], [ 13.13602655027047, 10.505032961309563, 0.0 ], [ 13.135387068861389, 10.505708980145577, 0.0 ], [ 13.134400345312532, 10.505741411488867, 0.0 ], [ 13.132904510698603, 10.505730787063875, 0.0 ], [ 13.132633289655526, 10.506303144835753, 0.0 ], [ 13.130442796029826, 10.506597078434265, 0.0 ], [ 13.130132596814011, 10.507933837397664, 0.0 ], [ 13.12772985926631, 10.508256427111336, 0.0 ], [ 13.127406034495857, 10.509292564818725, 0.0 ], [ 13.126923100109456, 10.508808269986256, 0.0 ], [ 13.126639707286973, 10.508546580007362, 0.0 ], [ 13.126336511104716, 10.508241797299863, 0.0 ], [ 13.122901071095251, 10.508355765811741, 0.0 ], [ 13.121724000683399, 10.507974589770335, 0.0 ], [ 13.121464818725354, 10.509696605787013, 0.0 ], [ 13.121188475222986, 10.509965582619319, 0.0 ], [ 13.1208413770461, 10.510699107765817, 0.0 ], [ 13.120109013123553, 10.511062300607827, 0.0 ], [ 13.119849219117496, 10.511612305961204, 0.0 ], [ 13.118724806832301, 10.511899182983889, 0.0 ], [ 13.11794936063338, 10.512719689327518, 0.0 ], [ 13.117430430237913, 10.513226012716586, 0.0 ], [ 13.116890155258321, 10.514297744187902, 0.0 ], [ 13.118260506761283, 10.516037171298299, 0.0 ], [ 13.118010443715139, 10.517320292916983, 0.0 ], [ 13.117737685641009, 10.51785989412107, 0.0 ], [ 13.117508567009674, 10.521524328492825, 0.0 ], [ 13.116132792723018, 10.521194375888753, 0.0 ], [ 13.115946790959665, 10.524223497207551, 0.0 ], [ 13.108333332867028, 10.524999999741283, 0.0 ], [ 13.107766045017158, 10.52721048926373, 0.0 ], [ 13.10284216937267, 10.532736456128557, 0.0 ], [ 13.102787110860136, 10.533101301226999, 0.0 ], [ 13.102085959917492, 10.533585134830842, 0.0 ], [ 13.100567287702338, 10.535289510193948, 0.0 ], [ 13.099432712002724, 10.543877156197, 0.0 ], [ 13.096400620745529, 10.547789510168995, 0.0 ], [ 13.095475091791023, 10.558194368673414, 0.0 ], [ 13.095540592395047, 10.558192196781913, 0.0 ], [ 13.097076786027992, 10.559287733846668, 0.0 ], [ 13.096695299102041, 10.56009308910288, 0.0 ], [ 13.095875463429719, 10.560639803296665, 0.0 ], [ 13.095041973634201, 10.562816045182126, 0.0 ], [ 13.092987881513725, 10.562160948780177, 0.0 ], [ 13.089688053778694, 10.563007781009397, 0.0 ], [ 13.089259331982754, 10.563913007110664, 0.0 ], [ 13.088269084741993, 10.564262611342571, 0.0 ], [ 13.088024965946424, 10.564260888478719, 0.0 ], [ 13.086742181934698, 10.565330704737091, 0.0 ], [ 13.086493139927581, 10.566125940656441, 0.0 ], [ 13.085830667764222, 10.566454374116086, 0.0 ], [ 13.085567210135075, 10.566733756348645, 0.0 ], [ 13.085017269745563, 10.567006276658885, 0.0 ], [ 13.084760975627651, 10.567826926994504, 0.0 ], [ 13.083932770848911, 10.568379776364717, 0.0 ], [ 13.083874592321326, 10.568820117987162, 0.0 ], [ 13.083948325599847, 10.568920180719065, 0.0 ], [ 13.08505181814729, 10.569615887265345, 0.0 ], [ 13.084796805404229, 10.570533268347557, 0.0 ], [ 13.083976915997697, 10.5710799695142, 0.0 ], [ 13.083594359264255, 10.571888511470108, 0.0 ], [ 13.083468649494522, 10.571892617935163, 0.0 ], [ 13.082766045074372, 10.577210490063537, 0.0 ], [ 13.081480566616131, 10.578869162794993, 0.0 ], [ 13.081873343277199, 10.579116648566007, 0.0 ], [ 13.082235907250917, 10.580509762745889, 0.0 ], [ 13.083556810922328, 10.580914514388436, 0.0 ], [ 13.083607676395424, 10.582414230396981, 0.0 ], [ 13.082782457889113, 10.583286673154038, 0.0 ], [ 13.082230661791105, 10.583824618880053, 0.0 ], [ 13.081707995670467, 10.585190091807814, 0.0 ], [ 13.08118890635415, 10.585696421798133, 0.0 ], [ 13.080895239311729, 10.586278071467861, 0.0 ], [ 13.080508506834533, 10.587095131936433, 0.0 ], [ 13.079520837495382, 10.586838842885046, 0.0 ], [ 13.078850407889282, 10.586166599467298, 0.0 ], [ 13.078518566160724, 10.585859429161783, 0.0 ], [ 13.078315904613994, 10.586649237363959, 0.0 ], [ 13.075622450443593, 10.587340297373949, 0.0 ], [ 13.075455968271102, 10.588248635058868, 0.0 ], [ 13.075179524919015, 10.588517611953577, 0.0 ], [ 13.075189587148495, 10.588793452411254, 0.0 ], [ 13.074925646717391, 10.588881955763085, 0.0 ], [ 13.074432712059854, 10.598043823055578, 0.0 ], [ 13.070437283214972, 10.603198920485434, 0.0 ], [ 13.065553079099171, 10.60445229597447, 0.0 ], [ 13.06458794880143, 10.605952142456418, 0.0 ], [ 13.063095670432304, 10.605594444565478, 0.0 ], [ 13.062739812668726, 10.612209068225063, 0.0 ], [ 13.063190940140245, 10.612493138672283, 0.0 ], [ 13.063180576293743, 10.613810757981012, 0.0 ], [ 13.063490684260524, 10.61438776871567, 0.0 ], [ 13.06258590563165, 10.615069866085962, 0.0 ], [ 13.062499999938076, 10.616666666525244, 0.0 ], [ 13.062499999938089, 10.617328871291098, 0.0 ], [ 13.06253589952186, 10.617433727289759, 0.0 ], [ 13.063814090760257, 10.618716156750967, 0.0 ], [ 13.064368117559834, 10.619228677216748, 0.0 ], [ 13.064382292356237, 10.619653556357308, 0.0 ], [ 13.064373660776109, 10.620858541096872, 0.0 ], [ 13.064943933113186, 10.621386708717957, 0.0 ], [ 13.064958109928847, 10.621811587457129, 0.0 ], [ 13.064949483765197, 10.623016571275324, 0.0 ], [ 13.065519769129347, 10.623545264591046, 0.0 ], [ 13.06526363692897, 10.624381791347727, 0.0 ], [ 13.064425103216443, 10.624662817984543, 0.0 ], [ 13.063890678419732, 10.625228035369062, 0.0 ], [ 13.062534167012746, 10.625218120465929, 0.0 ], [ 13.062499999938231, 10.625364987901653, 0.0 ], [ 13.062499999938373, 10.633333333458367, 0.0 ], [ 13.064954969259167, 10.633691066681141, 0.0 ], [ 13.074646674265223, 10.643408880806765, 0.0 ], [ 13.075357734032719, 10.648288302754557, 0.0 ], [ 13.08507554815632, 10.657980007762541, 0.0 ], [ 13.089924451609301, 10.65868665905341, 0.0 ], [ 13.09757554812842, 10.666313340779254, 0.0 ], [ 13.106591118538429, 10.667019992069994, 0.0 ], [ 13.110075548100388, 10.67048000773713, 0.0 ], [ 13.112499999826829, 10.670833333382538, 0.0 ], [ 13.11338738337248, 10.667375012937388, 0.0 ], [ 13.123043823262723, 10.666099378574188, 0.0 ], [ 13.127083333277005, 10.66296861370118, 0.0 ], [ 13.132586669785422, 10.667233954274133, 0.0 ] ], [ [ 13.193507603972989, 10.615848276075296, 0.0 ], [ 13.193265027760345, 10.615614174202111, 0.0 ], [ 13.193597125852529, 10.615517230819171, 0.0 ], [ 13.193507603972989, 10.615848276075296, 0.0 ] ] ] } },
{ "type": "Feature", "properties": { "Stra_Catch": "Nggada West Chad", "State": "Borno", "LGA": "Konduga", "Population": 0, "Cleard_TOR": "Yes", "Status": "Studies Ongoing", "Start_Date": "2025-03-01T00:00:00", "End_Date": "2025-12-01T00:00:00", "Micr_Catch": "Konduga", "Size_Ha": 62327.943599300001, "Comments": null, "OBJECTID_1": 0, "Shape_Leng": 0.0, "Shape_Area": 0.0, "parent_strategic_name": "Ngada (West Chad)", "clipped_to_state": true }, "geometry": { "type": "MultiPolygon", "coordinates": [ [ [ [ 13.335543822802904, 11.695266046176398, 0.0 ], [ 13.339456175874247, 11.692233954918255, 0.0 ], [ 13.341666666295367, 11.691666667068136, 0.0 ], [ 13.344091118021666, 11.691313341422621, 0.0 ], [ 13.351742214539946, 11.683686659696429, 0.0 ], [ 13.356591117992515, 11.682980008405396, 0.0 ], [ 13.360075547554095, 11.679519992738099, 0.0 ], [ 13.364924451906015, 11.678813341447059, 0.0 ], [ 13.368408880568262, 11.675353325779758, 0.0 ], [ 13.370833333193845, 11.675000000134238, 0.0 ], [ 13.371746825857027, 11.671440802735157, 0.0 ], [ 13.382928216465691, 11.67100962964925, 0.0 ], [ 13.384331276791443, 11.670197037732956, 0.0 ], [ 13.384594949902478, 11.669917147621099, 0.0 ], [ 13.385684466289797, 11.669375461211004, 0.0 ], [ 13.385687657068118, 11.668828715621162, 0.0 ], [ 13.385387297913404, 11.668276306588195, 0.0 ], [ 13.385392021545009, 11.667486179690847, 0.0 ], [ 13.385107704872793, 11.667203569761041, 0.0 ], [ 13.384096734348645, 11.666739439650092, 0.0 ], [ 13.384672778659123, 11.665594700441442, 0.0 ], [ 13.385188565710399, 11.664505050553286, 0.0 ], [ 13.385885163476852, 11.664480399688836, 0.0 ], [ 13.387523734115279, 11.664488113567112, 0.0 ], [ 13.387794588695739, 11.663915609753818, 0.0 ], [ 13.390104299397548, 11.66350850947029, 0.0 ], [ 13.390759279628966, 11.662816245445379, 0.0 ], [ 13.392173886457687, 11.662766060878827, 0.0 ], [ 13.392754159505769, 11.663049417809388, 0.0 ], [ 13.393959788867624, 11.663006651035404, 0.0 ], [ 13.394286570017574, 11.663008196929825, 0.0 ], [ 13.395077968805772, 11.662937803774195, 0.0 ], [ 13.395459723827937, 11.66217989600311, 0.0 ], [ 13.395448990371728, 11.66190711163034, 0.0 ], [ 13.395451170316486, 11.661501222563304, 0.0 ], [ 13.395382857733075, 11.659616202186598, 0.0 ], [ 13.396236117774261, 11.659191995822018, 0.0 ], [ 13.396913508643493, 11.658834688757981, 0.0 ], [ 13.397603990643891, 11.659171836410545, 0.0 ], [ 13.399019850157925, 11.65886319100079, 0.0 ], [ 13.400046064983213, 11.658868072386412, 0.0 ], [ 13.400614177856447, 11.658313206412725, 0.0 ], [ 13.401109889480006, 11.656159818747165, 0.0 ], [ 13.401393599597752, 11.655860591647318, 0.0 ], [ 13.402631049675298, 11.655866721775702, 0.0 ], [ 13.403867704623405, 11.655822655767228, 0.0 ], [ 13.404619257793422, 11.656569416605356, 0.0 ], [ 13.405017428401806, 11.655017598466694, 0.0 ], [ 13.408333333105892, 11.654166667141158, 0.0 ], [ 13.409184095358418, 11.650850932407787, 0.0 ], [ 13.411025786463069, 11.65037830537652, 0.0 ], [ 13.411501777362078, 11.649369910354126, 0.0 ], [ 13.412817854529333, 11.648926675861201, 0.0 ], [ 13.413686229285478, 11.647089404521287, 0.0 ], [ 13.415802169617285, 11.646716311001841, 0.0 ], [ 13.417263863469243, 11.646397651384413, 0.0 ], [ 13.417976970397712, 11.646401037557787, 0.0 ], [ 13.419315380261624, 11.645158837264971, 0.0 ], [ 13.419347226188052, 11.644983475519922, 0.0 ], [ 13.419503524068386, 11.644984217891524, 0.0 ], [ 13.426956176568442, 11.638067288057519, 0.0 ], [ 13.431377155611798, 11.636932712357259, 0.0 ], [ 13.439456176538807, 11.629733955040248, 0.0 ], [ 13.441666666060442, 11.629166667190118, 0.0 ], [ 13.442019991705738, 11.626742215463054, 0.0 ], [ 13.445480007371529, 11.623257785900167, 0.0 ], [ 13.445986908799744, 11.610812914567896, 0.0 ], [ 13.445971992632201, 11.610803269841634, 0.0 ], [ 13.445273319238996, 11.610482461802405, 0.0 ], [ 13.444069569008875, 11.60873211925596, 0.0 ], [ 13.443738458745209, 11.608402729743524, 0.0 ], [ 13.443306589718262, 11.608006198096184, 0.0 ], [ 13.443725671367753, 11.6075965480149, 0.0 ], [ 13.444018424396994, 11.6066567188213, 0.0 ], [ 13.445071730668186, 11.605952468747061, 0.0 ], [ 13.44587112886831, 11.604852641431247, 0.0 ], [ 13.446422067014534, 11.60457887633495, 0.0 ], [ 13.446393603078521, 11.603798302549951, 0.0 ], [ 13.446987672146287, 11.601648756015546, 0.0 ], [ 13.44663849896116, 11.601328895018174, 0.0 ], [ 13.446083266196958, 11.600520509161953, 0.0 ], [ 13.444378158328091, 11.600138580750546, 0.0 ], [ 13.444951941208171, 11.598398613642063, 0.0 ], [ 13.444898716863595, 11.596934372605293, 0.0 ], [ 13.446792363930207, 11.596295916645776, 0.0 ], [ 13.446226434741639, 11.594744197945307, 0.0 ], [ 13.44757071807925, 11.592721016078004, 0.0 ], [ 13.447577290095762, 11.591332888288919, 0.0 ], [ 13.446881689141707, 11.590635065462656, 0.0 ], [ 13.446456186900917, 11.590506121562745, 0.0 ], [ 13.446457520401607, 11.59020954185274, 0.0 ], [ 13.445677926248448, 11.589427457538273, 0.0 ], [ 13.445079173860542, 11.589448812846191, 0.0 ], [ 13.444532459918006, 11.588905024713641, 0.0 ], [ 13.443948361270269, 11.588369472356217, 0.0 ], [ 13.443270302850593, 11.587044572752692, 0.0 ], [ 13.442710723655201, 11.587041822994777, 0.0 ], [ 13.441563354656648, 11.587082726032039, 0.0 ], [ 13.439663623742584, 11.586656965687999, 0.0 ], [ 13.439265521595802, 11.586291336050616, 0.0 ], [ 13.438849623748069, 11.585478134275794, 0.0 ], [ 13.438411308292949, 11.584670559540498, 0.0 ], [ 13.438415751071579, 11.583866748023823, 0.0 ], [ 13.438347446132457, 11.581986848715189, 0.0 ], [ 13.438920629274239, 11.581426623469486, 0.0 ], [ 13.439700770730148, 11.580600587482934, 0.0 ], [ 13.442243170799166, 11.580254486178596, 0.0 ], [ 13.444010047894128, 11.578383893549471, 0.0 ], [ 13.444710600072053, 11.578204007204993, 0.0 ], [ 13.44757554734635, 11.575353325977236, 0.0 ], [ 13.449604286331279, 11.57524457843231, 0.0 ], [ 13.449795834985865, 11.575057460558831, 0.0 ], [ 13.449784712057824, 11.574761186259014, 0.0 ], [ 13.450083980373254, 11.574166065749662, 0.0 ], [ 13.448115462022386, 11.572773848554013, 0.0 ], [ 13.448081097705456, 11.571821628223926, 0.0 ], [ 13.448371368270664, 11.57153815373433, 0.0 ], [ 13.447524823283834, 11.571009542969442, 0.0 ], [ 13.447528458556926, 11.570223190779865, 0.0 ], [ 13.447240863129544, 11.569659557479012, 0.0 ], [ 13.446935069944693, 11.569097260305497, 0.0 ], [ 13.446940914091645, 11.567908213772597, 0.0 ], [ 13.446896879322152, 11.566682679812356, 0.0 ], [ 13.447730823614549, 11.566686765397899, 0.0 ], [ 13.447736208513039, 11.565604204279095, 0.0 ], [ 13.447438197893726, 11.565330306889354, 0.0 ], [ 13.448189711806046, 11.564595601851002, 0.0 ], [ 13.449858447531621, 11.562083967057212, 0.0 ], [ 13.449061920653623, 11.561191819342506, 0.0 ], [ 13.448234423303665, 11.56206878003189, 0.0 ], [ 13.447397878375526, 11.561695890656809, 0.0 ], [ 13.447023947284487, 11.558449180296645, 0.0 ], [ 13.44520027027672, 11.557396300999542, 0.0 ], [ 13.443973513738683, 11.557831804005829, 0.0 ], [ 13.442393565373111, 11.557824089828795, 0.0 ], [ 13.441842961159363, 11.558114722073645, 0.0 ], [ 13.440463794686229, 11.557858196262599, 0.0 ], [ 13.439685804300012, 11.558682064856413, 0.0 ], [ 13.438276100641309, 11.558732222458344, 0.0 ], [ 13.438283333053866, 11.557152102297357, 0.0 ], [ 13.435840637617611, 11.556604309317754, 0.0 ], [ 13.434689760744556, 11.556075280046727, 0.0 ], [ 13.434389524171882, 11.555522646254031, 0.0 ], [ 13.434009084091828, 11.554777304928823, 0.0 ], [ 13.432959860272113, 11.554441171027834, 0.0 ], [ 13.431639072237648, 11.554488078578892, 0.0 ], [ 13.43132093233503, 11.553614688113591, 0.0 ], [ 13.431326981689471, 11.552296676502257, 0.0 ], [ 13.430197070737401, 11.551259471393061, 0.0 ], [ 13.430847678024936, 11.549286112030554, 0.0 ], [ 13.429324193099376, 11.547483400202069, 0.0 ], [ 13.428500405399189, 11.545873163018467, 0.0 ], [ 13.428204577052675, 11.545871871521378, 0.0 ], [ 13.427417263098569, 11.545899758633267, 0.0 ], [ 13.426555756999662, 11.545503118315697, 0.0 ], [ 13.426808572870206, 11.544540402494526, 0.0 ], [ 13.427332347956376, 11.542951310916965, 0.0 ], [ 13.427038311596833, 11.541290163812587, 0.0 ], [ 13.425922003677261, 11.539886239439817, 0.0 ], [ 13.425885767539164, 11.538875359518475, 0.0 ], [ 13.425892645385137, 11.537538566181338, 0.0 ], [ 13.424748373440909, 11.535648627667332, 0.0 ], [ 13.424752915935111, 11.534845328782204, 0.0 ], [ 13.424156748862469, 11.534554006208447, 0.0 ], [ 13.422269402583492, 11.534620843612956, 0.0 ], [ 13.421818190194735, 11.533321414288931, 0.0 ], [ 13.420887216737817, 11.532865822181526, 0.0 ], [ 13.41918571708597, 11.53330235489342, 0.0 ], [ 13.419274150234394, 11.535731058020291, 0.0 ], [ 13.416802061020958, 11.536305626434482, 0.0 ], [ 13.416379310425791, 11.536753847284118, 0.0 ], [ 13.414895821060229, 11.537152695923551, 0.0 ], [ 13.414510413377261, 11.536769099054652, 0.0 ], [ 13.412454870533162, 11.537322232957026, 0.0 ], [ 13.412023626565158, 11.535310650129651, 0.0 ], [ 13.411027892688226, 11.535305718024906, 0.0 ], [ 13.409703937238689, 11.535352542543832, 0.0 ], [ 13.408545881591543, 11.534288412348799, 0.0 ], [ 13.408534889678528, 11.533996609678862, 0.0 ], [ 13.409067071326124, 11.532937694931995, 0.0 ], [ 13.408786017803441, 11.532098558990425, 0.0 ], [ 13.407686009704461, 11.531592903414262, 0.0 ], [ 13.407655933995233, 11.530765540732984, 0.0 ], [ 13.407662879134429, 11.529426602131416, 0.0 ], [ 13.40657101822973, 11.528892806734289, 0.0 ], [ 13.405094351964685, 11.528561431746429, 0.0 ], [ 13.404576776963909, 11.528085491062649, 0.0 ], [ 13.404838006629781, 11.525664905420857, 0.0 ], [ 13.405110369783012, 11.525124919694147, 0.0 ], [ 13.405389445716482, 11.524534363994215, 0.0 ], [ 13.406450328015783, 11.523497023622427, 0.0 ], [ 13.40561243736177, 11.522135764169935, 0.0 ], [ 13.405327577622479, 11.521874804347805, 0.0 ], [ 13.405051189955349, 11.521332577002347, 0.0 ], [ 13.404380855937372, 11.5210246190915, 0.0 ], [ 13.404174325699575, 11.520758437925238, 0.0 ], [ 13.403393215011544, 11.528415764959066, 0.0 ], [ 13.387178208299906, 11.529809401166846, 0.0 ], [ 13.381301540727566, 11.525642734208924, 0.0 ], [ 13.375015258043808, 11.523750136144152, 0.0 ], [ 13.378523762456451, 11.518801711014328, 0.0 ], [ 13.379522186264467, 11.506945561664843, 0.0 ], [ 13.378769219747799, 11.506599283891143, 0.0 ], [ 13.37839081438892, 11.505900796018565, 0.0 ], [ 13.379019734121263, 11.504921842098106, 0.0 ], [ 13.379752392165384, 11.504206088588958, 0.0 ], [ 13.379752943663389, 11.504205348377493, 0.0 ], [ 13.379809569949568, 11.503532918793324, 0.0 ], [ 13.370683457572047, 11.492876011003531, 0.0 ], [ 13.364531791707366, 11.491023932792865, 0.0 ], [ 13.360468206842031, 11.488142734284505, 0.0 ], [ 13.35619845869301, 11.486857266734329, 0.0 ], [ 13.35213487382766, 11.483976068225962, 0.0 ], [ 13.347865125678682, 11.482690599776463, 0.0 ], [ 13.338709512840047, 11.474850124918692, 0.0 ], [ 13.336857095585218, 11.468698289979482, 0.0 ], [ 13.333348592071541, 11.463749864849918, 0.0 ], [ 13.337499999331843, 11.462500000559972, 0.0 ], [ 13.33721815697378, 11.459612806550204, 0.0 ], [ 13.336641340120554, 11.459347314029344, 0.0 ], [ 13.336050106714808, 11.458803553505915, 0.0 ], [ 13.336305218851827, 11.457966846923503, 0.0 ], [ 13.33678965828301, 11.456499669393759, 0.0 ], [ 13.335992459401753, 11.45502801538883, 0.0 ], [ 13.335986155276531, 11.454855948374705, 0.0 ], [ 13.325330945376747, 11.453305224042618, 0.0 ], [ 13.323128905911583, 11.450290721724912, 0.0 ], [ 13.321108303374098, 11.450361338195499, 0.0 ], [ 13.320561633945328, 11.449292324451022, 0.0 ], [ 13.319712107062323, 11.44874202721007, 0.0 ], [ 13.319153141556844, 11.448484982281714, 0.0 ], [ 13.318041924266964, 11.447143138137536, 0.0 ], [ 13.317757214998277, 11.446882034524188, 0.0 ], [ 13.317481091658125, 11.446339634085454, 0.0 ], [ 13.316925783448186, 11.445829106838547, 0.0 ], [ 13.316157416518438, 11.443989080167524, 0.0 ], [ 13.315240827913522, 11.443395885098937, 0.0 ], [ 13.314155945451075, 11.443433839312025, 0.0 ], [ 13.313580467544092, 11.442369980018396, 0.0 ], [ 13.313948769725144, 11.441149223813529, 0.0 ], [ 13.315843351407597, 11.440663822564385, 0.0 ], [ 13.31676211423266, 11.439282991843385, 0.0 ], [ 13.315990748768776, 11.438514297702275, 0.0 ], [ 13.315154020545585, 11.43774524438178, 0.0 ], [ 13.314856839210339, 11.436095646796778, 0.0 ], [ 13.31400377224673, 11.434106752106894, 0.0 ], [ 13.315252332135936, 11.432569910226951, 0.0 ], [ 13.316134236431189, 11.432574601166932, 0.0 ], [ 13.31477255688222, 11.43096079364555, 0.0 ], [ 13.314486772564676, 11.430132335029894, 0.0 ], [ 13.313799032819597, 11.42950000047577, 0.0 ], [ 13.311882530279904, 11.429008160096943, 0.0 ], [ 13.311340264661792, 11.429382519344554, 0.0 ], [ 13.310142268164192, 11.428952519512693, 0.0 ], [ 13.309896161136045, 11.428498389547743, 0.0 ], [ 13.307766044581912, 11.427951728475696, 0.0 ], [ 13.308111710892808, 11.425109537311734, 0.0 ], [ 13.307744482079611, 11.424432008639281, 0.0 ], [ 13.30822506734542, 11.423477829436692, 0.0 ], [ 13.307593496959344, 11.422312493105137, 0.0 ], [ 13.308322038167896, 11.421600691125619, 0.0 ], [ 13.308045732413872, 11.421042413774302, 0.0 ], [ 13.307727372998759, 11.420749807883761, 0.0 ], [ 13.308252801491538, 11.417234034718687, 0.0 ], [ 13.309358618228531, 11.417240225504921, 0.0 ], [ 13.309623314452724, 11.416960178997167, 0.0 ], [ 13.310042482283517, 11.416550751402641, 0.0 ], [ 13.309339473080867, 11.415903093288733, 0.0 ], [ 13.310087527643498, 11.415065748434397, 0.0 ], [ 13.310694708501082, 11.415044655949911, 0.0 ], [ 13.311669774495201, 11.415049850933556, 0.0 ], [ 13.311789711317898, 11.414895098463516, 0.0 ], [ 13.311793800571063, 11.414252879776424, 0.0 ], [ 13.311489776687287, 11.413419921201614, 0.0 ], [ 13.311492309734071, 11.412949768150197, 0.0 ], [ 13.308858157981303, 11.41262622875732, 0.0 ], [ 13.308337027165734, 11.411605661722165, 0.0 ], [ 13.306251388892528, 11.411136346551801, 0.0 ], [ 13.306225461131008, 11.410412655983285, 0.0 ], [ 13.307036750001336, 11.409150782216319, 0.0 ], [ 13.307313390615377, 11.408881399798151, 0.0 ], [ 13.307834331963734, 11.408329631462033, 0.0 ], [ 13.3093584391771, 11.408012838060612, 0.0 ], [ 13.309762031857971, 11.407211219637807, 0.0 ], [ 13.3097327953347, 11.406410681544827, 0.0 ], [ 13.310015496880951, 11.406400974335764, 0.0 ], [ 13.310289792737901, 11.406402226235018, 0.0 ], [ 13.310566066436888, 11.406392613031318, 0.0 ], [ 13.310855413554419, 11.406680891879963, 0.0 ], [ 13.312015155668661, 11.406640497700538, 0.0 ], [ 13.311932711538139, 11.406122844180018, 0.0 ], [ 13.308900620280923, 11.402210490208155, 0.0 ], [ 13.307766044581085, 11.397789510263934, 0.0 ], [ 13.304733954223186, 11.39387715719139, 0.0 ], [ 13.303599378523179, 11.385289510289015, 0.0 ], [ 13.299432711566197, 11.379913330722115, 0.0 ], [ 13.300567287265784, 11.372789510314066, 0.0 ], [ 13.304733954222465, 11.367413330746949, 0.0 ], [ 13.303599378522042, 11.343622844305212, 0.0 ], [ 13.300468613650011, 11.339583333390589, 0.0 ], [ 13.303599378521824, 11.33554382337512, 0.0 ], [ 13.304166666371653, 11.333333333852668, 0.0 ], [ 13.300850761667411, 11.332482401628006, 0.0 ], [ 13.299432711564771, 11.3269561773722, 0.0 ], [ 13.29108378070859, 11.317586433253986, 0.0 ], [ 13.287499999443133, 11.31666666691997, 0.0 ], [ 13.287499999443019, 11.312500000861137, 0.0 ], [ 13.28528950992126, 11.313067288711251, 0.0 ], [ 13.279870944408605, 11.317586094209874, 0.0 ], [ 13.278599378579125, 11.327210490358874, 0.0 ], [ 13.27460394883518, 11.332365587788765, 0.0 ], [ 13.267517428710454, 11.334184265178957, 0.0 ], [ 13.266666666457921, 11.337500000811698, 0.0 ], [ 13.266313340812953, 11.352424452513787, 0.0 ], [ 13.262853325146843, 11.355908882076641, 0.0 ], [ 13.262146673856568, 11.372546217621245, 0.0 ], [ 13.266313340813577, 11.376742215068457, 0.0 ], [ 13.267019992104482, 11.385046217596159, 0.0 ], [ 13.2625145802107, 11.389583334190895, 0.0 ], [ 13.266313340814003, 11.393408882001582, 0.0 ], [ 13.267019992105034, 11.406591119371914, 0.0 ], [ 13.270480006872008, 11.410075548035282, 0.0 ], [ 13.271186658162971, 11.418379550562925, 0.0 ], [ 13.266681247168455, 11.422916667157725, 0.0 ], [ 13.270480006872438, 11.426742214968403, 0.0 ], [ 13.270833332518491, 11.454166667544822, 0.0 ], [ 13.282424248303283, 11.454790243062112, 0.0 ], [ 13.283900620339963, 11.460543824025091, 0.0 ], [ 13.286932711597156, 11.464456177097633, 0.0 ], [ 13.288067287297133, 11.471579997505565, 0.0 ], [ 13.283900620340397, 11.476956177072736, 0.0 ], [ 13.282766044640834, 11.48554382397511, 0.0 ], [ 13.275567287326371, 11.493622844006007, 0.0 ], [ 13.274432711626909, 11.506377156967218, 0.0 ], [ 13.271400620369842, 11.510289510939234, 0.0 ], [ 13.270266044670592, 11.531377156917378, 0.0 ], [ 13.267233954312893, 11.535289510889388, 0.0 ], [ 13.266666666463049, 11.537500000411899, 0.0 ], [ 13.266099378613527, 11.552210489909376, 0.0 ], [ 13.263067287356501, 11.556122843881392, 0.0 ], [ 13.261838785563253, 11.569933743334873, 0.0 ], [ 13.254774305123872, 11.571746656970074, 0.0 ], [ 13.254166666492775, 11.587500000312193, 0.0 ], [ 13.253813340847694, 11.598257785955502, 0.0 ], [ 13.250353325181528, 11.601742214619037, 0.0 ], [ 13.249646673891048, 11.610757785930632, 0.0 ], [ 13.246186658224877, 11.614242215493483, 0.0 ], [ 13.245480006934393, 11.623257785905757, 0.0 ], [ 13.242019992167531, 11.626742215468608, 0.0 ], [ 13.241666666522752, 11.650000000187571, 0.0 ], [ 13.242284138341468, 11.652160136668664, 0.0 ], [ 13.245215860761849, 11.65617319762257, 0.0 ], [ 13.246450805298819, 11.664660136643594, 0.0 ], [ 13.24938252681982, 11.668673197597501, 0.0 ], [ 13.250617472256334, 11.686132134877599, 0.0 ], [ 13.242593044673272, 11.688426378262443, 0.0 ], [ 13.241049193805798, 11.693826802652552, 0.0 ], [ 13.237386067154906, 11.698841180463914, 0.0 ], [ 13.229840765982269, 11.700998603690579, 0.0 ], [ 13.228549193834789, 11.724000380201336, 0.0 ], [ 13.239660305120674, 11.725617642727759, 0.0 ], [ 13.244759792071212, 11.72934282170144, 0.0 ], [ 13.246450805300608, 11.736132134777751, 0.0 ], [ 13.239506360971841, 11.738117642702788, 0.0 ], [ 13.235493638164053, 11.741049025180178, 0.0 ], [ 13.225971815092892, 11.742434862466935, 0.0 ], [ 13.224382526878347, 11.747993469511085, 0.0 ], [ 13.221450805357451, 11.752006531364454, 0.0 ], [ 13.220215860820838, 11.756326803427376, 0.0 ], [ 13.216552734169905, 11.761341180339414, 0.0 ], [ 13.210339694071777, 11.763117642653452, 0.0 ], [ 13.202160305206297, 11.770215692089092, 0.0 ], [ 13.199999999653173, 11.770833333879846, 0.0 ], [ 13.197575547926711, 11.770480008234451, 0.0 ], [ 13.18992445140754, 11.762853326508639, 0.0 ], [ 13.187499999681069, 11.762500000863243, 0.0 ], [ 13.187499999680977, 11.758333333905094, 0.0 ], [ 13.183333332723832, 11.758333333905183, 0.0 ], [ 13.182482570471244, 11.761649068638603, 0.0 ], [ 13.179166666666148, 11.762500000863424, 0.0 ], [ 13.176956176244875, 11.763067288713527, 0.0 ], [ 13.173043823173256, 11.766099379072269, 0.0 ], [ 13.165920002766997, 11.767233954772538, 0.0 ], [ 13.160543823201102, 11.763067288713874, 0.0 ], [ 13.156122843257853, 11.761932713013842, 0.0 ], [ 13.148043823228846, 11.754733954797874, 0.0 ], [ 13.14508666977963, 11.753599379097816, 0.0 ], [ 13.139710489314558, 11.757766046056016, 0.0 ], [ 13.126214938038961, 11.758900621756402, 0.0 ], [ 13.124149237567567, 11.75085093221494, 0.0 ], [ 13.118622843341033, 11.749432712140232, 0.0 ], [ 13.110543822412616, 11.742233954823575, 0.0 ], [ 13.106122843368562, 11.741099379123597, 0.0 ], [ 13.102210489397404, 11.738067287865634, 0.0 ], [ 13.099999999875372, 11.737500000015618, 0.0 ], [ 13.10061747169433, 11.747993469513645, 0.0 ], [ 13.104784138651643, 11.75369754369722, 0.0 ], [ 13.10354919411493, 11.756326803429783, 0.0 ], [ 13.099382527157836, 11.762030877613572, 0.0 ], [ 13.100753444691575, 11.774200100644752, 0.0 ], [ 13.110493638444469, 11.775617642630538, 0.0 ], [ 13.114506360353243, 11.778549025107761, 0.0 ], [ 13.1207194004516, 11.780325487421541, 0.0 ], [ 13.124382527102881, 11.785339864333427, 0.0 ], [ 13.125986395126759, 11.790949504306328, 0.0 ], [ 13.133333332836102, 11.791666666873134, 0.0 ], [ 13.133900620686257, 11.802210490311815, 0.0 ], [ 13.142595757255807, 11.811797078961805, 0.0 ], [ 13.153279283177385, 11.813208517248867, 0.0 ], [ 13.154166665823881, 11.816666666822774, 0.0 ], [ 13.150708346278876, 11.817554050368734, 0.0 ], [ 13.149432711916292, 11.827210490261562, 0.0 ], [ 13.14543728217205, 11.832365587691436, 0.0 ], [ 13.141666665852039, 11.833333333756155, 0.0 ], [ 13.13835076204689, 11.834184265980971, 0.0 ], [ 13.137499999794285, 11.837500000714336, 0.0 ], [ 13.140815903599471, 11.838350932039699, 0.0 ], [ 13.141666665852219, 11.841666666773031, 0.0 ], [ 13.144982570556719, 11.842517598997715, 0.0 ], [ 13.145833332809467, 11.845833333731044, 0.0 ], [ 13.153267075780628, 11.845172119787065, 0.0 ], [ 13.155017428077018, 11.838350932039415, 0.0 ], [ 13.158333332781469, 11.837500000713913, 0.0 ], [ 13.15833333278138, 11.833333333755817, 0.0 ], [ 13.173996988530803, 11.832729255539849, 0.0 ], [ 13.178599377918353, 11.827210490260958, 0.0 ], [ 13.179875013180183, 11.817554050368125, 0.0 ], [ 13.186854383580135, 11.81576317731767, 0.0 ], [ 13.199432711803981, 11.802210490310452, 0.0 ], [ 13.19999999965385, 11.800000000788, 0.0 ], [ 13.202210489175791, 11.79943271293789, 0.0 ], [ 13.226956176132841, 11.7755672886874, 0.0 ], [ 13.23661261602312, 11.774291484352263, 0.0 ], [ 13.238467745632988, 11.767062547586212, 0.0 ], [ 13.243622843061328, 11.763067288712035, 0.0 ], [ 13.248043823004444, 11.761932713011811, 0.0 ], [ 13.251956176075948, 11.758900621753682, 0.0 ], [ 13.25833333255482, 11.758333333903471, 0.0 ], [ 13.258691405721184, 11.755876499388192, 0.0 ], [ 13.26424221384284, 11.750353326531901, 0.0 ], [ 13.269091118194922, 11.749646674341566, 0.0 ], [ 13.280908880771053, 11.737853326556461, 0.0 ], [ 13.291666666411322, 11.737500000011421, 0.0 ], [ 13.292290241928411, 11.725909255094479, 0.0 ], [ 13.295833332468575, 11.725000000036284, 0.0 ], [ 13.299149237172836, 11.724149068710828, 0.0 ], [ 13.300967745489629, 11.717062547684616, 0.0 ], [ 13.306122842917823, 11.713067287911109, 0.0 ], [ 13.31054382286076, 11.711932712210871, 0.0 ], [ 13.31862284288896, 11.704733954893843, 0.0 ], [ 13.324999999367639, 11.704166667043619, 0.0 ], [ 13.32585076162016, 11.700850932310246, 0.0 ], [ 13.329166666324372, 11.700000000085408, 0.0 ], [ 13.330017428576886, 11.69668426535204, 0.0 ], [ 13.335543822802904, 11.695266046176398, 0.0 ] ] ], [ [ [ 13.311830410692268, 11.408525604535095, 0.0 ], [ 13.3125349996439, 11.40990451494714, 0.0 ], [ 13.312198906094487, 11.40779423725998, 0.0 ], [ 13.311830410692268, 11.408525604535095, 0.0 ] ] ] ] } },
{ "type": "Feature", "properties": { "Stra_Catch": "Nggada West Chad", "State": "Borno", "LGA": "Jere", "Population": 0, "Cleard_TOR": "Yes", "Status": "Yet to be awarded", "Start_Date": "1899-12-30T00:00:00", "End_Date": "1899-12-30T00:00:00", "Micr_Catch": "Kogin Tipper", "Size_Ha": 33652.118192000002, "Comments": null, "OBJECTID_1": 0, "Shape_Leng": 0.0, "Shape_Area": 0.0, "parent_strategic_name": "Ngada (West Chad)", "clipped_to_state": true }, "geometry": { "type": "Polygon", "coordinates": [ [ [ 13.142019992397469, 11.868379550565592, 0.0 ], [ 13.14131334020732, 11.864242214995988, 0.0 ], [ 13.137146674149326, 11.860046217548762, 0.0 ], [ 13.137853325440039, 11.855908881979181, 0.0 ], [ 13.145480007164148, 11.848257785458161, 0.0 ], [ 13.145833332809467, 11.845833333731044, 0.0 ], [ 13.144982570556719, 11.842517598997715, 0.0 ], [ 13.141666665852219, 11.841666666773031, 0.0 ], [ 13.140815903599471, 11.838350932039699, 0.0 ], [ 13.137499999794285, 11.837500000714336, 0.0 ], [ 13.13835076204689, 11.834184265980971, 0.0 ], [ 13.141666665852039, 11.833333333756155, 0.0 ], [ 13.14543728217205, 11.832365587691436, 0.0 ], [ 13.149432711916292, 11.827210490261562, 0.0 ], [ 13.150708346278876, 11.817554050368734, 0.0 ], [ 13.154166665823881, 11.816666666822774, 0.0 ], [ 13.153279283177385, 11.813208517248867, 0.0 ], [ 13.142595757255807, 11.811797078961805, 0.0 ], [ 13.133900620686257, 11.802210490311815, 0.0 ], [ 13.133333332836102, 11.791666666873134, 0.0 ], [ 13.125986395126759, 11.790949504306328, 0.0 ], [ 13.124382527102881, 11.785339864333427, 0.0 ], [ 13.1207194004516, 11.780325487421541, 0.0 ], [ 13.114506360353243, 11.778549025107761, 0.0 ], [ 13.110493638444469, 11.775617642630538, 0.0 ], [ 13.100753444691575, 11.774200100644752, 0.0 ], [ 13.099382527157836, 11.762030877613572, 0.0 ], [ 13.10354919411493, 11.756326803429783, 0.0 ], [ 13.104784138651643, 11.75369754369722, 0.0 ], [ 13.10061747169433, 11.747993469513645, 0.0 ], [ 13.099999999875372, 11.737500000015618, 0.0 ], [ 13.091416422407065, 11.736624484822887, 0.0 ], [ 13.095190429171176, 11.73130171059621, 0.0 ], [ 13.096476236664698, 11.720119391887112, 0.0 ], [ 13.082837930604359, 11.705043538419501, 0.0 ], [ 13.072865125405626, 11.703523933274049, 0.0 ], [ 13.067928398658026, 11.700023566825392, 0.0 ], [ 13.066023762268404, 11.693698290435044, 0.0 ], [ 13.062523396719605, 11.688761562787231, 0.0 ], [ 13.058333333, 11.687500000116296, 0.0 ], [ 13.057690429253231, 11.693801710671842, 0.0 ], [ 13.054809569789803, 11.69786495649401, 0.0 ], [ 13.053523762296095, 11.700321791009307, 0.0 ], [ 13.057727050546472, 11.706250000528485, 0.0 ], [ 13.054190062805507, 11.711238437395426, 0.0 ], [ 13.046578300833835, 11.713530138396738, 0.0 ], [ 13.044957817835565, 11.729416911452898, 0.0 ], [ 13.039634873637997, 11.725642734716148, 0.0 ], [ 13.025000000040302, 11.725000000041888, 0.0 ], [ 13.010289509646315, 11.725567287892185, 0.0 ], [ 13.006377156574422, 11.72859937915028, 0.0 ], [ 12.984242417351679, 11.729790242518261, 0.0 ], [ 12.983333333165055, 11.733333333958793, 0.0 ], [ 12.976742214481023, 11.732980008313444, 0.0 ], [ 12.973257784918815, 11.729519992646296, 0.0 ], [ 12.962499999277398, 11.729166667001003, 0.0 ], [ 12.950737169089013, 11.72990400585828, 0.0 ], [ 12.949999999304771, 11.741666666976158, 0.0 ], [ 12.950967746268569, 11.745437453268906, 0.0 ], [ 12.957196044265126, 11.750264656081958, 0.0 ], [ 12.958333333219599, 11.745833333934197, 0.0 ], [ 12.961649237024949, 11.746684265259519, 0.0 ], [ 12.963387382823559, 11.753458150466146, 0.0 ], [ 12.97411261660422, 11.754875183435686, 0.0 ], [ 12.97589959019397, 11.761838786023857, 0.0 ], [ 12.983333333165518, 11.76250000086695, 0.0 ], [ 12.991666666180892, 11.762500000866822, 0.0 ], [ 12.992233954030885, 11.764710490389257, 0.0 ], [ 12.995266045288428, 11.768622843461831, 0.0 ], [ 12.996400620988361, 11.773043823406125, 0.0 ], [ 12.999432711346586, 11.776956177378016, 0.0 ], [ 13.000567287046614, 11.784079996886645, 0.0 ], [ 12.996301947373745, 11.789583333396484, 0.0 ], [ 12.999432711346858, 11.793622844311145, 0.0 ], [ 13.000567287046843, 11.798043823356062, 0.0 ], [ 13.003698051919214, 11.802083333371398, 0.0 ], [ 12.999603949459212, 11.807365587744023, 0.0 ], [ 12.991402180963872, 11.809470452791588, 0.0 ], [ 12.995266045289176, 11.814456177303116, 0.0 ], [ 12.996400620989085, 11.817413330752968, 0.0 ], [ 12.992233954031825, 11.822789510320092, 0.0 ], [ 12.991005452238323, 11.836600409773514, 0.0 ], [ 12.985289509702657, 11.83806728856705, 0.0 ], [ 12.980134412273845, 11.842062548340557, 0.0 ], [ 12.97859937835956, 11.848043823256464, 0.0 ], [ 12.975567287102116, 11.851956177228448, 0.0 ], [ 12.974112616605833, 11.857624817224215, 0.0 ], [ 12.964456176714714, 11.858900621559268, 0.0 ], [ 12.959301079285865, 11.862895881332776, 0.0 ], [ 12.957766045371514, 11.868877157147997, 0.0 ], [ 12.954733954114106, 11.872789510220716, 0.0 ], [ 12.953599378414244, 11.877210490164991, 0.0 ], [ 12.950567287156833, 11.881122844136973, 0.0 ], [ 12.949432711457156, 11.898043824056279, 0.0 ], [ 12.946400621099006, 11.901956177128939, 0.0 ], [ 12.945833333249134, 11.908333333609544, 0.0 ], [ 12.949149237054565, 11.909184265834247, 0.0 ], [ 12.95121493842535, 11.917233955375719, 0.0 ], [ 12.960543822744322, 11.91609937967552, 0.0 ], [ 12.964594862067583, 11.912959798748535, 0.0 ], [ 12.976956176688619, 11.924432712692152, 0.0 ], [ 12.985543822690177, 11.925567288392145, 0.0 ], [ 13.001956176634494, 11.9410993796249, 0.0 ], [ 13.004166666156602, 11.941666667474923, 0.0 ], [ 13.006377156577956, 11.941099379624827, 0.0 ], [ 13.014456176607144, 11.933900621408567, 0.0 ], [ 13.019982570833832, 11.932482402233047, 0.0 ], [ 13.021732923130275, 11.9256612144854, 0.0 ], [ 13.029166666101739, 11.925000000541393, 0.0 ], [ 13.030017428354389, 11.921684265808032, 0.0 ], [ 13.035543822581051, 11.920266045733129, 0.0 ], [ 13.0519561765246, 11.904733955399164, 0.0 ], [ 13.060543822525991, 11.903599378799575, 0.0 ], [ 13.093622843398787, 11.871400621532167, 0.0 ], [ 13.095833332920758, 11.87083333368207, 0.0 ], [ 13.09668409517338, 11.867517598948703, 0.0 ], [ 13.102210489399919, 11.866099378873791, 0.0 ], [ 13.111562770480665, 11.857766045856682, 0.0 ], [ 13.119936794221077, 11.859064907909383, 0.0 ], [ 13.124432711972631, 11.864456177200932, 0.0 ], [ 13.125850762075361, 11.869982402356067, 0.0 ], [ 13.131377156301907, 11.871400621531453, 0.0 ], [ 13.135289509373729, 11.874432712789348, 0.0 ], [ 13.137499999795068, 11.875000000639364, 0.0 ], [ 13.137853325440389, 11.872575548012987, 0.0 ], [ 13.142019992397469, 11.868379550565592, 0.0 ] ] ] } },
{ "type": "Feature", "properties": { "Stra_Catch": "Nggada West Chad", "State": "Borno", "LGA": "Monguno", "Population": 0, "Cleard_TOR": "Yes", "Status": "Studies Ongoing", "Start_Date": "2025-03-01T00:00:00", "End_Date": "2025-12-01T00:00:00", "Micr_Catch": "Monguno", "Size_Ha": 38924.344339199997, "Comments": null, "OBJECTID_1": 0, "Shape_Leng": 0.0, "Shape_Area": 0.0, "parent_strategic_name": "Ngada (West Chad)", "clipped_to_state": true }, "geometry": { "type": "Polygon", "coordinates": [ [ [ 13.532690429108658, 12.777134874253045, 0.0 ], [ 13.534297688475425, 12.771797689289848, 0.0 ], [ 13.537499999811912, 12.770833333669213, 0.0 ], [ 13.544091118494853, 12.770480008023501, 0.0 ], [ 13.547575547156992, 12.767019993255484, 0.0 ], [ 13.556591118465487, 12.766313341064901, 0.0 ], [ 13.560416666274795, 12.762514581359712, 0.0 ], [ 13.564583333231694, 12.766652086900987, 0.0 ], [ 13.568408881040988, 12.762853326296533, 0.0 ], [ 13.573257784493373, 12.762146675005436, 0.0 ], [ 13.576742214054779, 12.758686659338093, 0.0 ], [ 13.579166665780964, 12.758333333692542, 0.0 ], [ 13.57990180039914, 12.75080329131492, 0.0 ], [ 13.589575873295487, 12.742222765244142, 0.0 ], [ 13.595364040383862, 12.746450806435027, 0.0 ], [ 13.597993638260469, 12.745215860998506, 0.0 ], [ 13.606173027124857, 12.738117472518312, 0.0 ], [ 13.611573621484759, 12.73657362254937, 0.0 ], [ 13.613588120853326, 12.729527113260334, 0.0 ], [ 13.627006361007425, 12.71728413952548, 0.0 ], [ 13.633219400205345, 12.715508016255749, 0.0 ], [ 13.63688252685569, 12.71049363934357, 0.0 ], [ 13.63849961940933, 12.699382528054748, 0.0 ], [ 13.652160305096146, 12.700617472591199, 0.0 ], [ 13.656249999078899, 12.703605143635196, 0.0 ], [ 13.662030707189611, 12.699382528053642, 0.0 ], [ 13.665805731086383, 12.70115593806835, 0.0 ], [ 13.667773097886501, 12.708036634854958, 0.0 ], [ 13.677006360887862, 12.716049194986034, 0.0 ], [ 13.712499999393861, 12.716666666803132, 0.0 ], [ 13.714710488915394, 12.716099378952959, 0.0 ], [ 13.722789509841597, 12.708900621635784, 0.0 ], [ 13.731377155840924, 12.707766045935212, 0.0 ], [ 13.736753336304682, 12.703599378976827, 0.0 ], [ 13.744953748620338, 12.704905531833056, 0.0 ], [ 13.747048271463823, 12.713067288592578, 0.0 ], [ 13.753599378408584, 12.706377157247729, 0.0 ], [ 13.755066256301673, 12.700661214710944, 0.0 ], [ 13.768877155748825, 12.699432712916233, 0.0 ], [ 13.774253336212448, 12.695266045957833, 0.0 ], [ 13.803253851560486, 12.696443006704277, 0.0 ], [ 13.804733953984888, 12.702210490286712, 0.0 ], [ 13.807766045241719, 12.70612284425847, 0.0 ], [ 13.809036253994822, 12.715737576292646, 0.0 ], [ 13.819873724063401, 12.725567288563413, 0.0 ], [ 13.823043822583044, 12.724432712863097, 0.0 ], [ 13.826956176552883, 12.721400621604825, 0.0 ], [ 13.841666666043126, 12.720833333753855, 0.0 ], [ 13.842566256086462, 12.717327881638909, 0.0 ], [ 13.857433742024622, 12.716005452850874, 0.0 ], [ 13.859184095219531, 12.709184096030642, 0.0 ], [ 13.866270615342565, 12.707365587712673, 0.0 ], [ 13.870266045085414, 12.702210490282631, 0.0 ], [ 13.870833332934456, 12.691666666843913, 0.0 ], [ 13.870480007289025, 12.689242215116831, 0.0 ], [ 13.86701999162338, 12.685757785554287, 0.0 ], [ 13.866666665977951, 12.683333333827258, 0.0 ], [ 13.866666665977778, 12.680802591120923, 0.0 ], [ 13.866551716063263, 12.680768293081787, 0.0 ], [ 13.865813894727911, 12.680097649798254, 0.0 ], [ 13.865126519088214, 12.679420795876142, 0.0 ], [ 13.864715127883672, 12.679166666869293, 0.0 ], [ 13.862499999021722, 12.679166666869436, 0.0 ], [ 13.861336940894013, 12.683699205914948, 0.0 ], [ 13.852210489473528, 12.675567288661384, 0.0 ], [ 13.847789509531442, 12.674432712961545, 0.0 ], [ 13.83971048950426, 12.667233954745926, 0.0 ], [ 13.826956176549341, 12.666099379046592, 0.0 ], [ 13.821801079121833, 12.662103950200974, 0.0 ], [ 13.820266045207557, 12.65612284345838, 0.0 ], [ 13.81723395395076, 12.652210490385945, 0.0 ], [ 13.815815903848176, 12.646684096158308, 0.0 ], [ 13.809041679600316, 12.644945950359963, 0.0 ], [ 13.807766045237308, 12.635289510467244, 0.0 ], [ 13.803247069768783, 12.629870944953131, 0.0 ], [ 13.792554049707011, 12.628458320460744, 0.0 ], [ 13.791099378311412, 12.622789510493204, 0.0 ], [ 13.787103949467001, 12.61763441306365, 0.0 ], [ 13.781122842727093, 12.61609937914929, 0.0 ], [ 13.777083332713412, 12.612968615175964, 0.0 ], [ 13.773043822700096, 12.616099379149745, 0.0 ], [ 13.756122842788661, 12.617233954850807, 0.0 ], [ 13.752210489717989, 12.620266046109053, 0.0 ], [ 13.729166666314576, 12.620833333960354, 0.0 ], [ 13.728279282769268, 12.624291653506212, 0.0 ], [ 13.718622842880741, 12.625567287869741, 0.0 ], [ 13.714710488910656, 12.62859937912792, 0.0 ], [ 13.709072197439166, 12.630046251603394, 0.0 ], [ 13.707766044583494, 12.638246663922635, 0.0 ], [ 13.712031385154965, 12.643750000432187, 0.0 ], [ 13.707937282696157, 12.649032253905629, 0.0 ], [ 13.704166666376929, 12.64999999997041, 0.0 ], [ 13.685289509929165, 12.6494327121213, 0.0 ], [ 13.681377155958678, 12.646400621762838, 0.0 ], [ 13.670086669496426, 12.645266046063268, 0.0 ], [ 13.664710489032478, 12.649432712122305, 0.0 ], [ 13.647048271702065, 12.650567288722581, 0.0 ], [ 13.644917805654366, 12.642265150489596, 0.0 ], [ 13.624999999600128, 12.641666666957342, 0.0 ], [ 13.610289509208927, 12.642233954808059, 0.0 ], [ 13.606377156137853, 12.645266046066208, 0.0 ], [ 13.601956176195289, 12.646400621766519, 0.0 ], [ 13.593877156167871, 12.653599379083678, 0.0 ], [ 13.571742417848398, 12.654790243351576, 0.0 ], [ 13.569696044707833, 12.662764486068779, 0.0 ], [ 13.563637287803667, 12.658068847775958, 0.0 ], [ 13.562499999748837, 12.662500000851249, 0.0 ], [ 13.53954433778258, 12.663155450141756, 0.0 ], [ 13.535455660933156, 12.666011217621586, 0.0 ], [ 13.531211004768688, 12.667322117100181, 0.0 ], [ 13.521539306082312, 12.675757514176462, 0.0 ], [ 13.520126681591151, 12.71176079670197, 0.0 ], [ 13.496693589335415, 12.713229709762713, 0.0 ], [ 13.495177882751674, 12.722955661853762, 0.0 ], [ 13.492294649977755, 12.727083334208098, 0.0 ], [ 13.496045260878764, 12.732452731987429, 0.0 ], [ 13.480655584491206, 12.733988783935244, 0.0 ], [ 13.478511216723231, 12.727044338705351, 0.0 ], [ 13.471488782287313, 12.718788994896528, 0.0 ], [ 13.470833332997854, 12.716666666813573, 0.0 ], [ 13.463219874905578, 12.71744317024676, 0.0 ], [ 13.461857096237543, 12.739634874330656, 0.0 ], [ 13.458976236774415, 12.743698459197271, 0.0 ], [ 13.457287596856359, 12.749306573020753, 0.0 ], [ 13.431198458560948, 12.750642904428194, 0.0 ], [ 13.426261731813993, 12.754143269977785, 0.0 ], [ 13.424999999171611, 12.758333333698324, 0.0 ], [ 13.42026604526416, 12.759548272816623, 0.0 ], [ 13.422789509649924, 12.761932712806434, 0.0 ], [ 13.424999999171757, 12.762500000656424, 0.0 ], [ 13.425850761424549, 12.765815904462302, 0.0 ], [ 13.429166666128864, 12.766666666715061, 0.0 ], [ 13.429166666128943, 12.768931135237509, 0.0 ], [ 13.429528259363998, 12.769260557530625, 0.0 ], [ 13.429525460820278, 12.770149404719435, 0.0 ], [ 13.430460835751363, 12.771859231256018, 0.0 ], [ 13.430117427506758, 12.772542172532159, 0.0 ], [ 13.430547440583661, 12.772934691154751, 0.0 ], [ 13.431479813942287, 12.773854574866277, 0.0 ], [ 13.432093054790032, 12.774133832810014, 0.0 ], [ 13.432684875272415, 12.775282694150913, 0.0 ], [ 13.432678193995034, 12.777427648549596, 0.0 ], [ 13.431990042904616, 12.779518019439664, 0.0 ], [ 13.434456618245035, 12.779869642404778, 0.0 ], [ 13.433707123196744, 12.782145729337056, 0.0 ], [ 13.434537477973473, 12.782524095520795, 0.0 ], [ 13.434107407467049, 12.784778160019997, 0.0 ], [ 13.43479258841711, 12.786029002628144, 0.0 ], [ 13.434789091494588, 12.787037005023006, 0.0 ], [ 13.43546820671135, 12.786857096859061, 0.0 ], [ 13.438437800620601, 12.784751817626898, 0.0 ], [ 13.438584103425786, 12.783758979086528, 0.0 ], [ 13.439000844689946, 12.783760407892402, 0.0 ], [ 13.439995147972743, 12.783723563310053, 0.0 ], [ 13.44103545546607, 12.782624361080616, 0.0 ], [ 13.44235350335172, 12.782628548154113, 0.0 ], [ 13.442639156632511, 12.783040474445816, 0.0 ], [ 13.443801540625039, 12.782690429900681, 0.0 ], [ 13.449678208197282, 12.778523763841701, 0.0 ], [ 13.457574123559205, 12.780056424445226, 0.0 ], [ 13.458073044255785, 12.784947595393524, 0.0 ], [ 13.45873584073531, 12.785041996249443, 0.0 ], [ 13.459007682666996, 12.785192741740456, 0.0 ], [ 13.458218977119657, 12.786378248780034, 0.0 ], [ 13.458664777790347, 12.790748657352287, 0.0 ], [ 13.459128728595466, 12.792074674070646, 0.0 ], [ 13.459615031560816, 12.792602228046935, 0.0 ], [ 13.461070468980367, 12.791479016757851, 0.0 ], [ 13.462429449450186, 12.791483186575832, 0.0 ], [ 13.463242972823316, 12.791453273124791, 0.0 ], [ 13.464617085755116, 12.791888873981362, 0.0 ], [ 13.464930769207642, 12.79282488679657, 0.0 ], [ 13.463846777105736, 12.793883162721835, 0.0 ], [ 13.463600418560771, 12.79517979997256, 0.0 ], [ 13.466622010106835, 12.79549046319806, 0.0 ], [ 13.46630811673797, 12.795796756788208, 0.0 ], [ 13.466666666043951, 12.795833333621916, 0.0 ], [ 13.467631021664051, 12.792631022284299, 0.0 ], [ 13.474035644337224, 12.790702311942313, 0.0 ], [ 13.476447888665794, 12.782690429899537, 0.0 ], [ 13.489634873553218, 12.783976237393073, 0.0 ], [ 13.502031792332604, 12.795190429873623, 0.0 ], [ 13.50630154048161, 12.796476237367477, 0.0 ], [ 13.510416666392754, 12.799393718124422, 0.0 ], [ 13.514531792303661, 12.796476237367163, 0.0 ], [ 13.528395249931576, 12.795061916752225, 0.0 ], [ 13.529809569645627, 12.781198460019045, 0.0 ], [ 13.532690429108658, 12.777134874253045, 0.0 ] ] ] } },
{ "type": "Feature", "properties": { "Stra_Catch": "Katagum K-gana", "State": "Borno", "LGA": "Mobbar", "Population": 0, "Cleard_TOR": "Yes", "Status": "Studies Ongoing", "Start_Date": "2025-03-01T00:00:00", "End_Date": "2025-12-01T00:00:00", "Micr_Catch": "Damasak", "Size_Ha": 37108.454580400001, "Comments": null, "OBJECTID_1": 0, "Shape_Leng": 0.0, "Shape_Area": 0.0, "parent_strategic_name": "Ngada (West Chad)", "clipped_to_state": true }, "geometry": { "type": "MultiPolygon", "coordinates": [ [ [ [ 12.616917736048633, 13.124365524537977, 0.0 ], [ 12.616599517215558, 13.124991521564437, 0.0 ], [ 12.61829617199907, 13.126543206302214, 0.0 ], [ 12.61885527270729, 13.12568074185174, 0.0 ], [ 12.616988457011601, 13.1243570970988, 0.0 ], [ 12.616917736048633, 13.124365524537977, 0.0 ] ] ], [ [ [ 12.582748242248684, 13.118446763844986, 0.0 ], [ 12.582338934284781, 13.11783271807259, 0.0 ], [ 12.583162991975227, 13.11742641107737, 0.0 ], [ 12.582867406294138, 13.116616541392487, 0.0 ], [ 12.583185390794755, 13.115323827427796, 0.0 ], [ 12.583195984893766, 13.115320292636584, 0.0 ], [ 12.582561916261804, 13.109104750780336, 0.0 ], [ 12.566023932422134, 13.107417806083701, 0.0 ], [ 12.567309400871626, 13.102031793329406, 0.0 ], [ 12.570786878674694, 13.09712727939722, 0.0 ], [ 12.564635043735841, 13.092309570726949, 0.0 ], [ 12.555180866767817, 13.090868801950586, 0.0 ], [ 12.552975802855336, 13.083544582913087, 0.0 ], [ 12.539635043787442, 13.071476237735212, 0.0 ], [ 12.537499999290889, 13.070833333988222, 0.0 ], [ 12.537145148395176, 13.064213053886371, 0.0 ], [ 12.531591118001327, 13.058686659658679, 0.0 ], [ 12.524999999316623, 13.058333334013273, 0.0 ], [ 12.524149067991271, 13.061649237819193, 0.0 ], [ 12.518622842836487, 13.063067287922157, 0.0 ], [ 12.514710489764148, 13.066099379180219, 0.0 ], [ 12.511753336314481, 13.067233954880299, 0.0 ], [ 12.509816874484569, 13.065733151182734, 0.0 ], [ 12.509678086939976, 13.066173783111022, 0.0 ], [ 12.507819450837225, 13.067289729950788, 0.0 ], [ 12.507288837151576, 13.067846117775261, 0.0 ], [ 12.50732330815406, 13.068834119517378, 0.0 ], [ 12.50871359853496, 13.069700417366708, 0.0 ], [ 12.508991063175719, 13.070243576496029, 0.0 ], [ 12.509868872955119, 13.071345204402538, 0.0 ], [ 12.509857951270192, 13.072937346754481, 0.0 ], [ 12.509897295251374, 13.074039795300644, 0.0 ], [ 12.508769490275562, 13.074032653225428, 0.0 ], [ 12.50850340955132, 13.074370829230883, 0.0 ], [ 12.509840793365646, 13.076833264678756, 0.0 ], [ 12.511451342579607, 13.077246141124869, 0.0 ], [ 12.511841204944254, 13.076428375619104, 0.0 ], [ 12.512132035489218, 13.075856992056965, 0.0 ], [ 12.512094402426744, 13.074800011772679, 0.0 ], [ 12.51264952981408, 13.074526925838621, 0.0 ], [ 12.513457334064658, 13.07342722925581, 0.0 ], [ 12.514150202343622, 13.073431679721409, 0.0 ], [ 12.515274124215614, 13.07339389123152, 0.0 ], [ 12.51640506840282, 13.075601627708336, 0.0 ], [ 12.517792414915696, 13.075114999942471, 0.0 ], [ 12.518176260537279, 13.074711605379958, 0.0 ], [ 12.518864812025921, 13.074715968385586, 0.0 ], [ 12.520516177937822, 13.074660384104002, 0.0 ], [ 12.52096125293235, 13.075529574436736, 0.0 ], [ 12.520952616384525, 13.076973169691248, 0.0 ], [ 12.52196562959789, 13.078395147850943, 0.0 ], [ 12.520892987885329, 13.07999290734897, 0.0 ], [ 12.521782994412298, 13.080807356976207, 0.0 ], [ 12.522723505793424, 13.080315559160519, 0.0 ], [ 12.525038502018432, 13.080330212548372, 0.0 ], [ 12.525455820069368, 13.08114264293407, 0.0 ], [ 12.52682040153441, 13.082393037444604, 0.0 ], [ 12.52726882471018, 13.083267187486113, 0.0 ], [ 12.527708768268022, 13.084075995888064, 0.0 ], [ 12.527704498270911, 13.084609882775764, 0.0 ], [ 12.527807706512588, 13.087537983428756, 0.0 ], [ 12.527474510196386, 13.087860168650169, 0.0 ], [ 12.527208697247186, 13.088139911135437, 0.0 ], [ 12.526785203101772, 13.08841123098593, 0.0 ], [ 12.52630790353798, 13.087480617586328, 0.0 ], [ 12.524538261684176, 13.087951241150256, 0.0 ], [ 12.523843457288816, 13.089406062841247, 0.0 ], [ 12.522809610462566, 13.090090491612658, 0.0 ], [ 12.522321255493445, 13.091113654491354, 0.0 ], [ 12.523387787549984, 13.091436670563352, 0.0 ], [ 12.52422547043464, 13.092513771610495, 0.0 ], [ 12.524788170119729, 13.092771601852906, 0.0 ], [ 12.525338073799958, 13.093040185500254, 0.0 ], [ 12.526012667180863, 13.093349508294757, 0.0 ], [ 12.527018557623055, 13.094642082777142, 0.0 ], [ 12.528437283848039, 13.095292687556212, 0.0 ], [ 12.529236427133885, 13.094875255712653, 0.0 ], [ 12.529787068138258, 13.095422037012289, 0.0 ], [ 12.53035895658709, 13.095945118886053, 0.0 ], [ 12.530636507290151, 13.096488234262821, 0.0 ], [ 12.531039900533324, 13.097228370306224, 0.0 ], [ 12.533152125644854, 13.098073339688563, 0.0 ], [ 12.53342690079146, 13.098345806161451, 0.0 ], [ 12.533724622875642, 13.098335771470792, 0.0 ], [ 12.534356211175094, 13.097672553217448, 0.0 ], [ 12.535422582568886, 13.098359680322043, 0.0 ], [ 12.536611475146101, 13.09953940684855, 0.0 ], [ 12.536085624441196, 13.10004937535752, 0.0 ], [ 12.537367793181986, 13.101562494945505, 0.0 ], [ 12.538738781007099, 13.102191467334972, 0.0 ], [ 12.539568022126348, 13.102595809883608, 0.0 ], [ 12.540371440303829, 13.102175903082122, 0.0 ], [ 12.540711278555605, 13.104052764360199, 0.0 ], [ 12.540704550368481, 13.10501537471246, 0.0 ], [ 12.540741809624926, 13.105281045781647, 0.0 ], [ 12.542082988250206, 13.104580016531399, 0.0 ], [ 12.543201339809682, 13.105125424619322, 0.0 ], [ 12.543196739720486, 13.105783739125092, 0.0 ], [ 12.543492672677672, 13.106326444265264, 0.0 ], [ 12.54378253984493, 13.107424871893821, 0.0 ], [ 12.54463008589819, 13.108201039749826, 0.0 ], [ 12.544326742394489, 13.108798407498581, 0.0 ], [ 12.546561012264629, 13.110844593194512, 0.0 ], [ 12.548900342355859, 13.111184708862707, 0.0 ], [ 12.549392298448007, 13.113050977513348, 0.0 ], [ 12.54995873907184, 13.114090829252904, 0.0 ], [ 12.55029424699423, 13.115057436671751, 0.0 ], [ 12.551595994098559, 13.114165557658788, 0.0 ], [ 12.552457952945339, 13.115415668052568, 0.0 ], [ 12.552744483533282, 13.115677230085003, 0.0 ], [ 12.553033788393137, 13.117032565812893, 0.0 ], [ 12.554701532892871, 13.11727504428066, 0.0 ], [ 12.554979166639251, 13.117818112881082, 0.0 ], [ 12.555285784094863, 13.118350200720188, 0.0 ], [ 12.555834402768358, 13.117773763696411, 0.0 ], [ 12.557739509143802, 13.117785503786784, 0.0 ], [ 12.558566721715318, 13.117219357302002, 0.0 ], [ 12.559376965825944, 13.118023079455249, 0.0 ], [ 12.56079983725799, 13.11827392857179, 0.0 ], [ 12.560771090878173, 13.11747737919322, 0.0 ], [ 12.561144591732367, 13.116358836656469, 0.0 ], [ 12.562161358619321, 13.116365122848206, 0.0 ], [ 12.563335333505828, 13.118067713213836, 0.0 ], [ 12.563980555190371, 13.119326851717718, 0.0 ], [ 12.564948200597426, 13.119294136069152, 0.0 ], [ 12.566118710244982, 13.120455143120241, 0.0 ], [ 12.56610328860963, 13.122826088643807, 0.0 ], [ 12.565001227801417, 13.122819287508291, 0.0 ], [ 12.564616105377386, 13.122832295704603, 0.0 ], [ 12.563915569201134, 13.123949425102818, 0.0 ], [ 12.564755574102238, 13.124718460049618, 0.0 ], [ 12.565160881399009, 13.126253043066306, 0.0 ], [ 12.564504115665869, 13.126888386845291, 0.0 ], [ 12.564239723285137, 13.127265071455104, 0.0 ], [ 12.565634887371559, 13.128134697693762, 0.0 ], [ 12.565629526818132, 13.129034061297693, 0.0 ], [ 12.565927029321504, 13.129305894811258, 0.0 ], [ 12.5659243005581, 13.129714784485563, 0.0 ], [ 12.565964505469458, 13.13085430327809, 0.0 ], [ 12.567060508212478, 13.131186325871239, 0.0 ], [ 12.566783257861196, 13.132017529217515, 0.0 ], [ 12.566802885608364, 13.132554237478157, 0.0 ], [ 12.568863411001642, 13.132484373066974, 0.0 ], [ 12.571004731124283, 13.13173265862919, 0.0 ], [ 12.571488742729951, 13.132212796638084, 0.0 ], [ 12.571786258504414, 13.132484885995355, 0.0 ], [ 12.57232673848813, 13.132466529906631, 0.0 ], [ 12.573714449449003, 13.13326506336643, 0.0 ], [ 12.574500653683906, 13.133519640186103, 0.0 ], [ 12.574799782185911, 13.131890665297599, 0.0 ], [ 12.57550237005362, 13.130843697973956, 0.0 ], [ 12.577018292315906, 13.131328901847567, 0.0 ], [ 12.577570633116345, 13.131310105795436, 0.0 ], [ 12.578125830001522, 13.131860639500305, 0.0 ], [ 12.579529339420622, 13.131813060876457, 0.0 ], [ 12.580087491784271, 13.131227586128718, 0.0 ], [ 12.580577267347364, 13.1301695584499, 0.0 ], [ 12.579720787423915, 13.129384953613812, 0.0 ], [ 12.579733101607168, 13.127405476117158, 0.0 ], [ 12.580336222728311, 13.126944463556988, 0.0 ], [ 12.581511884065318, 13.128453587094286, 0.0 ], [ 12.582742087667727, 13.127026245397525, 0.0 ], [ 12.581879440159694, 13.12581583037491, 0.0 ], [ 12.580551720129101, 13.12520730529895, 0.0 ], [ 12.581060638732785, 13.124204680792676, 0.0 ], [ 12.582703456657455, 13.124214586734741, 0.0 ], [ 12.583070783439585, 13.123049708655582, 0.0 ], [ 12.583706083439534, 13.122736522138498, 0.0 ], [ 12.583462769689429, 13.118774408110751, 0.0 ], [ 12.582748242248684, 13.118446763844986, 0.0 ] ] ], [ [ [ 12.470019191501844, 13.008990139580749, 0.0 ], [ 12.449999999470997, 13.008333334113663, 0.0 ], [ 12.44931369354267, 12.996672567082891, 0.0 ], [ 12.443826802036124, 12.992284138999445, 0.0 ], [ 12.429969279030667, 12.990931532561877, 0.0 ], [ 12.428604440910373, 12.981553573828519, 0.0 ], [ 12.428482421570171, 12.981671579581484, 0.0 ], [ 12.428209779973189, 12.982243841511728, 0.0 ], [ 12.428227926377398, 12.98277999746958, 0.0 ], [ 12.428803716317876, 12.983307998892192, 0.0 ], [ 12.428796017737767, 12.984397552999278, 0.0 ], [ 12.428234924878792, 12.984940561843993, 0.0 ], [ 12.428281377889844, 12.986281200163486, 0.0 ], [ 12.428277288615133, 12.986847801455374, 0.0 ], [ 12.42579894236254, 12.986830784913339, 0.0 ], [ 12.42553346732217, 12.987690193878196, 0.0 ], [ 12.426344179728968, 12.988433837101942, 0.0 ], [ 12.427209612594451, 12.989548104861996, 0.0 ], [ 12.428600418783358, 12.989795293124979, 0.0 ], [ 12.429168475333038, 12.990072915947078, 0.0 ], [ 12.429724611901152, 12.991681628565255, 0.0 ], [ 12.430263854137253, 12.993159371977489, 0.0 ], [ 12.431966187039672, 12.993542601264505, 0.0 ], [ 12.432334803020497, 12.993908811865399, 0.0 ], [ 12.434757905019302, 12.994454407215695, 0.0 ], [ 12.43583443129987, 12.993892129116327, 0.0 ], [ 12.436697939667697, 12.994313934949661, 0.0 ], [ 12.438006009460931, 12.994270425350315, 0.0 ], [ 12.438348314931629, 12.996171819611632, 0.0 ], [ 12.438925657897741, 12.997513076513242, 0.0 ], [ 12.439206600216931, 12.998327161683655, 0.0 ], [ 12.439783955322133, 12.999668414089001, 0.0 ], [ 12.440105038625795, 13.001984408173643, 0.0 ], [ 12.44201819300396, 13.002863718595835, 0.0 ], [ 12.442874955389234, 13.003966118169537, 0.0 ], [ 12.444005925699354, 13.004220617580376, 0.0 ], [ 12.443996306289144, 13.005633256587558, 0.0 ], [ 12.44347205552763, 13.007202959959621, 0.0 ], [ 12.443230437758181, 13.009394563837851, 0.0 ], [ 12.442127787352584, 13.011036353991864, 0.0 ], [ 12.442165564699346, 13.012131108052024, 0.0 ], [ 12.442741051023907, 13.01262943525013, 0.0 ], [ 12.443536572637274, 13.011795112084686, 0.0 ], [ 12.44438685551194, 13.011800874726518, 0.0 ], [ 12.444923996005055, 13.012334883073677, 0.0 ], [ 12.446314951055886, 13.012973648869478, 0.0 ], [ 12.447159477699339, 13.014201022442739, 0.0 ], [ 12.447721942062648, 13.014459087022463, 0.0 ], [ 12.44821652176303, 13.01542516617933, 0.0 ], [ 12.450253091332151, 13.015779582907022, 0.0 ], [ 12.451933799257706, 13.014901712268051, 0.0 ], [ 12.454356249007347, 13.014917833750458, 0.0 ], [ 12.456122355251642, 13.014598060106042, 0.0 ], [ 12.458433653024395, 13.014613511015908, 0.0 ], [ 12.459314092066222, 13.014304608727755, 0.0 ], [ 12.460297446466905, 13.01402593705437, 0.0 ], [ 12.461539640676595, 13.014827402715346, 0.0 ], [ 12.462962094029775, 13.014779966235848, 0.0 ], [ 12.463995730656722, 13.013694854179851, 0.0 ], [ 12.464568209999969, 13.013974300740299, 0.0 ], [ 12.465131148064549, 13.013955533151861, 0.0 ], [ 12.466508586533202, 13.014628342912049, 0.0 ], [ 12.466503829201322, 13.015294511157343, 0.0 ], [ 12.466523229825128, 13.015835916032534, 0.0 ], [ 12.466515058602171, 13.016954530702632, 0.0 ], [ 12.465987013679255, 13.017465437700352, 0.0 ], [ 12.465724037194231, 13.017951243851554, 0.0 ], [ 12.467109421638817, 13.018262916549885, 0.0 ], [ 12.468612838853428, 13.018837617646248, 0.0 ], [ 12.46906252865222, 13.0201380144578, 0.0 ], [ 12.469625478594127, 13.020119234560296, 0.0 ], [ 12.470435090958993, 13.020922337153795, 0.0 ], [ 12.471017135595293, 13.021189733331932, 0.0 ], [ 12.471759114580131, 13.021552314529632, 0.0 ], [ 12.47129282739224, 13.022003821715634, 0.0 ], [ 12.471324953094737, 13.022915197437088, 0.0 ], [ 12.472715142423427, 13.023337188457791, 0.0 ], [ 12.47270946336814, 13.02416774102854, 0.0 ], [ 12.471646998507355, 13.02519614716774, 0.0 ], [ 12.471356347164352, 13.025708512259653, 0.0 ], [ 12.472481081197458, 13.026049954791953, 0.0 ], [ 12.473020478158983, 13.026584910349172, 0.0 ], [ 12.473712855590245, 13.026561736939684, 0.0 ], [ 12.4744120941918, 13.02656637324772, 0.0 ], [ 12.474392593004071, 13.026019552868412, 0.0 ], [ 12.474816069608819, 13.025206538057791, 0.0 ], [ 12.476276114078281, 13.026148466112096, 0.0 ], [ 12.476613323132035, 13.026807391407155, 0.0 ], [ 12.476916073398574, 13.027084866751762, 0.0 ], [ 12.478569012107512, 13.027029588760149, 0.0 ], [ 12.471450975151694, 13.018826972684087, 0.0 ], [ 12.470019191501844, 13.008990139580749, 0.0 ] ] ], [ [ [ 12.415165206198031, 12.974478122033261, 0.0 ], [ 12.414859493682625, 12.97507987348774, 0.0 ], [ 12.414597527345746, 12.975646167952263, 0.0 ], [ 12.415374300360899, 12.976358833895898, 0.0 ], [ 12.414891313885175, 12.977803521474327, 0.0 ], [ 12.414919388030253, 12.978594794640758, 0.0 ], [ 12.414638866497402, 12.979145463092999, 0.0 ], [ 12.414380381333075, 12.979966688896662, 0.0 ], [ 12.414322405873671, 12.980022637553057, 0.0 ], [ 12.414604877326154, 12.982206615976068, 0.0 ], [ 12.417703330759078, 12.982659484573471, 0.0 ], [ 12.418012831234664, 12.982334841603748, 0.0 ], [ 12.419139241835484, 12.982342500031539, 0.0 ], [ 12.420710132514905, 12.980695693016703, 0.0 ], [ 12.422544374408277, 12.980319224933874, 0.0 ], [ 12.421542163578508, 12.979059934992968, 0.0 ], [ 12.42126116361724, 12.97823496814946, 0.0 ], [ 12.422358475257763, 12.97769496331129, 0.0 ], [ 12.422893056843195, 12.976870099503646, 0.0 ], [ 12.423182658257963, 12.976590151186759, 0.0 ], [ 12.42427343204894, 12.976597468273415, 0.0 ], [ 12.424332360574384, 12.976595509031648, 0.0 ], [ 12.422993469045339, 12.975617472965752, 0.0 ], [ 12.415165206198031, 12.974478122033261, 0.0 ] ] ], [ [ [ 12.41364295374523, 12.974769332219207, 0.0 ], [ 12.414053767444372, 12.975090459141221, 0.0 ], [ 12.414575969803026, 12.974541906523102, 0.0 ], [ 12.414852896357004, 12.97443266743937, 0.0 ], [ 12.413575361516806, 12.974246730847835, 0.0 ], [ 12.41364295374523, 12.974769332219207, 0.0 ] ] ] ] } }
]
}
