{
"type": "FeatureCollection",
"name": "Borno_interventions",
"crs": { "type": "name", "properties": { "name": "urn:ogc:def:crs:OGC:1.3:CRS84" } },
"features": [
{ "type": "Feature", "properties": { "OBJECTID": 249, "ActivityID": "BOR0025", "Stra_Catch": "Ngada (West Chad)", "Micr_Catch": "Mafa", "State": "Borno", "LGA": "Mafa", "Site_Name": "Mafa1", "Interv_Typ": "FAO Landscape Restoration", "Component": "B - Community Climate Resilience", "Comments": null, "Implemnter": "CIGs", "Start_Date": "2024-08-20T00:00:00", "End_Date": "2024/11/01", "No_Trees_P": 0, "Sub_compon": "B2-1", "Lon": 13.5763661209, "Lat": 11.9092545075, "Female_pop": 0, "Buffer_Mtr": 0, "Area_Impac": 24.479286672200001, "Male_pop": 0, "Area_Intev": 24.479286672200001, "Netsize_Ha": 24.479286672200001, "Indicator": "Area under community-led landscape restoration", "Benefi_pop": 0.0, "Perct_NDVI": 0.0, "parent_micro_name": "Mafa" }, "geometry": { "type": "Polygon", "coordinates": [ [ [ 13.570828463246237, 11.908642150575286, 0.0 ], [ 13.573743911977701, 11.909306777101376, 0.0 ], [ 13.578156430012491, 11.910655305985546, 0.0 ], [ 13.580865633035236, 11.911738641111301, 0.0 ], [ 13.582041180727858, 11.909514592659953, 0.0 ], [ 13.580401110735924, 11.908773333422197, 0.0 ], [ 13.579924870814626, 11.909401648197377, 0.0 ], [ 13.572300847548588, 11.907208686135291, 0.0 ], [ 13.571005016494668, 11.906832554381671, 0.0 ], [ 13.570523986640961, 11.908231509842945, 0.0 ], [ 13.570670784650321, 11.908311386796575, 0.0 ], [ 13.570815442918365, 11.90842263684765, 0.0 ], [ 13.570828463246237, 11.908642150575286, 0.0 ] ] ] } },
{ "type": "Feature", "properties": { "OBJECTID": 250, "ActivityID": "BOR0026", "Stra_Catch": "Ngada (West Chad)", "Micr_Catch": "Mafa", "State": "Borno", "LGA": "Mafa", "Site_Name": "Mafa2", "Interv_Typ": "FAO Landscape Restoration", "Component": "B - Community Climate Resilience", "Comments": null, "Implemnter": "CIGs", "Start_Date": "2024-08-20T00:00:00", "End_Date": "2024/11/01", "No_Trees_P": 0, "Sub_compon": "B2-1", "Lon": 13.5750884649, "Lat": 11.9115430667, "Female_pop": 0, "Buffer_Mtr": 0, "Area_Impac": 20.380548487199999, "Male_pop": 0, "Area_Intev": 20.380548487199999, "Netsize_Ha": 20.380548487199999, "Indicator": "Area under community-led landscape restoration", "Benefi_pop": 0.0, "Perct_NDVI": 0.0, "parent_micro_name": "Mafa" }, "geometry": { "type": "Polygon", "coordinates": [ [ [ 13.578104133746466, 11.911282028286834, 0.0 ], [ 13.569557439787607, 11.908970709245393, 0.0 ], [ 13.56911377987951, 11.910050349444218, 0.0 ], [ 13.577918792746468, 11.912700367094464, 0.0 ], [ 13.577737288582114, 11.913608969433612, 0.0 ], [ 13.579390430227118, 11.914364266770882, 0.0 ], [ 13.580326891681802, 11.912719413910123, 0.0 ], [ 13.580410652714065, 11.912328305577615, 0.0 ], [ 13.579906934510408, 11.911933154902668, 0.0 ], [ 13.578104133746466, 11.911282028286834, 0.0 ] ] ] } },
{ "type": "Feature", "properties": { "OBJECTID": 252, "ActivityID": "BOR0027", "Stra_Catch": "Ngada (West Chad)", "Micr_Catch": "Mafa", "State": "Borno", "LGA": "Mafa", "Site_Name": "Ruga Mafa", "Interv_Typ": "FAO Landscape Restoration", "Component": "B - Community Climate Resilience", "Comments": null, "Implemnter": "CIGs", "Start_Date": "2024-08-20T00:00:00", "End_Date": "2024/11/01", "No_Trees_P": 0, "Sub_compon": "B2-1", "Lon": 13.548676525099999, "Lat": 11.9103002036, "Female_pop": 0, "Buffer_Mtr": 0, "Area_Impac": 199.336890238, "Male_pop": 0, "Area_Intev": 199.336890238, "Netsize_Ha": 199.336890238, "Indicator": "Area under community-led landscape restoration", "Benefi_pop": 0.0, "Perct_NDVI": 0.0, "parent_micro_name": "Mafa" }, "geometry": { "type": "Polygon", "coordinates": [ [ [ 13.556989649857993, 11.90634117492942, 0.0 ], [ 13.54345172674341, 11.903011700006429, 0.0 ], [ 13.540520028750548, 11.915318036248465, 0.0 ], [ 13.553866469524504, 11.91731624803128, 0.0 ], [ 13.556989649857993, 11.90634117492942, 0.0 ] ] ] } },
{ "type": "Feature", "properties": { "OBJECTID": 279, "ActivityID": "BOR0034", "Stra_Catch": "Yedseram (East-Chad)", "Micr_Catch": "Konduga", "State": "Borno", "LGA": "Konduga", "Site_Name": "Kawuri", "Interv_Typ": "Afforestation (Woodlot)", "Component": "A - Dryland Management", "Comments": null, "Implemnter": "Borno ACReSAL", "Start_Date": "2024-10-08T00:00:00", "End_Date": "2024/11/15", "No_Trees_P": 0, "Sub_compon": "A2-1", "Lon": 13.518312030200001, "Lat": 11.582708755200001, "Female_pop": 0, "Buffer_Mtr": 0, "Area_Impac": 1.9987441244499999, "Male_pop": 0, "Area_Intev": 1.9987441244499999, "Netsize_Ha": 1.9987441244499999, "Indicator": "Area under improved catchment management", "Benefi_pop": 0.0, "Perct_NDVI": 0.0, "parent_micro_name": "Mafa" }, "geometry": { "type": "Polygon", "coordinates": [ [ [ 13.519555217457938, 11.582447177429136, 0.0 ], [ 13.519040823715082, 11.581849044072667, 0.0 ], [ 13.51844056874047, 11.582250180203067, 0.0 ], [ 13.5178436733519, 11.582585921266324, 0.0 ], [ 13.517064723367502, 11.582981139037226, 0.0 ], [ 13.517512228802268, 11.58355595733747, 0.0 ], [ 13.519555217457938, 11.582447177429136, 0.0 ] ] ] } },
{ "type": "Feature", "properties": { "OBJECTID": 270, "ActivityID": "BOR0021", "Stra_Catch": "Yedseram (East-Chad)", "Micr_Catch": "Ladari", "State": "Borno", "LGA": "Ngala", "Site_Name": "Ladari", "Interv_Typ": "Irrigation", "Component": "A - Dryland Management", "Comments": null, "Implemnter": "Borno ACReSAL", "Start_Date": "2024-06-15T00:00:00", "End_Date": "2024/12/15", "No_Trees_P": 0, "Sub_compon": "A2-1", "Lon": 14.184974801199999, "Lat": 12.400822057099999, "Female_pop": 0, "Buffer_Mtr": 0, "Area_Impac": 101.10391222600001, "Male_pop": 0, "Area_Intev": 101.10391222600001, "Netsize_Ha": 101.10391222600001, "Indicator": "Area provided with new/improved irrigation or drainage services", "Benefi_pop": 0.0, "Perct_NDVI": 0.0, "parent_micro_name": "Gamboru" }, "geometry": { "type": "Polygon", "coordinates": [ [ [ 14.191183881103155, 12.396324180517114, 0.0 ], [ 14.18440541207702, 12.394892022071158, 0.0 ], [ 14.180719604086139, 12.400528908778313, 0.0 ], [ 14.178517312073199, 12.403719147508486, 0.0 ], [ 14.186314505441368, 12.406984982704236, 0.0 ], [ 14.186821980728128, 12.405929866703785, 0.0 ], [ 14.191183881103155, 12.396324180517114, 0.0 ] ] ] } },
{ "type": "Feature", "properties": { "OBJECTID": 257, "ActivityID": "BOR0015", "Stra_Catch": "Ngada (West Chad)", "Micr_Catch": "Bama", "State": "Borno", "LGA": "Bama", "Site_Name": "College", "Interv_Typ": "FAO Landscape Restoration", "Component": "B - Community Climate Resilience", "Comments": null, "Implemnter": "CIGs", "Start_Date": "2024-08-12T00:00:00", "End_Date": "2024/11/01", "No_Trees_P": 0, "Sub_compon": "B2-1", "Lon": 13.712827447900001, "Lat": 11.4905815323, "Female_pop": 0, "Buffer_Mtr": 0, "Area_Impac": 125.926139666, "Male_pop": 0, "Area_Intev": 125.926139666, "Netsize_Ha": 125.926139666, "Indicator": "Area under community-led landscape restoration", "Benefi_pop": 0.0, "Perct_NDVI": 0.0, "parent_micro_name": "Bama" }, "geometry": { "type": "Polygon", "coordinates": [ [ [ 13.705260946093111, 11.489970250181083, 0.0 ], [ 13.709293622728282, 11.497237429682471, 0.0 ], [ 13.720422889946713, 11.49089684037369, 0.0 ], [ 13.716401935459272, 11.483987238627376, 0.0 ], [ 13.705260946093111, 11.489970250181083, 0.0 ] ] ] } },
{ "type": "Feature", "properties": { "OBJECTID": 281, "ActivityID": "BOR999", "Stra_Catch": "Yedseram (East-Chad)", "Micr_Catch": "Uba", "State": "Borno", "LGA": "Askira/Uba", "Site_Name": "Uba", "Interv_Typ": "Civil Works (Gully Erosion Control)", "Component": "A - Dryland Management", "Comments": null, "Implemnter": "Borno ACReSAL", "Start_Date": "2024-01-01T00:00:00", "End_Date": "2025/06/06", "No_Trees_P": 0, "Sub_compon": "A2-2", "Lon": 13.2019288495, "Lat": 10.4426180532, "Female_pop": 0, "Buffer_Mtr": 0, "Area_Impac": 2298.9447454900001, "Male_pop": 0, "Area_Intev": 2298.9447454900001, "Netsize_Ha": 2298.9447454900001, "Indicator": "Area under improved catchment management", "Benefi_pop": 47414.0, "Perct_NDVI": 0.0, "parent_micro_name": "Uba" }, "geometry": { "type": "Polygon", "coordinates": [ [ [ 13.180748410494733, 10.415754619884572, 0.0 ], [ 13.179708150801252, 10.419360257407567, 0.0 ], [ 13.177479233024405, 10.421695354272339, 0.0 ], [ 13.184603981684875, 10.428272538124645, 0.0 ], [ 13.183597781088592, 10.437450468133417, 0.0 ], [ 13.186328833864884, 10.43998868869663, 0.0 ], [ 13.185277646903888, 10.441852396618268, 0.0 ], [ 13.190852671626482, 10.446115208864621, 0.0 ], [ 13.192040327600724, 10.447269150613382, 0.0 ], [ 13.191121380638059, 10.451453945307854, 0.0 ], [ 13.189357563493424, 10.452625300856884, 0.0 ], [ 13.189854513764926, 10.456685682065903, 0.0 ], [ 13.187847442832705, 10.456697554169518, 0.0 ], [ 13.184091068728282, 10.460318783710372, 0.0 ], [ 13.184468388867778, 10.464147830637357, 0.0 ], [ 13.188136972915059, 10.465519251190326, 0.0 ], [ 13.188160077884108, 10.469350444410297, 0.0 ], [ 13.190538275821675, 10.472122736920289, 0.0 ], [ 13.195606731148326, 10.470699273631395, 0.0 ], [ 13.196918806731478, 10.472897369965491, 0.0 ], [ 13.199748086962005, 10.472183861646702, 0.0 ], [ 13.20117471314814, 10.473800758938118, 0.0 ], [ 13.204361639598325, 10.473665604756439, 0.0 ], [ 13.207680077784952, 10.475735593804199, 0.0 ], [ 13.211674086982894, 10.472460872932519, 0.0 ], [ 13.214392935256646, 10.473025102658692, 0.0 ], [ 13.216502153618491, 10.470458316388505, 0.0 ], [ 13.218400342490101, 10.471956226092024, 0.0 ], [ 13.221106948599592, 10.470546847311457, 0.0 ], [ 13.22014094279937, 10.467069750247312, 0.0 ], [ 13.216349684256935, 10.464886655678034, 0.0 ], [ 13.217140150439231, 10.45907733005196, 0.0 ], [ 13.220420282007947, 10.454994542215275, 0.0 ], [ 13.225014658894194, 10.453457829142062, 0.0 ], [ 13.223239669088962, 10.452771944283258, 0.0 ], [ 13.22760081476132, 10.451700951154294, 0.0 ], [ 13.227312058950975, 10.443228142574888, 0.0 ], [ 13.219645160148556, 10.444202890749086, 0.0 ], [ 13.219779014939848, 10.446756054739826, 0.0 ], [ 13.218497802134648, 10.449549862663696, 0.0 ], [ 13.21447503258192, 10.44806475575381, 0.0 ], [ 13.210780624089079, 10.442398391662014, 0.0 ], [ 13.218546151804478, 10.438288857964288, 0.0 ], [ 13.219239293965261, 10.435846773908779, 0.0 ], [ 13.213042418666493, 10.426363913200062, 0.0 ], [ 13.209454569579018, 10.418838479704224, 0.0 ], [ 13.196998175901264, 10.408925729283197, 0.0 ], [ 13.190749467677966, 10.410239341817785, 0.0 ], [ 13.180748410494733, 10.415754619884572, 0.0 ] ] ] } },
{ "type": "Feature", "properties": { "OBJECTID": 284, "ActivityID": "BOR1007", "Stra_Catch": "Yedseram (East-Chad)", "Micr_Catch": "Baga", "State": "Borno", "LGA": "Baga", "Site_Name": "Baga", "Interv_Typ": "Irrigation", "Component": "A - Dryland Management", "Comments": null, "Implemnter": "Borno ACReSAL", "Start_Date": "2024-01-01T00:00:00", "End_Date": "2025/06/06", "No_Trees_P": 0, "Sub_compon": "A2-1", "Lon": 0.0, "Lat": 0.0, "Female_pop": 0, "Buffer_Mtr": 0, "Area_Impac": 1001.8653176, "Male_pop": 0, "Area_Intev": 1001.8653176, "Netsize_Ha": 1001.8653176, "Indicator": "Area provided with new/improved irrigation or drainage services", "Benefi_pop": 0.0, "Perct_NDVI": 0.0, "parent_micro_name": "Baga" }, "geometry": { "type": "Polygon", "coordinates": [ [ [ 13.787244455903188, 13.092404143789604, 0.0 ], [ 13.765935459108075, 13.06713307177661, 0.0 ], [ 13.752270472886801, 13.076967333646321, 0.0 ], [ 13.75715446803939, 13.086046871794759, 0.0 ], [ 13.748201281466349, 13.093557138051848, 0.0 ], [ 13.757493606134158, 13.108856963524069, 0.0 ], [ 13.762126859669978, 13.105368468106313, 0.0 ], [ 13.787244455903188, 13.092404143789604, 0.0 ] ] ] } },
{ "type": "Feature", "properties": { "OBJECTID": 281, "ActivityID": "BOR999", "Stra_Catch": "Yedseram (East-Chad)", "Micr_Catch": "Uba", "State": "Borno", "LGA": "Askira/Uba", "Site_Name": "Uba", "Interv_Typ": "Civil Works (Gully Erosion Control)", "Component": "A - Dryland Management", "Comments": null, "Implemnter": "Borno ACReSAL", "Start_Date": "2024-01-01T00:00:00", "End_Date": "2025/06/06", "No_Trees_P": 0, "Sub_compon": "A2-2", "Lon": 13.2019288495, "Lat": 10.4426180532, "Female_pop": 0, "Buffer_Mtr": 0, "Area_Impac": 2298.9447454900001, "Male_pop": 0, "Area_Intev": 2298.9447454900001, "Netsize_Ha": 2298.9447454900001, "Indicator": "Area under improved catchment management", "Benefi_pop": 47414.0, "Perct_NDVI": 0.0, "parent_micro_name": "Mubi" }, "geometry": { "type": "Polygon", "coordinates": [ [ [ 13.180748410494733, 10.415754619884572, 0.0 ], [ 13.179708150801252, 10.419360257407567, 0.0 ], [ 13.177479233024405, 10.421695354272339, 0.0 ], [ 13.184603981684875, 10.428272538124645, 0.0 ], [ 13.183597781088592, 10.437450468133417, 0.0 ], [ 13.186328833864884, 10.43998868869663, 0.0 ], [ 13.185277646903888, 10.441852396618268, 0.0 ], [ 13.190852671626482, 10.446115208864621, 0.0 ], [ 13.192040327600724, 10.447269150613382, 0.0 ], [ 13.191121380638059, 10.451453945307854, 0.0 ], [ 13.189357563493424, 10.452625300856884, 0.0 ], [ 13.189854513764926, 10.456685682065903, 0.0 ], [ 13.187847442832705, 10.456697554169518, 0.0 ], [ 13.184091068728282, 10.460318783710372, 0.0 ], [ 13.184468388867778, 10.464147830637357, 0.0 ], [ 13.188136972915059, 10.465519251190326, 0.0 ], [ 13.188160077884108, 10.469350444410297, 0.0 ], [ 13.190538275821675, 10.472122736920289, 0.0 ], [ 13.195606731148326, 10.470699273631395, 0.0 ], [ 13.196918806731478, 10.472897369965491, 0.0 ], [ 13.199748086962005, 10.472183861646702, 0.0 ], [ 13.20117471314814, 10.473800758938118, 0.0 ], [ 13.204361639598325, 10.473665604756439, 0.0 ], [ 13.207680077784952, 10.475735593804199, 0.0 ], [ 13.211674086982894, 10.472460872932519, 0.0 ], [ 13.214392935256646, 10.473025102658692, 0.0 ], [ 13.216502153618491, 10.470458316388505, 0.0 ], [ 13.218400342490101, 10.471956226092024, 0.0 ], [ 13.221106948599592, 10.470546847311457, 0.0 ], [ 13.22014094279937, 10.467069750247312, 0.0 ], [ 13.216349684256935, 10.464886655678034, 0.0 ], [ 13.217140150439231, 10.45907733005196, 0.0 ], [ 13.220420282007947, 10.454994542215275, 0.0 ], [ 13.225014658894194, 10.453457829142062, 0.0 ], [ 13.223239669088962, 10.452771944283258, 0.0 ], [ 13.22760081476132, 10.451700951154294, 0.0 ], [ 13.227312058950975, 10.443228142574888, 0.0 ], [ 13.219645160148556, 10.444202890749086, 0.0 ], [ 13.219779014939848, 10.446756054739826, 0.0 ], [ 13.218497802134648, 10.449549862663696, 0.0 ], [ 13.21447503258192, 10.44806475575381, 0.0 ], [ 13.210780624089079, 10.442398391662014, 0.0 ], [ 13.218546151804478, 10.438288857964288, 0.0 ], [ 13.219239293965261, 10.435846773908779, 0.0 ], [ 13.213042418666493, 10.426363913200062, 0.0 ], [ 13.209454569579018, 10.418838479704224, 0.0 ], [ 13.196998175901264, 10.408925729283197, 0.0 ], [ 13.190749467677966, 10.410239341817785, 0.0 ], [ 13.180748410494733, 10.415754619884572, 0.0 ] ] ] } },
{ "type": "Feature", "properties": { "OBJECTID": 263, "ActivityID": "BOR0022", "Stra_Catch": "Hawal-Kilunga", "Micr_Catch": "Kwaya", "State": "Borno", "LGA": "Kwaya Kusar", "Site_Name": "Kwaya", "Interv_Typ": "Afforestation (Tree Planting)", "Component": "A - Dryland Management", "Comments": null, "Implemnter": "Borno ACReSAL", "Start_Date": "2024-07-26T00:00:00", "End_Date": "2024/11/01", "No_Trees_P": 0, "Sub_compon": "A2-1", "Lon": 11.829498564, "Lat": 10.4981207497, "Female_pop": 0, "Buffer_Mtr": 0, "Area_Impac": 0.49439930206600002, "Male_pop": 0, "Area_Intev": 0.49439930206600002, "Netsize_Ha": 0.49439930206600002, "Indicator": "Area under improved catchment management", "Benefi_pop": 0.0, "Perct_NDVI": 0.0, "parent_micro_name": "Kwaya" }, "geometry": { "type": "Polygon", "coordinates": [ [ [ 11.829159374788718, 10.497788822924315, 0.0 ], [ 11.829040103167847, 10.498286864343623, 0.0 ], [ 11.829861164577613, 10.498444367244408, 0.0 ], [ 11.82995658199115, 10.497981153779124, 0.0 ], [ 11.829159374788718, 10.497788822924315, 0.0 ] ] ] } },
{ "type": "Feature", "properties": { "OBJECTID": 281, "ActivityID": "BOR999", "Stra_Catch": "Yedseram (East-Chad)", "Micr_Catch": "Uba", "State": "Borno", "LGA": "Askira/Uba", "Site_Name": "Uba", "Interv_Typ": "Civil Works (Gully Erosion Control)", "Component": "A - Dryland Management", "Comments": null, "Implemnter": "Borno ACReSAL", "Start_Date": "2024-01-01T00:00:00", "End_Date": "2025/06/06", "No_Trees_P": 0, "Sub_compon": "A2-2", "Lon": 13.2019288495, "Lat": 10.4426180532, "Female_pop": 0, "Buffer_Mtr": 0, "Area_Impac": 2298.9447454900001, "Male_pop": 0, "Area_Intev": 2298.9447454900001, "Netsize_Ha": 2298.9447454900001, "Indicator": "Area under improved catchment management", "Benefi_pop": 47414.0, "Perct_NDVI": 0.0, "parent_micro_name": "Uba" }, "geometry": { "type": "Polygon", "coordinates": [ [ [ 13.180748410494733, 10.415754619884572, 0.0 ], [ 13.179708150801252, 10.419360257407567, 0.0 ], [ 13.177479233024405, 10.421695354272339, 0.0 ], [ 13.184603981684875, 10.428272538124645, 0.0 ], [ 13.183597781088592, 10.437450468133417, 0.0 ], [ 13.186328833864884, 10.43998868869663, 0.0 ], [ 13.185277646903888, 10.441852396618268, 0.0 ], [ 13.190852671626482, 10.446115208864621, 0.0 ], [ 13.192040327600724, 10.447269150613382, 0.0 ], [ 13.191121380638059, 10.451453945307854, 0.0 ], [ 13.189357563493424, 10.452625300856884, 0.0 ], [ 13.189854513764926, 10.456685682065903, 0.0 ], [ 13.187847442832705, 10.456697554169518, 0.0 ], [ 13.184091068728282, 10.460318783710372, 0.0 ], [ 13.184468388867778, 10.464147830637357, 0.0 ], [ 13.188136972915059, 10.465519251190326, 0.0 ], [ 13.188160077884108, 10.469350444410297, 0.0 ], [ 13.190538275821675, 10.472122736920289, 0.0 ], [ 13.195606731148326, 10.470699273631395, 0.0 ], [ 13.196918806731478, 10.472897369965491, 0.0 ], [ 13.199748086962005, 10.472183861646702, 0.0 ], [ 13.20117471314814, 10.473800758938118, 0.0 ], [ 13.204361639598325, 10.473665604756439, 0.0 ], [ 13.207680077784952, 10.475735593804199, 0.0 ], [ 13.211674086982894, 10.472460872932519, 0.0 ], [ 13.214392935256646, 10.473025102658692, 0.0 ], [ 13.216502153618491, 10.470458316388505, 0.0 ], [ 13.218400342490101, 10.471956226092024, 0.0 ], [ 13.221106948599592, 10.470546847311457, 0.0 ], [ 13.22014094279937, 10.467069750247312, 0.0 ], [ 13.216349684256935, 10.464886655678034, 0.0 ], [ 13.217140150439231, 10.45907733005196, 0.0 ], [ 13.220420282007947, 10.454994542215275, 0.0 ], [ 13.225014658894194, 10.453457829142062, 0.0 ], [ 13.223239669088962, 10.452771944283258, 0.0 ], [ 13.22760081476132, 10.451700951154294, 0.0 ], [ 13.227312058950975, 10.443228142574888, 0.0 ], [ 13.219645160148556, 10.444202890749086, 0.0 ], [ 13.219779014939848, 10.446756054739826, 0.0 ], [ 13.218497802134648, 10.449549862663696, 0.0 ], [ 13.21447503258192, 10.44806475575381, 0.0 ], [ 13.210780624089079, 10.442398391662014, 0.0 ], [ 13.218546151804478, 10.438288857964288, 0.0 ], [ 13.219239293965261, 10.435846773908779, 0.0 ], [ 13.213042418666493, 10.426363913200062, 0.0 ], [ 13.209454569579018, 10.418838479704224, 0.0 ], [ 13.196998175901264, 10.408925729283197, 0.0 ], [ 13.190749467677966, 10.410239341817785, 0.0 ], [ 13.180748410494733, 10.415754619884572, 0.0 ] ] ] } },
{ "type": "Feature", "properties": { "OBJECTID": 251, "ActivityID": "BOR0024\r\n", "Stra_Catch": "Hawal-Kilunga", "Micr_Catch": "Marama\r\n", "State": "Borno", "LGA": "Hawul", "Site_Name": "Marama", "Interv_Typ": "Afforestation (Institutional Planting)", "Component": "A - Dryland Management", "Comments": null, "Implemnter": "Borno ACReSAL", "Start_Date": "2024-07-26T00:00:00", "End_Date": "2024/11/01", "No_Trees_P": 0, "Sub_compon": "A2-1", "Lon": 12.1631858986, "Lat": 10.45409884, "Female_pop": 0, "Buffer_Mtr": 0, "Area_Impac": 6.0160329795100003, "Male_pop": 0, "Area_Intev": 6.0160329795100003, "Netsize_Ha": 6.0160329795100003, "Indicator": "Area under improved catchment management", "Benefi_pop": 0.0, "Perct_NDVI": 0.0, "parent_micro_name": "Marama" }, "geometry": { "type": "Polygon", "coordinates": [ [ [ 12.162765044166569, 10.453534760399668, 0.0 ], [ 12.161701149612695, 10.454297150528475, 0.0 ], [ 12.162418462409876, 10.45564802344213, 0.0 ], [ 12.164624372340523, 10.454426054216601, 0.0 ], [ 12.163916388460905, 10.452551281228006, 0.0 ], [ 12.162965474401426, 10.452733133232519, 0.0 ], [ 12.16271277123677, 10.453188964091078, 0.0 ], [ 12.162765044166569, 10.453534760399668, 0.0 ] ] ] } },
{ "type": "Feature", "properties": { "OBJECTID": 254, "ActivityID": "BOR0023\r\n", "Stra_Catch": "Hawal-Kilunga", "Micr_Catch": "Marama\r\n", "State": "Borno", "LGA": "Hawul", "Site_Name": "Yimirshika", "Interv_Typ": "Afforestation (Tree Planting)", "Component": "A - Dryland Management", "Comments": null, "Implemnter": "Borno ACReSAL", "Start_Date": "2024-07-26T00:00:00", "End_Date": "2024/11/01", "No_Trees_P": 0, "Sub_compon": "A2-1", "Lon": 12.2493969954, "Lat": 10.5320142724, "Female_pop": 0, "Buffer_Mtr": 0, "Area_Impac": 2.1654335104300002, "Male_pop": 0, "Area_Intev": 2.1654335104300002, "Netsize_Ha": 2.1654335104300002, "Indicator": "Area under improved catchment management", "Benefi_pop": 0.0, "Perct_NDVI": 0.0, "parent_micro_name": "Marama" }, "geometry": { "type": "Polygon", "coordinates": [ [ [ 12.249819832571816, 10.531152089252791, 0.0 ], [ 12.248517829534041, 10.531541277240185, 0.0 ], [ 12.248602063712358, 10.531672823125906, 0.0 ], [ 12.249141483016921, 10.532968493374977, 0.0 ], [ 12.24975225511557, 10.532541217830744, 0.0 ], [ 12.250011405463329, 10.532326458542734, 0.0 ], [ 12.250251407551049, 10.532017839307477, 0.0 ], [ 12.249819832571816, 10.531152089252791, 0.0 ] ] ] } },
{ "type": "Feature", "properties": { "OBJECTID": 280, "ActivityID": "BOR1000", "Stra_Catch": "Ngada (West Chad)", "Micr_Catch": "Ngamdu", "State": "Borno", "LGA": "Kaga", "Site_Name": "Ngamdu", "Interv_Typ": "Civil Works (Flood Control)", "Component": "A - Dryland Management", "Comments": null, "Implemnter": "Borno ACReSAL", "Start_Date": "2024-01-01T00:00:00", "End_Date": "2025/06/06", "No_Trees_P": 0, "Sub_compon": "A2-2", "Lon": 12.2672544142, "Lat": 11.5476458213, "Female_pop": 0, "Buffer_Mtr": 0, "Area_Impac": 89479.730268300002, "Male_pop": 0, "Area_Intev": 89479.730268300002, "Netsize_Ha": 89479.730268300002, "Indicator": "Area under improved catchment management", "Benefi_pop": 53932.0, "Perct_NDVI": 0.0, "parent_micro_name": "Damaturu 2" }, "geometry": { "type": "Polygon", "coordinates": [ [ [ 12.289599999783125, 11.775399999647771, 0.0 ], [ 12.291200000304542, 11.773799999550674, 0.0 ], [ 12.300400000223442, 11.774600000308643, 0.0 ], [ 12.302100000316692, 11.772099999718378, 0.0 ], [ 12.30370000006417, 11.772100000271905, 0.0 ], [ 12.302099999736637, 11.766299999940717, 0.0 ], [ 12.30539999993954, 11.759600000334565, 0.0 ], [ 12.309600000289855, 11.758799999687874, 0.0 ], [ 12.311199999763375, 11.757899999684245, 0.0 ], [ 12.312099999630737, 11.755399999642732, 0.0 ], [ 12.317899999908967, 11.753800000129912, 0.0 ], [ 12.319599999729759, 11.752099999963292, 0.0 ], [ 12.320400000281337, 11.746299999658993, 0.0 ], [ 12.32540000011082, 11.744600000150667, 0.0 ], [ 12.326199999758645, 11.741299999725895, 0.0 ], [ 12.331199999758317, 11.738800000099099, 0.0 ], [ 12.330399999877345, 11.737099999849947, 0.0 ], [ 12.335399999949699, 11.737899999598874, 0.0 ], [ 12.333699999721341, 11.735399999656812, 0.0 ], [ 12.334599999770644, 11.73289999991799, 0.0 ], [ 12.332899999558457, 11.732899999935967, 0.0 ], [ 12.332100000369605, 11.730400000229674, 0.0 ], [ 12.329599999624385, 11.728799999852349, 0.0 ], [ 12.330400000150673, 11.72789999969714, 0.0 ], [ 12.329599999575365, 11.722899999626749, 0.0 ], [ 12.327899999851281, 11.72289999983181, 0.0 ], [ 12.327100000416992, 11.727900000426482, 0.0 ], [ 12.322100000113302, 11.728800000329761, 0.0 ], [ 12.318700000008853, 11.726299999865034, 0.0 ], [ 12.318700000403499, 11.720400000157548, 0.0 ], [ 12.320400000295718, 11.720400000245201, 0.0 ], [ 12.322100000307294, 11.71789999971527, 0.0 ], [ 12.321199999606943, 11.71460000008498, 0.0 ], [ 12.319599999647545, 11.714599999773386, 0.0 ], [ 12.319599999747924, 11.711299999704623, 0.0 ], [ 12.323700000083916, 11.709600000111168, 0.0 ], [ 12.324600000402361, 11.707100000292705, 0.0 ], [ 12.327100000000259, 11.706299999704118, 0.0 ], [ 12.334599999924196, 11.707100000425541, 0.0 ], [ 12.335399999665437, 11.704600000286293, 0.0 ], [ 12.334600000223963, 11.702900000127176, 0.0 ], [ 12.340399999662475, 11.702900000050722, 0.0 ], [ 12.339599999679493, 11.697899999957126, 0.0 ], [ 12.335399999648455, 11.698800000305848, 0.0 ], [ 12.3362000002592, 11.697099999889215, 0.0 ], [ 12.335400000158272, 11.690400000204576, 0.0 ], [ 12.337900000092098, 11.687900000163303, 0.0 ], [ 12.337100000076665, 11.686299999753894, 0.0 ], [ 12.337900000425922, 11.682899999810665, 0.0 ], [ 12.34289999978235, 11.683799999876735, 0.0 ], [ 12.343799999825649, 11.679600000299425, 0.0 ], [ 12.346299999935333, 11.679600000075956, 0.0 ], [ 12.347899999764467, 11.68119999992132, 0.0 ], [ 12.350399999594405, 11.680399999675689, 0.0 ], [ 12.351300000207347, 11.674600000212015, 0.0 ], [ 12.356299999900568, 11.675400000363798, 0.0 ], [ 12.357899999767286, 11.67129999973845, 0.0 ], [ 12.359599999975806, 11.671299999735844, 0.0 ], [ 12.360399999722892, 11.669599999695633, 0.0 ], [ 12.359599999982432, 11.663799999955067, 0.0 ], [ 12.362900000141078, 11.66460000018847, 0.0 ], [ 12.363699999676932, 11.662899999877773, 0.0 ], [ 12.364600000267712, 11.663800000331603, 0.0 ], [ 12.367100000301365, 11.662900000116069, 0.0 ], [ 12.367900000274739, 11.660400000320065, 0.0 ], [ 12.36710000020617, 11.657100000191956, 0.0 ], [ 12.368799999892891, 11.655399999998126, 0.0 ], [ 12.365399999702159, 11.654599999838835, 0.0 ], [ 12.364599999934342, 11.652900000023397, 0.0 ], [ 12.365399999941545, 11.650399999626728, 0.0 ], [ 12.363700000011884, 11.648699999937195, 0.0 ], [ 12.36460000040174, 11.647099999958641, 0.0 ], [ 12.363699999990313, 11.643799999884711, 0.0 ], [ 12.365400000386865, 11.640400000291688, 0.0 ], [ 12.370399999747125, 11.639600000370365, 0.0 ], [ 12.372900000115287, 11.634599999967341, 0.0 ], [ 12.376300000283365, 11.636299999620727, 0.0 ], [ 12.376300000160658, 11.633700000118974, 0.0 ], [ 12.378799999607772, 11.632900000294113, 0.0 ], [ 12.377900000373181, 11.627100000158604, 0.0 ], [ 12.383800000046742, 11.627900000132907, 0.0 ], [ 12.384599999944367, 11.625399999815698, 0.0 ], [ 12.387099999742073, 11.624600000305058, 0.0 ], [ 12.386300000141263, 11.616300000234801, 0.0 ], [ 12.387899999887548, 11.614600000240452, 0.0 ], [ 12.391300000249647, 11.6146000002717, 0.0 ], [ 12.39129999961126, 11.608799999576826, 0.0 ], [ 12.393800000333599, 11.608799999724685, 0.0 ], [ 12.395400000214206, 11.605399999600763, 0.0 ], [ 12.399600000316866, 11.604599999646203, 0.0 ], [ 12.400399999662765, 11.602100000139751, 0.0 ], [ 12.402900000029057, 11.602100000256566, 0.0 ], [ 12.402900000001724, 11.600400000019201, 0.0 ], [ 12.40710000032826, 11.601299999758213, 0.0 ], [ 12.407899999956696, 11.597099999970636, 0.0 ], [ 12.402899999632693, 11.596199999946041, 0.0 ], [ 12.402899999565873, 11.594599999624434, 0.0 ], [ 12.401299999631776, 11.593799999722004, 0.0 ], [ 12.402099999574434, 11.592900000295266, 0.0 ], [ 12.401300000234469, 11.587899999892356, 0.0 ], [ 12.403799999723102, 11.587100000325311, 0.0 ], [ 12.404599999894449, 11.584599999840973, 0.0 ], [ 12.406199999765819, 11.585399999615339, 0.0 ], [ 12.407100000135053, 11.584599999998575, 0.0 ], [ 12.406200000305432, 11.582900000022294, 0.0 ], [ 12.40959999984031, 11.582900000440887, 0.0 ], [ 12.412899999784532, 11.579599999824715, 0.0 ], [ 12.412099999788827, 11.57870000042087, 0.0 ], [ 12.407899999855074, 11.579600000428101, 0.0 ], [ 12.406200000385638, 11.574600000338997, 0.0 ], [ 12.399600000177841, 11.57459999963686, 0.0 ], [ 12.399599999769665, 11.572900000061889, 0.0 ], [ 12.397900000292216, 11.57210000000283, 0.0 ], [ 12.398700000414021, 11.570399999662857, 0.0 ], [ 12.397899999728738, 11.565399999975455, 0.0 ], [ 12.399599999887775, 11.561200000152303, 0.0 ], [ 12.397099999622979, 11.559599999648057, 0.0 ], [ 12.398699999611452, 11.556200000299254, 0.0 ], [ 12.394600000009813, 11.554600000300589, 0.0 ], [ 12.394599999520212, 11.552100000156107, 0.0 ], [ 12.389600000118813, 11.548700000436812, 0.0 ], [ 12.38880000030961, 11.541199999891692, 0.0 ], [ 12.387099999643556, 11.541200000357673, 0.0 ], [ 12.386300000248838, 11.538800000100721, 0.0 ], [ 12.381299999767432, 11.539600000338062, 0.0 ], [ 12.379599999566954, 11.53539999963272, 0.0 ], [ 12.375399999710714, 11.536200000130313, 0.0 ], [ 12.374600000077356, 11.529599999614618, 0.0 ], [ 12.371200000195381, 11.527900000073089, 0.0 ], [ 12.371200000186253, 11.525399999748318, 0.0 ], [ 12.372900000320694, 11.524599999944726, 0.0 ], [ 12.37290000002619, 11.522099999690012, 0.0 ], [ 12.375400000078386, 11.522100000057742, 0.0 ], [ 12.377099999943614, 11.520399999769312, 0.0 ], [ 12.373800000369195, 11.519600000413568, 0.0 ], [ 12.373799999677818, 11.517899999873315, 0.0 ], [ 12.369599999606733, 11.519599999730294, 0.0 ], [ 12.368799999849807, 11.516199999595674, 0.0 ], [ 12.363699999766812, 11.513700000309839, 0.0 ], [ 12.359599999568589, 11.506200000203155, 0.0 ], [ 12.361299999544295, 11.503799999902981, 0.0 ], [ 12.360400000319357, 11.502900000259485, 0.0 ], [ 12.361299999936426, 11.497900000226242, 0.0 ], [ 12.35960000017328, 11.497100000174933, 0.0 ], [ 12.358800000386143, 11.494599999941878, 0.0 ], [ 12.354600000098358, 11.492900000337766, 0.0 ], [ 12.353800000327274, 11.490399999671999, 0.0 ], [ 12.352100000242149, 11.490400000102497, 0.0 ], [ 12.348799999652407, 11.487099999674534, 0.0 ], [ 12.349600000219088, 11.485400000389596, 0.0 ], [ 12.347900000170471, 11.480399999684458, 0.0 ], [ 12.345400000006787, 11.478699999881117, 0.0 ], [ 12.344599999612573, 11.474599999929413, 0.0 ], [ 12.342099999684505, 11.472900000077363, 0.0 ], [ 12.342099999729991, 11.470400000430139, 0.0 ], [ 12.337100000249805, 11.468800000013488, 0.0 ], [ 12.33879999961742, 11.465400000420479, 0.0 ], [ 12.337899999641532, 11.463700000092793, 0.0 ], [ 12.338799999647927, 11.458699999735417, 0.0 ], [ 12.337099999851446, 11.457900000250488, 0.0 ], [ 12.337899999625915, 11.456299999915668, 0.0 ], [ 12.33619999972918, 11.455400000371924, 0.0 ], [ 12.334600000396827, 11.456299999813197, 0.0 ], [ 12.333799999521601, 11.454600000422261, 0.0 ], [ 12.334600000069992, 11.451199999663519, 0.0 ], [ 12.332900000246234, 11.448799999935002, 0.0 ], [ 12.3338000002549, 11.445399999719005, 0.0 ], [ 12.332099999931946, 11.443700000087359, 0.0 ], [ 12.334600000121737, 11.437899999970387, 0.0 ], [ 12.332899999911819, 11.437100000060589, 0.0 ], [ 12.332899999686562, 11.432900000178815, 0.0 ], [ 12.331300000017157, 11.432100000294795, 0.0 ], [ 12.332099999938794, 11.429600000308264, 0.0 ], [ 12.327899999624698, 11.425400000033065, 0.0 ], [ 12.328800000005598, 11.421299999772589, 0.0 ], [ 12.326299999534502, 11.416200000073207, 0.0 ], [ 12.322899999987129, 11.415400000242748, 0.0 ], [ 12.322100000017228, 11.41289999962517, 0.0 ], [ 12.315400000400739, 11.4096000002542, 0.0 ], [ 12.314600000265989, 11.407099999791781, 0.0 ], [ 12.312100000294532, 11.406199999700398, 0.0 ], [ 12.312099999573748, 11.401200000179941, 0.0 ], [ 12.309599999527688, 11.399600000268798, 0.0 ], [ 12.308699999805194, 11.391199999772205, 0.0 ], [ 12.305400000209968, 11.388700000416065, 0.0 ], [ 12.305400000430392, 11.386300000443127, 0.0 ], [ 12.302900000143906, 11.384600000207081, 0.0 ], [ 12.302899999893373, 11.38209999964622, 0.0 ], [ 12.301199999599286, 11.381199999775493, 0.0 ], [ 12.297100000188363, 11.382099999853917, 0.0 ], [ 12.296299999862402, 11.376199999925332, 0.0 ], [ 12.294599999599923, 11.375399999670245, 0.0 ], [ 12.295399999589174, 11.372899999832196, 0.0 ], [ 12.293799999662497, 11.371199999591491, 0.0 ], [ 12.290400000418266, 11.370400000324432, 0.0 ], [ 12.289600000261805, 11.368700000131291, 0.0 ], [ 12.287900000124708, 11.369600000372523, 0.0 ], [ 12.285399999579296, 11.367099999609437, 0.0 ], [ 12.284599999713105, 11.363699999698092, 0.0 ], [ 12.283799999907176, 11.364600000081641, 0.0 ], [ 12.282100000423776, 11.362899999591807, 0.0 ], [ 12.277900000199507, 11.364599999620372, 0.0 ], [ 12.274599999865314, 11.363699999604425, 0.0 ], [ 12.271299999754229, 11.362100000068896, 0.0 ], [ 12.271300000026072, 11.360399999789175, 0.0 ], [ 12.266299999690066, 11.359599999952055, 0.0 ], [ 12.264599999584119, 11.356199999907311, 0.0 ], [ 12.26379999957555, 11.352899999806008, 0.0 ], [ 12.264599999593425, 11.347900000141106, 0.0 ], [ 12.262899999622837, 11.346200000180826, 0.0 ], [ 12.261300000356497, 11.347900000346435, 0.0 ], [ 12.25789999959134, 11.347100000428734, 0.0 ], [ 12.257899999677569, 11.345399999604005, 0.0 ], [ 12.255399999719275, 11.342900000189564, 0.0 ], [ 12.255400000394506, 11.339599999888661, 0.0 ], [ 12.253800000042528, 11.339600000043623, 0.0 ], [ 12.25380000017585, 11.336199999596152, 0.0 ], [ 12.251300000367159, 11.335399999807834, 0.0 ], [ 12.248800000369323, 11.328700000345604, 0.0 ], [ 12.246199999689361, 11.327899999579834, 0.0 ], [ 12.242899999756835, 11.32870000031139, 0.0 ], [ 12.242900000410845, 11.326199999765828, 0.0 ], [ 12.239599999719623, 11.323800000183354, 0.0 ], [ 12.239599999622495, 11.321199999862818, 0.0 ], [ 12.241300000034625, 11.321200000323536, 0.0 ], [ 12.241299999798949, 11.317100000204254, 0.0 ], [ 12.238699999543684, 11.316299999664716, 0.0 ], [ 12.236299999633021, 11.312100000096949, 0.0 ], [ 12.23290000034523, 11.313700000277816, 0.0 ], [ 12.228800000347167, 11.312100000289519, 0.0 ], [ 12.228799999564524, 11.308699999704361, 0.0 ], [ 12.230399999594086, 11.307100000448548, 0.0 ], [ 12.227100000412548, 11.305399999608213, 0.0 ], [ 12.226299999855694, 11.302900000065279, 0.0 ], [ 12.220399999582915, 11.297899999561352, 0.0 ], [ 12.217100000153295, 11.297100000140411, 0.0 ], [ 12.217100000057764, 11.292900000271244, 0.0 ], [ 12.215399999650449, 11.291200000269683, 0.0 ], [ 12.214599999575764, 11.292099999712583, 0.0 ], [ 12.212900000071427, 11.291199999851376, 0.0 ], [ 12.208800000337197, 11.296299999752382, 0.0 ], [ 12.204599999646323, 11.297100000152415, 0.0 ], [ 12.204599999888813, 11.300400000434349, 0.0 ], [ 12.202099999740369, 11.302099999636258, 0.0 ], [ 12.201300000033253, 11.305400000248026, 0.0 ], [ 12.206299999601972, 11.307900000080069, 0.0 ], [ 12.205399999904412, 11.312099999961708, 0.0 ], [ 12.20789999958061, 11.315400000122946, 0.0 ], [ 12.20709999991484, 11.317099999656184, 0.0 ], [ 12.207900000031893, 11.32380000015924, 0.0 ], [ 12.206300000328106, 11.326200000441272, 0.0 ], [ 12.208799999626986, 11.328699999782438, 0.0 ], [ 12.206300000357201, 11.331299999559418, 0.0 ], [ 12.207100000396192, 11.336200000334074, 0.0 ], [ 12.205400000247202, 11.339599999658171, 0.0 ], [ 12.208800000076069, 11.340400000073711, 0.0 ], [ 12.208799999534424, 11.344599999890374, 0.0 ], [ 12.204600000258926, 11.34619999970303, 0.0 ], [ 12.206300000016915, 11.349599999974401, 0.0 ], [ 12.204599999535411, 11.351300000166113, 0.0 ], [ 12.204600000076558, 11.353700000222425, 0.0 ], [ 12.202900000192679, 11.353700000168713, 0.0 ], [ 12.197899999868445, 11.358800000418864, 0.0 ], [ 12.198799999541007, 11.36120000028008, 0.0 ], [ 12.19880000034926, 11.363699999793594, 0.0 ], [ 12.197099999893712, 11.364599999911718, 0.0 ], [ 12.197900000366385, 11.369600000346574, 0.0 ], [ 12.197100000108414, 11.370400000439648, 0.0 ], [ 12.194599999685778, 11.368699999855606, 0.0 ], [ 12.191299999927418, 11.36959999991854, 0.0 ], [ 12.188800000266234, 11.375400000369957, 0.0 ], [ 12.183699999578444, 11.377100000295545, 0.0 ], [ 12.183699999751022, 11.379599999550662, 0.0 ], [ 12.177899999834773, 11.383699999725165, 0.0 ], [ 12.177899999958941, 11.385400000412353, 0.0 ], [ 12.18369999986796, 11.385400000275363, 0.0 ], [ 12.183716666835338, 11.3854166675922, 0.0 ], [ 12.183783332863911, 11.385483334155664, 0.0 ], [ 12.185399999670366, 11.387099999785457, 0.0 ], [ 12.184861106792621, 11.387638893283206, 0.0 ], [ 12.184600000206816, 11.387900000257538, 0.0 ], [ 12.185133332757275, 11.389033337207287, 0.0 ], [ 12.185399999562307, 11.38960000036497, 0.0 ], [ 12.18308518709336, 11.391081481454504, 0.0 ], [ 12.182900000246576, 11.391200000371409, 0.0 ], [ 12.182921333495779, 11.39124533419441, 0.0 ], [ 12.183699999863055, 11.392899999673146, 0.0 ], [ 12.182916664556506, 11.394180105254792, 0.0 ], [ 12.179697625307092, 11.399440470362533, 0.0 ], [ 12.179600000412464, 11.399600000303055, 0.0 ], [ 12.179600000408426, 11.403699999736276, 0.0 ], [ 12.179583333240448, 11.403708333399328, 0.0 ], [ 12.179458333084151, 11.403770834004586, 0.0 ], [ 12.176199999682973, 11.405399999827823, 0.0 ], [ 12.174599999764736, 11.404599999803636, 0.0 ], [ 12.17454333496233, 11.404683331317841, 0.0 ], [ 12.172899999555204, 11.407099999687517, 0.0 ], [ 12.173220525627395, 11.407990357806172, 0.0 ], [ 12.173551097570932, 11.4089086111083, 0.0 ], [ 12.173799999863713, 11.409600000091071, 0.0 ], [ 12.176199999700046, 11.409600000447208, 0.0 ], [ 12.176725002834594, 11.410533342229403, 0.0 ], [ 12.177099999794923, 11.411199999783266, 0.0 ], [ 12.177070108742809, 11.411223550120111, 0.0 ], [ 12.176109984603459, 11.411980019386514, 0.0 ], [ 12.173799999669905, 11.413799999906045, 0.0 ], [ 12.170416666983209, 11.413800000776382, 0.0 ], [ 12.170399999667863, 11.413800000405882, 0.0 ], [ 12.16960000007202, 11.416200000303867, 0.0 ], [ 12.170416666318655, 11.416439377072431, 0.0 ], [ 12.175399999730292, 11.417900000047698, 0.0 ], [ 12.175403401152122, 11.417914455934229, 0.0 ], [ 12.175416666730557, 11.417970836418643, 0.0 ], [ 12.176099224250885, 11.420871709735271, 0.0 ], [ 12.176200000288809, 11.42129999959934, 0.0 ], [ 12.176958331280055, 11.421444448720226, 0.0 ], [ 12.180312498642817, 11.422083333705308, 0.0 ], [ 12.180400000213178, 11.422100000234645, 0.0 ], [ 12.18370000035066, 11.427899999918548, 0.0 ], [ 12.183815691059927, 11.427982358202057, 0.0 ], [ 12.188405922457692, 11.4312500013401, 0.0 ], [ 12.188788949061884, 11.431522658087545, 0.0 ], [ 12.18960000005054, 11.432099999812145, 0.0 ], [ 12.188962493654852, 11.432737506430163, 0.0 ], [ 12.18880000036218, 11.432899999807315, 0.0 ], [ 12.189542855170984, 11.436799998461327, 0.0 ], [ 12.189599073771459, 11.437095139005583, 0.0 ], [ 12.189599999726015, 11.437100000096825, 0.0 ], [ 12.189609689635692, 11.437103100381725, 0.0 ], [ 12.192099999626745, 11.437900000133521, 0.0 ], [ 12.192264738406591, 11.439094395410981, 0.0 ], [ 12.19289999972283, 11.443699999833644, 0.0 ], [ 12.193352261622422, 11.443939434472723, 0.0 ], [ 12.1946000001188, 11.444599999907346, 0.0 ], [ 12.193799999541532, 11.447899999722061, 0.0 ], [ 12.197099999764839, 11.448799999665894, 0.0 ], [ 12.196249996946184, 11.451700026387623, 0.0 ], [ 12.195400000086494, 11.454600000435901, 0.0 ], [ 12.196250000081353, 11.456961112461563, 0.0 ], [ 12.196300000224651, 11.457100000035501, 0.0 ], [ 12.197899999887429, 11.45789999978467, 0.0 ], [ 12.197099999965069, 11.460399999558, 0.0 ], [ 12.199599999899256, 11.462099999571866, 0.0 ], [ 12.199599999556108, 11.463700000428561, 0.0 ], [ 12.197904166530586, 11.463700000137615, 0.0 ], [ 12.197899999982736, 11.46369999971958, 0.0 ], [ 12.197899999668671, 11.466200000142747, 0.0 ], [ 12.197916667084939, 11.466217334322943, 0.0 ], [ 12.198733322179361, 11.467066664505875, 0.0 ], [ 12.200400000306862, 11.468799999732763, 0.0 ], [ 12.199599999641157, 11.471200000115546, 0.0 ], [ 12.199599999885768, 11.471316664387778, 0.0 ], [ 12.199600000285784, 11.474600000325495, 0.0 ], [ 12.200416665305895, 11.475416669364302, 0.0 ], [ 12.201300000219069, 11.476299999605589, 0.0 ], [ 12.200416666706445, 11.480324076346914, 0.0 ], [ 12.200400000208095, 11.480400000185988, 0.0 ], [ 12.200416667019557, 11.480407843664176, 0.0 ], [ 12.202100000057513, 11.48120000006079, 0.0 ], [ 12.202376926355218, 11.482376953771881, 0.0 ], [ 12.202899999831388, 11.484599999863285, 0.0 ], [ 12.20458333303122, 11.48459999957773, 0.0 ], [ 12.204600000337111, 11.484599999635254, 0.0 ], [ 12.205400000029663, 11.488700000280678, 0.0 ], [ 12.204599999771427, 11.492099999578112, 0.0 ], [ 12.202899999950255, 11.492900000139867, 0.0 ], [ 12.201404518873273, 11.49253746474532, 0.0 ], [ 12.199599999979501, 11.492100000080782, 0.0 ], [ 12.199366864635936, 11.49282854892005, 0.0 ], [ 12.198799999580702, 11.494599999745384, 0.0 ], [ 12.197099999702241, 11.495400000416257, 0.0 ], [ 12.197100000072464, 11.501199999737159, 0.0 ], [ 12.198799999797362, 11.502899999803555, 0.0 ], [ 12.199599999682649, 11.507899999932953, 0.0 ], [ 12.196574887293067, 11.506871475676112, 0.0 ], [ 12.194599999606289, 11.506200000344585, 0.0 ], [ 12.194599999388329, 11.507435727481095, 0.0 ], [ 12.19459999995065, 11.507899999978454, 0.0 ], [ 12.192366658102669, 11.509016684892774, 0.0 ], [ 12.191233348209977, 11.509583338166449, 0.0 ], [ 12.189599999767767, 11.510399999846172, 0.0 ], [ 12.188783329905663, 11.509583338504259, 0.0 ], [ 12.187100000179843, 11.507899999751027, 0.0 ], [ 12.184667829088182, 11.511207752923934, 0.0 ], [ 12.184599999704478, 11.51129999984356, 0.0 ], [ 12.179600000279137, 11.512100000248887, 0.0 ], [ 12.179600000349836, 11.515400000300149, 0.0 ], [ 12.179583334211829, 11.515416667393243, 0.0 ], [ 12.177916667005878, 11.517083333348229, 0.0 ], [ 12.177899999754164, 11.517100000405565, 0.0 ], [ 12.176250018126186, 11.517500000454341, 0.0 ], [ 12.174600000207818, 11.517899999888256, 0.0 ], [ 12.17460227331949, 11.517911931886175, 0.0 ], [ 12.17500000143975, 11.520000031117835, 0.0 ], [ 12.175400000136747, 11.522099999599483, 0.0 ], [ 12.175427777912192, 11.522099999460238, 0.0 ], [ 12.177900000046275, 11.522099999857577, 0.0 ], [ 12.177900000066627, 11.524599999591908, 0.0 ], [ 12.177145301221717, 11.52495515339672, 0.0 ], [ 12.176199999868393, 11.525399999649252, 0.0 ], [ 12.177899999865836, 11.52959999997989, 0.0 ], [ 12.177229350785328, 11.537312444787041, 0.0 ], [ 12.177100000272018, 11.538800000174705, 0.0 ], [ 12.175016680920406, 11.538050007604079, 0.0 ], [ 12.174599999751848, 11.537900000272588, 0.0 ], [ 12.173766659553396, 11.53846667586331, 0.0 ], [ 12.172399717700515, 11.539396194498927, 0.0 ], [ 12.1720999998788, 11.539600000421823, 0.0 ], [ 12.172008882919107, 11.539884742162618, 0.0 ], [ 12.171299999669911, 11.542100000000273, 0.0 ], [ 12.169599999980601, 11.542900000064876, 0.0 ], [ 12.170400000402186, 11.545399999546271, 0.0 ], [ 12.166299999796241, 11.546300000046502, 0.0 ], [ 12.166277868265695, 11.546236066388243, 0.0 ], [ 12.165400000310544, 11.543700000141651, 0.0 ], [ 12.162099999963457, 11.543700000348437, 0.0 ], [ 12.162090476518658, 11.543750000032405, 0.0 ], [ 12.161299999660546, 11.547899999974023, 0.0 ], [ 12.16125333372703, 11.547900000329568, 0.0 ], [ 12.159600000106231, 11.547899999569239, 0.0 ], [ 12.157100000239149, 11.550399999572184, 0.0 ], [ 12.152900000358899, 11.55039999994885, 0.0 ], [ 12.151300000140022, 11.548700000332298, 0.0 ], [ 12.151300000256505, 11.551200000326157, 0.0 ], [ 12.149600000365643, 11.551200000183325, 0.0 ], [ 12.149599999846915, 11.552899999694965, 0.0 ], [ 12.151261111108061, 11.552900000156347, 0.0 ], [ 12.151299999968906, 11.552899999974365, 0.0 ], [ 12.152099999925134, 11.555399999611941, 0.0 ], [ 12.151867404892258, 11.556621128781959, 0.0 ], [ 12.15143555565135, 11.558888338444461, 0.0 ], [ 12.151300000191799, 11.559599999562439, 0.0 ], [ 12.15089806406254, 11.559694575413275, 0.0 ], [ 12.147900000351068, 11.560399999703828, 0.0 ], [ 12.147899999883675, 11.562100000130537, 0.0 ], [ 12.146300000199581, 11.562100000093166, 0.0 ], [ 12.142926187155341, 11.565416666071325, 0.0 ], [ 12.140480598649617, 11.567820769569124, 0.0 ], [ 12.140399999836188, 11.567900000386572, 0.0 ], [ 12.14041666618685, 11.567961112674118, 0.0 ], [ 12.141299999949553, 11.571199999901301, 0.0 ], [ 12.139013976001468, 11.572754498352161, 0.0 ], [ 12.13879999962899, 11.572900000347412, 0.0 ], [ 12.13872962586472, 11.573228413812393, 0.0 ], [ 12.137916666130829, 11.577022224312746, 0.0 ], [ 12.137900000134934, 11.577100000354998, 0.0 ], [ 12.140400000319904, 11.579599999801069, 0.0 ], [ 12.139599999570683, 11.584599999666672, 0.0 ], [ 12.140900755372014, 11.583911365745966, 0.0 ], [ 12.141300000408354, 11.583699999545164, 0.0 ], [ 12.142803032731598, 11.584545456046898, 0.0 ], [ 12.142900000027263, 11.584599999762968, 0.0 ], [ 12.142499999696536, 11.585625009356903, 0.0 ], [ 12.141299999576399, 11.588700000016727, 0.0 ], [ 12.141264953435869, 11.588712617168831, 0.0 ], [ 12.14005000052669, 11.589150002908919, 0.0 ], [ 12.138799999855578, 11.589599999566316, 0.0 ], [ 12.140364223475265, 11.597421343121402, 0.0 ], [ 12.141249999482937, 11.601850018626459, 0.0 ], [ 12.141299999641118, 11.602099999939101, 0.0 ], [ 12.139425011205267, 11.603299995642061, 0.0 ], [ 12.138799999858932, 11.603700000051562, 0.0 ], [ 12.138799999458856, 11.603716666924575, 0.0 ], [ 12.138799999563586, 11.605399999817559, 0.0 ], [ 12.138383336419295, 11.605400001227459, 0.0 ], [ 12.137099999610406, 11.605400000374374, 0.0 ], [ 12.137928480334091, 11.607446857224899, 0.0 ], [ 12.138800000342552, 11.609600000271701, 0.0 ], [ 12.13716442007957, 11.610885113439354, 0.0 ], [ 12.136700018480242, 11.611250000523334, 0.0 ], [ 12.135416663530401, 11.612258344909574, 0.0 ], [ 12.134600000382262, 11.612899999934417, 0.0 ], [ 12.135400000180999, 11.617899999965381, 0.0 ], [ 12.133799999554778, 11.617899999569305, 0.0 ], [ 12.132899999689611, 11.619599999669768, 0.0 ], [ 12.132939999041094, 11.619746665723575, 0.0 ], [ 12.133799999573883, 11.622899999676768, 0.0 ], [ 12.133554282112385, 11.624046684956005, 0.0 ], [ 12.132899999724735, 11.627099999756892, 0.0 ], [ 12.132953124601549, 11.627112499994531, 0.0 ], [ 12.1363000002176, 11.627899999872515, 0.0 ], [ 12.135597101402583, 11.629227698801945, 0.0 ], [ 12.135399999624649, 11.629600000364926, 0.0 ], [ 12.137008926540805, 11.630357142063604, 0.0 ], [ 12.137099999818957, 11.630399999619343, 0.0 ], [ 12.137499994960267, 11.632500001510097, 0.0 ], [ 12.13790000015017, 11.63460000013035, 0.0 ], [ 12.141662439177649, 11.635201998857065, 0.0 ], [ 12.142899999912848, 11.635400000049, 0.0 ], [ 12.142899999883641, 11.637058333564823, 0.0 ], [ 12.142900000014912, 11.637096667611877, 0.0 ], [ 12.142899999896327, 11.637100000066306, 0.0 ], [ 12.142889426683039, 11.637105126832934, 0.0 ], [ 12.139600000225428, 11.638700000189242, 0.0 ], [ 12.139312976141467, 11.639966292688495, 0.0 ], [ 12.13796439222673, 11.645915918020771, 0.0 ], [ 12.137899999596852, 11.646200000241659, 0.0 ], [ 12.135400000254334, 11.646200000055954, 0.0 ], [ 12.135416666619541, 11.646277777498984, 0.0 ], [ 12.136299999899572, 11.650400000199582, 0.0 ], [ 12.132916666703975, 11.652091666527271, 0.0 ], [ 12.132900000271666, 11.652099999621894, 0.0 ], [ 12.132100000042698, 11.657100000349669, 0.0 ], [ 12.132899999976614, 11.661200000402738, 0.0 ], [ 12.132916666349574, 11.66121733358613, 0.0 ], [ 12.135400000023154, 11.663800000445821, 0.0 ], [ 12.135399999594027, 11.667099999865579, 0.0 ], [ 12.137100000110948, 11.66790000000575, 0.0 ], [ 12.136299999700412, 11.672099999692051, 0.0 ], [ 12.144600000320358, 11.672900000018627, 0.0 ], [ 12.143799999698304, 11.677099999873306, 0.0 ], [ 12.144600000388159, 11.679599999809767, 0.0 ], [ 12.147100000130413, 11.681199999929593, 0.0 ], [ 12.147900000090527, 11.684599999926487, 0.0 ], [ 12.150399999535759, 11.685400000043389, 0.0 ], [ 12.150400000061524, 11.687099999987442, 0.0 ], [ 12.15289999974393, 11.689600000162622, 0.0 ], [ 12.154600000274126, 11.688700000086383, 0.0 ], [ 12.155399999746086, 11.691299999598293, 0.0 ], [ 12.157899999926924, 11.691300000251916, 0.0 ], [ 12.157900000018007, 11.692900000137515, 0.0 ], [ 12.159599999626039, 11.692899999593472, 0.0 ], [ 12.159600000388364, 11.696200000290032, 0.0 ], [ 12.161300000272966, 11.696199999966339, 0.0 ], [ 12.16210000016903, 11.69880000043851, 0.0 ], [ 12.165399999994506, 11.698799999649321, 0.0 ], [ 12.166300000326824, 11.695400000253498, 0.0 ], [ 12.167899999857257, 11.696200000323717, 0.0 ], [ 12.172099999554304, 11.695400000366238, 0.0 ], [ 12.177100000094095, 11.697899999861356, 0.0 ], [ 12.17959999999802, 11.697100000024662, 0.0 ], [ 12.177900000226725, 11.702099999580554, 0.0 ], [ 12.179599999776842, 11.701200000205475, 0.0 ], [ 12.185400000370052, 11.702100000271976, 0.0 ], [ 12.184599999551594, 11.705399999729924, 0.0 ], [ 12.188799999887951, 11.70789999985794, 0.0 ], [ 12.189599999672996, 11.710400000360629, 0.0 ], [ 12.193799999981263, 11.709599999882954, 0.0 ], [ 12.194599999670503, 11.711199999620954, 0.0 ], [ 12.197899999612257, 11.710399999808226, 0.0 ], [ 12.198700000269467, 11.711299999619781, 0.0 ], [ 12.197900000042974, 11.714600000335979, 0.0 ], [ 12.200400000022469, 11.716299999571856, 0.0 ], [ 12.200400000371266, 11.717899999856995, 0.0 ], [ 12.20620000023753, 11.721300000099287, 0.0 ], [ 12.20619999953689, 11.723800000034757, 0.0 ], [ 12.209599999551822, 11.722099999933219, 0.0 ], [ 12.210399999685848, 11.725400000414689, 0.0 ], [ 12.209600000221199, 11.729599999874733, 0.0 ], [ 12.212099999719689, 11.72959999960152, 0.0 ], [ 12.216200000142933, 11.733800000434577, 0.0 ], [ 12.221200000125584, 11.73209999977156, 0.0 ], [ 12.22290000012862, 11.732899999763315, 0.0 ], [ 12.222900000190048, 11.734599999911978, 0.0 ], [ 12.225400000155199, 11.735399999878839, 0.0 ], [ 12.225399999687065, 11.737899999822412, 0.0 ], [ 12.227100000136783, 11.73880000025485, 0.0 ], [ 12.226200000159396, 11.741300000245065, 0.0 ], [ 12.229600000003915, 11.742899999714069, 0.0 ], [ 12.229600000262359, 11.744600000445914, 0.0 ], [ 12.227100000265862, 11.746299999927196, 0.0 ], [ 12.227899999732456, 11.747900000023135, 0.0 ], [ 12.230399999759744, 11.748799999715658, 0.0 ], [ 12.231199999799351, 11.758800000090869, 0.0 ], [ 12.238700000265998, 11.760400000355542, 0.0 ], [ 12.242899999524973, 11.766300000118619, 0.0 ], [ 12.246199999603466, 11.766299999838068, 0.0 ], [ 12.247099999598822, 11.767900000080539, 0.0 ], [ 12.249599999917836, 11.766299999661708, 0.0 ], [ 12.252900000046566, 11.770399999799814, 0.0 ], [ 12.256200000286938, 11.76959999980194, 0.0 ], [ 12.258700000091778, 11.771300000423629, 0.0 ], [ 12.259599999603429, 11.77039999962763, 0.0 ], [ 12.266200000365618, 11.771299999764672, 0.0 ], [ 12.267099999835839, 11.772900000175985, 0.0 ], [ 12.274600000385002, 11.768800000072057, 0.0 ], [ 12.279599999670124, 11.769599999665001, 0.0 ], [ 12.280399999623352, 11.76630000028549, 0.0 ], [ 12.282899999880891, 11.766299999566236, 0.0 ], [ 12.282899999854017, 11.764599999635898, 0.0 ], [ 12.284599999944147, 11.76459999980206, 0.0 ], [ 12.286199999684115, 11.766300000317704, 0.0 ], [ 12.286200000317702, 11.772900000191393, 0.0 ], [ 12.289599999783125, 11.775399999647771, 0.0 ] ] ] } },
{ "type": "Feature", "properties": { "OBJECTID": 282, "ActivityID": "BOR1005", "Stra_Catch": "Ngada (West Chad)", "Micr_Catch": "Ngamdu", "State": "Borno", "LGA": "Kaga", "Site_Name": "Ngamdu Irrigation", "Interv_Typ": "Irrigation", "Component": "A - Dryland Management", "Comments": null, "Implemnter": "Borno ACReSAL", "Start_Date": "2024-01-01T00:00:00", "End_Date": "2025/06/06", "No_Trees_P": 0, "Sub_compon": "A2-1", "Lon": 0.0, "Lat": 0.0, "Female_pop": 13, "Buffer_Mtr": 0, "Area_Impac": 10.063616274899999, "Male_pop": 507, "Area_Intev": 10.063616274899999, "Netsize_Ha": 10.063616274899999, "Indicator": "Area provided with new/improved irrigation or drainage services", "Benefi_pop": 520.0, "Perct_NDVI": 0.0, "parent_micro_name": "Damaturu 2" }, "geometry": { "type": "Polygon", "coordinates": [ [ [ 12.247150751160039, 11.768038331122476, 0.0 ], [ 12.245740543813127, 11.770193915298149, 0.0 ], [ 12.247924301685861, 11.771212528598415, 0.0 ], [ 12.249884620431175, 11.767922651336129, 0.0 ], [ 12.248232497222928, 11.76735465666032, 0.0 ], [ 12.247150751160039, 11.768038331122476, 0.0 ] ] ] } },
{ "type": "Feature", "properties": { "OBJECTID": 258, "ActivityID": "BOR0003", "Stra_Catch": "Ngada (West Chad)", "Micr_Catch": "Zabarmari", "State": "Borno", "LGA": "Maiduguri", "Site_Name": "Dalori Graveyard", "Interv_Typ": "Afforestation (Institutional Planting)", "Component": "A - Dryland Management", "Comments": null, "Implemnter": "Borno ACReSAL", "Start_Date": "2024-07-20T00:00:00", "End_Date": "2024/11/01", "No_Trees_P": 0, "Sub_compon": "A2-1", "Lon": 13.228508423899999, "Lat": 11.777504568399999, "Female_pop": 0, "Buffer_Mtr": 0, "Area_Impac": 63.766194772299997, "Male_pop": 0, "Area_Intev": 63.766194772299997, "Netsize_Ha": 63.766194772299997, "Indicator": "Area under improved catchment management", "Benefi_pop": 0.0, "Perct_NDVI": 0.0, "parent_micro_name": "Zabarmari" }, "geometry": { "type": "Polygon", "coordinates": [ [ [ 13.22860624319754, 11.772317264544963, 0.0 ], [ 13.223425134324183, 11.776195456009994, 0.0 ], [ 13.22858517746069, 11.782705718888087, 0.0 ], [ 13.233556788538428, 11.778798253708946, 0.0 ], [ 13.22860624319754, 11.772317264544963, 0.0 ] ] ] } },
{ "type": "Feature", "properties": { "OBJECTID": 275, "ActivityID": "BOR0032", "Stra_Catch": "Ngada (West Chad)", "Micr_Catch": "Konduga", "State": "Borno", "LGA": "Konduga", "Site_Name": "Konduga", "Interv_Typ": "Afforestation (Tree Planting)", "Component": "A - Dryland Management", "Comments": null, "Implemnter": "Borno ACReSAL", "Start_Date": "2024-08-26T00:00:00", "End_Date": "2024/11/11", "No_Trees_P": 0, "Sub_compon": "A2-1", "Lon": 13.3427977583, "Lat": 11.6949150381, "Female_pop": 0, "Buffer_Mtr": 0, "Area_Impac": 240.860678882, "Male_pop": 0, "Area_Intev": 240.860678882, "Netsize_Ha": 240.860678882, "Indicator": "Area under improved catchment management", "Benefi_pop": 0.0, "Perct_NDVI": 0.0, "parent_micro_name": "Zabarmari" }, "geometry": { "type": "MultiPolygon", "coordinates": [ [ [ [ 13.382667774716941, 11.676224200732236, 0.0 ], [ 13.380353318577534, 11.674286346332824, 0.0 ], [ 13.380074128240032, 11.674557235881508, 0.0 ], [ 13.382437738105981, 11.676468425328389, 0.0 ], [ 13.382667774716941, 11.676224200732236, 0.0 ] ] ], [ [ [ 13.36271446004929, 11.680758172709277, 0.0 ], [ 13.378406770828532, 11.671211224165972, 0.0 ], [ 13.375888088389813, 11.668454404267807, 0.0 ], [ 13.370598236873972, 11.67186897625559, 0.0 ], [ 13.369462224959657, 11.674981497581395, 0.0 ], [ 13.368210196097234, 11.67544128483353, 0.0 ], [ 13.366209376715098, 11.674201375231105, 0.0 ], [ 13.360299747444886, 11.677487632685489, 0.0 ], [ 13.36271446004929, 11.680758172709277, 0.0 ] ] ], [ [ [ 13.35349981014326, 11.694944884111106, 0.0 ], [ 13.350838372423707, 11.691925137799625, 0.0 ], [ 13.350253951705172, 11.692207450109048, 0.0 ], [ 13.353123214130225, 11.695162199570362, 0.0 ], [ 13.35349981014326, 11.694944884111106, 0.0 ] ] ], [ [ [ 13.379572062598157, 11.672018153605986, 0.0 ], [ 13.3788954051549, 11.671462929288246, 0.0 ], [ 13.332048082091772, 11.701064504323393, 0.0 ], [ 13.318019581403069, 11.710162915256767, 0.0 ], [ 13.291066589959323, 11.729042584588953, 0.0 ], [ 13.291205949788914, 11.729256156987248, 0.0 ], [ 13.296587639918537, 11.725782690394704, 0.0 ], [ 13.301128306952968, 11.722700272809028, 0.0 ], [ 13.307449964161181, 11.718306248830228, 0.0 ], [ 13.31628161147799, 11.712217144715723, 0.0 ], [ 13.324221283090454, 11.706870401776937, 0.0 ], [ 13.325670293211907, 11.70594947079551, 0.0 ], [ 13.328057522544508, 11.704410664824644, 0.0 ], [ 13.330950645215358, 11.702555092099585, 0.0 ], [ 13.331579468658614, 11.70220551908386, 0.0 ], [ 13.333311671951918, 11.700973157085524, 0.0 ], [ 13.334649434787305, 11.700144388044052, 0.0 ], [ 13.336527455114322, 11.699038379865293, 0.0 ], [ 13.33862495924788, 11.697793006258568, 0.0 ], [ 13.340482199000768, 11.696699688752219, 0.0 ], [ 13.34464162086287, 11.694339656118306, 0.0 ], [ 13.349584158650718, 11.691283418350709, 0.0 ], [ 13.356283463643173, 11.686825891068409, 0.0 ], [ 13.364166210411904, 11.681671531650032, 0.0 ], [ 13.369778929596007, 11.678001870123085, 0.0 ], [ 13.379572062598157, 11.672018153605986, 0.0 ] ] ], [ [ [ 13.381060135605608, 11.673827124236993, 0.0 ], [ 13.380376178768516, 11.673142610336454, 0.0 ], [ 13.36267641608179, 11.683528102239778, 0.0 ], [ 13.335772790224357, 11.700049407754161, 0.0 ], [ 13.326918746954927, 11.705850888161413, 0.0 ], [ 13.316513234587559, 11.712544206667452, 0.0 ], [ 13.31151664847491, 11.715995664880957, 0.0 ], [ 13.304244222075516, 11.72103294012661, 0.0 ], [ 13.291400519706116, 11.72954969000109, 0.0 ], [ 13.29177915672528, 11.729835788310787, 0.0 ], [ 13.299175256266622, 11.725041811227104, 0.0 ], [ 13.311565722997027, 11.716450099855336, 0.0 ], [ 13.319762598879286, 11.711087427143381, 0.0 ], [ 13.335895117090869, 11.700556266838456, 0.0 ], [ 13.34096232253607, 11.697561045027118, 0.0 ], [ 13.342340800359253, 11.696746205653195, 0.0 ], [ 13.349628740252033, 11.692438033873765, 0.0 ], [ 13.363082680068054, 11.683807603200139, 0.0 ], [ 13.367089441860889, 11.681537087261633, 0.0 ], [ 13.381060135605608, 11.673827124236993, 0.0 ] ] ] ] } },
{ "type": "Feature", "properties": { "OBJECTID": 277, "ActivityID": "BOR2001", "Stra_Catch": "Ngada (West Chad)", "Micr_Catch": "Zabarmari", "State": "Borno", "LGA": "Konduga", "Site_Name": "Dalori2", "Interv_Typ": "Afforestation (Tree Planting)", "Component": "A - Dryland Management", "Comments": null, "Implemnter": "Borno ACReSAL", "Start_Date": "2024-10-08T00:00:00", "End_Date": "2024/11/15", "No_Trees_P": 0, "Sub_compon": "A2-1", "Lon": 13.232853673899999, "Lat": 11.774397693199999, "Female_pop": 0, "Buffer_Mtr": 0, "Area_Impac": 39.917121244500002, "Male_pop": 0, "Area_Intev": 39.917121244500002, "Netsize_Ha": 39.917121244500002, "Indicator": "Area under improved catchment management", "Benefi_pop": 0.0, "Perct_NDVI": 0.0, "parent_micro_name": "Zabarmari" }, "geometry": { "type": "Polygon", "coordinates": [ [ [ 13.228787530889436, 11.77250033639136, 0.0 ], [ 13.233652684475837, 11.778797567431779, 0.0 ], [ 13.236863692770376, 11.776831391606372, 0.0 ], [ 13.232398765679601, 11.769940789276465, 0.0 ], [ 13.229728548099763, 11.77179505068222, 0.0 ], [ 13.229941790027457, 11.772057555537836, 0.0 ], [ 13.229585273724922, 11.772354254982165, 0.0 ], [ 13.229381168639712, 11.772058670915706, 0.0 ], [ 13.228787530889436, 11.77250033639136, 0.0 ] ] ] } },
{ "type": "Feature", "properties": { "OBJECTID": 278, "ActivityID": "BOR0036", "Stra_Catch": "Ngada (West Chad)", "Micr_Catch": "Zabarmari", "State": "Borno", "LGA": "Jere", "Site_Name": "Jere Tubewell", "Interv_Typ": "Irrigation", "Component": "A - Dryland Management", "Comments": null, "Implemnter": "Borno ACReSAL", "Start_Date": "2024-08-20T00:00:00", "End_Date": "2024/10/10", "No_Trees_P": 0, "Sub_compon": "A2-1", "Lon": 13.2607834132, "Lat": 11.939494095800001, "Female_pop": 20, "Buffer_Mtr": 0, "Area_Impac": 6939.0866737699998, "Male_pop": 646, "Area_Intev": 6939.0866737699998, "Netsize_Ha": 6939.0866737699998, "Indicator": "Area provided with new/improved irrigation or drainage services", "Benefi_pop": 666.0, "Perct_NDVI": 0.0, "parent_micro_name": "Zabarmari" }, "geometry": { "type": "Polygon", "coordinates": [ [ [ 13.19058182782366, 11.886487103351325, 0.0 ], [ 13.187608989837052, 11.891962858724256, 0.0 ], [ 13.186974156119906, 11.894984266754642, 0.0 ], [ 13.186912222946336, 11.897180784097717, 0.0 ], [ 13.18890971510349, 11.901169728408899, 0.0 ], [ 13.193589062577496, 11.905658543323037, 0.0 ], [ 13.204063928921073, 11.907865432842245, 0.0 ], [ 13.217430310427957, 11.913041985152656, 0.0 ], [ 13.225642166549706, 11.918643079371655, 0.0 ], [ 13.233414692099528, 11.925256140578833, 0.0 ], [ 13.237013454867338, 11.919580701314429, 0.0 ], [ 13.250219208064406, 11.927285120306589, 0.0 ], [ 13.246414565706937, 11.940181941234405, 0.0 ], [ 13.248038943985916, 11.944238482099097, 0.0 ], [ 13.255998650688046, 11.952175948321175, 0.0 ], [ 13.260849756672728, 11.959413089915595, 0.0 ], [ 13.262919271006634, 11.96648348331537, 0.0 ], [ 13.267275201569765, 11.97029336937247, 0.0 ], [ 13.266498805776139, 11.976923594924914, 0.0 ], [ 13.264614076031668, 11.984980919090596, 0.0 ], [ 13.263097617100586, 11.988038526346795, 0.0 ], [ 13.276141346284634, 11.994872595819778, 0.0 ], [ 13.279021847462024, 11.995711600581929, 0.0 ], [ 13.280596086409409, 11.996345510216424, 0.0 ], [ 13.28230816511657, 11.99666210725275, 0.0 ], [ 13.285700152000812, 11.996549926550424, 0.0 ], [ 13.289543137666145, 11.994929173401028, 0.0 ], [ 13.302016451168985, 11.988084476863609, 0.0 ], [ 13.30740229403394, 11.982002760295844, 0.0 ], [ 13.313126884771835, 11.977504954855151, 0.0 ], [ 13.31767551988011, 11.972494238660831, 0.0 ], [ 13.320561616805074, 11.968239090609602, 0.0 ], [ 13.320997310650055, 11.959058028275864, 0.0 ], [ 13.319887471501797, 11.949114536810455, 0.0 ], [ 13.318697822572906, 11.944126309780899, 0.0 ], [ 13.317570680845007, 11.939097513250989, 0.0 ], [ 13.311155001406513, 11.931751346294311, 0.0 ], [ 13.307124189852995, 11.931257708639748, 0.0 ], [ 13.302722978919538, 11.928453536768854, 0.0 ], [ 13.297488069917064, 11.925390246385161, 0.0 ], [ 13.280375614387696, 11.916488236593928, 0.0 ], [ 13.271524710016115, 11.913576329826686, 0.0 ], [ 13.26402936388601, 11.91276879565795, 0.0 ], [ 13.259132158029052, 11.909705405947244, 0.0 ], [ 13.252833290127974, 11.905961337810327, 0.0 ], [ 13.247782932254154, 11.903226145566757, 0.0 ], [ 13.239258990808906, 11.90060619204195, 0.0 ], [ 13.233341623880778, 11.897571122273854, 0.0 ], [ 13.227049639506486, 11.892004021753133, 0.0 ], [ 13.217707033830839, 11.890235633664465, 0.0 ], [ 13.213204669481062, 11.890326002084475, 0.0 ], [ 13.209177398996401, 11.888980770184164, 0.0 ], [ 13.207566524786245, 11.885465331822562, 0.0 ], [ 13.204771323796738, 11.882155048580941, 0.0 ], [ 13.199585478649546, 11.881584958373951, 0.0 ], [ 13.194886546657868, 11.883240054320391, 0.0 ], [ 13.19058182782366, 11.886487103351325, 0.0 ] ] ] } },
{ "type": "Feature", "properties": { "OBJECTID": 269, "ActivityID": "BOR0002", "Stra_Catch": "Ngada (West Chad)", "Micr_Catch": "Alili", "State": "Borno", "LGA": "magumeri", "Site_Name": "Alili", "Interv_Typ": "Afforestation (Tree Planting)", "Component": "A - Dryland Management", "Comments": null, "Implemnter": "Borno ACReSAL", "Start_Date": "2024-07-15T00:00:00", "End_Date": "2024/11/01", "No_Trees_P": 0, "Sub_compon": "A2-1", "Lon": 12.8563719938, "Lat": 12.0916056114, "Female_pop": 0, "Buffer_Mtr": 0, "Area_Impac": 106.806544077, "Male_pop": 0, "Area_Intev": 106.806544077, "Netsize_Ha": 106.806544077, "Indicator": "Area under improved catchment management", "Benefi_pop": 0.0, "Perct_NDVI": 0.0, "parent_micro_name": "Magumeri" }, "geometry": { "type": "Polygon", "coordinates": [ [ [ 12.855335001713085, 12.097720869920055, 0.0 ], [ 12.86371327930464, 12.089732950556446, 0.0 ], [ 12.857080459848248, 12.084867143095924, 0.0 ], [ 12.848970713345642, 12.097038858959843, 0.0 ], [ 12.855335001713085, 12.097720869920055, 0.0 ] ] ] } },
{ "type": "Feature", "properties": { "OBJECTID": 245, "ActivityID": "BOR0020", "Stra_Catch": "Ngada (West Chad)", "Micr_Catch": "Kartari", "State": "Borno", "LGA": "Gubio", "Site_Name": "Gubio", "Interv_Typ": "Afforestation (Tree Planting)", "Component": "A - Dryland Management", "Comments": null, "Implemnter": "Borno_ACReSAL", "Start_Date": "2024-08-26T00:00:00", "End_Date": "2024/11/01", "No_Trees_P": 0, "Sub_compon": "A2-1", "Lon": 12.768727310499999, "Lat": 12.5126322843, "Female_pop": 0, "Buffer_Mtr": 0, "Area_Impac": 35.503176128699998, "Male_pop": 0, "Area_Intev": 35.503176128699998, "Netsize_Ha": 35.503176128699998, "Indicator": "Area under improved catchment management", "Benefi_pop": 0.0, "Perct_NDVI": 0.0, "parent_micro_name": "Gubio" }, "geometry": { "type": "Polygon", "coordinates": [ [ [ 12.770794731054108, 12.515813906401357, 0.0 ], [ 12.771331613662845, 12.509385284663567, 0.0 ], [ 12.766662565967739, 12.509634446826892, 0.0 ], [ 12.766101483070207, 12.515806987765364, 0.0 ], [ 12.770794731054108, 12.515813906401357, 0.0 ] ] ] } },
{ "type": "Feature", "properties": { "OBJECTID": 248, "ActivityID": "BOR0018", "Stra_Catch": "Ngada (West Chad)", "Micr_Catch": "Kartari", "State": "Borno", "LGA": "Gubio", "Site_Name": "Kartari", "Interv_Typ": "Afforestation (Tree Planting)", "Component": "A - Dryland Management", "Comments": null, "Implemnter": "Borno_ACReSAL", "Start_Date": "2024-11-01T00:00:00", "End_Date": "2024/11/01", "No_Trees_P": 0, "Sub_compon": "A2-1", "Lon": 12.789446180300001, "Lat": 12.468705482400001, "Female_pop": 0, "Buffer_Mtr": 0, "Area_Impac": 5.9958566493000003, "Male_pop": 0, "Area_Intev": 5.9958566493000003, "Netsize_Ha": 5.9958566493000003, "Indicator": "Area under improved catchment management", "Benefi_pop": 0.0, "Perct_NDVI": 0.0, "parent_micro_name": "Gubio" }, "geometry": { "type": "Polygon", "coordinates": [ [ [ 12.790765798403475, 12.467774888390833, 0.0 ], [ 12.788261486359151, 12.467713487332565, 0.0 ], [ 12.788064630176693, 12.469598100933215, 0.0 ], [ 12.790779460302238, 12.469692864906603, 0.0 ], [ 12.790765798403475, 12.467774888390833, 0.0 ] ] ] } },
{ "type": "Feature", "properties": { "OBJECTID": 268, "ActivityID": "BOR0019", "Stra_Catch": "Ngada (West Chad)", "Micr_Catch": "Kartari", "State": "Borno", "LGA": "Gubio", "Site_Name": "Abachari", "Interv_Typ": "Afforestation (Tree Planting)", "Component": "A - Dryland Management", "Comments": null, "Implemnter": "Borno ACReSAL", "Start_Date": "2024-08-26T00:00:00", "End_Date": "2024/11/01", "No_Trees_P": 0, "Sub_compon": "A2-1", "Lon": 12.7988378089, "Lat": 12.4299930746, "Female_pop": 0, "Buffer_Mtr": 0, "Area_Impac": 7.0068184358899996, "Male_pop": 0, "Area_Intev": 7.0068184358899996, "Netsize_Ha": 7.0068184358899996, "Indicator": "Area under improved catchment management", "Benefi_pop": 0.0, "Perct_NDVI": 0.0, "parent_micro_name": "Gubio" }, "geometry": { "type": "Polygon", "coordinates": [ [ [ 12.797931935598776, 12.431598832604633, 0.0 ], [ 12.799780774112097, 12.43170611594141, 0.0 ], [ 12.799561689021582, 12.428260957059793, 0.0 ], [ 12.797979884774744, 12.428270073303533, 0.0 ], [ 12.797931935598776, 12.431598832604633, 0.0 ] ] ] } },
{ "type": "Feature", "properties": { "OBJECTID": 253, "ActivityID": "BOR0017", "Stra_Catch": "Ngada (West Chad)", "Micr_Catch": "Ngamdu", "State": "Borno", "LGA": "Kaga", "Site_Name": "Tamsu Kawu", "Interv_Typ": "FAO Landscape Restoration", "Component": "B - Community Climate Resilience", "Comments": null, "Implemnter": "CIG", "Start_Date": "2024-08-26T00:00:00", "End_Date": "2024/11/01", "No_Trees_P": 0, "Sub_compon": "B2-1", "Lon": 12.3375450859, "Lat": 11.7739974825, "Female_pop": 0, "Buffer_Mtr": 0, "Area_Impac": 71.129686122300001, "Male_pop": 0, "Area_Intev": 71.129686122300001, "Netsize_Ha": 71.129686122300001, "Indicator": "Area under community-led landscape restoration", "Benefi_pop": 0.0, "Perct_NDVI": 0.0, "parent_micro_name": "Ngamdu" }, "geometry": { "type": "Polygon", "coordinates": [ [ [ 12.330476066185293, 11.776075560802175, 0.0 ], [ 12.343858005060936, 11.776281707044726, 0.0 ], [ 12.344778719833648, 11.772066224237026, 0.0 ], [ 12.330904054524716, 11.771683768759065, 0.0 ], [ 12.330476066185293, 11.776075560802175, 0.0 ] ] ] } },
{ "type": "Feature", "properties": { "OBJECTID": 280, "ActivityID": "BOR1000", "Stra_Catch": "Ngada (West Chad)", "Micr_Catch": "Ngamdu", "State": "Borno", "LGA": "Kaga", "Site_Name": "Ngamdu", "Interv_Typ": "Civil Works (Flood Control)", "Component": "A - Dryland Management", "Comments": null, "Implemnter": "Borno ACReSAL", "Start_Date": "2024-01-01T00:00:00", "End_Date": "2025/06/06", "No_Trees_P": 0, "Sub_compon": "A2-2", "Lon": 12.2672544142, "Lat": 11.5476458213, "Female_pop": 0, "Buffer_Mtr": 0, "Area_Impac": 89479.730268300002, "Male_pop": 0, "Area_Intev": 89479.730268300002, "Netsize_Ha": 89479.730268300002, "Indicator": "Area under improved catchment management", "Benefi_pop": 53932.0, "Perct_NDVI": 0.0, "parent_micro_name": "Ngamdu" }, "geometry": { "type": "Polygon", "coordinates": [ [ [ 12.289599999783125, 11.775399999647771, 0.0 ], [ 12.291200000304542, 11.773799999550674, 0.0 ], [ 12.300400000223442, 11.774600000308643, 0.0 ], [ 12.302100000316692, 11.772099999718378, 0.0 ], [ 12.30370000006417, 11.772100000271905, 0.0 ], [ 12.302099999736637, 11.766299999940717, 0.0 ], [ 12.30539999993954, 11.759600000334565, 0.0 ], [ 12.309600000289855, 11.758799999687874, 0.0 ], [ 12.311199999763375, 11.757899999684245, 0.0 ], [ 12.312099999630737, 11.755399999642732, 0.0 ], [ 12.317899999908967, 11.753800000129912, 0.0 ], [ 12.319599999729759, 11.752099999963292, 0.0 ], [ 12.320400000281337, 11.746299999658993, 0.0 ], [ 12.32540000011082, 11.744600000150667, 0.0 ], [ 12.326199999758645, 11.741299999725895, 0.0 ], [ 12.331199999758317, 11.738800000099099, 0.0 ], [ 12.330399999877345, 11.737099999849947, 0.0 ], [ 12.335399999949699, 11.737899999598874, 0.0 ], [ 12.333699999721341, 11.735399999656812, 0.0 ], [ 12.334599999770644, 11.73289999991799, 0.0 ], [ 12.332899999558457, 11.732899999935967, 0.0 ], [ 12.332100000369605, 11.730400000229674, 0.0 ], [ 12.329599999624385, 11.728799999852349, 0.0 ], [ 12.330400000150673, 11.72789999969714, 0.0 ], [ 12.329599999575365, 11.722899999626749, 0.0 ], [ 12.327899999851281, 11.72289999983181, 0.0 ], [ 12.327100000416992, 11.727900000426482, 0.0 ], [ 12.322100000113302, 11.728800000329761, 0.0 ], [ 12.318700000008853, 11.726299999865034, 0.0 ], [ 12.318700000403499, 11.720400000157548, 0.0 ], [ 12.320400000295718, 11.720400000245201, 0.0 ], [ 12.322100000307294, 11.71789999971527, 0.0 ], [ 12.321199999606943, 11.71460000008498, 0.0 ], [ 12.319599999647545, 11.714599999773386, 0.0 ], [ 12.319599999747924, 11.711299999704623, 0.0 ], [ 12.323700000083916, 11.709600000111168, 0.0 ], [ 12.324600000402361, 11.707100000292705, 0.0 ], [ 12.327100000000259, 11.706299999704118, 0.0 ], [ 12.334599999924196, 11.707100000425541, 0.0 ], [ 12.335399999665437, 11.704600000286293, 0.0 ], [ 12.334600000223963, 11.702900000127176, 0.0 ], [ 12.340399999662475, 11.702900000050722, 0.0 ], [ 12.339599999679493, 11.697899999957126, 0.0 ], [ 12.335399999648455, 11.698800000305848, 0.0 ], [ 12.3362000002592, 11.697099999889215, 0.0 ], [ 12.335400000158272, 11.690400000204576, 0.0 ], [ 12.337900000092098, 11.687900000163303, 0.0 ], [ 12.337100000076665, 11.686299999753894, 0.0 ], [ 12.337900000425922, 11.682899999810665, 0.0 ], [ 12.34289999978235, 11.683799999876735, 0.0 ], [ 12.343799999825649, 11.679600000299425, 0.0 ], [ 12.346299999935333, 11.679600000075956, 0.0 ], [ 12.347899999764467, 11.68119999992132, 0.0 ], [ 12.350399999594405, 11.680399999675689, 0.0 ], [ 12.351300000207347, 11.674600000212015, 0.0 ], [ 12.356299999900568, 11.675400000363798, 0.0 ], [ 12.357899999767286, 11.67129999973845, 0.0 ], [ 12.359599999975806, 11.671299999735844, 0.0 ], [ 12.360399999722892, 11.669599999695633, 0.0 ], [ 12.359599999982432, 11.663799999955067, 0.0 ], [ 12.362900000141078, 11.66460000018847, 0.0 ], [ 12.363699999676932, 11.662899999877773, 0.0 ], [ 12.364600000267712, 11.663800000331603, 0.0 ], [ 12.367100000301365, 11.662900000116069, 0.0 ], [ 12.367900000274739, 11.660400000320065, 0.0 ], [ 12.36710000020617, 11.657100000191956, 0.0 ], [ 12.368799999892891, 11.655399999998126, 0.0 ], [ 12.365399999702159, 11.654599999838835, 0.0 ], [ 12.364599999934342, 11.652900000023397, 0.0 ], [ 12.365399999941545, 11.650399999626728, 0.0 ], [ 12.363700000011884, 11.648699999937195, 0.0 ], [ 12.36460000040174, 11.647099999958641, 0.0 ], [ 12.363699999990313, 11.643799999884711, 0.0 ], [ 12.365400000386865, 11.640400000291688, 0.0 ], [ 12.370399999747125, 11.639600000370365, 0.0 ], [ 12.372900000115287, 11.634599999967341, 0.0 ], [ 12.376300000283365, 11.636299999620727, 0.0 ], [ 12.376300000160658, 11.633700000118974, 0.0 ], [ 12.378799999607772, 11.632900000294113, 0.0 ], [ 12.377900000373181, 11.627100000158604, 0.0 ], [ 12.383800000046742, 11.627900000132907, 0.0 ], [ 12.384599999944367, 11.625399999815698, 0.0 ], [ 12.387099999742073, 11.624600000305058, 0.0 ], [ 12.386300000141263, 11.616300000234801, 0.0 ], [ 12.387899999887548, 11.614600000240452, 0.0 ], [ 12.391300000249647, 11.6146000002717, 0.0 ], [ 12.39129999961126, 11.608799999576826, 0.0 ], [ 12.393800000333599, 11.608799999724685, 0.0 ], [ 12.395400000214206, 11.605399999600763, 0.0 ], [ 12.399600000316866, 11.604599999646203, 0.0 ], [ 12.400399999662765, 11.602100000139751, 0.0 ], [ 12.402900000029057, 11.602100000256566, 0.0 ], [ 12.402900000001724, 11.600400000019201, 0.0 ], [ 12.40710000032826, 11.601299999758213, 0.0 ], [ 12.407899999956696, 11.597099999970636, 0.0 ], [ 12.402899999632693, 11.596199999946041, 0.0 ], [ 12.402899999565873, 11.594599999624434, 0.0 ], [ 12.401299999631776, 11.593799999722004, 0.0 ], [ 12.402099999574434, 11.592900000295266, 0.0 ], [ 12.401300000234469, 11.587899999892356, 0.0 ], [ 12.403799999723102, 11.587100000325311, 0.0 ], [ 12.404599999894449, 11.584599999840973, 0.0 ], [ 12.406199999765819, 11.585399999615339, 0.0 ], [ 12.407100000135053, 11.584599999998575, 0.0 ], [ 12.406200000305432, 11.582900000022294, 0.0 ], [ 12.40959999984031, 11.582900000440887, 0.0 ], [ 12.412899999784532, 11.579599999824715, 0.0 ], [ 12.412099999788827, 11.57870000042087, 0.0 ], [ 12.407899999855074, 11.579600000428101, 0.0 ], [ 12.406200000385638, 11.574600000338997, 0.0 ], [ 12.399600000177841, 11.57459999963686, 0.0 ], [ 12.399599999769665, 11.572900000061889, 0.0 ], [ 12.397900000292216, 11.57210000000283, 0.0 ], [ 12.398700000414021, 11.570399999662857, 0.0 ], [ 12.397899999728738, 11.565399999975455, 0.0 ], [ 12.399599999887775, 11.561200000152303, 0.0 ], [ 12.397099999622979, 11.559599999648057, 0.0 ], [ 12.398699999611452, 11.556200000299254, 0.0 ], [ 12.394600000009813, 11.554600000300589, 0.0 ], [ 12.394599999520212, 11.552100000156107, 0.0 ], [ 12.389600000118813, 11.548700000436812, 0.0 ], [ 12.38880000030961, 11.541199999891692, 0.0 ], [ 12.387099999643556, 11.541200000357673, 0.0 ], [ 12.386300000248838, 11.538800000100721, 0.0 ], [ 12.381299999767432, 11.539600000338062, 0.0 ], [ 12.379599999566954, 11.53539999963272, 0.0 ], [ 12.375399999710714, 11.536200000130313, 0.0 ], [ 12.374600000077356, 11.529599999614618, 0.0 ], [ 12.371200000195381, 11.527900000073089, 0.0 ], [ 12.371200000186253, 11.525399999748318, 0.0 ], [ 12.372900000320694, 11.524599999944726, 0.0 ], [ 12.37290000002619, 11.522099999690012, 0.0 ], [ 12.375400000078386, 11.522100000057742, 0.0 ], [ 12.377099999943614, 11.520399999769312, 0.0 ], [ 12.373800000369195, 11.519600000413568, 0.0 ], [ 12.373799999677818, 11.517899999873315, 0.0 ], [ 12.369599999606733, 11.519599999730294, 0.0 ], [ 12.368799999849807, 11.516199999595674, 0.0 ], [ 12.363699999766812, 11.513700000309839, 0.0 ], [ 12.359599999568589, 11.506200000203155, 0.0 ], [ 12.361299999544295, 11.503799999902981, 0.0 ], [ 12.360400000319357, 11.502900000259485, 0.0 ], [ 12.361299999936426, 11.497900000226242, 0.0 ], [ 12.35960000017328, 11.497100000174933, 0.0 ], [ 12.358800000386143, 11.494599999941878, 0.0 ], [ 12.354600000098358, 11.492900000337766, 0.0 ], [ 12.353800000327274, 11.490399999671999, 0.0 ], [ 12.352100000242149, 11.490400000102497, 0.0 ], [ 12.348799999652407, 11.487099999674534, 0.0 ], [ 12.349600000219088, 11.485400000389596, 0.0 ], [ 12.347900000170471, 11.480399999684458, 0.0 ], [ 12.345400000006787, 11.478699999881117, 0.0 ], [ 12.344599999612573, 11.474599999929413, 0.0 ], [ 12.342099999684505, 11.472900000077363, 0.0 ], [ 12.342099999729991, 11.470400000430139, 0.0 ], [ 12.337100000249805, 11.468800000013488, 0.0 ], [ 12.33879999961742, 11.465400000420479, 0.0 ], [ 12.337899999641532, 11.463700000092793, 0.0 ], [ 12.338799999647927, 11.458699999735417, 0.0 ], [ 12.337099999851446, 11.457900000250488, 0.0 ], [ 12.337899999625915, 11.456299999915668, 0.0 ], [ 12.33619999972918, 11.455400000371924, 0.0 ], [ 12.334600000396827, 11.456299999813197, 0.0 ], [ 12.333799999521601, 11.454600000422261, 0.0 ], [ 12.334600000069992, 11.451199999663519, 0.0 ], [ 12.332900000246234, 11.448799999935002, 0.0 ], [ 12.3338000002549, 11.445399999719005, 0.0 ], [ 12.332099999931946, 11.443700000087359, 0.0 ], [ 12.334600000121737, 11.437899999970387, 0.0 ], [ 12.332899999911819, 11.437100000060589, 0.0 ], [ 12.332899999686562, 11.432900000178815, 0.0 ], [ 12.331300000017157, 11.432100000294795, 0.0 ], [ 12.332099999938794, 11.429600000308264, 0.0 ], [ 12.327899999624698, 11.425400000033065, 0.0 ], [ 12.328800000005598, 11.421299999772589, 0.0 ], [ 12.326299999534502, 11.416200000073207, 0.0 ], [ 12.322899999987129, 11.415400000242748, 0.0 ], [ 12.322100000017228, 11.41289999962517, 0.0 ], [ 12.315400000400739, 11.4096000002542, 0.0 ], [ 12.314600000265989, 11.407099999791781, 0.0 ], [ 12.312100000294532, 11.406199999700398, 0.0 ], [ 12.312099999573748, 11.401200000179941, 0.0 ], [ 12.309599999527688, 11.399600000268798, 0.0 ], [ 12.308699999805194, 11.391199999772205, 0.0 ], [ 12.305400000209968, 11.388700000416065, 0.0 ], [ 12.305400000430392, 11.386300000443127, 0.0 ], [ 12.302900000143906, 11.384600000207081, 0.0 ], [ 12.302899999893373, 11.38209999964622, 0.0 ], [ 12.301199999599286, 11.381199999775493, 0.0 ], [ 12.297100000188363, 11.382099999853917, 0.0 ], [ 12.296299999862402, 11.376199999925332, 0.0 ], [ 12.294599999599923, 11.375399999670245, 0.0 ], [ 12.295399999589174, 11.372899999832196, 0.0 ], [ 12.293799999662497, 11.371199999591491, 0.0 ], [ 12.290400000418266, 11.370400000324432, 0.0 ], [ 12.289600000261805, 11.368700000131291, 0.0 ], [ 12.287900000124708, 11.369600000372523, 0.0 ], [ 12.285399999579296, 11.367099999609437, 0.0 ], [ 12.284599999713105, 11.363699999698092, 0.0 ], [ 12.283799999907176, 11.364600000081641, 0.0 ], [ 12.282100000423776, 11.362899999591807, 0.0 ], [ 12.277900000199507, 11.364599999620372, 0.0 ], [ 12.274599999865314, 11.363699999604425, 0.0 ], [ 12.271299999754229, 11.362100000068896, 0.0 ], [ 12.271300000026072, 11.360399999789175, 0.0 ], [ 12.266299999690066, 11.359599999952055, 0.0 ], [ 12.264599999584119, 11.356199999907311, 0.0 ], [ 12.26379999957555, 11.352899999806008, 0.0 ], [ 12.264599999593425, 11.347900000141106, 0.0 ], [ 12.262899999622837, 11.346200000180826, 0.0 ], [ 12.261300000356497, 11.347900000346435, 0.0 ], [ 12.25789999959134, 11.347100000428734, 0.0 ], [ 12.257899999677569, 11.345399999604005, 0.0 ], [ 12.255399999719275, 11.342900000189564, 0.0 ], [ 12.255400000394506, 11.339599999888661, 0.0 ], [ 12.253800000042528, 11.339600000043623, 0.0 ], [ 12.25380000017585, 11.336199999596152, 0.0 ], [ 12.251300000367159, 11.335399999807834, 0.0 ], [ 12.248800000369323, 11.328700000345604, 0.0 ], [ 12.246199999689361, 11.327899999579834, 0.0 ], [ 12.242899999756835, 11.32870000031139, 0.0 ], [ 12.242900000410845, 11.326199999765828, 0.0 ], [ 12.239599999719623, 11.323800000183354, 0.0 ], [ 12.239599999622495, 11.321199999862818, 0.0 ], [ 12.241300000034625, 11.321200000323536, 0.0 ], [ 12.241299999798949, 11.317100000204254, 0.0 ], [ 12.238699999543684, 11.316299999664716, 0.0 ], [ 12.236299999633021, 11.312100000096949, 0.0 ], [ 12.23290000034523, 11.313700000277816, 0.0 ], [ 12.228800000347167, 11.312100000289519, 0.0 ], [ 12.228799999564524, 11.308699999704361, 0.0 ], [ 12.230399999594086, 11.307100000448548, 0.0 ], [ 12.227100000412548, 11.305399999608213, 0.0 ], [ 12.226299999855694, 11.302900000065279, 0.0 ], [ 12.220399999582915, 11.297899999561352, 0.0 ], [ 12.217100000153295, 11.297100000140411, 0.0 ], [ 12.217100000057764, 11.292900000271244, 0.0 ], [ 12.215399999650449, 11.291200000269683, 0.0 ], [ 12.214599999575764, 11.292099999712583, 0.0 ], [ 12.212900000071427, 11.291199999851376, 0.0 ], [ 12.208800000337197, 11.296299999752382, 0.0 ], [ 12.204599999646323, 11.297100000152415, 0.0 ], [ 12.204599999888813, 11.300400000434349, 0.0 ], [ 12.202099999740369, 11.302099999636258, 0.0 ], [ 12.201300000033253, 11.305400000248026, 0.0 ], [ 12.206299999601972, 11.307900000080069, 0.0 ], [ 12.205399999904412, 11.312099999961708, 0.0 ], [ 12.20789999958061, 11.315400000122946, 0.0 ], [ 12.20709999991484, 11.317099999656184, 0.0 ], [ 12.207900000031893, 11.32380000015924, 0.0 ], [ 12.206300000328106, 11.326200000441272, 0.0 ], [ 12.208799999626986, 11.328699999782438, 0.0 ], [ 12.206300000357201, 11.331299999559418, 0.0 ], [ 12.207100000396192, 11.336200000334074, 0.0 ], [ 12.205400000247202, 11.339599999658171, 0.0 ], [ 12.208800000076069, 11.340400000073711, 0.0 ], [ 12.208799999534424, 11.344599999890374, 0.0 ], [ 12.204600000258926, 11.34619999970303, 0.0 ], [ 12.206300000016915, 11.349599999974401, 0.0 ], [ 12.204599999535411, 11.351300000166113, 0.0 ], [ 12.204600000076558, 11.353700000222425, 0.0 ], [ 12.202900000192679, 11.353700000168713, 0.0 ], [ 12.197899999868445, 11.358800000418864, 0.0 ], [ 12.198799999541007, 11.36120000028008, 0.0 ], [ 12.19880000034926, 11.363699999793594, 0.0 ], [ 12.197099999893712, 11.364599999911718, 0.0 ], [ 12.197900000366385, 11.369600000346574, 0.0 ], [ 12.197100000108414, 11.370400000439648, 0.0 ], [ 12.194599999685778, 11.368699999855606, 0.0 ], [ 12.191299999927418, 11.36959999991854, 0.0 ], [ 12.188800000266234, 11.375400000369957, 0.0 ], [ 12.183699999578444, 11.377100000295545, 0.0 ], [ 12.183699999751022, 11.379599999550662, 0.0 ], [ 12.177899999834773, 11.383699999725165, 0.0 ], [ 12.177899999958941, 11.385400000412353, 0.0 ], [ 12.18369999986796, 11.385400000275363, 0.0 ], [ 12.183716666835338, 11.3854166675922, 0.0 ], [ 12.183783332863911, 11.385483334155664, 0.0 ], [ 12.185399999670366, 11.387099999785457, 0.0 ], [ 12.184861106792621, 11.387638893283206, 0.0 ], [ 12.184600000206816, 11.387900000257538, 0.0 ], [ 12.185133332757275, 11.389033337207287, 0.0 ], [ 12.185399999562307, 11.38960000036497, 0.0 ], [ 12.18308518709336, 11.391081481454504, 0.0 ], [ 12.182900000246576, 11.391200000371409, 0.0 ], [ 12.182921333495779, 11.39124533419441, 0.0 ], [ 12.183699999863055, 11.392899999673146, 0.0 ], [ 12.182916664556506, 11.394180105254792, 0.0 ], [ 12.179697625307092, 11.399440470362533, 0.0 ], [ 12.179600000412464, 11.399600000303055, 0.0 ], [ 12.179600000408426, 11.403699999736276, 0.0 ], [ 12.179583333240448, 11.403708333399328, 0.0 ], [ 12.179458333084151, 11.403770834004586, 0.0 ], [ 12.176199999682973, 11.405399999827823, 0.0 ], [ 12.174599999764736, 11.404599999803636, 0.0 ], [ 12.17454333496233, 11.404683331317841, 0.0 ], [ 12.172899999555204, 11.407099999687517, 0.0 ], [ 12.173220525627395, 11.407990357806172, 0.0 ], [ 12.173551097570932, 11.4089086111083, 0.0 ], [ 12.173799999863713, 11.409600000091071, 0.0 ], [ 12.176199999700046, 11.409600000447208, 0.0 ], [ 12.176725002834594, 11.410533342229403, 0.0 ], [ 12.177099999794923, 11.411199999783266, 0.0 ], [ 12.177070108742809, 11.411223550120111, 0.0 ], [ 12.176109984603459, 11.411980019386514, 0.0 ], [ 12.173799999669905, 11.413799999906045, 0.0 ], [ 12.170416666983209, 11.413800000776382, 0.0 ], [ 12.170399999667863, 11.413800000405882, 0.0 ], [ 12.16960000007202, 11.416200000303867, 0.0 ], [ 12.170416666318655, 11.416439377072431, 0.0 ], [ 12.175399999730292, 11.417900000047698, 0.0 ], [ 12.175403401152122, 11.417914455934229, 0.0 ], [ 12.175416666730557, 11.417970836418643, 0.0 ], [ 12.176099224250885, 11.420871709735271, 0.0 ], [ 12.176200000288809, 11.42129999959934, 0.0 ], [ 12.176958331280055, 11.421444448720226, 0.0 ], [ 12.180312498642817, 11.422083333705308, 0.0 ], [ 12.180400000213178, 11.422100000234645, 0.0 ], [ 12.18370000035066, 11.427899999918548, 0.0 ], [ 12.183815691059927, 11.427982358202057, 0.0 ], [ 12.188405922457692, 11.4312500013401, 0.0 ], [ 12.188788949061884, 11.431522658087545, 0.0 ], [ 12.18960000005054, 11.432099999812145, 0.0 ], [ 12.188962493654852, 11.432737506430163, 0.0 ], [ 12.18880000036218, 11.432899999807315, 0.0 ], [ 12.189542855170984, 11.436799998461327, 0.0 ], [ 12.189599073771459, 11.437095139005583, 0.0 ], [ 12.189599999726015, 11.437100000096825, 0.0 ], [ 12.189609689635692, 11.437103100381725, 0.0 ], [ 12.192099999626745, 11.437900000133521, 0.0 ], [ 12.192264738406591, 11.439094395410981, 0.0 ], [ 12.19289999972283, 11.443699999833644, 0.0 ], [ 12.193352261622422, 11.443939434472723, 0.0 ], [ 12.1946000001188, 11.444599999907346, 0.0 ], [ 12.193799999541532, 11.447899999722061, 0.0 ], [ 12.197099999764839, 11.448799999665894, 0.0 ], [ 12.196249996946184, 11.451700026387623, 0.0 ], [ 12.195400000086494, 11.454600000435901, 0.0 ], [ 12.196250000081353, 11.456961112461563, 0.0 ], [ 12.196300000224651, 11.457100000035501, 0.0 ], [ 12.197899999887429, 11.45789999978467, 0.0 ], [ 12.197099999965069, 11.460399999558, 0.0 ], [ 12.199599999899256, 11.462099999571866, 0.0 ], [ 12.199599999556108, 11.463700000428561, 0.0 ], [ 12.197904166530586, 11.463700000137615, 0.0 ], [ 12.197899999982736, 11.46369999971958, 0.0 ], [ 12.197899999668671, 11.466200000142747, 0.0 ], [ 12.197916667084939, 11.466217334322943, 0.0 ], [ 12.198733322179361, 11.467066664505875, 0.0 ], [ 12.200400000306862, 11.468799999732763, 0.0 ], [ 12.199599999641157, 11.471200000115546, 0.0 ], [ 12.199599999885768, 11.471316664387778, 0.0 ], [ 12.199600000285784, 11.474600000325495, 0.0 ], [ 12.200416665305895, 11.475416669364302, 0.0 ], [ 12.201300000219069, 11.476299999605589, 0.0 ], [ 12.200416666706445, 11.480324076346914, 0.0 ], [ 12.200400000208095, 11.480400000185988, 0.0 ], [ 12.200416667019557, 11.480407843664176, 0.0 ], [ 12.202100000057513, 11.48120000006079, 0.0 ], [ 12.202376926355218, 11.482376953771881, 0.0 ], [ 12.202899999831388, 11.484599999863285, 0.0 ], [ 12.20458333303122, 11.48459999957773, 0.0 ], [ 12.204600000337111, 11.484599999635254, 0.0 ], [ 12.205400000029663, 11.488700000280678, 0.0 ], [ 12.204599999771427, 11.492099999578112, 0.0 ], [ 12.202899999950255, 11.492900000139867, 0.0 ], [ 12.201404518873273, 11.49253746474532, 0.0 ], [ 12.199599999979501, 11.492100000080782, 0.0 ], [ 12.199366864635936, 11.49282854892005, 0.0 ], [ 12.198799999580702, 11.494599999745384, 0.0 ], [ 12.197099999702241, 11.495400000416257, 0.0 ], [ 12.197100000072464, 11.501199999737159, 0.0 ], [ 12.198799999797362, 11.502899999803555, 0.0 ], [ 12.199599999682649, 11.507899999932953, 0.0 ], [ 12.196574887293067, 11.506871475676112, 0.0 ], [ 12.194599999606289, 11.506200000344585, 0.0 ], [ 12.194599999388329, 11.507435727481095, 0.0 ], [ 12.19459999995065, 11.507899999978454, 0.0 ], [ 12.192366658102669, 11.509016684892774, 0.0 ], [ 12.191233348209977, 11.509583338166449, 0.0 ], [ 12.189599999767767, 11.510399999846172, 0.0 ], [ 12.188783329905663, 11.509583338504259, 0.0 ], [ 12.187100000179843, 11.507899999751027, 0.0 ], [ 12.184667829088182, 11.511207752923934, 0.0 ], [ 12.184599999704478, 11.51129999984356, 0.0 ], [ 12.179600000279137, 11.512100000248887, 0.0 ], [ 12.179600000349836, 11.515400000300149, 0.0 ], [ 12.179583334211829, 11.515416667393243, 0.0 ], [ 12.177916667005878, 11.517083333348229, 0.0 ], [ 12.177899999754164, 11.517100000405565, 0.0 ], [ 12.176250018126186, 11.517500000454341, 0.0 ], [ 12.174600000207818, 11.517899999888256, 0.0 ], [ 12.17460227331949, 11.517911931886175, 0.0 ], [ 12.17500000143975, 11.520000031117835, 0.0 ], [ 12.175400000136747, 11.522099999599483, 0.0 ], [ 12.175427777912192, 11.522099999460238, 0.0 ], [ 12.177900000046275, 11.522099999857577, 0.0 ], [ 12.177900000066627, 11.524599999591908, 0.0 ], [ 12.177145301221717, 11.52495515339672, 0.0 ], [ 12.176199999868393, 11.525399999649252, 0.0 ], [ 12.177899999865836, 11.52959999997989, 0.0 ], [ 12.177229350785328, 11.537312444787041, 0.0 ], [ 12.177100000272018, 11.538800000174705, 0.0 ], [ 12.175016680920406, 11.538050007604079, 0.0 ], [ 12.174599999751848, 11.537900000272588, 0.0 ], [ 12.173766659553396, 11.53846667586331, 0.0 ], [ 12.172399717700515, 11.539396194498927, 0.0 ], [ 12.1720999998788, 11.539600000421823, 0.0 ], [ 12.172008882919107, 11.539884742162618, 0.0 ], [ 12.171299999669911, 11.542100000000273, 0.0 ], [ 12.169599999980601, 11.542900000064876, 0.0 ], [ 12.170400000402186, 11.545399999546271, 0.0 ], [ 12.166299999796241, 11.546300000046502, 0.0 ], [ 12.166277868265695, 11.546236066388243, 0.0 ], [ 12.165400000310544, 11.543700000141651, 0.0 ], [ 12.162099999963457, 11.543700000348437, 0.0 ], [ 12.162090476518658, 11.543750000032405, 0.0 ], [ 12.161299999660546, 11.547899999974023, 0.0 ], [ 12.16125333372703, 11.547900000329568, 0.0 ], [ 12.159600000106231, 11.547899999569239, 0.0 ], [ 12.157100000239149, 11.550399999572184, 0.0 ], [ 12.152900000358899, 11.55039999994885, 0.0 ], [ 12.151300000140022, 11.548700000332298, 0.0 ], [ 12.151300000256505, 11.551200000326157, 0.0 ], [ 12.149600000365643, 11.551200000183325, 0.0 ], [ 12.149599999846915, 11.552899999694965, 0.0 ], [ 12.151261111108061, 11.552900000156347, 0.0 ], [ 12.151299999968906, 11.552899999974365, 0.0 ], [ 12.152099999925134, 11.555399999611941, 0.0 ], [ 12.151867404892258, 11.556621128781959, 0.0 ], [ 12.15143555565135, 11.558888338444461, 0.0 ], [ 12.151300000191799, 11.559599999562439, 0.0 ], [ 12.15089806406254, 11.559694575413275, 0.0 ], [ 12.147900000351068, 11.560399999703828, 0.0 ], [ 12.147899999883675, 11.562100000130537, 0.0 ], [ 12.146300000199581, 11.562100000093166, 0.0 ], [ 12.142926187155341, 11.565416666071325, 0.0 ], [ 12.140480598649617, 11.567820769569124, 0.0 ], [ 12.140399999836188, 11.567900000386572, 0.0 ], [ 12.14041666618685, 11.567961112674118, 0.0 ], [ 12.141299999949553, 11.571199999901301, 0.0 ], [ 12.139013976001468, 11.572754498352161, 0.0 ], [ 12.13879999962899, 11.572900000347412, 0.0 ], [ 12.13872962586472, 11.573228413812393, 0.0 ], [ 12.137916666130829, 11.577022224312746, 0.0 ], [ 12.137900000134934, 11.577100000354998, 0.0 ], [ 12.140400000319904, 11.579599999801069, 0.0 ], [ 12.139599999570683, 11.584599999666672, 0.0 ], [ 12.140900755372014, 11.583911365745966, 0.0 ], [ 12.141300000408354, 11.583699999545164, 0.0 ], [ 12.142803032731598, 11.584545456046898, 0.0 ], [ 12.142900000027263, 11.584599999762968, 0.0 ], [ 12.142499999696536, 11.585625009356903, 0.0 ], [ 12.141299999576399, 11.588700000016727, 0.0 ], [ 12.141264953435869, 11.588712617168831, 0.0 ], [ 12.14005000052669, 11.589150002908919, 0.0 ], [ 12.138799999855578, 11.589599999566316, 0.0 ], [ 12.140364223475265, 11.597421343121402, 0.0 ], [ 12.141249999482937, 11.601850018626459, 0.0 ], [ 12.141299999641118, 11.602099999939101, 0.0 ], [ 12.139425011205267, 11.603299995642061, 0.0 ], [ 12.138799999858932, 11.603700000051562, 0.0 ], [ 12.138799999458856, 11.603716666924575, 0.0 ], [ 12.138799999563586, 11.605399999817559, 0.0 ], [ 12.138383336419295, 11.605400001227459, 0.0 ], [ 12.137099999610406, 11.605400000374374, 0.0 ], [ 12.137928480334091, 11.607446857224899, 0.0 ], [ 12.138800000342552, 11.609600000271701, 0.0 ], [ 12.13716442007957, 11.610885113439354, 0.0 ], [ 12.136700018480242, 11.611250000523334, 0.0 ], [ 12.135416663530401, 11.612258344909574, 0.0 ], [ 12.134600000382262, 11.612899999934417, 0.0 ], [ 12.135400000180999, 11.617899999965381, 0.0 ], [ 12.133799999554778, 11.617899999569305, 0.0 ], [ 12.132899999689611, 11.619599999669768, 0.0 ], [ 12.132939999041094, 11.619746665723575, 0.0 ], [ 12.133799999573883, 11.622899999676768, 0.0 ], [ 12.133554282112385, 11.624046684956005, 0.0 ], [ 12.132899999724735, 11.627099999756892, 0.0 ], [ 12.132953124601549, 11.627112499994531, 0.0 ], [ 12.1363000002176, 11.627899999872515, 0.0 ], [ 12.135597101402583, 11.629227698801945, 0.0 ], [ 12.135399999624649, 11.629600000364926, 0.0 ], [ 12.137008926540805, 11.630357142063604, 0.0 ], [ 12.137099999818957, 11.630399999619343, 0.0 ], [ 12.137499994960267, 11.632500001510097, 0.0 ], [ 12.13790000015017, 11.63460000013035, 0.0 ], [ 12.141662439177649, 11.635201998857065, 0.0 ], [ 12.142899999912848, 11.635400000049, 0.0 ], [ 12.142899999883641, 11.637058333564823, 0.0 ], [ 12.142900000014912, 11.637096667611877, 0.0 ], [ 12.142899999896327, 11.637100000066306, 0.0 ], [ 12.142889426683039, 11.637105126832934, 0.0 ], [ 12.139600000225428, 11.638700000189242, 0.0 ], [ 12.139312976141467, 11.639966292688495, 0.0 ], [ 12.13796439222673, 11.645915918020771, 0.0 ], [ 12.137899999596852, 11.646200000241659, 0.0 ], [ 12.135400000254334, 11.646200000055954, 0.0 ], [ 12.135416666619541, 11.646277777498984, 0.0 ], [ 12.136299999899572, 11.650400000199582, 0.0 ], [ 12.132916666703975, 11.652091666527271, 0.0 ], [ 12.132900000271666, 11.652099999621894, 0.0 ], [ 12.132100000042698, 11.657100000349669, 0.0 ], [ 12.132899999976614, 11.661200000402738, 0.0 ], [ 12.132916666349574, 11.66121733358613, 0.0 ], [ 12.135400000023154, 11.663800000445821, 0.0 ], [ 12.135399999594027, 11.667099999865579, 0.0 ], [ 12.137100000110948, 11.66790000000575, 0.0 ], [ 12.136299999700412, 11.672099999692051, 0.0 ], [ 12.144600000320358, 11.672900000018627, 0.0 ], [ 12.143799999698304, 11.677099999873306, 0.0 ], [ 12.144600000388159, 11.679599999809767, 0.0 ], [ 12.147100000130413, 11.681199999929593, 0.0 ], [ 12.147900000090527, 11.684599999926487, 0.0 ], [ 12.150399999535759, 11.685400000043389, 0.0 ], [ 12.150400000061524, 11.687099999987442, 0.0 ], [ 12.15289999974393, 11.689600000162622, 0.0 ], [ 12.154600000274126, 11.688700000086383, 0.0 ], [ 12.155399999746086, 11.691299999598293, 0.0 ], [ 12.157899999926924, 11.691300000251916, 0.0 ], [ 12.157900000018007, 11.692900000137515, 0.0 ], [ 12.159599999626039, 11.692899999593472, 0.0 ], [ 12.159600000388364, 11.696200000290032, 0.0 ], [ 12.161300000272966, 11.696199999966339, 0.0 ], [ 12.16210000016903, 11.69880000043851, 0.0 ], [ 12.165399999994506, 11.698799999649321, 0.0 ], [ 12.166300000326824, 11.695400000253498, 0.0 ], [ 12.167899999857257, 11.696200000323717, 0.0 ], [ 12.172099999554304, 11.695400000366238, 0.0 ], [ 12.177100000094095, 11.697899999861356, 0.0 ], [ 12.17959999999802, 11.697100000024662, 0.0 ], [ 12.177900000226725, 11.702099999580554, 0.0 ], [ 12.179599999776842, 11.701200000205475, 0.0 ], [ 12.185400000370052, 11.702100000271976, 0.0 ], [ 12.184599999551594, 11.705399999729924, 0.0 ], [ 12.188799999887951, 11.70789999985794, 0.0 ], [ 12.189599999672996, 11.710400000360629, 0.0 ], [ 12.193799999981263, 11.709599999882954, 0.0 ], [ 12.194599999670503, 11.711199999620954, 0.0 ], [ 12.197899999612257, 11.710399999808226, 0.0 ], [ 12.198700000269467, 11.711299999619781, 0.0 ], [ 12.197900000042974, 11.714600000335979, 0.0 ], [ 12.200400000022469, 11.716299999571856, 0.0 ], [ 12.200400000371266, 11.717899999856995, 0.0 ], [ 12.20620000023753, 11.721300000099287, 0.0 ], [ 12.20619999953689, 11.723800000034757, 0.0 ], [ 12.209599999551822, 11.722099999933219, 0.0 ], [ 12.210399999685848, 11.725400000414689, 0.0 ], [ 12.209600000221199, 11.729599999874733, 0.0 ], [ 12.212099999719689, 11.72959999960152, 0.0 ], [ 12.216200000142933, 11.733800000434577, 0.0 ], [ 12.221200000125584, 11.73209999977156, 0.0 ], [ 12.22290000012862, 11.732899999763315, 0.0 ], [ 12.222900000190048, 11.734599999911978, 0.0 ], [ 12.225400000155199, 11.735399999878839, 0.0 ], [ 12.225399999687065, 11.737899999822412, 0.0 ], [ 12.227100000136783, 11.73880000025485, 0.0 ], [ 12.226200000159396, 11.741300000245065, 0.0 ], [ 12.229600000003915, 11.742899999714069, 0.0 ], [ 12.229600000262359, 11.744600000445914, 0.0 ], [ 12.227100000265862, 11.746299999927196, 0.0 ], [ 12.227899999732456, 11.747900000023135, 0.0 ], [ 12.230399999759744, 11.748799999715658, 0.0 ], [ 12.231199999799351, 11.758800000090869, 0.0 ], [ 12.238700000265998, 11.760400000355542, 0.0 ], [ 12.242899999524973, 11.766300000118619, 0.0 ], [ 12.246199999603466, 11.766299999838068, 0.0 ], [ 12.247099999598822, 11.767900000080539, 0.0 ], [ 12.249599999917836, 11.766299999661708, 0.0 ], [ 12.252900000046566, 11.770399999799814, 0.0 ], [ 12.256200000286938, 11.76959999980194, 0.0 ], [ 12.258700000091778, 11.771300000423629, 0.0 ], [ 12.259599999603429, 11.77039999962763, 0.0 ], [ 12.266200000365618, 11.771299999764672, 0.0 ], [ 12.267099999835839, 11.772900000175985, 0.0 ], [ 12.274600000385002, 11.768800000072057, 0.0 ], [ 12.279599999670124, 11.769599999665001, 0.0 ], [ 12.280399999623352, 11.76630000028549, 0.0 ], [ 12.282899999880891, 11.766299999566236, 0.0 ], [ 12.282899999854017, 11.764599999635898, 0.0 ], [ 12.284599999944147, 11.76459999980206, 0.0 ], [ 12.286199999684115, 11.766300000317704, 0.0 ], [ 12.286200000317702, 11.772900000191393, 0.0 ], [ 12.289599999783125, 11.775399999647771, 0.0 ] ] ] } },
{ "type": "Feature", "properties": { "OBJECTID": 282, "ActivityID": "BOR1005", "Stra_Catch": "Ngada (West Chad)", "Micr_Catch": "Ngamdu", "State": "Borno", "LGA": "Kaga", "Site_Name": "Ngamdu Irrigation", "Interv_Typ": "Irrigation", "Component": "A - Dryland Management", "Comments": null, "Implemnter": "Borno ACReSAL", "Start_Date": "2024-01-01T00:00:00", "End_Date": "2025/06/06", "No_Trees_P": 0, "Sub_compon": "A2-1", "Lon": 0.0, "Lat": 0.0, "Female_pop": 13, "Buffer_Mtr": 0, "Area_Impac": 10.063616274899999, "Male_pop": 507, "Area_Intev": 10.063616274899999, "Netsize_Ha": 10.063616274899999, "Indicator": "Area provided with new/improved irrigation or drainage services", "Benefi_pop": 520.0, "Perct_NDVI": 0.0, "parent_micro_name": "Ngamdu" }, "geometry": { "type": "Polygon", "coordinates": [ [ [ 12.247150751160039, 11.768038331122476, 0.0 ], [ 12.245740543813127, 11.770193915298149, 0.0 ], [ 12.247924301685861, 11.771212528598415, 0.0 ], [ 12.249884620431175, 11.767922651336129, 0.0 ], [ 12.248232497222928, 11.76735465666032, 0.0 ], [ 12.247150751160039, 11.768038331122476, 0.0 ] ] ] } },
{ "type": "Feature", "properties": { "OBJECTID": 258, "ActivityID": "BOR0003", "Stra_Catch": "Ngada (West Chad)", "Micr_Catch": "Zabarmari", "State": "Borno", "LGA": "Maiduguri", "Site_Name": "Dalori Graveyard", "Interv_Typ": "Afforestation (Institutional Planting)", "Component": "A - Dryland Management", "Comments": null, "Implemnter": "Borno ACReSAL", "Start_Date": "2024-07-20T00:00:00", "End_Date": "2024/11/01", "No_Trees_P": 0, "Sub_compon": "A2-1", "Lon": 13.228508423899999, "Lat": 11.777504568399999, "Female_pop": 0, "Buffer_Mtr": 0, "Area_Impac": 63.766194772299997, "Male_pop": 0, "Area_Intev": 63.766194772299997, "Netsize_Ha": 63.766194772299997, "Indicator": "Area under improved catchment management", "Benefi_pop": 0.0, "Perct_NDVI": 0.0, "parent_micro_name": "Konduga" }, "geometry": { "type": "Polygon", "coordinates": [ [ [ 13.22860624319754, 11.772317264544963, 0.0 ], [ 13.223425134324183, 11.776195456009994, 0.0 ], [ 13.22858517746069, 11.782705718888087, 0.0 ], [ 13.233556788538428, 11.778798253708946, 0.0 ], [ 13.22860624319754, 11.772317264544963, 0.0 ] ] ] } },
{ "type": "Feature", "properties": { "OBJECTID": 275, "ActivityID": "BOR0032", "Stra_Catch": "Ngada (West Chad)", "Micr_Catch": "Konduga", "State": "Borno", "LGA": "Konduga", "Site_Name": "Konduga", "Interv_Typ": "Afforestation (Tree Planting)", "Component": "A - Dryland Management", "Comments": null, "Implemnter": "Borno ACReSAL", "Start_Date": "2024-08-26T00:00:00", "End_Date": "2024/11/11", "No_Trees_P": 0, "Sub_compon": "A2-1", "Lon": 13.3427977583, "Lat": 11.6949150381, "Female_pop": 0, "Buffer_Mtr": 0, "Area_Impac": 240.860678882, "Male_pop": 0, "Area_Intev": 240.860678882, "Netsize_Ha": 240.860678882, "Indicator": "Area under improved catchment management", "Benefi_pop": 0.0, "Perct_NDVI": 0.0, "parent_micro_name": "Konduga" }, "geometry": { "type": "MultiPolygon", "coordinates": [ [ [ [ 13.382667774716941, 11.676224200732236, 0.0 ], [ 13.380353318577534, 11.674286346332824, 0.0 ], [ 13.380074128240032, 11.674557235881508, 0.0 ], [ 13.382437738105981, 11.676468425328389, 0.0 ], [ 13.382667774716941, 11.676224200732236, 0.0 ] ] ], [ [ [ 13.36271446004929, 11.680758172709277, 0.0 ], [ 13.378406770828532, 11.671211224165972, 0.0 ], [ 13.375888088389813, 11.668454404267807, 0.0 ], [ 13.370598236873972, 11.67186897625559, 0.0 ], [ 13.369462224959657, 11.674981497581395, 0.0 ], [ 13.368210196097234, 11.67544128483353, 0.0 ], [ 13.366209376715098, 11.674201375231105, 0.0 ], [ 13.360299747444886, 11.677487632685489, 0.0 ], [ 13.36271446004929, 11.680758172709277, 0.0 ] ] ], [ [ [ 13.35349981014326, 11.694944884111106, 0.0 ], [ 13.350838372423707, 11.691925137799625, 0.0 ], [ 13.350253951705172, 11.692207450109048, 0.0 ], [ 13.353123214130225, 11.695162199570362, 0.0 ], [ 13.35349981014326, 11.694944884111106, 0.0 ] ] ], [ [ [ 13.379572062598157, 11.672018153605986, 0.0 ], [ 13.3788954051549, 11.671462929288246, 0.0 ], [ 13.332048082091772, 11.701064504323393, 0.0 ], [ 13.318019581403069, 11.710162915256767, 0.0 ], [ 13.291066589959323, 11.729042584588953, 0.0 ], [ 13.291205949788914, 11.729256156987248, 0.0 ], [ 13.296587639918537, 11.725782690394704, 0.0 ], [ 13.301128306952968, 11.722700272809028, 0.0 ], [ 13.307449964161181, 11.718306248830228, 0.0 ], [ 13.31628161147799, 11.712217144715723, 0.0 ], [ 13.324221283090454, 11.706870401776937, 0.0 ], [ 13.325670293211907, 11.70594947079551, 0.0 ], [ 13.328057522544508, 11.704410664824644, 0.0 ], [ 13.330950645215358, 11.702555092099585, 0.0 ], [ 13.331579468658614, 11.70220551908386, 0.0 ], [ 13.333311671951918, 11.700973157085524, 0.0 ], [ 13.334649434787305, 11.700144388044052, 0.0 ], [ 13.336527455114322, 11.699038379865293, 0.0 ], [ 13.33862495924788, 11.697793006258568, 0.0 ], [ 13.340482199000768, 11.696699688752219, 0.0 ], [ 13.34464162086287, 11.694339656118306, 0.0 ], [ 13.349584158650718, 11.691283418350709, 0.0 ], [ 13.356283463643173, 11.686825891068409, 0.0 ], [ 13.364166210411904, 11.681671531650032, 0.0 ], [ 13.369778929596007, 11.678001870123085, 0.0 ], [ 13.379572062598157, 11.672018153605986, 0.0 ] ] ], [ [ [ 13.381060135605608, 11.673827124236993, 0.0 ], [ 13.380376178768516, 11.673142610336454, 0.0 ], [ 13.36267641608179, 11.683528102239778, 0.0 ], [ 13.335772790224357, 11.700049407754161, 0.0 ], [ 13.326918746954927, 11.705850888161413, 0.0 ], [ 13.316513234587559, 11.712544206667452, 0.0 ], [ 13.31151664847491, 11.715995664880957, 0.0 ], [ 13.304244222075516, 11.72103294012661, 0.0 ], [ 13.291400519706116, 11.72954969000109, 0.0 ], [ 13.29177915672528, 11.729835788310787, 0.0 ], [ 13.299175256266622, 11.725041811227104, 0.0 ], [ 13.311565722997027, 11.716450099855336, 0.0 ], [ 13.319762598879286, 11.711087427143381, 0.0 ], [ 13.335895117090869, 11.700556266838456, 0.0 ], [ 13.34096232253607, 11.697561045027118, 0.0 ], [ 13.342340800359253, 11.696746205653195, 0.0 ], [ 13.349628740252033, 11.692438033873765, 0.0 ], [ 13.363082680068054, 11.683807603200139, 0.0 ], [ 13.367089441860889, 11.681537087261633, 0.0 ], [ 13.381060135605608, 11.673827124236993, 0.0 ] ] ] ] } },
{ "type": "Feature", "properties": { "OBJECTID": 277, "ActivityID": "BOR2001", "Stra_Catch": "Ngada (West Chad)", "Micr_Catch": "Zabarmari", "State": "Borno", "LGA": "Konduga", "Site_Name": "Dalori2", "Interv_Typ": "Afforestation (Tree Planting)", "Component": "A - Dryland Management", "Comments": null, "Implemnter": "Borno ACReSAL", "Start_Date": "2024-10-08T00:00:00", "End_Date": "2024/11/15", "No_Trees_P": 0, "Sub_compon": "A2-1", "Lon": 13.232853673899999, "Lat": 11.774397693199999, "Female_pop": 0, "Buffer_Mtr": 0, "Area_Impac": 39.917121244500002, "Male_pop": 0, "Area_Intev": 39.917121244500002, "Netsize_Ha": 39.917121244500002, "Indicator": "Area under improved catchment management", "Benefi_pop": 0.0, "Perct_NDVI": 0.0, "parent_micro_name": "Konduga" }, "geometry": { "type": "Polygon", "coordinates": [ [ [ 13.228787530889436, 11.77250033639136, 0.0 ], [ 13.233652684475837, 11.778797567431779, 0.0 ], [ 13.236863692770376, 11.776831391606372, 0.0 ], [ 13.232398765679601, 11.769940789276465, 0.0 ], [ 13.229728548099763, 11.77179505068222, 0.0 ], [ 13.229941790027457, 11.772057555537836, 0.0 ], [ 13.229585273724922, 11.772354254982165, 0.0 ], [ 13.229381168639712, 11.772058670915706, 0.0 ], [ 13.228787530889436, 11.77250033639136, 0.0 ] ] ] } },
{ "type": "Feature", "properties": { "OBJECTID": 247, "ActivityID": "BOR0014", "Stra_Catch": "Ngada (West Chad)", "Micr_Catch": "Kogin Tipper", "State": "Borno", "LGA": "Maiduguri", "Site_Name": "Industrial hub", "Interv_Typ": "Afforestation (Tree Planting)", "Component": "A - Dryland Management", "Comments": null, "Implemnter": "Borno_ACReSAL", "Start_Date": "2024-07-18T00:00:00", "End_Date": "2024/11/01", "No_Trees_P": 0, "Sub_compon": "A2-1", "Lon": 12.998962434899999, "Lat": 11.8501118819, "Female_pop": 0, "Buffer_Mtr": 0, "Area_Impac": 13.788984212300001, "Male_pop": 0, "Area_Intev": 13.788984212300001, "Netsize_Ha": 13.788984212300001, "Indicator": "Area under improved catchment management", "Benefi_pop": 0.0, "Perct_NDVI": 0.0, "parent_micro_name": "Kogin Tipper" }, "geometry": { "type": "Polygon", "coordinates": [ [ [ 13.002043383287663, 11.848660793066324, 0.0 ], [ 12.995418629476411, 11.849460887313807, 0.0 ], [ 12.995512180538576, 11.850233129244966, 0.0 ], [ 12.997673205354657, 11.850020711831943, 0.0 ], [ 12.997672801182492, 11.850099352035233, 0.0 ], [ 12.99777121277288, 11.851430987003008, 0.0 ], [ 12.997949979870237, 11.851469071089918, 0.0 ], [ 12.998726811227241, 11.851614887797428, 0.0 ], [ 12.999979734104919, 11.851503797172869, 0.0 ], [ 13.001012457863533, 11.851322026564141, 0.0 ], [ 13.001255326073911, 11.850708601482344, 0.0 ], [ 13.001680223929679, 11.849738726814422, 0.0 ], [ 13.001689268893328, 11.848942318447762, 0.0 ], [ 13.002096991748868, 11.84894095692589, 0.0 ], [ 13.002043383287663, 11.848660793066324, 0.0 ] ] ] } },
{ "type": "Feature", "properties": { "OBJECTID": 267, "ActivityID": "BOR0004\r\nBOR0004\r\n", "Stra_Catch": "Ngada (West Chad)", "Micr_Catch": "Kogin Tipper", "State": "Borno", "LGA": "Maiduguri", "Site_Name": "500 Housing", "Interv_Typ": "Afforestation (Institutional Planting)", "Component": "A - Dryland Management", "Comments": null, "Implemnter": "Borno ACReSAL", "Start_Date": "2024-07-20T00:00:00", "End_Date": "2024/11/01", "No_Trees_P": 0, "Sub_compon": "A2-1", "Lon": 12.9944534779, "Lat": 11.8417406633, "Female_pop": 0, "Buffer_Mtr": 0, "Area_Impac": 63.071856567300003, "Male_pop": 0, "Area_Intev": 63.071856567300003, "Netsize_Ha": 63.071856567300003, "Indicator": "Area under improved catchment management", "Benefi_pop": 0.0, "Perct_NDVI": 0.0, "parent_micro_name": "Kogin Tipper" }, "geometry": { "type": "Polygon", "coordinates": [ [ [ 12.991929350885002, 11.83560040030336, 0.0 ], [ 12.992724018824454, 11.849001852363422, 0.0 ], [ 12.995734240634849, 11.848599844869435, 0.0 ], [ 12.995528758573037, 11.847547213861326, 0.0 ], [ 12.995193427159249, 11.847724935738235, 0.0 ], [ 12.995318714508118, 11.846203079106775, 0.0 ], [ 12.995574173337211, 11.846223063077657, 0.0 ], [ 12.997259916253906, 11.835287165092693, 0.0 ], [ 12.991929350885002, 11.83560040030336, 0.0 ] ] ] } },
{ "type": "Feature", "properties": { "OBJECTID": 274, "ActivityID": "BOR0005\r\n", "Stra_Catch": "Ngada (West Chad)", "Micr_Catch": "Kogin Tipper", "State": "Borno", "LGA": "Maiduguri", "Site_Name": "Borno State Teaching Hospital", "Interv_Typ": "Afforestation (Institutional Planting)", "Component": "A - Dryland Management", "Comments": null, "Implemnter": "Borno ACReSAL", "Start_Date": "2024-07-20T00:00:00", "End_Date": "2024/11/01", "No_Trees_P": 0, "Sub_compon": "A2-1", "Lon": 12.9875499876, "Lat": 11.8570342286, "Female_pop": 0, "Buffer_Mtr": 0, "Area_Impac": 149.34175865, "Male_pop": 0, "Area_Intev": 149.34175865, "Netsize_Ha": 149.34175865, "Indicator": "Area under improved catchment management", "Benefi_pop": 0.0, "Perct_NDVI": 0.0, "parent_micro_name": "Kogin Tipper" }, "geometry": { "type": "Polygon", "coordinates": [ [ [ 12.98507170554937, 11.85042077766969, 0.0 ], [ 12.982236889748814, 11.850457496118452, 0.0 ], [ 12.983809095717115, 11.864077809313684, 0.0 ], [ 12.992857302340026, 11.863647567593706, 0.0 ], [ 12.991265320641544, 11.849902991899469, 0.0 ], [ 12.989099036631666, 11.850214040078399, 0.0 ], [ 12.98507170554937, 11.85042077766969, 0.0 ] ] ] } },
{ "type": "Feature", "properties": { "OBJECTID": 246, "ActivityID": "BOR0007", "Stra_Catch": "Ngada (West Chad)", "Micr_Catch": "Monguno", "State": "Borno", "LGA": "Monguno", "Site_Name": "HICM", "Interv_Typ": "Afforestation (Institutional Planting)", "Component": "A - Dryland Management", "Comments": null, "Implemnter": "Borno_ACReSAL", "Start_Date": "2024-08-18T00:00:00", "End_Date": "2024/11/01", "No_Trees_P": 0, "Sub_compon": "A2-1", "Lon": 13.5942400304, "Lat": 12.6840033404, "Female_pop": 0, "Buffer_Mtr": 0, "Area_Impac": 8.3038214928799992, "Male_pop": 0, "Area_Intev": 8.3038214928799992, "Netsize_Ha": 8.3038214928799992, "Indicator": "Area under improved catchment management", "Benefi_pop": 0.0, "Perct_NDVI": 0.0, "parent_micro_name": "Monguno" }, "geometry": { "type": "Polygon", "coordinates": [ [ [ 13.593256016527816, 12.681968518948583, 0.0 ], [ 13.592937424372231, 12.685517364514125, 0.0 ], [ 13.595796560090866, 12.68586610916236, 0.0 ], [ 13.595810741085749, 12.684957835317519, 0.0 ], [ 13.594726202453632, 12.684907711744177, 0.0 ], [ 13.59479390328806, 12.682158876285452, 0.0 ], [ 13.593256016527816, 12.681968518948583, 0.0 ] ] ] } },
{ "type": "Feature", "properties": { "OBJECTID": 259, "ActivityID": "BOR0011", "Stra_Catch": "Ngada (West Chad)", "Micr_Catch": "Monguno", "State": "Borno", "LGA": "Monguno", "Site_Name": "Federal Poly Permanent Site", "Interv_Typ": "Afforestation (Institutional Planting)", "Component": "A - Dryland Management", "Comments": null, "Implemnter": "Borno ACReSAL", "Start_Date": "2024-08-18T00:00:00", "End_Date": "2024/11/01", "No_Trees_P": 0, "Sub_compon": "A2-1", "Lon": 13.5837777801, "Lat": 12.6821279337, "Female_pop": 0, "Buffer_Mtr": 0, "Area_Impac": 21.740001595500001, "Male_pop": 0, "Area_Intev": 21.740001595500001, "Netsize_Ha": 21.740001595500001, "Indicator": "Area under improved catchment management", "Benefi_pop": 0.0, "Perct_NDVI": 0.0, "parent_micro_name": "Monguno" }, "geometry": { "type": "Polygon", "coordinates": [ [ [ 13.581165747889148, 12.682009099240064, 0.0 ], [ 13.580750968127697, 12.684020880111675, 0.0 ], [ 13.585756251221275, 12.684586979600075, 0.0 ], [ 13.586417447167499, 12.679154571246924, 0.0 ], [ 13.583607376517646, 12.680615386510862, 0.0 ], [ 13.582559254125707, 12.681748174972649, 0.0 ], [ 13.581165747889148, 12.682009099240064, 0.0 ] ] ] } },
{ "type": "Feature", "properties": { "OBJECTID": 260, "ActivityID": "BOR0010", "Stra_Catch": "Ngada (West Chad)", "Micr_Catch": "Monguno", "State": "Borno", "LGA": "Monguno", "Site_Name": "Federal poly Temporary site", "Interv_Typ": "Afforestation (Institutional Planting)", "Component": "A - Dryland Management", "Comments": null, "Implemnter": "Borno ACReSAL", "Start_Date": "2024-08-18T00:00:00", "End_Date": "2024/11/01", "No_Trees_P": 0, "Sub_compon": "A2-1", "Lon": 13.597637627, "Lat": 12.685202759599999, "Female_pop": 0, "Buffer_Mtr": 0, "Area_Impac": 1.3741332829199999, "Male_pop": 0, "Area_Intev": 1.3741332829199999, "Netsize_Ha": 1.3741332829199999, "Indicator": "Area under improved catchment management", "Benefi_pop": 0.0, "Perct_NDVI": 0.0, "parent_micro_name": "Monguno" }, "geometry": { "type": "Polygon", "coordinates": [ [ [ 13.597047644541538, 12.684708821369483, 0.0 ], [ 13.597242942541847, 12.685825279611619, 0.0 ], [ 13.598229080788721, 12.685733280800502, 0.0 ], [ 13.598012454075349, 12.684567056659498, 0.0 ], [ 13.597047644541538, 12.684708821369483, 0.0 ] ] ] } },
{ "type": "Feature", "properties": { "OBJECTID": 261, "ActivityID": "BOR0012", "Stra_Catch": "Ngada (West Chad)", "Micr_Catch": "Monguno", "State": "Borno", "LGA": "Monguno", "Site_Name": "Gana Ali 1", "Interv_Typ": "Afforestation (Tree Planting)", "Component": "A - Dryland Management", "Comments": null, "Implemnter": "Borno ACReSAL", "Start_Date": "2024-08-18T00:00:00", "End_Date": "2024/11/01", "No_Trees_P": 0, "Sub_compon": "A2-1", "Lon": 13.5733704258, "Lat": 12.686459727000001, "Female_pop": 0, "Buffer_Mtr": 0, "Area_Impac": 4.8647605856, "Male_pop": 0, "Area_Intev": 4.8647605856, "Netsize_Ha": 4.8647605856, "Indicator": "Area under improved catchment management", "Benefi_pop": 0.0, "Perct_NDVI": 0.0, "parent_micro_name": "Monguno" }, "geometry": { "type": "Polygon", "coordinates": [ [ [ 13.574173515345713, 12.685126255023444, 0.0 ], [ 13.572009905558115, 12.686263864529653, 0.0 ], [ 13.572498460755735, 12.687755258907913, 0.0 ], [ 13.574724192691406, 12.686812015917111, 0.0 ], [ 13.574173515345713, 12.685126255023444, 0.0 ] ] ] } },
{ "type": "Feature", "properties": { "OBJECTID": 262, "ActivityID": "BOR0013", "Stra_Catch": "Ngada (West Chad)", "Micr_Catch": "Monguno", "State": "Borno", "LGA": "Monguno", "Site_Name": "Gana Ali 2", "Interv_Typ": "Afforestation (Tree Planting)", "Component": "A - Dryland Management", "Comments": null, "Implemnter": "Borno ACReSAL", "Start_Date": "2024-08-18T00:00:00", "End_Date": "2024/11/01", "No_Trees_P": 0, "Sub_compon": "A2-1", "Lon": 13.572765306599999, "Lat": 12.6843132149, "Female_pop": 0, "Buffer_Mtr": 0, "Area_Impac": 3.9712620241100001, "Male_pop": 0, "Area_Intev": 3.9712620241100001, "Netsize_Ha": 3.9712620241100001, "Indicator": "Area under improved catchment management", "Benefi_pop": 0.0, "Perct_NDVI": 0.0, "parent_micro_name": "Monguno" }, "geometry": { "type": "Polygon", "coordinates": [ [ [ 13.571440984854036, 12.68430464541334, 0.0 ], [ 13.571834209673963, 12.685511086402762, 0.0 ], [ 13.574077745846909, 12.684416535090408, 0.0 ], [ 13.573671812689534, 12.683095572405888, 0.0 ], [ 13.571440984854036, 12.68430464541334, 0.0 ] ] ] } },
{ "type": "Feature", "properties": { "OBJECTID": 264, "ActivityID": "BOR0008\r\n", "Stra_Catch": "Ngada (West Chad)", "Micr_Catch": "Monguno", "State": "Borno", "LGA": "Monguno", "Site_Name": "1000 housing", "Interv_Typ": "Afforestation (Institutional Planting)", "Component": "A - Dryland Management", "Comments": null, "Implemnter": "Borno ACReSAL", "Start_Date": "2024-08-18T00:00:00", "End_Date": "2024/11/01", "No_Trees_P": 0, "Sub_compon": "A2-1", "Lon": 13.589371480900001, "Lat": 12.687549373, "Female_pop": 0, "Buffer_Mtr": 0, "Area_Impac": 21.4541103243, "Male_pop": 0, "Area_Intev": 21.4541103243, "Netsize_Ha": 21.4541103243, "Indicator": "Area under improved catchment management", "Benefi_pop": 0.0, "Perct_NDVI": 0.0, "parent_micro_name": "Monguno" }, "geometry": { "type": "Polygon", "coordinates": [ [ [ 13.586841892698509, 12.685666651063922, 0.0 ], [ 13.586396303844522, 12.688798218246564, 0.0 ], [ 13.59191277460701, 12.68945351264184, 0.0 ], [ 13.59232480281095, 12.686221260907809, 0.0 ], [ 13.586841892698509, 12.685666651063922, 0.0 ] ] ] } },
{ "type": "Feature", "properties": { "OBJECTID": 265, "ActivityID": "BOR0006", "Stra_Catch": "Ngada (West Chad)", "Micr_Catch": "Monguno", "State": "Borno", "LGA": "Monguno", "Site_Name": "20 Housing Unit", "Interv_Typ": "Afforestation (Institutional Planting)", "Component": "A - Dryland Management", "Comments": null, "Implemnter": "Borno ACReSAL", "Start_Date": "2024-08-18T00:00:00", "End_Date": "2024/11/01", "No_Trees_P": 0, "Sub_compon": "A2-1", "Lon": 13.6000253392, "Lat": 12.684229219600001, "Female_pop": 0, "Buffer_Mtr": 0, "Area_Impac": 3.44072041048, "Male_pop": 0, "Area_Intev": 3.44072041048, "Netsize_Ha": 3.44072041048, "Indicator": "Area under improved catchment management", "Benefi_pop": 0.0, "Perct_NDVI": 0.0, "parent_micro_name": "Monguno" }, "geometry": { "type": "Polygon", "coordinates": [ [ [ 13.598884829100729, 12.683798705602227, 0.0 ], [ 13.599415126424088, 12.685260584386754, 0.0 ], [ 13.601139773147265, 12.684605343171466, 0.0 ], [ 13.600775826114184, 12.683221342233423, 0.0 ], [ 13.598884829100729, 12.683798705602227, 0.0 ] ] ] } },
{ "type": "Feature", "properties": { "OBJECTID": 266, "ActivityID": "BOR0009\r\n", "Stra_Catch": "Ngada (West Chad)", "Micr_Catch": "Monguno", "State": "Borno", "LGA": "Monguno", "Site_Name": "500 housing", "Interv_Typ": "Afforestation (Institutional Planting)", "Component": "A - Dryland Management", "Comments": null, "Implemnter": "Borno ACReSAL", "Start_Date": "2024-08-18T00:00:00", "End_Date": "2024/11/01", "No_Trees_P": 0, "Sub_compon": "A2-1", "Lon": 13.5900804481, "Lat": 12.6835571199, "Female_pop": 0, "Buffer_Mtr": 0, "Area_Impac": 18.406379902699999, "Male_pop": 0, "Area_Intev": 18.406379902699999, "Netsize_Ha": 18.406379902699999, "Indicator": "Area under improved catchment management", "Benefi_pop": 0.0, "Perct_NDVI": 0.0, "parent_micro_name": "Monguno" }, "geometry": { "type": "Polygon", "coordinates": [ [ [ 13.588187424103749, 12.68154605592334, 0.0 ], [ 13.587965416172983, 12.685197210860915, 0.0 ], [ 13.591944972181878, 12.685645194676209, 0.0 ], [ 13.592167911591668, 12.681672276530605, 0.0 ], [ 13.588187424103749, 12.68154605592334, 0.0 ] ] ] } }
]
}
