{
"type": "FeatureCollection",
"name": "Benue_interventions",
"crs": { "type": "name", "properties": { "name": "urn:ogc:def:crs:OGC:1.3:CRS84" } },
"features": [
{ "type": "Feature", "properties": { "OBJECTID": 171, "ActivityID": "BEN0001", "Stra_Catch": "Okwa-Mada", "Micr_Catch": "Ugbokpo", "State": "Benue", "LGA": "Apa", "Site_Name": "Ugbokpo", "Interv_Typ": "Water Harvesting", "Component": "A - Dryland Management", "Comments": null, "Implemnter": "Benue_ACReSAL", "Start_Date": "2024-06-24T00:00:00", "End_Date": "2025/01/23", "No_Trees_P": 0, "Sub_compon": "A2-3", "Lon": 7.9263489230499999, "Lat": 7.5205152102000001, "Female_pop": 3144, "Buffer_Mtr": 0, "Area_Impac": 28677.9479331, "Male_pop": 1646, "Area_Intev": 28677.9479331, "Netsize_Ha": 28677.9479331, "Indicator": "Area under improved rainwater harvesting", "Benefi_pop": 4790.0, "Perct_NDVI": 0.0, "parent_micro_name": "UGBOKPO" }, "geometry": { "type": "MultiPolygon", "coordinates": [ [ [ [ 7.971351743469826, 7.423250284534539, 0.0 ], [ 7.939856217318907, 7.360719549861892, 0.0 ], [ 8.090133115917771, 7.36894720459526, 0.0 ], [ 8.084847900256536, 7.345334657140638, 0.0 ], [ 8.049257961342425, 7.342867621682829, 0.0 ], [ 8.025076760034118, 7.330012981563502, 0.0 ], [ 7.950888230350367, 7.349695900180771, 0.0 ], [ 7.940103854578711, 7.348952654418445, 0.0 ], [ 7.904286671161547, 7.35202530191287, 0.0 ], [ 7.889630244512139, 7.346964071520896, 0.0 ], [ 7.811622459932692, 7.370585360338413, 0.0 ], [ 7.816822286250666, 7.387690289001188, 0.0 ], [ 7.910321098090559, 7.382185276523777, 0.0 ], [ 7.961890722254787, 7.470609423497005, 0.0 ], [ 8.070470695746762, 7.485927669836893, 0.0 ], [ 8.068358389476787, 7.464385680358331, 0.0 ], [ 7.971351743469826, 7.423250284534539, 0.0 ] ] ], [ [ [ 7.79666287492376, 7.502040818451896, 0.0 ], [ 7.792110940581193, 7.500057395811033, 0.0 ], [ 7.777367101622081, 7.50304885125378, 0.0 ], [ 7.761092428365405, 7.510128908980056, 0.0 ], [ 7.757880286240423, 7.517851883732882, 0.0 ], [ 7.772767217260865, 7.518196995885823, 0.0 ], [ 7.79666287492376, 7.502040818451896, 0.0 ] ] ], [ [ [ 7.938549614956115, 7.573256859648191, 0.0 ], [ 7.884441366693039, 7.515093400085177, 0.0 ], [ 7.868509780419472, 7.532999423369388, 0.0 ], [ 7.92561970860845, 7.589377548302956, 0.0 ], [ 7.938549614956115, 7.573256859648191, 0.0 ] ] ], [ [ [ 8.015086057097591, 7.662875273088482, 0.0 ], [ 8.016093034746195, 7.615914837727479, 0.0 ], [ 7.987298861680431, 7.621531834898929, 0.0 ], [ 7.976459743095631, 7.640949294924485, 0.0 ], [ 8.015086057097591, 7.662875273088482, 0.0 ] ] ], [ [ [ 7.899016415241282, 7.669874914716147, 0.0 ], [ 7.879622612126965, 7.615372795869975, 0.0 ], [ 7.855900993721421, 7.621526953622457, 0.0 ], [ 7.804532276695993, 7.624117143752026, 0.0 ], [ 7.805139401164936, 7.569387315093479, 0.0 ], [ 7.84480920759219, 7.56418780819776, 0.0 ], [ 7.850087213821771, 7.579211478723608, 0.0 ], [ 7.855400793865766, 7.580893232062229, 0.0 ], [ 7.852728067558734, 7.563950470498893, 0.0 ], [ 7.850700216972403, 7.559996865352504, 0.0 ], [ 7.803814640659556, 7.561904782208711, 0.0 ], [ 7.79950495750497, 7.559500097112318, 0.0 ], [ 7.784822705999059, 7.579080689869957, 0.0 ], [ 7.788547965809524, 7.584690307963417, 0.0 ], [ 7.794372227316249, 7.628734697044367, 0.0 ], [ 7.84347163451122, 7.640151180146777, 0.0 ], [ 7.857720185757781, 7.693430759657879, 0.0 ], [ 7.87256159235115, 7.750301150981501, 0.0 ], [ 7.891951696346662, 7.754711279871993, 0.0 ], [ 7.895855036330256, 7.729835202646792, 0.0 ], [ 7.899016415241282, 7.669874914716147, 0.0 ] ] ] ] } },
{ "type": "Feature", "properties": { "OBJECTID": 141, "ActivityID": "BEN0001", "Stra_Catch": "Shemankar-Katsina-Ala", "Micr_Catch": "Makurdi", "State": "Benue", "LGA": "Makurdi", "Site_Name": "TSE_YOGBO", "Interv_Typ": "Afforestation (Orchard)", "Component": "A - Dryland Management", "Comments": null, "Implemnter": "Benue_ACReSAL", "Start_Date": "2024-08-02T00:00:00", "End_Date": "2024/10/24", "No_Trees_P": 7484, "Sub_compon": "A2-1", "Lon": 8.6951770754400002, "Lat": 7.7073116688800001, "Female_pop": 81, "Buffer_Mtr": 0, "Area_Impac": 60.843401315100003, "Male_pop": 78, "Area_Intev": 60.843401315100003, "Netsize_Ha": 60.843401315100003, "Indicator": "Area under improved catchment management", "Benefi_pop": 159.0, "Perct_NDVI": 0.0, "parent_micro_name": "YOGBO" }, "geometry": { "type": "Polygon", "coordinates": [ [ [ 8.689683549023695, 7.708644596427855, 0.0 ], [ 8.690559863112659, 7.708788279647029, 0.0 ], [ 8.690540847517466, 7.708823150072402, 0.0 ], [ 8.690920685256062, 7.708998596038578, 0.0 ], [ 8.690844722782716, 7.709124189332701, 0.0 ], [ 8.690738064521078, 7.709392783265699, 0.0 ], [ 8.690998740408228, 7.709494652512189, 0.0 ], [ 8.691030170743405, 7.709421455075773, 0.0 ], [ 8.691292265019248, 7.709456925395997, 0.0 ], [ 8.691652448707524, 7.709604730551169, 0.0 ], [ 8.691909137472807, 7.708967120704084, 0.0 ], [ 8.692646656325808, 7.70919070953656, 0.0 ], [ 8.692501554316939, 7.709569807575545, 0.0 ], [ 8.693201488839241, 7.709737347585436, 0.0 ], [ 8.693170967141647, 7.710051470523646, 0.0 ], [ 8.693172134426669, 7.710095222889359, 0.0 ], [ 8.694459832886718, 7.710429856902961, 0.0 ], [ 8.694555684504849, 7.710643134427245, 0.0 ], [ 8.694891997365142, 7.711172606082282, 0.0 ], [ 8.694934361269368, 7.711269351334702, 0.0 ], [ 8.696250498569253, 7.711455467871541, 0.0 ], [ 8.696631140973567, 7.711534145583352, 0.0 ], [ 8.697176562179466, 7.710169528502722, 0.0 ], [ 8.697313738741975, 7.709043362397463, 0.0 ], [ 8.697386065268734, 7.70825582051567, 0.0 ], [ 8.698063814862328, 7.708451636830472, 0.0 ], [ 8.698141530720889, 7.70827225128008, 0.0 ], [ 8.69931291348894, 7.70856184941539, 0.0 ], [ 8.699740818639873, 7.708710971727776, 0.0 ], [ 8.699794199521408, 7.708681265549775, 0.0 ], [ 8.700031080979597, 7.707782319274179, 0.0 ], [ 8.700331000306567, 7.707864678304531, 0.0 ], [ 8.700666609094034, 7.707032555977723, 0.0 ], [ 8.69873677895259, 7.707018563514337, 0.0 ], [ 8.69879458352642, 7.706658438972696, 0.0 ], [ 8.698846832547488, 7.706019094908205, 0.0 ], [ 8.698981254436617, 7.705416884500788, 0.0 ], [ 8.699048093517273, 7.704856853935749, 0.0 ], [ 8.699159782976247, 7.70458903817822, 0.0 ], [ 8.69901822194328, 7.704071968724057, 0.0 ], [ 8.698869895965329, 7.703404234334596, 0.0 ], [ 8.695948701914181, 7.703669286763811, 0.0 ], [ 8.694649866779365, 7.703875586875114, 0.0 ], [ 8.694121388144332, 7.70386132680271, 0.0 ], [ 8.693785904851946, 7.704164161229597, 0.0 ], [ 8.693507262046415, 7.704192744044275, 0.0 ], [ 8.693231079465656, 7.704219893812752, 0.0 ], [ 8.692328150343563, 7.704227979841971, 0.0 ], [ 8.692403689333876, 7.705061949160993, 0.0 ], [ 8.692256455421175, 7.705548443565676, 0.0 ], [ 8.692168320318098, 7.705977791668006, 0.0 ], [ 8.692107629214666, 7.706590475743675, 0.0 ], [ 8.691734401100868, 7.706587754134564, 0.0 ], [ 8.691839781610225, 7.706719923080669, 0.0 ], [ 8.691406893409658, 7.707155358286815, 0.0 ], [ 8.691137328574086, 7.707091010202074, 0.0 ], [ 8.691077575190233, 7.706925651498405, 0.0 ], [ 8.69090117005881, 7.706773203458389, 0.0 ], [ 8.690767973924773, 7.706634605437492, 0.0 ], [ 8.690389173333964, 7.706628436799237, 0.0 ], [ 8.690407346494371, 7.706409956438812, 0.0 ], [ 8.689749459470804, 7.706397078964132, 0.0 ], [ 8.689784097828452, 7.70725724642427, 0.0 ], [ 8.689683549023695, 7.708644596427855, 0.0 ] ] ] } },
{ "type": "Feature", "properties": { "OBJECTID": 144, "ActivityID": "BEN0001", "Stra_Catch": "Shemankar-Katsina-Ala", "Micr_Catch": "Agundu", "State": "Benue", "LGA": "Gboko", "Site_Name": "Mbaatai_Coperative", "Interv_Typ": "Afforestation (Orchard)", "Component": "A - Dryland Management", "Comments": null, "Implemnter": "Benue_ACReSAL", "Start_Date": "2024-08-02T00:00:00", "End_Date": "2024/10/24", "No_Trees_P": 12058, "Sub_compon": "A2-1", "Lon": 8.7557259989599991, "Lat": 7.4206376927699997, "Female_pop": 74, "Buffer_Mtr": 0, "Area_Impac": 98.031025588999995, "Male_pop": 80, "Area_Intev": 98.031025588999995, "Netsize_Ha": 98.031025588999995, "Indicator": "Area under improved catchment management", "Benefi_pop": 154.0, "Perct_NDVI": 0.0, "parent_micro_name": "MBATIAV" }, "geometry": { "type": "Polygon", "coordinates": [ [ [ 8.760674095088262, 7.416976613798574, 0.0 ], [ 8.757180728342595, 7.41547689220701, 0.0 ], [ 8.757100497544519, 7.415631996987496, 0.0 ], [ 8.756964545496629, 7.415550962602553, 0.0 ], [ 8.756909885020825, 7.41562133195749, 0.0 ], [ 8.756528697557437, 7.415231476287721, 0.0 ], [ 8.75601488532768, 7.415936576379977, 0.0 ], [ 8.755406354213584, 7.415674005764351, 0.0 ], [ 8.755582850512676, 7.415387970386356, 0.0 ], [ 8.75519387165378, 7.415151444238675, 0.0 ], [ 8.755245397498381, 7.414979903325619, 0.0 ], [ 8.754858961256183, 7.414746290114493, 0.0 ], [ 8.75459379008238, 7.415225235963482, 0.0 ], [ 8.753909891927561, 7.414732191100374, 0.0 ], [ 8.753566276862273, 7.415220777238853, 0.0 ], [ 8.753258342067291, 7.415994940834431, 0.0 ], [ 8.752845519029, 7.417042222025782, 0.0 ], [ 8.752736585040378, 7.417002944655724, 0.0 ], [ 8.752145661601189, 7.41804823724301, 0.0 ], [ 8.752488999364026, 7.418246085584788, 0.0 ], [ 8.752195052357747, 7.418830464197703, 0.0 ], [ 8.752710997322435, 7.418977441382612, 0.0 ], [ 8.752436217301661, 7.419866428110038, 0.0 ], [ 8.752224719766351, 7.419826404176744, 0.0 ], [ 8.75213839614432, 7.420073223593151, 0.0 ], [ 8.751897360153926, 7.421122886944973, 0.0 ], [ 8.751932805368954, 7.421140983690343, 0.0 ], [ 8.75175253623123, 7.421650249973471, 0.0 ], [ 8.751596059792156, 7.421580188495252, 0.0 ], [ 8.751440018376266, 7.421921768752767, 0.0 ], [ 8.751321853299547, 7.422010490852657, 0.0 ], [ 8.75089761330263, 7.422841758811982, 0.0 ], [ 8.75062631852647, 7.423399614102692, 0.0 ], [ 8.750274509205711, 7.424006469795265, 0.0 ], [ 8.750036113976131, 7.424312272589398, 0.0 ], [ 8.749380871110361, 7.42506080245108, 0.0 ], [ 8.750219111178684, 7.426087932265907, 0.0 ], [ 8.750411860691804, 7.426375800126431, 0.0 ], [ 8.750770262777513, 7.426441403723048, 0.0 ], [ 8.751120754737565, 7.426614708999384, 0.0 ], [ 8.751468523946246, 7.426185947907375, 0.0 ], [ 8.751810015575456, 7.426443029909121, 0.0 ], [ 8.751989747046391, 7.42645857768545, 0.0 ], [ 8.752726276075842, 7.426033181316678, 0.0 ], [ 8.753329042043321, 7.425286790958848, 0.0 ], [ 8.752836732971426, 7.424913829306468, 0.0 ], [ 8.753245078399893, 7.424025550019514, 0.0 ], [ 8.75361752252943, 7.423559049376681, 0.0 ], [ 8.754403544608543, 7.424158697267542, 0.0 ], [ 8.754877480306622, 7.424337731340236, 0.0 ], [ 8.755132754011834, 7.424451488138442, 0.0 ], [ 8.755635076725746, 7.424691029393278, 0.0 ], [ 8.75640372809867, 7.424997134412773, 0.0 ], [ 8.756887964651725, 7.425194408203543, 0.0 ], [ 8.757710305792362, 7.425576502714113, 0.0 ], [ 8.75838746687586, 7.425865732139474, 0.0 ], [ 8.758459452880997, 7.425678617198906, 0.0 ], [ 8.75865495633575, 7.425197010939469, 0.0 ], [ 8.758837765525302, 7.424486764423147, 0.0 ], [ 8.758778566818492, 7.424465603289662, 0.0 ], [ 8.758977454394147, 7.423938448048625, 0.0 ], [ 8.759049688580198, 7.423152807714483, 0.0 ], [ 8.759316496987953, 7.422678264623074, 0.0 ], [ 8.759557800613011, 7.421916400089991, 0.0 ], [ 8.759668573439448, 7.421379515094117, 0.0 ], [ 8.75989902980905, 7.421358749482271, 0.0 ], [ 8.759910869921491, 7.421060330313035, 0.0 ], [ 8.75984311836182, 7.420548774468316, 0.0 ], [ 8.759898080058754, 7.420148802374939, 0.0 ], [ 8.760340319059811, 7.419953314259163, 0.0 ], [ 8.760604997089319, 7.41974052693709, 0.0 ], [ 8.761288330523008, 7.418685210693583, 0.0 ], [ 8.76152435174906, 7.418241184231942, 0.0 ], [ 8.761757938171286, 7.418296400639439, 0.0 ], [ 8.76201812029395, 7.418015167341095, 0.0 ], [ 8.762130829482684, 7.417651599520829, 0.0 ], [ 8.762055379100319, 7.417432477147234, 0.0 ], [ 8.760580917683294, 7.417233531819262, 0.0 ], [ 8.760674095088262, 7.416976613798574, 0.0 ] ] ] } },
{ "type": "Feature", "properties": { "OBJECTID": 145, "ActivityID": "BEN0001", "Stra_Catch": "Shemankar-Katsina-Ala", "Micr_Catch": "Agundu", "State": "Benue", "LGA": "Gboko", "Site_Name": "Tange_Coperative", "Interv_Typ": "Afforestation (Orchard)", "Component": "A - Dryland Management", "Comments": null, "Implemnter": "Benue_ACReSAL", "Start_Date": "2024-08-02T00:00:00", "End_Date": "2024/10/24", "No_Trees_P": 6320, "Sub_compon": "A2-1", "Lon": 8.7839086484000006, "Lat": 7.4038816236900002, "Female_pop": 74, "Buffer_Mtr": 0, "Area_Impac": 51.384932109200001, "Male_pop": 92, "Area_Intev": 51.384932109200001, "Netsize_Ha": 51.384932109200001, "Indicator": "Area under improved catchment management", "Benefi_pop": 166.0, "Perct_NDVI": 0.0, "parent_micro_name": "MBATIAV" }, "geometry": { "type": "Polygon", "coordinates": [ [ [ 8.788729482233627, 7.403808378168864, 0.0 ], [ 8.788473239231198, 7.403807651392837, 0.0 ], [ 8.787866181560391, 7.403811349148227, 0.0 ], [ 8.787862742506848, 7.40378316820607, 0.0 ], [ 8.787818560041691, 7.40378347099888, 0.0 ], [ 8.787788956261135, 7.403753116563051, 0.0 ], [ 8.787757384994061, 7.403562075290547, 0.0 ], [ 8.787705211390669, 7.403557788072323, 0.0 ], [ 8.787617923351728, 7.403010408339278, 0.0 ], [ 8.786556356562505, 7.403180999398219, 0.0 ], [ 8.785805492775358, 7.403348413104792, 0.0 ], [ 8.785635772020209, 7.402804272484047, 0.0 ], [ 8.786391108385889, 7.402620574317107, 0.0 ], [ 8.786238215015864, 7.401870727257571, 0.0 ], [ 8.786140396714018, 7.401153929873438, 0.0 ], [ 8.785442157501334, 7.401231245578525, 0.0 ], [ 8.785366658819177, 7.400903905234363, 0.0 ], [ 8.785280681093377, 7.400605151616087, 0.0 ], [ 8.785342196421746, 7.400304888761465, 0.0 ], [ 8.784891038708727, 7.40015897773259, 0.0 ], [ 8.784579402886925, 7.400715173937835, 0.0 ], [ 8.783610069679204, 7.400072779392893, 0.0 ], [ 8.78311685543072, 7.400098432162828, 0.0 ], [ 8.783108320985129, 7.400113629381242, 0.0 ], [ 8.78249928473082, 7.401198118849212, 0.0 ], [ 8.781945471881381, 7.400804979807751, 0.0 ], [ 8.781712486836293, 7.401214841393022, 0.0 ], [ 8.781575977496217, 7.40113485807588, 0.0 ], [ 8.781422099776714, 7.401393379578914, 0.0 ], [ 8.780830099647369, 7.401054106829573, 0.0 ], [ 8.780509057183417, 7.401622065693663, 0.0 ], [ 8.77981646110881, 7.401337438024408, 0.0 ], [ 8.780283762904794, 7.400511968891841, 0.0 ], [ 8.77972885964895, 7.400128870113803, 0.0 ], [ 8.778988034473985, 7.401283281695737, 0.0 ], [ 8.7785525279363, 7.401852453201174, 0.0 ], [ 8.77958460299946, 7.403303912624207, 0.0 ], [ 8.779832304148258, 7.402860326176273, 0.0 ], [ 8.780471926851895, 7.403315349523497, 0.0 ], [ 8.780319683491577, 7.403557106010175, 0.0 ], [ 8.780843397839593, 7.403913519229912, 0.0 ], [ 8.781362285937956, 7.404328609204235, 0.0 ], [ 8.781151448245941, 7.404534130718199, 0.0 ], [ 8.781531008930841, 7.404953408950398, 0.0 ], [ 8.781589511153804, 7.404906541811625, 0.0 ], [ 8.781768773553699, 7.4050558437079, 0.0 ], [ 8.782114677560864, 7.405298931023006, 0.0 ], [ 8.782432759338938, 7.405649731119055, 0.0 ], [ 8.782673662909213, 7.405307568764066, 0.0 ], [ 8.783327003215446, 7.406078589723446, 0.0 ], [ 8.783209303048379, 7.406451965053058, 0.0 ], [ 8.78379913305924, 7.406857658449959, 0.0 ], [ 8.783961135572948, 7.407123367993468, 0.0 ], [ 8.784167406413964, 7.407407115346464, 0.0 ], [ 8.784438752172191, 7.408028521889853, 0.0 ], [ 8.784685020779778, 7.407752308146641, 0.0 ], [ 8.784792369466496, 7.407618498457222, 0.0 ], [ 8.78573835963816, 7.407078057359511, 0.0 ], [ 8.786342786390701, 7.406619306235451, 0.0 ], [ 8.786667901141765, 7.406600121423049, 0.0 ], [ 8.787146850407295, 7.406596711540973, 0.0 ], [ 8.7874020868156, 7.406513400069544, 0.0 ], [ 8.788764703845887, 7.406681990980482, 0.0 ], [ 8.788775329936895, 7.406683419821752, 0.0 ], [ 8.788838802711597, 7.405728814530405, 0.0 ], [ 8.788755942274623, 7.404214413516579, 0.0 ], [ 8.788729482233627, 7.403808378168864, 0.0 ] ] ] } },
{ "type": "Feature", "properties": { "OBJECTID": 146, "ActivityID": "BEN0001", "Stra_Catch": "Shemankar-Katsina-Ala", "Micr_Catch": "Agundu", "State": "Benue", "LGA": "Gboko", "Site_Name": "Kai_Maurice", "Interv_Typ": "Afforestation (Orchard)", "Component": "A - Dryland Management", "Comments": null, "Implemnter": "Benue_ACReSAL", "Start_Date": "2024-08-02T00:00:00", "End_Date": "2024/10/24", "No_Trees_P": 2774, "Sub_compon": "A2-1", "Lon": 8.7858799983499996, "Lat": 7.4005573933199997, "Female_pop": 72, "Buffer_Mtr": 0, "Area_Impac": 22.551936188300001, "Male_pop": 47, "Area_Intev": 22.551936188300001, "Netsize_Ha": 22.551936188300001, "Indicator": "Area under improved catchment management", "Benefi_pop": 119.0, "Perct_NDVI": 0.0, "parent_micro_name": "MBATIAV" }, "geometry": { "type": "Polygon", "coordinates": [ [ [ 8.787559183693228, 7.398214180199812, 0.0 ], [ 8.787150283314666, 7.39828601460251, 0.0 ], [ 8.787127533572733, 7.398313589647381, 0.0 ], [ 8.787128322537463, 7.398333129741425, 0.0 ], [ 8.786078790776834, 7.39841513985962, 0.0 ], [ 8.78588295154189, 7.398423137246695, 0.0 ], [ 8.785262073906043, 7.398489241570464, 0.0 ], [ 8.785279763910221, 7.398213913880668, 0.0 ], [ 8.785289957701881, 7.397840085259332, 0.0 ], [ 8.784876766754172, 7.397788283688127, 0.0 ], [ 8.784658515145317, 7.397767511494309, 0.0 ], [ 8.784034604578958, 7.397768149513564, 0.0 ], [ 8.784047555151639, 7.397917852917644, 0.0 ], [ 8.784053169893911, 7.39798275343061, 0.0 ], [ 8.78346385735796, 7.398144813336779, 0.0 ], [ 8.782718660135471, 7.398243632772248, 0.0 ], [ 8.782747981080073, 7.400112247153885, 0.0 ], [ 8.783108320985129, 7.400113629381242, 0.0 ], [ 8.78311685543072, 7.400098432162828, 0.0 ], [ 8.783610069679204, 7.400072779392893, 0.0 ], [ 8.784579402886925, 7.400715173937835, 0.0 ], [ 8.784891038708727, 7.40015897773259, 0.0 ], [ 8.785342196421746, 7.400304888761465, 0.0 ], [ 8.785280681093377, 7.400605151616087, 0.0 ], [ 8.785366658819177, 7.400903905234363, 0.0 ], [ 8.785442157501334, 7.401231245578525, 0.0 ], [ 8.786140396714018, 7.401153929873438, 0.0 ], [ 8.786238215015864, 7.401870727257571, 0.0 ], [ 8.786391108385889, 7.402620574317107, 0.0 ], [ 8.785635772020209, 7.402804272484047, 0.0 ], [ 8.785805492775358, 7.403348413104792, 0.0 ], [ 8.786556356562505, 7.403180999398219, 0.0 ], [ 8.787617923351728, 7.403010408339278, 0.0 ], [ 8.787705211390669, 7.403557788072323, 0.0 ], [ 8.787757384994061, 7.403562075290547, 0.0 ], [ 8.787788956261135, 7.403753116563051, 0.0 ], [ 8.787818560041691, 7.40378347099888, 0.0 ], [ 8.787862742506848, 7.40378316820607, 0.0 ], [ 8.787866181560391, 7.403811349148227, 0.0 ], [ 8.788473239231198, 7.403807651392837, 0.0 ], [ 8.788729482233627, 7.403808378168864, 0.0 ], [ 8.788665236056408, 7.403228430381519, 0.0 ], [ 8.788524665845936, 7.40254399512392, 0.0 ], [ 8.788317740033708, 7.401547651776554, 0.0 ], [ 8.788055819235426, 7.400337948184888, 0.0 ], [ 8.787898696569997, 7.3996447747708, 0.0 ], [ 8.787766176604064, 7.399004938590969, 0.0 ], [ 8.787559183693228, 7.398214180199812, 0.0 ] ] ] } },
{ "type": "Feature", "properties": { "OBJECTID": 147, "ActivityID": "BEN0001", "Stra_Catch": "Shemankar-Katsina-Ala", "Micr_Catch": "Agundu", "State": "Benue", "LGA": "Gboko", "Site_Name": "Mbaember_Coperative", "Interv_Typ": "Afforestation (Orchard)", "Component": "A - Dryland Management", "Comments": null, "Implemnter": "Benue_ACReSAL", "Start_Date": "2024-08-02T00:00:00", "End_Date": "2024/10/24", "No_Trees_P": 14431, "Sub_compon": "A2-1", "Lon": 8.7829340043599995, "Lat": 7.3910209824999997, "Female_pop": 46, "Buffer_Mtr": 0, "Area_Impac": 117.326356516, "Male_pop": 31, "Area_Intev": 117.326356516, "Netsize_Ha": 117.326356516, "Indicator": "Area under improved catchment management", "Benefi_pop": 77.0, "Perct_NDVI": 0.0, "parent_micro_name": "MBATIAV" }, "geometry": { "type": "Polygon", "coordinates": [ [ [ 8.782718660135471, 7.398243632772248, 0.0 ], [ 8.78346385735796, 7.398144813336779, 0.0 ], [ 8.784053169893911, 7.39798275343061, 0.0 ], [ 8.784047555151639, 7.397917852917644, 0.0 ], [ 8.784034604578958, 7.397768149513564, 0.0 ], [ 8.784658515145317, 7.397767511494309, 0.0 ], [ 8.784876766754172, 7.397788283688127, 0.0 ], [ 8.785289957701881, 7.397840085259332, 0.0 ], [ 8.785279763910221, 7.398213913880668, 0.0 ], [ 8.785262073906043, 7.398489241570464, 0.0 ], [ 8.78588295154189, 7.398423137246695, 0.0 ], [ 8.786078790776834, 7.39841513985962, 0.0 ], [ 8.787128322537463, 7.398333129741425, 0.0 ], [ 8.787127533572733, 7.398313589647381, 0.0 ], [ 8.787150283314666, 7.39828601460251, 0.0 ], [ 8.787559183693228, 7.398214180199812, 0.0 ], [ 8.787282320750458, 7.396890355054606, 0.0 ], [ 8.787070213980449, 7.395671076106178, 0.0 ], [ 8.786873245971679, 7.394405668229386, 0.0 ], [ 8.786899816463656, 7.393382770524871, 0.0 ], [ 8.786911786317203, 7.390650025607957, 0.0 ], [ 8.786409545201098, 7.388948446401686, 0.0 ], [ 8.785898347754145, 7.387220695671393, 0.0 ], [ 8.785714117828045, 7.385894146551266, 0.0 ], [ 8.785535528912703, 7.384788957690251, 0.0 ], [ 8.785485256895404, 7.382908253958592, 0.0 ], [ 8.784875065910864, 7.383447224761738, 0.0 ], [ 8.784787461412503, 7.383572018446129, 0.0 ], [ 8.784679550558314, 7.383722767245353, 0.0 ], [ 8.783582021960191, 7.383181801086611, 0.0 ], [ 8.783328533608069, 7.383311768741684, 0.0 ], [ 8.78291068260307, 7.384023412996213, 0.0 ], [ 8.782382418821015, 7.384295501697943, 0.0 ], [ 8.782288300863112, 7.384633737000228, 0.0 ], [ 8.781526989685736, 7.385361986670056, 0.0 ], [ 8.781361189623878, 7.385745220007977, 0.0 ], [ 8.781001937651528, 7.385830873616038, 0.0 ], [ 8.780543707513672, 7.385976706688202, 0.0 ], [ 8.78011079759024, 7.3858267313841, 0.0 ], [ 8.779670505234721, 7.385683135608621, 0.0 ], [ 8.779215182806988, 7.38623220100789, 0.0 ], [ 8.779062090182324, 7.386593028857049, 0.0 ], [ 8.778950446418122, 7.38655345815112, 0.0 ], [ 8.778406551672388, 7.386822253328721, 0.0 ], [ 8.778181072981933, 7.387250441136621, 0.0 ], [ 8.777787614586893, 7.387110550187657, 0.0 ], [ 8.777880871374132, 7.387465133747048, 0.0 ], [ 8.778129021361147, 7.387755982902152, 0.0 ], [ 8.77974703424084, 7.389662798036195, 0.0 ], [ 8.779865752465554, 7.390027699586518, 0.0 ], [ 8.780155180773612, 7.390392355076646, 0.0 ], [ 8.780074130027375, 7.390525287597391, 0.0 ], [ 8.779816017059698, 7.391207587615401, 0.0 ], [ 8.779997055970687, 7.391290707820042, 0.0 ], [ 8.779981949152393, 7.391350163481715, 0.0 ], [ 8.779803696034445, 7.391802469534696, 0.0 ], [ 8.779782882492075, 7.392613233892072, 0.0 ], [ 8.779626580428944, 7.39363337736069, 0.0 ], [ 8.779825370061319, 7.394453507518731, 0.0 ], [ 8.779730206295042, 7.394823485722029, 0.0 ], [ 8.779572143368174, 7.395672045802989, 0.0 ], [ 8.779470127153385, 7.395645001052534, 0.0 ], [ 8.779190259092838, 7.39618782060589, 0.0 ], [ 8.780280547374472, 7.396988577344485, 0.0 ], [ 8.780117100279609, 7.397117487246842, 0.0 ], [ 8.780297638413362, 7.397241510173065, 0.0 ], [ 8.780427078824335, 7.397230569799294, 0.0 ], [ 8.78089313597844, 7.397436371765052, 0.0 ], [ 8.780659415928465, 7.39782809490377, 0.0 ], [ 8.781208005581481, 7.398141700004119, 0.0 ], [ 8.781233288158983, 7.398053889100672, 0.0 ], [ 8.781461874446434, 7.398153919604884, 0.0 ], [ 8.78171455436963, 7.397550391993802, 0.0 ], [ 8.781808044409626, 7.397416496528871, 0.0 ], [ 8.782209628914156, 7.397533925746936, 0.0 ], [ 8.782346330923339, 7.397951070967198, 0.0 ], [ 8.782489578779915, 7.397965861932615, 0.0 ], [ 8.782482915144735, 7.398015257489365, 0.0 ], [ 8.782730413264208, 7.398130210297304, 0.0 ], [ 8.782718660135471, 7.398243632772248, 0.0 ] ] ] } },
{ "type": "Feature", "properties": { "OBJECTID": 157, "ActivityID": "BEN0001", "Stra_Catch": "Shemankar-Katsina-Ala", "Micr_Catch": "Agundu", "State": "Benue", "LGA": "Gboko", "Site_Name": "ZAKI_JAMES_SHIOR", "Interv_Typ": "Afforestation (Orchard)", "Component": "A - Dryland Management", "Comments": null, "Implemnter": "Benue_ACReSAL", "Start_Date": "2024-08-02T00:00:00", "End_Date": "2024/02/10", "No_Trees_P": 1136, "Sub_compon": "A2-1", "Lon": 8.7818395684600006, "Lat": 7.4100658598600004, "Female_pop": 81, "Buffer_Mtr": 0, "Area_Impac": 9.2339221473799995, "Male_pop": 47, "Area_Intev": 9.2339221473799995, "Netsize_Ha": 9.2339221473799995, "Indicator": "Area under improved catchment management", "Benefi_pop": 128.0, "Perct_NDVI": 0.0, "parent_micro_name": "MBATIAV" }, "geometry": { "type": "Polygon", "coordinates": [ [ [ 8.783965677483605, 7.41124758828548, 0.0 ], [ 8.784157456738118, 7.410367494681277, 0.0 ], [ 8.784260156671978, 7.410159012127801, 0.0 ], [ 8.783596253697334, 7.409627479625849, 0.0 ], [ 8.783160219444023, 7.409341042104151, 0.0 ], [ 8.782919576586593, 7.409185528943396, 0.0 ], [ 8.782833324051715, 7.409300411182533, 0.0 ], [ 8.782550551308619, 7.409129490465469, 0.0 ], [ 8.782095085513669, 7.408943712468182, 0.0 ], [ 8.781892351198129, 7.40929954492022, 0.0 ], [ 8.781732994153383, 7.409640011737764, 0.0 ], [ 8.781244047749412, 7.409245893085266, 0.0 ], [ 8.781251709105751, 7.409164096234568, 0.0 ], [ 8.77995628474102, 7.408610944014009, 0.0 ], [ 8.779657988339512, 7.409247336896894, 0.0 ], [ 8.779618867835275, 7.40923013876805, 0.0 ], [ 8.779299217926612, 7.409908673928774, 0.0 ], [ 8.779954853159639, 7.41025434584053, 0.0 ], [ 8.78079207339729, 7.410687362386558, 0.0 ], [ 8.782561560141902, 7.410943365567118, 0.0 ], [ 8.783294623779115, 7.411457068859884, 0.0 ], [ 8.783447552018897, 7.41156893960238, 0.0 ], [ 8.783965677483605, 7.41124758828548, 0.0 ] ] ] } },
{ "type": "Feature", "properties": { "OBJECTID": 158, "ActivityID": "BEN0001", "Stra_Catch": "Shemankar-Katsina-Ala", "Micr_Catch": "Agundu", "State": "Benue", "LGA": "Gboko", "Site_Name": "ZAKI_MBATIAV", "Interv_Typ": "Afforestation (Orchard)", "Component": "A - Dryland Management", "Comments": null, "Implemnter": "Benue_ACReSAL", "Start_Date": "2024-08-02T00:00:00", "End_Date": "2024/02/10", "No_Trees_P": 770, "Sub_compon": "A2-1", "Lon": 8.7603406669700004, "Lat": 7.4307356163099998, "Female_pop": 91, "Buffer_Mtr": 0, "Area_Impac": 6.2598225852100002, "Male_pop": 33, "Area_Intev": 6.2598225852100002, "Netsize_Ha": 6.2598225852100002, "Indicator": "Area under improved catchment management", "Benefi_pop": 124.0, "Perct_NDVI": 0.0, "parent_micro_name": "MBATIAV" }, "geometry": { "type": "Polygon", "coordinates": [ [ [ 8.76015927318825, 7.432528708940437, 0.0 ], [ 8.760414046135686, 7.432089464457123, 0.0 ], [ 8.760054814034422, 7.431863591493103, 0.0 ], [ 8.760331318175476, 7.431305397655762, 0.0 ], [ 8.760495241542229, 7.431151063998807, 0.0 ], [ 8.760834414356657, 7.43066741047321, 0.0 ], [ 8.761005446895142, 7.430482458877414, 0.0 ], [ 8.761392605066026, 7.429713317991833, 0.0 ], [ 8.761792146018093, 7.42904737057317, 0.0 ], [ 8.761283445924827, 7.428747408142833, 0.0 ], [ 8.760792009545264, 7.428419937373518, 0.0 ], [ 8.760467565919072, 7.428849317370624, 0.0 ], [ 8.760265888762142, 7.428628303030447, 0.0 ], [ 8.760005801137257, 7.429030474426161, 0.0 ], [ 8.760399543892238, 7.42923406831882, 0.0 ], [ 8.759914387200068, 7.430109713868069, 0.0 ], [ 8.759828196349494, 7.430110815141613, 0.0 ], [ 8.759622504591448, 7.430866429117921, 0.0 ], [ 8.759375403580536, 7.430771389370267, 0.0 ], [ 8.759106305565846, 7.431312300254337, 0.0 ], [ 8.75946867306982, 7.431496723666629, 0.0 ], [ 8.759368784248052, 7.43155787102376, 0.0 ], [ 8.759076183633168, 7.432090305033673, 0.0 ], [ 8.759349496222827, 7.432281869732017, 0.0 ], [ 8.759032944035432, 7.432808110656523, 0.0 ], [ 8.759376509568048, 7.432977069352786, 0.0 ], [ 8.759466865627651, 7.433046639192368, 0.0 ], [ 8.759735257272586, 7.433199763945392, 0.0 ], [ 8.76015927318825, 7.432528708940437, 0.0 ] ] ] } },
{ "type": "Feature", "properties": { "OBJECTID": 159, "ActivityID": "BEN0001", "Stra_Catch": "Shemankar-Katsina-Ala", "Micr_Catch": "Agundu", "State": "Benue", "LGA": "Gboko", "Site_Name": "MBANUE", "Interv_Typ": "Afforestation (Orchard)", "Component": "A - Dryland Management", "Comments": null, "Implemnter": "Benue_ACReSAL", "Start_Date": "2024-08-02T00:00:00", "End_Date": "2024/02/10", "No_Trees_P": 32829, "Sub_compon": "A2-1", "Lon": 8.7449563134999995, "Lat": 7.4493410146599999, "Female_pop": 61, "Buffer_Mtr": 0, "Area_Impac": 266.89848112700003, "Male_pop": 48, "Area_Intev": 266.89848112700003, "Netsize_Ha": 266.89848112700003, "Indicator": "Area under improved catchment management", "Benefi_pop": 109.0, "Perct_NDVI": 0.0, "parent_micro_name": "MBATIAV" }, "geometry": { "type": "Polygon", "coordinates": [ [ [ 8.752679945697126, 7.452980623749279, 0.0 ], [ 8.752844004426988, 7.452389198767554, 0.0 ], [ 8.754194072122559, 7.450609285572733, 0.0 ], [ 8.753947474895746, 7.449670267698894, 0.0 ], [ 8.753817212482712, 7.44941912268825, 0.0 ], [ 8.753045906705694, 7.448952459419521, 0.0 ], [ 8.752289287438588, 7.448205385312469, 0.0 ], [ 8.751800178043158, 7.448043303682816, 0.0 ], [ 8.750958535091144, 7.448038298350463, 0.0 ], [ 8.750987461499365, 7.44763950670824, 0.0 ], [ 8.750869156556677, 7.447032392906757, 0.0 ], [ 8.750457682425704, 7.446303783055724, 0.0 ], [ 8.750588613892115, 7.44559066630997, 0.0 ], [ 8.750151586996198, 7.444858685843218, 0.0 ], [ 8.749591340542313, 7.443946761504755, 0.0 ], [ 8.749325217142871, 7.443631087794381, 0.0 ], [ 8.748953012650686, 7.443387294331788, 0.0 ], [ 8.748787477560194, 7.443067018755285, 0.0 ], [ 8.748344355350223, 7.442290238818074, 0.0 ], [ 8.748097640468592, 7.44196783637963, 0.0 ], [ 8.747429610804419, 7.441106784542363, 0.0 ], [ 8.746746886919523, 7.441205336884972, 0.0 ], [ 8.745735696764328, 7.440872653998145, 0.0 ], [ 8.744579363229393, 7.440478237869397, 0.0 ], [ 8.74339273612564, 7.440052523022241, 0.0 ], [ 8.742279192050926, 7.439624919920757, 0.0 ], [ 8.741097523174908, 7.439143524753543, 0.0 ], [ 8.73953188508788, 7.438580272712676, 0.0 ], [ 8.739137462331581, 7.438501913119476, 0.0 ], [ 8.739207193028784, 7.439430703265679, 0.0 ], [ 8.739367129987434, 7.44031623561196, 0.0 ], [ 8.739198105012896, 7.441484342984849, 0.0 ], [ 8.738806580147315, 7.442523654009863, 0.0 ], [ 8.738397148303616, 7.443574069358156, 0.0 ], [ 8.73775090820831, 7.444978610651897, 0.0 ], [ 8.736424529466914, 7.44640838205753, 0.0 ], [ 8.735939038845983, 7.446967398111813, 0.0 ], [ 8.736499280979249, 7.447707840551464, 0.0 ], [ 8.737422410182704, 7.449072986172497, 0.0 ], [ 8.7375378377975, 7.449276301412763, 0.0 ], [ 8.737709543400367, 7.449908236773292, 0.0 ], [ 8.737900571588558, 7.450432547888142, 0.0 ], [ 8.738075587681278, 7.450710670884938, 0.0 ], [ 8.739183861412918, 7.451538201252154, 0.0 ], [ 8.740120292459032, 7.453241930663567, 0.0 ], [ 8.740253377900185, 7.453519873541179, 0.0 ], [ 8.740595891067112, 7.454449989951363, 0.0 ], [ 8.7419067854117, 7.456361921935152, 0.0 ], [ 8.74239114298528, 7.45680130943617, 0.0 ], [ 8.742634312620957, 7.457055274092315, 0.0 ], [ 8.743410398449114, 7.459370752575825, 0.0 ], [ 8.74354594439785, 7.459398520082197, 0.0 ], [ 8.743670422980834, 7.459413535748322, 0.0 ], [ 8.745129632146153, 7.459712180738393, 0.0 ], [ 8.745809057724898, 7.460526721555657, 0.0 ], [ 8.752679945697126, 7.452980623749279, 0.0 ] ] ] } },
{ "type": "Feature", "properties": { "OBJECTID": 160, "ActivityID": "BEN0001", "Stra_Catch": "Shemankar-Katsina-Ala", "Micr_Catch": "Agundu", "State": "Benue", "LGA": "Gboko", "Site_Name": "AGBEREKGBE", "Interv_Typ": "Afforestation (Orchard)", "Component": "A - Dryland Management", "Comments": null, "Implemnter": "Benue_ACReSAL", "Start_Date": "2024-08-02T00:00:00", "End_Date": "2024/02/10", "No_Trees_P": 10090, "Sub_compon": "A2-1", "Lon": 8.7920207416499991, "Lat": 7.3950114926700001, "Female_pop": 67, "Buffer_Mtr": 0, "Area_Impac": 82.034979130599993, "Male_pop": 45, "Area_Intev": 82.034979130599993, "Netsize_Ha": 82.034979130599993, "Indicator": "Area under improved catchment management", "Benefi_pop": 112.0, "Perct_NDVI": 0.0, "parent_micro_name": "MBATIAV" }, "geometry": { "type": "Polygon", "coordinates": [ [ [ 8.793029889730013, 7.390705734510169, 0.0 ], [ 8.793018603271411, 7.390508019868556, 0.0 ], [ 8.791576130563612, 7.390441973849866, 0.0 ], [ 8.790603742756513, 7.390556996648647, 0.0 ], [ 8.790631978024461, 7.391234953702298, 0.0 ], [ 8.790355355288357, 7.391164023614373, 0.0 ], [ 8.789935711706155, 7.391148618515172, 0.0 ], [ 8.789298624681715, 7.391239521884444, 0.0 ], [ 8.788087848737531, 7.391023734668243, 0.0 ], [ 8.787666569974919, 7.391047870159416, 0.0 ], [ 8.787475497910304, 7.390884639993299, 0.0 ], [ 8.787475347202577, 7.391199933147488, 0.0 ], [ 8.787398636302225, 7.391220816705275, 0.0 ], [ 8.7874121620453, 7.391879090483563, 0.0 ], [ 8.786996599949481, 7.391945473499122, 0.0 ], [ 8.786922524513379, 7.394192023064883, 0.0 ], [ 8.787038412881065, 7.395210605222337, 0.0 ], [ 8.787484736481227, 7.39524680032954, 0.0 ], [ 8.787473139403906, 7.395680843259152, 0.0 ], [ 8.787140050194306, 7.395709789971606, 0.0 ], [ 8.787560392129574, 7.397860672983947, 0.0 ], [ 8.787665044365342, 7.398274736737052, 0.0 ], [ 8.787767905479024, 7.398804106649618, 0.0 ], [ 8.788536778635372, 7.398757447781603, 0.0 ], [ 8.788628122614998, 7.398607101037316, 0.0 ], [ 8.788692276857889, 7.398621089044443, 0.0 ], [ 8.789011015727443, 7.398076522300788, 0.0 ], [ 8.789454443664537, 7.397590664120671, 0.0 ], [ 8.78964055073906, 7.397742559538792, 0.0 ], [ 8.79010777264253, 7.397281406794229, 0.0 ], [ 8.790564704298367, 7.397763642514542, 0.0 ], [ 8.79065078429548, 7.397667362910616, 0.0 ], [ 8.791366163805098, 7.398243635720604, 0.0 ], [ 8.791414717861484, 7.398187585654729, 0.0 ], [ 8.791947651185524, 7.398599611702227, 0.0 ], [ 8.792348347870863, 7.39885691765248, 0.0 ], [ 8.792468854464506, 7.398914322926037, 0.0 ], [ 8.79246913408635, 7.398971381834141, 0.0 ], [ 8.792798292758912, 7.399175513916198, 0.0 ], [ 8.792626006057921, 7.399523562161608, 0.0 ], [ 8.792514113108263, 7.399705104400777, 0.0 ], [ 8.792976431011633, 7.400011698932387, 0.0 ], [ 8.792949808496004, 7.400053050061327, 0.0 ], [ 8.793593219208967, 7.400490132499735, 0.0 ], [ 8.794021338068104, 7.399782885125202, 0.0 ], [ 8.794225611927585, 7.399375100289451, 0.0 ], [ 8.793585939406292, 7.39908180088709, 0.0 ], [ 8.793544768016435, 7.398995599339557, 0.0 ], [ 8.793690482783139, 7.39858224346848, 0.0 ], [ 8.79403001592293, 7.398117207401159, 0.0 ], [ 8.794234772516891, 7.398214853151434, 0.0 ], [ 8.794574515863223, 7.397640256408173, 0.0 ], [ 8.794492910345332, 7.397595674803063, 0.0 ], [ 8.79460982944838, 7.397239436449866, 0.0 ], [ 8.794729787306014, 7.397111368583432, 0.0 ], [ 8.794915050356762, 7.396610129250519, 0.0 ], [ 8.795610846716666, 7.39594072932249, 0.0 ], [ 8.795805808575908, 7.395867593283746, 0.0 ], [ 8.796080684649732, 7.395608421675318, 0.0 ], [ 8.796364591576419, 7.395417560299803, 0.0 ], [ 8.796573285952952, 7.395967786590735, 0.0 ], [ 8.79749227673463, 7.39488565708081, 0.0 ], [ 8.796773251019502, 7.394306590813593, 0.0 ], [ 8.79592058138056, 7.394013451019208, 0.0 ], [ 8.795707180113842, 7.393370968244666, 0.0 ], [ 8.796360014976287, 7.393146418288297, 0.0 ], [ 8.796477694685374, 7.393240580404575, 0.0 ], [ 8.796762776524069, 7.393332174726134, 0.0 ], [ 8.797410053530974, 7.393504963586112, 0.0 ], [ 8.797563734119688, 7.392602352993745, 0.0 ], [ 8.797474679988447, 7.392589019834079, 0.0 ], [ 8.797502330607262, 7.391756811178752, 0.0 ], [ 8.797425687859194, 7.391740208178862, 0.0 ], [ 8.797372180843052, 7.391445459611588, 0.0 ], [ 8.795683428916798, 7.391618335338561, 0.0 ], [ 8.795505177911121, 7.391611593280238, 0.0 ], [ 8.795501682763497, 7.39143063227295, 0.0 ], [ 8.795178895192242, 7.391385480670239, 0.0 ], [ 8.794423223163706, 7.391354020240185, 0.0 ], [ 8.79360101684197, 7.391237664120476, 0.0 ], [ 8.793601253538958, 7.390727773212467, 0.0 ], [ 8.793029889730013, 7.390705734510169, 0.0 ] ] ] } },
{ "type": "Feature", "properties": { "OBJECTID": 131, "ActivityID": "BEN0001", "Stra_Catch": "Shemankar-Katsina-Ala", "Micr_Catch": "Uvande", "State": "Benue", "LGA": "Tarka", "Site_Name": "MBAABA_2", "Interv_Typ": "Afforestation (Orchard)", "Component": "A - Dryland Management", "Comments": null, "Implemnter": "Benue_ACReSAL", "Start_Date": "2024-08-02T00:00:00", "End_Date": "2024/10/24", "No_Trees_P": 1746, "Sub_compon": "A2-1", "Lon": 8.9445592395699993, "Lat": 7.5302416169599997, "Female_pop": 78, "Buffer_Mtr": 0, "Area_Impac": 14.1983848074, "Male_pop": 32, "Area_Intev": 14.1983848074, "Netsize_Ha": 14.1983848074, "Indicator": "Area under improved catchment management", "Benefi_pop": 110.0, "Perct_NDVI": 0.0, "parent_micro_name": "MBAKYAA" }, "geometry": { "type": "Polygon", "coordinates": [ [ [ 8.946380125452277, 7.530817678366549, 0.0 ], [ 8.946380459218888, 7.528101509254575, 0.0 ], [ 8.943473005645407, 7.528101143869042, 0.0 ], [ 8.943152578949983, 7.529805351515038, 0.0 ], [ 8.943152578949983, 7.529805351515038, 0.0 ], [ 8.94315246843064, 7.531251838235633, 0.0 ], [ 8.942682094498361, 7.532316516714122, 0.0 ], [ 8.943861694984003, 7.532766137351564, 0.0 ], [ 8.944773699170417, 7.53135777957934, 0.0 ], [ 8.946380125452277, 7.530817678366549, 0.0 ] ] ] } },
{ "type": "Feature", "properties": { "OBJECTID": 134, "ActivityID": "BEN0001", "Stra_Catch": "Shemankar-Katsina-Ala", "Micr_Catch": "Uvande", "State": "Benue", "LGA": "Tarka", "Site_Name": "MBAABA_1", "Interv_Typ": "Afforestation (Orchard)", "Component": "A - Dryland Management", "Comments": null, "Implemnter": "Benue_ACReSAL", "Start_Date": "2024-08-02T00:00:00", "End_Date": "2024/10/24", "No_Trees_P": 6198, "Sub_compon": "A2-1", "Lon": 8.9373727579600004, "Lat": 7.5290152885500001, "Female_pop": 41, "Buffer_Mtr": 0, "Area_Impac": 50.392443416200003, "Male_pop": 83, "Area_Intev": 50.392443416200003, "Netsize_Ha": 50.392443416200003, "Indicator": "Area under improved catchment management", "Benefi_pop": 124.0, "Perct_NDVI": 0.0, "parent_micro_name": "MBAKYAA" }, "geometry": { "type": "Polygon", "coordinates": [ [ [ 8.937780665575561, 7.52614649073498, 0.0 ], [ 8.934042372434517, 7.526145944171102, 0.0 ], [ 8.933163030472636, 7.526585845962125, 0.0 ], [ 8.931960131446125, 7.527929501810759, 0.0 ], [ 8.938327992281794, 7.531971027195266, 0.0 ], [ 8.939428244113859, 7.532180938052803, 0.0 ], [ 8.941566734506635, 7.532223899171875, 0.0 ], [ 8.941974367522258, 7.529595620618282, 0.0 ], [ 8.941956561048984, 7.527840308638561, 0.0 ], [ 8.941497679796861, 7.527275041118588, 0.0 ], [ 8.937780665575561, 7.52614649073498, 0.0 ] ] ] } },
{ "type": "Feature", "properties": { "OBJECTID": 135, "ActivityID": "BEN0001", "Stra_Catch": "Shemankar-Katsina-Ala", "Micr_Catch": "Uvande", "State": "Benue", "LGA": "Tarka", "Site_Name": "TSE_BASHIBO", "Interv_Typ": "Afforestation (Orchard)", "Component": "A - Dryland Management", "Comments": null, "Implemnter": "Benue_ACReSAL", "Start_Date": "2024-08-02T00:00:00", "End_Date": "2024/10/24", "No_Trees_P": 8894, "Sub_compon": "A2-1", "Lon": 8.9009095263799995, "Lat": 7.5654588726599998, "Female_pop": 95, "Buffer_Mtr": 0, "Area_Impac": 72.312819409799999, "Male_pop": 72, "Area_Intev": 72.312819409799999, "Netsize_Ha": 72.312819409799999, "Indicator": "Area under improved catchment management", "Benefi_pop": 167.0, "Perct_NDVI": 0.0, "parent_micro_name": "MBAKYAA" }, "geometry": { "type": "Polygon", "coordinates": [ [ [ 8.898607831150306, 7.560931889026221, 0.0 ], [ 8.897877981507927, 7.564223763433049, 0.0 ], [ 8.897552618655558, 7.56415153481183, 0.0 ], [ 8.89747290230758, 7.564530464130694, 0.0 ], [ 8.897902038400874, 7.564601937375862, 0.0 ], [ 8.897751758936575, 7.565660560467671, 0.0 ], [ 8.897408023508163, 7.565669505564964, 0.0 ], [ 8.897030744405523, 7.568522054485556, 0.0 ], [ 8.897186792270519, 7.568538482166908, 0.0 ], [ 8.897215281425222, 7.569009395678573, 0.0 ], [ 8.896506704861618, 7.569009228027591, 0.0 ], [ 8.896480181180975, 7.569483576732225, 0.0 ], [ 8.8969064373959, 7.569501778247498, 0.0 ], [ 8.896879004397363, 7.569974313993169, 0.0 ], [ 8.900782311730435, 7.570234308528541, 0.0 ], [ 8.900791366069928, 7.569568108399126, 0.0 ], [ 8.902882676814539, 7.569420929624565, 0.0 ], [ 8.9029562733642, 7.570046361985629, 0.0 ], [ 8.903278425472902, 7.570064629973077, 0.0 ], [ 8.903646294397982, 7.567665498401516, 0.0 ], [ 8.903196245407219, 7.567744645596264, 0.0 ], [ 8.903307086979206, 7.565612155681429, 0.0 ], [ 8.904538973685879, 7.565702154349379, 0.0 ], [ 8.904476361727269, 7.564474080996946, 0.0 ], [ 8.905114257309975, 7.564446940128053, 0.0 ], [ 8.905105172100164, 7.563783833863813, 0.0 ], [ 8.905228485905885, 7.563794114909331, 0.0 ], [ 8.905302294047885, 7.563286034220486, 0.0 ], [ 8.905205160764643, 7.563277935289256, 0.0 ], [ 8.905215042931854, 7.562607574819087, 0.0 ], [ 8.905193504495658, 7.562586072966289, 0.0 ], [ 8.905243079357923, 7.562108889912691, 0.0 ], [ 8.905153547574074, 7.56209993689769, 0.0 ], [ 8.905197866460773, 7.56161464681863, 0.0 ], [ 8.90522976990909, 7.560933377408618, 0.0 ], [ 8.898607831150306, 7.560931889026221, 0.0 ] ] ] } },
{ "type": "Feature", "properties": { "OBJECTID": 137, "ActivityID": "BEN0001", "Stra_Catch": "Shemankar-Katsina-Ala", "Micr_Catch": "Uvande", "State": "Benue", "LGA": "Tarka", "Site_Name": "MBAKYURA_SOO", "Interv_Typ": "Afforestation (Orchard)", "Component": "A - Dryland Management", "Comments": null, "Implemnter": "Benue_ACReSAL", "Start_Date": "2024-08-02T00:00:00", "End_Date": "2024/10/24", "No_Trees_P": 8310, "Sub_compon": "A2-1", "Lon": 8.9514844439800001, "Lat": 7.5380490786400003, "Female_pop": 61, "Buffer_Mtr": 0, "Area_Impac": 67.561049761999996, "Male_pop": 77, "Area_Intev": 67.561049761999996, "Netsize_Ha": 67.561049761999996, "Indicator": "Area under improved catchment management", "Benefi_pop": 138.0, "Perct_NDVI": 0.0, "parent_micro_name": "MBAKYAA" }, "geometry": { "type": "Polygon", "coordinates": [ [ [ 8.949856746001149, 7.533966562632792, 0.0 ], [ 8.949648252567538, 7.534056996194235, 0.0 ], [ 8.949629968959394, 7.535395764832926, 0.0 ], [ 8.948524093716422, 7.535440864946142, 0.0 ], [ 8.948813948751521, 7.537222911183501, 0.0 ], [ 8.946584036270076, 7.537503062886544, 0.0 ], [ 8.946457021435247, 7.538407622015392, 0.0 ], [ 8.946339187598577, 7.53836237885191, 0.0 ], [ 8.945994507541988, 7.540189577119834, 0.0 ], [ 8.946139540130412, 7.540198640742491, 0.0 ], [ 8.945758769212642, 7.540659926718225, 0.0 ], [ 8.948333040943224, 7.541329623456694, 0.0 ], [ 8.94849626631885, 7.540804989465347, 0.0 ], [ 8.94909451854701, 7.540913608430598, 0.0 ], [ 8.949212390268622, 7.540642249758602, 0.0 ], [ 8.949928473148024, 7.54083229295838, 0.0 ], [ 8.94974712752399, 7.541293605194747, 0.0 ], [ 8.950499480526149, 7.541393194171579, 0.0 ], [ 8.950426887294835, 7.542062571116571, 0.0 ], [ 8.950191205458257, 7.542071590089492, 0.0 ], [ 8.95020929752893, 7.542397238977614, 0.0 ], [ 8.95179562687219, 7.542261730489423, 0.0 ], [ 8.951795704947308, 7.54155616234302, 0.0 ], [ 8.9528199980364, 7.541655777214524, 0.0 ], [ 8.952829134172701, 7.540995438745433, 0.0 ], [ 8.953191717205023, 7.541013569180965, 0.0 ], [ 8.953191788147414, 7.540353229711559, 0.0 ], [ 8.953481859565025, 7.540317077661974, 0.0 ], [ 8.953527261726553, 7.539575331264988, 0.0 ], [ 8.954225217484909, 7.539747274023607, 0.0 ], [ 8.954252468258975, 7.539204532060118, 0.0 ], [ 8.954379442553835, 7.538535160026343, 0.0 ], [ 8.954751097577413, 7.538462832632034, 0.0 ], [ 8.954805511273472, 7.53820955732666, 0.0 ], [ 8.955186229585655, 7.538146276243097, 0.0 ], [ 8.955204351278745, 7.538218644078581, 0.0 ], [ 8.956600310810868, 7.538055961274776, 0.0 ], [ 8.957225782576202, 7.537884153641395, 0.0 ], [ 8.957035517757504, 7.5369614687025, 0.0 ], [ 8.957298392991307, 7.53692531143253, 0.0 ], [ 8.957189747309243, 7.535613667279128, 0.0 ], [ 8.95666404062214, 7.535260831352844, 0.0 ], [ 8.955839159623558, 7.535369297914283, 0.0 ], [ 8.954479523138259, 7.534989237217239, 0.0 ], [ 8.953319311735584, 7.534573010616553, 0.0 ], [ 8.952421976492605, 7.534120626593054, 0.0 ], [ 8.949856746001149, 7.533966562632792, 0.0 ] ] ] } },
{ "type": "Feature", "properties": { "OBJECTID": 154, "ActivityID": "BEN0001", "Stra_Catch": "Shemankar-Katsina-Ala", "Micr_Catch": "Nienga", "State": "Benue", "LGA": "Ushongo", "Site_Name": "MBAIBOM_GBATSE_1", "Interv_Typ": "Afforestation (Orchard)", "Component": "A - Dryland Management", "Comments": null, "Implemnter": "Benue_ACReSAL", "Start_Date": "2024-08-02T00:00:00", "End_Date": "2024/10/24", "No_Trees_P": 27330, "Sub_compon": "A2-1", "Lon": 9.2522212712199998, "Lat": 6.9895138669300003, "Female_pop": 78, "Buffer_Mtr": 0, "Area_Impac": 222.19696036600001, "Male_pop": 64, "Area_Intev": 222.19696036600001, "Netsize_Ha": 222.19696036600001, "Indicator": "Area under improved catchment management", "Benefi_pop": 142.0, "Perct_NDVI": 0.0, "parent_micro_name": "MBAIBOM" }, "geometry": { "type": "Polygon", "coordinates": [ [ [ 9.249611275435852, 6.998585417550596, 0.0 ], [ 9.249982871492881, 6.998903110664253, 0.0 ], [ 9.25428497053133, 6.998900805805802, 0.0 ], [ 9.254284618027141, 6.998249502784208, 0.0 ], [ 9.255570772250817, 6.998248806152857, 0.0 ], [ 9.256754360593966, 6.997243264588187, 0.0 ], [ 9.2566519587524, 6.996736561360297, 0.0 ], [ 9.255636594231124, 6.994323981089748, 0.0 ], [ 9.256251014363187, 6.991845646280958, 0.0 ], [ 9.254512278010438, 6.990634160457621, 0.0 ], [ 9.255208851488261, 6.988740562247831, 0.0 ], [ 9.256632897370368, 6.987672068424598, 0.0 ], [ 9.260587205802493, 6.982671290154842, 0.0 ], [ 9.26001692738612, 6.98014920630516, 0.0 ], [ 9.258946096426943, 6.978937637939901, 0.0 ], [ 9.257990820852081, 6.97878979959673, 0.0 ], [ 9.254976139701443, 6.978791437954921, 0.0 ], [ 9.253094531508825, 6.980258888404673, 0.0 ], [ 9.253132809236339, 6.982381955249617, 0.0 ], [ 9.254575167019906, 6.984732810224016, 0.0 ], [ 9.254029497536749, 6.985315115723929, 0.0 ], [ 9.253625547820629, 6.98488692103985, 0.0 ], [ 9.253626124114801, 6.985956505986079, 0.0 ], [ 9.246765426512463, 6.985960146754463, 0.0 ], [ 9.246106475019706, 6.987558130689748, 0.0 ], [ 9.245117006326401, 6.987823935031831, 0.0 ], [ 9.244755963395754, 6.988973475115896, 0.0 ], [ 9.245153683241419, 6.988973268391576, 0.0 ], [ 9.245155861566932, 6.993152467031908, 0.0 ], [ 9.245156611559045, 6.994590762496596, 0.0 ], [ 9.24450475243756, 6.99459110141083, 0.0 ], [ 9.244504951468732, 6.994973759470855, 0.0 ], [ 9.244939659845132, 6.99523313327364, 0.0 ], [ 9.24428538812858, 6.997230000520307, 0.0 ], [ 9.246171276270191, 6.999033634740897, 0.0 ], [ 9.248661786616209, 6.999110563215249, 0.0 ], [ 9.249611275435852, 6.998585417550596, 0.0 ] ] ] } },
{ "type": "Feature", "properties": { "OBJECTID": 155, "ActivityID": "BEN0001", "Stra_Catch": "Shemankar-Katsina-Ala", "Micr_Catch": "Nienga", "State": "Benue", "LGA": "Ushongo", "Site_Name": "MBAIBOM_GBATSE_2", "Interv_Typ": "Afforestation (Orchard)", "Component": "A - Dryland Management", "Comments": null, "Implemnter": "Benue_ACReSAL", "Start_Date": "2024-08-02T00:00:00", "End_Date": "2024/10/24", "No_Trees_P": 29075, "Sub_compon": "A2-1", "Lon": 9.2706428827200007, "Lat": 6.9933526552199998, "Female_pop": 33, "Buffer_Mtr": 0, "Area_Impac": 236.379140245, "Male_pop": 69, "Area_Intev": 236.379140245, "Netsize_Ha": 236.379140245, "Indicator": "Area under improved catchment management", "Benefi_pop": 102.0, "Perct_NDVI": 0.0, "parent_micro_name": "MBAIBOM" }, "geometry": { "type": "Polygon", "coordinates": [ [ [ 9.281024932695077, 6.999728780485656, 0.0 ], [ 9.279086273931101, 6.995499112955199, 0.0 ], [ 9.277128721091529, 6.995479437489737, 0.0 ], [ 9.275921478099075, 6.989446020042101, 0.0 ], [ 9.273570080148124, 6.98533357420654, 0.0 ], [ 9.269806661819858, 6.989013694502209, 0.0 ], [ 9.268939274431073, 6.987776615564762, 0.0 ], [ 9.26429845560914, 6.985117211323104, 0.0 ], [ 9.26112044896348, 6.983749137403644, 0.0 ], [ 9.260885422506069, 6.983274078395854, 0.0 ], [ 9.259917567083701, 6.991019240659861, 0.0 ], [ 9.260173321770955, 6.991087849063024, 0.0 ], [ 9.261786184847706, 6.991666353001543, 0.0 ], [ 9.267074149194736, 6.994958153351519, 0.0 ], [ 9.270154601923055, 6.996304493635573, 0.0 ], [ 9.269078522907533, 6.997897462199049, 0.0 ], [ 9.271884081159268, 7.000987789993246, 0.0 ], [ 9.272535377478718, 7.000191856544391, 0.0 ], [ 9.276855980043861, 7.003281037463331, 0.0 ], [ 9.278482650940058, 7.003651599582764, 0.0 ], [ 9.281024932695077, 6.999728780485656, 0.0 ] ] ] } },
{ "type": "Feature", "properties": { "OBJECTID": 152, "ActivityID": "BEN0001", "Stra_Catch": "Shemankar-Katsina-Ala", "Micr_Catch": "Katsina_Ala", "State": "Benue", "LGA": "Katsina_Ala", "Site_Name": "Katsina_Ala", "Interv_Typ": "Restoration of Riparian zones (River Buffering)", "Component": "A - Dryland Management", "Comments": null, "Implemnter": "Benue_ACReSAL", "Start_Date": "2024-09-16T00:00:00", "End_Date": "2024/10/25", "No_Trees_P": 0, "Sub_compon": "A3-0", "Lon": 9.3261983410599996, "Lat": 7.1935814446300004, "Female_pop": 214, "Buffer_Mtr": 0, "Area_Impac": 329.22259796999998, "Male_pop": 104, "Area_Intev": 329.22259796999998, "Netsize_Ha": 329.22259796999998, "Indicator": "Restoration of riparian areas in sensitive habitats", "Benefi_pop": 318.0, "Perct_NDVI": 0.0, "parent_micro_name": "BURUKU" }, "geometry": { "type": "Polygon", "coordinates": [ [ [ 9.319843662426178, 7.326732963326559, 0.0 ], [ 9.358769077188555, 7.30974527565047, 0.0 ], [ 9.358772128326848, 7.309743920895662, 0.0 ], [ 9.366307970678683, 7.306343930342536, 0.0 ], [ 9.366377956372425, 7.306298265282305, 0.0 ], [ 9.36643072859356, 7.306233521507401, 0.0 ], [ 9.366461295943273, 7.306155825182937, 0.0 ], [ 9.366466764431099, 7.30607252916997, 0.0 ], [ 9.366446617749101, 7.305991513566161, 0.0 ], [ 9.322468068515432, 7.201460679369258, 0.0 ], [ 9.3224288545146, 7.201395164233785, 0.0 ], [ 9.322372924323176, 7.201343147172893, 0.0 ], [ 9.322304701852678, 7.201308741784247, 0.0 ], [ 9.303145759735621, 7.194828762345899, 0.0 ], [ 9.303060091905333, 7.19481442450663, 0.0 ], [ 9.302974271283507, 7.194827818355008, 0.0 ], [ 9.27268416045437, 7.20470181023531, 0.0 ], [ 9.257187050234281, 7.182920408081193, 0.0 ], [ 9.259765293006305, 7.164587565820114, 0.0 ], [ 9.285768572052389, 7.15082721295181, 0.0 ], [ 9.285841729768109, 7.150770705528351, 0.0 ], [ 9.285891673027116, 7.150692961207472, 0.0 ], [ 9.297212859896122, 7.123905435035374, 0.0 ], [ 9.297234016718837, 7.123788757786434, 0.0 ], [ 9.296370947647173, 7.102806613799849, 0.0 ], [ 9.331880883491575, 7.088195723971138, 0.0 ], [ 9.368001024262652, 7.079558505738613, 0.0 ], [ 9.368082143168047, 7.079524469359325, 0.0 ], [ 9.392901701592471, 7.063968194386518, 0.0 ], [ 9.392966967422309, 7.063910896195346, 0.0 ], [ 9.393010785581961, 7.063835943423395, 0.0 ], [ 9.400848528789613, 7.043525581721373, 0.0 ], [ 9.400866317319279, 7.043442558319682, 0.0 ], [ 9.400857555281783, 7.04335810764331, 0.0 ], [ 9.400823099996446, 7.043280494040211, 0.0 ], [ 9.400766324425989, 7.043217316646921, 0.0 ], [ 9.400692786948163, 7.043174759783054, 0.0 ], [ 9.400609683949385, 7.043156987359692, 0.0 ], [ 9.400525151388662, 7.043165740945335, 0.0 ], [ 9.40044746424284, 7.043200163156355, 0.0 ], [ 9.400384226218177, 7.043256884284329, 0.0 ], [ 9.400341627576305, 7.043330352193572, 0.0 ], [ 9.392536380914283, 7.063556449901517, 0.0 ], [ 9.367831167272724, 7.079041047533757, 0.0 ], [ 9.331733790222525, 7.08767281630485, 0.0 ], [ 9.331693549444315, 7.087685818482454, 0.0 ], [ 9.295988244111799, 7.102377082818592, 0.0 ], [ 9.295917524977163, 7.102419749064603, 0.0 ], [ 9.29586291366658, 7.102481675310216, 0.0 ], [ 9.295829461389348, 7.102557134152988, 0.0 ], [ 9.295820261636134, 7.102639148402502, 0.0 ], [ 9.296688613434167, 7.123750335852785, 0.0 ], [ 9.285428678388095, 7.150392864442935, 0.0 ], [ 9.25938832294851, 7.164172822825175, 0.0 ], [ 9.25932025482004, 7.164223920280926, 0.0 ], [ 9.259271365172049, 7.164293550828441, 0.0 ], [ 9.259246454831272, 7.164374876753452, 0.0 ], [ 9.25663385974098, 7.182951831792725, 0.0 ], [ 9.256638948265824, 7.183053850247035, 0.0 ], [ 9.256681438232777, 7.1831467621709, 0.0 ], [ 9.272356939998224, 7.205178919766047, 0.0 ], [ 9.272417065294116, 7.20524006241455, 0.0 ], [ 9.27249328400816, 7.205279431309136, 0.0 ], [ 9.272577995281637, 7.205293102387339, 0.0 ], [ 9.272662751071325, 7.205279710244517, 0.0 ], [ 9.303057015252994, 7.195371775031378, 0.0 ], [ 9.322014435137454, 7.201783594533696, 0.0 ], [ 9.365842964276176, 7.30595815450375, 0.0 ], [ 9.358549814654669, 7.309248644598502, 0.0 ], [ 9.319376210169901, 7.326344626056145, 0.0 ], [ 9.319304462435394, 7.326390479869526, 0.0 ], [ 9.319250454027884, 7.326456256000283, 0.0 ], [ 9.31921949228348, 7.326535492964833, 0.0 ], [ 9.319214618582865, 7.326620406594659, 0.0 ], [ 9.319236309908248, 7.326702656416591, 0.0 ], [ 9.330205341465293, 7.351569359742227, 0.0 ], [ 9.330251372174724, 7.351640751443643, 0.0 ], [ 9.330317247020307, 7.351694447838978, 0.0 ], [ 9.330396519128223, 7.351725193606148, 0.0 ], [ 9.330481426769959, 7.351729977723851, 0.0 ], [ 9.330563661021451, 7.351708333224622, 0.0 ], [ 9.330635169474997, 7.351662378212978, 0.0 ], [ 9.330688954332523, 7.351596611747498, 0.0 ], [ 9.330719750719066, 7.35151747100388, 0.0 ], [ 9.330724542669467, 7.351432702216457, 0.0 ], [ 9.330702862469012, 7.351350604236735, 0.0 ], [ 9.319843662426178, 7.326732963326559, 0.0 ] ] ] } },
{ "type": "Feature", "properties": { "OBJECTID": 167, "ActivityID": "BEN0001", "Stra_Catch": "Shemankar-Katsina-Ala", "Micr_Catch": "Makurdi", "State": "Benue", "LGA": "Makurdi", "Site_Name": "IDYE BASIN", "Interv_Typ": "Desilting (Urban Drainage Desilting)", "Component": "A - Dryland Management", "Comments": null, "Implemnter": "Benue_ACReSAL", "Start_Date": "2024-11-25T00:00:00", "End_Date": "2025/01/23", "No_Trees_P": 0, "Sub_compon": "A2-1", "Lon": 8.50800362861, "Lat": 7.7047307629499997, "Female_pop": 2318, "Buffer_Mtr": 0, "Area_Impac": 3758.8638155600001, "Male_pop": 2317, "Area_Intev": 3758.8638155600001, "Netsize_Ha": 3758.8638155600001, "Indicator": "Area under improved catchment management", "Benefi_pop": 4635.0, "Perct_NDVI": 0.0, "parent_micro_name": "MAKURDI" }, "geometry": { "type": "Polygon", "coordinates": [ [ [ 8.490571320941228, 7.732359447858787, 0.0 ], [ 8.546275041845242, 7.727204547955782, 0.0 ], [ 8.535139907909368, 7.694579083308937, 0.0 ], [ 8.535121880306557, 7.686017883246495, 0.0 ], [ 8.483372943386756, 7.674602691194669, 0.0 ], [ 8.475684563686052, 7.701864512588786, 0.0 ], [ 8.471701327770324, 7.718031619348601, 0.0 ], [ 8.490571320941228, 7.732359447858787, 0.0 ] ] ] } },
{ "type": "Feature", "properties": { "OBJECTID": 168, "ActivityID": "BEN0001", "Stra_Catch": "Shemankar-Katsina-Ala", "Micr_Catch": "Makurdi", "State": "Benue", "LGA": "Makurdi", "Site_Name": "Judges Quarter", "Interv_Typ": "Desilting (Urban Drainage Desilting)", "Component": "A - Dryland Management", "Comments": null, "Implemnter": "Benue_ACReSAL", "Start_Date": "2024-11-25T00:00:00", "End_Date": "2025/01/23", "No_Trees_P": 0, "Sub_compon": "A2-1", "Lon": 8.5774970479199997, "Lat": 7.71565671784, "Female_pop": 1416, "Buffer_Mtr": 0, "Area_Impac": 342.48045087899999, "Male_pop": 1120, "Area_Intev": 342.48045087899999, "Netsize_Ha": 342.48045087899999, "Indicator": "Area under improved catchment management", "Benefi_pop": 2536.0, "Perct_NDVI": 0.0, "parent_micro_name": "MAKURDI" }, "geometry": { "type": "Polygon", "coordinates": [ [ [ 8.585624577762728, 7.708709458180627, 0.0 ], [ 8.580174335792949, 7.705102910007048, 0.0 ], [ 8.574536062111985, 7.702710478534774, 0.0 ], [ 8.570213126302678, 7.716665451187153, 0.0 ], [ 8.56952255476835, 7.721310444703225, 0.0 ], [ 8.569377766455966, 7.723331382522015, 0.0 ], [ 8.571179514287376, 7.72461341228396, 0.0 ], [ 8.571649647572009, 7.726302012790629, 0.0 ], [ 8.57137664854087, 7.727842575719674, 0.0 ], [ 8.574028442088474, 7.726411895129228, 0.0 ], [ 8.57893039261424, 7.725627222717643, 0.0 ], [ 8.5853450606407, 7.726453510493108, 0.0 ], [ 8.584154469389805, 7.721112288231306, 0.0 ], [ 8.58348800344179, 7.714372964149793, 0.0 ], [ 8.585624577762728, 7.708709458180627, 0.0 ] ] ] } },
{ "type": "Feature", "properties": { "OBJECTID": 169, "ActivityID": "BEN0001", "Stra_Catch": "Shemankar-Katsina-Ala", "Micr_Catch": "Makurdi", "State": "Benue", "LGA": "Makurdi", "Site_Name": "YOGBO ROAD NORTH BANK", "Interv_Typ": "Desilting (Urban Drainage Desilting)", "Component": "A - Dryland Management", "Comments": null, "Implemnter": "Benue_ACReSAL", "Start_Date": "2024-11-25T00:00:00", "End_Date": "2025/01/23", "No_Trees_P": 0, "Sub_compon": "A2-1", "Lon": 8.5495645181800004, "Lat": 7.7857907823900003, "Female_pop": 1784, "Buffer_Mtr": 0, "Area_Impac": 1935.2218344800001, "Male_pop": 2299, "Area_Intev": 1935.2218344800001, "Netsize_Ha": 1935.2218344800001, "Indicator": "Area under improved catchment management", "Benefi_pop": 4083.0, "Perct_NDVI": 0.0, "parent_micro_name": "MAKURDI" }, "geometry": { "type": "Polygon", "coordinates": [ [ [ 8.559026180727848, 7.766585872809168, 0.0 ], [ 8.546125433278124, 7.753127368259824, 0.0 ], [ 8.544139694102519, 7.754928544332497, 0.0 ], [ 8.542426434832288, 7.756907801739379, 0.0 ], [ 8.540340191057584, 7.75863799733696, 0.0 ], [ 8.537027063532964, 7.762405409614109, 0.0 ], [ 8.530412634580024, 7.775949497626345, 0.0 ], [ 8.533632710238555, 7.782752460943992, 0.0 ], [ 8.531923648612654, 7.795567337248459, 0.0 ], [ 8.536931110511183, 7.800212040405131, 0.0 ], [ 8.538356129189149, 7.806764032604368, 0.0 ], [ 8.539954700608165, 7.815210883226596, 0.0 ], [ 8.570017145790331, 7.812695619422214, 0.0 ], [ 8.566197730721489, 7.803837973637716, 0.0 ], [ 8.562113991880578, 7.776434772484286, 0.0 ], [ 8.559026180727848, 7.766585872809168, 0.0 ] ] ] } },
{ "type": "Feature", "properties": { "OBJECTID": 170, "ActivityID": "BEN0001", "Stra_Catch": "Shemankar-Katsina-Ala", "Micr_Catch": "Makurdi", "State": "Benue", "LGA": "Makurdi", "Site_Name": "Akosu Bija", "Interv_Typ": "Desilting (Urban Drainage Desilting)", "Component": "A - Dryland Management", "Comments": null, "Implemnter": "Benue_ACReSAL", "Start_Date": "2024-11-25T00:00:00", "End_Date": "2025/01/23", "No_Trees_P": 0, "Sub_compon": "A2-1", "Lon": 8.5642740135200004, "Lat": 7.7193996166199996, "Female_pop": 2886, "Buffer_Mtr": 0, "Area_Impac": 89.522409822599997, "Male_pop": 2142, "Area_Intev": 89.522409822599997, "Netsize_Ha": 89.522409822599997, "Indicator": "Area under improved catchment management", "Benefi_pop": 5028.0, "Perct_NDVI": 0.0, "parent_micro_name": "MAKURDI" }, "geometry": { "type": "Polygon", "coordinates": [ [ [ 8.55896281815726, 7.723812779414828, 0.0 ], [ 8.56516425796837, 7.722572472504408, 0.0 ], [ 8.569454008868014, 7.721293875010913, 0.0 ], [ 8.570119273808345, 7.716603196695105, 0.0 ], [ 8.565375036041342, 7.715568378665109, 0.0 ], [ 8.559203457240917, 7.715366015947477, 0.0 ], [ 8.559409662214843, 7.719217955516883, 0.0 ], [ 8.559039236220235, 7.719761827254025, 0.0 ], [ 8.55896281815726, 7.723812779414828, 0.0 ] ] ] } },
{ "type": "Feature", "properties": { "OBJECTID": 143, "ActivityID": "BEN0001", "Stra_Catch": "Shemankar-Katsina-Ala", "Micr_Catch": "Agundu", "State": "Benue", "LGA": "Gboko", "Site_Name": "Agundu", "Interv_Typ": "Afforestation (Orchard)", "Component": "A - Dryland Management", "Comments": null, "Implemnter": "Benue_ACReSAL", "Start_Date": "2024-08-02T00:00:00", "End_Date": "2024/10/24", "No_Trees_P": 38356, "Sub_compon": "A2-1", "Lon": 8.9949559596299995, "Lat": 7.2826571750099998, "Female_pop": 78, "Buffer_Mtr": 0, "Area_Impac": 311.83612468000001, "Male_pop": 59, "Area_Intev": 311.83612468000001, "Netsize_Ha": 311.83612468000001, "Indicator": "Area under improved catchment management", "Benefi_pop": 137.0, "Perct_NDVI": 0.0, "parent_micro_name": "AGUNDU" }, "geometry": { "type": "Polygon", "coordinates": [ [ [ 8.984997145113685, 7.281728115570792, 0.0 ], [ 8.984667113304498, 7.283342246628573, 0.0 ], [ 8.984670961300097, 7.284208016313174, 0.0 ], [ 8.985050877629403, 7.285233729218029, 0.0 ], [ 8.985629783330941, 7.286053374566235, 0.0 ], [ 8.986244280564277, 7.287633577357146, 0.0 ], [ 8.986585949010914, 7.288531596429335, 0.0 ], [ 8.986732250507819, 7.289140675994818, 0.0 ], [ 8.986722483439314, 7.28948066401686, 0.0 ], [ 8.989420308344075, 7.289817656939023, 0.0 ], [ 8.990682871065919, 7.290019153903915, 0.0 ], [ 8.9905688989304, 7.290628579547674, 0.0 ], [ 8.990428877621866, 7.29179397159457, 0.0 ], [ 8.99036502902144, 7.29207878787253, 0.0 ], [ 8.990487558220954, 7.292127556644464, 0.0 ], [ 8.991336099089331, 7.292261524648602, 0.0 ], [ 8.991509216524623, 7.292331325711151, 0.0 ], [ 8.99165549204994, 7.292322174034708, 0.0 ], [ 8.991861206250281, 7.292366629091477, 0.0 ], [ 8.992026325847521, 7.292345030544452, 0.0 ], [ 8.992180284270955, 7.292312088248366, 0.0 ], [ 8.992566323910138, 7.292097744299973, 0.0 ], [ 8.993383700449705, 7.291619919013899, 0.0 ], [ 8.993472012416303, 7.291640924761859, 0.0 ], [ 8.993643827221467, 7.291579623482965, 0.0 ], [ 8.996292328246152, 7.290132199272449, 0.0 ], [ 8.997356713215746, 7.289663233649454, 0.0 ], [ 8.997686524961431, 7.289451010744236, 0.0 ], [ 8.997731405875724, 7.289404822855628, 0.0 ], [ 8.997738916391103, 7.28936409847127, 0.0 ], [ 8.997749217280205, 7.289312374345553, 0.0 ], [ 8.997745195188941, 7.289248736762246, 0.0 ], [ 8.997740357596033, 7.28921497762132, 0.0 ], [ 8.997728290680062, 7.289153465772363, 0.0 ], [ 8.997735330293045, 7.289074052279291, 0.0 ], [ 8.99773349169724, 7.288978989418641, 0.0 ], [ 8.997733745438575, 7.288963855710643, 0.0 ], [ 8.997734733130901, 7.288922118157479, 0.0 ], [ 8.997734977898249, 7.28888995111125, 0.0 ], [ 8.997635720891926, 7.28743414742102, 0.0 ], [ 8.997623419647955, 7.287153318881115, 0.0 ], [ 8.997625458514577, 7.287059640047697, 0.0 ], [ 8.997612739870251, 7.28690787771962, 0.0 ], [ 8.99762349410695, 7.286776866699073, 0.0 ], [ 8.997605167604018, 7.286640545609226, 0.0 ], [ 8.997660675542887, 7.286480778056388, 0.0 ], [ 8.999945661692657, 7.28550423909109, 0.0 ], [ 9.000332108582535, 7.285338690821162, 0.0 ], [ 9.000732796568238, 7.285176986684619, 0.0 ], [ 9.002174687139204, 7.284517150398384, 0.0 ], [ 9.003170663869883, 7.284098050138069, 0.0 ], [ 9.003873922583754, 7.283802824195639, 0.0 ], [ 9.005287756444638, 7.283146976461346, 0.0 ], [ 9.005713517039789, 7.282988587435649, 0.0 ], [ 9.005817911074137, 7.282526342977991, 0.0 ], [ 9.005953715600853, 7.282215001011726, 0.0 ], [ 9.005966503994024, 7.281958369964245, 0.0 ], [ 9.006069746647825, 7.281470109566176, 0.0 ], [ 9.006050680694184, 7.281086846017966, 0.0 ], [ 9.006091806536778, 7.280831164389413, 0.0 ], [ 9.006102647907943, 7.280637094479322, 0.0 ], [ 9.006116914592033, 7.280509873387131, 0.0 ], [ 9.006113524779785, 7.280389319327458, 0.0 ], [ 9.006015554698848, 7.280179701047317, 0.0 ], [ 9.00579033622143, 7.279841045268675, 0.0 ], [ 9.005597049816766, 7.279321625656458, 0.0 ], [ 9.005088885577557, 7.27833729785596, 0.0 ], [ 9.003711641045761, 7.278167267242705, 0.0 ], [ 9.00336031358305, 7.278111656064945, 0.0 ], [ 9.003371528427802, 7.278042789882384, 0.0 ], [ 9.003270399810653, 7.278020944882358, 0.0 ], [ 9.0034421097674, 7.27694428774825, 0.0 ], [ 9.003510105580636, 7.276585745670459, 0.0 ], [ 9.00352933482316, 7.276138699300117, 0.0 ], [ 9.003602621397043, 7.275826888049635, 0.0 ], [ 9.003630557816452, 7.275555050789373, 0.0 ], [ 9.003546847868058, 7.275186043818103, 0.0 ], [ 9.002024394213249, 7.274919562233849, 0.0 ], [ 9.001696161495358, 7.274899626512667, 0.0 ], [ 9.001205587916585, 7.274810662080151, 0.0 ], [ 9.001038554553336, 7.274801037701918, 0.0 ], [ 9.000335470791148, 7.274722339811926, 0.0 ], [ 8.999859591661231, 7.274670290052978, 0.0 ], [ 8.999574462877007, 7.274599885969451, 0.0 ], [ 8.999387363533323, 7.274588424654225, 0.0 ], [ 8.999065862332545, 7.274478562171091, 0.0 ], [ 8.998723570170608, 7.274473947949073, 0.0 ], [ 8.998455264321215, 7.274481473267022, 0.0 ], [ 8.997880179032709, 7.274328306488604, 0.0 ], [ 8.997270125336552, 7.274237111937967, 0.0 ], [ 8.996581365892125, 7.274128728850171, 0.0 ], [ 8.996096329321768, 7.274038836248089, 0.0 ], [ 8.994825147413954, 7.273914262060698, 0.0 ], [ 8.994731315739546, 7.274414451653842, 0.0 ], [ 8.994612876434832, 7.275137485608318, 0.0 ], [ 8.99445347804577, 7.276024420882813, 0.0 ], [ 8.990820119002885, 7.275489272284071, 0.0 ], [ 8.987711927505368, 7.275045445108751, 0.0 ], [ 8.986864517141241, 7.277061661283589, 0.0 ], [ 8.98616742497035, 7.278907465433483, 0.0 ], [ 8.985572644680735, 7.28041472147434, 0.0 ], [ 8.984997145113685, 7.281728115570792, 0.0 ] ] ] } },
{ "type": "Feature", "properties": { "OBJECTID": 132, "ActivityID": "BEN0001", "Stra_Catch": "Aloma-Ebonyi", "Micr_Catch": "Nienga", "State": "Benue", "LGA": "Ushongo", "Site_Name": "TSE_AGBUM", "Interv_Typ": "Afforestation (Orchard)", "Component": "A - Dryland Management", "Comments": null, "Implemnter": "Benue_ACReSAL", "Start_Date": "2024-08-02T00:00:00", "End_Date": "2024/10/24", "No_Trees_P": 10469, "Sub_compon": "A2-1", "Lon": 8.8726101715700008, "Lat": 7.1069783748099997, "Female_pop": 81, "Buffer_Mtr": 0, "Area_Impac": 85.115728157700005, "Male_pop": 100, "Area_Intev": 85.115728157700005, "Netsize_Ha": 85.115728157700005, "Indicator": "Area under improved catchment management", "Benefi_pop": 181.0, "Perct_NDVI": 0.0, "parent_micro_name": "MBASHAKAA" }, "geometry": { "type": "Polygon", "coordinates": [ [ [ 8.878058765951266, 7.108558822985848, 0.0 ], [ 8.878935671670133, 7.108559052856122, 0.0 ], [ 8.878937035085112, 7.103348612638078, 0.0 ], [ 8.878966377543337, 7.103321137027604, 0.0 ], [ 8.87681427095413, 7.102985724567578, 0.0 ], [ 8.874373127312108, 7.102605251371125, 0.0 ], [ 8.874372749085985, 7.103998703922005, 0.0 ], [ 8.868504601622064, 7.103997077316706, 0.0 ], [ 8.868504619579287, 7.103933878134418, 0.0 ], [ 8.867448233963897, 7.104426189130684, 0.0 ], [ 8.867200195214682, 7.105299315298895, 0.0 ], [ 8.867199492617477, 7.107746871374727, 0.0 ], [ 8.866378116624356, 7.107746635338877, 0.0 ], [ 8.86663359029478, 7.109125851132799, 0.0 ], [ 8.867054304217618, 7.109143855746044, 0.0 ], [ 8.866801794128252, 7.11135826157975, 0.0 ], [ 8.868266462307565, 7.111718261106051, 0.0 ], [ 8.870493384465709, 7.111808759947535, 0.0 ], [ 8.871028211047143, 7.10815228968793, 0.0 ], [ 8.872821921012898, 7.108187664477656, 0.0 ], [ 8.873582002825255, 7.108557623602246, 0.0 ], [ 8.878058765951266, 7.108558822985848, 0.0 ] ] ] } },
{ "type": "Feature", "properties": { "OBJECTID": 133, "ActivityID": "BEN0001", "Stra_Catch": "Aloma-Ebonyi", "Micr_Catch": "Nienga", "State": "Benue", "LGA": "Ushongo", "Site_Name": "UMA_AAKA_ABUJA", "Interv_Typ": "Afforestation (Orchard)", "Component": "A - Dryland Management", "Comments": null, "Implemnter": "Benue_ACReSAL", "Start_Date": "2024-08-02T00:00:00", "End_Date": "2024/10/24", "No_Trees_P": 81973, "Sub_compon": "A2-1", "Lon": 8.8509820046699996, "Lat": 7.1108005529399998, "Female_pop": 56, "Buffer_Mtr": 0, "Area_Impac": 666.45014082199998, "Male_pop": 40, "Area_Intev": 666.45014082199998, "Netsize_Ha": 666.45014082199998, "Indicator": "Area under improved catchment management", "Benefi_pop": 96.0, "Perct_NDVI": 0.0, "parent_micro_name": "MBASHAKAA" }, "geometry": { "type": "Polygon", "coordinates": [ [ [ 8.865784506344855, 7.119679797503972, 0.0 ], [ 8.866458056317544, 7.117475936613876, 0.0 ], [ 8.865940345035408, 7.112796372252849, 0.0 ], [ 8.86680131839468, 7.111362437029282, 0.0 ], [ 8.866801794128252, 7.11135826157975, 0.0 ], [ 8.867054304217618, 7.109143855746044, 0.0 ], [ 8.86663359029478, 7.109125851132799, 0.0 ], [ 8.866378116624356, 7.107746635338877, 0.0 ], [ 8.866249905642094, 7.107054464076639, 0.0 ], [ 8.865522651337548, 7.107093521034135, 0.0 ], [ 8.863662232868966, 7.105621185564154, 0.0 ], [ 8.861684907501212, 7.103723220996672, 0.0 ], [ 8.861161908785729, 7.103072995711336, 0.0 ], [ 8.861188602219871, 7.102041031271784, 0.0 ], [ 8.860666838403256, 7.101355192095367, 0.0 ], [ 8.858443295668559, 7.102075600128779, 0.0 ], [ 8.857071729709164, 7.10085439408028, 0.0 ], [ 8.857483920065581, 7.099493875723692, 0.0 ], [ 8.856042875615028, 7.098362775980734, 0.0 ], [ 8.850942207893524, 7.099614564490287, 0.0 ], [ 8.848133053518705, 7.099196663281463, 0.0 ], [ 8.846749969837354, 7.099170788772418, 0.0 ], [ 8.845709435245462, 7.099151319187698, 0.0 ], [ 8.845590382066984, 7.101274825744029, 0.0 ], [ 8.844471199228753, 7.101191048799336, 0.0 ], [ 8.84250257037306, 7.10223429058507, 0.0 ], [ 8.841102367355345, 7.103820500320162, 0.0 ], [ 8.838051653102806, 7.102828991725758, 0.0 ], [ 8.837197353657508, 7.104976279819948, 0.0 ], [ 8.837176336835697, 7.105285509746035, 0.0 ], [ 8.835528213101746, 7.105284928114255, 0.0 ], [ 8.835551652749144, 7.106203192578322, 0.0 ], [ 8.835561463942854, 7.106587547653294, 0.0 ], [ 8.835561247674596, 7.10719594949607, 0.0 ], [ 8.835524969795864, 7.114403179642155, 0.0 ], [ 8.834872939802658, 7.114402947624384, 0.0 ], [ 8.834871180093758, 7.119325682822159, 0.0 ], [ 8.836631435757512, 7.121477685099491, 0.0 ], [ 8.839435164843568, 7.120116110538617, 0.0 ], [ 8.840418500386676, 7.119638567489635, 0.0 ], [ 8.844082678425634, 7.118252618118878, 0.0 ], [ 8.844978211906712, 7.116473361406307, 0.0 ], [ 8.846360063124132, 7.118047921294132, 0.0 ], [ 8.849864450119149, 7.119168267348429, 0.0 ], [ 8.849954796426847, 7.118493104314984, 0.0 ], [ 8.850629307207424, 7.118537755878003, 0.0 ], [ 8.851586275119944, 7.11772499929191, 0.0 ], [ 8.855319889366738, 7.117209526087804, 0.0 ], [ 8.857929459563724, 7.117834589447764, 0.0 ], [ 8.859009008013059, 7.118966935084085, 0.0 ], [ 8.859064196451301, 7.119104002578743, 0.0 ], [ 8.860797625201744, 7.123216061255587, 0.0 ], [ 8.862833101826396, 7.121871152623839, 0.0 ], [ 8.863263014420559, 7.122060896254593, 0.0 ], [ 8.863465009852504, 7.123704325792103, 0.0 ], [ 8.863845426801953, 7.123704437928677, 0.0 ], [ 8.864554403296996, 7.123704646080773, 0.0 ], [ 8.865784506344855, 7.119679797503972, 0.0 ] ] ] } },
{ "type": "Feature", "properties": { "OBJECTID": 136, "ActivityID": "BEN0001", "Stra_Catch": "Aloma-Ebonyi", "Micr_Catch": "Nienga", "State": "Benue", "LGA": "Ushongo", "Site_Name": "TSE_UBO", "Interv_Typ": "Afforestation (Orchard)", "Component": "A - Dryland Management", "Comments": null, "Implemnter": "Benue_ACReSAL", "Start_Date": "2024-08-02T00:00:00", "End_Date": "2024/10/24", "No_Trees_P": 3529, "Sub_compon": "A2-1", "Lon": 8.8659610001200004, "Lat": 7.1230868255699997, "Female_pop": 74, "Buffer_Mtr": 0, "Area_Impac": 28.688014816799999, "Male_pop": 89, "Area_Intev": 28.688014816799999, "Netsize_Ha": 28.688014816799999, "Indicator": "Area under improved catchment management", "Benefi_pop": 163.0, "Perct_NDVI": 0.0, "parent_micro_name": "MBASHAKAA" }, "geometry": { "type": "Polygon", "coordinates": [ [ [ 8.865784506344855, 7.119679797503972, 0.0 ], [ 8.864554403296996, 7.123704646080773, 0.0 ], [ 8.863845426801953, 7.123704437928677, 0.0 ], [ 8.863230279157724, 7.124389718806136, 0.0 ], [ 8.86296734368849, 7.125420872533192, 0.0 ], [ 8.867024013115037, 7.127186005748601, 0.0 ], [ 8.867541241795527, 7.12362207265712, 0.0 ], [ 8.868629160788565, 7.119479363378861, 0.0 ], [ 8.8668996388705, 7.118818518914786, 0.0 ], [ 8.86625631980713, 7.119985253822454, 0.0 ], [ 8.865784506344855, 7.119679797503972, 0.0 ] ] ] } },
{ "type": "Feature", "properties": { "OBJECTID": 138, "ActivityID": "BEN0001", "Stra_Catch": "Aloma-Ebonyi", "Micr_Catch": "Nienga", "State": "Benue", "LGA": "Ushongo", "Site_Name": "ISHA_SECOND_GATE", "Interv_Typ": "Afforestation (Orchard)", "Component": "A - Dryland Management", "Comments": null, "Implemnter": "Benue_ACReSAL", "Start_Date": "2024-08-02T00:00:00", "End_Date": "2024/10/24", "No_Trees_P": 10268, "Sub_compon": "A2-1", "Lon": 8.8917892630399997, "Lat": 7.0654593984699998, "Female_pop": 62, "Buffer_Mtr": 0, "Area_Impac": 83.4809961741, "Male_pop": 67, "Area_Intev": 83.4809961741, "Netsize_Ha": 83.4809961741, "Indicator": "Area under improved catchment management", "Benefi_pop": 129.0, "Perct_NDVI": 0.0, "parent_micro_name": "MBASHAKAA" }, "geometry": { "type": "Polygon", "coordinates": [ [ [ 8.88891059009201, 7.058143694885534, 0.0 ], [ 8.888277257287369, 7.058298239894654, 0.0 ], [ 8.88843195626729, 7.058930945282573, 0.0 ], [ 8.88779862223932, 7.05908549052229, 0.0 ], [ 8.88716451618394, 7.059236879489825, 0.0 ], [ 8.887319985559966, 7.059872740606989, 0.0 ], [ 8.887953319905671, 7.059718196041241, 0.0 ], [ 8.888108018885092, 7.060350901498636, 0.0 ], [ 8.88826271827214, 7.060983606894228, 0.0 ], [ 8.888572117364058, 7.062249016595204, 0.0 ], [ 8.887305439926914, 7.062558106403265, 0.0 ], [ 8.8883601326056, 7.066871680311555, 0.0 ], [ 8.888919612458791, 7.068172436594833, 0.0 ], [ 8.889102068890862, 7.070485179242173, 0.0 ], [ 8.889054181127653, 7.070867148123297, 0.0 ], [ 8.889779722902164, 7.070671210187952, 0.0 ], [ 8.889986022089715, 7.071388680064106, 0.0 ], [ 8.890800330594846, 7.07110594598955, 0.0 ], [ 8.891171359592963, 7.071764699777855, 0.0 ], [ 8.893447551453932, 7.07120926269813, 0.0 ], [ 8.893602261512248, 7.071841966194752, 0.0 ], [ 8.894146889204528, 7.071709063652389, 0.0 ], [ 8.894080900285555, 7.071054710090196, 0.0 ], [ 8.894802214338061, 7.070878691513612, 0.0 ], [ 8.895456957146742, 7.070718916020153, 0.0 ], [ 8.896702256075461, 7.070415025514278, 0.0 ], [ 8.897335602804477, 7.070260469349755, 0.0 ], [ 8.897180889048034, 7.069627766983245, 0.0 ], [ 8.895759484193334, 7.069304176142502, 0.0 ], [ 8.895604771982397, 7.06867147326244, 0.0 ], [ 8.894971426884025, 7.068826028012905, 0.0 ], [ 8.89419787785504, 7.065662512612876, 0.0 ], [ 8.89388846038019, 7.064397105655307, 0.0 ], [ 8.894521799765833, 7.064242552262928, 0.0 ], [ 8.89434560423426, 7.063521973712322, 0.0 ], [ 8.893078926912992, 7.063831078283576, 0.0 ], [ 8.892460102894395, 7.061300262564801, 0.0 ], [ 8.892150693787038, 7.060034855237693, 0.0 ], [ 8.890162726474029, 7.060519967740168, 0.0 ], [ 8.889853323213389, 7.059254558046184, 0.0 ], [ 8.889219989185305, 7.059409104308585, 0.0 ], [ 8.88891059009201, 7.058143694885534, 0.0 ] ] ] } },
{ "type": "Feature", "properties": { "OBJECTID": 139, "ActivityID": "BEN0001", "Stra_Catch": "Aloma-Ebonyi", "Micr_Catch": "Nienga", "State": "Benue", "LGA": "Ushongo", "Site_Name": "MBASHAKAA", "Interv_Typ": "Afforestation (Orchard)", "Component": "A - Dryland Management", "Comments": null, "Implemnter": "Benue_ACReSAL", "Start_Date": "2024-08-02T00:00:00", "End_Date": "2024/10/24", "No_Trees_P": 84205, "Sub_compon": "A2-1", "Lon": 8.9112883821400004, "Lat": 7.1220667639700004, "Female_pop": 91, "Buffer_Mtr": 0, "Area_Impac": 684.58970342299995, "Male_pop": 50, "Area_Intev": 684.58970342299995, "Netsize_Ha": 684.58970342299995, "Indicator": "Area under improved catchment management", "Benefi_pop": 141.0, "Perct_NDVI": 0.0, "parent_micro_name": "MBASHAKAA" }, "geometry": { "type": "Polygon", "coordinates": [ [ [ 8.907788149642977, 7.13240646482643, 0.0 ], [ 8.907543631787595, 7.132388324153303, 0.0 ], [ 8.907335175672577, 7.13318432171854, 0.0 ], [ 8.906447662786819, 7.133129867425094, 0.0 ], [ 8.9031332728345, 7.131989400846655, 0.0 ], [ 8.902544824801788, 7.130976136212381, 0.0 ], [ 8.902427119421533, 7.130849468759407, 0.0 ], [ 8.9020648359053, 7.130994126532601, 0.0 ], [ 8.901973242866097, 7.13131407780717, 0.0 ], [ 8.901620883079829, 7.131898622278998, 0.0 ], [ 8.901901529503146, 7.132369068769725, 0.0 ], [ 8.902263666455898, 7.132920945437322, 0.0 ], [ 8.903196355642429, 7.133472941740767, 0.0 ], [ 8.903286837722398, 7.133861934398238, 0.0 ], [ 8.903105527545236, 7.134730302780954, 0.0 ], [ 8.902154805766319, 7.133789328785663, 0.0 ], [ 8.901720008999481, 7.134214393756817, 0.0 ], [ 8.901357821365027, 7.133897710066369, 0.0 ], [ 8.900778431246215, 7.132884445219411, 0.0 ], [ 8.900841882195898, 7.132622127748741, 0.0 ], [ 8.90100498399055, 7.132215097228555, 0.0 ], [ 8.898985597359541, 7.131400529141701, 0.0 ], [ 8.899446348613033, 7.134009212855274, 0.0 ], [ 8.898631839490672, 7.133951395255253, 0.0 ], [ 8.897681293226158, 7.132268648487406, 0.0 ], [ 8.897500174355606, 7.132232424743136, 0.0 ], [ 8.89803488688214, 7.130477638543028, 0.0 ], [ 8.897437244829543, 7.130142807992543, 0.0 ], [ 8.896718206187439, 7.130242858331356, 0.0 ], [ 8.896712770910996, 7.130006958143804, 0.0 ], [ 8.895825394425263, 7.129382591891227, 0.0 ], [ 8.895466665430263, 7.128616973581948, 0.0 ], [ 8.897529578043482, 7.122173389262825, 0.0 ], [ 8.898326465245431, 7.122417804466504, 0.0 ], [ 8.898144600585567, 7.123275029305928, 0.0 ], [ 8.897782563595502, 7.123877439121786, 0.0 ], [ 8.89853437505721, 7.124154030254164, 0.0 ], [ 8.89859229212272, 7.124351696831047, 0.0 ], [ 8.899367404047341, 7.124797104553931, 0.0 ], [ 8.899376547041756, 7.124399086828809, 0.0 ], [ 8.899494340582059, 7.124109643552974, 0.0 ], [ 8.899675450539549, 7.124173004193058, 0.0 ], [ 8.899729860388495, 7.123838317583628, 0.0 ], [ 8.900680683469487, 7.124191312954046, 0.0 ], [ 8.900771354275268, 7.123684761834578, 0.0 ], [ 8.899874906473375, 7.123159906267182, 0.0 ], [ 8.900500062847367, 7.121857431024587, 0.0 ], [ 8.901315040238256, 7.122210395837175, 0.0 ], [ 8.901469110629975, 7.121667674424196, 0.0 ], [ 8.901288001394802, 7.121604314489719, 0.0 ], [ 8.901224596818944, 7.121658576383528, 0.0 ], [ 8.900400542252537, 7.121433153998132, 0.0 ], [ 8.900398307314314, 7.121122002455783, 0.0 ], [ 8.901353874049031, 7.120412792948043, 0.0 ], [ 8.9007535075487, 7.119879796563436, 0.0 ], [ 8.90059058142597, 7.119490787686159, 0.0 ], [ 8.901043430807412, 7.119282828917562, 0.0 ], [ 8.901070655282224, 7.119020503487384, 0.0 ], [ 8.900626996572591, 7.118604296806373, 0.0 ], [ 8.900400744821034, 7.117907713464946, 0.0 ], [ 8.900563763724534, 7.117862518983442, 0.0 ], [ 8.900419011018126, 7.117193090849822, 0.0 ], [ 8.90097146502595, 7.117030383044775, 0.0 ], [ 8.903090962577856, 7.117841598954977, 0.0 ], [ 8.902955064595098, 7.11811294766953, 0.0 ], [ 8.903597822720153, 7.119180498888155, 0.0 ], [ 8.902393188691656, 7.120003423796786, 0.0 ], [ 8.90374201856981, 7.122545605639997, 0.0 ], [ 8.904085977697859, 7.123386946197766, 0.0 ], [ 8.90311690450878, 7.123685259074151, 0.0 ], [ 8.902881417208647, 7.123811852343812, 0.0 ], [ 8.902708850735264, 7.123558530770164, 0.0 ], [ 8.902138864064211, 7.123558410530396, 0.0 ], [ 8.902056826790792, 7.12346067660065, 0.0 ], [ 8.902193281637055, 7.123178494079193, 0.0 ], [ 8.90116095397911, 7.122825484408144, 0.0 ], [ 8.901830854016808, 7.124028732248534, 0.0 ], [ 8.901459421000785, 7.124634728782318, 0.0 ], [ 8.90223817537397, 7.125005776089098, 0.0 ], [ 8.902509693306891, 7.125801872881828, 0.0 ], [ 8.903904439801552, 7.125377007374183, 0.0 ], [ 8.904927571833207, 7.12644463547117, 0.0 ], [ 8.905226496298805, 7.126109998410655, 0.0 ], [ 8.905235582255836, 7.125965265815585, 0.0 ], [ 8.905815097500055, 7.126372449884249, 0.0 ], [ 8.905163006009184, 7.126580372371988, 0.0 ], [ 8.908758165563892, 7.12742236489641, 0.0 ], [ 8.909120380065572, 7.127603354321496, 0.0 ], [ 8.909383098608391, 7.127160156592677, 0.0 ], [ 8.909917383717902, 7.127332133186878, 0.0 ], [ 8.910750473160084, 7.12777554407907, 0.0 ], [ 8.912960342614449, 7.127025155329718, 0.0 ], [ 8.913711978963399, 7.127197168422907, 0.0 ], [ 8.91386590143742, 7.127378115229368, 0.0 ], [ 8.913838702259259, 7.127540936453128, 0.0 ], [ 8.913321862636986, 7.127969361539294, 0.0 ], [ 8.912669564854555, 7.12927184900249, 0.0 ], [ 8.91332123347123, 7.131316345954971, 0.0 ], [ 8.913321111003762, 7.13196765097423, 0.0 ], [ 8.914625103934773, 7.132619198821051, 0.0 ], [ 8.915929219389929, 7.132619437985555, 0.0 ], [ 8.917560429308914, 7.131680107659306, 0.0 ], [ 8.91788574071143, 7.130665874541232, 0.0 ], [ 8.917705470880206, 7.128961848146464, 0.0 ], [ 8.918095063081655, 7.127994005439794, 0.0 ], [ 8.918638514111926, 7.127568943823518, 0.0 ], [ 8.919625638463259, 7.127614346029401, 0.0 ], [ 8.92102936033934, 7.127605542042425, 0.0 ], [ 8.921319265591929, 7.126990469809054, 0.0 ], [ 8.922967659883618, 7.126049973018376, 0.0 ], [ 8.923900411298872, 7.126294366980121, 0.0 ], [ 8.925666285335602, 7.126864546445907, 0.0 ], [ 8.927594734742605, 7.130248021924073, 0.0 ], [ 8.928129014935019, 7.130519482535695, 0.0 ], [ 8.926862803466095, 7.117488083504653, 0.0 ], [ 8.929171458949289, 7.117307625549262, 0.0 ], [ 8.928830198076534, 7.113465591235223, 0.0 ], [ 8.926112721079237, 7.113282867956738, 0.0 ], [ 8.92403128358889, 7.110362899381386, 0.0 ], [ 8.91945684139133, 7.108853099363805, 0.0 ], [ 8.918578803115384, 7.108301501632885, 0.0 ], [ 8.915359638151372, 7.110930270498153, 0.0 ], [ 8.912103459636009, 7.110046956992905, 0.0 ], [ 8.909054147523593, 7.110159053500256, 0.0 ], [ 8.907929752367215, 7.110418381251374, 0.0 ], [ 8.90631756175415, 7.111895463224845, 0.0 ], [ 8.904911852167066, 7.11182037079542, 0.0 ], [ 8.902846750314376, 7.11390152882703, 0.0 ], [ 8.902759867486472, 7.114011935798321, 0.0 ], [ 8.902140886346544, 7.114014980543377, 0.0 ], [ 8.897413446717385, 7.113699965122616, 0.0 ], [ 8.897173281043294, 7.1141686010712, 0.0 ], [ 8.896684776678226, 7.113997409851909, 0.0 ], [ 8.896356780097657, 7.115323899637778, 0.0 ], [ 8.896984510084899, 7.115775943293674, 0.0 ], [ 8.894867539151926, 7.117689388183345, 0.0 ], [ 8.894668392495399, 7.11730941494254, 0.0 ], [ 8.893409486564558, 7.117806651503463, 0.0 ], [ 8.893237414140186, 7.120227549701153, 0.0 ], [ 8.892630250964887, 7.121964222426064, 0.0 ], [ 8.894547976489378, 7.131486468762405, 0.0 ], [ 8.895418045910111, 7.130912912285193, 0.0 ], [ 8.895645484332197, 7.131325721745132, 0.0 ], [ 8.896160000367757, 7.131499407657977, 0.0 ], [ 8.896662502546821, 7.131633222324149, 0.0 ], [ 8.896186287693546, 7.1329612018556, 0.0 ], [ 8.895733745063481, 7.134185943484352, 0.0 ], [ 8.896512549316176, 7.134385128395429, 0.0 ], [ 8.895978091783244, 7.134963945788143, 0.0 ], [ 8.896376412586834, 7.135678661243811, 0.0 ], [ 8.897200780256775, 7.134629521340614, 0.0 ], [ 8.897064821206547, 7.135136061344039, 0.0 ], [ 8.897182485798362, 7.135443648081687, 0.0 ], [ 8.897472258650803, 7.135588446872785, 0.0 ], [ 8.898278227315418, 7.135823818460462, 0.0 ], [ 8.898595414905536, 7.134855977116207, 0.0 ], [ 8.899676528684688, 7.134660567627951, 0.0 ], [ 8.90009783578755, 7.136648412826473, 0.0 ], [ 8.899917187079522, 7.136982051552223, 0.0 ], [ 8.899445662671956, 7.137152049064874, 0.0 ], [ 8.899989285025546, 7.13861032874583, 0.0 ], [ 8.900079828147414, 7.13870985322456, 0.0 ], [ 8.900723040545664, 7.137769218657889, 0.0 ], [ 8.900994944184287, 7.136792320057046, 0.0 ], [ 8.901438721149889, 7.136738139612627, 0.0 ], [ 8.901538322596762, 7.136828619847805, 0.0 ], [ 8.901936875133535, 7.136503052320263, 0.0 ], [ 8.902706233192001, 7.135963825310095, 0.0 ], [ 8.904252384909965, 7.135908311776784, 0.0 ], [ 8.906057366382274, 7.134700822359865, 0.0 ], [ 8.9061123303226, 7.134341950099008, 0.0 ], [ 8.906492663781265, 7.134513899367854, 0.0 ], [ 8.90698158662074, 7.135120073436011, 0.0 ], [ 8.907126629486324, 7.134423568277687, 0.0 ], [ 8.906746299519675, 7.134233527727344, 0.0 ], [ 8.906927571590458, 7.133518938116338, 0.0 ], [ 8.907181155499545, 7.133491851438056, 0.0 ], [ 8.907217268071047, 7.13405270455884, 0.0 ], [ 8.907697229221316, 7.134188489238853, 0.0 ], [ 8.907796863950658, 7.134116141930948, 0.0 ], [ 8.907788149642977, 7.13240646482643, 0.0 ] ] ] } },
{ "type": "Feature", "properties": { "OBJECTID": 140, "ActivityID": "BEN0001", "Stra_Catch": "Aloma-Ebonyi", "Micr_Catch": "Nienga", "State": "Benue", "LGA": "Ushongo", "Site_Name": "ISHA_FIRST_GATE", "Interv_Typ": "Afforestation (Orchard)", "Component": "A - Dryland Management", "Comments": null, "Implemnter": "Benue_ACReSAL", "Start_Date": "2024-08-02T00:00:00", "End_Date": "2024/10/24", "No_Trees_P": 21511, "Sub_compon": "A2-1", "Lon": 8.9048868392500005, "Lat": 7.0814509942199999, "Female_pop": 78, "Buffer_Mtr": 0, "Area_Impac": 174.88534730200001, "Male_pop": 31, "Area_Intev": 174.88534730200001, "Netsize_Ha": 174.88534730200001, "Indicator": "Area under improved catchment management", "Benefi_pop": 109.0, "Perct_NDVI": 0.0, "parent_micro_name": "MBASHAKAA" }, "geometry": { "type": "Polygon", "coordinates": [ [ [ 8.909893634991098, 7.089792138397343, 0.0 ], [ 8.909894032175965, 7.087747760725211, 0.0 ], [ 8.912502009701953, 7.08774825894732, 0.0 ], [ 8.912502132552369, 7.087096952702366, 0.0 ], [ 8.909242165251579, 7.08709632769649, 0.0 ], [ 8.909242437764579, 7.085703256068833, 0.0 ], [ 8.909242819898044, 7.083749337281919, 0.0 ], [ 8.911198786134522, 7.083749714848528, 0.0 ], [ 8.911198661513643, 7.084401021164092, 0.0 ], [ 8.911850651197724, 7.08440114520319, 0.0 ], [ 8.91185052748016, 7.085052451512069, 0.0 ], [ 8.9141809411956, 7.085052887433731, 0.0 ], [ 8.914697503926792, 7.084666020555582, 0.0 ], [ 8.912252090338704, 7.080362595844106, 0.0 ], [ 8.911291130465843, 7.079886959022388, 0.0 ], [ 8.911045318552747, 7.079076972707021, 0.0 ], [ 8.909802521452043, 7.078304891921112, 0.0 ], [ 8.909665569454965, 7.078475836024043, 0.0 ], [ 8.908265498898867, 7.076313397466276, 0.0 ], [ 8.907197785796461, 7.076313185865543, 0.0 ], [ 8.907197915881838, 7.07566187939666, 0.0 ], [ 8.906545938552279, 7.075661748994808, 0.0 ], [ 8.906546200513754, 7.074359136026743, 0.0 ], [ 8.903938298630237, 7.074358605388774, 0.0 ], [ 8.903938029358551, 7.07566121825817, 0.0 ], [ 8.902634074837593, 7.075660947412315, 0.0 ], [ 8.902633938354874, 7.076312253794569, 0.0 ], [ 8.900678003928544, 7.07631184064047, 0.0 ], [ 8.900678282364275, 7.075009227934585, 0.0 ], [ 8.899283777541696, 7.075008928409039, 0.0 ], [ 8.897979825035454, 7.075008644555073, 0.0 ], [ 8.897979682041962, 7.075659950862872, 0.0 ], [ 8.897327704895226, 7.075659807553312, 0.0 ], [ 8.896675727762071, 7.075659663330831, 0.0 ], [ 8.896023750642586, 7.075659518195428, 0.0 ], [ 8.895371773536857, 7.075659372147102, 0.0 ], [ 8.8953716925914, 7.076018846152747, 0.0 ], [ 8.89583327519518, 7.076670720879083, 0.0 ], [ 8.895644912011143, 7.07696204597397, 0.0 ], [ 8.896023459131424, 7.076962130676048, 0.0 ], [ 8.896023313355208, 7.07761343688908, 0.0 ], [ 8.896023001509906, 7.079006508450354, 0.0 ], [ 8.896674983326763, 7.079006653655086, 0.0 ], [ 8.89667483842172, 7.079657959824522, 0.0 ], [ 8.897326821166596, 7.079658104129303, 0.0 ], [ 8.897326612022917, 7.080604004207568, 0.0 ], [ 8.899803998346076, 7.083005634312605, 0.0 ], [ 8.90002299088291, 7.083443396260859, 0.0 ], [ 8.900024284659821, 7.084398753189849, 0.0 ], [ 8.899372295202259, 7.084398612570693, 0.0 ], [ 8.899372153971395, 7.085049918644437, 0.0 ], [ 8.900024144344021, 7.085050059276648, 0.0 ], [ 8.900023984523804, 7.085791824519998, 0.0 ], [ 8.900023844179712, 7.086443130567858, 0.0 ], [ 8.90002370382239, 7.087094436597511, 0.0 ], [ 8.900675697081084, 7.08709457635629, 0.0 ], [ 8.901327690352918, 7.087094715200656, 0.0 ], [ 8.90190526856469, 7.08709483743424, 0.0 ], [ 8.902021698630996, 7.087037398698602, 0.0 ], [ 8.902375662256746, 7.086701197491856, 0.0 ], [ 8.902631840582403, 7.086315266404818, 0.0 ], [ 8.902632242621481, 7.084399306525864, 0.0 ], [ 8.903284232144317, 7.084399442574714, 0.0 ], [ 8.903284367872008, 7.08374813640571, 0.0 ], [ 8.90654431110152, 7.083748802877168, 0.0 ], [ 8.906543899385936, 7.085793180707459, 0.0 ], [ 8.907195890941578, 7.085793311297872, 0.0 ], [ 8.907195630376563, 7.087095923651402, 0.0 ], [ 8.907938178414716, 7.087096071293246, 0.0 ], [ 8.907937901930605, 7.088489142786702, 0.0 ], [ 8.908589897301077, 7.088489271471069, 0.0 ], [ 8.908589640551362, 7.08979188372514, 0.0 ], [ 8.909893634991098, 7.089792138397343, 0.0 ] ] ] } },
{ "type": "Feature", "properties": { "OBJECTID": 148, "ActivityID": "BEN0001", "Stra_Catch": "Aloma-Ebonyi", "Micr_Catch": "Nienga", "State": "Benue", "LGA": "Ushongo", "Site_Name": "Tse_Senduen", "Interv_Typ": "Afforestation (Orchard)", "Component": "A - Dryland Management", "Comments": null, "Implemnter": "Benue_ACReSAL", "Start_Date": "2024-08-02T00:00:00", "End_Date": "2024/10/24", "No_Trees_P": 25737, "Sub_compon": "A2-1", "Lon": 8.9641765163899993, "Lat": 7.1890531286000003, "Female_pop": 37, "Buffer_Mtr": 0, "Area_Impac": 209.24709751200001, "Male_pop": 81, "Area_Intev": 209.24709751200001, "Netsize_Ha": 209.24709751200001, "Indicator": "Area under improved catchment management", "Benefi_pop": 118.0, "Perct_NDVI": 0.0, "parent_micro_name": "MBASHAKAA" }, "geometry": { "type": "Polygon", "coordinates": [ [ [ 8.960141557676859, 7.190768300054316, 0.0 ], [ 8.960709328621299, 7.190833089596852, 0.0 ], [ 8.960324117739262, 7.192182123039822, 0.0 ], [ 8.960214526697801, 7.192413741629657, 0.0 ], [ 8.960952608257696, 7.192844639031552, 0.0 ], [ 8.960972499964278, 7.192861017400869, 0.0 ], [ 8.960770342284858, 7.193139074331712, 0.0 ], [ 8.96132581288234, 7.193530828374615, 0.0 ], [ 8.962564570357149, 7.194678515118002, 0.0 ], [ 8.963387836239137, 7.195382240386301, 0.0 ], [ 8.96344928746103, 7.195440024990581, 0.0 ], [ 8.963333781864007, 7.195635553452325, 0.0 ], [ 8.9633532946927, 7.195657873929872, 0.0 ], [ 8.963045046229125, 7.196272307278275, 0.0 ], [ 8.96364271472898, 7.196494731042398, 0.0 ], [ 8.963450158875336, 7.196888095975025, 0.0 ], [ 8.963957199515125, 7.197327884725431, 0.0 ], [ 8.963020494581828, 7.198555100617644, 0.0 ], [ 8.964938831280749, 7.200185957797491, 0.0 ], [ 8.964963835696256, 7.200142268992498, 0.0 ], [ 8.965320550195825, 7.200385032528533, 0.0 ], [ 8.965446471981705, 7.200376003403563, 0.0 ], [ 8.965515516636923, 7.200249490150388, 0.0 ], [ 8.966085583331775, 7.200476401728523, 0.0 ], [ 8.96624030302786, 7.200371675387592, 0.0 ], [ 8.966422647229029, 7.2004216338449, 0.0 ], [ 8.966578094261109, 7.200216589482078, 0.0 ], [ 8.967338796550644, 7.200198738064197, 0.0 ], [ 8.970175631199155, 7.196952753085659, 0.0 ], [ 8.970104087606639, 7.196884216783323, 0.0 ], [ 8.970363159452313, 7.196424405869973, 0.0 ], [ 8.970158235167196, 7.196258579646956, 0.0 ], [ 8.970127628376529, 7.195527213160194, 0.0 ], [ 8.970066745372279, 7.195423982947975, 0.0 ], [ 8.970294855768211, 7.195214559274759, 0.0 ], [ 8.970244626436768, 7.195165103052998, 0.0 ], [ 8.970417189524561, 7.194935134302708, 0.0 ], [ 8.96646676190189, 7.191450872823252, 0.0 ], [ 8.968990779918897, 7.189026299963737, 0.0 ], [ 8.968071575548841, 7.188374757314957, 0.0 ], [ 8.971343584884099, 7.184489626781803, 0.0 ], [ 8.97100623912686, 7.183998500503838, 0.0 ], [ 8.97169773515027, 7.183508370321197, 0.0 ], [ 8.971665035700182, 7.183414594967204, 0.0 ], [ 8.971726617970013, 7.18286699211324, 0.0 ], [ 8.971002060943254, 7.182712308267817, 0.0 ], [ 8.970739457294902, 7.183224816469567, 0.0 ], [ 8.96966675094999, 7.182940115093398, 0.0 ], [ 8.969619463416393, 7.182994257056415, 0.0 ], [ 8.968857204401989, 7.182698459553017, 0.0 ], [ 8.968706898406804, 7.182938634043849, 0.0 ], [ 8.968240395765518, 7.182661401481847, 0.0 ], [ 8.967595223183562, 7.182394725081681, 0.0 ], [ 8.967262797364043, 7.183019893836967, 0.0 ], [ 8.96138122886317, 7.179778118793915, 0.0 ], [ 8.961336553131911, 7.179764050479116, 0.0 ], [ 8.961650168675389, 7.179110783318452, 0.0 ], [ 8.961041887537732, 7.178807103085432, 0.0 ], [ 8.960952493609174, 7.178918335549302, 0.0 ], [ 8.960614259633832, 7.178727537819467, 0.0 ], [ 8.960000490560029, 7.179745603588684, 0.0 ], [ 8.958974897123682, 7.178206586009344, 0.0 ], [ 8.958737776172734, 7.178095744429294, 0.0 ], [ 8.958632336666135, 7.178359789077834, 0.0 ], [ 8.958026164274221, 7.178561007884718, 0.0 ], [ 8.957950863844566, 7.178621205932612, 0.0 ], [ 8.957805707378936, 7.179025289822918, 0.0 ], [ 8.957855079713216, 7.179111719719821, 0.0 ], [ 8.958174393862796, 7.179313419860714, 0.0 ], [ 8.957903326372984, 7.179768140229747, 0.0 ], [ 8.959216776572248, 7.180466445196603, 0.0 ], [ 8.95838715770765, 7.182282072953084, 0.0 ], [ 8.957096956337848, 7.184773452938143, 0.0 ], [ 8.957039566614075, 7.184660547620617, 0.0 ], [ 8.956634061260669, 7.185220228432267, 0.0 ], [ 8.956868936847764, 7.185364994768497, 0.0 ], [ 8.957203631165982, 7.185397791238226, 0.0 ], [ 8.956875683634394, 7.18689340519249, 0.0 ], [ 8.95957035747114, 7.188688496232253, 0.0 ], [ 8.959491982599831, 7.189032365158991, 0.0 ], [ 8.959348682685638, 7.18902947226321, 0.0 ], [ 8.95924539118162, 7.18940575034996, 0.0 ], [ 8.959550262096567, 7.189605038377539, 0.0 ], [ 8.959480398162391, 7.189777604240335, 0.0 ], [ 8.959744934076548, 7.189951783515657, 0.0 ], [ 8.959488341370873, 7.19046485454812, 0.0 ], [ 8.960141557676859, 7.190768300054316, 0.0 ] ] ] } },
{ "type": "Feature", "properties": { "OBJECTID": 149, "ActivityID": "BEN0001", "Stra_Catch": "Aloma-Ebonyi", "Micr_Catch": "Nienga", "State": "Benue", "LGA": "Ushongo", "Site_Name": "Mbaviende", "Interv_Typ": "Afforestation (Orchard)", "Component": "A - Dryland Management", "Comments": null, "Implemnter": "Benue_ACReSAL", "Start_Date": "2024-08-02T00:00:00", "End_Date": "2024/10/24", "No_Trees_P": 22879, "Sub_compon": "A2-1", "Lon": 8.8391489392199993, "Lat": 7.09820707034, "Female_pop": 74, "Buffer_Mtr": 0, "Area_Impac": 186.009421699, "Male_pop": 66, "Area_Intev": 186.009421699, "Netsize_Ha": 186.009421699, "Indicator": "Area under improved catchment management", "Benefi_pop": 140.0, "Perct_NDVI": 0.0, "parent_micro_name": "MBASHAKAA" }, "geometry": { "type": "Polygon", "coordinates": [ [ [ 8.846749969837354, 7.099170788772418, 0.0 ], [ 8.846688528831335, 7.09903683677488, 0.0 ], [ 8.846994039899753, 7.099018624180133, 0.0 ], [ 8.847136642571813, 7.098968614806974, 0.0 ], [ 8.847519421125206, 7.098405841810886, 0.0 ], [ 8.847558450274464, 7.098421933709432, 0.0 ], [ 8.847639955695893, 7.098207510337129, 0.0 ], [ 8.846863710255672, 7.097998072187384, 0.0 ], [ 8.84714069718046, 7.097282688346437, 0.0 ], [ 8.847288223210281, 7.097212363451159, 0.0 ], [ 8.847046844523451, 7.096879430310582, 0.0 ], [ 8.846874209192668, 7.096667279717199, 0.0 ], [ 8.847023254165039, 7.096189635904366, 0.0 ], [ 8.847180243258995, 7.095767056106729, 0.0 ], [ 8.846716862969238, 7.095504322718782, 0.0 ], [ 8.846486807349905, 7.095333959537544, 0.0 ], [ 8.846711399677917, 7.095129439987768, 0.0 ], [ 8.846407010351504, 7.094951224811225, 0.0 ], [ 8.846088943146933, 7.094616518141542, 0.0 ], [ 8.846058832667405, 7.094602089907663, 0.0 ], [ 8.846462387445943, 7.093575464511109, 0.0 ], [ 8.84551214570722, 7.093863407754787, 0.0 ], [ 8.845208414984343, 7.093373768964659, 0.0 ], [ 8.844477330208175, 7.092423636011812, 0.0 ], [ 8.843933107327164, 7.092135521717392, 0.0 ], [ 8.843796768536423, 7.092101687663811, 0.0 ], [ 8.843882538528787, 7.091828797285457, 0.0 ], [ 8.843191878832222, 7.091637118244239, 0.0 ], [ 8.842151880934422, 7.091288803021533, 0.0 ], [ 8.841837750536609, 7.091627697457267, 0.0 ], [ 8.841119391975973, 7.092065243815854, 0.0 ], [ 8.840511477207054, 7.092302589749631, 0.0 ], [ 8.840002892890862, 7.092359331631005, 0.0 ], [ 8.839794310870934, 7.092215916694788, 0.0 ], [ 8.839284552246321, 7.091835960512779, 0.0 ], [ 8.838871373577422, 7.092101802861598, 0.0 ], [ 8.838374257700702, 7.092546849159763, 0.0 ], [ 8.83758594361638, 7.092714137622029, 0.0 ], [ 8.837334648939775, 7.092475434410034, 0.0 ], [ 8.837391068464846, 7.092088616488946, 0.0 ], [ 8.836996049235097, 7.09193003018861, 0.0 ], [ 8.836711937874727, 7.092118585228735, 0.0 ], [ 8.836260641322701, 7.09196544133868, 0.0 ], [ 8.835872941360195, 7.091550859715908, 0.0 ], [ 8.835781117607327, 7.091304895674434, 0.0 ], [ 8.835182488574922, 7.09101761410475, 0.0 ], [ 8.83486119232029, 7.091709735133522, 0.0 ], [ 8.834892611499535, 7.092116224374866, 0.0 ], [ 8.834574652680384, 7.092488960314376, 0.0 ], [ 8.834473209389508, 7.092652289366642, 0.0 ], [ 8.834281524883608, 7.092848169510331, 0.0 ], [ 8.834470039835226, 7.093139467399666, 0.0 ], [ 8.834362113553141, 7.0932848678654, 0.0 ], [ 8.833982797627913, 7.093664829035591, 0.0 ], [ 8.833829659885577, 7.093897067328002, 0.0 ], [ 8.833577526173672, 7.094137593224855, 0.0 ], [ 8.83330596839674, 7.094329127602439, 0.0 ], [ 8.83310552325529, 7.094509858540425, 0.0 ], [ 8.832850485688088, 7.094745158974719, 0.0 ], [ 8.83259794650527, 7.094874611487561, 0.0 ], [ 8.832343188678884, 7.094680872404609, 0.0 ], [ 8.83217772205573, 7.094619020163313, 0.0 ], [ 8.831513711683407, 7.094767549337682, 0.0 ], [ 8.831292164413755, 7.095012717442618, 0.0 ], [ 8.83111329437533, 7.095351610942802, 0.0 ], [ 8.830944697181192, 7.095495731115101, 0.0 ], [ 8.831098253611817, 7.095990915544361, 0.0 ], [ 8.831290039981466, 7.096810714679011, 0.0 ], [ 8.830801614127985, 7.096978600492093, 0.0 ], [ 8.831033027430282, 7.097082073853518, 0.0 ], [ 8.831792523840354, 7.097534552738376, 0.0 ], [ 8.831699260686332, 7.097781313391267, 0.0 ], [ 8.832400470637083, 7.098198004537103, 0.0 ], [ 8.832460697130594, 7.098107741072802, 0.0 ], [ 8.833052167578682, 7.098508436492008, 0.0 ], [ 8.832992021710341, 7.098626406714883, 0.0 ], [ 8.833068334662736, 7.098684273580933, 0.0 ], [ 8.833017453992055, 7.098896672647794, 0.0 ], [ 8.833016247470407, 7.099319450816147, 0.0 ], [ 8.833042211916839, 7.099859439996619, 0.0 ], [ 8.833176273601593, 7.099931280902624, 0.0 ], [ 8.832826390795919, 7.100876754235945, 0.0 ], [ 8.832621112171642, 7.101508597900573, 0.0 ], [ 8.833743671650568, 7.101968183458164, 0.0 ], [ 8.834105270637844, 7.102139744239508, 0.0 ], [ 8.833815510714276, 7.103176479267428, 0.0 ], [ 8.833833113772194, 7.103472761904701, 0.0 ], [ 8.833600749313078, 7.104225922381839, 0.0 ], [ 8.834043590353849, 7.104467949079889, 0.0 ], [ 8.833728492019951, 7.105130259267392, 0.0 ], [ 8.834630424232532, 7.105591803516311, 0.0 ], [ 8.834980820428724, 7.105827635214368, 0.0 ], [ 8.83516532702466, 7.105982693068915, 0.0 ], [ 8.835165227688217, 7.106020040786977, 0.0 ], [ 8.835551652749144, 7.106203192578322, 0.0 ], [ 8.835528213101746, 7.105284928114255, 0.0 ], [ 8.837176336835697, 7.105285509746035, 0.0 ], [ 8.837197353657508, 7.104976279819948, 0.0 ], [ 8.838051653102806, 7.102828991725758, 0.0 ], [ 8.841102367355345, 7.103820500320162, 0.0 ], [ 8.84250257037306, 7.10223429058507, 0.0 ], [ 8.844471199228753, 7.101191048799336, 0.0 ], [ 8.845590382066984, 7.101274825744029, 0.0 ], [ 8.845709435245462, 7.099151319187698, 0.0 ], [ 8.846749969837354, 7.099170788772418, 0.0 ] ] ] } },
{ "type": "Feature", "properties": { "OBJECTID": 150, "ActivityID": "BEN0001", "Stra_Catch": "Aloma-Ebonyi", "Micr_Catch": "Nienga", "State": "Benue", "LGA": "Ushongo", "Site_Name": "Tse_Shirgba", "Interv_Typ": "Afforestation (Orchard)", "Component": "A - Dryland Management", "Comments": null, "Implemnter": "Benue_ACReSAL", "Start_Date": "2024-08-02T00:00:00", "End_Date": "2024/10/24", "No_Trees_P": 38838, "Sub_compon": "A2-1", "Lon": 8.8883773030800004, "Lat": 7.1022442644200003, "Female_pop": 78, "Buffer_Mtr": 0, "Area_Impac": 315.75536813600002, "Male_pop": 22, "Area_Intev": 315.75536813600002, "Netsize_Ha": 315.75536813600002, "Indicator": "Area under improved catchment management", "Benefi_pop": 100.0, "Perct_NDVI": 0.0, "parent_micro_name": "MBASHAKAA" }, "geometry": { "type": "Polygon", "coordinates": [ [ [ 8.898626564726744, 7.09894831856577, 0.0 ], [ 8.898717669759392, 7.098607722762887, 0.0 ], [ 8.897912921982291, 7.098433753676455, 0.0 ], [ 8.898060767422532, 7.097373803314441, 0.0 ], [ 8.897606037213057, 7.097329276950319, 0.0 ], [ 8.897710538468754, 7.095779739602765, 0.0 ], [ 8.89738975785037, 7.095727832123334, 0.0 ], [ 8.897551555218509, 7.093813066827305, 0.0 ], [ 8.895972772448186, 7.094410009425769, 0.0 ], [ 8.893268227280458, 7.094506094736142, 0.0 ], [ 8.892503743976567, 7.094432234026042, 0.0 ], [ 8.890928509176552, 7.093854827102133, 0.0 ], [ 8.890567728591057, 7.094638758659674, 0.0 ], [ 8.889826671307505, 7.094344831032211, 0.0 ], [ 8.889599940546594, 7.094794399698737, 0.0 ], [ 8.888427969616066, 7.094253971060049, 0.0 ], [ 8.888391146861453, 7.094306501769607, 0.0 ], [ 8.887574862638441, 7.093891286623602, 0.0 ], [ 8.887553318465841, 7.093906277719586, 0.0 ], [ 8.886248829741044, 7.093518776077398, 0.0 ], [ 8.885652173394185, 7.094407935750796, 0.0 ], [ 8.885601087415436, 7.094384757497681, 0.0 ], [ 8.885343520653135, 7.094809843618974, 0.0 ], [ 8.885383489868948, 7.094840871006894, 0.0 ], [ 8.885136618241361, 7.095320741667972, 0.0 ], [ 8.884692656644505, 7.095047556425611, 0.0 ], [ 8.884167817244622, 7.096161681033858, 0.0 ], [ 8.883910889767462, 7.096035601018074, 0.0 ], [ 8.883745859487199, 7.096369369150739, 0.0 ], [ 8.883154309509385, 7.096173266366383, 0.0 ], [ 8.882821590472144, 7.09689500260744, 0.0 ], [ 8.882724355890883, 7.09688608592699, 0.0 ], [ 8.882643909598276, 7.097173787903332, 0.0 ], [ 8.88251165371101, 7.097398216905511, 0.0 ], [ 8.882275199608811, 7.097337623593384, 0.0 ], [ 8.882095989064229, 7.097960198010457, 0.0 ], [ 8.882506923527346, 7.098056738822984, 0.0 ], [ 8.882316673020208, 7.09893667020242, 0.0 ], [ 8.882312080435581, 7.099059581211502, 0.0 ], [ 8.881995326609607, 7.100343420764335, 0.0 ], [ 8.880933198756505, 7.100062342793943, 0.0 ], [ 8.880626773954894, 7.100942031842043, 0.0 ], [ 8.879552870498754, 7.100587712025494, 0.0 ], [ 8.879206165280936, 7.101145550757434, 0.0 ], [ 8.878903985411428, 7.101886808367687, 0.0 ], [ 8.877987775831976, 7.101804441446267, 0.0 ], [ 8.877771367942026, 7.102411794380778, 0.0 ], [ 8.877067904514412, 7.102236818102678, 0.0 ], [ 8.876923817221364, 7.102990735225771, 0.0 ], [ 8.876814486626289, 7.102978374827663, 0.0 ], [ 8.87681427095413, 7.102985724567578, 0.0 ], [ 8.878966377543337, 7.103321137027604, 0.0 ], [ 8.878937035085112, 7.103348612638078, 0.0 ], [ 8.878935671670133, 7.108559052856122, 0.0 ], [ 8.878058765951266, 7.108558822985848, 0.0 ], [ 8.877975209419365, 7.108938966802817, 0.0 ], [ 8.877812157058806, 7.109841428972556, 0.0 ], [ 8.87875041456174, 7.110062072480038, 0.0 ], [ 8.879177529255179, 7.110109920166738, 0.0 ], [ 8.879726641221314, 7.110086122123771, 0.0 ], [ 8.879735016402664, 7.110046747484099, 0.0 ], [ 8.880221887260623, 7.109980157335849, 0.0 ], [ 8.88026543392124, 7.110027414434038, 0.0 ], [ 8.880315708405377, 7.109969007172522, 0.0 ], [ 8.880379221047653, 7.110021641777889, 0.0 ], [ 8.880377314783216, 7.110109139588302, 0.0 ], [ 8.88115598779563, 7.110264243787722, 0.0 ], [ 8.881796410176642, 7.109462799451958, 0.0 ], [ 8.882310231219128, 7.109934201884276, 0.0 ], [ 8.881596324510932, 7.110885272706081, 0.0 ], [ 8.881902686417185, 7.111041020022303, 0.0 ], [ 8.882190031027209, 7.11075275230241, 0.0 ], [ 8.882174158832367, 7.11073453162732, 0.0 ], [ 8.882642259479447, 7.109938201154078, 0.0 ], [ 8.882859693859039, 7.110044190933106, 0.0 ], [ 8.884058269291017, 7.110640119885326, 0.0 ], [ 8.884751103681653, 7.109777008637439, 0.0 ], [ 8.88542412363749, 7.110172316901052, 0.0 ], [ 8.886182960878592, 7.109465799844028, 0.0 ], [ 8.886845600194341, 7.108934903256295, 0.0 ], [ 8.887900214774179, 7.108267599741641, 0.0 ], [ 8.888612000937474, 7.108779001605399, 0.0 ], [ 8.888878230508118, 7.108427674583598, 0.0 ], [ 8.889172369857658, 7.108480738637406, 0.0 ], [ 8.889191209206743, 7.108445019954232, 0.0 ], [ 8.890145996760554, 7.108764397651139, 0.0 ], [ 8.890861608397799, 7.109104442213291, 0.0 ], [ 8.891136509827916, 7.108662343864982, 0.0 ], [ 8.891653489796289, 7.108903639725937, 0.0 ], [ 8.892258654100184, 7.10915168929699, 0.0 ], [ 8.892618228083467, 7.108852011296555, 0.0 ], [ 8.893105984588203, 7.108741593915545, 0.0 ], [ 8.89327106605842, 7.108184538859411, 0.0 ], [ 8.89357404496184, 7.108262415989506, 0.0 ], [ 8.894554392249509, 7.108409479545661, 0.0 ], [ 8.894559146248815, 7.108391093915389, 0.0 ], [ 8.894708697955934, 7.108394037075111, 0.0 ], [ 8.895691134224606, 7.108545022824818, 0.0 ], [ 8.895793786736689, 7.107875655959155, 0.0 ], [ 8.895837858925329, 7.107883703153866, 0.0 ], [ 8.895999464895006, 7.107124754260248, 0.0 ], [ 8.896046128921615, 7.107136295545732, 0.0 ], [ 8.896137413022197, 7.106897450648711, 0.0 ], [ 8.89702270473947, 7.107401311669372, 0.0 ], [ 8.897366012027717, 7.106855762099476, 0.0 ], [ 8.897931268005273, 7.10607219001668, 0.0 ], [ 8.898285821614422, 7.105616561237307, 0.0 ], [ 8.897529123849541, 7.105458804939494, 0.0 ], [ 8.897544391267013, 7.10540060331254, 0.0 ], [ 8.897250754737604, 7.105154911140787, 0.0 ], [ 8.89726945790866, 7.105109154741585, 0.0 ], [ 8.897203895413512, 7.105073439625899, 0.0 ], [ 8.897218463947283, 7.105038809685511, 0.0 ], [ 8.897160210424346, 7.104986738465241, 0.0 ], [ 8.897188013885538, 7.104928284534465, 0.0 ], [ 8.897161154623197, 7.104906695038472, 0.0 ], [ 8.897112228732995, 7.104959944692924, 0.0 ], [ 8.896647872179665, 7.104574507397282, 0.0 ], [ 8.896894126266821, 7.104096534725201, 0.0 ], [ 8.89689484212359, 7.103940061447973, 0.0 ], [ 8.897138419080331, 7.1035052949152, 0.0 ], [ 8.897287195359306, 7.103151460919089, 0.0 ], [ 8.89773481481701, 7.10317729362753, 0.0 ], [ 8.897939926845577, 7.103257097501025, 0.0 ], [ 8.898596866754225, 7.103264032347518, 0.0 ], [ 8.898798470566279, 7.103274343485829, 0.0 ], [ 8.898847305814659, 7.102983585094406, 0.0 ], [ 8.899016322451804, 7.10198873180992, 0.0 ], [ 8.899014648219337, 7.101954714295965, 0.0 ], [ 8.899260817295986, 7.100517895304422, 0.0 ], [ 8.898275576642897, 7.100260486999963, 0.0 ], [ 8.898626564726744, 7.09894831856577, 0.0 ] ] ] } },
{ "type": "Feature", "properties": { "OBJECTID": 151, "ActivityID": "BEN0001", "Stra_Catch": "Aloma-Ebonyi", "Micr_Catch": "Nienga", "State": "Benue", "LGA": "Ushongo", "Site_Name": "Tse_Abanyan", "Interv_Typ": "Afforestation (Orchard)", "Component": "A - Dryland Management", "Comments": null, "Implemnter": "Benue_ACReSAL", "Start_Date": "2024-08-02T00:00:00", "End_Date": "2024/10/24", "No_Trees_P": 30374, "Sub_compon": "A2-1", "Lon": 8.9121193571599999, "Lat": 7.0952633232700002, "Female_pop": 75, "Buffer_Mtr": 0, "Area_Impac": 246.94056105499999, "Male_pop": 67, "Area_Intev": 246.94056105499999, "Netsize_Ha": 246.94056105499999, "Indicator": "Area under improved catchment management", "Benefi_pop": 142.0, "Perct_NDVI": 0.0, "parent_micro_name": "MBASHAKAA" }, "geometry": { "type": "Polygon", "coordinates": [ [ [ 8.898626564726744, 7.09894831856577, 0.0 ], [ 8.898652608524305, 7.098954178768021, 0.0 ], [ 8.898564907886863, 7.099313268758494, 0.0 ], [ 8.899238332274518, 7.099609112762132, 0.0 ], [ 8.899180997437531, 7.099744243525289, 0.0 ], [ 8.900327368600351, 7.100249726173005, 0.0 ], [ 8.901753308289521, 7.100715741889907, 0.0 ], [ 8.903384415024481, 7.101294436632426, 0.0 ], [ 8.903923211386104, 7.100060787280723, 0.0 ], [ 8.904102371667726, 7.100051210342627, 0.0 ], [ 8.904395321047589, 7.099583505693331, 0.0 ], [ 8.904503080424449, 7.099609461610145, 0.0 ], [ 8.904530028078538, 7.09956709699938, 0.0 ], [ 8.905556413000074, 7.099996835948447, 0.0 ], [ 8.9057143236726, 7.099139337121112, 0.0 ], [ 8.907532143129091, 7.099506124814957, 0.0 ], [ 8.907488386543578, 7.100436910824556, 0.0 ], [ 8.908334177147939, 7.100531053966568, 0.0 ], [ 8.908331773974663, 7.100561977854406, 0.0 ], [ 8.910137151165062, 7.101088506524682, 0.0 ], [ 8.91004835518944, 7.101353836745235, 0.0 ], [ 8.910772713785116, 7.10174572531967, 0.0 ], [ 8.914068531685324, 7.103449682390353, 0.0 ], [ 8.915662846688845, 7.102438130617549, 0.0 ], [ 8.922692625919456, 7.098775305575651, 0.0 ], [ 8.92378232202228, 7.096878136889839, 0.0 ], [ 8.921397598158123, 7.094942555741372, 0.0 ], [ 8.922480552757643, 7.093382484839881, 0.0 ], [ 8.921670259783168, 7.092817809299816, 0.0 ], [ 8.923235929396748, 7.090259623648127, 0.0 ], [ 8.923100753822631, 7.09013440845577, 0.0 ], [ 8.923431842065964, 7.089459470006566, 0.0 ], [ 8.923909338596124, 7.089745354340034, 0.0 ], [ 8.924407975309695, 7.088540059330285, 0.0 ], [ 8.92474909351059, 7.08865496804927, 0.0 ], [ 8.925030433679233, 7.088154397676492, 0.0 ], [ 8.924845765133108, 7.088059156803229, 0.0 ], [ 8.925097841712779, 7.087190563634304, 0.0 ], [ 8.924925617564995, 7.087100878089792, 0.0 ], [ 8.925336582834037, 7.086431020372495, 0.0 ], [ 8.924170415758724, 7.085390144263244, 0.0 ], [ 8.924135441594514, 7.085402838130757, 0.0 ], [ 8.923743284034455, 7.085729020645472, 0.0 ], [ 8.922550461831042, 7.08705597256464, 0.0 ], [ 8.921872243585675, 7.086464502685975, 0.0 ], [ 8.921732435465637, 7.086577473601778, 0.0 ], [ 8.921451162833227, 7.086364514090246, 0.0 ], [ 8.921362501176548, 7.08648036832719, 0.0 ], [ 8.921159878177887, 7.086746450581694, 0.0 ], [ 8.920938976591929, 7.087096941659234, 0.0 ], [ 8.920325376935951, 7.087889448738902, 0.0 ], [ 8.920091660258223, 7.088205433327412, 0.0 ], [ 8.919775301276196, 7.088661191968852, 0.0 ], [ 8.919129829432203, 7.088986075637458, 0.0 ], [ 8.919038522547449, 7.089008197823833, 0.0 ], [ 8.918613180582186, 7.089149830602589, 0.0 ], [ 8.918100640318697, 7.089351998310784, 0.0 ], [ 8.918035412812372, 7.089325004638463, 0.0 ], [ 8.917723328528737, 7.08960918951073, 0.0 ], [ 8.917564424160533, 7.089904587549496, 0.0 ], [ 8.91742018650976, 7.090044128734114, 0.0 ], [ 8.91706167931101, 7.090529628178789, 0.0 ], [ 8.91641267764596, 7.091567889408855, 0.0 ], [ 8.916060588788207, 7.092212375734566, 0.0 ], [ 8.916119750661027, 7.092272165474109, 0.0 ], [ 8.915783509566991, 7.092554791424377, 0.0 ], [ 8.915490650971927, 7.092333828752221, 0.0 ], [ 8.915385010279403, 7.092508791972445, 0.0 ], [ 8.9147265879814, 7.092227262080396, 0.0 ], [ 8.914132658263556, 7.092591686020549, 0.0 ], [ 8.914068823439992, 7.092729957366732, 0.0 ], [ 8.913811097048029, 7.092672468035272, 0.0 ], [ 8.913444503251251, 7.092801729369365, 0.0 ], [ 8.913008966672029, 7.092813788536612, 0.0 ], [ 8.912682863487017, 7.093136279469043, 0.0 ], [ 8.912929078548737, 7.093468430292402, 0.0 ], [ 8.912704526620088, 7.093764173380224, 0.0 ], [ 8.912461374350412, 7.093704335002481, 0.0 ], [ 8.912175478779059, 7.094031889798941, 0.0 ], [ 8.911750511076074, 7.094146712298383, 0.0 ], [ 8.911434363652655, 7.094232137847043, 0.0 ], [ 8.911306365244227, 7.094592541666458, 0.0 ], [ 8.911362336546608, 7.094917227510909, 0.0 ], [ 8.911493856696971, 7.095083284074161, 0.0 ], [ 8.911443857326777, 7.095432155663271, 0.0 ], [ 8.911231027456434, 7.095743981152519, 0.0 ], [ 8.910534614014155, 7.09649365537257, 0.0 ], [ 8.910318540681567, 7.096447524741686, 0.0 ], [ 8.910011268667935, 7.096514384261673, 0.0 ], [ 8.909302762446449, 7.096715403143729, 0.0 ], [ 8.909056823561574, 7.096780187112321, 0.0 ], [ 8.908453251031476, 7.096544588824817, 0.0 ], [ 8.908412647275176, 7.096356968520984, 0.0 ], [ 8.908131693254708, 7.096351937760086, 0.0 ], [ 8.907896106827973, 7.096343813082189, 0.0 ], [ 8.907150161922662, 7.095953929368379, 0.0 ], [ 8.906329537860502, 7.095781324965694, 0.0 ], [ 8.905524193966988, 7.095901955528217, 0.0 ], [ 8.905092320375836, 7.095205217987427, 0.0 ], [ 8.904646926816849, 7.095751052255995, 0.0 ], [ 8.90426230728203, 7.095525870940645, 0.0 ], [ 8.903906931695397, 7.09544359820716, 0.0 ], [ 8.90341647028732, 7.09509427799394, 0.0 ], [ 8.902955345757528, 7.09443132613946, 0.0 ], [ 8.902426001720327, 7.094218106126672, 0.0 ], [ 8.902357683008894, 7.094392554002281, 0.0 ], [ 8.902010054850157, 7.093976033083633, 0.0 ], [ 8.901900813469307, 7.093899451728252, 0.0 ], [ 8.901921604036065, 7.093827535665356, 0.0 ], [ 8.901018156768032, 7.093397492973909, 0.0 ], [ 8.89960730583933, 7.092677334353612, 0.0 ], [ 8.899558664169016, 7.092717601680088, 0.0 ], [ 8.899336457844113, 7.092925151901056, 0.0 ], [ 8.898505096925701, 7.093968143138296, 0.0 ], [ 8.898542863788672, 7.0940196362112, 0.0 ], [ 8.897551555218509, 7.093813066827305, 0.0 ], [ 8.89738975785037, 7.095727832123334, 0.0 ], [ 8.897710538468754, 7.095779739602765, 0.0 ], [ 8.897606037213057, 7.097329276950319, 0.0 ], [ 8.898060767422532, 7.097373803314441, 0.0 ], [ 8.897912921982291, 7.098433753676455, 0.0 ], [ 8.898717669759392, 7.098607722762887, 0.0 ], [ 8.898626564726744, 7.09894831856577, 0.0 ] ] ] } },
{ "type": "Feature", "properties": { "OBJECTID": 161, "ActivityID": "BEN0001", "Stra_Catch": "Aloma-Ebonyi", "Micr_Catch": "Mbavaa", "State": "Benue", "LGA": "Konshisha", "Site_Name": "UMA_1", "Interv_Typ": "Afforestation (Tree Planting)", "Component": "A - Dryland Management", "Comments": null, "Implemnter": "Benue_ACReSAL", "Start_Date": "2024-04-09T00:00:00", "End_Date": "2024/07/30", "No_Trees_P": 23762, "Sub_compon": "A2-1", "Lon": 8.8285856225400003, "Lat": 6.8903002398600002, "Female_pop": 72, "Buffer_Mtr": 0, "Area_Impac": 59.406120559599998, "Male_pop": 81, "Area_Intev": 59.406120559599998, "Netsize_Ha": 59.406120559599998, "Indicator": "Area under improved catchment management", "Benefi_pop": 153.0, "Perct_NDVI": 0.0, "parent_micro_name": "MBANUE" }, "geometry": { "type": "Polygon", "coordinates": [ [ [ 8.831688751927715, 6.892840887038441, 0.0 ], [ 8.831790216760238, 6.892754124008019, 0.0 ], [ 8.832066503945009, 6.892644933262178, 0.0 ], [ 8.833142181155825, 6.892544122887364, 0.0 ], [ 8.833552709894736, 6.892367629096099, 0.0 ], [ 8.833761103719171, 6.892444516398311, 0.0 ], [ 8.834007776519647, 6.89207590297364, 0.0 ], [ 8.834298370492485, 6.891574065663764, 0.0 ], [ 8.834654379751957, 6.890475336233933, 0.0 ], [ 8.834088043839653, 6.88988710219841, 0.0 ], [ 8.832532096536745, 6.88883337897679, 0.0 ], [ 8.83175678848427, 6.888721292206416, 0.0 ], [ 8.831217159715994, 6.888642228357202, 0.0 ], [ 8.829112420547737, 6.888006894150379, 0.0 ], [ 8.828248162197976, 6.887881524826613, 0.0 ], [ 8.827404865621952, 6.887747284711696, 0.0 ], [ 8.825856743454853, 6.887334929185045, 0.0 ], [ 8.825134735651698, 6.887125801528207, 0.0 ], [ 8.824944594769601, 6.887591388425155, 0.0 ], [ 8.82438039583319, 6.888224583624734, 0.0 ], [ 8.823379611437591, 6.889251406817772, 0.0 ], [ 8.822973049442638, 6.890025173925372, 0.0 ], [ 8.82271544284553, 6.890618693575908, 0.0 ], [ 8.822748152999708, 6.891670967467731, 0.0 ], [ 8.822900824029961, 6.891712189546804, 0.0 ], [ 8.82353921965349, 6.891878379380344, 0.0 ], [ 8.824751977071356, 6.892186090018755, 0.0 ], [ 8.825880888615789, 6.892416626695002, 0.0 ], [ 8.827640484952106, 6.892813450900912, 0.0 ], [ 8.828627174297319, 6.892946770717764, 0.0 ], [ 8.831081371506874, 6.893213201848559, 0.0 ], [ 8.831688751927715, 6.892840887038441, 0.0 ] ] ] } },
{ "type": "Feature", "properties": { "OBJECTID": 162, "ActivityID": "BEN0001", "Stra_Catch": "Aloma-Ebonyi", "Micr_Catch": "Mbavaa", "State": "Benue", "LGA": "Konshisha", "Site_Name": "UMA_2", "Interv_Typ": "Afforestation (Tree Planting)", "Component": "A - Dryland Management", "Comments": null, "Implemnter": "Benue_ACReSAL", "Start_Date": "2024-04-09T00:00:00", "End_Date": "2024/07/30", "No_Trees_P": 11644, "Sub_compon": "A2-1", "Lon": 8.8363664287799999, "Lat": 6.90980338496, "Female_pop": 61, "Buffer_Mtr": 0, "Area_Impac": 29.114265746800001, "Male_pop": 54, "Area_Intev": 29.114265746800001, "Netsize_Ha": 29.114265746800001, "Indicator": "Area under improved catchment management", "Benefi_pop": 115.0, "Perct_NDVI": 0.0, "parent_micro_name": "MBANUE" }, "geometry": { "type": "Polygon", "coordinates": [ [ [ 8.835510897325468, 6.911933472770039, 0.0 ], [ 8.836046305408278, 6.912027307452477, 0.0 ], [ 8.836654024871944, 6.911684569309426, 0.0 ], [ 8.837164625861922, 6.912050521198756, 0.0 ], [ 8.837468513809926, 6.911695086984253, 0.0 ], [ 8.838349833358548, 6.911601439069318, 0.0 ], [ 8.838472027318938, 6.911614108676519, 0.0 ], [ 8.838629819276376, 6.911675224206085, 0.0 ], [ 8.838732492348495, 6.91175242827207, 0.0 ], [ 8.838805394909777, 6.911771206129218, 0.0 ], [ 8.838931895953044, 6.911831848723816, 0.0 ], [ 8.839190223775084, 6.911885270986734, 0.0 ], [ 8.8392721745918, 6.911936878723133, 0.0 ], [ 8.839356980829018, 6.911941782195835, 0.0 ], [ 8.839267252595018, 6.911908555961007, 0.0 ], [ 8.839340405568096, 6.911641610739072, 0.0 ], [ 8.839348509955766, 6.911531458062183, 0.0 ], [ 8.839380666973918, 6.911433473077654, 0.0 ], [ 8.839454982526675, 6.911299370910071, 0.0 ], [ 8.839477908306588, 6.91127359040153, 0.0 ], [ 8.839483520029535, 6.911243019649096, 0.0 ], [ 8.83949215903146, 6.911187485770666, 0.0 ], [ 8.839457364391993, 6.911086618791037, 0.0 ], [ 8.839453423147813, 6.911038273119757, 0.0 ], [ 8.83942316815342, 6.910827349045466, 0.0 ], [ 8.839362395538858, 6.91070372270457, 0.0 ], [ 8.83930799995346, 6.910644916454956, 0.0 ], [ 8.839269084762575, 6.910587343863063, 0.0 ], [ 8.839180247053731, 6.910483143285144, 0.0 ], [ 8.839280835502727, 6.910578451121207, 0.0 ], [ 8.839352654102072, 6.910544422712944, 0.0 ], [ 8.839316755857709, 6.910393315876304, 0.0 ], [ 8.839164653817438, 6.910063216242166, 0.0 ], [ 8.839053010054583, 6.910126429737315, 0.0 ], [ 8.839065672523025, 6.91009018774139, 0.0 ], [ 8.839082188520125, 6.910059058015841, 0.0 ], [ 8.839337525681575, 6.910012783602868, 0.0 ], [ 8.838969467734799, 6.909934476014597, 0.0 ], [ 8.838996661262897, 6.909350153019978, 0.0 ], [ 8.838943995315605, 6.908990231593018, 0.0 ], [ 8.838891238226402, 6.908680505277016, 0.0 ], [ 8.839163512696084, 6.908583542173612, 0.0 ], [ 8.839047314899624, 6.907303688018338, 0.0 ], [ 8.838583800945917, 6.90758473415937, 0.0 ], [ 8.838543774784542, 6.907456930977331, 0.0 ], [ 8.838543487155771, 6.907378863300869, 0.0 ], [ 8.838569419311746, 6.907325325399706, 0.0 ], [ 8.838548467069481, 6.907268181277971, 0.0 ], [ 8.838524022285599, 6.907131836742394, 0.0 ], [ 8.837343585357859, 6.907558087453955, 0.0 ], [ 8.835582869770825, 6.90775833096548, 0.0 ], [ 8.834659598157828, 6.907787123348398, 0.0 ], [ 8.83389551027096, 6.907950460279581, 0.0 ], [ 8.833915251894483, 6.908025287217304, 0.0 ], [ 8.833968899900844, 6.908143264350195, 0.0 ], [ 8.834005529571776, 6.908301943285769, 0.0 ], [ 8.834027198132004, 6.908335987168734, 0.0 ], [ 8.834052739741978, 6.908503322843385, 0.0 ], [ 8.834094628590284, 6.908636282313196, 0.0 ], [ 8.833566250043322, 6.907993440397873, 0.0 ], [ 8.833372955376966, 6.909152896927675, 0.0 ], [ 8.833263642916441, 6.909714731409561, 0.0 ], [ 8.833178642006796, 6.910158122020062, 0.0 ], [ 8.833448656024315, 6.910426685218456, 0.0 ], [ 8.833780323881783, 6.911218429373109, 0.0 ], [ 8.834216616853771, 6.911580722864031, 0.0 ], [ 8.834498309208724, 6.912000819347107, 0.0 ], [ 8.835277691180133, 6.912544239731936, 0.0 ], [ 8.835510897325468, 6.911933472770039, 0.0 ] ] ] } },
{ "type": "Feature", "properties": { "OBJECTID": 163, "ActivityID": "BEN0001", "Stra_Catch": "Aloma-Ebonyi", "Micr_Catch": "Mbavaa", "State": "Benue", "LGA": "Konshisha", "Site_Name": "ASHIA_1", "Interv_Typ": "Afforestation (Tree Planting)", "Component": "A - Dryland Management", "Comments": null, "Implemnter": "Benue_ACReSAL", "Start_Date": "2024-04-09T00:00:00", "End_Date": "2024/07/30", "No_Trees_P": 9482, "Sub_compon": "A2-1", "Lon": 8.9374538417899991, "Lat": 6.9133153287300004, "Female_pop": 44, "Buffer_Mtr": 0, "Area_Impac": 23.704380406799999, "Male_pop": 68, "Area_Intev": 23.704380406799999, "Netsize_Ha": 23.704380406799999, "Indicator": "Area under improved catchment management", "Benefi_pop": 112.0, "Perct_NDVI": 0.0, "parent_micro_name": "MBANUE" }, "geometry": { "type": "Polygon", "coordinates": [ [ [ 8.939857687938758, 6.915523243661307, 0.0 ], [ 8.939955693805274, 6.914993469373647, 0.0 ], [ 8.939885627285605, 6.914965917297695, 0.0 ], [ 8.94014873173681, 6.914217740142781, 0.0 ], [ 8.940652082311523, 6.913186920912159, 0.0 ], [ 8.940200582703021, 6.91289034313441, 0.0 ], [ 8.939839393244808, 6.912741481123737, 0.0 ], [ 8.939146921005957, 6.912467719321579, 0.0 ], [ 8.938535468065547, 6.91210684682865, 0.0 ], [ 8.938433503164184, 6.912332687678267, 0.0 ], [ 8.937640470699309, 6.912066516558604, 0.0 ], [ 8.937144509525908, 6.911836536623416, 0.0 ], [ 8.937431056904032, 6.911239459207182, 0.0 ], [ 8.935813775335106, 6.910310546270818, 0.0 ], [ 8.93466198988231, 6.913435060912454, 0.0 ], [ 8.93438751930643, 6.914408141190309, 0.0 ], [ 8.934545291005701, 6.91450592564144, 0.0 ], [ 8.936308663698131, 6.915061584083609, 0.0 ], [ 8.937217523811841, 6.915244308061066, 0.0 ], [ 8.938044925513765, 6.915563165507492, 0.0 ], [ 8.938432363791854, 6.915813028954958, 0.0 ], [ 8.938511835220721, 6.915668144151166, 0.0 ], [ 8.938785093809903, 6.915795076527716, 0.0 ], [ 8.938839939705245, 6.915642472270893, 0.0 ], [ 8.939664758797141, 6.91600427513988, 0.0 ], [ 8.939857687938758, 6.915523243661307, 0.0 ] ] ] } },
{ "type": "Feature", "properties": { "OBJECTID": 165, "ActivityID": "BEN0001", "Stra_Catch": "Aloma-Ebonyi", "Micr_Catch": "Mbavaa", "State": "Benue", "LGA": "Konshisha", "Site_Name": "MBANUE", "Interv_Typ": "Afforestation (Forest and Protected Area Management)", "Component": "A - Dryland Management", "Comments": null, "Implemnter": "Benue_ACReSAL", "Start_Date": "2024-04-09T00:00:00", "End_Date": "2024/07/30", "No_Trees_P": 34715, "Sub_compon": "A2-1", "Lon": 8.8485083897199992, "Lat": 6.9844498997900004, "Female_pop": 77, "Buffer_Mtr": 0, "Area_Impac": 282.23851734499999, "Male_pop": 42, "Area_Intev": 282.23851734499999, "Netsize_Ha": 282.23851734499999, "Indicator": "Area under improved catchment management", "Benefi_pop": 119.0, "Perct_NDVI": 0.0, "parent_micro_name": "MBANUE" }, "geometry": { "type": "Polygon", "coordinates": [ [ [ 8.841902728380637, 6.975686046990627, 0.0 ], [ 8.841866700575721, 6.97570030941902, 0.0 ], [ 8.841740284929447, 6.977089207789708, 0.0 ], [ 8.841596801759184, 6.977969808988857, 0.0 ], [ 8.840867717287283, 6.9794227666276, 0.0 ], [ 8.839880022216546, 6.983180983202468, 0.0 ], [ 8.839689526053707, 6.984545832640936, 0.0 ], [ 8.839459666208214, 6.98603741109376, 0.0 ], [ 8.839480227050176, 6.987867790622104, 0.0 ], [ 8.839655632349276, 6.987993471216339, 0.0 ], [ 8.839782012031494, 6.988547161559496, 0.0 ], [ 8.842785576329703, 6.989980696398987, 0.0 ], [ 8.843716339819414, 6.990734134406135, 0.0 ], [ 8.844320271989403, 6.991349982604662, 0.0 ], [ 8.84567848972887, 6.991906175565726, 0.0 ], [ 8.847218874415685, 6.992223927686291, 0.0 ], [ 8.849665977680926, 6.992748827549335, 0.0 ], [ 8.852173900144367, 6.99281211969513, 0.0 ], [ 8.852309195497217, 6.992904711126754, 0.0 ], [ 8.85244809624781, 6.992962069721961, 0.0 ], [ 8.853857808170847, 6.991681360078991, 0.0 ], [ 8.855891471817877, 6.98999942363985, 0.0 ], [ 8.857201428925658, 6.989115681216457, 0.0 ], [ 8.858191315441468, 6.988519626421003, 0.0 ], [ 8.857751898828454, 6.987332069403532, 0.0 ], [ 8.855528342783462, 6.981591408082775, 0.0 ], [ 8.85380548697453, 6.979381378585333, 0.0 ], [ 8.852413732444374, 6.978165957602162, 0.0 ], [ 8.851077544541141, 6.976952920171143, 0.0 ], [ 8.843409004518609, 6.975878006288678, 0.0 ], [ 8.841902728380637, 6.975686046990627, 0.0 ] ] ] } },
{ "type": "Feature", "properties": { "OBJECTID": 172, "ActivityID": "BEN0001", "Stra_Catch": "Aloma-Ebonyi", "Micr_Catch": "Onyi", "State": "Benue", "LGA": "Otukpo", "Site_Name": "Otukpo", "Interv_Typ": "Water Harvesting", "Component": "A - Dryland Management", "Comments": null, "Implemnter": "Benue_ACReSAL", "Start_Date": "2024-06-24T00:00:00", "End_Date": "2024/10/22", "No_Trees_P": 0, "Sub_compon": "A2-3", "Lon": 8.1336942630600007, "Lat": 7.1689338760499997, "Female_pop": 5527, "Buffer_Mtr": 0, "Area_Impac": 15166.2823556, "Male_pop": 3099, "Area_Intev": 15166.2823556, "Netsize_Ha": 15166.2823556, "Indicator": "Area under improved rainwater harvesting", "Benefi_pop": 8626.0, "Perct_NDVI": 0.0, "parent_micro_name": "ONYI" }, "geometry": { "type": "Polygon", "coordinates": [ [ [ 8.17735408381213, 7.272690369131724, 0.0 ], [ 8.187027609999101, 7.224246420586303, 0.0 ], [ 8.172156358901649, 7.165587440456938, 0.0 ], [ 8.17523082584303, 7.121319512167635, 0.0 ], [ 8.129131099274083, 7.110465929716938, 0.0 ], [ 8.10584967371938, 7.070336785188008, 0.0 ], [ 8.083093175889797, 7.069694279826931, 0.0 ], [ 8.082867191504914, 7.183366279304576, 0.0 ], [ 8.17735408381213, 7.272690369131724, 0.0 ] ] ] } },
{ "type": "Feature", "properties": { "OBJECTID": 164, "ActivityID": "BEN0001", "Stra_Catch": "Aloma-Ebonyi", "Micr_Catch": "Mbavaa", "State": "Benue", "LGA": "Konshisha", "Site_Name": "MBAAVA", "Interv_Typ": "Afforestation (Forest and Protected Area Management)", "Component": "A - Dryland Management", "Comments": null, "Implemnter": "Benue_ACReSAL", "Start_Date": "2024-04-09T00:00:00", "End_Date": "2024/07/30", "No_Trees_P": 88154, "Sub_compon": "A2-1", "Lon": 8.7126159741699993, "Lat": 7.03104157851, "Female_pop": 54, "Buffer_Mtr": 0, "Area_Impac": 716.69595489599999, "Male_pop": 76, "Area_Intev": 716.69595489599999, "Netsize_Ha": 716.69595489599999, "Indicator": "Area under improved catchment management", "Benefi_pop": 130.0, "Perct_NDVI": 0.0, "parent_micro_name": "MBAVAA" }, "geometry": { "type": "Polygon", "coordinates": [ [ [ 8.733741431747745, 7.036920562240687, 0.0 ], [ 8.73279957652241, 7.035145137570392, 0.0 ], [ 8.73211581449187, 7.033758978039995, 0.0 ], [ 8.731278320901374, 7.032088506844642, 0.0 ], [ 8.730649973318874, 7.030850358250048, 0.0 ], [ 8.73004044124937, 7.029603945468644, 0.0 ], [ 8.729432504050758, 7.028377910468693, 0.0 ], [ 8.728930788531956, 7.027289393368316, 0.0 ], [ 8.728147477006528, 7.025928448615173, 0.0 ], [ 8.728126033988108, 7.025920632322099, 0.0 ], [ 8.727621964833761, 7.02576648785401, 0.0 ], [ 8.726105725142554, 7.025266568321788, 0.0 ], [ 8.724741228132936, 7.024910404761656, 0.0 ], [ 8.722302674421764, 7.024414669973058, 0.0 ], [ 8.719079294769823, 7.023708417659465, 0.0 ], [ 8.716808545149714, 7.023244668979331, 0.0 ], [ 8.715944067587326, 7.022963296184456, 0.0 ], [ 8.714616482001325, 7.022873876285928, 0.0 ], [ 8.713365737627944, 7.022538808126498, 0.0 ], [ 8.711539690768564, 7.022083792694015, 0.0 ], [ 8.711457897046033, 7.022195267694089, 0.0 ], [ 8.709846297867919, 7.021889564396198, 0.0 ], [ 8.708520753321146, 7.021717428872761, 0.0 ], [ 8.708037110533226, 7.02150897788059, 0.0 ], [ 8.706726967391957, 7.021223631914903, 0.0 ], [ 8.704734307849131, 7.020792379939674, 0.0 ], [ 8.703225385342298, 7.020501264564892, 0.0 ], [ 8.701585932320397, 7.020086911391028, 0.0 ], [ 8.699929303800117, 7.019753714425776, 0.0 ], [ 8.699133490658117, 7.019562828917747, 0.0 ], [ 8.698428451471715, 7.019403997355485, 0.0 ], [ 8.698217116070809, 7.01932055569191, 0.0 ], [ 8.693297072823068, 7.034454848155376, 0.0 ], [ 8.693565732956813, 7.034835725713475, 0.0 ], [ 8.694169831357963, 7.0357674787949, 0.0 ], [ 8.696572802215133, 7.03910089140973, 0.0 ], [ 8.697028620684099, 7.039546122857486, 0.0 ], [ 8.698107266307989, 7.040836454487711, 0.0 ], [ 8.698699277925522, 7.041421970821296, 0.0 ], [ 8.699663838294182, 7.041885163879125, 0.0 ], [ 8.701566664299762, 7.041852689562822, 0.0 ], [ 8.702505522541049, 7.041873159439596, 0.0 ], [ 8.704272453329295, 7.04176700797447, 0.0 ], [ 8.704801854841541, 7.041794428270647, 0.0 ], [ 8.706104278045153, 7.041787243662874, 0.0 ], [ 8.706099353757859, 7.041737631416552, 0.0 ], [ 8.706455741704547, 7.040275480534357, 0.0 ], [ 8.706675990885016, 7.039229259973195, 0.0 ], [ 8.707382252444987, 7.039473832901268, 0.0 ], [ 8.707776611252061, 7.038667426988857, 0.0 ], [ 8.708493207744386, 7.037499510154285, 0.0 ], [ 8.710048636969784, 7.03747085744876, 0.0 ], [ 8.710108995078155, 7.037423209703367, 0.0 ], [ 8.711429355066732, 7.037419074757826, 0.0 ], [ 8.712529566667106, 7.037369119452232, 0.0 ], [ 8.713369678734336, 7.037367991005488, 0.0 ], [ 8.714289266181062, 7.03741960882264, 0.0 ], [ 8.714404114136721, 7.037432711250723, 0.0 ], [ 8.714491740900105, 7.037345143077914, 0.0 ], [ 8.714479904525033, 7.037222929268244, 0.0 ], [ 8.714571695288296, 7.037079140100035, 0.0 ], [ 8.714867154136066, 7.036741659726681, 0.0 ], [ 8.715017731491649, 7.036437019644687, 0.0 ], [ 8.714753795908042, 7.036216631573103, 0.0 ], [ 8.715338276470355, 7.034975915023804, 0.0 ], [ 8.715531907416381, 7.034212763524406, 0.0 ], [ 8.717727094572824, 7.035291154233961, 0.0 ], [ 8.718817890562528, 7.035932439055744, 0.0 ], [ 8.719187668690861, 7.035074714182461, 0.0 ], [ 8.71980806289926, 7.035309556852433, 0.0 ], [ 8.720142619229822, 7.03535436290224, 0.0 ], [ 8.720185277674622, 7.035876550776124, 0.0 ], [ 8.721289521520633, 7.036372314809034, 0.0 ], [ 8.721685930892752, 7.036686555475373, 0.0 ], [ 8.722248978192908, 7.037128302756434, 0.0 ], [ 8.72161523474662, 7.037895261873792, 0.0 ], [ 8.721524888181467, 7.037916205347046, 0.0 ], [ 8.722354368276967, 7.038446873342558, 0.0 ], [ 8.724445955267985, 7.040558673831102, 0.0 ], [ 8.72640671077844, 7.042474302164157, 0.0 ], [ 8.733741431747745, 7.036920562240687, 0.0 ] ] ] } },
{ "type": "Feature", "properties": { "OBJECTID": 143, "ActivityID": "BEN0001", "Stra_Catch": "Shemankar-Katsina-Ala", "Micr_Catch": "Agundu", "State": "Benue", "LGA": "Gboko", "Site_Name": "Agundu", "Interv_Typ": "Afforestation (Orchard)", "Component": "A - Dryland Management", "Comments": null, "Implemnter": "Benue_ACReSAL", "Start_Date": "2024-08-02T00:00:00", "End_Date": "2024/10/24", "No_Trees_P": 38356, "Sub_compon": "A2-1", "Lon": 8.9949559596299995, "Lat": 7.2826571750099998, "Female_pop": 78, "Buffer_Mtr": 0, "Area_Impac": 311.83612468000001, "Male_pop": 59, "Area_Intev": 311.83612468000001, "Netsize_Ha": 311.83612468000001, "Indicator": "Area under improved catchment management", "Benefi_pop": 137.0, "Perct_NDVI": 0.0, "parent_micro_name": "AGUNDU" }, "geometry": { "type": "Polygon", "coordinates": [ [ [ 8.984997145113685, 7.281728115570792, 0.0 ], [ 8.984667113304498, 7.283342246628573, 0.0 ], [ 8.984670961300097, 7.284208016313174, 0.0 ], [ 8.985050877629403, 7.285233729218029, 0.0 ], [ 8.985629783330941, 7.286053374566235, 0.0 ], [ 8.986244280564277, 7.287633577357146, 0.0 ], [ 8.986585949010914, 7.288531596429335, 0.0 ], [ 8.986732250507819, 7.289140675994818, 0.0 ], [ 8.986722483439314, 7.28948066401686, 0.0 ], [ 8.989420308344075, 7.289817656939023, 0.0 ], [ 8.990682871065919, 7.290019153903915, 0.0 ], [ 8.9905688989304, 7.290628579547674, 0.0 ], [ 8.990428877621866, 7.29179397159457, 0.0 ], [ 8.99036502902144, 7.29207878787253, 0.0 ], [ 8.990487558220954, 7.292127556644464, 0.0 ], [ 8.991336099089331, 7.292261524648602, 0.0 ], [ 8.991509216524623, 7.292331325711151, 0.0 ], [ 8.99165549204994, 7.292322174034708, 0.0 ], [ 8.991861206250281, 7.292366629091477, 0.0 ], [ 8.992026325847521, 7.292345030544452, 0.0 ], [ 8.992180284270955, 7.292312088248366, 0.0 ], [ 8.992566323910138, 7.292097744299973, 0.0 ], [ 8.993383700449705, 7.291619919013899, 0.0 ], [ 8.993472012416303, 7.291640924761859, 0.0 ], [ 8.993643827221467, 7.291579623482965, 0.0 ], [ 8.996292328246152, 7.290132199272449, 0.0 ], [ 8.997356713215746, 7.289663233649454, 0.0 ], [ 8.997686524961431, 7.289451010744236, 0.0 ], [ 8.997731405875724, 7.289404822855628, 0.0 ], [ 8.997738916391103, 7.28936409847127, 0.0 ], [ 8.997749217280205, 7.289312374345553, 0.0 ], [ 8.997745195188941, 7.289248736762246, 0.0 ], [ 8.997740357596033, 7.28921497762132, 0.0 ], [ 8.997728290680062, 7.289153465772363, 0.0 ], [ 8.997735330293045, 7.289074052279291, 0.0 ], [ 8.99773349169724, 7.288978989418641, 0.0 ], [ 8.997733745438575, 7.288963855710643, 0.0 ], [ 8.997734733130901, 7.288922118157479, 0.0 ], [ 8.997734977898249, 7.28888995111125, 0.0 ], [ 8.997635720891926, 7.28743414742102, 0.0 ], [ 8.997623419647955, 7.287153318881115, 0.0 ], [ 8.997625458514577, 7.287059640047697, 0.0 ], [ 8.997612739870251, 7.28690787771962, 0.0 ], [ 8.99762349410695, 7.286776866699073, 0.0 ], [ 8.997605167604018, 7.286640545609226, 0.0 ], [ 8.997660675542887, 7.286480778056388, 0.0 ], [ 8.999945661692657, 7.28550423909109, 0.0 ], [ 9.000332108582535, 7.285338690821162, 0.0 ], [ 9.000732796568238, 7.285176986684619, 0.0 ], [ 9.002174687139204, 7.284517150398384, 0.0 ], [ 9.003170663869883, 7.284098050138069, 0.0 ], [ 9.003873922583754, 7.283802824195639, 0.0 ], [ 9.005287756444638, 7.283146976461346, 0.0 ], [ 9.005713517039789, 7.282988587435649, 0.0 ], [ 9.005817911074137, 7.282526342977991, 0.0 ], [ 9.005953715600853, 7.282215001011726, 0.0 ], [ 9.005966503994024, 7.281958369964245, 0.0 ], [ 9.006069746647825, 7.281470109566176, 0.0 ], [ 9.006050680694184, 7.281086846017966, 0.0 ], [ 9.006091806536778, 7.280831164389413, 0.0 ], [ 9.006102647907943, 7.280637094479322, 0.0 ], [ 9.006116914592033, 7.280509873387131, 0.0 ], [ 9.006113524779785, 7.280389319327458, 0.0 ], [ 9.006015554698848, 7.280179701047317, 0.0 ], [ 9.00579033622143, 7.279841045268675, 0.0 ], [ 9.005597049816766, 7.279321625656458, 0.0 ], [ 9.005088885577557, 7.27833729785596, 0.0 ], [ 9.003711641045761, 7.278167267242705, 0.0 ], [ 9.00336031358305, 7.278111656064945, 0.0 ], [ 9.003371528427802, 7.278042789882384, 0.0 ], [ 9.003270399810653, 7.278020944882358, 0.0 ], [ 9.0034421097674, 7.27694428774825, 0.0 ], [ 9.003510105580636, 7.276585745670459, 0.0 ], [ 9.00352933482316, 7.276138699300117, 0.0 ], [ 9.003602621397043, 7.275826888049635, 0.0 ], [ 9.003630557816452, 7.275555050789373, 0.0 ], [ 9.003546847868058, 7.275186043818103, 0.0 ], [ 9.002024394213249, 7.274919562233849, 0.0 ], [ 9.001696161495358, 7.274899626512667, 0.0 ], [ 9.001205587916585, 7.274810662080151, 0.0 ], [ 9.001038554553336, 7.274801037701918, 0.0 ], [ 9.000335470791148, 7.274722339811926, 0.0 ], [ 8.999859591661231, 7.274670290052978, 0.0 ], [ 8.999574462877007, 7.274599885969451, 0.0 ], [ 8.999387363533323, 7.274588424654225, 0.0 ], [ 8.999065862332545, 7.274478562171091, 0.0 ], [ 8.998723570170608, 7.274473947949073, 0.0 ], [ 8.998455264321215, 7.274481473267022, 0.0 ], [ 8.997880179032709, 7.274328306488604, 0.0 ], [ 8.997270125336552, 7.274237111937967, 0.0 ], [ 8.996581365892125, 7.274128728850171, 0.0 ], [ 8.996096329321768, 7.274038836248089, 0.0 ], [ 8.994825147413954, 7.273914262060698, 0.0 ], [ 8.994731315739546, 7.274414451653842, 0.0 ], [ 8.994612876434832, 7.275137485608318, 0.0 ], [ 8.99445347804577, 7.276024420882813, 0.0 ], [ 8.990820119002885, 7.275489272284071, 0.0 ], [ 8.987711927505368, 7.275045445108751, 0.0 ], [ 8.986864517141241, 7.277061661283589, 0.0 ], [ 8.98616742497035, 7.278907465433483, 0.0 ], [ 8.985572644680735, 7.28041472147434, 0.0 ], [ 8.984997145113685, 7.281728115570792, 0.0 ] ] ] } }
]
}
