{
"type": "FeatureCollection",
"name": "Zamfara_micro_catchments",
"crs": { "type": "name", "properties": { "name": "urn:ogc:def:crs:OGC:1.3:CRS84" } },
"features": [
{ "type": "Feature", "properties": { "Stra_Catch": "Sokoto River", "State": "Zamfara", "LGA": "Gusau and Bungudu", "Population": 582240, "Cleard_TOR": "Cleared", "Status": "Completed", "Start_Date": "2025-02-05T00:00:00", "End_Date": "2025-04-25T00:00:00", "Micr_Catch": "Koramar Wanke", "Size_Ha": 14526.3612595, "Comments": null, "OBJECTID_1": 0, "Shape_Leng": 0.0, "Shape_Area": 0.0, "parent_strategic_name": "Rima", "clipped_to_state": true }, "geometry": { "type": "MultiPolygon", "coordinates": [ [ [ [ 6.728569560188195, 12.125232890618403, 0.0 ], [ 6.728504324077957, 12.127471607278961, 0.0 ], [ 6.727423336561548, 12.12847673067569, 0.0 ], [ 6.727106001057895, 12.130299573152453, 0.0 ], [ 6.726027453981104, 12.130634098746386, 0.0 ], [ 6.725750391073277, 12.131450428016491, 0.0 ], [ 6.725455864364092, 12.131724406606784, 0.0 ], [ 6.724643487592859, 12.131701583285304, 0.0 ], [ 6.723800157990826, 12.131711596673414, 0.0 ], [ 6.723259370359121, 12.132785472051346, 0.0 ], [ 6.722964839871129, 12.1330594472476, 0.0 ], [ 6.722981075383647, 12.134379086777582, 0.0 ], [ 6.722676789253516, 12.13523092785764, 0.0 ], [ 6.72268820955254, 12.136166906781529, 0.0 ], [ 6.722660121295504, 12.137129300349217, 0.0 ], [ 6.721559359532753, 12.137098003523358, 0.0 ], [ 6.720398541709069, 12.137674333623083, 0.0 ], [ 6.719629411348253, 12.138448739675308, 0.0 ], [ 6.719144478408216, 12.138899580207074, 0.0 ], [ 6.720863698639192, 12.13973790371899, 0.0 ], [ 6.719916305282711, 12.14198204474323, 0.0 ], [ 6.719318571997662, 12.141964939887668, 0.0 ], [ 6.719046086175278, 12.142239355721561, 0.0 ], [ 6.718762930759067, 12.14250282741021, 0.0 ], [ 6.717654671776739, 12.143854490127389, 0.0 ], [ 6.715715744182508, 12.144104558323251, 0.0 ], [ 6.715994704748937, 12.144649063527863, 0.0 ], [ 6.715986198494575, 12.144952394193211, 0.0 ], [ 6.715142145006358, 12.145736752212375, 0.0 ], [ 6.714332422344898, 12.145713913383009, 0.0 ], [ 6.714054501804687, 12.145993572389065, 0.0 ], [ 6.712662646394557, 12.146520560670641, 0.0 ], [ 6.71294554523798, 12.146792411712845, 0.0 ], [ 6.713731255902424, 12.147610885997043, 0.0 ], [ 6.714864895660297, 12.147892678240918, 0.0 ], [ 6.714835303118809, 12.148900854452965, 0.0 ], [ 6.713235426140516, 12.149397267348903, 0.0 ], [ 6.712916427261049, 12.150201047303563, 0.0 ], [ 6.714141802122943, 12.150798440420871, 0.0 ], [ 6.724432712301712, 12.139710489647342, 0.0 ], [ 6.725567288001828, 12.135289509703087, 0.0 ], [ 6.728599378360528, 12.131377156630466, 0.0 ], [ 6.729166667109906, 12.125000000149871, 0.0 ], [ 6.72830618861768, 12.124979628942508, 0.0 ], [ 6.728569560188195, 12.125232890618403, 0.0 ] ] ], [ [ [ 6.666760229790999, 12.253114874907093, 0.0 ], [ 6.666540311431291, 12.253217504361148, 0.0 ], [ 6.666551683472772, 12.254156438415182, 0.0 ], [ 6.66666666633581, 12.254166666858119, 0.0 ], [ 6.666760229790999, 12.253114874907093, 0.0 ] ] ], [ [ [ 6.670266045443828, 12.243877156405588, 0.0 ], [ 6.670883180349207, 12.239206039173865, 0.0 ], [ 6.66969136037307, 12.23996028744895, 0.0 ], [ 6.669973216556738, 12.240231652311898, 0.0 ], [ 6.67024798885098, 12.241986018615155, 0.0 ], [ 6.670219028036578, 12.242955506625341, 0.0 ], [ 6.669671142072407, 12.242940002412931, 0.0 ], [ 6.668411318045464, 12.242954456614065, 0.0 ], [ 6.668013013539773, 12.243744492146956, 0.0 ], [ 6.66745408458245, 12.244005539510839, 0.0 ], [ 6.667174289494982, 12.245092820783665, 0.0 ], [ 6.666890964451635, 12.245356208373213, 0.0 ], [ 6.666612879565469, 12.245635789890379, 0.0 ], [ 6.666064451301966, 12.24562027293393, 0.0 ], [ 6.665642890123261, 12.245625159850674, 0.0 ], [ 6.665204783219789, 12.247328192241893, 0.0 ], [ 6.665216459059898, 12.248326613742455, 0.0 ], [ 6.66520869236061, 12.248597638097424, 0.0 ], [ 6.66521793572536, 12.249382925626335, 0.0 ], [ 6.664738325807666, 12.250722913168753, 0.0 ], [ 6.66692463056224, 12.251266766502109, 0.0 ], [ 6.667233954185869, 12.247789510377528, 0.0 ], [ 6.670266045443828, 12.243877156405588, 0.0 ] ] ], [ [ [ 6.671880017793409, 12.234670937534478, 0.0 ], [ 6.671057076795798, 12.23492596836933, 0.0 ], [ 6.671089482330184, 12.237644531746747, 0.0 ], [ 6.671400621143944, 12.23528951040255, 0.0 ], [ 6.671880017793409, 12.234670937534478, 0.0 ] ] ], [ [ [ 6.678697883003058, 12.210416666495933, 0.0 ], [ 6.675468783559691, 12.206250000437091, 0.0 ], [ 6.678599378460724, 12.202210489522448, 0.0 ], [ 6.680054049856665, 12.196541680454132, 0.0 ], [ 6.690747239895292, 12.195129055061804, 0.0 ], [ 6.695266045393758, 12.189710489547412, 0.0 ], [ 6.696400621093819, 12.181122843544323, 0.0 ], [ 6.703599378410592, 12.173043823513602, 0.0 ], [ 6.704307322658266, 12.17028525278068, 0.0 ], [ 6.704196837989605, 12.170305525754138, 0.0 ], [ 6.703924307398002, 12.17057965342997, 0.0 ], [ 6.703641104747794, 12.170843101057736, 0.0 ], [ 6.703359253281515, 12.172201543971548, 0.0 ], [ 6.70220637770256, 12.172457752986867, 0.0 ], [ 6.700597861340786, 12.171625506334266, 0.0 ], [ 6.700023544813179, 12.171632371270015, 0.0 ], [ 6.698825238342534, 12.17222705948754, 0.0 ], [ 6.698386770855335, 12.173519853783999, 0.0 ], [ 6.697861890761012, 12.172973281863289, 0.0 ], [ 6.697140505201666, 12.172621509887495, 0.0 ], [ 6.696461079865887, 12.172958948892914, 0.0 ], [ 6.695910270082632, 12.172673723925344, 0.0 ], [ 6.695625477744028, 12.174305870940758, 0.0 ], [ 6.69533758415697, 12.175111727352601, 0.0 ], [ 6.695347861220326, 12.175979111862436, 0.0 ], [ 6.69669245416887, 12.177271694995824, 0.0 ], [ 6.697150889467418, 12.17822171360913, 0.0 ], [ 6.697500931979925, 12.179883251976387, 0.0 ], [ 6.696681122065597, 12.179459174238721, 0.0 ], [ 6.695854245662719, 12.17972972050493, 0.0 ], [ 6.694730365979764, 12.179989575461574, 0.0 ], [ 6.694193951960682, 12.18052913947448, 0.0 ], [ 6.693359637191912, 12.180787966035984, 0.0 ], [ 6.692970291690257, 12.181560406646954, 0.0 ], [ 6.694928153744515, 12.182515022268012, 0.0 ], [ 6.69397268323006, 12.183402660476341, 0.0 ], [ 6.694698269564785, 12.18594999233407, 0.0 ], [ 6.69495185944383, 12.187871763006385, 0.0 ], [ 6.693821318066918, 12.187839541744044, 0.0 ], [ 6.6925985508809, 12.187206901800321, 0.0 ], [ 6.691213379889756, 12.188113962792293, 0.0 ], [ 6.690814704407786, 12.188904850181386, 0.0 ], [ 6.689980360541726, 12.189163661047187, 0.0 ], [ 6.689297243914134, 12.190169780085311, 0.0 ], [ 6.688819337713618, 12.192028496489838, 0.0 ], [ 6.688023293183132, 12.192400400684335, 0.0 ], [ 6.687734429458609, 12.192691311674423, 0.0 ], [ 6.687747281764858, 12.19375435616144, 0.0 ], [ 6.687409638918211, 12.194021824057854, 0.0 ], [ 6.685263698767528, 12.193461618574755, 0.0 ], [ 6.683143894539368, 12.193178007455916, 0.0 ], [ 6.682771045896844, 12.194275929228475, 0.0 ], [ 6.681533944024782, 12.194240638859602, 0.0 ], [ 6.680974656310724, 12.19424731631686, 0.0 ], [ 6.680486094581228, 12.196147481861903, 0.0 ], [ 6.679723596991342, 12.196125706508662, 0.0 ], [ 6.679166014773839, 12.197482039547042, 0.0 ], [ 6.678250142636137, 12.1977660658668, 0.0 ], [ 6.676953838300721, 12.197728929445034, 0.0 ], [ 6.676584135021384, 12.198462053348841, 0.0 ], [ 6.676966317792508, 12.198829293138695, 0.0 ], [ 6.676927283743252, 12.200158485947739, 0.0 ], [ 6.677282523157587, 12.201209055866389, 0.0 ], [ 6.675816290754395, 12.202571479015441, 0.0 ], [ 6.675472529802268, 12.203908158453341, 0.0 ], [ 6.674680051215947, 12.205037462461101, 0.0 ], [ 6.674691075450733, 12.205994588168911, 0.0 ], [ 6.675516483150479, 12.206397077881409, 0.0 ], [ 6.676233402202691, 12.207883022075961, 0.0 ], [ 6.674808912176466, 12.20920607382317, 0.0 ], [ 6.675472645170843, 12.210186977776202, 0.0 ], [ 6.675448166702786, 12.211018051992037, 0.0 ], [ 6.673633052762465, 12.211580640782527, 0.0 ], [ 6.673210727162659, 12.212418410514953, 0.0 ], [ 6.673248861639427, 12.215569123179414, 0.0 ], [ 6.672937360694293, 12.215858494895047, 0.0 ], [ 6.672661135513963, 12.216545802690804, 0.0 ], [ 6.673484422496077, 12.216947491142609, 0.0 ], [ 6.673747142385772, 12.217805348336022, 0.0 ], [ 6.67313302000712, 12.219522543901343, 0.0 ], [ 6.673593728716552, 12.220884550557296, 0.0 ], [ 6.673154144540385, 12.221292764608206, 0.0 ], [ 6.672617064665302, 12.221277630148416, 0.0 ], [ 6.672322052823004, 12.221280958221254, 0.0 ], [ 6.672334934701434, 12.222392704001564, 0.0 ], [ 6.672876368881528, 12.223448826927601, 0.0 ], [ 6.672867789983353, 12.223752674871252, 0.0 ], [ 6.672280052250694, 12.224850863923429, 0.0 ], [ 6.672302632353575, 12.226699458310087, 0.0 ], [ 6.672285931732162, 12.227254473616695, 0.0 ], [ 6.672838424676179, 12.227785715438019, 0.0 ], [ 6.673439706530155, 12.229324170687949, 0.0 ], [ 6.674534562331786, 12.229858173943857, 0.0 ], [ 6.675567288102023, 12.214456176511261, 0.0 ], [ 6.678697883003058, 12.210416666495933, 0.0 ] ] ], [ [ [ 6.706080012947568, 12.164533322910843, 0.0 ], [ 6.705621745325445, 12.165442886863763, 0.0 ], [ 6.704490782638483, 12.165971185943983, 0.0 ], [ 6.706413933543045, 12.166449408732975, 0.0 ], [ 6.706415232401294, 12.166453464339437, 0.0 ], [ 6.707596669065627, 12.16492903844552, 0.0 ], [ 6.706080012947568, 12.164533322910843, 0.0 ] ] ] ] } },
{ "type": "Feature", "properties": { "Stra_Catch": "Sokoto River", "State": "Zamfara", "LGA": "Bungudu and Kaiura Nomada", "Population": 582210, "Cleard_TOR": "Cleared", "Status": "Completed", "Start_Date": "2025-02-05T00:00:00", "End_Date": "2025-04-25T00:00:00", "Micr_Catch": "Gidan Dangwari", "Size_Ha": 13917.2090434, "Comments": null, "OBJECTID_1": 0, "Shape_Leng": 0.0, "Shape_Area": 0.0, "parent_strategic_name": "Rima", "clipped_to_state": true }, "geometry": { "type": "Polygon", "coordinates": [ [ [ 6.733686658814029, 12.389924452251622, 0.0 ], [ 6.733333333168584, 12.383333333566471, 0.0 ], [ 6.737500000126661, 12.383333333566473, 0.0 ], [ 6.737500000126663, 12.37916666660832, 0.0 ], [ 6.733333333168585, 12.379166666608315, 0.0 ], [ 6.729166667109828, 12.379166666608317, 0.0 ], [ 6.729166667109831, 12.374999999650216, 0.0 ], [ 6.721540323528963, 12.374222140938997, 0.0 ], [ 6.720190599418508, 12.34786512607465, 0.0 ], [ 6.713142733951921, 12.339634874250034, 0.0 ], [ 6.711755032370767, 12.326030138080366, 0.0 ], [ 6.706198289621308, 12.324357096003119, 0.0 ], [ 6.702135043799209, 12.321476236539034, 0.0 ], [ 6.696552361004675, 12.319795396440346, 0.0 ], [ 6.695190599468601, 12.3020317922334, 0.0 ], [ 6.691690233019876, 12.297095065484845, 0.0 ], [ 6.68536495662953, 12.295190429994321, 0.0 ], [ 6.668801709933162, 12.279809570555196, 0.0 ], [ 6.6666666663358, 12.279166666808189, 0.0 ], [ 6.663161214220872, 12.280066256852201, 0.0 ], [ 6.662192069422942, 12.290961447585067, 0.0 ], [ 6.66222429758979, 12.290992452257781, 0.0 ], [ 6.662644528467115, 12.292303836634295, 0.0 ], [ 6.662606899146889, 12.293576363986332, 0.0 ], [ 6.662612945819452, 12.294110652101317, 0.0 ], [ 6.661930232196667, 12.295387195080323, 0.0 ], [ 6.660447040299468, 12.29565864740073, 0.0 ], [ 6.657413906928521, 12.299295721820052, 0.0 ], [ 6.647789509880286, 12.300567287650159, 0.0 ], [ 6.644395028502017, 12.303591918189305, 0.0 ], [ 6.644324272701057, 12.303996618142765, 0.0 ], [ 6.644061485756839, 12.303889119281536, 0.0 ], [ 6.639710489849619, 12.307766045866234, 0.0 ], [ 6.63657126084195, 12.308571680136041, 0.0 ], [ 6.636573939703264, 12.308804452433099, 0.0 ], [ 6.636549972106529, 12.309617498088185, 0.0 ], [ 6.636554900762682, 12.310029461504508, 0.0 ], [ 6.635226903755676, 12.310648820964088, 0.0 ], [ 6.634058036285776, 12.309855018886763, 0.0 ], [ 6.63137715683274, 12.311932711925063, 0.0 ], [ 6.6288465818066, 12.312582066968613, 0.0 ], [ 6.628807433153659, 12.312806039823293, 0.0 ], [ 6.62790731689953, 12.313084659630544, 0.0 ], [ 6.626990620763229, 12.313058313533798, 0.0 ], [ 6.625850931677614, 12.313350762027985, 0.0 ], [ 6.625536936335391, 12.314574336776536, 0.0 ], [ 6.625754222166306, 12.315217135103159, 0.0 ], [ 6.625444786895527, 12.315795523447083, 0.0 ], [ 6.625154382720422, 12.316065068899912, 0.0 ], [ 6.624149068127497, 12.319982571438455, 0.0 ], [ 6.618622843871692, 12.321400621541379, 0.0 ], [ 6.614676849690522, 12.324916707894239, 0.0 ], [ 6.614635629838593, 12.325152312056689, 0.0 ], [ 6.614346159773602, 12.325960109017613, 0.0 ], [ 6.614689719508018, 12.327328573524778, 0.0 ], [ 6.612707535728512, 12.327271524947015, 0.0 ], [ 6.612408105238881, 12.327572545216077, 0.0 ], [ 6.612023628202518, 12.32792920688185, 0.0 ], [ 6.611563402960305, 12.327690951102888, 0.0 ], [ 6.609909863126497, 12.329164341223761, 0.0 ], [ 6.609985698063969, 12.329388528801699, 0.0 ], [ 6.609348150081075, 12.32998016202037, 0.0 ], [ 6.60914035332681, 12.3301888549578, 0.0 ], [ 6.608333333419169, 12.333333333666349, 0.0 ], [ 6.608333333419167, 12.33717049271735, 0.0 ], [ 6.608454645336246, 12.337296753518862, 0.0 ], [ 6.609009001339844, 12.337567400603184, 0.0 ], [ 6.609415442929469, 12.337777647051958, 0.0 ], [ 6.611876423960339, 12.338409084811351, 0.0 ], [ 6.612116445999213, 12.342870566914291, 0.0 ], [ 6.612535880108828, 12.343307398063672, 0.0 ], [ 6.613642104872893, 12.343295117515947, 0.0 ], [ 6.613908275522173, 12.343992619963085, 0.0 ], [ 6.612839105997925, 12.344490998437921, 0.0 ], [ 6.612519053332746, 12.345757290129137, 0.0 ], [ 6.613759339047771, 12.347591592080294, 0.0 ], [ 6.614126211961742, 12.350369137420365, 0.0 ], [ 6.614059594753897, 12.350400190886132, 0.0 ], [ 6.616083780744397, 12.350919596062447, 0.0 ], [ 6.624432712502169, 12.360289510152706, 0.0 ], [ 6.625567288202221, 12.368877156155744, 0.0 ], [ 6.628599378560914, 12.372789510127744, 0.0 ], [ 6.630017598635713, 12.378315904355413, 0.0 ], [ 6.636822848597934, 12.380062188119435, 0.0 ], [ 6.653599378510745, 12.397789510077766, 0.0 ], [ 6.654733954210856, 12.402210490022021, 0.0 ], [ 6.670266045443764, 12.418622843069681, 0.0 ], [ 6.671400621143876, 12.423043823013996, 0.0 ], [ 6.674432712401834, 12.426956176985938, 0.0 ], [ 6.675909254410667, 12.432709757049579, 0.0 ], [ 6.687500000226847, 12.433333333466539, 0.0 ], [ 6.687500000226844, 12.437500000424636, 0.0 ], [ 6.691666666285599, 12.437500000424638, 0.0 ], [ 6.698257784970768, 12.437146673879873, 0.0 ], [ 6.710075547550359, 12.42535332609506, 0.0 ], [ 6.731618245087724, 12.424645656771622, 0.0 ], [ 6.741313340539962, 12.414924452201697, 0.0 ], [ 6.741666667084729, 12.412499999575266, 0.0 ], [ 6.741313340539967, 12.397575547873181, 0.0 ], [ 6.733686658814029, 12.389924452251622, 0.0 ] ] ] } },
{ "type": "Feature", "properties": { "Stra_Catch": "Sokoto River", "State": "Zamfara", "LGA": "Maru", "Population": 482615, "Cleard_TOR": "Not Cleared", "Status": "ongoing", "Start_Date": "1899-12-30T00:00:00", "End_Date": "1899-12-30T00:00:00", "Micr_Catch": "Saulawa", "Size_Ha": 77045.077483100002, "Comments": null, "OBJECTID_1": 0, "Shape_Leng": 0.0, "Shape_Area": 0.0, "parent_strategic_name": "Rima", "clipped_to_state": true }, "geometry": { "type": "MultiPolygon", "coordinates": [ [ [ [ 6.48001759803737, 12.467517428686254, 0.0 ], [ 6.483333333670006, 12.466666666433392, 0.0 ], [ 6.48554382319248, 12.466099378583328, 0.0 ], [ 6.489851439299757, 12.462261105766499, 0.0 ], [ 6.489543870311123, 12.46225207045082, 0.0 ], [ 6.489249036290176, 12.46254791201252, 0.0 ], [ 6.487604260699694, 12.462499524330976, 0.0 ], [ 6.487318880550323, 12.46360305684451, 0.0 ], [ 6.486611059421103, 12.46393263864373, 0.0 ], [ 6.48553897907044, 12.463377106923092, 0.0 ], [ 6.484550430372415, 12.464661491752922, 0.0 ], [ 6.484228972418243, 12.464924255351509, 0.0 ], [ 6.482204778714622, 12.464222191568505, 0.0 ], [ 6.481792432481512, 12.464636043151131, 0.0 ], [ 6.480692144562361, 12.464603541714103, 0.0 ], [ 6.480408200655856, 12.465164968389308, 0.0 ], [ 6.480124446114943, 12.465428078121642, 0.0 ], [ 6.479841122098796, 12.466259503546597, 0.0 ], [ 6.479267092733221, 12.466790955301965, 0.0 ], [ 6.479278795512964, 12.467864687424598, 0.0 ], [ 6.478871317684768, 12.468999354932517, 0.0 ], [ 6.47765035010906, 12.46857607336576, 0.0 ], [ 6.47705900297061, 12.469225942107414, 0.0 ], [ 6.477845820003646, 12.47076252765455, 0.0 ], [ 6.479166666711944, 12.470833333391488, 0.0 ], [ 6.48001759803737, 12.467517428686254, 0.0 ] ] ], [ [ [ 6.492044183627629, 12.459830249576004, 0.0 ], [ 6.491810585119872, 12.460515421852641, 0.0 ], [ 6.492562522875465, 12.459845412693198, 0.0 ], [ 6.492044183627629, 12.459830249576004, 0.0 ] ] ], [ [ [ 6.499264294954183, 12.453283845428341, 0.0 ], [ 6.4992956478503, 12.456082849950773, 0.0 ], [ 6.498965176339805, 12.456389228728808, 0.0 ], [ 6.499243333085237, 12.456932064308608, 0.0 ], [ 6.499334407510227, 12.457121060051216, 0.0 ], [ 6.500102536685176, 12.451307164452272, 0.0 ], [ 6.499264294954183, 12.453283845428341, 0.0 ] ] ], [ [ [ 6.503599378811732, 12.443877156905154, 0.0 ], [ 6.503722661415203, 12.442491205619302, 0.0 ], [ 6.503236488593311, 12.442602952527618, 0.0 ], [ 6.502963452182208, 12.44287678362168, 0.0 ], [ 6.502679744440205, 12.443139926455434, 0.0 ], [ 6.502406706882459, 12.443413756758364, 0.0 ], [ 6.501849620634476, 12.443929813082784, 0.0 ], [ 6.501555860196294, 12.444792947155266, 0.0 ], [ 6.501561237178201, 12.445300699894437, 0.0 ], [ 6.501552640571579, 12.445579883590677, 0.0 ], [ 6.50072060232259, 12.445555516470774, 0.0 ], [ 6.500174513100276, 12.446103699411095, 0.0 ], [ 6.499615015233423, 12.446364287336113, 0.0 ], [ 6.499336525560856, 12.447206647145226, 0.0 ], [ 6.50015458277417, 12.448804026554045, 0.0 ], [ 6.500137985931308, 12.449355781254791, 0.0 ], [ 6.500283585823937, 12.449936820992649, 0.0 ], [ 6.500567287553724, 12.447789509977769, 0.0 ], [ 6.503599378811732, 12.443877156905154, 0.0 ] ] ], [ [ [ 6.508333333619856, 12.429166666508303, 0.0 ], [ 6.509058045104943, 12.426342615377559, 0.0 ], [ 6.507946136742538, 12.428542875082073, 0.0 ], [ 6.504240669908788, 12.428832470833038, 0.0 ], [ 6.503909892738313, 12.430416857721314, 0.0 ], [ 6.503337612958278, 12.431230311476329, 0.0 ], [ 6.502615475851423, 12.431209090151473, 0.0 ], [ 6.502237713678188, 12.432240864510073, 0.0 ], [ 6.503622355186806, 12.433959399624788, 0.0 ], [ 6.503570526706424, 12.435663356924225, 0.0 ], [ 6.502195561021794, 12.436087957889473, 0.0 ], [ 6.501845853205787, 12.43711390090275, 0.0 ], [ 6.50218799272686, 12.437443175979604, 0.0 ], [ 6.502179990520082, 12.437716806996747, 0.0 ], [ 6.502183038077899, 12.43801780481925, 0.0 ], [ 6.50300236611755, 12.438805983103293, 0.0 ], [ 6.503809886778828, 12.440041138120142, 0.0 ], [ 6.503935156520057, 12.440102321417351, 0.0 ], [ 6.504827880605617, 12.430066257451692, 0.0 ], [ 6.508333333619856, 12.429166666508303, 0.0 ] ] ], [ [ [ 6.512442325503621, 12.424775266798592, 0.0 ], [ 6.511682767861629, 12.424525121884358, 0.0 ], [ 6.510531048660196, 12.42374238676638, 0.0 ], [ 6.510008419550749, 12.424266728984072, 0.0 ], [ 6.510023254484246, 12.42559410345009, 0.0 ], [ 6.50982547967865, 12.425686237518171, 0.0 ], [ 6.512499999678598, 12.424999999550211, 0.0 ], [ 6.512442325503621, 12.424775266798592, 0.0 ] ] ] ] } },
{ "type": "Feature", "properties": { "Stra_Catch": "River Rima", "State": "Zamfara", "LGA": "Talata Mafara and Maradun", "Population": 502615, "Cleard_TOR": "Not Cleared", "Status": "ongoing", "Start_Date": "1899-12-30T00:00:00", "End_Date": "1899-12-30T00:00:00", "Micr_Catch": "Bakalori", "Size_Ha": 79375.864688400005, "Comments": null, "OBJECTID_1": 0, "Shape_Leng": 0.0, "Shape_Area": 0.0, "parent_strategic_name": "Rima", "clipped_to_state": true }, "geometry": { "type": "MultiPolygon", "coordinates": [ [ [ [ 6.369993005633275, 12.667296413663891, 0.0 ], [ 6.369675244668456, 12.667923199882619, 0.0 ], [ 6.369372184147161, 12.668456964004157, 0.0 ], [ 6.368847324426886, 12.667909714218986, 0.0 ], [ 6.368568670286272, 12.667641222604543, 0.0 ], [ 6.367978998822969, 12.666738400219614, 0.0 ], [ 6.367451667652725, 12.666275026465518, 0.0 ], [ 6.366647691726968, 12.667080149177039, 0.0 ], [ 6.365385445752785, 12.667468628052559, 0.0 ], [ 6.364991807058406, 12.667058451070034, 0.0 ], [ 6.362663599260463, 12.666755608024427, 0.0 ], [ 6.361936553161208, 12.666762953818308, 0.0 ], [ 6.361330834410548, 12.667369664625012, 0.0 ], [ 6.360268837396545, 12.667001020023823, 0.0 ], [ 6.359460920133452, 12.667009143343074, 0.0 ], [ 6.359474990417088, 12.668364679102432, 0.0 ], [ 6.35917938622501, 12.668355919739342, 0.0 ], [ 6.358877192938354, 12.668358741493542, 0.0 ], [ 6.358342613583118, 12.669463472842693, 0.0 ], [ 6.35893105169972, 12.670613504715845, 0.0 ], [ 6.358538258856633, 12.672057367913929, 0.0 ], [ 6.358861410278204, 12.672689178859848, 0.0 ], [ 6.359119323553283, 12.673923269746435, 0.0 ], [ 6.357747191790975, 12.674560199328958, 0.0 ], [ 6.357448130579416, 12.674859747430519, 0.0 ], [ 6.357453708624645, 12.675390474018894, 0.0 ], [ 6.357166512763137, 12.675924639985233, 0.0 ], [ 6.35689025907561, 12.676469237606289, 0.0 ], [ 6.356580796605773, 12.677044999297605, 0.0 ], [ 6.356045472230925, 12.677539640866648, 0.0 ], [ 6.356049874094353, 12.677948869823021, 0.0 ], [ 6.356028947466775, 12.678618284966602, 0.0 ], [ 6.35613137992947, 12.678818449730349, 0.0 ], [ 6.364456176516131, 12.671400620841732, 0.0 ], [ 6.369982401671228, 12.669982570738808, 0.0 ], [ 6.370714090499651, 12.667131330340876, 0.0 ], [ 6.369993005633275, 12.667296413663891, 0.0 ] ] ], [ [ [ 6.374999999954724, 12.637500000024785, 0.0 ], [ 6.374846800088813, 12.636903011594518, 0.0 ], [ 6.37413615563148, 12.637560386745452, 0.0 ], [ 6.373841388815502, 12.638422182958077, 0.0 ], [ 6.371897147075345, 12.639969637256769, 0.0 ], [ 6.371600437825046, 12.641652437297378, 0.0 ], [ 6.371305482751068, 12.641925319853067, 0.0 ], [ 6.37075313097268, 12.643541278549106, 0.0 ], [ 6.370469055707278, 12.643804209084536, 0.0 ], [ 6.370191884344907, 12.644445695423405, 0.0 ], [ 6.371567216481205, 12.644899164052926, 0.0 ], [ 6.371841692754411, 12.645469075061763, 0.0 ], [ 6.372384028250786, 12.645991340397304, 0.0 ], [ 6.372916660273765, 12.647357035472496, 0.0 ], [ 6.373206513279221, 12.647636217349923, 0.0 ], [ 6.373181568354177, 12.648441118908471, 0.0 ], [ 6.373185764204894, 12.648847704230539, 0.0 ], [ 6.373173250732637, 12.649254124694201, 0.0 ], [ 6.373181559097489, 12.650049031614873, 0.0 ], [ 6.372860909488744, 12.650645625561513, 0.0 ], [ 6.372325944990465, 12.651140320548729, 0.0 ], [ 6.371920278415312, 12.652326832652223, 0.0 ], [ 6.372585117616219, 12.653311111441905, 0.0 ], [ 6.37285098271063, 12.653775067919709, 0.0 ], [ 6.371732118061705, 12.654119218024332, 0.0 ], [ 6.371744077249924, 12.655267503093738, 0.0 ], [ 6.373661291009853, 12.656032025020453, 0.0 ], [ 6.373926008979136, 12.656608457918594, 0.0 ], [ 6.373357508730542, 12.657665789271739, 0.0 ], [ 6.373909533890619, 12.6587447676878, 0.0 ], [ 6.374168814541049, 12.659852618511248, 0.0 ], [ 6.373611514303175, 12.660368001244137, 0.0 ], [ 6.373201379184319, 12.66077843585286, 0.0 ], [ 6.372775234501962, 12.661172830968596, 0.0 ], [ 6.372365225017476, 12.662754724225987, 0.0 ], [ 6.373030989707687, 12.664729437100812, 0.0 ], [ 6.37300565632672, 12.665544656168562, 0.0 ], [ 6.372402560633692, 12.666666666932896, 0.0 ], [ 6.374999999954699, 12.666666666932898, 0.0 ], [ 6.374999999954724, 12.637500000024785, 0.0 ] ] ], [ [ [ 6.35056728785498, 12.689456176461128, 0.0 ], [ 6.353599379112978, 12.68554382338851, 0.0 ], [ 6.355015859473145, 12.680024538465942, 0.0 ], [ 6.354400232609133, 12.680213929633572, 0.0 ], [ 6.353240872211761, 12.680785984030962, 0.0 ], [ 6.353252157779512, 12.681858814493278, 0.0 ], [ 6.352131330582393, 12.68237910546825, 0.0 ], [ 6.351760887563218, 12.682750188441174, 0.0 ], [ 6.352127893144045, 12.683467404662029, 0.0 ], [ 6.351448565985569, 12.683782737025821, 0.0 ], [ 6.351838294196275, 12.684544379915403, 0.0 ], [ 6.352126033644012, 12.685445547248905, 0.0 ], [ 6.352086456627355, 12.686717697569785, 0.0 ], [ 6.352089285792541, 12.686991397282354, 0.0 ], [ 6.351213713137331, 12.687800765230632, 0.0 ], [ 6.350697920816022, 12.687785296399811, 0.0 ], [ 6.350186229959633, 12.687790247619059, 0.0 ], [ 6.349826253335541, 12.689830715875013, 0.0 ], [ 6.348963258053036, 12.690231016826438, 0.0 ], [ 6.348999615610814, 12.693720546594323, 0.0 ], [ 6.348397276320822, 12.694277484741818, 0.0 ], [ 6.348415487536597, 12.696031380204879, 0.0 ], [ 6.348350809384113, 12.698109463963576, 0.0 ], [ 6.347822766361543, 12.698597532307311, 0.0 ], [ 6.347546460353468, 12.6991421105888, 0.0 ], [ 6.346710252001194, 12.699399477346189, 0.0 ], [ 6.346436755044103, 12.699673058772021, 0.0 ], [ 6.346179313820048, 12.699911219018915, 0.0 ], [ 6.349291483520078, 12.699112616353936, 0.0 ], [ 6.35056728785498, 12.689456176461128, 0.0 ] ] ] ] } },
{ "type": "Feature", "properties": { "Stra_Catch": "River Rima", "State": "Zamfara", "LGA": "Kaura Namoda  and Birinin Magaji", "Population": 801613, "Cleard_TOR": "Not Cleared", "Status": "ongoing", "Start_Date": "1899-12-30T00:00:00", "End_Date": "1899-12-30T00:00:00", "Micr_Catch": "Kiyawa", "Size_Ha": 93094.106522100003, "Comments": null, "OBJECTID_1": 0, "Shape_Leng": 0.0, "Shape_Area": 0.0, "parent_strategic_name": "Rima", "clipped_to_state": true }, "geometry": { "type": "Polygon", "coordinates": [ [ [ 6.832980007322673, 12.826742214881277, 0.0 ], [ 6.829519992554863, 12.823257785318502, 0.0 ], [ 6.828813341263912, 12.818408880965078, 0.0 ], [ 6.825014580659628, 12.814583333154301, 0.0 ], [ 6.829152086201065, 12.81041666709552, 0.0 ], [ 6.825353325596726, 12.806591118385368, 0.0 ], [ 6.824642265829148, 12.801711697336939, 0.0 ], [ 6.814924451703397, 12.792019992328784, 0.0 ], [ 6.810075548249255, 12.79131334103783, 0.0 ], [ 6.802424451728413, 12.783686659311845, 0.0 ], [ 6.797575548274274, 12.782980008020946, 0.0 ], [ 6.794091118711515, 12.779519992353746, 0.0 ], [ 6.789209832469212, 12.778808593541713, 0.0 ], [ 6.78368665871376, 12.773257785418467, 0.0 ], [ 6.783333333068313, 12.770833333691355, 0.0 ], [ 6.779166667009496, 12.770833333691357, 0.0 ], [ 6.772789510528986, 12.770266045841293, 0.0 ], [ 6.768877156557005, 12.767233954583316, 0.0 ], [ 6.763350931401866, 12.765815904480384, 0.0 ], [ 6.761932712226439, 12.760289510252658, 0.0 ], [ 6.758900620968419, 12.756377156280715, 0.0 ], [ 6.757766045268308, 12.73945617636142, 0.0 ], [ 6.754733954909666, 12.735543823288801, 0.0 ], [ 6.753599379209557, 12.710289510352572, 0.0 ], [ 6.750567287951595, 12.706377156380629, 0.0 ], [ 6.749432712251482, 12.697789510377595, 0.0 ], [ 6.746400620993462, 12.6938771564056, 0.0 ], [ 6.745833333143414, 12.662499999974989, 0.0 ], [ 6.745833333143416, 12.654166666958114, 0.0 ], [ 6.748290167658733, 12.653808593791529, 0.0 ], [ 6.753813340514865, 12.64825778566823, 0.0 ], [ 6.754166667059634, 12.645833333041857, 0.0 ], [ 6.754519992705085, 12.630908881339773, 0.0 ], [ 6.758686658763844, 12.62671305296497, 0.0 ], [ 6.757980007472952, 12.622575548322896, 0.0 ], [ 6.754519992705088, 12.619091118760119, 0.0 ], [ 6.753813340514876, 12.614242214406637, 0.0 ], [ 6.749646674456118, 12.610046386931209, 0.0 ], [ 6.750353325747016, 12.597575548372825, 0.0 ], [ 6.753813340514881, 12.59409111881005, 0.0 ], [ 6.754166667059652, 12.583333333166744, 0.0 ], [ 6.754524400282464, 12.58087836384537, 0.0 ], [ 6.764242214408211, 12.571186658837217, 0.0 ], [ 6.769121127339719, 12.57047559906964, 0.0 ], [ 6.782980007422865, 12.556591118885011, 0.0 ], [ 6.783333333068371, 12.550000000199802, 0.0 ], [ 6.782980007422871, 12.539242214556554, 0.0 ], [ 6.779519992655062, 12.535757784993777, 0.0 ], [ 6.779166667009558, 12.53333333326667, 0.0 ], [ 6.778271145498465, 12.529843818037751, 0.0 ], [ 6.760543823540236, 12.513067288124812, 0.0 ], [ 6.739456176662952, 12.511932712424686, 0.0 ], [ 6.735543823590294, 12.508900621166706, 0.0 ], [ 6.721793111264893, 12.50767754408335, 0.0 ], [ 6.717233954984881, 12.502210489822202, 0.0 ], [ 6.716099378385452, 12.48945617686101, 0.0 ], [ 6.713067288026753, 12.485543822889069, 0.0 ], [ 6.711932712326697, 12.48112284384413, 0.0 ], [ 6.708900621068681, 12.477210489872189, 0.0 ], [ 6.707629055238582, 12.467586262795772, 0.0 ], [ 6.702210489724224, 12.463067288224712, 0.0 ], [ 6.697789509779994, 12.461932712524591, 0.0 ], [ 6.689710489749324, 12.454733954308514, 0.0 ], [ 6.682766045418709, 12.452951728239626, 0.0 ], [ 6.684030151372442, 12.442557101429047, 0.0 ], [ 6.687500000226844, 12.441666666483416, 0.0 ], [ 6.690815734960229, 12.440815904230551, 0.0 ], [ 6.691666666285599, 12.437500000424638, 0.0 ], [ 6.687500000226844, 12.437500000424636, 0.0 ], [ 6.687500000226847, 12.433333333466539, 0.0 ], [ 6.675909254410667, 12.432709757049579, 0.0 ], [ 6.674432712401834, 12.426956176985938, 0.0 ], [ 6.671400621143876, 12.423043823013996, 0.0 ], [ 6.670266045443764, 12.418622843069681, 0.0 ], [ 6.654733954210856, 12.402210490022021, 0.0 ], [ 6.653599378510745, 12.397789510077766, 0.0 ], [ 6.636822848597934, 12.380062188119435, 0.0 ], [ 6.630017598635713, 12.378315904355413, 0.0 ], [ 6.628599378560914, 12.372789510127744, 0.0 ], [ 6.625567288202221, 12.368877156155744, 0.0 ], [ 6.624432712502169, 12.360289510152706, 0.0 ], [ 6.616083780744397, 12.350919596062447, 0.0 ], [ 6.614059594753897, 12.350400190886132, 0.0 ], [ 6.613018616570454, 12.350885440590071, 0.0 ], [ 6.612671330671883, 12.35123421730178, 0.0 ], [ 6.613011708874725, 12.352240777128497, 0.0 ], [ 6.613270883052719, 12.353472436925369, 0.0 ], [ 6.611919577967339, 12.352772829159726, 0.0 ], [ 6.611706571538568, 12.352775257932068, 0.0 ], [ 6.611573622227422, 12.353240288508449, 0.0 ], [ 6.610863569210836, 12.353443275512214, 0.0 ], [ 6.610788211415269, 12.353592554010087, 0.0 ], [ 6.609444793517461, 12.354219012968592, 0.0 ], [ 6.608859347382638, 12.354016234114294, 0.0 ], [ 6.607866723306377, 12.354300001357583, 0.0 ], [ 6.607740517193596, 12.354671281491791, 0.0 ], [ 6.607746108461794, 12.355181720677102, 0.0 ], [ 6.60743567192239, 12.355444775578354, 0.0 ], [ 6.60616749781548, 12.354788303497902, 0.0 ], [ 6.605251325272501, 12.355457608597122, 0.0 ], [ 6.60526095741413, 12.356283095038989, 0.0 ], [ 6.606016574984452, 12.357757640610245, 0.0 ], [ 6.604022472604992, 12.358216861165559, 0.0 ], [ 6.603308498063045, 12.357847372925777, 0.0 ], [ 6.601928486338929, 12.358112646956485, 0.0 ], [ 6.601107426546735, 12.358088733256231, 0.0 ], [ 6.600823707034512, 12.358373722139401, 0.0 ], [ 6.599961836101805, 12.358631904525147, 0.0 ], [ 6.599063253280153, 12.358166570445553, 0.0 ], [ 6.597447706854688, 12.358401691458434, 0.0 ], [ 6.597204716662104, 12.358607574887202, 0.0 ], [ 6.596947561757085, 12.35847448083798, 0.0 ], [ 6.592460802027101, 12.35912746825799, 0.0 ], [ 6.591817710253706, 12.363545779164989, 0.0 ], [ 6.592724704128546, 12.363771627963233, 0.0 ], [ 6.593036232920216, 12.365097731352964, 0.0 ], [ 6.592480026886161, 12.36561378161673, 0.0 ], [ 6.591942446125078, 12.366154085710669, 0.0 ], [ 6.591424293118298, 12.366248720319406, 0.0 ], [ 6.591049024695439, 12.368826972186962, 0.0 ], [ 6.589584455068534, 12.370831798234965, 0.0 ], [ 6.589394411255215, 12.371569423824313, 0.0 ], [ 6.588558984111817, 12.372344266851519, 0.0 ], [ 6.588255060246274, 12.375882482220282, 0.0 ], [ 6.587654661718403, 12.376020698145359, 0.0 ], [ 6.586882357737367, 12.381326972161935, 0.0 ], [ 6.586266871444984, 12.382020883815095, 0.0 ], [ 6.586267682542391, 12.38209689646067, 0.0 ], [ 6.58625978318924, 12.382370283078025, 0.0 ], [ 6.586537022317816, 12.38291198235015, 0.0 ], [ 6.58624294108557, 12.38373318048637, 0.0 ], [ 6.586796377397746, 12.384813129280095, 0.0 ], [ 6.586510639827567, 12.385078222607042, 0.0 ], [ 6.586097557141886, 12.385895979697988, 0.0 ], [ 6.585265111659234, 12.385871901813449, 0.0 ], [ 6.584105936759639, 12.385884888469205, 0.0 ], [ 6.583741136641314, 12.386956407107402, 0.0 ], [ 6.583428141268393, 12.387490473871656, 0.0 ], [ 6.582222587724429, 12.386866386770027, 0.0 ], [ 6.581770567691586, 12.387090107304298, 0.0 ], [ 6.579648551053666, 12.389482511638034, 0.0 ], [ 6.579656149332798, 12.389497337549535, 0.0 ], [ 6.579633286895565, 12.389499720757577, 0.0 ], [ 6.577766587560769, 12.39160427521702, 0.0 ], [ 6.57440024317142, 12.389145347566538, 0.0 ], [ 6.574248281187223, 12.389591757127764, 0.0 ], [ 6.572209157655919, 12.389532764004013, 0.0 ], [ 6.57200581185, 12.388897068214883, 0.0 ], [ 6.567348388920283, 12.393249457257333, 0.0 ], [ 6.567412386482568, 12.393311020573034, 0.0 ], [ 6.567670124143389, 12.394673977685589, 0.0 ], [ 6.568029330800339, 12.395375520560712, 0.0 ], [ 6.566357544244826, 12.395892350695096, 0.0 ], [ 6.565993371811575, 12.397640716125204, 0.0 ], [ 6.565682844151035, 12.397903705459749, 0.0 ], [ 6.564069920434661, 12.397068608366693, 0.0 ], [ 6.563789922611213, 12.397349871134811, 0.0 ], [ 6.563222722420384, 12.397876063458412, 0.0 ], [ 6.562613652648539, 12.399081934396042, 0.0 ], [ 6.561804752299319, 12.399766368864931, 0.0 ], [ 6.561128570796276, 12.399061913771909, 0.0 ], [ 6.556844411873907, 12.403065485410393, 0.0 ], [ 6.556849500076344, 12.403522569453044, 0.0 ], [ 6.556559801274823, 12.403514135228187, 0.0 ], [ 6.556362027780313, 12.403516276174919, 0.0 ], [ 6.556326802143157, 12.403549194739432, 0.0 ], [ 6.554615973292472, 12.404038345810969, 0.0 ], [ 6.554622839964474, 12.404619597855087, 0.0 ], [ 6.552771363135212, 12.404565746921039, 0.0 ], [ 6.550768195099137, 12.405138482055195, 0.0 ], [ 6.54938235781261, 12.414660305128864, 0.0 ], [ 6.546450975335276, 12.418673027937777, 0.0 ], [ 6.545833333544568, 12.420833333491446, 0.0 ], [ 6.546186659190012, 12.423257785218498, 0.0 ], [ 6.549646673957865, 12.426742214781273, 0.0 ], [ 6.549999999603309, 12.429166666508328, 0.0 ], [ 6.550353326148071, 12.435757785193534, 0.0 ], [ 6.553813340915921, 12.439242214756307, 0.0 ], [ 6.554519992206867, 12.444091119109736, 0.0 ], [ 6.557980007873981, 12.447575547773189, 0.0 ], [ 6.558686659164921, 12.464924452101707, 0.0 ], [ 6.574646673907642, 12.480908881639465, 0.0 ], [ 6.575353326097906, 12.494091119009822, 0.0 ], [ 6.578813340865756, 12.497575547673284, 0.0 ], [ 6.579519992156647, 12.506591118984865, 0.0 ], [ 6.582980007823819, 12.510075547648318, 0.0 ], [ 6.583686659114705, 12.523257785018675, 0.0 ], [ 6.589209831970818, 12.528808594041303, 0.0 ], [ 6.594091119112482, 12.52951999285327, 0.0 ], [ 6.599645148607312, 12.535046387081007, 0.0 ], [ 6.600000000402258, 12.541666666283543, 0.0 ], [ 6.597575547775904, 12.54201999282831, 0.0 ], [ 6.594091119112474, 12.54548000759619, 0.0 ], [ 6.591666666486121, 12.545833333241639, 0.0 ], [ 6.589242214759029, 12.546186658887088, 0.0 ], [ 6.58575778519628, 12.549646674554287, 0.0 ], [ 6.568408880867956, 12.550353325845238, 0.0 ], [ 6.564924452204527, 12.553813340613058, 0.0 ], [ 6.547575547876211, 12.554519992803321, 0.0 ], [ 6.544091118313463, 12.557980007571203, 0.0 ], [ 6.537499999628312, 12.558333333216646, 0.0 ], [ 6.536649068302947, 12.555017428511416, 0.0 ], [ 6.529875522140741, 12.553279283611921, 0.0 ], [ 6.504733954511735, 12.527210489772175, 0.0 ], [ 6.503246900327587, 12.52141621898317, 0.0 ], [ 6.493877156209248, 12.513067288124702, 0.0 ], [ 6.483333333669976, 12.512500000274633, 0.0 ], [ 6.482878955924835, 12.516954839752222, 0.0 ], [ 6.482941194625371, 12.516954176974474, 0.0 ], [ 6.483483457617916, 12.517378008075605, 0.0 ], [ 6.482803517760754, 12.517694455446557, 0.0 ], [ 6.482690598995535, 12.518801540858286, 0.0 ], [ 6.48085383648295, 12.521392011624455, 0.0 ], [ 6.481511438552634, 12.522365278038022, 0.0 ], [ 6.481225434972945, 12.522630473615914, 0.0 ], [ 6.480947015906361, 12.523446315499083, 0.0 ], [ 6.480663186419403, 12.523709412695146, 0.0 ], [ 6.480382541623374, 12.524532114554134, 0.0 ], [ 6.476635261051754, 12.525214553522931, 0.0 ], [ 6.475681924233993, 12.525836376753052, 0.0 ], [ 6.474164544022446, 12.526112756252868, 0.0 ], [ 6.472642208712357, 12.526068002514238, 0.0 ], [ 6.472034330394119, 12.526074460991868, 0.0 ], [ 6.471743173055678, 12.52614486027181, 0.0 ], [ 6.470190599020617, 12.531301540833315, 0.0 ], [ 6.469691577930329, 12.531884279462821, 0.0 ], [ 6.4700652601648, 12.532992321329511, 0.0 ], [ 6.468703310690707, 12.533625877872703, 0.0 ], [ 6.46814896570723, 12.53443909559472, 0.0 ], [ 6.467424675176765, 12.534531485822519, 0.0 ], [ 6.461998663711112, 12.540867784120758, 0.0 ], [ 6.458788041013199, 12.541195257072305, 0.0 ], [ 6.457641300085085, 12.542013591139655, 0.0 ], [ 6.457211665791762, 12.541356042158277, 0.0 ], [ 6.446553208667598, 12.54244316971632, 0.0 ], [ 6.44649444964547, 12.543400129680808, 0.0 ], [ 6.446546384924346, 12.543450099772281, 0.0 ], [ 6.446506678124297, 12.544744598217923, 0.0 ], [ 6.446792337112552, 12.545886553196796, 0.0 ], [ 6.447052086629204, 12.546978500503487, 0.0 ], [ 6.447328061956067, 12.547517922732013, 0.0 ], [ 6.447590486079192, 12.548338850180139, 0.0 ], [ 6.44786379171584, 12.549149292322197, 0.0 ], [ 6.448126218265334, 12.549970219803333, 0.0 ], [ 6.448402198000061, 12.550509641865618, 0.0 ], [ 6.448833446497287, 12.553775555238065, 0.0 ], [ 6.448229526413274, 12.553757633667887, 0.0 ], [ 6.447772497927978, 12.553762548540304, 0.0 ], [ 6.445826773489204, 12.554396224656893, 0.0 ], [ 6.44650075835555, 12.557089007597947, 0.0 ], [ 6.446101175600173, 12.558916606951811, 0.0 ], [ 6.445549689944857, 12.559426972391899, 0.0 ], [ 6.445501754580684, 12.559567339405266, 0.0 ], [ 6.445190599070843, 12.564634873800243, 0.0 ], [ 6.444527236605596, 12.565570467187303, 0.0 ], [ 6.444092519422371, 12.567820754842398, 0.0 ], [ 6.443087602864987, 12.56813064718083, 0.0 ], [ 6.442702290772727, 12.568891663056499, 0.0 ], [ 6.442310279995549, 12.569621379745538, 0.0 ], [ 6.441986155405742, 12.569772135373118, 0.0 ], [ 6.441023933012045, 12.572968207716436, 0.0 ], [ 6.440777068228495, 12.573316380879646, 0.0 ], [ 6.440998622478146, 12.57374915010875, 0.0 ], [ 6.44098979825317, 12.574041549950477, 0.0 ], [ 6.440433368669781, 12.574556613378476, 0.0 ], [ 6.440154668525078, 12.574835845024884, 0.0 ], [ 6.439709052369478, 12.574822689129229, 0.0 ], [ 6.438373318949802, 12.576706580882629, 0.0 ], [ 6.438491325368166, 12.577301411043706, 0.0 ], [ 6.439021603079397, 12.578337719508324, 0.0 ], [ 6.439281323428841, 12.579429671941401, 0.0 ], [ 6.43956230643396, 12.580551472794898, 0.0 ], [ 6.439538449773108, 12.581326788032451, 0.0 ], [ 6.439553904127034, 12.582757324488011, 0.0 ], [ 6.440071506934857, 12.583768631195023, 0.0 ], [ 6.440666663997547, 12.58500328479079, 0.0 ], [ 6.441142865867226, 12.586494609563283, 0.0 ], [ 6.441582755970934, 12.587354298471134, 0.0 ], [ 6.441935699829082, 12.590025760030382, 0.0 ], [ 6.442240949367858, 12.590930217018251, 0.0 ], [ 6.440802447831773, 12.591364840485234, 0.0 ], [ 6.440142036822674, 12.590676411758688, 0.0 ], [ 6.439104664022202, 12.59087471603228, 0.0 ], [ 6.445266045895202, 12.59778950967798, 0.0 ], [ 6.446470980954894, 12.615760972390786, 0.0 ], [ 6.45221049022577, 12.617233954882936, 0.0 ], [ 6.461797078875833, 12.625929090554928, 0.0 ], [ 6.463067287628926, 12.635543823488515, 0.0 ], [ 6.467626444808233, 12.641010877749661, 0.0 ], [ 6.481377156234311, 12.642233954833024, 0.0 ], [ 6.494929843241067, 12.654812283060251, 0.0 ], [ 6.496400621494853, 12.660543823438541, 0.0 ], [ 6.499432711853482, 12.664456176511226, 0.0 ], [ 6.499999999703535, 12.666666666932986, 0.0 ], [ 6.510757785346745, 12.667019992578441, 0.0 ], [ 6.519117736497461, 12.675353325595381, 0.0 ], [ 6.527424452279727, 12.67464667430443, 0.0 ], [ 6.535075547901221, 12.667019992578451, 0.0 ], [ 6.537499999628253, 12.666666666933004, 0.0 ], [ 6.541666666586375, 12.666666666933009, 0.0 ], [ 6.542024400708504, 12.664211696712311, 0.0 ], [ 6.551742214834223, 12.654519992603484, 0.0 ], [ 6.554166666561255, 12.654166666958039, 0.0 ], [ 6.5605438230418, 12.654733954808043, 0.0 ], [ 6.56989610502394, 12.663067287824985, 0.0 ], [ 6.573043823016733, 12.661932712124862, 0.0 ], [ 6.576956176988645, 12.658900620866889, 0.0 ], [ 6.585543822991674, 12.657766045166772, 0.0 ], [ 6.593622843022339, 12.650567287849965, 0.0 ], [ 6.599149068177465, 12.649149237747039, 0.0 ], [ 6.60000000040221, 12.645833333041804, 0.0 ], [ 6.610783895163083, 12.646187337675418, 0.0 ], [ 6.628813340765346, 12.664242214306675, 0.0 ], [ 6.629524230561094, 12.669120619121195, 0.0 ], [ 6.647575547675581, 12.687146674279523, 0.0 ], [ 6.656591118987047, 12.687853325570478, 0.0 ], [ 6.660075547650479, 12.69131334123762, 0.0 ], [ 6.673257785020757, 12.692019992528582, 0.0 ], [ 6.67674221458351, 12.695480007296464, 0.0 ], [ 6.679166666310604, 12.695833332941916, 0.0 ], [ 6.678813340665097, 12.706591118585223, 0.0 ], [ 6.675353325897292, 12.710075548147998, 0.0 ], [ 6.675000000251782, 12.724999999850079, 0.0 ], [ 6.67846984820692, 12.725890434795657, 0.0 ], [ 6.67973395416059, 12.736285061606239, 0.0 ], [ 6.671494547237584, 12.738399590768449, 0.0 ], [ 6.670266045443641, 12.752210490221911, 0.0 ], [ 6.661917114585227, 12.761580403412841, 0.0 ], [ 6.656122843796306, 12.763067287625182, 0.0 ], [ 6.652210489824388, 12.766099378883156, 0.0 ], [ 6.646684265568577, 12.767517428986086, 0.0 ], [ 6.64583333334383, 12.770833333691312, 0.0 ], [ 6.646400621193886, 12.773043823213813, 0.0 ], [ 6.653599378510596, 12.781122843244532, 0.0 ], [ 6.654733954210709, 12.785543823188851, 0.0 ], [ 6.657766045468723, 12.78945617716079, 0.0 ], [ 6.65922071686466, 12.795124986229045, 0.0 ], [ 6.66887715675741, 12.796400621491452, 0.0 ], [ 6.672789509830008, 12.799432711850113, 0.0 ], [ 6.682445949722702, 12.800708347112463, 0.0 ], [ 6.683333333268641, 12.804166666658277, 0.0 ], [ 6.689924451953755, 12.803813341012829, 0.0 ], [ 6.693751016897799, 12.800013563275304, 0.0 ], [ 6.71007554755023, 12.816313340987872, 0.0 ], [ 6.714924451903684, 12.817019992278771, 0.0 ], [ 6.722575547525196, 12.824646674004756, 0.0 ], [ 6.729166667109691, 12.824999999650201, 0.0 ], [ 6.739924451853567, 12.825353325295715, 0.0 ], [ 6.743408881416324, 12.82881334096286, 0.0 ], [ 6.752424451828542, 12.829519992253815, 0.0 ], [ 6.755908881391299, 12.832980007921014, 0.0 ], [ 6.760757785744757, 12.833686659211915, 0.0 ], [ 6.769117736895511, 12.842019992228852, 0.0 ], [ 6.781591118736575, 12.841313340937903, 0.0 ], [ 6.785075548299337, 12.83785332617002, 0.0 ], [ 6.789924451753418, 12.837146673979806, 0.0 ], [ 6.794120449200714, 12.832980007921025, 0.0 ], [ 6.798257785669641, 12.833686659211926, 0.0 ], [ 6.801742214333079, 12.837146673979808, 0.0 ], [ 6.819091118661468, 12.837853326170029, 0.0 ], [ 6.822575548224228, 12.841313340937914, 0.0 ], [ 6.827424451678313, 12.842019992228867, 0.0 ], [ 6.830908881241075, 12.845480007896011, 0.0 ], [ 6.837499999926258, 12.845833333541519, 0.0 ], [ 6.837146674280812, 12.835075547898215, 0.0 ], [ 6.833686659512943, 12.831591118335435, 0.0 ], [ 6.832980007322673, 12.826742214881277, 0.0 ] ] ] } },
{ "type": "Feature", "properties": { "Stra_Catch": "River Rima", "State": "Zamfara", "LGA": "Shinkafi", "Population": 190821, "Cleard_TOR": "Not Cleared", "Status": "ongoing", "Start_Date": "1899-12-30T00:00:00", "End_Date": "1899-12-30T00:00:00", "Micr_Catch": "Bazai", "Size_Ha": 41224.846761599998, "Comments": null, "OBJECTID_1": 0, "Shape_Leng": 0.0, "Shape_Area": 0.0, "parent_strategic_name": "Rima", "clipped_to_state": true }, "geometry": { "type": "Polygon", "coordinates": [ [ [ 6.720250447501777, 13.019913736829464, 0.0 ], [ 6.728599378360257, 13.010543823638526, 0.0 ], [ 6.729166667109637, 13.000000000199833, 0.0 ], [ 6.728808932987506, 12.997545029979138, 0.0 ], [ 6.719091118861707, 12.987853325870246, 0.0 ], [ 6.710075547550173, 12.987146674579341, 0.0 ], [ 6.706591118886736, 12.983686658912145, 0.0 ], [ 6.704166666260378, 12.983333333266692, 0.0 ], [ 6.703808593993177, 12.980876328779477, 0.0 ], [ 6.698257784970585, 12.975353325895203, 0.0 ], [ 6.693376498728232, 12.97464192708323, 0.0 ], [ 6.687514241890564, 12.968750338856996, 0.0 ], [ 6.691652086476441, 12.964583333753824, 0.0 ], [ 6.687853325872108, 12.96075778504367, 0.0 ], [ 6.687146674581216, 12.955908881589565, 0.0 ], [ 6.67951999285528, 12.948257785068693, 0.0 ], [ 6.679166666310517, 12.937500000324702, 0.0 ], [ 6.679166666310518, 12.933333333366601, 0.0 ], [ 6.675673760637483, 12.93243679472222, 0.0 ], [ 6.674432712401653, 12.920086670363514, 0.0 ], [ 6.678599378460468, 12.914710489897132, 0.0 ], [ 6.679733954160526, 12.91175333644726, 0.0 ], [ 6.675468783559437, 12.906249999937486, 0.0 ], [ 6.678599378460473, 12.902210489922096, 0.0 ], [ 6.679733954160532, 12.897789509977839, 0.0 ], [ 6.682864549061567, 12.893749999962452, 0.0 ], [ 6.679733954160534, 12.889710489947118, 0.0 ], [ 6.678599378460479, 12.885289510002803, 0.0 ], [ 6.674040222180468, 12.879822455741715, 0.0 ], [ 6.660289509855017, 12.878599378658356, 0.0 ], [ 6.655134413324577, 12.874603949812359, 0.0 ], [ 6.653599378510561, 12.868622843069716, 0.0 ], [ 6.642233954235722, 12.856377156980159, 0.0 ], [ 6.641099378535668, 12.8519561770359, 0.0 ], [ 6.633900621218903, 12.843877157005119, 0.0 ], [ 6.633333333368848, 12.8374999996252, 0.0 ], [ 6.625000000351966, 12.8374999996252, 0.0 ], [ 6.624646674706519, 12.839924452251571, 0.0 ], [ 6.614955138770934, 12.849642266377417, 0.0 ], [ 6.610075547750655, 12.850353326144994, 0.0 ], [ 6.606249999939902, 12.854152085849972, 0.0 ], [ 6.602424452129154, 12.850353326144992, 0.0 ], [ 6.595833333444048, 12.849999999600223, 0.0 ], [ 6.595225863884945, 12.86575317386977, 0.0 ], [ 6.59166666648597, 12.866666666533353, 0.0 ], [ 6.589456176963489, 12.867233954383416, 0.0 ], [ 6.584301079533731, 12.871229384128672, 0.0 ], [ 6.582196214486243, 12.879431152625532, 0.0 ], [ 6.577210489974695, 12.875567288299607, 0.0 ], [ 6.569896105023835, 12.874432711700159, 0.0 ], [ 6.560543823041684, 12.882766045616412, 0.0 ], [ 6.549999999603069, 12.883333333466465, 0.0 ], [ 6.549646673957621, 12.885757785193519, 0.0 ], [ 6.546186659189765, 12.889242214756292, 0.0 ], [ 6.54548000789887, 12.894091119109772, 0.0 ], [ 6.537853326172947, 12.901742214731323, 0.0 ], [ 6.537146673982676, 12.906591119084744, 0.0 ], [ 6.533686659214818, 12.910075547748198, 0.0 ], [ 6.533333333569372, 12.912500000374624, 0.0 ], [ 6.53090888094302, 12.912853326020075, 0.0 ], [ 6.510757785346588, 12.932980007721076, 0.0 ], [ 6.508333333619555, 12.933333333366527, 0.0 ], [ 6.50890062146961, 12.935543822888965, 0.0 ], [ 6.511932711828241, 12.939456176860965, 0.0 ], [ 6.513067287528348, 12.943877156805224, 0.0 ], [ 6.524540201472051, 12.956238471428206, 0.0 ], [ 6.521400621444468, 12.960289509852883, 0.0 ], [ 6.520266045744406, 12.973043822814073, 0.0 ], [ 6.50890062146958, 12.985289509802891, 0.0 ], [ 6.507766045769467, 12.989710489747202, 0.0 ], [ 6.504733954511455, 12.993622843719141, 0.0 ], [ 6.503599378811395, 13.002210489722177, 0.0 ], [ 6.500567287553384, 13.006122843694172, 0.0 ], [ 6.499432711853255, 13.035543823588439, 0.0 ], [ 6.496400621494619, 13.039456176661059, 0.0 ], [ 6.494982401419817, 13.04498257088879, 0.0 ], [ 6.491666666686498, 13.045833333141655, 0.0 ], [ 6.491666666686492, 13.054166667057906, 0.0 ], [ 6.498257785371584, 13.05451999270336, 0.0 ], [ 6.50590888099307, 13.062146674429348, 0.0 ], [ 6.514924452304575, 13.062853325720306, 0.0 ], [ 6.518408880967999, 13.066313340488133, 0.0 ], [ 6.520833333594351, 13.066666667032958, 0.0 ], [ 6.520833333594348, 13.071026218078503, 0.0 ], [ 6.521312252298653, 13.068980771915795, 0.0 ], [ 6.521312252940489, 13.068980769174535, 0.0 ], [ 6.521867599812769, 13.066608899980622, 0.0 ], [ 6.523884819424899, 13.061761847401172, 0.0 ], [ 6.5254328, 13.0580423, 0.0 ], [ 6.526087327836393, 13.057085876023704, 0.0 ], [ 6.526087329763437, 13.057085873207825, 0.0 ], [ 6.528943099647177, 13.052912899710408, 0.0 ], [ 6.536189799822195, 13.04904839956385, 0.0 ], [ 6.542899700063878, 13.044245599854444, 0.0 ], [ 6.543946646812721, 13.043031383339079, 0.0 ], [ 6.5460192, 13.0406277, 0.0 ], [ 6.547536682027692, 13.038300508908623, 0.0 ], [ 6.551296500036149, 13.032534499567378, 0.0 ], [ 6.558891179978617, 13.028487470164677, 0.0 ], [ 6.5588911908324, 13.028487464380946, 0.0 ], [ 6.56028, 13.0277474, 0.0 ], [ 6.564107069193714, 13.027092740096712, 0.0 ], [ 6.574038299630358, 13.025393899608698, 0.0 ], [ 6.578476967469276, 13.023637834941598, 0.0 ], [ 6.579143445416996, 13.023374157014768, 0.0 ], [ 6.579530503494386, 13.023221025659472, 0.0 ], [ 6.581262999690159, 13.022535599638131, 0.0 ], [ 6.606790600408166, 13.046604300348104, 0.0 ], [ 6.609472574303553, 13.049060981776627, 0.0 ], [ 6.6571772, 13.0927583, 0.0 ], [ 6.658786776722181, 13.093651556073471, 0.0 ], [ 6.658786779857429, 13.09365155781342, 0.0 ], [ 6.669734499349561, 13.099727140295222, 0.0 ], [ 6.674100409308316, 13.099338786056087, 0.0 ], [ 6.675567288101703, 13.093622843519382, 0.0 ], [ 6.678599378460405, 13.089710489547382, 0.0 ], [ 6.680070156714202, 13.083978950068412, 0.0 ], [ 6.693622843721028, 13.071400620941874, 0.0 ], [ 6.695833333243513, 13.070833333091816, 0.0 ], [ 6.695833333243514, 13.066666667033031, 0.0 ], [ 6.696400621093517, 13.064456176611214, 0.0 ], [ 6.699432712351538, 13.0605438235386, 0.0 ], [ 6.700567288051654, 13.056122843594288, 0.0 ], [ 6.707766045368378, 13.048043823563567, 0.0 ], [ 6.708900621068499, 13.03112284364428, 0.0 ], [ 6.71193271232652, 13.027210489672337, 0.0 ], [ 6.713350931501948, 13.021684095444613, 0.0 ], [ 6.720250447501777, 13.019913736829464, 0.0 ] ] ] } },
{ "type": "Feature", "properties": { "Stra_Catch": "Sokoto River", "State": "Zamfara", "LGA": "Gusau and Bungudu", "Population": 582240, "Cleard_TOR": "Cleared", "Status": "Completed", "Start_Date": "2025-02-05T00:00:00", "End_Date": "2025-04-25T00:00:00", "Micr_Catch": "Koramar Wanke", "Size_Ha": 14526.3612595, "Comments": null, "OBJECTID_1": 0, "Shape_Leng": 0.0, "Shape_Area": 0.0, "parent_strategic_name": "Sokoto-Zamfara", "clipped_to_state": true }, "geometry": { "type": "Polygon", "coordinates": [ [ [ 6.710757784945834, 12.121186658837217, 0.0 ], [ 6.67916666631081, 12.120833333191701, 0.0 ], [ 6.675850931577426, 12.119982570938831, 0.0 ], [ 6.674149068027316, 12.113350762427689, 0.0 ], [ 6.667517598560606, 12.111649237921949, 0.0 ], [ 6.666099378485808, 12.106122843694218, 0.0 ], [ 6.658900621169044, 12.098043823663501, 0.0 ], [ 6.657766045468992, 12.085289509802983, 0.0 ], [ 6.654733954210981, 12.081377156730362, 0.0 ], [ 6.65359937851087, 12.072789509827949, 0.0 ], [ 6.650567288152234, 12.068877156755324, 0.0 ], [ 6.649432712452128, 12.051956176836033, 0.0 ], [ 6.646302117551101, 12.047916666820644, 0.0 ], [ 6.649432712452133, 12.043877156805255, 0.0 ], [ 6.650000000302195, 12.025000000349683, 0.0 ], [ 6.64668426556887, 12.024149238096818, 0.0 ], [ 6.644982401119384, 12.017517428686348, 0.0 ], [ 6.63945617686358, 12.016099378583363, 0.0 ], [ 6.635543822891668, 12.013067288224706, 0.0 ], [ 6.629166666411119, 12.01250000037464, 0.0 ], [ 6.628813340765615, 12.014924452101695, 0.0 ], [ 6.625353325997815, 12.018408881664465, 0.0 ], [ 6.624646674706863, 12.023257785118627, 0.0 ], [ 6.621186659039687, 12.026742214681398, 0.0 ], [ 6.620833333394239, 12.033333333366553, 0.0 ], [ 6.621400621244294, 12.035543822889046, 0.0 ], [ 6.624432712502304, 12.039456176860989, 0.0 ], [ 6.625567288202357, 12.042413330310858, 0.0 ], [ 6.621302117601272, 12.047916666820633, 0.0 ], [ 6.624432712502299, 12.051956176836022, 0.0 ], [ 6.625567288202348, 12.064710489797214, 0.0 ], [ 6.62859937856104, 12.068622843769163, 0.0 ], [ 6.629733954261141, 12.098043823663488, 0.0 ], [ 6.632766045519094, 12.101956176736108, 0.0 ], [ 6.63390062121919, 12.142413330111026, 0.0 ], [ 6.629733954261121, 12.147789509678089, 0.0 ], [ 6.628599378561003, 12.15637715658044, 0.0 ], [ 6.621400621244238, 12.164456176611219, 0.0 ], [ 6.620266045544124, 12.168877156555476, 0.0 ], [ 6.617233954286167, 12.172789510527414, 0.0 ], [ 6.61609937858605, 12.18554382348861, 0.0 ], [ 6.612104118812645, 12.190698920019079, 0.0 ], [ 6.605017598685907, 12.192517429235908, 0.0 ], [ 6.604166666461161, 12.195833333041817, 0.0 ], [ 6.604166666461161, 12.2, 0.0 ], [ 6.60762481693444, 12.200887383545863, 0.0 ], [ 6.609037611399265, 12.211580403612672, 0.0 ], [ 6.614456176913611, 12.216099379082996, 0.0 ], [ 6.618877156857892, 12.217233954783117, 0.0 ], [ 6.622789509930484, 12.220266045141775, 0.0 ], [ 6.628520881236169, 12.221736992468145, 0.0 ], [ 6.641099378535917, 12.235289510402536, 0.0 ], [ 6.642370944365956, 12.244913736579635, 0.0 ], [ 6.647789509880307, 12.249432712049957, 0.0 ], [ 6.65637715678266, 12.250567287750078, 0.0 ], [ 6.660289509855255, 12.25359937900806, 0.0 ], [ 6.666551683472772, 12.254156438415182, 0.0 ], [ 6.666540311431291, 12.253217504361148, 0.0 ], [ 6.666760229790999, 12.253114874907093, 0.0 ], [ 6.66692463056224, 12.251266766502109, 0.0 ], [ 6.664738325807666, 12.250722913168753, 0.0 ], [ 6.66521793572536, 12.249382925626335, 0.0 ], [ 6.66520869236061, 12.248597638097424, 0.0 ], [ 6.665216459059898, 12.248326613742455, 0.0 ], [ 6.665204783219789, 12.247328192241893, 0.0 ], [ 6.665642890123261, 12.245625159850674, 0.0 ], [ 6.666064451301966, 12.24562027293393, 0.0 ], [ 6.666612879565469, 12.245635789890379, 0.0 ], [ 6.666890964451635, 12.245356208373213, 0.0 ], [ 6.667174289494982, 12.245092820783665, 0.0 ], [ 6.66745408458245, 12.244005539510839, 0.0 ], [ 6.668013013539773, 12.243744492146956, 0.0 ], [ 6.668411318045464, 12.242954456614065, 0.0 ], [ 6.669671142072407, 12.242940002412931, 0.0 ], [ 6.670219028036578, 12.242955506625341, 0.0 ], [ 6.67024798885098, 12.241986018615155, 0.0 ], [ 6.669973216556738, 12.240231652311898, 0.0 ], [ 6.66969136037307, 12.23996028744895, 0.0 ], [ 6.670883180349207, 12.239206039173865, 0.0 ], [ 6.671089482330184, 12.237644531746747, 0.0 ], [ 6.671057076795798, 12.23492596836933, 0.0 ], [ 6.671880017793409, 12.234670937534478, 0.0 ], [ 6.674432712401904, 12.231377156430554, 0.0 ], [ 6.674534562331786, 12.229858173943857, 0.0 ], [ 6.673439706530155, 12.229324170687949, 0.0 ], [ 6.672838424676179, 12.227785715438019, 0.0 ], [ 6.672285931732162, 12.227254473616695, 0.0 ], [ 6.672302632353575, 12.226699458310087, 0.0 ], [ 6.672280052250694, 12.224850863923429, 0.0 ], [ 6.672867789983353, 12.223752674871252, 0.0 ], [ 6.672876368881528, 12.223448826927601, 0.0 ], [ 6.672334934701434, 12.222392704001564, 0.0 ], [ 6.672322052823004, 12.221280958221254, 0.0 ], [ 6.672617064665302, 12.221277630148416, 0.0 ], [ 6.673154144540385, 12.221292764608206, 0.0 ], [ 6.673593728716552, 12.220884550557296, 0.0 ], [ 6.67313302000712, 12.219522543901343, 0.0 ], [ 6.673747142385772, 12.217805348336022, 0.0 ], [ 6.673484422496077, 12.216947491142609, 0.0 ], [ 6.672661135513963, 12.216545802690804, 0.0 ], [ 6.672937360694293, 12.215858494895047, 0.0 ], [ 6.673248861639427, 12.215569123179414, 0.0 ], [ 6.673210727162659, 12.212418410514953, 0.0 ], [ 6.673633052762465, 12.211580640782527, 0.0 ], [ 6.675448166702786, 12.211018051992037, 0.0 ], [ 6.675472645170843, 12.210186977776202, 0.0 ], [ 6.674808912176466, 12.20920607382317, 0.0 ], [ 6.676233402202691, 12.207883022075961, 0.0 ], [ 6.675516483150479, 12.206397077881409, 0.0 ], [ 6.674691075450733, 12.205994588168911, 0.0 ], [ 6.674680051215947, 12.205037462461101, 0.0 ], [ 6.675472529802268, 12.203908158453341, 0.0 ], [ 6.675816290754395, 12.202571479015441, 0.0 ], [ 6.677282523157587, 12.201209055866389, 0.0 ], [ 6.676927283743252, 12.200158485947739, 0.0 ], [ 6.676966317792508, 12.198829293138695, 0.0 ], [ 6.676584135021384, 12.198462053348841, 0.0 ], [ 6.676953838300721, 12.197728929445034, 0.0 ], [ 6.678250142636137, 12.1977660658668, 0.0 ], [ 6.679166014773839, 12.197482039547042, 0.0 ], [ 6.679723596991342, 12.196125706508662, 0.0 ], [ 6.680486094581228, 12.196147481861903, 0.0 ], [ 6.680974656310724, 12.19424731631686, 0.0 ], [ 6.681533944024782, 12.194240638859602, 0.0 ], [ 6.682771045896844, 12.194275929228475, 0.0 ], [ 6.683143894539368, 12.193178007455916, 0.0 ], [ 6.685263698767528, 12.193461618574755, 0.0 ], [ 6.687409638918211, 12.194021824057854, 0.0 ], [ 6.687747281764858, 12.19375435616144, 0.0 ], [ 6.687734429458609, 12.192691311674423, 0.0 ], [ 6.688023293183132, 12.192400400684335, 0.0 ], [ 6.688819337713618, 12.192028496489838, 0.0 ], [ 6.689297243914134, 12.190169780085311, 0.0 ], [ 6.689980360541726, 12.189163661047187, 0.0 ], [ 6.690814704407786, 12.188904850181386, 0.0 ], [ 6.691213379889756, 12.188113962792293, 0.0 ], [ 6.6925985508809, 12.187206901800321, 0.0 ], [ 6.693821318066918, 12.187839541744044, 0.0 ], [ 6.69495185944383, 12.187871763006385, 0.0 ], [ 6.694698269564785, 12.18594999233407, 0.0 ], [ 6.69397268323006, 12.183402660476341, 0.0 ], [ 6.694928153744515, 12.182515022268012, 0.0 ], [ 6.692970291690257, 12.181560406646954, 0.0 ], [ 6.693359637191912, 12.180787966035984, 0.0 ], [ 6.694193951960682, 12.18052913947448, 0.0 ], [ 6.694730365979764, 12.179989575461574, 0.0 ], [ 6.695854245662719, 12.17972972050493, 0.0 ], [ 6.696681122065597, 12.179459174238721, 0.0 ], [ 6.697500931979925, 12.179883251976387, 0.0 ], [ 6.697150889467418, 12.17822171360913, 0.0 ], [ 6.69669245416887, 12.177271694995824, 0.0 ], [ 6.695347861220326, 12.175979111862436, 0.0 ], [ 6.69533758415697, 12.175111727352601, 0.0 ], [ 6.695625477744028, 12.174305870940758, 0.0 ], [ 6.695910270082632, 12.172673723925344, 0.0 ], [ 6.696461079865887, 12.172958948892914, 0.0 ], [ 6.697140505201666, 12.172621509887495, 0.0 ], [ 6.697861890761012, 12.172973281863289, 0.0 ], [ 6.698386770855335, 12.173519853783999, 0.0 ], [ 6.698825238342534, 12.17222705948754, 0.0 ], [ 6.700023544813179, 12.171632371270015, 0.0 ], [ 6.700597861340786, 12.171625506334266, 0.0 ], [ 6.70220637770256, 12.172457752986867, 0.0 ], [ 6.703359253281515, 12.172201543971548, 0.0 ], [ 6.703641104747794, 12.170843101057736, 0.0 ], [ 6.703924307398002, 12.17057965342997, 0.0 ], [ 6.704196837989605, 12.170305525754138, 0.0 ], [ 6.704307322658266, 12.17028525278068, 0.0 ], [ 6.704733954110707, 12.168622843569345, 0.0 ], [ 6.706415232401294, 12.166453464339437, 0.0 ], [ 6.706413933543045, 12.166449408732975, 0.0 ], [ 6.704490782638483, 12.165971185943983, 0.0 ], [ 6.705621745325445, 12.165442886863763, 0.0 ], [ 6.706080012947568, 12.164533322910843, 0.0 ], [ 6.707596669065627, 12.16492903844552, 0.0 ], [ 6.707766045368669, 12.164710489597351, 0.0 ], [ 6.708900621068784, 12.160289509653095, 0.0 ], [ 6.711932712326802, 12.156377156580472, 0.0 ], [ 6.713067288026861, 12.151956176636217, 0.0 ], [ 6.714141802122943, 12.150798440420871, 0.0 ], [ 6.712916427261049, 12.150201047303563, 0.0 ], [ 6.713235426140516, 12.149397267348903, 0.0 ], [ 6.714835303118809, 12.148900854452965, 0.0 ], [ 6.714864895660297, 12.147892678240918, 0.0 ], [ 6.713731255902424, 12.147610885997043, 0.0 ], [ 6.71294554523798, 12.146792411712845, 0.0 ], [ 6.712662646394557, 12.146520560670641, 0.0 ], [ 6.714054501804687, 12.145993572389065, 0.0 ], [ 6.714332422344898, 12.145713913383009, 0.0 ], [ 6.715142145006358, 12.145736752212375, 0.0 ], [ 6.715986198494575, 12.144952394193211, 0.0 ], [ 6.715994704748937, 12.144649063527863, 0.0 ], [ 6.715715744182508, 12.144104558323251, 0.0 ], [ 6.717654671776739, 12.143854490127389, 0.0 ], [ 6.718762930759067, 12.14250282741021, 0.0 ], [ 6.719046086175278, 12.142239355721561, 0.0 ], [ 6.719318571997662, 12.141964939887668, 0.0 ], [ 6.719916305282711, 12.14198204474323, 0.0 ], [ 6.720863698639192, 12.13973790371899, 0.0 ], [ 6.719144478408216, 12.138899580207074, 0.0 ], [ 6.719629411348253, 12.138448739675308, 0.0 ], [ 6.720398541709069, 12.137674333623083, 0.0 ], [ 6.721559359532753, 12.137098003523358, 0.0 ], [ 6.722660121295504, 12.137129300349217, 0.0 ], [ 6.72268820955254, 12.136166906781529, 0.0 ], [ 6.722676789253516, 12.13523092785764, 0.0 ], [ 6.722981075383647, 12.134379086777582, 0.0 ], [ 6.722964839871129, 12.1330594472476, 0.0 ], [ 6.723259370359121, 12.132785472051346, 0.0 ], [ 6.723800157990826, 12.131711596673414, 0.0 ], [ 6.724643487592859, 12.131701583285304, 0.0 ], [ 6.725455864364092, 12.131724406606784, 0.0 ], [ 6.725750391073277, 12.131450428016491, 0.0 ], [ 6.726027453981104, 12.130634098746386, 0.0 ], [ 6.727106001057895, 12.130299573152453, 0.0 ], [ 6.727423336561548, 12.12847673067569, 0.0 ], [ 6.728504324077957, 12.127471607278961, 0.0 ], [ 6.728569560188195, 12.125232890618403, 0.0 ], [ 6.72830618861768, 12.124979628942508, 0.0 ], [ 6.714242214508587, 12.124646674504362, 0.0 ], [ 6.710757784945834, 12.121186658837217, 0.0 ] ] ] } },
{ "type": "Feature", "properties": { "Stra_Catch": "Sokoto River", "State": "Zamfara", "LGA": "Bungudu and Kaiura Nomada", "Population": 582210, "Cleard_TOR": "Cleared", "Status": "Completed", "Start_Date": "2025-02-05T00:00:00", "End_Date": "2025-04-25T00:00:00", "Micr_Catch": "Gidan Dangwari", "Size_Ha": 13917.2090434, "Comments": null, "OBJECTID_1": 0, "Shape_Leng": 0.0, "Shape_Area": 0.0, "parent_strategic_name": "Sokoto-Zamfara", "clipped_to_state": true }, "geometry": { "type": "MultiPolygon", "coordinates": [ [ [ [ 6.660447040299468, 12.29565864740073, 0.0 ], [ 6.661930232196667, 12.295387195080323, 0.0 ], [ 6.662612945819452, 12.294110652101317, 0.0 ], [ 6.662606899146889, 12.293576363986332, 0.0 ], [ 6.662644528467115, 12.292303836634295, 0.0 ], [ 6.66222429758979, 12.290992452257781, 0.0 ], [ 6.662192069422942, 12.290961447585067, 0.0 ], [ 6.661932712426986, 12.293877156305662, 0.0 ], [ 6.660447040299468, 12.29565864740073, 0.0 ] ] ], [ [ [ 6.644324272701057, 12.303996618142765, 0.0 ], [ 6.644395028502017, 12.303591918189305, 0.0 ], [ 6.644061485756839, 12.303889119281536, 0.0 ], [ 6.644324272701057, 12.303996618142765, 0.0 ] ] ], [ [ [ 6.634058036285776, 12.309855018886763, 0.0 ], [ 6.635226903755676, 12.310648820964088, 0.0 ], [ 6.636554900762682, 12.310029461504508, 0.0 ], [ 6.636549972106529, 12.309617498088185, 0.0 ], [ 6.636573939703264, 12.308804452433099, 0.0 ], [ 6.63657126084195, 12.308571680136041, 0.0 ], [ 6.635289509905391, 12.30890062156635, 0.0 ], [ 6.634058036285776, 12.309855018886763, 0.0 ] ] ], [ [ [ 6.62790731689953, 12.313084659630544, 0.0 ], [ 6.628807433153659, 12.312806039823293, 0.0 ], [ 6.6288465818066, 12.312582066968613, 0.0 ], [ 6.626990620763229, 12.313058313533798, 0.0 ], [ 6.62790731689953, 12.313084659630544, 0.0 ] ] ], [ [ [ 6.625444786895527, 12.315795523447083, 0.0 ], [ 6.625754222166306, 12.315217135103159, 0.0 ], [ 6.625536936335391, 12.314574336776536, 0.0 ], [ 6.625154382720422, 12.316065068899912, 0.0 ], [ 6.625444786895527, 12.315795523447083, 0.0 ] ] ], [ [ [ 6.612023628202518, 12.32792920688185, 0.0 ], [ 6.612408105238881, 12.327572545216077, 0.0 ], [ 6.612707535728512, 12.327271524947015, 0.0 ], [ 6.614689719508018, 12.327328573524778, 0.0 ], [ 6.614346159773602, 12.325960109017613, 0.0 ], [ 6.614635629838593, 12.325152312056689, 0.0 ], [ 6.614676849690522, 12.324916707894239, 0.0 ], [ 6.611563402960305, 12.327690951102888, 0.0 ], [ 6.612023628202518, 12.32792920688185, 0.0 ] ] ], [ [ [ 6.60914035332681, 12.3301888549578, 0.0 ], [ 6.609348150081075, 12.32998016202037, 0.0 ], [ 6.609985698063969, 12.329388528801699, 0.0 ], [ 6.609909863126497, 12.329164341223761, 0.0 ], [ 6.609253098854007, 12.329749552399836, 0.0 ], [ 6.60914035332681, 12.3301888549578, 0.0 ] ] ], [ [ [ 6.609415442929469, 12.337777647051958, 0.0 ], [ 6.609009001339844, 12.337567400603184, 0.0 ], [ 6.608454645336246, 12.337296753518862, 0.0 ], [ 6.608333333419167, 12.33717049271735, 0.0 ], [ 6.608333333419167, 12.337499999725127, 0.0 ], [ 6.609415442929469, 12.337777647051958, 0.0 ] ] ], [ [ [ 6.614059594753897, 12.350400190886132, 0.0 ], [ 6.614126211961742, 12.350369137420365, 0.0 ], [ 6.613759339047771, 12.347591592080294, 0.0 ], [ 6.612519053332746, 12.345757290129137, 0.0 ], [ 6.612839105997925, 12.344490998437921, 0.0 ], [ 6.613908275522173, 12.343992619963085, 0.0 ], [ 6.613642104872893, 12.343295117515947, 0.0 ], [ 6.612535880108828, 12.343307398063672, 0.0 ], [ 6.612116445999213, 12.342870566914291, 0.0 ], [ 6.612500000377286, 12.349999999700163, 0.0 ], [ 6.614059594753897, 12.350400190886132, 0.0 ] ] ] ] } },
{ "type": "Feature", "properties": { "Stra_Catch": "Sokoto River", "State": "Zamfara", "LGA": "Maru", "Population": 482615, "Cleard_TOR": "Not Cleared", "Status": "ongoing", "Start_Date": "1899-12-30T00:00:00", "End_Date": "1899-12-30T00:00:00", "Micr_Catch": "Saulawa", "Size_Ha": 77045.077483100002, "Comments": null, "OBJECTID_1": 0, "Shape_Leng": 0.0, "Shape_Area": 0.0, "parent_strategic_name": "Sokoto-Zamfara", "clipped_to_state": true }, "geometry": { "type": "Polygon", "coordinates": [ [ [ 6.381591118639938, 12.46701999207877, 0.0 ], [ 6.394116888688056, 12.479519992053815, 0.0 ], [ 6.40659111858969, 12.478813340762869, 0.0 ], [ 6.410075548152427, 12.475353325994989, 0.0 ], [ 6.435757785497527, 12.474646674704113, 0.0 ], [ 6.443408881119002, 12.467019992078816, 0.0 ], [ 6.454166666762195, 12.466666666433374, 0.0 ], [ 6.454166666762197, 12.462500000374536, 0.0 ], [ 6.464924452405333, 12.462853326020049, 0.0 ], [ 6.472575548026803, 12.470480007746039, 0.0 ], [ 6.477845820003646, 12.47076252765455, 0.0 ], [ 6.47705900297061, 12.469225942107414, 0.0 ], [ 6.47765035010906, 12.46857607336576, 0.0 ], [ 6.478871317684768, 12.468999354932517, 0.0 ], [ 6.479278795512964, 12.467864687424598, 0.0 ], [ 6.479267092733221, 12.466790955301965, 0.0 ], [ 6.479841122098796, 12.466259503546597, 0.0 ], [ 6.480124446114943, 12.465428078121642, 0.0 ], [ 6.480408200655856, 12.465164968389308, 0.0 ], [ 6.480692144562361, 12.464603541714103, 0.0 ], [ 6.481792432481512, 12.464636043151131, 0.0 ], [ 6.482204778714622, 12.464222191568505, 0.0 ], [ 6.484228972418243, 12.464924255351509, 0.0 ], [ 6.484550430372415, 12.464661491752922, 0.0 ], [ 6.48553897907044, 12.463377106923092, 0.0 ], [ 6.486611059421103, 12.46393263864373, 0.0 ], [ 6.487318880550323, 12.46360305684451, 0.0 ], [ 6.487604260699694, 12.462499524330976, 0.0 ], [ 6.489249036290176, 12.46254791201252, 0.0 ], [ 6.489543870311123, 12.46225207045082, 0.0 ], [ 6.489851439299757, 12.462261105766499, 0.0 ], [ 6.491810585119872, 12.460515421852641, 0.0 ], [ 6.492044183627629, 12.459830249576004, 0.0 ], [ 6.492562522875465, 12.459845412693198, 0.0 ], [ 6.493622843223126, 12.458900621266524, 0.0 ], [ 6.49929148321882, 12.45744594987058, 0.0 ], [ 6.499334407510227, 12.457121060051216, 0.0 ], [ 6.499243333085237, 12.456932064308608, 0.0 ], [ 6.498965176339805, 12.456389228728808, 0.0 ], [ 6.4992956478503, 12.456082849950773, 0.0 ], [ 6.499264294954183, 12.453283845428341, 0.0 ], [ 6.500102536685176, 12.451307164452272, 0.0 ], [ 6.500283585823937, 12.449936820992649, 0.0 ], [ 6.500137985931308, 12.449355781254791, 0.0 ], [ 6.50015458277417, 12.448804026554045, 0.0 ], [ 6.499336525560856, 12.447206647145226, 0.0 ], [ 6.499615015233423, 12.446364287336113, 0.0 ], [ 6.500174513100276, 12.446103699411095, 0.0 ], [ 6.50072060232259, 12.445555516470774, 0.0 ], [ 6.501552640571579, 12.445579883590677, 0.0 ], [ 6.501561237178201, 12.445300699894437, 0.0 ], [ 6.501555860196294, 12.444792947155266, 0.0 ], [ 6.501849620634476, 12.443929813082784, 0.0 ], [ 6.502406706882459, 12.443413756758364, 0.0 ], [ 6.502679744440205, 12.443139926455434, 0.0 ], [ 6.502963452182208, 12.44287678362168, 0.0 ], [ 6.503236488593311, 12.442602952527618, 0.0 ], [ 6.503722661415203, 12.442491205619302, 0.0 ], [ 6.503935156520057, 12.440102321417351, 0.0 ], [ 6.503809886778828, 12.440041138120142, 0.0 ], [ 6.50300236611755, 12.438805983103293, 0.0 ], [ 6.502183038077899, 12.43801780481925, 0.0 ], [ 6.502179990520082, 12.437716806996747, 0.0 ], [ 6.50218799272686, 12.437443175979604, 0.0 ], [ 6.501845853205787, 12.43711390090275, 0.0 ], [ 6.502195561021794, 12.436087957889473, 0.0 ], [ 6.503570526706424, 12.435663356924225, 0.0 ], [ 6.503622355186806, 12.433959399624788, 0.0 ], [ 6.502237713678188, 12.432240864510073, 0.0 ], [ 6.502615475851423, 12.431209090151473, 0.0 ], [ 6.503337612958278, 12.431230311476329, 0.0 ], [ 6.503909892738313, 12.430416857721314, 0.0 ], [ 6.504240669908788, 12.428832470833038, 0.0 ], [ 6.507946136742538, 12.428542875082073, 0.0 ], [ 6.509058045104943, 12.426342615377559, 0.0 ], [ 6.509184264945223, 12.425850762702391, 0.0 ], [ 6.50982547967865, 12.425686237518171, 0.0 ], [ 6.510023254484246, 12.42559410345009, 0.0 ], [ 6.510008419550749, 12.424266728984072, 0.0 ], [ 6.510531048660196, 12.42374238676638, 0.0 ], [ 6.511682767861629, 12.424525121884358, 0.0 ], [ 6.512442325503621, 12.424775266798592, 0.0 ], [ 6.511932711828544, 12.422789510027767, 0.0 ], [ 6.508900621469917, 12.418877156955084, 0.0 ], [ 6.507766045769818, 12.397789510077697, 0.0 ], [ 6.504733954511815, 12.393877157005074, 0.0 ], [ 6.50359937881177, 12.381122843144558, 0.0 ], [ 6.488067287578862, 12.364710490096892, 0.0 ], [ 6.486649068403445, 12.359184095869162, 0.0 ], [ 6.481122843248337, 12.357766045766231, 0.0 ], [ 6.473043823217647, 12.350567287550154, 0.0 ], [ 6.47083333369523, 12.349999999700092, 0.0 ], [ 6.470480007150412, 12.343408881014881, 0.0 ], [ 6.46701999238257, 12.339924452351426, 0.0 ], [ 6.466313341091683, 12.335075547997999, 0.0 ], [ 6.46285332542452, 12.331591118435222, 0.0 ], [ 6.462146674133637, 12.322575548022966, 0.0 ], [ 6.454519992407744, 12.314924452401407, 0.0 ], [ 6.454166666762303, 12.308333333716195, 0.0 ], [ 6.454166666762305, 12.3041666667581, 0.0 ], [ 6.451742215035224, 12.303813341112651, 0.0 ], [ 6.433688015593705, 12.285784572699701, 0.0 ], [ 6.433333333770588, 12.279166666808072, 0.0 ], [ 6.444091118514452, 12.279519992453526, 0.0 ], [ 6.455908881093966, 12.291313341137617, 0.0 ], [ 6.462499999779102, 12.291666666783067, 0.0 ], [ 6.466666666737156, 12.291666666783069, 0.0 ], [ 6.467019992382602, 12.289242215056017, 0.0 ], [ 6.475353325399455, 12.280882432977739, 0.0 ], [ 6.474646674108528, 12.251742214231658, 0.0 ], [ 6.470831976618301, 12.247900729534907, 0.0 ], [ 6.476742214985064, 12.242019992528503, 0.0 ], [ 6.479166666712091, 12.241666666883003, 0.0 ], [ 6.479519992357544, 12.230908881239749, 0.0 ], [ 6.482980008024712, 12.227424451676976, 0.0 ], [ 6.483686659315609, 12.214242214306621, 0.0 ], [ 6.491313341041518, 12.206591118685068, 0.0 ], [ 6.49201999233247, 12.197575548272809, 0.0 ], [ 6.49618665929053, 12.193379719898008, 0.0 ], [ 6.49548000799965, 12.17674221438158, 0.0 ], [ 6.492019992332486, 12.173257785718123, 0.0 ], [ 6.49131334104154, 12.168408881364641, 0.0 ], [ 6.487146674083487, 12.164213052989894, 0.0 ], [ 6.487853325374437, 12.160075548347759, 0.0 ], [ 6.499646674058404, 12.148257785768056, 0.0 ], [ 6.5003533253493, 12.139242214456479, 0.0 ], [ 6.503813341016468, 12.135757785793027, 0.0 ], [ 6.504166666661916, 12.12916666710788, 0.0 ], [ 6.50416666666192, 12.125000000149779, 0.0 ], [ 6.503315734437236, 12.121684095444545, 0.0 ], [ 6.497789510181448, 12.120266045341612, 0.0 ], [ 6.493877156209491, 12.117233954982897, 0.0 ], [ 6.472789510231644, 12.116099378383442, 0.0 ], [ 6.467413329765376, 12.111932712324659, 0.0 ], [ 6.456122843298696, 12.113067288024775, 0.0 ], [ 6.450746663731746, 12.117233954982868, 0.0 ], [ 6.44778951028191, 12.116099378383424, 0.0 ], [ 6.44241332981559, 12.111932712324641, 0.0 ], [ 6.426956176390869, 12.113067288024757, 0.0 ], [ 6.41887715636024, 12.120266045341561, 0.0 ], [ 6.412895880545054, 12.121801079256207, 0.0 ], [ 6.408900620771724, 12.126956176685997, 0.0 ], [ 6.407365586857032, 12.132937283428689, 0.0 ], [ 6.402083333383856, 12.137031385889529, 0.0 ], [ 6.398043823368578, 12.133900621016648, 0.0 ], [ 6.39583333294679, 12.133333333166584, 0.0 ], [ 6.394945950300232, 12.136791652712397, 0.0 ], [ 6.384220716517848, 12.138208346637697, 0.0 ], [ 6.382482401646548, 12.144982570888741, 0.0 ], [ 6.376956176491455, 12.146400620991662, 0.0 ], [ 6.373043823418828, 12.14943271224964, 0.0 ], [ 6.36862284347463, 12.150567287949759, 0.0 ], [ 6.36471048950274, 12.153599379207789, 0.0 ], [ 6.362499999980272, 12.154166667057785, 0.0 ], [ 6.362853325625712, 12.160757785742996, 0.0 ], [ 6.37048000735158, 12.168408881364558, 0.0 ], [ 6.371186658642518, 12.177424451776817, 0.0 ], [ 6.374646674309669, 12.180908881339596, 0.0 ], [ 6.374999999955111, 12.183333333066647, 0.0 ], [ 6.374999999955108, 12.187500000024743, 0.0 ], [ 6.372575548228089, 12.187146674379294, 0.0 ], [ 6.369091118665364, 12.183686658712093, 0.0 ], [ 6.360787116137756, 12.182980007421188, 0.0 ], [ 6.356591118690499, 12.187146674379282, 0.0 ], [ 6.351742214337087, 12.187853325670231, 0.0 ], [ 6.344091118715635, 12.195480007396208, 0.0 ], [ 6.33924221436228, 12.1961866586871, 0.0 ], [ 6.333691406239054, 12.201709662470691, 0.0 ], [ 6.333333333072477, 12.204166666957844, 0.0 ], [ 6.331122843550069, 12.20359937910778, 0.0 ], [ 6.327083333534744, 12.200468614234898, 0.0 ], [ 6.323043823519413, 12.203599379107773, 0.0 ], [ 6.309232924066219, 12.204827880901707, 0.0 ], [ 6.308333333122839, 12.208333333016657, 0.0 ], [ 6.306122843600375, 12.208900620866659, 0.0 ], [ 6.300967746170661, 12.212896050611972, 0.0 ], [ 6.29914906788134, 12.219982570738756, 0.0 ], [ 6.295833333147988, 12.220833332991624, 0.0 ], [ 6.295032924835828, 12.233601548572327, 0.0 ], [ 6.289622328214176, 12.229822116197393, 0.0 ], [ 6.278920830238566, 12.228511216718957, 0.0 ], [ 6.272148132137187, 12.233242120127422, 0.0 ], [ 6.270177883908795, 12.239622328007703, 0.0 ], [ 6.267322116429168, 12.243711005758005, 0.0 ], [ 6.266011216950758, 12.247955661024633, 0.0 ], [ 6.263155449471127, 12.252044338774883, 0.0 ], [ 6.261844549992716, 12.260455660999606, 0.0 ], [ 6.258988783412406, 12.264544338749911, 0.0 ], [ 6.257677883933972, 12.291912502759448, 0.0 ], [ 6.261844549992673, 12.297877671716856, 0.0 ], [ 6.263155449471067, 12.306288994840912, 0.0 ], [ 6.266038513173441, 12.310416666295765, 0.0 ], [ 6.263155449471057, 12.314544338649995, 0.0 ], [ 6.261844549992647, 12.321079169667621, 0.0 ], [ 6.266011216950668, 12.327044338625027, 0.0 ], [ 6.267322116429061, 12.33774583570144, 0.0 ], [ 6.263125440892974, 12.343753729650556, 0.0 ], [ 6.270908780022621, 12.352903238793122, 0.0 ], [ 6.278183661353215, 12.355149671519809, 0.0 ], [ 6.279822116403865, 12.360455661699106, 0.0 ], [ 6.28270518010624, 12.36458333315402, 0.0 ], [ 6.279822116403857, 12.368711005508189, 0.0 ], [ 6.278511216925448, 12.371500651233744, 0.0 ], [ 6.291011216900267, 12.385377671542013, 0.0 ], [ 6.292479281899421, 12.394797770500418, 0.0 ], [ 6.295833333147806, 12.395833333541193, 0.0 ], [ 6.295833333147801, 12.399999999600027, 0.0 ], [ 6.300000000105893, 12.399999999600031, 0.0 ], [ 6.300850931431257, 12.39668409579412, 0.0 ], [ 6.304166667063932, 12.3958333335412, 0.0 ], [ 6.304166667063929, 12.399999999600034, 0.0 ], [ 6.303315734839186, 12.40331590430527, 0.0 ], [ 6.300000000105888, 12.404166666558133, 0.0 ], [ 6.299432712255835, 12.40637715697995, 0.0 ], [ 6.29556867795814, 12.411362711519645, 0.0 ], [ 6.302210489628285, 12.413067287425072, 0.0 ], [ 6.307365587057996, 12.417062717170392, 0.0 ], [ 6.308900620972673, 12.423043823013771, 0.0 ], [ 6.320266045247406, 12.435289510002601, 0.0 ], [ 6.320833333097435, 12.458333333416331, 0.0 ], [ 6.323288472390604, 12.458691067538467, 0.0 ], [ 6.332980007426782, 12.468408881664324, 0.0 ], [ 6.333691067194347, 12.473288302712755, 0.0 ], [ 6.344117397804893, 12.483686659011871, 0.0 ], [ 6.348257785673411, 12.482980007720919, 0.0 ], [ 6.351742214336823, 12.479519992053785, 0.0 ], [ 6.360757785648282, 12.478813340762832, 0.0 ], [ 6.364242214311694, 12.475353325994954, 0.0 ], [ 6.369091118665112, 12.47464667470406, 0.0 ], [ 6.377451069815807, 12.466313340787812, 0.0 ], [ 6.381591118639938, 12.46701999207877, 0.0 ] ] ] } },
{ "type": "Feature", "properties": { "Stra_Catch": "River Ka", "State": "Zamfara", "LGA": "Anka", "Population": 206111, "Cleard_TOR": "Not Cleared", "Status": "ongoing", "Start_Date": "1899-12-30T00:00:00", "End_Date": "1899-12-30T00:00:00", "Micr_Catch": "Sarkin Zamfara", "Size_Ha": 59447.359734700003, "Comments": null, "OBJECTID_1": 0, "Shape_Leng": 0.0, "Shape_Area": 0.0, "parent_strategic_name": "Sokoto-Zamfara", "clipped_to_state": true }, "geometry": { "type": "Polygon", "coordinates": [ [ [ 6.053599378819502, 12.243622843418859, 0.0 ], [ 6.050567287561614, 12.239710490346232, 0.0 ], [ 6.049432711861539, 12.231122843443819, 0.0 ], [ 6.04640062150297, 12.227210489471869, 0.0 ], [ 6.045266045802905, 12.214456176510673, 0.0 ], [ 6.038067287586986, 12.206377156479945, 0.0 ], [ 6.036932711886915, 12.197789510476847, 0.0 ], [ 6.029733954570373, 12.18971048954679, 0.0 ], [ 6.028315904467497, 12.184184095319061, 0.0 ], [ 6.021229383441537, 12.182365587001536, 0.0 ], [ 6.017233954595723, 12.177210489571735, 0.0 ], [ 6.016010877512435, 12.163459947218083, 0.0 ], [ 6.01054382325146, 12.158900620966211, 0.0 ], [ 6.006122843307337, 12.157766045266079, 0.0 ], [ 5.998043823276819, 12.150567287949247, 0.0 ], [ 5.989456176374728, 12.149432712249112, 0.0 ], [ 5.981377156344219, 12.142233954932335, 0.0 ], [ 5.976956176400105, 12.141099379232207, 0.0 ], [ 5.973043823327614, 12.13806728797416, 0.0 ], [ 5.968622843383501, 12.136932712274087, 0.0 ], [ 5.964710490311013, 12.133900621016043, 0.0 ], [ 5.96249999988927, 12.133333333165979, 0.0 ], [ 5.963123576306177, 12.121742418277163, 0.0 ], [ 5.966666666847264, 12.120833333190951, 0.0 ], [ 5.983333333779863, 12.120833333190989, 0.0 ], [ 5.984105766881151, 12.117553032645608, 0.0 ], [ 5.988499281530013, 12.116184489321995, 0.0 ], [ 5.993585204906513, 12.120303683767258, 0.0 ], [ 6.020833333703775, 12.120833333191065, 0.0 ], [ 6.020480007159038, 12.110075547547813, 0.0 ], [ 6.012853325433298, 12.102424451926193, 0.0 ], [ 6.012499999787874, 12.095833333241039, 0.0 ], [ 6.012499999787882, 12.091666666282942, 0.0 ], [ 6.010075548060903, 12.091313340637488, 0.0 ], [ 6.000357733935369, 12.081621636528578, 0.0 ], [ 5.999646674167819, 12.076742214580829, 0.0 ], [ 5.996186659400053, 12.073257785018049, 0.0 ], [ 5.995480007209904, 12.051742214630751, 0.0 ], [ 5.98995683435393, 12.046191406507436, 0.0 ], [ 5.98749999983868, 12.045833333340909, 0.0 ], [ 5.987853325484244, 12.014242214705691, 0.0 ], [ 5.991313341151288, 12.010757785142923, 0.0 ], [ 5.991666666796788, 12.008333333415871, 0.0 ], [ 5.991313341151326, 11.993408881713783, 0.0 ], [ 5.987853325484298, 11.989924452151001, 0.0 ], [ 5.987146674193387, 11.98090888173874, 0.0 ], [ 5.983686659425623, 11.977424452175963, 0.0 ], [ 5.983333333780191, 11.97500000044891, 0.0 ], [ 5.9809088811539, 11.97535332609435, 0.0 ], [ 5.977424452490549, 11.978813340862224, 0.0 ], [ 5.972575548137224, 11.979519992153115, 0.0 ], [ 5.964924451616587, 11.987146673879076, 0.0 ], [ 5.955908881204629, 11.987853326069329, 0.0 ], [ 5.950358073081558, 11.993376328953593, 0.0 ], [ 5.949646674269541, 11.998257785167796, 0.0 ], [ 5.944123670486125, 12.003808594190406, 0.0 ], [ 5.939242214272029, 12.004519992103102, 0.0 ], [ 5.935757785608686, 12.007980007770298, 0.0 ], [ 5.924999999965819, 12.008333333415724, 0.0 ], [ 5.924149237712991, 12.005017428710483, 0.0 ], [ 5.920833333007824, 12.004166666457612, 0.0 ], [ 5.91007554826429, 12.003813340812082, 0.0 ], [ 5.906591118701653, 12.000353326044245, 0.0 ], [ 5.898286946202419, 11.999646673853949, 0.0 ], [ 5.894091118727082, 12.003813340812037, 0.0 ], [ 5.877453613211242, 12.004519992102948, 0.0 ], [ 5.873257785735992, 12.000353326044159, 0.0 ], [ 5.870833333109718, 12.000000000398643, 0.0 ], [ 5.870480007464219, 12.002424452125751, 0.0 ], [ 5.867019992696523, 12.005908881688514, 0.0 ], [ 5.866313340506227, 12.023257785117655, 0.0 ], [ 5.862853325738474, 12.026742214680418, 0.0 ], [ 5.862146674447556, 12.043379720196896, 0.0 ], [ 5.866313340506156, 12.047575547672336, 0.0 ], [ 5.866666667050902, 12.050000000298711, 0.0 ], [ 5.865779283505041, 12.053458319844522, 0.0 ], [ 5.855054049722948, 12.054875013769797, 0.0 ], [ 5.853315904823507, 12.061649238020838, 0.0 ], [ 5.84668409541331, 12.063350762526555, 0.0 ], [ 5.845266045310425, 12.068877156754281, 0.0 ], [ 5.838067287993944, 12.076956176784977, 0.0 ], [ 5.836932712293857, 12.081377156729289, 0.0 ], [ 5.833801947421041, 12.08541666674461, 0.0 ], [ 5.836932712293831, 12.089456176760011, 0.0 ], [ 5.838067287993895, 12.092413330209881, 0.0 ], [ 5.833900621035899, 12.097789509776936, 0.0 ], [ 5.83276604533581, 12.102210489721188, 0.0 ], [ 5.829733954977268, 12.106122843693118, 0.0 ], [ 5.828599378377861, 12.110543823637373, 0.0 ], [ 5.825567288019321, 12.114456176710039, 0.0 ], [ 5.824291652756998, 12.124112616602787, 0.0 ], [ 5.82083333321133, 12.125000000148722, 0.0 ], [ 5.820833333211315, 12.129166667106819, 0.0 ], [ 5.820833333211302, 12.1333333331656, 0.0 ], [ 5.820833333211289, 12.137500000123698, 0.0 ], [ 5.827210489691558, 12.136932712273715, 0.0 ], [ 5.831258815760833, 12.133795165613257, 0.0 ], [ 5.839456176679906, 12.141099379231854, 0.0 ], [ 5.843877156623978, 12.142233954931983, 0.0 ], [ 5.853501383700029, 12.150963338586113, 0.0 ], [ 5.854733954926069, 12.16343722854419, 0.0 ], [ 5.846295165607748, 12.172907850515779, 0.0 ], [ 5.849531385882916, 12.177083333527937, 0.0 ], [ 5.846400621010153, 12.181122843543255, 0.0 ], [ 5.845266045310055, 12.188246663051961, 0.0 ], [ 5.849432712267969, 12.193622843518304, 0.0 ], [ 5.850661214061823, 12.207433742971766, 0.0 ], [ 5.856377156598302, 12.208900620865858, 0.0 ], [ 5.881122843561184, 12.23276604511587, 0.0 ], [ 5.886791653528541, 12.234220716511832, 0.0 ], [ 5.888067287891492, 12.243877156404647, 0.0 ], [ 5.891099379149404, 12.247789510376595, 0.0 ], [ 5.89223395484947, 12.252210490320911, 0.0 ], [ 5.895266045208007, 12.256122843393543, 0.0 ], [ 5.89583333305804, 12.258333332915983, 0.0 ], [ 5.90242445174295, 12.258686659460825, 0.0 ], [ 5.906620280117594, 12.262853325519616, 0.0 ], [ 5.923257785633496, 12.262146674228704, 0.0 ], [ 5.926742214296841, 12.258686659460887, 0.0 ], [ 5.935757785608057, 12.257980007270636, 0.0 ], [ 5.939242214271403, 12.254519992502763, 0.0 ], [ 5.941666666897752, 12.254166666857317, 0.0 ], [ 5.949100409870369, 12.254827880801219, 0.0 ], [ 5.950567287764382, 12.260543823337933, 0.0 ], [ 5.95926242433538, 12.27013041198812, 0.0 ], [ 5.968877156369336, 12.271400621640575, 0.0 ], [ 5.976956176399788, 12.278599378957406, 0.0 ], [ 5.981377156343905, 12.279733954657539, 0.0 ], [ 5.986844211504194, 12.284293280909415, 0.0 ], [ 5.98816121378198, 12.299100409755331, 0.0 ], [ 5.993877156318514, 12.300567287649478, 0.0 ], [ 5.999344211478808, 12.305126613901354, 0.0 ], [ 6.000567287662776, 12.318877156255004, 0.0 ], [ 6.003599378920656, 12.322789510227009, 0.0 ], [ 6.004733954620738, 12.325746663676881, 0.0 ], [ 6.000468614047851, 12.331250000186648, 0.0 ], [ 6.003599378920629, 12.335289510201985, 0.0 ], [ 6.004166666770659, 12.341666666682581, 0.0 ], [ 6.007709757311756, 12.342575751768807, 0.0 ], [ 6.008333333728668, 12.354166666657623, 0.0 ], [ 6.012499999787329, 12.354166666657633, 0.0 ], [ 6.015815904492465, 12.355017428910505, 0.0 ], [ 6.017517428998137, 12.361649237421656, 0.0 ], [ 6.020833333703275, 12.362499999674585, 0.0 ], [ 6.035757785404948, 12.362853325320064, 0.0 ], [ 6.039242214967623, 12.366313340987269, 0.0 ], [ 6.041666666694608, 12.366666666632723, 0.0 ], [ 6.042233954544666, 12.360289510152132, 0.0 ], [ 6.057766045777359, 12.343877156205185, 0.0 ], [ 6.059220716273959, 12.338208347136874, 0.0 ], [ 6.06887715616652, 12.336932711874544, 0.0 ], [ 6.072789510138368, 12.333900621515895, 0.0 ], [ 6.074999999660755, 12.33333333366584, 0.0 ], [ 6.07535332530627, 12.322575548022535, 0.0 ], [ 6.078813340973333, 12.319091118459761, 0.0 ], [ 6.079522365575136, 12.310045369497628, 0.0 ], [ 6.085075547908536, 12.304519992403137, 0.0 ], [ 6.091666666593525, 12.3041666667577, 0.0 ], [ 6.091099378743555, 12.293622843319003, 0.0 ], [ 6.088067287485601, 12.289710490246376, 0.0 ], [ 6.086791653122623, 12.280054050353566, 0.0 ], [ 6.081122843155137, 12.27859937895761, 0.0 ], [ 6.07721049008262, 12.275567287699564, 0.0 ], [ 6.067586263006453, 12.274295721869441, 0.0 ], [ 6.063067287536261, 12.268877156355101, 0.0 ], [ 6.061932711836186, 12.260289510352006, 0.0 ], [ 6.054733954519577, 12.252210490321273, 0.0 ], [ 6.053599378819502, 12.243622843418859, 0.0 ] ] ] } },
{ "type": "Feature", "properties": { "Stra_Catch": "River Rima", "State": "Zamfara", "LGA": "Talata Mafara and Maradun", "Population": 502615, "Cleard_TOR": "Not Cleared", "Status": "ongoing", "Start_Date": "1899-12-30T00:00:00", "End_Date": "1899-12-30T00:00:00", "Micr_Catch": "Bakalori", "Size_Ha": 79375.864688400005, "Comments": null, "OBJECTID_1": 0, "Shape_Leng": 0.0, "Shape_Area": 0.0, "parent_strategic_name": "Sokoto-Zamfara", "clipped_to_state": true }, "geometry": { "type": "Polygon", "coordinates": [ [ [ 6.372402560633692, 12.666666666932896, 0.0 ], [ 6.37300565632672, 12.665544656168562, 0.0 ], [ 6.373030989707687, 12.664729437100812, 0.0 ], [ 6.372365225017476, 12.662754724225987, 0.0 ], [ 6.372775234501962, 12.661172830968596, 0.0 ], [ 6.373201379184319, 12.66077843585286, 0.0 ], [ 6.373611514303175, 12.660368001244137, 0.0 ], [ 6.374168814541049, 12.659852618511248, 0.0 ], [ 6.373909533890619, 12.6587447676878, 0.0 ], [ 6.373357508730542, 12.657665789271739, 0.0 ], [ 6.373926008979136, 12.656608457918594, 0.0 ], [ 6.373661291009853, 12.656032025020453, 0.0 ], [ 6.371744077249924, 12.655267503093738, 0.0 ], [ 6.371732118061705, 12.654119218024332, 0.0 ], [ 6.37285098271063, 12.653775067919709, 0.0 ], [ 6.372585117616219, 12.653311111441905, 0.0 ], [ 6.371920278415312, 12.652326832652223, 0.0 ], [ 6.372325944990465, 12.651140320548729, 0.0 ], [ 6.372860909488744, 12.650645625561513, 0.0 ], [ 6.373181559097489, 12.650049031614873, 0.0 ], [ 6.373173250732637, 12.649254124694201, 0.0 ], [ 6.373185764204894, 12.648847704230539, 0.0 ], [ 6.373181568354177, 12.648441118908471, 0.0 ], [ 6.373206513279221, 12.647636217349923, 0.0 ], [ 6.372916660273765, 12.647357035472496, 0.0 ], [ 6.372384028250786, 12.645991340397304, 0.0 ], [ 6.371841692754411, 12.645469075061763, 0.0 ], [ 6.371567216481205, 12.644899164052926, 0.0 ], [ 6.370191884344907, 12.644445695423405, 0.0 ], [ 6.370469055707278, 12.643804209084536, 0.0 ], [ 6.37075313097268, 12.643541278549106, 0.0 ], [ 6.371305482751068, 12.641925319853067, 0.0 ], [ 6.371600437825046, 12.641652437297378, 0.0 ], [ 6.371897147075345, 12.639969637256769, 0.0 ], [ 6.373841388815502, 12.638422182958077, 0.0 ], [ 6.37413615563148, 12.637560386745452, 0.0 ], [ 6.374846800088813, 12.636903011594518, 0.0 ], [ 6.374149068629306, 12.634184095319497, 0.0 ], [ 6.368622843474211, 12.632766045216567, 0.0 ], [ 6.364710489502322, 12.629733954857899, 0.0 ], [ 6.360289510457442, 12.62859937915778, 0.0 ], [ 6.356377156485496, 12.625567287899797, 0.0 ], [ 6.347789510482575, 12.624432712199669, 0.0 ], [ 6.343877156510689, 12.62140062094163, 0.0 ], [ 6.337895880695512, 12.619865587026977, 0.0 ], [ 6.333900620922138, 12.614710489597178, 0.0 ], [ 6.332413567637316, 12.608916218808167, 0.0 ], [ 6.323043823519025, 12.600567287949698, 0.0 ], [ 6.318622843574831, 12.599432712249577, 0.0 ], [ 6.314710489602948, 12.596400620991592, 0.0 ], [ 6.308916218814079, 12.594913736779242, 0.0 ], [ 6.300567287955694, 12.585543823588297, 0.0 ], [ 6.299149067880967, 12.580017429360568, 0.0 ], [ 6.292517598414314, 12.578315903955509, 0.0 ], [ 6.29109937923885, 12.57278950972778, 0.0 ], [ 6.283900621022836, 12.564710489697047, 0.0 ], [ 6.282482401847428, 12.559184095469325, 0.0 ], [ 6.276956176692352, 12.557766045366387, 0.0 ], [ 6.273043823619737, 12.554733954108402, 0.0 ], [ 6.264456176717521, 12.553599378408277, 0.0 ], [ 6.256377156686883, 12.546400621091452, 0.0 ], [ 6.251956176742699, 12.545266045391324, 0.0 ], [ 6.248043823670147, 12.542233954133344, 0.0 ], [ 6.243622843725967, 12.541099378433215, 0.0 ], [ 6.235543823695337, 12.533900621116393, 0.0 ], [ 6.229875182800369, 12.53244594972044, 0.0 ], [ 6.22845814983071, 12.521720716837232, 0.0 ], [ 6.225000000256841, 12.520833333291343, 0.0 ], [ 6.222575547630513, 12.521186658936784, 0.0 ], [ 6.219091118967116, 12.524646674603988, 0.0 ], [ 6.212500000282026, 12.525000000249426, 0.0 ], [ 6.212146674636593, 12.51840888156422, 0.0 ], [ 6.208686658969459, 12.514924452001496, 0.0 ], [ 6.20833333332402, 12.512500000274388, 0.0 ], [ 6.208333333324025, 12.50833333331629, 0.0 ], [ 6.205078633779331, 12.507566663969964, 0.0 ], [ 6.203637186914093, 12.503226047443727, 0.0 ], [ 6.207941521191626, 12.497911580254836, 0.0 ], [ 6.203114658322288, 12.492302110253783, 0.0 ], [ 6.193585035428717, 12.491137016959382, 0.0 ], [ 6.18825853171363, 12.486553954900661, 0.0 ], [ 6.186970519981306, 12.481085205417502, 0.0 ], [ 6.182387118878354, 12.475758531730417, 0.0 ], [ 6.179166666416459, 12.475000000349301, 0.0 ], [ 6.180017598641197, 12.471684095644074, 0.0 ], [ 6.183333333374539, 12.47083333339121, 0.0 ], [ 6.183900621224603, 12.460289509952515, 0.0 ], [ 6.186932712482528, 12.456377156879839, 0.0 ], [ 6.188103400459413, 12.426019626604091, 0.0 ], [ 6.197789509885649, 12.417233954383107, 0.0 ], [ 6.203505452422253, 12.41576707648899, 0.0 ], [ 6.204166666366135, 12.408333333516126, 0.0 ], [ 6.197575547681056, 12.407980007870664, 0.0 ], [ 6.194091119017728, 12.404519992203458, 0.0 ], [ 6.18162044953215, 12.403813340912546, 0.0 ], [ 6.177424452084917, 12.407980007870636, 0.0 ], [ 6.175000000357856, 12.408333333516088, 0.0 ], [ 6.175000000357851, 12.412499999574862, 0.0 ], [ 6.168622843877385, 12.411932711724852, 0.0 ], [ 6.164710489905527, 12.408900621366131, 0.0 ], [ 6.151956176944603, 12.407766045665992, 0.0 ], [ 6.147916666929362, 12.404635280793109, 0.0 ], [ 6.14374999997129, 12.407864719280878, 0.0 ], [ 6.139710489956051, 12.404733954407995, 0.0 ], [ 6.135289510011836, 12.403599378707867, 0.0 ], [ 6.129870944497629, 12.399080403237539, 0.0 ], [ 6.128599378667564, 12.38945617706044, 0.0 ], [ 6.121400621350923, 12.381377156130336, 0.0 ], [ 6.120266045650837, 12.376956177085397, 0.0 ], [ 6.117233954392933, 12.373043823113452, 0.0 ], [ 6.115815735217485, 12.367517428885717, 0.0 ], [ 6.109184264851566, 12.365815904379973, 0.0 ], [ 6.107766045676117, 12.360289510152246, 0.0 ], [ 6.099417113918551, 12.350919596061974, 0.0 ], [ 6.093622843129738, 12.349432711849621, 0.0 ], [ 6.089710490057217, 12.346400621490902, 0.0 ], [ 6.080054050164649, 12.345124986228539, 0.0 ], [ 6.078599378768748, 12.339456177160287, 0.0 ], [ 6.075567287510797, 12.33554382318828, 0.0 ], [ 6.074999999660755, 12.33333333366584, 0.0 ], [ 6.072789510138368, 12.333900621515895, 0.0 ], [ 6.06887715616652, 12.336932711874544, 0.0 ], [ 6.059220716273959, 12.338208347136874, 0.0 ], [ 6.057766045777359, 12.343877156205185, 0.0 ], [ 6.042233954544666, 12.360289510152132, 0.0 ], [ 6.041666666694608, 12.366666666632723, 0.0 ], [ 6.039242214967623, 12.366313340987269, 0.0 ], [ 6.035757785404948, 12.362853325320064, 0.0 ], [ 6.020833333703275, 12.362499999674585, 0.0 ], [ 6.020480007158501, 12.369091118359734, 0.0 ], [ 6.01701999239071, 12.372575547922501, 0.0 ], [ 6.016313341099823, 12.376713053463952, 0.0 ], [ 6.020480007158477, 12.380908880939387, 0.0 ], [ 6.021186659348712, 12.38992445225097, 0.0 ], [ 6.024646674116434, 12.393408880914432, 0.0 ], [ 6.024999999761909, 12.404166666557735, 0.0 ], [ 6.024999999761899, 12.40833333351584, 0.0 ], [ 6.02168409595602, 12.409184095768696, 0.0 ], [ 6.020266045853122, 12.414710489996427, 0.0 ], [ 6.013067287637227, 12.422789510027185, 0.0 ], [ 6.011932711937123, 12.42991333043515, 0.0 ], [ 6.016201442954128, 12.435421413566692, 0.0 ], [ 6.01150207517265, 12.44105631549585, 0.0 ], [ 5.984245130321306, 12.442280747857447, 0.0 ], [ 5.982766045029759, 12.448043822963291, 0.0 ], [ 5.979733954671183, 12.451956176935225, 0.0 ], [ 5.978599378971084, 12.456377156879478, 0.0 ], [ 5.975567287713188, 12.460289509952151, 0.0 ], [ 5.974999999863122, 12.470833333390845, 0.0 ], [ 5.974646674217572, 12.494091119009127, 0.0 ], [ 5.971186659449843, 12.497575547672575, 0.0 ], [ 5.970480007259572, 12.505879720172119, 0.0 ], [ 5.974985419154676, 12.510416666794939, 0.0 ], [ 5.971186659449804, 12.514242214605707, 0.0 ], [ 5.970480007259511, 12.531591118934161, 0.0 ], [ 5.962853325533742, 12.539242214555758, 0.0 ], [ 5.962146674242836, 12.551713053114081, 0.0 ], [ 5.9663133412008, 12.555908881488897, 0.0 ], [ 5.966666666846212, 12.566666666232823, 0.0 ], [ 5.970437283166975, 12.567634413196803, 0.0 ], [ 5.974432712012842, 12.572789509727285, 0.0 ], [ 5.975567287712917, 12.577210489671545, 0.0 ], [ 5.978599378970798, 12.581122843643547, 0.0 ], [ 5.980017429073671, 12.586649237871223, 0.0 ], [ 5.983333333778805, 12.587500000124153, 0.0 ], [ 5.983333333778786, 12.595833333141032, 0.0 ], [ 5.987499999837445, 12.595833333141043, 0.0 ], [ 5.987853325482916, 12.606591118784349, 0.0 ], [ 5.991313341149954, 12.610075548347131, 0.0 ], [ 5.991666666795444, 12.612500000074185, 0.0 ], [ 6.011584472856759, 12.613098483607391, 0.0 ], [ 6.012499999786771, 12.616666667032325, 0.0 ], [ 6.014924452413076, 12.616313340487563, 0.0 ], [ 6.019120279888456, 12.612146674428791, 0.0 ], [ 6.023257785429797, 12.612853325719698, 0.0 ], [ 6.027083333240464, 12.616652086324063, 0.0 ], [ 6.03090888105115, 12.612853325719716, 0.0 ], [ 6.052424452337156, 12.612146674428855, 0.0 ], [ 6.055908881000531, 12.608686658761663, 0.0 ], [ 6.058333333626843, 12.608333333116217, 0.0 ], [ 6.058862813078753, 12.610581461964282, 0.0 ], [ 6.06197052023365, 12.614418538184356, 0.0 ], [ 6.063029480036789, 12.618914794981167, 0.0 ], [ 6.071362813053448, 12.628083631453851, 0.0 ], [ 6.070303853250278, 12.639748127973156, 0.0 ], [ 6.066137186292271, 12.644892714126819, 0.0 ], [ 6.067578634056819, 12.649233330653061, 0.0 ], [ 6.070833333601494, 12.64999999999938, 0.0 ], [ 6.070833333601485, 12.65416666695754, 0.0 ], [ 6.074999999660165, 12.654166666957549, 0.0 ], [ 6.097955661633899, 12.654822116247109, 0.0 ], [ 6.103366258255513, 12.658601548622045, 0.0 ], [ 6.104822116756581, 12.635377671941489, 0.0 ], [ 6.11184455029489, 12.627122328132419, 0.0 ], [ 6.113535732597101, 12.621645778829123, 0.0 ], [ 6.122955661583415, 12.620177883801782, 0.0 ], [ 6.136832681891395, 12.607677883826769, 0.0 ], [ 6.143788994574905, 12.608988783305199, 0.0 ], [ 6.149754163532177, 12.613155449364051, 0.0 ], [ 6.1771223284405, 12.61184454988566, 0.0 ], [ 6.181211005291409, 12.608988783305255, 0.0 ], [ 6.189622328415303, 12.607677883826842, 0.0 ], [ 6.193711005266155, 12.604822116347174, 0.0 ], [ 6.216666666340685, 12.604166667057676, 0.0 ], [ 6.217019991986125, 12.606591118784729, 0.0 ], [ 6.230878872069127, 12.620475599868698, 0.0 ], [ 6.235757785000516, 12.621186658736965, 0.0 ], [ 6.243408881521253, 12.628813341362273, 0.0 ], [ 6.248257784975332, 12.629519992653178, 0.0 ], [ 6.251742214538045, 12.632980007421063, 0.0 ], [ 6.256591118891389, 12.633686658712024, 0.0 ], [ 6.262141927014595, 12.63920966249562, 0.0 ], [ 6.262853325826608, 12.644091118709831, 0.0 ], [ 6.266313340594375, 12.647575548272611, 0.0 ], [ 6.266666666239867, 12.654166666957819, 0.0 ], [ 6.2690911188662, 12.654519992603268, 0.0 ], [ 6.276742214487627, 12.662146674329257, 0.0 ], [ 6.285757785799067, 12.662853325620166, 0.0 ], [ 6.289242214462466, 12.666313341287371, 0.0 ], [ 6.294091118815818, 12.667019992578272, 0.0 ], [ 6.305908881395343, 12.678813341262421, 0.0 ], [ 6.310757785748695, 12.679519992553326, 0.0 ], [ 6.324642265933117, 12.693379041709163, 0.0 ], [ 6.325000000055242, 12.695833332941701, 0.0 ], [ 6.328315734788545, 12.696684095194573, 0.0 ], [ 6.32916666701328, 12.699999999899806, 0.0 ], [ 6.345833333046871, 12.69999999989982, 0.0 ], [ 6.346179313820048, 12.699911219018915, 0.0 ], [ 6.346436755044103, 12.699673058772021, 0.0 ], [ 6.346710252001194, 12.699399477346189, 0.0 ], [ 6.347546460353468, 12.6991421105888, 0.0 ], [ 6.347822766361543, 12.698597532307311, 0.0 ], [ 6.348350809384113, 12.698109463963576, 0.0 ], [ 6.348415487536597, 12.696031380204879, 0.0 ], [ 6.348397276320822, 12.694277484741818, 0.0 ], [ 6.348999615610814, 12.693720546594323, 0.0 ], [ 6.348963258053036, 12.690231016826438, 0.0 ], [ 6.349826253335541, 12.689830715875013, 0.0 ], [ 6.350186229959633, 12.687790247619059, 0.0 ], [ 6.350697920816022, 12.687785296399811, 0.0 ], [ 6.351213713137331, 12.687800765230632, 0.0 ], [ 6.352089285792541, 12.686991397282354, 0.0 ], [ 6.352086456627355, 12.686717697569785, 0.0 ], [ 6.352126033644012, 12.685445547248905, 0.0 ], [ 6.351838294196275, 12.684544379915403, 0.0 ], [ 6.351448565985569, 12.683782737025821, 0.0 ], [ 6.352127893144045, 12.683467404662029, 0.0 ], [ 6.351760887563218, 12.682750188441174, 0.0 ], [ 6.352131330582393, 12.68237910546825, 0.0 ], [ 6.353252157779512, 12.681858814493278, 0.0 ], [ 6.353240872211761, 12.680785984030962, 0.0 ], [ 6.354400232609133, 12.680213929633572, 0.0 ], [ 6.355015859473145, 12.680024538465942, 0.0 ], [ 6.355086432397812, 12.679749552599558, 0.0 ], [ 6.35613137992947, 12.678818449730349, 0.0 ], [ 6.356028947466775, 12.678618284966602, 0.0 ], [ 6.356049874094353, 12.677948869823021, 0.0 ], [ 6.356045472230925, 12.677539640866648, 0.0 ], [ 6.356580796605773, 12.677044999297605, 0.0 ], [ 6.35689025907561, 12.676469237606289, 0.0 ], [ 6.357166512763137, 12.675924639985233, 0.0 ], [ 6.357453708624645, 12.675390474018894, 0.0 ], [ 6.357448130579416, 12.674859747430519, 0.0 ], [ 6.357747191790975, 12.674560199328958, 0.0 ], [ 6.359119323553283, 12.673923269746435, 0.0 ], [ 6.358861410278204, 12.672689178859848, 0.0 ], [ 6.358538258856633, 12.672057367913929, 0.0 ], [ 6.35893105169972, 12.670613504715845, 0.0 ], [ 6.358342613583118, 12.669463472842693, 0.0 ], [ 6.358877192938354, 12.668358741493542, 0.0 ], [ 6.35917938622501, 12.668355919739342, 0.0 ], [ 6.359474990417088, 12.668364679102432, 0.0 ], [ 6.359460920133452, 12.667009143343074, 0.0 ], [ 6.360268837396545, 12.667001020023823, 0.0 ], [ 6.361330834410548, 12.667369664625012, 0.0 ], [ 6.361936553161208, 12.666762953818308, 0.0 ], [ 6.362663599260463, 12.666755608024427, 0.0 ], [ 6.364991807058406, 12.667058451070034, 0.0 ], [ 6.365385445752785, 12.667468628052559, 0.0 ], [ 6.366647691726968, 12.667080149177039, 0.0 ], [ 6.367451667652725, 12.666275026465518, 0.0 ], [ 6.367978998822969, 12.666738400219614, 0.0 ], [ 6.368568670286272, 12.667641222604543, 0.0 ], [ 6.368847324426886, 12.667909714218986, 0.0 ], [ 6.369372184147161, 12.668456964004157, 0.0 ], [ 6.369675244668456, 12.667923199882619, 0.0 ], [ 6.369993005633275, 12.667296413663891, 0.0 ], [ 6.370714090499651, 12.667131330340876, 0.0 ], [ 6.370833332996651, 12.666666666932894, 0.0 ], [ 6.372402560633692, 12.666666666932896, 0.0 ] ] ] } },
{ "type": "Feature", "properties": { "Stra_Catch": "River Rima", "State": "Zamfara", "LGA": "Kaura Namoda  and Birinin Magaji", "Population": 801613, "Cleard_TOR": "Not Cleared", "Status": "ongoing", "Start_Date": "1899-12-30T00:00:00", "End_Date": "1899-12-30T00:00:00", "Micr_Catch": "Kiyawa", "Size_Ha": 93094.106522100003, "Comments": null, "OBJECTID_1": 0, "Shape_Leng": 0.0, "Shape_Area": 0.0, "parent_strategic_name": "Sokoto-Zamfara", "clipped_to_state": true }, "geometry": { "type": "MultiPolygon", "coordinates": [ [ [ [ 6.611706571538568, 12.352775257932068, 0.0 ], [ 6.611919577967339, 12.352772829159726, 0.0 ], [ 6.613270883052719, 12.353472436925369, 0.0 ], [ 6.613011708874725, 12.352240777128497, 0.0 ], [ 6.612671330671883, 12.35123421730178, 0.0 ], [ 6.613018616570454, 12.350885440590071, 0.0 ], [ 6.614059594753897, 12.350400190886132, 0.0 ], [ 6.612500000377286, 12.349999999700163, 0.0 ], [ 6.611706571538568, 12.352775257932068, 0.0 ] ] ], [ [ [ 6.609444793517461, 12.354219012968592, 0.0 ], [ 6.610788211415269, 12.353592554010087, 0.0 ], [ 6.610863569210836, 12.353443275512214, 0.0 ], [ 6.608859347382638, 12.354016234114294, 0.0 ], [ 6.609444793517461, 12.354219012968592, 0.0 ] ] ], [ [ [ 6.60616749781548, 12.354788303497902, 0.0 ], [ 6.60743567192239, 12.355444775578354, 0.0 ], [ 6.607746108461794, 12.355181720677102, 0.0 ], [ 6.607740517193596, 12.354671281491791, 0.0 ], [ 6.607866723306377, 12.354300001357583, 0.0 ], [ 6.606173197837386, 12.354784139376463, 0.0 ], [ 6.60616749781548, 12.354788303497902, 0.0 ] ] ], [ [ [ 6.599063253280153, 12.358166570445553, 0.0 ], [ 6.599961836101805, 12.358631904525147, 0.0 ], [ 6.600823707034512, 12.358373722139401, 0.0 ], [ 6.601107426546735, 12.358088733256231, 0.0 ], [ 6.601928486338929, 12.358112646956485, 0.0 ], [ 6.603308498063045, 12.357847372925777, 0.0 ], [ 6.604022472604992, 12.358216861165559, 0.0 ], [ 6.606016574984452, 12.357757640610245, 0.0 ], [ 6.60526095741413, 12.356283095038989, 0.0 ], [ 6.605251325272501, 12.355457608597122, 0.0 ], [ 6.602160135984115, 12.35771586089821, 0.0 ], [ 6.599063253280153, 12.358166570445553, 0.0 ] ] ], [ [ [ 6.597204716662104, 12.358607574887202, 0.0 ], [ 6.597447706854688, 12.358401691458434, 0.0 ], [ 6.596947561757085, 12.35847448083798, 0.0 ], [ 6.597204716662104, 12.358607574887202, 0.0 ] ] ], [ [ [ 6.591942446125078, 12.366154085710669, 0.0 ], [ 6.592480026886161, 12.36561378161673, 0.0 ], [ 6.593036232920216, 12.365097731352964, 0.0 ], [ 6.592724704128546, 12.363771627963233, 0.0 ], [ 6.591817710253706, 12.363545779164989, 0.0 ], [ 6.591424293118298, 12.366248720319406, 0.0 ], [ 6.591942446125078, 12.366154085710669, 0.0 ] ] ], [ [ [ 6.587654661718403, 12.376020698145359, 0.0 ], [ 6.588255060246274, 12.375882482220282, 0.0 ], [ 6.588558984111817, 12.372344266851519, 0.0 ], [ 6.589394411255215, 12.371569423824313, 0.0 ], [ 6.589584455068534, 12.370831798234965, 0.0 ], [ 6.588117642218161, 12.372839694995864, 0.0 ], [ 6.587654661718403, 12.376020698145359, 0.0 ] ] ], [ [ [ 6.582222587724429, 12.386866386770027, 0.0 ], [ 6.583428141268393, 12.387490473871656, 0.0 ], [ 6.583741136641314, 12.386956407107402, 0.0 ], [ 6.584105936759639, 12.385884888469205, 0.0 ], [ 6.585265111659234, 12.385871901813449, 0.0 ], [ 6.586097557141886, 12.385895979697988, 0.0 ], [ 6.586510639827567, 12.385078222607042, 0.0 ], [ 6.586796377397746, 12.384813129280095, 0.0 ], [ 6.58624294108557, 12.38373318048637, 0.0 ], [ 6.586537022317816, 12.38291198235015, 0.0 ], [ 6.58625978318924, 12.382370283078025, 0.0 ], [ 6.586267682542391, 12.38209689646067, 0.0 ], [ 6.586266871444984, 12.382020883815095, 0.0 ], [ 6.581770567691586, 12.387090107304298, 0.0 ], [ 6.582222587724429, 12.386866386770027, 0.0 ] ] ], [ [ [ 6.579656149332798, 12.389497337549535, 0.0 ], [ 6.579648551053666, 12.389482511638034, 0.0 ], [ 6.579633286895565, 12.389499720757577, 0.0 ], [ 6.579656149332798, 12.389497337549535, 0.0 ] ] ], [ [ [ 6.57200581185, 12.388897068214883, 0.0 ], [ 6.572209157655919, 12.389532764004013, 0.0 ], [ 6.574248281187223, 12.389591757127764, 0.0 ], [ 6.57440024317142, 12.389145347566538, 0.0 ], [ 6.572907171931273, 12.388054741932679, 0.0 ], [ 6.57200581185, 12.388897068214883, 0.0 ] ] ], [ [ [ 6.561804752299319, 12.399766368864931, 0.0 ], [ 6.562613652648539, 12.399081934396042, 0.0 ], [ 6.563222722420384, 12.397876063458412, 0.0 ], [ 6.563789922611213, 12.397349871134811, 0.0 ], [ 6.564069920434661, 12.397068608366693, 0.0 ], [ 6.565682844151035, 12.397903705459749, 0.0 ], [ 6.565993371811575, 12.397640716125204, 0.0 ], [ 6.566357544244826, 12.395892350695096, 0.0 ], [ 6.568029330800339, 12.395375520560712, 0.0 ], [ 6.567670124143389, 12.394673977685589, 0.0 ], [ 6.567412386482568, 12.393311020573034, 0.0 ], [ 6.567348388920283, 12.393249457257333, 0.0 ], [ 6.561128570796276, 12.399061913771909, 0.0 ], [ 6.561804752299319, 12.399766368864931, 0.0 ] ] ], [ [ [ 6.556559801274823, 12.403514135228187, 0.0 ], [ 6.556849500076344, 12.403522569453044, 0.0 ], [ 6.556844411873907, 12.403065485410393, 0.0 ], [ 6.556362027780313, 12.403516276174919, 0.0 ], [ 6.556559801274823, 12.403514135228187, 0.0 ] ] ], [ [ [ 6.554622839964474, 12.404619597855087, 0.0 ], [ 6.554615973292472, 12.404038345810969, 0.0 ], [ 6.552771363135212, 12.404565746921039, 0.0 ], [ 6.554622839964474, 12.404619597855087, 0.0 ] ] ], [ [ [ 6.483483457617916, 12.517378008075605, 0.0 ], [ 6.482941194625371, 12.516954176974474, 0.0 ], [ 6.482878955924835, 12.516954839752222, 0.0 ], [ 6.482803517760754, 12.517694455446557, 0.0 ], [ 6.483483457617916, 12.517378008075605, 0.0 ] ] ], [ [ [ 6.471797519343731, 12.525964355870174, 0.0 ], [ 6.471743173055678, 12.52614486027181, 0.0 ], [ 6.472034330394119, 12.526074460991868, 0.0 ], [ 6.472642208712357, 12.526068002514238, 0.0 ], [ 6.474164544022446, 12.526112756252868, 0.0 ], [ 6.475681924233993, 12.525836376753052, 0.0 ], [ 6.476635261051754, 12.525214553522931, 0.0 ], [ 6.480382541623374, 12.524532114554134, 0.0 ], [ 6.480663186419403, 12.523709412695146, 0.0 ], [ 6.480947015906361, 12.523446315499083, 0.0 ], [ 6.481225434972945, 12.522630473615914, 0.0 ], [ 6.481511438552634, 12.522365278038022, 0.0 ], [ 6.48085383648295, 12.521392011624455, 0.0 ], [ 6.479190233446139, 12.523738267606838, 0.0 ], [ 6.471797519343731, 12.525964355870174, 0.0 ] ] ], [ [ [ 6.46814896570723, 12.53443909559472, 0.0 ], [ 6.468703310690707, 12.533625877872703, 0.0 ], [ 6.4700652601648, 12.532992321329511, 0.0 ], [ 6.469691577930329, 12.531884279462821, 0.0 ], [ 6.467424675176765, 12.534531485822519, 0.0 ], [ 6.46814896570723, 12.53443909559472, 0.0 ] ] ], [ [ [ 6.457641300085085, 12.542013591139655, 0.0 ], [ 6.458788041013199, 12.541195257072305, 0.0 ], [ 6.457211665791762, 12.541356042158277, 0.0 ], [ 6.457641300085085, 12.542013591139655, 0.0 ] ] ], [ [ [ 6.445549689944857, 12.559426972391899, 0.0 ], [ 6.446101175600173, 12.558916606951811, 0.0 ], [ 6.44650075835555, 12.557089007597947, 0.0 ], [ 6.445826773489204, 12.554396224656893, 0.0 ], [ 6.447772497927978, 12.553762548540304, 0.0 ], [ 6.448229526413274, 12.553757633667887, 0.0 ], [ 6.448833446497287, 12.553775555238065, 0.0 ], [ 6.448402198000061, 12.550509641865618, 0.0 ], [ 6.448126218265334, 12.549970219803333, 0.0 ], [ 6.44786379171584, 12.549149292322197, 0.0 ], [ 6.447590486079192, 12.548338850180139, 0.0 ], [ 6.447328061956067, 12.547517922732013, 0.0 ], [ 6.447052086629204, 12.546978500503487, 0.0 ], [ 6.446792337112552, 12.545886553196796, 0.0 ], [ 6.446506678124297, 12.544744598217923, 0.0 ], [ 6.446546384924346, 12.543450099772281, 0.0 ], [ 6.44649444964547, 12.543400129680808, 0.0 ], [ 6.445501754580684, 12.559567339405266, 0.0 ], [ 6.445549689944857, 12.559426972391899, 0.0 ] ] ], [ [ [ 6.441986155405742, 12.569772135373118, 0.0 ], [ 6.442310279995549, 12.569621379745538, 0.0 ], [ 6.442702290772727, 12.568891663056499, 0.0 ], [ 6.443087602864987, 12.56813064718083, 0.0 ], [ 6.444092519422371, 12.567820754842398, 0.0 ], [ 6.444527236605596, 12.565570467187303, 0.0 ], [ 6.442309400562338, 12.568698459566075, 0.0 ], [ 6.441986155405742, 12.569772135373118, 0.0 ] ] ], [ [ [ 6.440154668525078, 12.574835845024884, 0.0 ], [ 6.440433368669781, 12.574556613378476, 0.0 ], [ 6.44098979825317, 12.574041549950477, 0.0 ], [ 6.440998622478146, 12.57374915010875, 0.0 ], [ 6.440777068228495, 12.573316380879646, 0.0 ], [ 6.439709052369478, 12.574822689129229, 0.0 ], [ 6.440154668525078, 12.574835845024884, 0.0 ] ] ], [ [ [ 6.437499999829159, 12.57916666710782, 0.0 ], [ 6.43806728767915, 12.589710489647194, 0.0 ], [ 6.439104664022202, 12.59087471603228, 0.0 ], [ 6.440142036822674, 12.590676411758688, 0.0 ], [ 6.440802447831773, 12.591364840485234, 0.0 ], [ 6.442240949367858, 12.590930217018251, 0.0 ], [ 6.441935699829082, 12.590025760030382, 0.0 ], [ 6.441582755970934, 12.587354298471134, 0.0 ], [ 6.441142865867226, 12.586494609563283, 0.0 ], [ 6.440666663997547, 12.58500328479079, 0.0 ], [ 6.440071506934857, 12.583768631195023, 0.0 ], [ 6.439553904127034, 12.582757324488011, 0.0 ], [ 6.439538449773108, 12.581326788032451, 0.0 ], [ 6.43956230643396, 12.580551472794898, 0.0 ], [ 6.439281323428841, 12.579429671941401, 0.0 ], [ 6.439021603079397, 12.578337719508324, 0.0 ], [ 6.438491325368166, 12.577301411043706, 0.0 ], [ 6.438373318949802, 12.576706580882629, 0.0 ], [ 6.438142734503598, 12.577031792583007, 0.0 ], [ 6.437499999829159, 12.57916666710782, 0.0 ] ] ] ] } },
{ "type": "Feature", "properties": { "Stra_Catch": "River Ka", "State": "Zamfara", "LGA": "Gummi", "Population": 301215, "Cleard_TOR": "Not Cleared", "Status": "ongoing", "Start_Date": "1899-12-30T00:00:00", "End_Date": "1899-12-30T00:00:00", "Micr_Catch": "Gummi", "Size_Ha": 51778.4258997, "Comments": null, "OBJECTID_1": 0, "Shape_Leng": 0.0, "Shape_Area": 0.0, "parent_strategic_name": "Sokoto-Zamfara", "clipped_to_state": true }, "geometry": { "type": "Polygon", "coordinates": [ [ [ 5.103599378987908, 12.273043823307479, 0.0 ], [ 5.104733954687927, 12.268622843363239, 0.0 ], [ 5.11308288554532, 12.259252929273035, 0.0 ], [ 5.119982571516112, 12.257482570657979, 0.0 ], [ 5.121684096021695, 12.250850762146856, 0.0 ], [ 5.127210490248667, 12.249432712043999, 0.0 ], [ 5.131122843320786, 12.246400620786071, 0.0 ], [ 5.142603895228239, 12.245266045086092, 0.0 ], [ 5.153247070369113, 12.254749552544125, 0.0 ], [ 5.154166666731224, 12.258333332911269, 0.0 ], [ 5.158333333688769, 12.258333332911318, 0.0 ], [ 5.160543823210981, 12.257766045061343, 0.0 ], [ 5.165920003676653, 12.253599379002569, 0.0 ], [ 5.168877156226801, 12.254733954702724, 0.0 ], [ 5.172789510198196, 12.257766045061485, 0.0 ], [ 5.177210490141927, 12.258900620761597, 0.0 ], [ 5.185289510171526, 12.266099378977824, 0.0 ], [ 5.198043823131103, 12.267233954678087, 0.0 ], [ 5.211511909112694, 12.279733954653267, 0.0 ], [ 5.218877157019659, 12.278599378953228, 0.0 ], [ 5.22425333658613, 12.274432711995187, 0.0 ], [ 5.239710490009144, 12.275567287695409, 0.0 ], [ 5.245086669575544, 12.279733954653622, 0.0 ], [ 5.253274197306841, 12.278429836962811, 0.0 ], [ 5.257766045626516, 12.27304382330925, 0.0 ], [ 5.259184095729341, 12.267517429081535, 0.0 ], [ 5.262500000434208, 12.266666666828705, 0.0 ], [ 5.261838785591155, 12.259232923855834, 0.0 ], [ 5.258333333476666, 12.258333332912407, 0.0 ], [ 5.250771416428673, 12.257561916944256, 0.0 ], [ 5.2493570967139, 12.243698459311794, 0.0 ], [ 5.24151679182876, 12.234542846470461, 0.0 ], [ 5.235365125962805, 12.232690430114483, 0.0 ], [ 5.22713487413919, 12.225642903692211, 0.0 ], [ 5.21666666659871, 12.224999999945092, 0.0 ], [ 5.21631334095333, 12.222575548217984, 0.0 ], [ 5.208686659228372, 12.214924451697026, 0.0 ], [ 5.207980007937618, 12.210075548242918, 0.0 ], [ 5.200353326212673, 12.202424451721907, 0.0 ], [ 5.199999999668162, 12.179166667002942, 0.0 ], [ 5.199646674022834, 12.172575548317729, 0.0 ], [ 5.196186659255429, 12.169091118754917, 0.0 ], [ 5.195480007964822, 12.151742214426456, 0.0 ], [ 5.187513902314704, 12.143750677746274, 0.0 ], [ 5.191313341007396, 12.139924451846758, 0.0 ], [ 5.191666666652828, 12.137500000119651, 0.0 ], [ 5.191666666652877, 12.133333333161557, 0.0 ], [ 5.191666666652923, 12.129166667102782, 0.0 ], [ 5.189456177130719, 12.128599378353373, 0.0 ], [ 5.184037611617085, 12.124080403782317, 0.0 ], [ 5.182766045787314, 12.114456176705884, 0.0 ], [ 5.175461833069126, 12.106258815786308, 0.0 ], [ 5.178599378829852, 12.102210489716967, 0.0 ], [ 5.179733954529876, 12.097789509772724, 0.0 ], [ 5.182766045787559, 12.093877156700081, 0.0 ], [ 5.183900621487528, 12.089456176755839, 0.0 ], [ 5.186932711845892, 12.085543823683249, 0.0 ], [ 5.188067287545917, 12.081122843739008, 0.0 ], [ 5.192062717290717, 12.075967746309262, 0.0 ], [ 5.199149237416614, 12.074149237991827, 0.0 ], [ 5.200567287519425, 12.068622843764116, 0.0 ], [ 5.207766045734732, 12.060543822834097, 0.0 ], [ 5.208333333584887, 12.045833333336631, 0.0 ], [ 5.207980007939511, 12.043408881609578, 0.0 ], [ 5.20451999227279, 12.039924452046764, 0.0 ], [ 5.204166666627415, 12.037500000319712, 0.0 ], [ 5.200850761922618, 12.036649238066749, 0.0 ], [ 5.199999999669843, 12.033333333361508, 0.0 ], [ 5.172789510200915, 12.033900621211263, 0.0 ], [ 5.168877156229465, 12.036932712469254, 0.0 ], [ 5.160289510227585, 12.038067288169273, 0.0 ], [ 5.156377156256089, 12.041099378527887, 0.0 ], [ 5.150850762029164, 12.042517428630743, 0.0 ], [ 5.149999999776376, 12.045833333335967, 0.0 ], [ 5.149646674130729, 12.060757785038044, 0.0 ], [ 5.142019992405718, 12.068408881558824, 0.0 ], [ 5.141666666760288, 12.070833333285929, 0.0 ], [ 5.138350762055513, 12.071684095538755, 0.0 ], [ 5.136594306060039, 12.078528849121204, 0.0 ], [ 5.118622843349739, 12.079733954152578, 0.0 ], [ 5.114710490277648, 12.082766045410505, 0.0 ], [ 5.107586669870713, 12.083900621110535, 0.0 ], [ 5.102210490304504, 12.079733954152365, 0.0 ], [ 5.097789510360927, 12.078599378452186, 0.0 ], [ 5.093877156389617, 12.075567288093476, 0.0 ], [ 5.070086669951522, 12.074432712393033, 0.0 ], [ 5.064583333442551, 12.078698052066633, 0.0 ], [ 5.060416666485105, 12.075468614478115, 0.0 ], [ 5.056250000426943, 12.078698052066516, 0.0 ], [ 5.052210490412252, 12.0755672880929, 0.0 ], [ 5.045086670005458, 12.074432712392676, 0.0 ], [ 5.039710490439266, 12.078599378451376, 0.0 ], [ 5.026956176580856, 12.079733954151308, 0.0 ], [ 5.023043823508845, 12.082766045409228, 0.0 ], [ 5.014456176607872, 12.083900621109215, 0.0 ], [ 5.000903659574994, 12.09647894933628, 0.0 ], [ 4.999149237846011, 12.103315903997956, 0.0 ], [ 4.993622843619225, 12.104733954100793, 0.0 ], [ 4.989710489647925, 12.107766045358765, 0.0 ], [ 4.981122843646339, 12.108900621058748, 0.0 ], [ 4.977210489675047, 12.11193271231666, 0.0 ], [ 4.975000000152937, 12.112500000166683, 0.0 ], [ 4.970833333195594, 12.112500000166616, 0.0 ], [ 4.971186658840718, 12.127424451868704, 0.0 ], [ 4.974646674507235, 12.130908881431532, 0.0 ], [ 4.975353325797905, 12.139924451843802, 0.0 ], [ 4.982980007522392, 12.147575548364802, 0.0 ], [ 4.983333333167667, 12.154166667049951, 0.0 ], [ 4.984252929529722, 12.157750447417161, 0.0 ], [ 4.993622843618195, 12.16609937917509, 0.0 ], [ 4.998043823561668, 12.167233954875281, 0.0 ], [ 5.001956176633565, 12.170266045234001, 0.0 ], [ 5.024090914957377, 12.171456909501362, 0.0 ], [ 5.025850762296006, 12.178315904747812, 0.0 ], [ 5.031377156522804, 12.179733954850825, 0.0 ], [ 5.039456176552155, 12.186932712167701, 0.0 ], [ 5.045833333031659, 12.187500000017852, 0.0 ], [ 5.045480007386168, 12.194091118703058, 0.0 ], [ 5.02951999264564, 12.210075548240626, 0.0 ], [ 5.029166667000142, 12.216666666925766, 0.0 ], [ 5.02500000004267, 12.216666666925702, 0.0 ], [ 5.024338786098831, 12.22410040989856, 0.0 ], [ 5.018622843562986, 12.225567287792545, 0.0 ], [ 5.013467746133985, 12.229562716638458, 0.0 ], [ 5.011932712219496, 12.235543823381128, 0.0 ], [ 4.996400620988777, 12.251956176428534, 0.0 ], [ 4.995266045288763, 12.260543823330869, 0.0 ], [ 4.978151448530165, 12.278548855037462, 0.0 ], [ 4.966666667134634, 12.279166666799867, 0.0 ], [ 4.967233954984555, 12.281377156322312, 0.0 ], [ 4.971010674104055, 12.286250135527041, 0.0 ], [ 4.975746663177866, 12.288067287666953, 0.0 ], [ 4.98112284364333, 12.283900621608264, 0.0 ], [ 5.007118394892608, 12.282766045009243, 0.0 ], [ 5.008333333111151, 12.287499999817417, 0.0 ], [ 5.024187554303885, 12.288167995549086, 0.0 ], [ 5.025770356607938, 12.299042108499082, 0.0 ], [ 5.032363274878383, 12.298654100254415, 0.0 ], [ 5.038448, 12.298296, 0.0 ], [ 5.063388930459638, 12.297434907456386, 0.0 ], [ 5.071839396455229, 12.288118489669792, 0.0 ], [ 5.093877156386649, 12.286932711968602, 0.0 ], [ 5.099032253815748, 12.282937283122731, 0.0 ], [ 5.100567287730314, 12.276956176380059, 0.0 ], [ 5.103599378987908, 12.273043823307479, 0.0 ] ] ] } },
{ "type": "Feature", "properties": { "Stra_Catch": "River Rima", "State": "Zamfara", "LGA": "Tsafe", "Population": 311005, "Cleard_TOR": "Not Cleared", "Status": "ongoing", "Start_Date": "1899-12-30T00:00:00", "End_Date": "1899-12-30T00:00:00", "Micr_Catch": "Garewa", "Size_Ha": 60515.471696499997, "Comments": null, "OBJECTID_1": 0, "Shape_Leng": 0.0, "Shape_Area": 0.0, "parent_strategic_name": "Sokoto-Zamfara", "clipped_to_state": true }, "geometry": { "type": "MultiPolygon", "coordinates": [ [ [ [ 6.69990512273166, 11.599870319333489, 0.0 ], [ 6.697977189825481, 11.599589150423142, 0.0 ], [ 6.697120439995785, 11.599145479573297, 0.0 ], [ 6.696221543783128, 11.599735916170927, 0.0 ], [ 6.699927165184476, 11.599893308088634, 0.0 ], [ 6.69990512273166, 11.599870319333489, 0.0 ] ] ], [ [ [ 6.709137568040163, 11.599853670463373, 0.0 ], [ 6.706453122391604, 11.600170490457918, 0.0 ], [ 6.709605509735503, 11.600304384408666, 0.0 ], [ 6.709137568040163, 11.599853670463373, 0.0 ] ] ], [ [ [ 6.714816556031274, 11.603897041942041, 0.0 ], [ 6.714652347502394, 11.603209443527797, 0.0 ], [ 6.713130202469765, 11.602709120349965, 0.0 ], [ 6.714242214508753, 11.603813340713062, 0.0 ], [ 6.714816556031274, 11.603897041942041, 0.0 ] ] ], [ [ [ 6.727282586554758, 11.595647954702045, 0.0 ], [ 6.725784809255837, 11.596013854499315, 0.0 ], [ 6.722752677376586, 11.596255789530534, 0.0 ], [ 6.722068210442738, 11.596946969487702, 0.0 ], [ 6.722507332976152, 11.597369541618264, 0.0 ], [ 6.722447679877365, 11.599427025660553, 0.0 ], [ 6.721349261456727, 11.599769165278818, 0.0 ], [ 6.720804452688782, 11.600853546177779, 0.0 ], [ 6.71886354456919, 11.601105097942154, 0.0 ], [ 6.718585091304616, 11.602192635167071, 0.0 ], [ 6.717477161578786, 11.602712068397105, 0.0 ], [ 6.717238982844215, 11.604083260259799, 0.0 ], [ 6.719091118862145, 11.603813340713065, 0.0 ], [ 6.727282586554758, 11.595647954702045, 0.0 ] ] ], [ [ [ 6.735787116284389, 11.600353325945187, 0.0 ], [ 6.738872385002108, 11.600222290982057, 0.0 ], [ 6.738670089278036, 11.600181687113293, 0.0 ], [ 6.737938942915521, 11.599802916420415, 0.0 ], [ 6.738407039061662, 11.599366286666323, 0.0 ], [ 6.738966931458674, 11.597467577135577, 0.0 ], [ 6.739253738575096, 11.597200031551424, 0.0 ], [ 6.738421318011472, 11.596926375095078, 0.0 ], [ 6.737384521871181, 11.596221675930668, 0.0 ], [ 6.737062812998221, 11.595554875216781, 0.0 ], [ 6.72971482862958, 11.59505376965015, 0.0 ], [ 6.727756594920672, 11.595532156735874, 0.0 ], [ 6.731591118837104, 11.596186658987087, 0.0 ], [ 6.735787116284389, 11.600353325945187, 0.0 ] ] ], [ [ [ 6.753882955867891, 11.597318100821465, 0.0 ], [ 6.753576297615985, 11.598516984807247, 0.0 ], [ 6.754379314888261, 11.597709927395375, 0.0 ], [ 6.753882955867891, 11.597318100821465, 0.0 ] ] ], [ [ [ 6.761433632571778, 11.586474697646352, 0.0 ], [ 6.760785724011431, 11.586250560695408, 0.0 ], [ 6.75953010867435, 11.585975013940372, 0.0 ], [ 6.758822292608838, 11.587384952957933, 0.0 ], [ 6.757738478913204, 11.588395887217645, 0.0 ], [ 6.757154777485528, 11.589258988009222, 0.0 ], [ 6.757178516292326, 11.591129720837641, 0.0 ], [ 6.758259912589446, 11.592170559370187, 0.0 ], [ 6.758691067240818, 11.589212206078441, 0.0 ], [ 6.761433632571778, 11.586474697646352, 0.0 ] ] ], [ [ [ 6.48296382777068, 11.661822723300999, 0.0 ], [ 6.482953614918616, 11.66182045799434, 0.0 ], [ 6.48295963224716, 11.661963283258885, 0.0 ], [ 6.48296382777068, 11.661822723300999, 0.0 ] ] ], [ [ [ 6.484347721945388, 11.670887710818407, 0.0 ], [ 6.484807717414645, 11.669097039966028, 0.0 ], [ 6.485650214485807, 11.667754379060241, 0.0 ], [ 6.485640647117048, 11.666908536172945, 0.0 ], [ 6.484561273408496, 11.665868292749083, 0.0 ], [ 6.484017486444587, 11.664164602508754, 0.0 ], [ 6.483011519815992, 11.663194868951845, 0.0 ], [ 6.483333333670505, 11.670833333191622, 0.0 ], [ 6.484347721945388, 11.670887710818407, 0.0 ] ] ], [ [ [ 6.498257785372422, 11.675353325795237, 0.0 ], [ 6.501742214935159, 11.678813340563066, 0.0 ], [ 6.506591118389264, 11.679519992753344, 0.0 ], [ 6.50769224985027, 11.680613408776788, 0.0 ], [ 6.507384139831088, 11.679649339230131, 0.0 ], [ 6.506384032787119, 11.679160189330858, 0.0 ], [ 6.504783126860042, 11.678760581555975, 0.0 ], [ 6.504257329665637, 11.678212016549708, 0.0 ], [ 6.50340719884288, 11.677651895177197, 0.0 ], [ 6.502471923626672, 11.677662552369522, 0.0 ], [ 6.502050906123538, 11.677650417563957, 0.0 ], [ 6.502067015073266, 11.677111330948307, 0.0 ], [ 6.502064072445301, 11.676840235831618, 0.0 ], [ 6.502071894928146, 11.676566586948208, 0.0 ], [ 6.499318923963174, 11.67627684234607, 0.0 ], [ 6.499029956153041, 11.675975460436938, 0.0 ], [ 6.499069117434578, 11.67466334083468, 0.0 ], [ 6.498747604887361, 11.673379050644522, 0.0 ], [ 6.497903292060466, 11.67301168124885, 0.0 ], [ 6.494673689614448, 11.673525655417187, 0.0 ], [ 6.492554673942085, 11.673798452269061, 0.0 ], [ 6.493408881019053, 11.674646674504281, 0.0 ], [ 6.498257785372422, 11.675353325795237, 0.0 ] ] ], [ [ [ 6.511479985322194, 11.68301325656449, 0.0 ], [ 6.511368652324108, 11.682610907277068, 0.0 ], [ 6.50921461255839, 11.682125104552906, 0.0 ], [ 6.510075547952, 11.682980007521225, 0.0 ], [ 6.511479985322194, 11.68301325656449, 0.0 ] ] ], [ [ [ 6.525353325299368, 11.698257785768087, 0.0 ], [ 6.537146673983324, 11.710075548347747, 0.0 ], [ 6.53785332617358, 11.731591118735043, 0.0 ], [ 6.541652085878519, 11.735416666545818, 0.0 ], [ 6.537853326173576, 11.739242214356597, 0.0 ], [ 6.537146673983306, 11.743379550825482, 0.0 ], [ 6.541652085878511, 11.747916666520853, 0.0 ], [ 6.53785332617357, 11.751742214331628, 0.0 ], [ 6.537499999628742, 11.762499999974933, 0.0 ], [ 6.544873555473606, 11.763155958280738, 0.0 ], [ 6.549432711753597, 11.768622843469325, 0.0 ], [ 6.550899590547032, 11.774338786006089, 0.0 ], [ 6.564710490000306, 11.775567287799987, 0.0 ], [ 6.568622843072948, 11.778599379058022, 0.0 ], [ 6.575000000452806, 11.779166666908084, 0.0 ], [ 6.579166666511549, 11.779166666908088, 0.0 ], [ 6.579166666511551, 11.774999999949934, 0.0 ], [ 6.579521518306503, 11.768381245997638, 0.0 ], [ 6.589242214759396, 11.75868665866231, 0.0 ], [ 6.591666666486484, 11.758333333016807, 0.0 ], [ 6.591049024695725, 11.747839864418138, 0.0 ], [ 6.588056607029803, 11.743743387747072, 0.0 ], [ 6.595215691653794, 11.735493469547903, 0.0 ], [ 6.59645097523527, 11.718673197509974, 0.0 ], [ 6.600617642193336, 11.712969123326319, 0.0 ], [ 6.599382357712607, 11.710339864493097, 0.0 ], [ 6.596450975235277, 11.706326802639731, 0.0 ], [ 6.595215691653813, 11.697839864518059, 0.0 ], [ 6.592228189682209, 11.693749999662694, 0.0 ], [ 6.595215691653816, 11.689660135706603, 0.0 ], [ 6.596450975235285, 11.685339864543025, 0.0 ], [ 6.59938235771262, 11.681326802689725, 0.0 ], [ 6.60110643181934, 11.675296699083319, 0.0 ], [ 6.61033986389649, 11.66728430892362, 0.0 ], [ 6.620183647859858, 11.665851508140515, 0.0 ], [ 6.620793975333624, 11.643131788138877, 0.0 ], [ 6.618783600909354, 11.643155592953359, 0.0 ], [ 6.618429577234811, 11.64202673328561, 0.0 ], [ 6.61977553450637, 11.640773476403762, 0.0 ], [ 6.618712860086847, 11.640423705575342, 0.0 ], [ 6.61754627153979, 11.639535917872506, 0.0 ], [ 6.616763661203813, 11.63871934370184, 0.0 ], [ 6.615745042275166, 11.636604658841049, 0.0 ], [ 6.614897705978406, 11.636325757010457, 0.0 ], [ 6.614334080010915, 11.636033583898138, 0.0 ], [ 6.613814748363064, 11.63495603590855, 0.0 ], [ 6.613527880807771, 11.634395063621366, 0.0 ], [ 6.612164564225858, 11.634411033097084, 0.0 ], [ 6.611872328754026, 11.632213146384107, 0.0 ], [ 6.610810369952904, 11.632225520684592, 0.0 ], [ 6.610260507835141, 11.632210105568188, 0.0 ], [ 6.609707772784422, 11.632216639249357, 0.0 ], [ 6.609440527989271, 11.63193777147479, 0.0 ], [ 6.608337521018908, 11.6316628220819, 0.0 ], [ 6.607390511070244, 11.631171815361876, 0.0 ], [ 6.606983486896454, 11.629463533914379, 0.0 ], [ 6.606401765949594, 11.628903286451914, 0.0 ], [ 6.604613727797857, 11.628029890526511, 0.0 ], [ 6.604167277982662, 11.627102781219662, 0.0 ], [ 6.603199190241868, 11.626629856537875, 0.0 ], [ 6.602600890460875, 11.627819896251863, 0.0 ], [ 6.602027190383621, 11.628080916875595, 0.0 ], [ 6.601503371817849, 11.627534380012193, 0.0 ], [ 6.600073951847164, 11.627246891584033, 0.0 ], [ 6.599405744429304, 11.627254827639238, 0.0 ], [ 6.599014646638359, 11.629145482720043, 0.0 ], [ 6.598715913900713, 11.62940878654865, 0.0 ], [ 6.597924873361991, 11.628583369773954, 0.0 ], [ 6.596364184445308, 11.627820894069602, 0.0 ], [ 6.594348730885939, 11.627480042671424, 0.0 ], [ 6.594364105772746, 11.626940642611748, 0.0 ], [ 6.593691635438529, 11.625944659662244, 0.0 ], [ 6.591873204088346, 11.625491339100508, 0.0 ], [ 6.590489998660525, 11.625828698449741, 0.0 ], [ 6.589963926754276, 11.626359061382656, 0.0 ], [ 6.589663977753282, 11.626638494160069, 0.0 ], [ 6.587213327190162, 11.626568483365375, 0.0 ], [ 6.586925275947989, 11.627960154236058, 0.0 ], [ 6.586253900632667, 11.628585388794358, 0.0 ], [ 6.584282613308007, 11.628170183746617, 0.0 ], [ 6.583770277289051, 11.62710669566936, 0.0 ], [ 6.582817932894858, 11.627117770829811, 0.0 ], [ 6.581965983751357, 11.626822331378531, 0.0 ], [ 6.581444689948156, 11.625740234691303, 0.0 ], [ 6.580509311673139, 11.625466594706316, 0.0 ], [ 6.579230868958264, 11.627353454170168, 0.0 ], [ 6.578948235252668, 11.627616869528008, 0.0 ], [ 6.578676249665386, 11.627890964341269, 0.0 ], [ 6.577568714560353, 11.628147446023863, 0.0 ], [ 6.577297858520147, 11.628290771226888, 0.0 ], [ 6.578944232140975, 11.628701174695545, 0.0 ], [ 6.579373361837737, 11.630503099085747, 0.0 ], [ 6.578360795447541, 11.631949287015734, 0.0 ], [ 6.578086457019385, 11.63249470974597, 0.0 ], [ 6.577267059507261, 11.63247114178095, 0.0 ], [ 6.576722529790755, 11.633020113048513, 0.0 ], [ 6.575857632126595, 11.633288950492789, 0.0 ], [ 6.575870261113423, 11.634373392942178, 0.0 ], [ 6.575587616468675, 11.634636802837443, 0.0 ], [ 6.575051206818032, 11.635177632076415, 0.0 ], [ 6.573380786750579, 11.635431469557565, 0.0 ], [ 6.573099385074914, 11.636789811105434, 0.0 ], [ 6.57254904427738, 11.637821060818904, 0.0 ], [ 6.572253031599134, 11.638695879398471, 0.0 ], [ 6.571425658569275, 11.639465618530707, 0.0 ], [ 6.571143977764921, 11.640297405678755, 0.0 ], [ 6.570851108096206, 11.641118508371239, 0.0 ], [ 6.570857660644016, 11.641662846815111, 0.0 ], [ 6.570003795341204, 11.642451151712155, 0.0 ], [ 6.569480030116345, 11.641904564127735, 0.0 ], [ 6.568102078389146, 11.641627138770511, 0.0 ], [ 6.565636878270766, 11.641058578025005, 0.0 ], [ 6.565070713649106, 11.64106517345571, 0.0 ], [ 6.56452329912497, 11.642681209899276, 0.0 ], [ 6.561490854084655, 11.642921321722532, 0.0 ], [ 6.561209381971831, 11.644279637922995, 0.0 ], [ 6.560918510604914, 11.6453604383246, 0.0 ], [ 6.561214121225404, 11.645645408404929, 0.0 ], [ 6.561182757868147, 11.646716494966707, 0.0 ], [ 6.56118944231833, 11.647304776853714, 0.0 ], [ 6.562276029679116, 11.648351452662407, 0.0 ], [ 6.561988815561564, 11.648889328142882, 0.0 ], [ 6.561712062826145, 11.64970552135595, 0.0 ], [ 6.560604435021154, 11.649961916963317, 0.0 ], [ 6.560153585365474, 11.650416336687323, 0.0 ], [ 6.559755476984426, 11.652704175122279, 0.0 ], [ 6.557696123828864, 11.652645132637227, 0.0 ], [ 6.556857051206029, 11.652654948634494, 0.0 ], [ 6.55639733258611, 11.653569644140623, 0.0 ], [ 6.555631642635428, 11.653172665302071, 0.0 ], [ 6.554545392276554, 11.652641655487242, 0.0 ], [ 6.554079134578209, 11.652154829876242, 0.0 ], [ 6.55370906322581, 11.65289053353848, 0.0 ], [ 6.553424006589604, 11.653424972780735, 0.0 ], [ 6.55314959697126, 11.653970092277428, 0.0 ], [ 6.551900606872594, 11.654358139584613, 0.0 ], [ 6.551492549711893, 11.654769225910023, 0.0 ], [ 6.550109912121227, 11.655023233376296, 0.0 ], [ 6.550116414222015, 11.655568094147023, 0.0 ], [ 6.550096506855742, 11.656245621792451, 0.0 ], [ 6.550120283559752, 11.65825032536347, 0.0 ], [ 6.549498580118303, 11.658829011424862, 0.0 ], [ 6.548701677880601, 11.658806067934973, 0.0 ], [ 6.548424870781679, 11.659622502792672, 0.0 ], [ 6.548142175350026, 11.659885874969554, 0.0 ], [ 6.547870127597905, 11.660159927729445, 0.0 ], [ 6.545275723217451, 11.66114320600213, 0.0 ], [ 6.544591815971003, 11.662502283056742, 0.0 ], [ 6.543097230772786, 11.661983621450611, 0.0 ], [ 6.542344055490741, 11.663094581268341, 0.0 ], [ 6.541831724335012, 11.66357146690188, 0.0 ], [ 6.540022939646783, 11.663903569701153, 0.0 ], [ 6.539291513805694, 11.664982672891638, 0.0 ], [ 6.538062313628748, 11.664947258874138, 0.0 ], [ 6.53754821810402, 11.664953177657191, 0.0 ], [ 6.53709048651232, 11.666302517853827, 0.0 ], [ 6.536807774611727, 11.666565875232511, 0.0 ], [ 6.536445433466874, 11.66763516090046, 0.0 ], [ 6.534316049131065, 11.668442030131832, 0.0 ], [ 6.533491587133702, 11.668982662522202, 0.0 ], [ 6.532666741603155, 11.668958900532253, 0.0 ], [ 6.531561811058697, 11.669507969823327, 0.0 ], [ 6.531004093150261, 11.669768956044532, 0.0 ], [ 6.53010988515313, 11.671088052687596, 0.0 ], [ 6.527979916905919, 11.671410951397551, 0.0 ], [ 6.528978016113837, 11.672372538191462, 0.0 ], [ 6.528475506887717, 11.673312739322375, 0.0 ], [ 6.528491634352059, 11.674644954836415, 0.0 ], [ 6.527371460526711, 11.67624348935812, 0.0 ], [ 6.527096973421793, 11.676788568346801, 0.0 ], [ 6.526027231437358, 11.677120575622293, 0.0 ], [ 6.525705116598143, 11.678674091733557, 0.0 ], [ 6.524872369649067, 11.67893268994071, 0.0 ], [ 6.524885260224506, 11.680021861801297, 0.0 ], [ 6.524021098729881, 11.681639524927649, 0.0 ], [ 6.524301249701934, 11.681909574226198, 0.0 ], [ 6.524432558234452, 11.683319899399748, 0.0 ], [ 6.524999999653931, 11.683333333166683, 0.0 ], [ 6.525353325299368, 11.698257785768087, 0.0 ] ] ], [ [ [ 6.638600030633618, 11.638491010223429, 0.0 ], [ 6.638108690405103, 11.637978423326389, 0.0 ], [ 6.635493125503586, 11.638396428200901, 0.0 ], [ 6.634951734272846, 11.639473184791079, 0.0 ], [ 6.634655372943587, 11.640029353573919, 0.0 ], [ 6.633197961456272, 11.639987989794907, 0.0 ], [ 6.632725037587543, 11.641385138751177, 0.0 ], [ 6.635757785096371, 11.641313340638082, 0.0 ], [ 6.638600030633618, 11.638491010223429, 0.0 ] ] ], [ [ [ 6.645230726699648, 11.636015051339847, 0.0 ], [ 6.64515071073432, 11.63602722865283, 0.0 ], [ 6.64432878891333, 11.636297163805745, 0.0 ], [ 6.643789108925841, 11.636281894315351, 0.0 ], [ 6.642508291254527, 11.636702148371754, 0.0 ], [ 6.642122036090903, 11.637092128869137, 0.0 ], [ 6.640187220389366, 11.63761317686556, 0.0 ], [ 6.640068448654288, 11.63773291530392, 0.0 ], [ 6.644091119012563, 11.637146674579306, 0.0 ], [ 6.645230726699648, 11.636015051339847, 0.0 ] ] ], [ [ [ 6.654235223258418, 11.632054218660352, 0.0 ], [ 6.653707178266203, 11.632301687687807, 0.0 ], [ 6.653155943761411, 11.632575974347613, 0.0 ], [ 6.65287930567803, 11.632001872621316, 0.0 ], [ 6.651492867046152, 11.632018372504072, 0.0 ], [ 6.650638597231183, 11.632880561158428, 0.0 ], [ 6.650307066006939, 11.633540232254742, 0.0 ], [ 6.654166666361093, 11.633333333266654, 0.0 ], [ 6.654235223258418, 11.632054218660352, 0.0 ] ] ], [ [ [ 6.668171307430671, 11.612617632520687, 0.0 ], [ 6.667622092991762, 11.613171810139878, 0.0 ], [ 6.667339542006537, 11.613435331542521, 0.0 ], [ 6.666784907874479, 11.613995023401189, 0.0 ], [ 6.665550432977017, 11.613960151760084, 0.0 ], [ 6.665137909070003, 11.613965020856801, 0.0 ], [ 6.664860299502682, 11.61395721391683, 0.0 ], [ 6.664551022030976, 11.614269494450145, 0.0 ], [ 6.661970922833351, 11.614196707539124, 0.0 ], [ 6.661543285779408, 11.615047842802076, 0.0 ], [ 6.659901794462356, 11.615001438808731, 0.0 ], [ 6.65962975269409, 11.615291776536052, 0.0 ], [ 6.660175346270103, 11.615817221330738, 0.0 ], [ 6.660435854669613, 11.61690902846702, 0.0 ], [ 6.660984116088125, 11.617437141920627, 0.0 ], [ 6.661244940474171, 11.618813288360686, 0.0 ], [ 6.662195700600305, 11.619050080532972, 0.0 ], [ 6.668622717465132, 11.612630320848389, 0.0 ], [ 6.668171307430671, 11.612617632520687, 0.0 ] ] ], [ [ [ 6.677142780521199, 11.604498519136479, 0.0 ], [ 6.677045222933615, 11.60429613874121, 0.0 ], [ 6.676742481710366, 11.603756793027612, 0.0 ], [ 6.675409605269908, 11.605102108688994, 0.0 ], [ 6.674951050931103, 11.605089150231205, 0.0 ], [ 6.67366929792362, 11.604217599213213, 0.0 ], [ 6.672325511305116, 11.604545383605339, 0.0 ], [ 6.671295911723173, 11.605584953644124, 0.0 ], [ 6.670966753568407, 11.607776793066648, 0.0 ], [ 6.670498559354769, 11.60821302583205, 0.0 ], [ 6.670126098984785, 11.609667720208693, 0.0 ], [ 6.669643253929482, 11.610574023556831, 0.0 ], [ 6.670171689534629, 11.611083097828216, 0.0 ], [ 6.676742214583902, 11.604519992004002, 0.0 ], [ 6.677142780521199, 11.604498519136479, 0.0 ] ] ] ] } },
{ "type": "Feature", "properties": { "Stra_Catch": "Sokoto River", "State": "Zamfara", "LGA": "Bakura", "Population": 282160, "Cleard_TOR": "Not Cleared", "Status": "ongoing", "Start_Date": "1899-12-30T00:00:00", "End_Date": "1899-12-30T00:00:00", "Micr_Catch": "Gamji", "Size_Ha": 54247.180387100001, "Comments": null, "OBJECTID_1": 0, "Shape_Leng": 0.0, "Shape_Area": 0.0, "parent_strategic_name": "Sokoto-Zamfara", "clipped_to_state": true }, "geometry": { "type": "Polygon", "coordinates": [ [ [ 5.900915526944669, 12.741068183249068, 0.0 ], [ 5.939710490360247, 12.742233954632392, 0.0 ], [ 5.945086669927083, 12.746400621590563, 0.0 ], [ 5.94918891035307, 12.74482659217262, 0.0 ], [ 5.949999999913156, 12.741666666782411, 0.0 ], [ 5.960757785556143, 12.741313341136934, 0.0 ], [ 5.964953613031457, 12.737146674178842, 0.0 ], [ 5.969091118572786, 12.737853325469807, 0.0 ], [ 5.976742214194158, 12.745480007195805, 0.0 ], [ 5.979166666820461, 12.745833333740578, 0.0 ], [ 5.98162163614177, 12.745475599618453, 0.0 ], [ 5.991313341149672, 12.735757785492623, 0.0 ], [ 5.992019992440645, 12.718408881164169, 0.0 ], [ 5.99618665939864, 12.71421305368875, 0.0 ], [ 5.99548000720846, 12.705908881189142, 0.0 ], [ 5.991313341149749, 12.701713053713705, 0.0 ], [ 5.992019992440692, 12.697575548172255, 0.0 ], [ 5.995480007208486, 12.694091118609489, 0.0 ], [ 5.995833333753261, 12.687499999924281, 0.0 ], [ 5.996186659398722, 12.676742214281031, 0.0 ], [ 6.000353325457397, 12.672546386805557, 0.0 ], [ 5.999646674166537, 12.664242214306007, 0.0 ], [ 5.996186659398759, 12.660757785642543, 0.0 ], [ 5.995480007208581, 12.651742214330962, 0.0 ], [ 5.992019992440803, 12.6482577856675, 0.0 ], [ 5.991666666795379, 12.641666666982349, 0.0 ], [ 5.99240180141414, 12.634135945616654, 0.0 ], [ 6.003631591736376, 12.632501559998289, 0.0 ], [ 6.01188252796789, 12.622993638644777, 0.0 ], [ 6.012499999786771, 12.616666667032325, 0.0 ], [ 6.011584472856759, 12.613098483607391, 0.0 ], [ 5.991666666795444, 12.612500000074185, 0.0 ], [ 5.989242215068405, 12.612853325719628, 0.0 ], [ 5.98575778550572, 12.616313340487501, 0.0 ], [ 5.981616889520311, 12.617019992677763, 0.0 ], [ 5.969091118573102, 12.604519992702704, 0.0 ], [ 5.966666666846121, 12.60416666705725, 0.0 ], [ 5.962499999888148, 12.604166667057237, 0.0 ], [ 5.961649237635315, 12.600850762352003, 0.0 ], [ 5.958333332930185, 12.600000000099076, 0.0 ], [ 5.955908881203151, 12.599646674453618, 0.0 ], [ 5.952424451640491, 12.59618665878641, 0.0 ], [ 5.939242214270545, 12.595480007495482, 0.0 ], [ 5.935757785607209, 12.592019992727591, 0.0 ], [ 5.926742214295977, 12.591313340537353, 0.0 ], [ 5.923257785632646, 12.58785332576946, 0.0 ], [ 5.901742214346752, 12.587146674478452, 0.0 ], [ 5.898257785683423, 12.583686658811299, 0.0 ], [ 5.895833333057137, 12.583333333165784, 0.0 ], [ 5.893622843534717, 12.582766045315719, 0.0 ], [ 5.888467746105117, 12.578770616469765, 0.0 ], [ 5.886932712190537, 12.572789509727068, 0.0 ], [ 5.88390062093262, 12.568877156654436, 0.0 ], [ 5.882624986569667, 12.559220716761624, 0.0 ], [ 5.876956176602243, 12.557766045365666, 0.0 ], [ 5.871801080071967, 12.553770616519712, 0.0 ], [ 5.870266045258071, 12.547789509777012, 0.0 ], [ 5.867233954899479, 12.543877156704379, 0.0 ], [ 5.866099379199426, 12.535289509801965, 0.0 ], [ 5.863067287941572, 12.531377156729334, 0.0 ], [ 5.862500000091551, 12.525000000248736, 0.0 ], [ 5.843408881432087, 12.525353325894129, 0.0 ], [ 5.839924451869435, 12.528813340662003, 0.0 ], [ 5.833333333184484, 12.529166666307429, 0.0 ], [ 5.832766045334439, 12.531377156729244, 0.0 ], [ 5.819900173272584, 12.545130750482539, 0.0 ], [ 5.809220716781268, 12.546541680652828, 0.0 ], [ 5.807482570982563, 12.553315904004547, 0.0 ], [ 5.801956176755056, 12.554733954107457, 0.0 ], [ 5.79804382368259, 12.557766045365423, 0.0 ], [ 5.79362284373851, 12.558900621065529, 0.0 ], [ 5.789710489766667, 12.561932712323493, 0.0 ], [ 5.785289509822594, 12.563067288023598, 0.0 ], [ 5.78137715675013, 12.566099378382303, 0.0 ], [ 5.772789509848087, 12.567233954981656, 0.0 ], [ 5.756377156801099, 12.582766045315285, 0.0 ], [ 5.754166666379436, 12.583333333165337, 0.0 ], [ 5.754166666379422, 12.587500000123496, 0.0 ], [ 5.757624986824395, 12.588387383669396, 0.0 ], [ 5.758900621187328, 12.598043823562206, 0.0 ], [ 5.761932712445156, 12.601956176634836, 0.0 ], [ 5.762500000295183, 12.604166667056658, 0.0 ], [ 5.762853325940593, 12.610757785741807, 0.0 ], [ 5.77464667462417, 12.622575548321564, 0.0 ], [ 5.775000000269595, 12.625000000048614, 0.0 ], [ 5.772839694716014, 12.625617472766811, 0.0 ], [ 5.763606431711725, 12.633630031998988, 0.0 ], [ 5.761882527576873, 12.639660305577218, 0.0 ], [ 5.757533434041209, 12.645097859377309, 0.0 ], [ 5.743673027809115, 12.646450805758613, 0.0 ], [ 5.739660305899698, 12.64938252728029, 0.0 ], [ 5.729960801971169, 12.650794135539416, 0.0 ], [ 5.72836405477906, 12.661764865354719, 0.0 ], [ 5.720833333413713, 12.662499999973456, 0.0 ], [ 5.721186659059136, 12.664924451700509, 0.0 ], [ 5.72464667472616, 12.668408881263296, 0.0 ], [ 5.725000000371548, 12.679166666906605, 0.0 ], [ 5.725000000371463, 12.699999999898516, 0.0 ], [ 5.735757785114953, 12.700353325544008, 0.0 ], [ 5.739242214677557, 12.703813341211223, 0.0 ], [ 5.760757785063833, 12.704519992502258, 0.0 ], [ 5.766307576952967, 12.710041978253322, 0.0 ], [ 5.767019991998859, 12.714213053688106, 0.0 ], [ 5.762853325940187, 12.718408881163519, 0.0 ], [ 5.762146674649303, 12.72254638670497, 0.0 ], [ 5.766313340707889, 12.726742214180465, 0.0 ], [ 5.767019991998794, 12.731591118533894, 0.0 ], [ 5.770480007665779, 12.735075548096681, 0.0 ], [ 5.771186658956684, 12.739924452450161, 0.0 ], [ 5.774646674623726, 12.743408881113632, 0.0 ], [ 5.775353325914562, 12.752424452425155, 0.0 ], [ 5.782980007640197, 12.760075548046787, 0.0 ], [ 5.783333333285623, 12.762499999773844, 0.0 ], [ 5.78575778501263, 12.762853325419298, 0.0 ], [ 5.78924221457525, 12.766313341086514, 0.0 ], [ 5.798257784987086, 12.767019992377442, 0.0 ], [ 5.80174221454971, 12.770480007145336, 0.0 ], [ 5.806591118902993, 12.771186659335626, 0.0 ], [ 5.8100755475663, 12.77464667410346, 0.0 ], [ 5.835757785810028, 12.775353325394496, 0.0 ], [ 5.843408881431276, 12.782980008019821, 0.0 ], [ 5.854166667074192, 12.783333333665302, 0.0 ], [ 5.858333333132821, 12.783333333665318, 0.0 ], [ 5.861649237837938, 12.782482571412457, 0.0 ], [ 5.862500000090785, 12.779166666707228, 0.0 ], [ 5.863067287940832, 12.776956177184736, 0.0 ], [ 5.874432712215384, 12.76471049019589, 0.0 ], [ 5.87570190473457, 12.755103217138736, 0.0 ], [ 5.898822021234043, 12.732909477889102, 0.0 ], [ 5.900915526944669, 12.741068183249068, 0.0 ] ] ] } },
{ "type": "Feature", "properties": { "Stra_Catch": "River Ka", "State": "Zamfara", "LGA": "Bukkuyum", "Population": 264321, "Cleard_TOR": "Not Cleared", "Status": "ongoing", "Start_Date": "1899-12-30T00:00:00", "End_Date": "1899-12-30T00:00:00", "Micr_Catch": "Bukkuyum", "Size_Ha": 43725.1704981, "Comments": null, "OBJECTID_1": 0, "Shape_Leng": 0.0, "Shape_Area": 0.0, "parent_strategic_name": "Sokoto-Zamfara", "clipped_to_state": true }, "geometry": { "type": "Polygon", "coordinates": [ [ [ 5.476740695975571, 12.252617594716144, 0.0 ], [ 5.5006701, 12.2571044, 0.0 ], [ 5.502894190302362, 12.257521418425911, 0.0 ], [ 5.519116210580895, 12.241313341235175, 0.0 ], [ 5.523257785554278, 12.242019992526155, 0.0 ], [ 5.526742214217458, 12.245480007294001, 0.0 ], [ 5.529166666843709, 12.245833332939521, 0.0 ], [ 5.529166666843762, 12.237499999922585, 0.0 ], [ 5.529903835729002, 12.225737168832834, 0.0 ], [ 5.552122327917107, 12.224344550658159, 0.0 ], [ 5.560377671725662, 12.217322116220434, 0.0 ], [ 5.564622327891331, 12.216011216742027, 0.0 ], [ 5.57287767169984, 12.208988783203562, 0.0 ], [ 5.574999999782679, 12.208333333014732, 0.0 ], [ 5.574999999782725, 12.199999999997797, 0.0 ], [ 5.575353325428311, 12.180908881337613, 0.0 ], [ 5.578813341095246, 12.177424451774854, 0.0 ], [ 5.579519992386247, 12.160075548345723, 0.0 ], [ 5.587146674111763, 12.152424451824837, 0.0 ], [ 5.587499999757202, 12.150000000097783, 0.0 ], [ 5.587499999757225, 12.145833333139686, 0.0 ], [ 5.587853325402731, 12.130908881437604, 0.0 ], [ 5.595480008027571, 12.123257785816088, 0.0 ], [ 5.596186659318571, 12.105908881487581, 0.0 ], [ 5.6003533253771, 12.101713053112853, 0.0 ], [ 5.59964667408627, 12.097575547571401, 0.0 ], [ 5.596186659318633, 12.094091118907926, 0.0 ], [ 5.595480008027772, 12.085075547596345, 0.0 ], [ 5.587513902377108, 12.077084011815586, 0.0 ], [ 5.591313341070011, 12.073257785016674, 0.0 ], [ 5.592019992360945, 12.068408881562515, 0.0 ], [ 5.596186659318792, 12.064213053187789, 0.0 ], [ 5.595480008028014, 12.039242214654426, 0.0 ], [ 5.592019992361118, 12.035757785091635, 0.0 ], [ 5.591313341070238, 12.030908881637469, 0.0 ], [ 5.587853325403286, 12.02742445207468, 0.0 ], [ 5.587499999757875, 12.025000000347626, 0.0 ], [ 5.58628506153916, 12.02026604553946, 0.0 ], [ 5.571734279946847, 12.021489291695245, 0.0 ], [ 5.569865586761281, 12.028770785740971, 0.0 ], [ 5.564710490231144, 12.032766045514322, 0.0 ], [ 5.554166666793191, 12.033333333364324, 0.0 ], [ 5.553395249925896, 12.025771416315514, 0.0 ], [ 5.545833333776961, 12.025000000347401, 0.0 ], [ 5.545475599654868, 12.02254486105414, 0.0 ], [ 5.535757785529786, 12.012853326017758, 0.0 ], [ 5.530908881176727, 12.012146673827512, 0.0 ], [ 5.527424452513554, 12.008686659059611, 0.0 ], [ 5.510075548186364, 12.007980007768612, 0.0 ], [ 5.506250000375909, 12.004181247164237, 0.0 ], [ 5.502083333418109, 12.008318752705661, 0.0 ], [ 5.498257785607657, 12.00451999210134, 0.0 ], [ 5.493376329393842, 12.0038085941886, 0.0 ], [ 5.48785332561067, 11.998257785165944, 0.0 ], [ 5.487499999965266, 11.995833333438892, 0.0 ], [ 5.476742214322837, 11.995480007793372, 0.0 ], [ 5.473257785659747, 11.992019992126149, 0.0 ], [ 5.429166667053281, 11.991666666480404, 0.0 ], [ 5.429733954903243, 11.998043822961007, 0.0 ], [ 5.432766045261605, 12.001956176932964, 0.0 ], [ 5.433900620961511, 12.017603895800088, 0.0 ], [ 5.425567287945244, 12.02695617688298, 0.0 ], [ 5.42443271224526, 12.029913330332837, 0.0 ], [ 5.428599379202947, 12.035289509899878, 0.0 ], [ 5.429733954902936, 12.039710489844142, 0.0 ], [ 5.436932712219002, 12.047789509874972, 0.0 ], [ 5.438067287918993, 12.052210489819231, 0.0 ], [ 5.441099379176737, 12.056122843791194, 0.0 ], [ 5.442233954876682, 12.059079996341753, 0.0 ], [ 5.437103949431696, 12.065698920265955, 0.0 ], [ 5.429827880996547, 12.067566257273883, 0.0 ], [ 5.428505452209462, 12.0824337432196, 0.0 ], [ 5.42143724228016, 12.084247504015931, 0.0 ], [ 5.420266045286815, 12.117603895600135, 0.0 ], [ 5.428599379202267, 12.126956176683093, 0.0 ], [ 5.429166667052231, 12.133333333163693, 0.0 ], [ 5.429166667052201, 12.137500000121792, 0.0 ], [ 5.428813341406701, 12.148257785765095, 0.0 ], [ 5.424646674448877, 12.152453613240548, 0.0 ], [ 5.425353325739678, 12.16492445179888, 0.0 ], [ 5.428813341406553, 12.168408881361682, 0.0 ], [ 5.429519992697323, 12.177424451773943, 0.0 ], [ 5.437146674422593, 12.185075548294872, 0.0 ], [ 5.43785332571339, 12.198257785665231, 0.0 ], [ 5.445480007438674, 12.205908881286836, 0.0 ], [ 5.446186997773538, 12.256619262865721, 0.0 ], [ 5.451742214373027, 12.262146674226654, 0.0 ], [ 5.454166666999199, 12.262499999872178, 0.0 ], [ 5.46075778568387, 12.262853325517669, 0.0 ], [ 5.464242214347021, 12.266313341184896, 0.0 ], [ 5.466265802265104, 12.266361248070268, 0.0 ], [ 5.467098766891812, 12.26297945598651, 0.0 ], [ 5.467301, 12.2621584, 0.0 ], [ 5.4691787, 12.2545347, 0.0 ], [ 5.4696565, 12.2525949, 0.0 ], [ 5.473152800248957, 12.252502688624771, 0.0 ], [ 5.475761000009641, 12.252433899901753, 0.0 ], [ 5.476740695975571, 12.252617594716144, 0.0 ] ] ] } },
{ "type": "Feature", "properties": { "Stra_Catch": "Sokoto-Zamfara", "State": "Sokoto", "LGA": "Kebbe, Tambuwal", "Population": 17897, "Cleard_TOR": "Not Yet", "Status": "Not Yet awarded", "Start_Date": "1899-12-30T00:00:00", "End_Date": "1899-12-30T00:00:00", "Micr_Catch": "Kebbe", "Size_Ha": 54412.180017899998, "Comments": null, "OBJECTID_1": 0, "Shape_Leng": 0.0, "Shape_Area": 0.0, "parent_strategic_name": "Sokoto-Zamfara", "clipped_to_state": true }, "geometry": { "type": "MultiPolygon", "coordinates": [ [ [ [ 4.922789510201815, 12.224432712121924, 0.0 ], [ 4.918877156686965, 12.221400621193034, 0.0 ], [ 4.913145616432005, 12.219929673927339, 0.0 ], [ 4.900567287984311, 12.206377156565951, 0.0 ], [ 4.900000000115504, 12.204166666657143, 0.0 ], [ 4.897789510207051, 12.20473395452594, 0.0 ], [ 4.893877156692212, 12.207766045454717, 0.0 ], [ 4.878420003374989, 12.208900621192281, 0.0 ], [ 4.873043823363108, 12.204733954525464, 0.0 ], [ 4.871826958895744, 12.204421671456871, 0.0 ], [ 4.8726761, 12.2081874, 0.0 ], [ 4.8750303, 12.2297287, 0.0 ], [ 4.92870818755615, 12.230574937075954, 0.0 ], [ 4.92856818316073, 12.225915527334696, 0.0 ], [ 4.922789510201815, 12.224432712121924, 0.0 ] ] ], [ [ [ 4.863067287992842, 12.164710489898606, 0.0 ], [ 4.862635459339101, 12.155097468443456, 0.0 ], [ 4.8617305, 12.1596464, 0.0 ], [ 4.866338252359713, 12.180080629945627, 0.0 ], [ 4.866099378920939, 12.168622843414324, 0.0 ], [ 4.863067287992842, 12.164710489898606, 0.0 ] ] ] ] } },
{ "type": "Feature", "properties": { "Stra_Catch": "River Rima", "State": "Zamfara", "LGA": "Tsafe", "Population": 311005, "Cleard_TOR": "Not Cleared", "Status": "ongoing", "Start_Date": "1899-12-30T00:00:00", "End_Date": "1899-12-30T00:00:00", "Micr_Catch": "Garewa", "Size_Ha": 60515.471696499997, "Comments": null, "OBJECTID_1": 0, "Shape_Leng": 0.0, "Shape_Area": 0.0, "parent_strategic_name": "Golbin-Ka", "clipped_to_state": true }, "geometry": { "type": "Polygon", "coordinates": [ [ [ 6.696221543783128, 11.599735916170927, 0.0 ], [ 6.697120439995785, 11.599145479573297, 0.0 ], [ 6.697977189825481, 11.599589150423142, 0.0 ], [ 6.69990512273166, 11.599870319333489, 0.0 ], [ 6.699927165184476, 11.599893308088634, 0.0 ], [ 6.706453122391604, 11.600170490457918, 0.0 ], [ 6.709137568040163, 11.599853670463373, 0.0 ], [ 6.709605509735503, 11.600304384408666, 0.0 ], [ 6.710757784946001, 11.600353325945177, 0.0 ], [ 6.713130202469765, 11.602709120349965, 0.0 ], [ 6.714652347502394, 11.603209443527797, 0.0 ], [ 6.714816556031274, 11.603897041942041, 0.0 ], [ 6.716666666235788, 11.604166666358509, 0.0 ], [ 6.717238982844215, 11.604083260259799, 0.0 ], [ 6.717477161578786, 11.602712068397105, 0.0 ], [ 6.718585091304616, 11.602192635167071, 0.0 ], [ 6.71886354456919, 11.601105097942154, 0.0 ], [ 6.720804452688782, 11.600853546177779, 0.0 ], [ 6.721349261456727, 11.599769165278818, 0.0 ], [ 6.722447679877365, 11.599427025660553, 0.0 ], [ 6.722507332976152, 11.597369541618264, 0.0 ], [ 6.722068210442738, 11.596946969487702, 0.0 ], [ 6.722752677376586, 11.596255789530534, 0.0 ], [ 6.725784809255837, 11.596013854499315, 0.0 ], [ 6.727282586554758, 11.595647954702045, 0.0 ], [ 6.727451070012946, 11.595480007696185, 0.0 ], [ 6.727756594920672, 11.595532156735874, 0.0 ], [ 6.72971482862958, 11.59505376965015, 0.0 ], [ 6.737062812998221, 11.595554875216781, 0.0 ], [ 6.737384521871181, 11.596221675930668, 0.0 ], [ 6.738421318011472, 11.596926375095078, 0.0 ], [ 6.739253738575096, 11.597200031551424, 0.0 ], [ 6.738966931458674, 11.597467577135577, 0.0 ], [ 6.738407039061662, 11.599366286666323, 0.0 ], [ 6.737938942915521, 11.599802916420415, 0.0 ], [ 6.738670089278036, 11.600181687113293, 0.0 ], [ 6.738872385002108, 11.600222290982057, 0.0 ], [ 6.752453444173033, 11.599645487549179, 0.0 ], [ 6.753576297615985, 11.598516984807247, 0.0 ], [ 6.753882955867891, 11.597318100821465, 0.0 ], [ 6.754379314888261, 11.597709927395375, 0.0 ], [ 6.757980007473239, 11.594091119009917, 0.0 ], [ 6.758259912589446, 11.592170559370187, 0.0 ], [ 6.757178516292326, 11.591129720837641, 0.0 ], [ 6.757154777485528, 11.589258988009222, 0.0 ], [ 6.757738478913204, 11.588395887217645, 0.0 ], [ 6.758822292608838, 11.587384952957933, 0.0 ], [ 6.75953010867435, 11.585975013940372, 0.0 ], [ 6.760785724011431, 11.586250560695408, 0.0 ], [ 6.761433632571778, 11.586474697646352, 0.0 ], [ 6.772575548324692, 11.575353325995183, 0.0 ], [ 6.77742445177877, 11.57464667470423, 0.0 ], [ 6.785075548299663, 11.567019992078931, 0.0 ], [ 6.789956834541959, 11.56630859416628, 0.0 ], [ 6.795480007398091, 11.560757785143656, 0.0 ], [ 6.795833333043538, 11.558333333416606, 0.0 ], [ 6.793408881316499, 11.558686659062053, 0.0 ], [ 6.78992445175374, 11.562146673829934, 0.0 ], [ 6.783333333068624, 11.562500000374701, 0.0 ], [ 6.760289509655022, 11.561932712524635, 0.0 ], [ 6.756377156582424, 11.558900621266657, 0.0 ], [ 6.743622843621307, 11.557766045566533, 0.0 ], [ 6.73971048964939, 11.554733954308498, 0.0 ], [ 6.730054049756642, 11.553458149973585, 0.0 ], [ 6.728599378360705, 11.547789509977896, 0.0 ], [ 6.721400621043938, 11.539710489947112, 0.0 ], [ 6.720266045343825, 11.535289510002858, 0.0 ], [ 6.717233954985186, 11.531377156930235, 0.0 ], [ 6.715779283589195, 11.525708516035166, 0.0 ], [ 6.706122843696506, 11.524432711700252, 0.0 ], [ 6.702210489724535, 11.521400621341536, 0.0 ], [ 6.690920003257864, 11.520266045641472, 0.0 ], [ 6.685543823690835, 11.524432711700248, 0.0 ], [ 6.660289509855527, 11.52556728829968, 0.0 ], [ 6.655134413325092, 11.529562547173734, 0.0 ], [ 6.653599378511075, 11.535543822988995, 0.0 ], [ 6.649080573012672, 11.540962388503379, 0.0 ], [ 6.63838738297406, 11.542375182968277, 0.0 ], [ 6.636932712477385, 11.54804382296402, 0.0 ], [ 6.628583780719667, 11.557413567082392, 0.0 ], [ 6.625000000352503, 11.558333333416554, 0.0 ], [ 6.618408881667405, 11.558686659061998, 0.0 ], [ 6.614924452104658, 11.562146673829881, 0.0 ], [ 6.605908881692473, 11.562853326020097, 0.0 ], [ 6.602424452129727, 11.566313340787977, 0.0 ], [ 6.600000000402696, 11.566666666433422, 0.0 ], [ 6.600000000402698, 11.562500000374644, 0.0 ], [ 6.596431816977796, 11.561584303472774, 0.0 ], [ 6.595833333444644, 11.54166666648341, 0.0 ], [ 6.596450975235352, 11.539506530901621, 0.0 ], [ 6.603549024670749, 11.531326802989488, 0.0 ], [ 6.605028109962262, 11.521164449479661, 0.0 ], [ 6.610339863896554, 11.517284308324117, 0.0 ], [ 6.615898471839893, 11.515695021008348, 0.0 ], [ 6.617469278986889, 11.504901801177137, 0.0 ], [ 6.631326802892418, 11.503549024767608, 0.0 ], [ 6.643673197762561, 11.49228430837406, 0.0 ], [ 6.652160135884172, 11.491049024792583, 0.0 ], [ 6.656173197737443, 11.488117642315284, 0.0 ], [ 6.668826802817184, 11.486882357834485, 0.0 ], [ 6.672839863771135, 11.483950975357191, 0.0 ], [ 6.677160135834002, 11.482715691775713, 0.0 ], [ 6.685410054932435, 11.475556607151665, 0.0 ], [ 6.689506530704152, 11.478549024817617, 0.0 ], [ 6.725000000151971, 11.479166666608341, 0.0 ], [ 6.725353325797477, 11.476742214881286, 0.0 ], [ 6.726986905696544, 11.475097108003007, 0.0 ], [ 6.727061838383709, 11.474209564973618, 0.0 ], [ 6.728109927720719, 11.473966161633328, 0.0 ], [ 6.72881334056528, 11.473257785318513, 0.0 ], [ 6.729166667110104, 11.470833333591466, 0.0 ], [ 6.729166667110107, 11.461396932954459, 0.0 ], [ 6.729059598536929, 11.461293713709503, 0.0 ], [ 6.729166667110107, 11.461193764828904, 0.0 ], [ 6.729166667110107, 11.460538655810046, 0.0 ], [ 6.728248590955677, 11.459934486124478, 0.0 ], [ 6.727161173919021, 11.459107127369077, 0.0 ], [ 6.724702860995762, 11.459137507145314, 0.0 ], [ 6.723842554387887, 11.458240157324299, 0.0 ], [ 6.723854804710721, 11.457814773456281, 0.0 ], [ 6.722839863670883, 11.457715691825662, 0.0 ], [ 6.709533984642174, 11.445281407087586, 0.0 ], [ 6.709384891643134, 11.445413041910816, 0.0 ], [ 6.708704597739125, 11.444703197440257, 0.0 ], [ 6.705961010305003, 11.443916815974292, 0.0 ], [ 6.705314729023949, 11.441585599309608, 0.0 ], [ 6.7050724529211, 11.441112125549095, 0.0 ], [ 6.704983520475345, 11.441029018574307, 0.0 ], [ 6.703269109398678, 11.429250168075566, 0.0 ], [ 6.702766251285087, 11.429125022978058, 0.0 ], [ 6.693826802767034, 11.436882357934417, 0.0 ], [ 6.689506530704166, 11.438117641515895, 0.0 ], [ 6.685656622370098, 11.440929847682813, 0.0 ], [ 6.685604733135252, 11.441033251956913, 0.0 ], [ 6.68409452496507, 11.441992682364116, 0.0 ], [ 6.682495863512101, 11.441947725201862, 0.0 ], [ 6.681627734434591, 11.442233400152775, 0.0 ], [ 6.68043531355354, 11.442199858014273, 0.0 ], [ 6.680020351133732, 11.442205040392135, 0.0 ], [ 6.677930725296419, 11.441480784355058, 0.0 ], [ 6.677844635913171, 11.441390998516185, 0.0 ], [ 6.657864210067802, 11.442284308473981, 0.0 ], [ 6.652160135884192, 11.438117641515882, 0.0 ], [ 6.650000000302422, 11.437499999725171, 0.0 ], [ 6.645833333344354, 11.437499999725167, 0.0 ], [ 6.643408881617264, 11.437146674079662, 0.0 ], [ 6.639977560129926, 11.433739395268148, 0.0 ], [ 6.639981349780148, 11.434046025704824, 0.0 ], [ 6.639383504784733, 11.43455481119774, 0.0 ], [ 6.637335002074635, 11.433492548105274, 0.0 ], [ 6.636944247345963, 11.434270656023317, 0.0 ], [ 6.635766521638685, 11.433962781933854, 0.0 ], [ 6.634786966611768, 11.433974547059076, 0.0 ], [ 6.629775285367777, 11.438975917089495, 0.0 ], [ 6.629819059779981, 11.442532353176128, 0.0 ], [ 6.629447968318454, 11.442878542246898, 0.0 ], [ 6.629176236925626, 11.443152732767885, 0.0 ], [ 6.625349918679729, 11.443648010909053, 0.0 ], [ 6.624967550091098, 11.443773760758383, 0.0 ], [ 6.623257785121515, 11.445480007995911, 0.0 ], [ 6.618408881667452, 11.446186659286807, 0.0 ], [ 6.614924452104705, 11.449646674054685, 0.0 ], [ 6.605908881692522, 11.450353325345635, 0.0 ], [ 6.598257785171712, 11.457980007970932, 0.0 ], [ 6.593662618842972, 11.45864968107308, 0.0 ], [ 6.593592620324883, 11.458856554095352, 0.0 ], [ 6.593294096740681, 11.459119890131806, 0.0 ], [ 6.593137364352009, 11.458956275284516, 0.0 ], [ 6.589583333007531, 11.462485418966807, 0.0 ], [ 6.588268709453172, 11.461180000963274, 0.0 ], [ 6.588054407294304, 11.461245397573498, 0.0 ], [ 6.587457973293226, 11.460622845690974, 0.0 ], [ 6.587523290177274, 11.460439801428807, 0.0 ], [ 6.58575778519679, 11.458686659261828, 0.0 ], [ 6.582324898808027, 11.458540851443521, 0.0 ], [ 6.581076747852737, 11.458747917682164, 0.0 ], [ 6.58094897531454, 11.458482410708811, 0.0 ], [ 6.569120449652343, 11.457980007970921, 0.0 ], [ 6.564924452205069, 11.462146674029698, 0.0 ], [ 6.557773821306427, 11.462381527312834, 0.0 ], [ 6.556079641268308, 11.462908219536903, 0.0 ], [ 6.554530931192752, 11.462864283878568, 0.0 ], [ 6.553444958346262, 11.462876898365533, 0.0 ], [ 6.55321650513801, 11.462638470734234, 0.0 ], [ 6.551742214834838, 11.462853325320589, 0.0 ], [ 6.548257785272097, 11.466313340987789, 0.0 ], [ 6.545833333545069, 11.466666666633236, 0.0 ], [ 6.545266045695012, 11.468877156155733, 0.0 ], [ 6.54443264510842, 11.469952505747061, 0.0 ], [ 6.544569716383597, 11.470387128907783, 0.0 ], [ 6.543825968077131, 11.470735310448861, 0.0 ], [ 6.542233954437006, 11.472789510127674, 0.0 ], [ 6.541099378736952, 11.477210490071931, 0.0 ], [ 6.535657670581857, 11.483317609294348, 0.0 ], [ 6.535662948477222, 11.483328892459433, 0.0 ], [ 6.535572794910488, 11.483412863547123, 0.0 ], [ 6.534712956946333, 11.484377842338597, 0.0 ], [ 6.5354631308974, 11.486247653609883, 0.0 ], [ 6.534573795291343, 11.486664223895618, 0.0 ], [ 6.534156521030227, 11.488290342595128, 0.0 ], [ 6.533412565214182, 11.488983560427551, 0.0 ], [ 6.532624817085305, 11.494945949995511, 0.0 ], [ 6.529508965289431, 11.495745497509851, 0.0 ], [ 6.529304471146245, 11.496349284393851, 0.0 ], [ 6.528961881842078, 11.495991647473701, 0.0 ], [ 6.528664442815771, 11.495962221488961, 0.0 ], [ 6.526956177089616, 11.496400621391457, 0.0 ], [ 6.522916667074325, 11.499531216292509, 0.0 ], [ 6.518920971770055, 11.496434578206864, 0.0 ], [ 6.517001963705956, 11.496456718963053, 0.0 ], [ 6.516889946202417, 11.496223846669409, 0.0 ], [ 6.507891331725431, 11.49542336377773, 0.0 ], [ 6.507522513445678, 11.495537920361343, 0.0 ], [ 6.506187385388615, 11.495975987971342, 0.0 ], [ 6.505994751363447, 11.495166772006389, 0.0 ], [ 6.501137118687081, 11.491402011393573, 0.0 ], [ 6.500818833125994, 11.492642321343823, 0.0 ], [ 6.500958891236309, 11.493057657779012, 0.0 ], [ 6.500919024774402, 11.494413205645275, 0.0 ], [ 6.500368477180822, 11.49439728929789, 0.0 ], [ 6.499432711854181, 11.498043823063876, 0.0 ], [ 6.495437452980168, 11.503198920493666, 0.0 ], [ 6.493318079596542, 11.503742842925835, 0.0 ], [ 6.493468729052672, 11.504189538609316, 0.0 ], [ 6.492209545817989, 11.505986975041194, 0.0 ], [ 6.491639261293702, 11.505970636297276, 0.0 ], [ 6.491313341041931, 11.527424452176597, 0.0 ], [ 6.487853325374824, 11.530908881739366, 0.0 ], [ 6.487146674083874, 11.53575778519347, 0.0 ], [ 6.475353325399925, 11.547575547773176, 0.0 ], [ 6.474646674108975, 11.552424452126598, 0.0 ], [ 6.471186659341189, 11.555908881689367, 0.0 ], [ 6.47048000715092, 11.560757785143529, 0.0 ], [ 6.467019992383077, 11.564242214706301, 0.0 ], [ 6.466313341092185, 11.569091119059726, 0.0 ], [ 6.45451999240824, 11.580908881639431, 0.0 ], [ 6.454166666762789, 11.591666666383414, 0.0 ], [ 6.453549024972024, 11.597993468923303, 0.0 ], [ 6.450617641595437, 11.602006530776597, 0.0 ], [ 6.44938235801396, 11.621302456542956, 0.0 ], [ 6.453605143567015, 11.627083333728732, 0.0 ], [ 6.450617641595418, 11.631173197684769, 0.0 ], [ 6.449382358013951, 11.636500379488742, 0.0 ], [ 6.46049346930257, 11.63811764201543, 0.0 ], [ 6.464506531155818, 11.641049024492734, 0.0 ], [ 6.478364054161921, 11.642401800902277, 0.0 ], [ 6.479784308503167, 11.652160135781498, 0.0 ], [ 6.482715691879809, 11.656173197634798, 0.0 ], [ 6.482953614918616, 11.66182045799434, 0.0 ], [ 6.48296382777068, 11.661822723300999, 0.0 ], [ 6.48295963224716, 11.661963283258885, 0.0 ], [ 6.483011519815992, 11.663194868951845, 0.0 ], [ 6.484017486444587, 11.664164602508754, 0.0 ], [ 6.484561273408496, 11.665868292749083, 0.0 ], [ 6.485640647117048, 11.666908536172945, 0.0 ], [ 6.485650214485807, 11.667754379060241, 0.0 ], [ 6.484807717414645, 11.669097039966028, 0.0 ], [ 6.484347721945388, 11.670887710818407, 0.0 ], [ 6.489924452355639, 11.671186658837076, 0.0 ], [ 6.492554673942085, 11.673798452269061, 0.0 ], [ 6.494673689614448, 11.673525655417187, 0.0 ], [ 6.497903292060466, 11.67301168124885, 0.0 ], [ 6.498747604887361, 11.673379050644522, 0.0 ], [ 6.499069117434578, 11.67466334083468, 0.0 ], [ 6.499029956153041, 11.675975460436938, 0.0 ], [ 6.499318923963174, 11.67627684234607, 0.0 ], [ 6.502071894928146, 11.676566586948208, 0.0 ], [ 6.502064072445301, 11.676840235831618, 0.0 ], [ 6.502067015073266, 11.677111330948307, 0.0 ], [ 6.502050906123538, 11.677650417563957, 0.0 ], [ 6.502471923626672, 11.677662552369522, 0.0 ], [ 6.50340719884288, 11.677651895177197, 0.0 ], [ 6.504257329665637, 11.678212016549708, 0.0 ], [ 6.504783126860042, 11.678760581555975, 0.0 ], [ 6.506384032787119, 11.679160189330858, 0.0 ], [ 6.507384139831088, 11.679649339230131, 0.0 ], [ 6.50769224985027, 11.680613408776788, 0.0 ], [ 6.50921461255839, 11.682125104552906, 0.0 ], [ 6.511368652324108, 11.682610907277068, 0.0 ], [ 6.511479985322194, 11.68301325656449, 0.0 ], [ 6.524432558234452, 11.683319899399748, 0.0 ], [ 6.524301249701934, 11.681909574226198, 0.0 ], [ 6.524021098729881, 11.681639524927649, 0.0 ], [ 6.524885260224506, 11.680021861801297, 0.0 ], [ 6.524872369649067, 11.67893268994071, 0.0 ], [ 6.525705116598143, 11.678674091733557, 0.0 ], [ 6.526027231437358, 11.677120575622293, 0.0 ], [ 6.527096973421793, 11.676788568346801, 0.0 ], [ 6.527371460526711, 11.67624348935812, 0.0 ], [ 6.528491634352059, 11.674644954836415, 0.0 ], [ 6.528475506887717, 11.673312739322375, 0.0 ], [ 6.528978016113837, 11.672372538191462, 0.0 ], [ 6.527979916905919, 11.671410951397551, 0.0 ], [ 6.53010988515313, 11.671088052687596, 0.0 ], [ 6.531004093150261, 11.669768956044532, 0.0 ], [ 6.531561811058697, 11.669507969823327, 0.0 ], [ 6.532666741603155, 11.668958900532253, 0.0 ], [ 6.533491587133702, 11.668982662522202, 0.0 ], [ 6.534316049131065, 11.668442030131832, 0.0 ], [ 6.536445433466874, 11.66763516090046, 0.0 ], [ 6.536807774611727, 11.666565875232511, 0.0 ], [ 6.53709048651232, 11.666302517853827, 0.0 ], [ 6.53754821810402, 11.664953177657191, 0.0 ], [ 6.538062313628748, 11.664947258874138, 0.0 ], [ 6.539291513805694, 11.664982672891638, 0.0 ], [ 6.540022939646783, 11.663903569701153, 0.0 ], [ 6.541831724335012, 11.66357146690188, 0.0 ], [ 6.542344055490741, 11.663094581268341, 0.0 ], [ 6.543097230772786, 11.661983621450611, 0.0 ], [ 6.544591815971003, 11.662502283056742, 0.0 ], [ 6.545275723217451, 11.66114320600213, 0.0 ], [ 6.547870127597905, 11.660159927729445, 0.0 ], [ 6.548142175350026, 11.659885874969554, 0.0 ], [ 6.548424870781679, 11.659622502792672, 0.0 ], [ 6.548701677880601, 11.658806067934973, 0.0 ], [ 6.549498580118303, 11.658829011424862, 0.0 ], [ 6.550120283559752, 11.65825032536347, 0.0 ], [ 6.550096506855742, 11.656245621792451, 0.0 ], [ 6.550116414222015, 11.655568094147023, 0.0 ], [ 6.550109912121227, 11.655023233376296, 0.0 ], [ 6.551492549711893, 11.654769225910023, 0.0 ], [ 6.551900606872594, 11.654358139584613, 0.0 ], [ 6.55314959697126, 11.653970092277428, 0.0 ], [ 6.553424006589604, 11.653424972780735, 0.0 ], [ 6.55370906322581, 11.65289053353848, 0.0 ], [ 6.554079134578209, 11.652154829876242, 0.0 ], [ 6.554545392276554, 11.652641655487242, 0.0 ], [ 6.555631642635428, 11.653172665302071, 0.0 ], [ 6.55639733258611, 11.653569644140623, 0.0 ], [ 6.556857051206029, 11.652654948634494, 0.0 ], [ 6.557696123828864, 11.652645132637227, 0.0 ], [ 6.559755476984426, 11.652704175122279, 0.0 ], [ 6.560153585365474, 11.650416336687323, 0.0 ], [ 6.560604435021154, 11.649961916963317, 0.0 ], [ 6.561712062826145, 11.64970552135595, 0.0 ], [ 6.561988815561564, 11.648889328142882, 0.0 ], [ 6.562276029679116, 11.648351452662407, 0.0 ], [ 6.56118944231833, 11.647304776853714, 0.0 ], [ 6.561182757868147, 11.646716494966707, 0.0 ], [ 6.561214121225404, 11.645645408404929, 0.0 ], [ 6.560918510604914, 11.6453604383246, 0.0 ], [ 6.561209381971831, 11.644279637922995, 0.0 ], [ 6.561490854084655, 11.642921321722532, 0.0 ], [ 6.56452329912497, 11.642681209899276, 0.0 ], [ 6.565070713649106, 11.64106517345571, 0.0 ], [ 6.565636878270766, 11.641058578025005, 0.0 ], [ 6.568102078389146, 11.641627138770511, 0.0 ], [ 6.569480030116345, 11.641904564127735, 0.0 ], [ 6.570003795341204, 11.642451151712155, 0.0 ], [ 6.570857660644016, 11.641662846815111, 0.0 ], [ 6.570851108096206, 11.641118508371239, 0.0 ], [ 6.571143977764921, 11.640297405678755, 0.0 ], [ 6.571425658569275, 11.639465618530707, 0.0 ], [ 6.572253031599134, 11.638695879398471, 0.0 ], [ 6.57254904427738, 11.637821060818904, 0.0 ], [ 6.573099385074914, 11.636789811105434, 0.0 ], [ 6.573380786750579, 11.635431469557565, 0.0 ], [ 6.575051206818032, 11.635177632076415, 0.0 ], [ 6.575587616468675, 11.634636802837443, 0.0 ], [ 6.575870261113423, 11.634373392942178, 0.0 ], [ 6.575857632126595, 11.633288950492789, 0.0 ], [ 6.576722529790755, 11.633020113048513, 0.0 ], [ 6.577267059507261, 11.63247114178095, 0.0 ], [ 6.578086457019385, 11.63249470974597, 0.0 ], [ 6.578360795447541, 11.631949287015734, 0.0 ], [ 6.579373361837737, 11.630503099085747, 0.0 ], [ 6.578944232140975, 11.628701174695545, 0.0 ], [ 6.577297858520147, 11.628290771226888, 0.0 ], [ 6.577568714560353, 11.628147446023863, 0.0 ], [ 6.578676249665386, 11.627890964341269, 0.0 ], [ 6.578948235252668, 11.627616869528008, 0.0 ], [ 6.579230868958264, 11.627353454170168, 0.0 ], [ 6.580509311673139, 11.625466594706316, 0.0 ], [ 6.581444689948156, 11.625740234691303, 0.0 ], [ 6.581965983751357, 11.626822331378531, 0.0 ], [ 6.582817932894858, 11.627117770829811, 0.0 ], [ 6.583770277289051, 11.62710669566936, 0.0 ], [ 6.584282613308007, 11.628170183746617, 0.0 ], [ 6.586253900632667, 11.628585388794358, 0.0 ], [ 6.586925275947989, 11.627960154236058, 0.0 ], [ 6.587213327190162, 11.626568483365375, 0.0 ], [ 6.589663977753282, 11.626638494160069, 0.0 ], [ 6.589963926754276, 11.626359061382656, 0.0 ], [ 6.590489998660525, 11.625828698449741, 0.0 ], [ 6.591873204088346, 11.625491339100508, 0.0 ], [ 6.593691635438529, 11.625944659662244, 0.0 ], [ 6.594364105772746, 11.626940642611748, 0.0 ], [ 6.594348730885939, 11.627480042671424, 0.0 ], [ 6.596364184445308, 11.627820894069602, 0.0 ], [ 6.597924873361991, 11.628583369773954, 0.0 ], [ 6.598715913900713, 11.62940878654865, 0.0 ], [ 6.599014646638359, 11.629145482720043, 0.0 ], [ 6.599405744429304, 11.627254827639238, 0.0 ], [ 6.600073951847164, 11.627246891584033, 0.0 ], [ 6.601503371817849, 11.627534380012193, 0.0 ], [ 6.602027190383621, 11.628080916875595, 0.0 ], [ 6.602600890460875, 11.627819896251863, 0.0 ], [ 6.603199190241868, 11.626629856537875, 0.0 ], [ 6.604167277982662, 11.627102781219662, 0.0 ], [ 6.604613727797857, 11.628029890526511, 0.0 ], [ 6.606401765949594, 11.628903286451914, 0.0 ], [ 6.606983486896454, 11.629463533914379, 0.0 ], [ 6.607390511070244, 11.631171815361876, 0.0 ], [ 6.608337521018908, 11.6316628220819, 0.0 ], [ 6.609440527989271, 11.63193777147479, 0.0 ], [ 6.609707772784422, 11.632216639249357, 0.0 ], [ 6.610260507835141, 11.632210105568188, 0.0 ], [ 6.610810369952904, 11.632225520684592, 0.0 ], [ 6.611872328754026, 11.632213146384107, 0.0 ], [ 6.612164564225858, 11.634411033097084, 0.0 ], [ 6.613527880807771, 11.634395063621366, 0.0 ], [ 6.613814748363064, 11.63495603590855, 0.0 ], [ 6.614334080010915, 11.636033583898138, 0.0 ], [ 6.614897705978406, 11.636325757010457, 0.0 ], [ 6.615745042275166, 11.636604658841049, 0.0 ], [ 6.616763661203813, 11.63871934370184, 0.0 ], [ 6.61754627153979, 11.639535917872506, 0.0 ], [ 6.618712860086847, 11.640423705575342, 0.0 ], [ 6.61977553450637, 11.640773476403762, 0.0 ], [ 6.618429577234811, 11.64202673328561, 0.0 ], [ 6.618783600909354, 11.643155592953359, 0.0 ], [ 6.620793975333624, 11.643131788138877, 0.0 ], [ 6.620833333394403, 11.641666666283578, 0.0 ], [ 6.632725037587543, 11.641385138751177, 0.0 ], [ 6.633197961456272, 11.639987989794907, 0.0 ], [ 6.634655372943587, 11.640029353573919, 0.0 ], [ 6.634951734272846, 11.639473184791079, 0.0 ], [ 6.635493125503586, 11.638396428200901, 0.0 ], [ 6.638108690405103, 11.637978423326389, 0.0 ], [ 6.638600030633618, 11.638491010223429, 0.0 ], [ 6.639242214659119, 11.637853325870257, 0.0 ], [ 6.640068448654288, 11.63773291530392, 0.0 ], [ 6.640187220389366, 11.63761317686556, 0.0 ], [ 6.642122036090903, 11.637092128869137, 0.0 ], [ 6.642508291254527, 11.636702148371754, 0.0 ], [ 6.643789108925841, 11.636281894315351, 0.0 ], [ 6.64432878891333, 11.636297163805745, 0.0 ], [ 6.64515071073432, 11.63602722865283, 0.0 ], [ 6.645230726699648, 11.636015051339847, 0.0 ], [ 6.647575547675992, 11.633686658912104, 0.0 ], [ 6.650307066006939, 11.633540232254742, 0.0 ], [ 6.650638597231183, 11.632880561158428, 0.0 ], [ 6.651492867046152, 11.632018372504072, 0.0 ], [ 6.65287930567803, 11.632001872621316, 0.0 ], [ 6.653155943761411, 11.632575974347613, 0.0 ], [ 6.653707178266203, 11.632301687687807, 0.0 ], [ 6.654235223258418, 11.632054218660352, 0.0 ], [ 6.654521349083539, 11.626715766419418, 0.0 ], [ 6.662195700600305, 11.619050080532972, 0.0 ], [ 6.661244940474171, 11.618813288360686, 0.0 ], [ 6.660984116088125, 11.617437141920627, 0.0 ], [ 6.660435854669613, 11.61690902846702, 0.0 ], [ 6.660175346270103, 11.615817221330738, 0.0 ], [ 6.65962975269409, 11.615291776536052, 0.0 ], [ 6.659901794462356, 11.615001438808731, 0.0 ], [ 6.661543285779408, 11.615047842802076, 0.0 ], [ 6.661970922833351, 11.614196707539124, 0.0 ], [ 6.664551022030976, 11.614269494450145, 0.0 ], [ 6.664860299502682, 11.61395721391683, 0.0 ], [ 6.665137909070003, 11.613965020856801, 0.0 ], [ 6.665550432977017, 11.613960151760084, 0.0 ], [ 6.666784907874479, 11.613995023401189, 0.0 ], [ 6.667339542006537, 11.613435331542521, 0.0 ], [ 6.667622092991762, 11.613171810139878, 0.0 ], [ 6.668171307430671, 11.612617632520687, 0.0 ], [ 6.668622717465132, 11.612630320848389, 0.0 ], [ 6.670171689534629, 11.611083097828216, 0.0 ], [ 6.669643253929482, 11.610574023556831, 0.0 ], [ 6.670126098984785, 11.609667720208693, 0.0 ], [ 6.670498559354769, 11.60821302583205, 0.0 ], [ 6.670966753568407, 11.607776793066648, 0.0 ], [ 6.671295911723173, 11.605584953644124, 0.0 ], [ 6.672325511305116, 11.604545383605339, 0.0 ], [ 6.67366929792362, 11.604217599213213, 0.0 ], [ 6.674951050931103, 11.605089150231205, 0.0 ], [ 6.675409605269908, 11.605102108688994, 0.0 ], [ 6.676742481710366, 11.603756793027612, 0.0 ], [ 6.677045222933615, 11.60429613874121, 0.0 ], [ 6.677142780521199, 11.604498519136479, 0.0 ], [ 6.689924451954168, 11.603813340713057, 0.0 ], [ 6.69412044940151, 11.599646674654272, 0.0 ], [ 6.696221543783128, 11.599735916170927, 0.0 ] ] ] } },
{ "type": "Feature", "properties": { "Stra_Catch": "River Rima", "State": "Zamfara", "LGA": "Tsafe", "Population": 311005, "Cleard_TOR": "Not Cleared", "Status": "ongoing", "Start_Date": "1899-12-30T00:00:00", "End_Date": "1899-12-30T00:00:00", "Micr_Catch": "Garewa", "Size_Ha": 60515.471696499997, "Comments": null, "OBJECTID_1": 0, "Shape_Leng": 0.0, "Shape_Area": 0.0, "parent_strategic_name": "Kaduna-Mariga", "clipped_to_state": true }, "geometry": { "type": "MultiPolygon", "coordinates": [ [ [ [ 6.727061838383709, 11.474209564973618, 0.0 ], [ 6.726986905696544, 11.475097108003007, 0.0 ], [ 6.728109927720719, 11.473966161633328, 0.0 ], [ 6.727061838383709, 11.474209564973618, 0.0 ] ] ], [ [ [ 6.729059598536929, 11.461293713709503, 0.0 ], [ 6.729166667110107, 11.461396932954459, 0.0 ], [ 6.729166667110107, 11.461193764828904, 0.0 ], [ 6.729059598536929, 11.461293713709503, 0.0 ] ] ], [ [ [ 6.723854804710721, 11.457814773456281, 0.0 ], [ 6.723842554387887, 11.458240157324299, 0.0 ], [ 6.724702860995762, 11.459137507145314, 0.0 ], [ 6.727161173919021, 11.459107127369077, 0.0 ], [ 6.728248590955677, 11.459934486124478, 0.0 ], [ 6.729166667110107, 11.460538655810046, 0.0 ], [ 6.729166667110108, 11.458333333616428, 0.0 ], [ 6.723854804710721, 11.457814773456281, 0.0 ] ] ], [ [ [ 6.705314729023949, 11.441585599309608, 0.0 ], [ 6.705961010305003, 11.443916815974292, 0.0 ], [ 6.708704597739125, 11.444703197440257, 0.0 ], [ 6.709384891643134, 11.445413041910816, 0.0 ], [ 6.709533984642174, 11.445281407087586, 0.0 ], [ 6.7050724529211, 11.441112125549095, 0.0 ], [ 6.705314729023949, 11.441585599309608, 0.0 ] ] ], [ [ [ 6.702766251285087, 11.429125022978058, 0.0 ], [ 6.703269109398678, 11.429250168075566, 0.0 ], [ 6.703196546885404, 11.428751627785372, 0.0 ], [ 6.702766251285087, 11.429125022978058, 0.0 ] ] ], [ [ [ 6.677844635913171, 11.441390998516185, 0.0 ], [ 6.677930725296419, 11.441480784355058, 0.0 ], [ 6.680020351133732, 11.442205040392135, 0.0 ], [ 6.68043531355354, 11.442199858014273, 0.0 ], [ 6.681627734434591, 11.442233400152775, 0.0 ], [ 6.682495863512101, 11.441947725201862, 0.0 ], [ 6.68409452496507, 11.441992682364116, 0.0 ], [ 6.685604733135252, 11.441033251956913, 0.0 ], [ 6.685656622370098, 11.440929847682813, 0.0 ], [ 6.685493468850892, 11.441049024892516, 0.0 ], [ 6.677844635913171, 11.441390998516185, 0.0 ] ] ], [ [ [ 6.635783556069023, 11.432980008020881, 0.0 ], [ 6.634786966611768, 11.433974547059076, 0.0 ], [ 6.635766521638685, 11.433962781933854, 0.0 ], [ 6.636944247345963, 11.434270656023317, 0.0 ], [ 6.637335002074635, 11.433492548105274, 0.0 ], [ 6.639383504784733, 11.43455481119774, 0.0 ], [ 6.639981349780148, 11.434046025704824, 0.0 ], [ 6.639977560129926, 11.433739395268148, 0.0 ], [ 6.639924452054519, 11.433686659311833, 0.0 ], [ 6.635783556069023, 11.432980008020881, 0.0 ] ] ], [ [ [ 6.625349918679729, 11.443648010909053, 0.0 ], [ 6.629176236925626, 11.443152732767885, 0.0 ], [ 6.629447968318454, 11.442878542246898, 0.0 ], [ 6.629819059779981, 11.442532353176128, 0.0 ], [ 6.629775285367777, 11.438975917089495, 0.0 ], [ 6.624967550091098, 11.443773760758383, 0.0 ], [ 6.625349918679729, 11.443648010909053, 0.0 ] ] ], [ [ [ 6.593137364352009, 11.458956275284516, 0.0 ], [ 6.593294096740681, 11.459119890131806, 0.0 ], [ 6.593592620324883, 11.458856554095352, 0.0 ], [ 6.593662618842972, 11.45864968107308, 0.0 ], [ 6.593408881717653, 11.458686659261831, 0.0 ], [ 6.593137364352009, 11.458956275284516, 0.0 ] ] ], [ [ [ 6.587457973293226, 11.460622845690974, 0.0 ], [ 6.588054407294304, 11.461245397573498, 0.0 ], [ 6.588268709453172, 11.461180000963274, 0.0 ], [ 6.587523290177274, 11.460439801428807, 0.0 ], [ 6.587457973293226, 11.460622845690974, 0.0 ] ] ], [ [ [ 6.581076747852737, 11.458747917682164, 0.0 ], [ 6.582324898808027, 11.458540851443521, 0.0 ], [ 6.58094897531454, 11.458482410708811, 0.0 ], [ 6.581076747852737, 11.458747917682164, 0.0 ] ] ], [ [ [ 6.55321650513801, 11.462638470734234, 0.0 ], [ 6.553444958346262, 11.462876898365533, 0.0 ], [ 6.554530931192752, 11.462864283878568, 0.0 ], [ 6.556079641268308, 11.462908219536903, 0.0 ], [ 6.557773821306427, 11.462381527312834, 0.0 ], [ 6.554166666561867, 11.46249999967514, 0.0 ], [ 6.55321650513801, 11.462638470734234, 0.0 ] ] ], [ [ [ 6.544569716383597, 11.470387128907783, 0.0 ], [ 6.54443264510842, 11.469952505747061, 0.0 ], [ 6.543825968077131, 11.470735310448861, 0.0 ], [ 6.544569716383597, 11.470387128907783, 0.0 ] ] ], [ [ [ 6.535662948477222, 11.483328892459433, 0.0 ], [ 6.535657670581857, 11.483317609294348, 0.0 ], [ 6.535572794910488, 11.483412863547123, 0.0 ], [ 6.535662948477222, 11.483328892459433, 0.0 ] ] ], [ [ [ 6.533412565214182, 11.488983560427551, 0.0 ], [ 6.534156521030227, 11.488290342595128, 0.0 ], [ 6.534573795291343, 11.486664223895618, 0.0 ], [ 6.5354631308974, 11.486247653609883, 0.0 ], [ 6.534712956946333, 11.484377842338597, 0.0 ], [ 6.533900621420206, 11.485289510102701, 0.0 ], [ 6.533412565214182, 11.488983560427551, 0.0 ] ] ], [ [ [ 6.528664442815771, 11.495962221488961, 0.0 ], [ 6.528961881842078, 11.495991647473701, 0.0 ], [ 6.529304471146245, 11.496349284393851, 0.0 ], [ 6.529508965289431, 11.495745497509851, 0.0 ], [ 6.52916666661209, 11.495833333541396, 0.0 ], [ 6.528664442815771, 11.495962221488961, 0.0 ] ] ], [ [ [ 6.516889946202417, 11.496223846669409, 0.0 ], [ 6.517001963705956, 11.496456718963053, 0.0 ], [ 6.518920971770055, 11.496434578206864, 0.0 ], [ 6.518877156159661, 11.496400621391452, 0.0 ], [ 6.516889946202417, 11.496223846669409, 0.0 ] ] ], [ [ [ 6.505994751363447, 11.495166772006389, 0.0 ], [ 6.506187385388615, 11.495975987971342, 0.0 ], [ 6.507522513445678, 11.495537920361343, 0.0 ], [ 6.507891331725431, 11.49542336377773, 0.0 ], [ 6.506122843198607, 11.495266045691322, 0.0 ], [ 6.505994751363447, 11.495166772006389, 0.0 ] ] ], [ [ [ 6.500919024774402, 11.494413205645275, 0.0 ], [ 6.500958891236309, 11.493057657779012, 0.0 ], [ 6.500818833125994, 11.492642321343823, 0.0 ], [ 6.500368477180822, 11.49439728929789, 0.0 ], [ 6.500919024774402, 11.494413205645275, 0.0 ] ] ], [ [ [ 6.491639261293702, 11.505970636297276, 0.0 ], [ 6.492209545817989, 11.505986975041194, 0.0 ], [ 6.493468729052672, 11.504189538609316, 0.0 ], [ 6.493318079596542, 11.503742842925835, 0.0 ], [ 6.491666666687448, 11.504166666558314, 0.0 ], [ 6.491639261293702, 11.505970636297276, 0.0 ] ] ] ] } }
]
}
