{
"type": "FeatureCollection",
"name": "Gombe_interventions",
"crs": { "type": "name", "properties": { "name": "urn:ogc:def:crs:OGC:1.3:CRS84" } },
"features": [
{ "type": "Feature", "properties": { "OBJECTID": 83, "ActivityID": "GOM03", "Stra_Catch": "Gongola", "Micr_Catch": "FCE-T", "State": "Gombe", "LGA": "Kwame", "Site_Name": "Perimeter tree planting around Gombe Maga Park", "Interv_Typ": "Afforestation (Shelterbelt)", "Component": "A - Dryland Management", "Comments": null, "Implemnter": "SPMU", "Start_Date": "2023-08-07T00:00:00", "End_Date": "2023/09/07", "No_Trees_P": 0, "Sub_compon": "A2-1", "Lon": 11.143357715500001, "Lat": 10.328933, "Female_pop": 3560, "Buffer_Mtr": 18, "Area_Impac": 13.972778933200001, "Male_pop": 3890, "Area_Intev": 4.1972884455299999, "Netsize_Ha": 0.0, "Indicator": "Area under improved catchment management", "Benefi_pop": 7450.0, "Perct_NDVI": 0.0, "parent_micro_name": "FCE-T. Gombe" }, "geometry": { "type": "Polygon", "coordinates": [ [ [ 11.143178321413311, 10.319796655771567, 0.0 ], [ 11.145643576971224, 10.317638668082608, 0.0 ], [ 11.146249183398089, 10.317960636552037, 0.0 ], [ 11.146261889821476, 10.317966711775856, 0.0 ], [ 11.146266200398836, 10.317968550460918, 0.0 ], [ 11.146275021851979, 10.317972018615714, 0.0 ], [ 11.146292910341243, 10.31797734716451, 0.0 ], [ 11.146297475023061, 10.317978431259494, 0.0 ], [ 11.146307255946455, 10.317980444176504, 0.0 ], [ 11.146325361992293, 10.317982588849008, 0.0 ], [ 11.146330045453171, 10.317982883099743, 0.0 ], [ 11.146340476696848, 10.317983211450288, 0.0 ], [ 11.146358155629708, 10.31798226691615, 0.0 ], [ 11.146362821839839, 10.317981766803868, 0.0 ], [ 11.146373679533401, 10.317980239442221, 0.0 ], [ 11.146390520005246, 10.317976384685402, 0.0 ], [ 11.146395031219731, 10.317975101971902, 0.0 ], [ 11.146405860107281, 10.317971614367238, 0.0 ], [ 11.146421295519046, 10.31796515051867, 0.0 ], [ 11.146425518746494, 10.317963124953341, 0.0 ], [ 11.146436046308928, 10.317957600283195, 0.0 ], [ 11.146449747462768, 10.317948841357234, 0.0 ], [ 11.146453559867998, 10.317946129794986, 0.0 ], [ 11.146463323683092, 10.317938618133393, 0.0 ], [ 11.146474932922501, 10.317927988602399, 0.0 ], [ 11.146478221875627, 10.317924672234003, 0.0 ], [ 11.146486868273962, 10.317915243720511, 0.0 ], [ 11.14649617934124, 10.317903150781165, 0.0 ], [ 11.146498847838682, 10.317899326962719, 0.0 ], [ 11.146505967458138, 10.317888184068028, 0.0 ], [ 11.146512815639282, 10.317875104236592, 0.0 ], [ 11.146514785035796, 10.317870885567416, 0.0 ], [ 11.146520042621152, 10.317858256481006, 0.0 ], [ 11.146524368157126, 10.317844664672039, 0.0 ], [ 11.146525580879358, 10.317840175361278, 0.0 ], [ 11.146528670002507, 10.317826366715142, 0.0 ], [ 11.146530501635914, 10.317812732735545, 0.0 ], [ 11.146530923889854, 10.317808104064969, 0.0 ], [ 11.146531588713675, 10.317793480000535, 0.0 ], [ 11.14653104046649, 10.317780197167362, 0.0 ], [ 11.146530656742817, 10.317775564816356, 0.0 ], [ 11.146528708737723, 10.317760589353938, 0.0 ], [ 11.146525952922241, 10.317748032519825, 0.0 ], [ 11.146524775098838, 10.317743532889512, 0.0 ], [ 11.146520665003415, 10.31773020233102, 0.0 ], [ 11.144863533321141, 10.313079260418485, 0.0 ], [ 11.144862985477955, 10.313077747407169, 0.0 ], [ 11.144859385236956, 10.313068787110593, 0.0 ], [ 11.144858052073817, 10.313065736453254, 0.0 ], [ 11.144853732542515, 10.313056632702173, 0.0 ], [ 11.144496688120844, 10.312360854646631, 0.0 ], [ 11.1444925026191, 10.312353209703886, 0.0 ], [ 11.144490219753312, 10.312349415157856, 0.0 ], [ 11.14448791275281, 10.312345695791034, 0.0 ], [ 11.144481201445959, 10.312335716717907, 0.0 ], [ 11.144473765277279, 10.312326254031635, 0.0 ], [ 11.144472300677952, 10.312324550066629, 0.0 ], [ 11.14446942146196, 10.312321244842904, 0.0 ], [ 11.144460398369116, 10.312311693267503, 0.0 ], [ 11.144450600711139, 10.312302866292693, 0.0 ], [ 11.144447193516942, 10.312300038187374, 0.0 ], [ 11.144436732445024, 10.312292040824799, 0.0 ], [ 11.144425656527153, 10.312284901675156, 0.0 ], [ 11.144421868192342, 10.31228266902078, 0.0 ], [ 11.144419999794343, 10.312281584157033, 0.0 ], [ 11.144409230656374, 10.312275943350468, 0.0 ], [ 11.144398069025506, 10.312271108665602, 0.0 ], [ 11.144393968258498, 10.312269508967448, 0.0 ], [ 11.144389937449235, 10.312267996477692, 0.0 ], [ 11.144379406167783, 10.312264593815261, 0.0 ], [ 11.144368667945285, 10.312261902043197, 0.0 ], [ 11.144364359974203, 10.312260974371846, 0.0 ], [ 11.144357960596757, 10.312259726160448, 0.0 ], [ 11.144338160193948, 10.312257484095626, 0.0 ], [ 11.144333759269765, 10.312257252096485, 0.0 ], [ 11.144325022900114, 10.312257022662731, 0.0 ], [ 11.144307315979677, 10.312257969921745, 0.0 ], [ 11.14430293349907, 10.312258440086188, 0.0 ], [ 11.144292104246832, 10.312259964441898, 0.0 ], [ 11.144276932077711, 10.312263354233215, 0.0 ], [ 11.144272682053076, 10.31226451495842, 0.0 ], [ 11.144260185248754, 10.312268467259051, 0.0 ], [ 11.144247823512289, 10.312273496044277, 0.0 ], [ 11.144243818002236, 10.312275316759717, 0.0 ], [ 11.144230218900095, 10.312282277136315, 0.0 ], [ 11.144220766921265, 10.312288111816915, 0.0 ], [ 11.144217107834775, 10.312290545750251, 0.0 ], [ 11.14420641109078, 10.312298297610047, 0.0 ], [ 11.143705348101733, 10.312693074055138, 0.0 ], [ 11.14369450787062, 10.312686235199886, 0.0 ], [ 11.143681791159517, 10.312679679949367, 0.0 ], [ 11.143668546271641, 10.312674247161826, 0.0 ], [ 11.143654873884056, 10.312669977745976, 0.0 ], [ 11.143640877362927, 10.312666905361931, 0.0 ], [ 11.143626663651787, 10.312665052800009, 0.0 ], [ 11.143612340539574, 10.312664432902601, 0.0 ], [ 11.143598017597807, 10.31266505217341, 0.0 ], [ 11.143583804318489, 10.312666905366704, 0.0 ], [ 11.143569807394423, 10.312669978216931, 0.0 ], [ 11.14355613528264, 10.31267424740836, 0.0 ], [ 11.143542889984108, 10.312679679725898, 0.0 ], [ 11.143530173456996, 10.312686235627766, 0.0 ], [ 11.14351808664286, 10.312693860213633, 0.0 ], [ 11.143506716792944, 10.312702498674009, 0.0 ], [ 11.142308681579397, 10.313697709832342, 0.0 ], [ 11.141698530340767, 10.314174610508754, 0.0 ], [ 11.141696403232508, 10.31417630124507, 0.0 ], [ 11.141694148430357, 10.314178140154787, 0.0 ], [ 11.139808115932844, 10.315743729459587, 0.0 ], [ 11.139797700487893, 10.315753163216396, 0.0 ], [ 11.139794495323896, 10.315756327124937, 0.0 ], [ 11.139784623877647, 10.315766977469035, 0.0 ], [ 11.139776883063876, 10.31577686079253, 0.0 ], [ 11.139774248866503, 10.315780504475461, 0.0 ], [ 11.139765559426625, 10.315793857621498, 0.0 ], [ 11.139760328450528, 10.315803576084809, 0.0 ], [ 11.139758334832218, 10.31580760056182, 0.0 ], [ 11.139751460398145, 10.315823590854496, 0.0 ], [ 11.139748430177365, 10.315832653909682, 0.0 ], [ 11.139747133893433, 10.315836948535583, 0.0 ], [ 11.13974275066677, 10.315855284975681, 0.0 ], [ 11.139741534966751, 10.315863265855064, 0.0 ], [ 11.139740970812776, 10.315867711995516, 0.0 ], [ 11.139739690336965, 10.315887990127516, 0.0 ], [ 11.139739825261222, 10.315894585500905, 0.0 ], [ 11.139740008866061, 10.315899064648534, 0.0 ], [ 11.139740822549062, 10.315909935235034, 0.0 ], [ 11.139742370455997, 10.315920726841464, 0.0 ], [ 11.139743351988894, 10.315925774644423, 0.0 ], [ 11.139744278859226, 10.315930162098189, 0.0 ], [ 11.139747604435358, 10.315943197925669, 0.0 ], [ 11.139829997895516, 10.316217846849838, 0.0 ], [ 11.13983310393159, 10.31622716299637, 0.0 ], [ 11.139833671895424, 10.31622868402088, 0.0 ], [ 11.13983501846319, 10.316232236250951, 0.0 ], [ 11.139839424923009, 10.316242733241699, 0.0 ], [ 11.139844560259052, 10.316252900018183, 0.0 ], [ 11.139846393657022, 10.316256232099342, 0.0 ], [ 11.139848389910297, 10.316259756524374, 0.0 ], [ 11.139858792517405, 10.316275436204204, 0.0 ], [ 11.139861077611034, 10.316278481484586, 0.0 ], [ 11.139867105317506, 10.316286038367636, 0.0 ], [ 11.13986869502372, 10.316287886140834, 0.0 ], [ 11.142859972603883, 10.319712883963557, 0.0 ], [ 11.142863551386963, 10.319724867776152, 0.0 ], [ 11.142866037789268, 10.319731215237713, 0.0 ], [ 11.142867754305492, 10.319735340737923, 0.0 ], [ 11.142872240445559, 10.319745179128878, 0.0 ], [ 11.142877374325105, 10.319754701394031, 0.0 ], [ 11.142880058649004, 10.319759139527021, 0.0 ], [ 11.142882434653771, 10.319762931650382, 0.0 ], [ 11.142888969506812, 10.319772573865635, 0.0 ], [ 11.142896181068709, 10.319781729839972, 0.0 ], [ 11.142898542546718, 10.319784454619869, 0.0 ], [ 11.142901514353365, 10.319787808943094, 0.0 ], [ 11.142910128704338, 10.319796813702052, 0.0 ], [ 11.142919409352295, 10.319805142481819, 0.0 ], [ 11.142920961433708, 10.319806415637705, 0.0 ], [ 11.142924448105775, 10.319809241409688, 0.0 ], [ 11.142935097982766, 10.319817180581769, 0.0 ], [ 11.142946531162202, 10.319824334536559, 0.0 ], [ 11.142950609520256, 10.31982665384337, 0.0 ], [ 11.142962622181276, 10.31983284678015, 0.0 ], [ 11.142975108173859, 10.319838038730699, 0.0 ], [ 11.142979331059026, 10.319839595137275, 0.0 ], [ 11.142980455607109, 10.31984000524832, 0.0 ], [ 11.142992757598163, 10.319843904115022, 0.0 ], [ 11.14300533141947, 10.319846834063787, 0.0 ], [ 11.143009754898463, 10.319847685043946, 0.0 ], [ 11.143012548652615, 10.319848197958718, 0.0 ], [ 11.14302455335705, 10.319849844610875, 0.0 ], [ 11.143036647023987, 10.319850610328068, 0.0 ], [ 11.143041150447454, 10.31985073137508, 0.0 ], [ 11.143045589558993, 10.319850790483716, 0.0 ], [ 11.143056892294455, 10.319850405434256, 0.0 ], [ 11.143068141443077, 10.319849250665177, 0.0 ], [ 11.143072606127838, 10.319848638047704, 0.0 ], [ 11.143078591121318, 10.31984770622317, 0.0 ], [ 11.143088878898848, 10.319845571741709, 0.0 ], [ 11.143099008040974, 10.319842790257013, 0.0 ], [ 11.143103309968316, 10.319841461067581, 0.0 ], [ 11.143110561784379, 10.319839034913482, 0.0 ], [ 11.143128348138061, 10.319831420357939, 0.0 ], [ 11.143132371638318, 10.319829411518278, 0.0 ], [ 11.143140547664297, 10.319825037771661, 0.0 ], [ 11.143144249967728, 10.319822503219385, 0.0 ], [ 11.143155413070088, 10.319815380034203, 0.0 ], [ 11.143156286219853, 10.319814788546919, 0.0 ], [ 11.143159038884038, 10.319812737528324, 0.0 ], [ 11.14316764978013, 10.319806131111578, 0.0 ], [ 11.143170809016254, 10.319803329915008, 0.0 ], [ 11.143178321413311, 10.319796655771567, 0.0 ] ], [ [ 11.140185798912061, 10.316070523091536, 0.0 ], [ 11.14015262647637, 10.315959949525691, 0.0 ], [ 11.140281937595116, 10.316009275879193, 0.0 ], [ 11.140284803487095, 10.316010338789068, 0.0 ], [ 11.140298476918687, 10.31601460741712, 0.0 ], [ 11.140312473591857, 10.316017679922277, 0.0 ], [ 11.140326687474278, 10.316019533507221, 0.0 ], [ 11.140341009844375, 10.316020152623324, 0.0 ], [ 11.140355332972694, 10.316019533465367, 0.0 ], [ 11.140369546446657, 10.316017680380497, 0.0 ], [ 11.140383543571687, 10.316014607633619, 0.0 ], [ 11.14039721588893, 10.316010338539765, 0.0 ], [ 11.140410461389537, 10.316004905409653, 0.0 ], [ 11.14042317813187, 10.31599835049593, 0.0 ], [ 11.14043471550521, 10.315991104725887, 0.0 ], [ 11.140445604975394, 10.315982935000402, 0.0 ], [ 11.143525102852472, 10.313466487236202, 0.0 ], [ 11.145440157439744, 10.317016857282193, 0.0 ], [ 11.143885676661727, 10.318308154575439, 0.0 ], [ 11.14387509811732, 10.318317753134178, 0.0 ], [ 11.143865412640274, 10.318328219779485, 0.0 ], [ 11.143856685461984, 10.318339482674642, 0.0 ], [ 11.14384898263477, 10.318351456419881, 0.0 ], [ 11.143842361947668, 10.318364048439516, 0.0 ], [ 11.143836875707384, 10.318377165290368, 0.0 ], [ 11.143832565207006, 10.318390704564031, 0.0 ], [ 11.143829461705947, 10.318404564822446, 0.0 ], [ 11.143827590956827, 10.318418640144962, 0.0 ], [ 11.143826965009433, 10.31843282289419, 0.0 ], [ 11.143827590443424, 10.318447006372852, 0.0 ], [ 11.143829461954939, 10.318461081251101, 0.0 ], [ 11.143832565137499, 10.318474941874815, 0.0 ], [ 11.143836875538723, 10.318488481752794, 0.0 ], [ 11.143842293816158, 10.31850145298759, 0.0 ], [ 11.143848821274286, 10.318513913416483, 0.0 ], [ 11.143921620701844, 10.318639344453413, 0.0 ], [ 11.143075896758983, 10.319379728218133, 0.0 ], [ 11.140185798912061, 10.316070523091536, 0.0 ] ], [ [ 11.145888570365049, 10.317337958562931, 0.0 ], [ 11.145954259772443, 10.317281696189537, 0.0 ], [ 11.145994341324769, 10.317394191379904, 0.0 ], [ 11.145888570365049, 10.317337958562931, 0.0 ] ], [ [ 11.145541376753336, 10.316122884550921, 0.0 ], [ 11.143901749855903, 10.313023548220061, 0.0 ], [ 11.144261292253079, 10.312740272569185, 0.0 ], [ 11.144307056918537, 10.312829454724891, 0.0 ], [ 11.144506208826567, 10.313217547312707, 0.0 ], [ 11.144655948400791, 10.313637816473541, 0.0 ], [ 11.145541376753336, 10.316122884550921, 0.0 ] ] ] } },
{ "type": "Feature", "properties": { "OBJECTID": 84, "ActivityID": "GOM04", "Stra_Catch": "Gongola", "Micr_Catch": "FCE-T", "State": "Gombe", "LGA": "Akko", "Site_Name": "Tree Plantng on both sides of the road at Shongo estate extension", "Interv_Typ": "Afforestation (Avenue Planting)", "Component": "A - Dryland Management", "Comments": null, "Implemnter": "SPMU", "Start_Date": "2023-08-25T00:00:00", "End_Date": "2023/08/26", "No_Trees_P": 275, "Sub_compon": "A2-1", "Lon": 11.1296778668, "Lat": 10.293826, "Female_pop": 955, "Buffer_Mtr": 18, "Area_Impac": 3.3224451569300002, "Male_pop": 970, "Area_Intev": 0.48218415286400002, "Netsize_Ha": 0.0, "Indicator": "Area under improved catchment management", "Benefi_pop": 1925.0, "Perct_NDVI": 0.0, "parent_micro_name": "FCE-T. Gombe" }, "geometry": { "type": "Polygon", "coordinates": [ [ [ 11.130032025780594, 10.294219191649033, 0.0 ], [ 11.130019692557703, 10.293557980112091, 0.0 ], [ 11.130866799835228, 10.293561889414791, 0.0 ], [ 11.130877499803795, 10.293561569498085, 0.0 ], [ 11.130880878055978, 10.293561359252831, 0.0 ], [ 11.130890999767292, 10.293560416773868, 0.0 ], [ 11.131068752600495, 10.293538350157982, 0.0 ], [ 11.131076848187933, 10.29353714082154, 0.0 ], [ 11.131082496779253, 10.29353605334928, 0.0 ], [ 11.131087035516499, 10.293535097013134, 0.0 ], [ 11.13109815545544, 10.293532351097205, 0.0 ], [ 11.131109054888674, 10.293528843782136, 0.0 ], [ 11.131113679591953, 10.293527097816979, 0.0 ], [ 11.131117988812315, 10.293525397314164, 0.0 ], [ 11.13112884346161, 10.293520657439638, 0.0 ], [ 11.131139324262961, 10.293515154464279, 0.0 ], [ 11.131142869711807, 10.293513067623014, 0.0 ], [ 11.131146829261978, 10.293510670745171, 0.0 ], [ 11.131157055450389, 10.293503948342378, 0.0 ], [ 11.131166746410921, 10.293496487401715, 0.0 ], [ 11.131169315577589, 10.293494307565711, 0.0 ], [ 11.131172807269181, 10.293491282880131, 0.0 ], [ 11.131181997713137, 10.293482680055115, 0.0 ], [ 11.13119049273509, 10.293473403920785, 0.0 ], [ 11.13119210342864, 10.293471472628834, 0.0 ], [ 11.13119503110425, 10.293467907538643, 0.0 ], [ 11.131202868104957, 10.29345754750001, 0.0 ], [ 11.131209848734825, 10.293446602885709, 0.0 ], [ 11.131210716621867, 10.293445096776455, 0.0 ], [ 11.131212993347674, 10.293441093085654, 0.0 ], [ 11.131219113469051, 10.293429219555444, 0.0 ], [ 11.131224231140159, 10.293416889854727, 0.0 ], [ 11.131224558246165, 10.293415992887409, 0.0 ], [ 11.13122611908895, 10.293411666716674, 0.0 ], [ 11.131230227616404, 10.293398563637638, 0.0 ], [ 11.131233216624604, 10.29338510367894, 0.0 ], [ 11.131234030060867, 10.293380517601708, 0.0 ], [ 11.131235856513882, 10.293366815835919, 0.0 ], [ 11.131236503087619, 10.293353010666465, 0.0 ], [ 11.131236522141998, 10.293348100818584, 0.0 ], [ 11.131235985458339, 10.293334640578097, 0.0 ], [ 11.13116679949729, 10.292489127106716, 0.0 ], [ 11.131166016646494, 10.292481684522977, 0.0 ], [ 11.13116569795444, 10.292479212779163, 0.0 ], [ 11.131164570417484, 10.292471815849947, 0.0 ], [ 11.131019908088881, 10.291651084773196, 0.0 ], [ 11.131016679305153, 10.291636713093133, 0.0 ], [ 11.131015433940233, 10.291632155936352, 0.0 ], [ 11.131011224822792, 10.291618990121853, 0.0 ], [ 11.131005591067032, 10.291605559819459, 0.0 ], [ 11.131003567266902, 10.291601286173924, 0.0 ], [ 11.130997096103615, 10.291589007468685, 0.0 ], [ 11.130989209684371, 10.29157677423478, 0.0 ], [ 11.130986468550764, 10.291572912948924, 0.0 ], [ 11.130977925966082, 10.29156191056156, 0.0 ], [ 11.130968057813606, 10.291551262172216, 0.0 ], [ 11.130964682266519, 10.291547929296879, 0.0 ], [ 11.130954295817306, 10.29153851988473, 0.0 ], [ 11.130942734459007, 10.29152974638418, 0.0 ], [ 11.130938826498737, 10.291527045190676, 0.0 ], [ 11.130926925062401, 10.291519547455673, 0.0 ], [ 11.130914044667596, 10.291512916631994, 0.0 ], [ 11.130909722557988, 10.291510925880615, 0.0 ], [ 11.130896643537396, 10.291505568987297, 0.0 ], [ 11.130882799391458, 10.291501254752443, 0.0 ], [ 11.130878194070048, 10.291500037754611, 0.0 ], [ 11.130864370427727, 10.291497010469104, 0.0 ], [ 11.130850049899376, 10.291495148807694, 0.0 ], [ 11.130845301235892, 10.291494739892837, 0.0 ], [ 11.130831087680638, 10.2914941302652, 0.0 ], [ 11.130816684370163, 10.291494756547932, 0.0 ], [ 11.13081193757664, 10.291495170125598, 0.0 ], [ 11.130797805307122, 10.291497016631181, 0.0 ], [ 11.130783762579087, 10.291500101727872, 0.0 ], [ 11.130779159035068, 10.291501325117336, 0.0 ], [ 11.130765534867132, 10.291505580657898, 0.0 ], [ 11.130752290977112, 10.291511014125435, 0.0 ], [ 11.130747971886247, 10.2915130084355, 0.0 ], [ 11.130735255750903, 10.291519563724137, 0.0 ], [ 11.130723183775306, 10.291527178605907, 0.0 ], [ 11.130719279262301, 10.291529886037432, 0.0 ], [ 11.130707886911633, 10.29153854129796, 0.0 ], [ 11.130697376624234, 10.291548074719179, 0.0 ], [ 11.130694005674203, 10.291551409526958, 0.0 ], [ 11.130684261390696, 10.291561934854393, 0.0 ], [ 11.130675594795612, 10.291573112899631, 0.0 ], [ 11.130672858068243, 10.291576978612854, 0.0 ], [ 11.130665095451818, 10.291589036482431, 0.0 ], [ 11.130658536655282, 10.291601502199638, 0.0 ], [ 11.130656518219119, 10.291605778052691, 0.0 ], [ 11.130650972238495, 10.291619021646509, 0.0 ], [ 11.130646714728188, 10.291632367028781, 0.0 ], [ 11.130645474874763, 10.291636925181701, 0.0 ], [ 11.13064232007075, 10.291650979156199, 0.0 ], [ 11.130640468163032, 10.291664836553041, 0.0 ], [ 11.130640046120497, 10.291669538458267, 0.0 ], [ 11.130639401681334, 10.291683939256622, 0.0 ], [ 11.130640005440622, 10.291697880816379, 0.0 ], [ 11.130640413940327, 10.291702583581422, 0.0 ], [ 11.13064225778294, 10.291716624536548, 0.0 ], [ 11.130785357534929, 10.292528503078326, 0.0 ], [ 11.130838836184092, 10.29318205894551, 0.0 ], [ 11.129825292603613, 10.293177379180245, 0.0 ], [ 11.129531680261273, 10.293176056534865, 0.0 ], [ 11.129329936795747, 10.293174074956308, 0.0 ], [ 11.129328305777015, 10.293174066706619, 0.0 ], [ 11.129319310188261, 10.293174310278522, 0.0 ], [ 11.129316212762756, 10.293174478889648, 0.0 ], [ 11.129306887582311, 10.293175249768202, 0.0 ], [ 11.129273906830766, 10.293178914054261, 0.0 ], [ 11.129017608391067, 10.293199889339821, 0.0 ], [ 11.129016451772879, 10.293199988237786, 0.0 ], [ 11.128875622091815, 10.293212505667048, 0.0 ], [ 11.12803349021528, 10.293214651115479, 0.0 ], [ 11.128018863568462, 10.293215333893208, 0.0 ], [ 11.128014114126927, 10.293215766433748, 0.0 ], [ 11.128000628447852, 10.293217555255834, 0.0 ], [ 11.127985927818074, 10.29322081630874, 0.0 ], [ 11.127981326190097, 10.293222059537328, 0.0 ], [ 11.127968359674343, 10.293226139828521, 0.0 ], [ 11.127954479654734, 10.293231867523753, 0.0 ], [ 11.127950165219996, 10.293233882562193, 0.0 ], [ 11.127938085841635, 10.29324014253703, 0.0 ], [ 11.127925427774207, 10.293248165215434, 0.0 ], [ 11.127921532459849, 10.293250890638232, 0.0 ], [ 11.127910725912828, 10.293259138855655, 0.0 ], [ 11.127899670576992, 10.293269212685077, 0.0 ], [ 11.127896313393878, 10.293272566363008, 0.0 ], [ 11.127887113852381, 10.29328255025874, 0.0 ], [ 11.127878021289263, 10.293294333023354, 0.0 ], [ 11.127875301036926, 10.293298213075353, 0.0 ], [ 11.127867964091184, 10.293309666140132, 0.0 ], [ 11.127861078515311, 10.293322828135706, 0.0 ], [ 11.127859079281992, 10.29332711650801, 0.0 ], [ 11.127853859795398, 10.293339663774836, 0.0 ], [ 11.127849388431084, 10.293353803232002, 0.0 ], [ 11.127848171410271, 10.293358370271278, 0.0 ], [ 11.12784522928909, 10.293371631070414, 0.0 ], [ 11.127843306922692, 10.29338629608009, 0.0 ], [ 11.12784290860596, 10.293391003256836, 0.0 ], [ 11.12784233438963, 10.293404596470657, 0.0 ], [ 11.127843011965551, 10.293419353752018, 0.0 ], [ 11.127843444172797, 10.29342405817961, 0.0 ], [ 11.127845263306172, 10.293437558829524, 0.0 ], [ 11.127848512241558, 10.293451956643503, 0.0 ], [ 11.127849763051827, 10.293456513783692, 0.0 ], [ 11.12785392718277, 10.293469516357126, 0.0 ], [ 11.127859639543074, 10.293483110717156, 0.0 ], [ 11.127861668803984, 10.293487385255805, 0.0 ], [ 11.127868062147568, 10.293499500048993, 0.0 ], [ 11.127876065539612, 10.29351189800802, 0.0 ], [ 11.127878813957409, 10.293515758372244, 0.0 ], [ 11.127887239509203, 10.293526597119257, 0.0 ], [ 11.12789729415535, 10.293537428769662, 0.0 ], [ 11.127900677897818, 10.29354075891341, 0.0 ], [ 11.127910876932628, 10.293549984369958, 0.0 ], [ 11.127922639116507, 10.293558895853021, 0.0 ], [ 11.127926554370095, 10.293561594323348, 0.0 ], [ 11.127938255030225, 10.293568952486067, 0.0 ], [ 11.127951398232304, 10.293575704619581, 0.0 ], [ 11.127955726708306, 10.293577689039642, 0.0 ], [ 11.127968543955831, 10.293582924841761, 0.0 ], [ 11.127982667962398, 10.293587313274605, 0.0 ], [ 11.127987278740461, 10.293588523043157, 0.0 ], [ 11.128000821784971, 10.29359147636054, 0.0 ], [ 11.128015463870257, 10.293593365845691, 0.0 ], [ 11.128020216160547, 10.293593765734364, 0.0 ], [ 11.12803432012544, 10.293594348169618, 0.0 ], [ 11.12870695956344, 10.293592635044481, 0.0 ], [ 11.128761487179847, 10.294294938042356, 0.0 ], [ 11.128763190999658, 10.294308928420998, 0.0 ], [ 11.128763961336835, 10.294313559215496, 0.0 ], [ 11.128764270893246, 10.294315351327338, 0.0 ], [ 11.128767114585724, 10.294328242352906, 0.0 ], [ 11.128771003319054, 10.294340863482423, 0.0 ], [ 11.128772569080724, 10.29434529290811, 0.0 ], [ 11.128773249826192, 10.294347180194199, 0.0 ], [ 11.128778267807098, 10.294359294967954, 0.0 ], [ 11.128784253939711, 10.294370970426973, 0.0 ], [ 11.128786567695986, 10.294375066833197, 0.0 ], [ 11.128787669401749, 10.294376985696335, 0.0 ], [ 11.128794675828924, 10.294387967514712, 0.0 ], [ 11.128802545365952, 10.294398361573478, 0.0 ], [ 11.128805537837913, 10.294402001587988, 0.0 ], [ 11.128807090015112, 10.294403861448679, 0.0 ], [ 11.128815849184031, 10.294413403648019, 0.0 ], [ 11.128825342825419, 10.294422229682894, 0.0 ], [ 11.12882892383413, 10.294425303628767, 0.0 ], [ 11.1288309257371, 10.29442699331787, 0.0 ], [ 11.128841136456771, 10.294434823107979, 0.0 ], [ 11.128851936753515, 10.294441833743614, 0.0 ], [ 11.12885599890093, 10.294444250134241, 0.0 ], [ 11.128858451754745, 10.294445680162195, 0.0 ], [ 11.12886978497837, 10.294451590013592, 0.0 ], [ 11.12888154847526, 10.294456606738652, 0.0 ], [ 11.128885971719557, 10.294458294055453, 0.0 ], [ 11.128888834634134, 10.294459355324951, 0.0 ], [ 11.128900949892891, 10.294463203764717, 0.0 ], [ 11.128913330827043, 10.29446611225675, 0.0 ], [ 11.128917980645262, 10.294467017153528, 0.0 ], [ 11.12892115250793, 10.294467602771206, 0.0 ], [ 11.128933640299142, 10.294469297588774, 0.0 ], [ 11.128946223003659, 10.294470039120432, 0.0 ], [ 11.128950960509648, 10.294470138106856, 0.0 ], [ 11.12895442439544, 10.294470174068094, 0.0 ], [ 11.128965213642498, 10.294469822890084, 0.0 ], [ 11.129852939240349, 10.294411977164174, 0.0 ], [ 11.129865576610777, 10.294410665651435, 0.0 ], [ 11.129869769126516, 10.294410067725936, 0.0 ], [ 11.129874877467801, 10.294409257694179, 0.0 ], [ 11.12989457730264, 10.29440456176898, 0.0 ], [ 11.129898625925319, 10.294403330285871, 0.0 ], [ 11.129906593256221, 10.294400684692564, 0.0 ], [ 11.129910444100654, 10.294398950161472, 0.0 ], [ 11.129922275142597, 10.294394039390669, 0.0 ], [ 11.129923651010255, 10.294393426561271, 0.0 ], [ 11.129926081542953, 10.294392210247453, 0.0 ], [ 11.129936362642042, 10.294386861367249, 0.0 ], [ 11.129948085804132, 10.29437947565415, 0.0 ], [ 11.129951064228184, 10.294377349169984, 0.0 ], [ 11.129959882462591, 10.294370665889508, 0.0 ], [ 11.129963208646192, 10.294368271383664, 0.0 ], [ 11.129970286663793, 10.294362037021886, 0.0 ], [ 11.129973281595658, 10.29435924248204, 0.0 ], [ 11.129986457434059, 10.294345418104472, 0.0 ], [ 11.129989960805943, 10.294341138803889, 0.0 ], [ 11.129992497531161, 10.294337930604023, 0.0 ], [ 11.129999297903133, 10.294328676491032, 0.0 ], [ 11.130005424435559, 10.294318973079474, 0.0 ], [ 11.130006203022017, 10.294317623022359, 0.0 ], [ 11.130008226354599, 10.294314073833974, 0.0 ], [ 11.130013897744087, 10.294303189371686, 0.0 ], [ 11.130018727743556, 10.294291912752596, 0.0 ], [ 11.130020190765951, 10.294288103327439, 0.0 ], [ 11.130021016601855, 10.294285906049687, 0.0 ], [ 11.13002447631632, 10.294275394070718, 0.0 ], [ 11.130027207221143, 10.294264673579844, 0.0 ], [ 11.130028077654549, 10.294260689996367, 0.0 ], [ 11.130029300333891, 10.294254523098669, 0.0 ], [ 11.130031475252531, 10.294236435351834, 0.0 ], [ 11.130031732706808, 10.294232367225638, 0.0 ], [ 11.130032054163781, 10.294222196771168, 0.0 ], [ 11.130032025780594, 10.294219191649033, 0.0 ] ], [ [ 11.129129231954428, 10.294078615570033, 0.0 ], [ 11.12909012612586, 10.293574946873909, 0.0 ], [ 11.129295569829003, 10.293557872683433, 0.0 ], [ 11.129308274771882, 10.293556978333987, 0.0 ], [ 11.129310968618775, 10.293556783454326, 0.0 ], [ 11.129313862768152, 10.293556515852362, 0.0 ], [ 11.129324097364798, 10.29355525633042, 0.0 ], [ 11.12933803386338, 10.293553869411536, 0.0 ], [ 11.129528905890014, 10.293555745320631, 0.0 ], [ 11.129636187763522, 10.293556229728821, 0.0 ], [ 11.129645303959697, 10.294044987658859, 0.0 ], [ 11.129129231954428, 10.294078615570033, 0.0 ] ] ] } },
{ "type": "Feature", "properties": { "OBJECTID": 85, "ActivityID": "GOM05", "Stra_Catch": "Gongola", "Micr_Catch": "FCE-T", "State": "Gombe", "LGA": "Akko", "Site_Name": "Tree planting on both sides of the road in Tunfure area", "Interv_Typ": "Afforestation (Avenue Planting)", "Component": "A - Dryland Management", "Comments": null, "Implemnter": "SPMU", "Start_Date": "2023-08-25T00:00:00", "End_Date": "2023/08/26", "No_Trees_P": 150, "Sub_compon": "A2-1", "Lon": 11.1138344256, "Lat": 10.289042, "Female_pop": 437, "Buffer_Mtr": 18, "Area_Impac": 21.140379860199999, "Male_pop": 463, "Area_Intev": 16.650469622100001, "Netsize_Ha": 0.0, "Indicator": "Area under improved catchment management", "Benefi_pop": 900.0, "Perct_NDVI": 0.0, "parent_micro_name": "FCE-T. Gombe" }, "geometry": { "type": "Polygon", "coordinates": [ [ [ 11.112374983471501, 10.290011816067057, 0.0 ], [ 11.112492054636009, 10.289332162155043, 0.0 ], [ 11.112574751941631, 10.289333156394148, 0.0 ], [ 11.113973507940955, 10.289407127072526, 0.0 ], [ 11.115288861526425, 10.28948022829816, 0.0 ], [ 11.11529430890397, 10.289480441267765, 0.0 ], [ 11.116639343013256, 10.289510922993541, 0.0 ], [ 11.116643101706901, 10.289510965304872, 0.0 ], [ 11.116657422989471, 10.289510346529445, 0.0 ], [ 11.116671635645204, 10.289508492887128, 0.0 ], [ 11.116685631172327, 10.289505420452949, 0.0 ], [ 11.116699302936533, 10.289501151616813, 0.0 ], [ 11.116713348690435, 10.28949534558088, 0.0 ], [ 11.117309905392007, 10.289215969015654, 0.0 ], [ 11.11732181841751, 10.289209786438198, 0.0 ], [ 11.117333908902351, 10.289202158332236, 0.0 ], [ 11.11734528164345, 10.289193515366399, 0.0 ], [ 11.117355851298811, 10.289183924984489, 0.0 ], [ 11.117365535282495, 10.289173457323896, 0.0 ], [ 11.117374262038595, 10.28916219420003, 0.0 ], [ 11.117381964598533, 10.289150221013749, 0.0 ], [ 11.117388584243633, 10.289137628535082, 0.0 ], [ 11.117394069586531, 10.289124512005397, 0.0 ], [ 11.117398380233688, 10.289110972921186, 0.0 ], [ 11.11740148309268, 10.289097112731165, 0.0 ], [ 11.117403354227637, 10.289083037343429, 0.0 ], [ 11.117403979753721, 10.289068854408063, 0.0 ], [ 11.117403472954525, 10.289056086187468, 0.0 ], [ 11.117390937759357, 10.288898338927584, 0.0 ], [ 11.117388947961189, 10.288882848038014, 0.0 ], [ 11.117385177007199, 10.288866594189326, 0.0 ], [ 11.116885669625631, 10.287127034332038, 0.0 ], [ 11.116882026779786, 10.28711588734182, 0.0 ], [ 11.116876540907835, 10.287102772042774, 0.0 ], [ 11.116869921330768, 10.287090179354982, 0.0 ], [ 11.116862218888025, 10.28707820565902, 0.0 ], [ 11.116853492602552, 10.287066942762664, 0.0 ], [ 11.116843807837514, 10.287056475201354, 0.0 ], [ 11.11683323906426, 10.287046884739443, 0.0 ], [ 11.116821866157647, 10.287038242259653, 0.0 ], [ 11.11680977535076, 10.287030614083804, 0.0 ], [ 11.116797060123531, 10.287024058351674, 0.0 ], [ 11.116783816645549, 10.287018625954587, 0.0 ], [ 11.116775997800257, 10.287016026044341, 0.0 ], [ 11.115651799935275, 10.286673007563358, 0.0 ], [ 11.115631950603772, 10.286668265433853, 0.0 ], [ 11.115617738007789, 10.286666412274569, 0.0 ], [ 11.115603416812846, 10.28666579359386, 0.0 ], [ 11.115591501093462, 10.286666222137624, 0.0 ], [ 11.112521877824216, 10.28688722986095, 0.0 ], [ 11.11251962652563, 10.286887407242887, 0.0 ], [ 11.112233128118435, 10.286911956754533, 0.0 ], [ 11.112013064932201, 10.286859365526439, 0.0 ], [ 11.11186255906507, 10.286807685350949, 0.0 ], [ 11.111849535870999, 10.286803804133015, 0.0 ], [ 11.111845143968127, 10.286802688484784, 0.0 ], [ 11.111832871129499, 10.286800063261088, 0.0 ], [ 11.111825456402098, 10.286798940209961, 0.0 ], [ 11.111823339929687, 10.286798668391823, 0.0 ], [ 11.111816986778637, 10.286797977694739, 0.0 ], [ 11.111471974560578, 10.286767147910391, 0.0 ], [ 11.111100533939805, 10.286667236950541, 0.0 ], [ 11.111087248327879, 10.286664243195528, 0.0 ], [ 11.111082779016943, 10.286663427219354, 0.0 ], [ 11.11108152899542, 10.286663203979373, 0.0 ], [ 11.111068624124906, 10.286661469534369, 0.0 ], [ 11.111055621972504, 10.286660752569007, 0.0 ], [ 11.111051078206554, 10.286660680957095, 0.0 ], [ 11.111048451392969, 10.286660660118978, 0.0 ], [ 11.111036116920683, 10.28666111924548, 0.0 ], [ 11.11102385150549, 10.286662493534715, 0.0 ], [ 11.111019359239847, 10.286663167273726, 0.0 ], [ 11.111015425296072, 10.286663805737843, 0.0 ], [ 11.111004027391012, 10.286666212006061, 0.0 ], [ 11.110992830982481, 10.286669411456108, 0.0 ], [ 11.110988512389776, 10.286670811672437, 0.0 ], [ 11.110983439421856, 10.286672547620231, 0.0 ], [ 11.110973281785604, 10.286676593544984, 0.0 ], [ 11.110963418770039, 10.286681300080643, 0.0 ], [ 11.110959393152905, 10.286683388034401, 0.0 ], [ 11.110953454898073, 10.286686623708174, 0.0 ], [ 11.110936354022041, 10.286697868066009, 0.0 ], [ 11.110932732343327, 10.286700586090612, 0.0 ], [ 11.110926370643286, 10.286705612365692, 0.0 ], [ 11.110912429449513, 10.286718642948365, 0.0 ], [ 11.110909312531057, 10.286721918077642, 0.0 ], [ 11.110902999722562, 10.286728945186844, 0.0 ], [ 11.110892333705321, 10.286743012843351, 0.0 ], [ 11.110889805809455, 10.286746752334089, 0.0 ], [ 11.110884042971225, 10.286755920725506, 0.0 ], [ 11.110876556614762, 10.286770386143722, 0.0 ], [ 11.110874688248311, 10.286774487399891, 0.0 ], [ 11.110870070009739, 10.286785731734838, 0.0 ], [ 11.11086950092087, 10.286787305454871, 0.0 ], [ 11.110808791173335, 10.286957928462959, 0.0 ], [ 11.110804907732158, 10.28697042347417, 0.0 ], [ 11.110803783012029, 10.286974634673518, 0.0 ], [ 11.110800822367496, 10.286987966070123, 0.0 ], [ 11.110799106038339, 10.287000387300264, 0.0 ], [ 11.11079867851786, 10.287004723207449, 0.0 ], [ 11.110797898472914, 10.287020559456909, 0.0 ], [ 11.110798226008297, 10.287030841477947, 0.0 ], [ 11.11079850405717, 10.287035188151581, 0.0 ], [ 11.110800672492172, 10.287053165414722, 0.0 ], [ 11.110802284801244, 10.287061071843134, 0.0 ], [ 11.110803262210997, 10.287065319052358, 0.0 ], [ 11.11080632690825, 10.287075333764941, 0.0 ], [ 11.110809229803239, 10.287084760213338, 0.0 ], [ 11.11081067811473, 10.287088864254128, 0.0 ], [ 11.11081123861544, 10.287090255261489, 0.0 ], [ 11.110812906391612, 10.287094285562626, 0.0 ], [ 11.110816235668485, 10.287101951217513, 0.0 ], [ 11.110817523597822, 10.287104582102755, 0.0 ], [ 11.110822820446755, 10.287114558764204, 0.0 ], [ 11.11082473455372, 10.287117613998786, 0.0 ], [ 11.110827060891912, 10.287121311000696, 0.0 ], [ 11.110830478171055, 10.287126562766835, 0.0 ], [ 11.11083385651891, 10.287131724400373, 0.0 ], [ 11.110841532417579, 10.287141519242409, 0.0 ], [ 11.110842441202099, 10.287142581684693, 0.0 ], [ 11.110845297084349, 10.287145895611944, 0.0 ], [ 11.110854263984427, 10.287155487707338, 0.0 ], [ 11.110863979814321, 10.287164336464109, 0.0 ], [ 11.11086766569049, 10.287167431668843, 0.0 ], [ 11.11087810074139, 10.287175461355881, 0.0 ], [ 11.110888782356886, 10.287182413837984, 0.0 ], [ 11.110892549317059, 10.287184663401696, 0.0 ], [ 11.110895227464326, 10.287186227703939, 0.0 ], [ 11.110905526494562, 10.287191643400337, 0.0 ], [ 11.110916187520713, 10.287196321895767, 0.0 ], [ 11.110920268840006, 10.287197944840376, 0.0 ], [ 11.11092526919661, 10.287199838375917, 0.0 ], [ 11.110935280049098, 10.287203091197512, 0.0 ], [ 11.110945481946512, 10.287205701934354, 0.0 ], [ 11.110949774208544, 10.287206655548523, 0.0 ], [ 11.110957228731767, 10.287208134481137, 0.0 ], [ 11.110962759848672, 10.287209004094501, 0.0 ], [ 11.111185198756553, 10.287240148134593, 0.0 ], [ 11.111123081820384, 10.287788060925255, 0.0 ], [ 11.11024482756703, 10.288609995377813, 0.0 ], [ 11.110231811438103, 10.288623668895974, 0.0 ], [ 11.110223085312885, 10.288634931869074, 0.0 ], [ 11.110215382462743, 10.288646905840395, 0.0 ], [ 11.110208763422033, 10.28865949822133, 0.0 ], [ 11.110203277755463, 10.28867261378325, 0.0 ], [ 11.110198966789957, 10.288686153735698, 0.0 ], [ 11.110195863602643, 10.288700013918815, 0.0 ], [ 11.110193993050913, 10.288714089322449, 0.0 ], [ 11.110193367197155, 10.288728272308207, 0.0 ], [ 11.110193992633933, 10.288742456177197, 0.0 ], [ 11.110195864071452, 10.288756531596363, 0.0 ], [ 11.110198967105514, 10.288770391099789, 0.0 ], [ 11.110203277316877, 10.288783930902293, 0.0 ], [ 11.110208762985133, 10.288797047266192, 0.0 ], [ 11.110215382374864, 10.288809640134605, 0.0 ], [ 11.110223084648196, 10.288821613125389, 0.0 ], [ 11.110231811708159, 10.288832876230776, 0.0 ], [ 11.110241496355373, 10.288843343117758, 0.0 ], [ 11.110252065049966, 10.288852934725611, 0.0 ], [ 11.110263437893604, 10.288861576554339, 0.0 ], [ 11.11027552867148, 10.288869204991478, 0.0 ], [ 11.110286194913948, 10.288874797270157, 0.0 ], [ 11.110297247441974, 10.288879598861701, 0.0 ], [ 11.111391457852472, 10.289308236204207, 0.0 ], [ 11.111395697815663, 10.289309830082548, 0.0 ], [ 11.111409368962962, 10.289314099350248, 0.0 ], [ 11.111423364372747, 10.289317172499777, 0.0 ], [ 11.111436584425013, 10.289318936488877, 0.0 ], [ 11.111449904158384, 10.289319632365357, 0.0 ], [ 11.112103917963303, 10.289327495271252, 0.0 ], [ 11.112021522552512, 10.289805888607164, 0.0 ], [ 11.111723898142493, 10.289750645462762, 0.0 ], [ 11.111721564379703, 10.289750228639399, 0.0 ], [ 11.111718152700682, 10.28974966880598, 0.0 ], [ 11.111418007173343, 10.289703569914428, 0.0 ], [ 11.111152885189234, 10.28962607262347, 0.0 ], [ 11.111143425278996, 10.289623608015395, 0.0 ], [ 11.111140251607805, 10.289622880312564, 0.0 ], [ 11.111131728499702, 10.289621160705266, 0.0 ], [ 11.111124174861692, 10.289620020478996, 0.0 ], [ 11.11112200905689, 10.289619744462202, 0.0 ], [ 11.111115499718839, 10.289619044837998, 0.0 ], [ 11.110892342209867, 10.289599505937518, 0.0 ], [ 11.11066354118045, 10.289559311530608, 0.0 ], [ 11.110649060839652, 10.289557430994323, 0.0 ], [ 11.110644093773907, 10.289557119005149, 0.0 ], [ 11.110634955233731, 10.289556729363516, 0.0 ], [ 11.11063020090986, 10.289556430448984, 0.0 ], [ 11.110615456327357, 10.289557086970174, 0.0 ], [ 11.110610709541698, 10.289557510192932, 0.0 ], [ 11.110596919119663, 10.289559326476347, 0.0 ], [ 11.110582569072557, 10.289562493163796, 0.0 ], [ 11.110577967304041, 10.289563725302147, 0.0 ], [ 11.110564649813696, 10.289567900295792, 0.0 ], [ 11.110551102492446, 10.289573473255993, 0.0 ], [ 11.110546786960198, 10.289575477234884, 0.0 ], [ 11.110534375131351, 10.28958189151963, 0.0 ], [ 11.110522048213005, 10.289589683641942, 0.0 ], [ 11.110518149022315, 10.289592398054461, 0.0 ], [ 11.110507012240195, 10.289600876584716, 0.0 ], [ 11.110496252828211, 10.289610656025477, 0.0 ], [ 11.110492887175303, 10.289613999663922, 0.0 ], [ 11.11048339331804, 10.289624277921506, 0.0 ], [ 11.110474533355195, 10.289635728876567, 0.0 ], [ 11.110471805521213, 10.28963959982857, 0.0 ], [ 11.110464235573918, 10.289651384938088, 0.0 ], [ 11.110457541833181, 10.289664135988643, 0.0 ], [ 11.110455531355882, 10.289668417137406, 0.0 ], [ 11.110450120395448, 10.28968137494498, 0.0 ], [ 11.110445768457824, 10.289695066112889, 0.0 ], [ 11.110444539275999, 10.289699627789224, 0.0 ], [ 11.110441477071278, 10.289713335857604, 0.0 ], [ 11.110439595486536, 10.289727534258295, 0.0 ], [ 11.110439183187005, 10.289732237939154, 0.0 ], [ 11.110438569311508, 10.289746297919386, 0.0 ], [ 11.110439202690307, 10.289760574830783, 0.0 ], [ 11.110439620920436, 10.289765276712908, 0.0 ], [ 11.110441483551231, 10.289779259086124, 0.0 ], [ 11.110444603474733, 10.289793183550513, 0.0 ], [ 11.110445839433226, 10.28979774271459, 0.0 ], [ 11.110450132823173, 10.289811218443692, 0.0 ], [ 11.110455632403061, 10.28982436272638, 0.0 ], [ 11.110457647752565, 10.289828641131148, 0.0 ], [ 11.110464253299057, 10.289841205154351, 0.0 ], [ 11.110471951932904, 10.289853173636338, 0.0 ], [ 11.110474685567956, 10.289857040619838, 0.0 ], [ 11.110483416358036, 10.289868309109478, 0.0 ], [ 11.1104930661418, 10.289878741861155, 0.0 ], [ 11.110496436056142, 10.289882080455635, 0.0 ], [ 11.110507039706487, 10.28989170616539, 0.0 ], [ 11.110518340162919, 10.289900297831725, 0.0 ], [ 11.110522243467534, 10.289903007475129, 0.0 ], [ 11.1105344058171, 10.289910686043088, 0.0 ], [ 11.110547007564389, 10.289917188531373, 0.0 ], [ 11.110551325975345, 10.289919186839301, 0.0 ], [ 11.110564683970553, 10.289924672973493, 0.0 ], [ 11.110578220736976, 10.289928906090974, 0.0 ], [ 11.110582825156754, 10.289930131538458, 0.0 ], [ 11.110596788693694, 10.289933211254857, 0.0 ], [ 11.110833814673496, 10.289974850633831, 0.0 ], [ 11.110841164644732, 10.289975968692987, 0.0 ], [ 11.110843432788451, 10.289976262121218, 0.0 ], [ 11.11085022805041, 10.289976998751381, 0.0 ], [ 11.111062687522439, 10.28999560139299, 0.0 ], [ 11.111321729577064, 10.290071321589675, 0.0 ], [ 11.111331789127641, 10.290073922377582, 0.0 ], [ 11.1113351528439, 10.290074680473293, 0.0 ], [ 11.111343077251377, 10.290076263878596, 0.0 ], [ 11.111346427720918, 10.290076814172128, 0.0 ], [ 11.111656228714411, 10.29012439568646, 0.0 ], [ 11.112100995299411, 10.290206790779807, 0.0 ], [ 11.112113322461855, 10.290209192358622, 0.0 ], [ 11.11211504979971, 10.290209548056868, 0.0 ], [ 11.11212907079396, 10.290211384516113, 0.0 ], [ 11.112133624373143, 10.290211689235491, 0.0 ], [ 11.112143579177872, 10.290212125929019, 0.0 ], [ 11.112148324496413, 10.290212442051244, 0.0 ], [ 11.112162211663593, 10.290211859742662, 0.0 ], [ 11.11216695496997, 10.290211461826491, 0.0 ], [ 11.112181600999881, 10.290209571196328, 0.0 ], [ 11.112195052717164, 10.290206641685444, 0.0 ], [ 11.112199653757321, 10.290205437547986, 0.0 ], [ 11.112213869564943, 10.290201025236064, 0.0 ], [ 11.112226547920351, 10.290195852864388, 0.0 ], [ 11.112230869107346, 10.290193876846391, 0.0 ], [ 11.112244150769797, 10.29018706183534, 0.0 ], [ 11.112255669986517, 10.290179827181202, 0.0 ], [ 11.11225958029641, 10.29017713979259, 0.0 ], [ 11.112271523790099, 10.290168103683731, 0.0 ], [ 11.112281548701926, 10.290159049361812, 0.0 ], [ 11.11228493002614, 10.290155731817082, 0.0 ], [ 11.112295159188189, 10.290144728338968, 0.0 ], [ 11.112303387941353, 10.290134165440087, 0.0 ], [ 11.112306138731322, 10.290130318730705, 0.0 ], [ 11.112309542213495, 10.290124844425872, 0.0 ], [ 11.112310119988217, 10.290124165470797, 0.0 ], [ 11.112320684936531, 10.29011452192165, 0.0 ], [ 11.11232403950458, 10.290111161165875, 0.0 ], [ 11.112333052776597, 10.290101363238234, 0.0 ], [ 11.112342303241448, 10.290089354723412, 0.0 ], [ 11.112345018178948, 10.290085469381701, 0.0 ], [ 11.112352197478724, 10.29007424085639, 0.0 ], [ 11.112359209682412, 10.29006080618972, 0.0 ], [ 11.112361201795991, 10.290056512499401, 0.0 ], [ 11.112366294127428, 10.29004423736122, 0.0 ], [ 11.112367609231287, 10.290039699526336, 0.0 ], [ 11.112370745983752, 10.290029801652114, 0.0 ], [ 11.11237192246608, 10.290025691344727, 0.0 ], [ 11.112374983471501, 10.290011816067057, 0.0 ] ] ] } },
{ "type": "Feature", "properties": { "OBJECTID": 86, "ActivityID": "GOM06", "Stra_Catch": "Gongola", "Micr_Catch": "Doma", "State": "Gombe", "LGA": "Gombe", "Site_Name": "Tree planting at Jekadafari 2 behind shehu abubakar", "Interv_Typ": "Afforestation (Avenue Planting)", "Component": "A - Dryland Management", "Comments": null, "Implemnter": "SPMU", "Start_Date": "2024-06-09T00:00:00", "End_Date": "2024/06/09", "No_Trees_P": 105, "Sub_compon": "A2-1", "Lon": 11.160568896899999, "Lat": 10.283311, "Female_pop": 521, "Buffer_Mtr": 18, "Area_Impac": 3.6248351153399998, "Male_pop": 319, "Area_Intev": 2.1803599675699998, "Netsize_Ha": 0.0, "Indicator": "Area under improved catchment management", "Benefi_pop": 840.0, "Perct_NDVI": 0.0, "parent_micro_name": "FCE-T. Gombe" }, "geometry": { "type": "Polygon", "coordinates": [ [ [ 11.162013951380345, 10.283897939631151, 0.0 ], [ 11.161897757012895, 10.283640558197151, 0.0 ], [ 11.161876072223242, 10.283439704464618, 0.0 ], [ 11.161868479648421, 10.283369373498914, 0.0 ], [ 11.161855187767141, 10.283112625711592, 0.0 ], [ 11.161852906577193, 10.283092699621546, 0.0 ], [ 11.161849804220909, 10.283078839226187, 0.0 ], [ 11.161845493893816, 10.283065299619393, 0.0 ], [ 11.161840008237872, 10.28305218362045, 0.0 ], [ 11.161833389002501, 10.283039591276353, 0.0 ], [ 11.161825686119688, 10.283027618060299, 0.0 ], [ 11.161816959529153, 10.28301635485953, 0.0 ], [ 11.161807275528004, 10.283005887999707, 0.0 ], [ 11.161796706752256, 10.282996296533474, 0.0 ], [ 11.161785334014333, 10.28298765403593, 0.0 ], [ 11.161773243546863, 10.282980025911497, 0.0 ], [ 11.161760528840123, 10.282973471189337, 0.0 ], [ 11.161747285135766, 10.282968038040909, 0.0 ], [ 11.16173361311407, 10.282963769178373, 0.0 ], [ 11.161719617944499, 10.282960696437961, 0.0 ], [ 11.161705405653736, 10.282958843515646, 0.0 ], [ 11.16169108402601, 10.282958224153546, 0.0 ], [ 11.1616804121856, 10.28295856742322, 0.0 ], [ 11.161498254411697, 10.282970309009411, 0.0 ], [ 11.161403361846384, 10.282919400061308, 0.0 ], [ 11.161392511858839, 10.282914081981209, 0.0 ], [ 11.1613812959058, 10.282909568948311, 0.0 ], [ 11.161367623882358, 10.282905299164995, 0.0 ], [ 11.161353628715736, 10.282902226407503, 0.0 ], [ 11.161350753421399, 10.28290175119386, 0.0 ], [ 11.161004198242464, 10.282847492196854, 0.0 ], [ 11.160991408439484, 10.282845995805303, 0.0 ], [ 11.160978539626878, 10.282845495967138, 0.0 ], [ 11.160962992382419, 10.282846226039572, 0.0 ], [ 11.16081300741812, 10.282860343905979, 0.0 ], [ 11.160768959908351, 10.282864489867013, 0.0 ], [ 11.16064693715045, 10.282863042375595, 0.0 ], [ 11.159925907895564, 10.282732964075167, 0.0 ], [ 11.159512932373781, 10.282658459242001, 0.0 ], [ 11.159512016806122, 10.282658296328027, 0.0 ], [ 11.159497804522021, 10.282656443303349, 0.0 ], [ 11.159483483804674, 10.282655823833812, 0.0 ], [ 11.159469162382978, 10.282656443528134, 0.0 ], [ 11.159454502169732, 10.282658376043162, 0.0 ], [ 11.159193077745135, 10.282705503875272, 0.0 ], [ 11.159179538407932, 10.282708535203632, 0.0 ], [ 11.159166305116866, 10.282712687056712, 0.0 ], [ 11.159153061363879, 10.282718119715584, 0.0 ], [ 11.159140346354329, 10.282724675030313, 0.0 ], [ 11.159128256491464, 10.282732303551242, 0.0 ], [ 11.159116883548043, 10.282740945917427, 0.0 ], [ 11.159106314697041, 10.28275053737549, 0.0 ], [ 11.159096630661878, 10.282761004176752, 0.0 ], [ 11.159087903915822, 10.282772267204445, 0.0 ], [ 11.159080201407454, 10.282784240147933, 0.0 ], [ 11.159073582760085, 10.282796833130046, 0.0 ], [ 11.15906809659678, 10.282809949116249, 0.0 ], [ 11.15906378604662, 10.282823488397067, 0.0 ], [ 11.159060683269164, 10.282837348624634, 0.0 ], [ 11.159058812186053, 10.282851423890635, 0.0 ], [ 11.159058186674256, 10.282865607449832, 0.0 ], [ 11.159058571697027, 10.282876738344104, 0.0 ], [ 11.159059305928649, 10.282883791511226, 0.0 ], [ 11.159059724805283, 10.282887817119553, 0.0 ], [ 11.159098640146043, 10.28316683152606, 0.0 ], [ 11.159099744961354, 10.283174832154929, 0.0 ], [ 11.159100611172684, 10.283180892933004, 0.0 ], [ 11.159103779931385, 10.283194737570303, 0.0 ], [ 11.15910453800203, 10.283197509103697, 0.0 ], [ 11.15910783326685, 10.283208347640794, 0.0 ], [ 11.159187814617864, 10.283485066402925, 0.0 ], [ 11.159191348523802, 10.28349583465554, 0.0 ], [ 11.159196834091096, 10.283508950719771, 0.0 ], [ 11.159203453246722, 10.28352154313677, 0.0 ], [ 11.159211155152981, 10.283533517342477, 0.0 ], [ 11.159219881677529, 10.283544779725306, 0.0 ], [ 11.159229566542162, 10.283555246670186, 0.0 ], [ 11.159240135279861, 10.283564838231957, 0.0 ], [ 11.159250311302976, 10.283572642814717, 0.0 ], [ 11.159415272642969, 10.283689221735999, 0.0 ], [ 11.159428559791499, 10.283697687967225, 0.0 ], [ 11.159441275413823, 10.283704242778551, 0.0 ], [ 11.159454519131639, 10.283709676022902, 0.0 ], [ 11.15946819026429, 10.283713944987321, 0.0 ], [ 11.159482185467009, 10.283717017822639, 0.0 ], [ 11.159496397799936, 10.283718870838239, 0.0 ], [ 11.159510719478174, 10.283719490291318, 0.0 ], [ 11.159521756246322, 10.283719122058933, 0.0 ], [ 11.15995073532058, 10.283690523238262, 0.0 ], [ 11.160395444180988, 10.283807905949562, 0.0 ], [ 11.16062139061391, 10.283906016935942, 0.0 ], [ 11.160631172202693, 10.283909898738589, 0.0 ], [ 11.160644843350035, 10.28391416764827, 0.0 ], [ 11.160658838562814, 10.283917240428545, 0.0 ], [ 11.160675467958276, 10.283919285148071, 0.0 ], [ 11.160892441562849, 10.283934893998495, 0.0 ], [ 11.161217824174843, 10.284046616301357, 0.0 ], [ 11.161229859168989, 10.284050243531473, 0.0 ], [ 11.161242138861997, 10.284052948120037, 0.0 ], [ 11.161533283596011, 10.284105588840141, 0.0 ], [ 11.161690926309014, 10.284253657835073, 0.0 ], [ 11.161698379925154, 10.284260244047131, 0.0 ], [ 11.161709752714131, 10.284268886538293, 0.0 ], [ 11.161721842323503, 10.284276514660933, 0.0 ], [ 11.161734558006302, 10.284283070271353, 0.0 ], [ 11.161747801763946, 10.284288502504969, 0.0 ], [ 11.161761472940023, 10.284292772264797, 0.0 ], [ 11.16177546817104, 10.284295844991112, 0.0 ], [ 11.161789680523061, 10.284297697897928, 0.0 ], [ 11.161804002211053, 10.284298317243262, 0.0 ], [ 11.161818323680151, 10.28429769743151, 0.0 ], [ 11.16183253636804, 10.284295844610327, 0.0 ], [ 11.161846531761627, 10.284292772157693, 0.0 ], [ 11.161860203234518, 10.284288502477427, 0.0 ], [ 11.161873446978108, 10.284283069704331, 0.0 ], [ 11.161886161964661, 10.284276514281588, 0.0 ], [ 11.161898251797114, 10.284268886563618, 0.0 ], [ 11.161909624690617, 10.284260244104711, 0.0 ], [ 11.161920193484844, 10.284250653466735, 0.0 ], [ 11.161929878351051, 10.284240185681695, 0.0 ], [ 11.161938605016044, 10.284228923494437, 0.0 ], [ 11.161946307420056, 10.284216949594933, 0.0 ], [ 11.161952925959167, 10.284204356572252, 0.0 ], [ 11.16195841200525, 10.284191240557575, 0.0 ], [ 11.161959255704023, 10.284188888570361, 0.0 ], [ 11.162019196126781, 10.284017667278446, 0.0 ], [ 11.162022984092314, 10.284005272108637, 0.0 ], [ 11.162025765487183, 10.283992618833928, 0.0 ], [ 11.162027636431393, 10.283978543577115, 0.0 ], [ 11.162028261807329, 10.283964360943465, 0.0 ], [ 11.162027635952787, 10.283950177623245, 0.0 ], [ 11.162025765081603, 10.283936102035169, 0.0 ], [ 11.162022662702221, 10.283922241645351, 0.0 ], [ 11.162018351436711, 10.283908702051441, 0.0 ], [ 11.162013951380345, 10.283897939631151, 0.0 ] ] ] } },
{ "type": "Feature", "properties": { "OBJECTID": 88, "ActivityID": "GOM08", "Stra_Catch": "Gongola", "Micr_Catch": "Doma", "State": "Gombe", "LGA": "Gombe", "Site_Name": "Tree planting at Behind Shehu Abubakar house to liberty junction", "Interv_Typ": "Afforestation (Avenue Planting)", "Component": "A - Dryland Management", "Comments": null, "Implemnter": "SPMU", "Start_Date": "2024-05-11T00:00:00", "End_Date": "2024/05/11", "No_Trees_P": 72, "Sub_compon": "A2-1", "Lon": 11.1604483833, "Lat": 10.282576, "Female_pop": 300, "Buffer_Mtr": 18, "Area_Impac": 6.77694227897, "Male_pop": 132, "Area_Intev": 4.4365437060400001, "Netsize_Ha": 0.0, "Indicator": "Area under improved catchment management", "Benefi_pop": 432.0, "Perct_NDVI": 0.0, "parent_micro_name": "FCE-T. Gombe" }, "geometry": { "type": "Polygon", "coordinates": [ [ [ 11.162429551446666, 10.283566450558245, 0.0 ], [ 11.162837218894746, 10.28242519727738, 0.0 ], [ 11.162841213590912, 10.282412341578777, 0.0 ], [ 11.162844123060346, 10.282399202090884, 0.0 ], [ 11.162845993972569, 10.282385126837388, 0.0 ], [ 11.162846619317113, 10.282370943305152, 0.0 ], [ 11.162845994356863, 10.282356759985943, 0.0 ], [ 11.16284412348061, 10.28234268531059, 0.0 ], [ 11.162841020184558, 10.282328824937556, 0.0 ], [ 11.162836709834764, 10.282315285349927, 0.0 ], [ 11.162831224160765, 10.282302169372928, 0.0 ], [ 11.162824604905959, 10.282289576149598, 0.0 ], [ 11.162816902927331, 10.282277602954426, 0.0 ], [ 11.162808176333328, 10.282266339782879, 0.0 ], [ 11.162798491421089, 10.282255872960343, 0.0 ], [ 11.162787922651791, 10.282246281527081, 0.0 ], [ 11.162773212599019, 10.282235384584922, 0.0 ], [ 11.162366543094492, 10.281967887918572, 0.0 ], [ 11.162357790894935, 10.281962514288908, 0.0 ], [ 11.162345076219861, 10.281955958679688, 0.0 ], [ 11.162331832562687, 10.281950526452045, 0.0 ], [ 11.162318160578783, 10.281946256702819, 0.0 ], [ 11.162304165455708, 10.281943183979514, 0.0 ], [ 11.162289953213657, 10.281941331074169, 0.0 ], [ 11.162275520300502, 10.281940712471874, 0.0 ], [ 11.161379817863597, 10.281941916341774, 0.0 ], [ 11.15876346692502, 10.281672858330223, 0.0 ], [ 11.158746495170734, 10.281671988044218, 0.0 ], [ 11.158732173784808, 10.281672607697226, 0.0 ], [ 11.158717962077429, 10.281674460356241, 0.0 ], [ 11.158706058472131, 10.281676992685936, 0.0 ], [ 11.158694377045054, 10.281680391218318, 0.0 ], [ 11.158147115953936, 10.281861815706412, 0.0 ], [ 11.158137598023206, 10.281864895215671, 0.0 ], [ 11.158133492014498, 10.281866228612893, 0.0 ], [ 11.158120248267377, 10.281871661226175, 0.0 ], [ 11.158107532345767, 10.281878216504168, 0.0 ], [ 11.158095442471955, 10.281885844081597, 0.0 ], [ 11.158084070431025, 10.281894486405367, 0.0 ], [ 11.158073501564695, 10.281904077830797, 0.0 ], [ 11.158063816596506, 10.281914544609403, 0.0 ], [ 11.158055089825066, 10.281925807612513, 0.0 ], [ 11.158047388205288, 10.281937781433461, 0.0 ], [ 11.158040768610658, 10.28195037440589, 0.0 ], [ 11.158035283321011, 10.281963490374849, 0.0 ], [ 11.158030972727952, 10.281977029649191, 0.0 ], [ 11.158027869903956, 10.28199088987504, 0.0 ], [ 11.158025998771013, 10.282004965144052, 0.0 ], [ 11.158025373206476, 10.282019148710974, 0.0 ], [ 11.158025998862074, 10.282033332077686, 0.0 ], [ 11.158027869525819, 10.282047406825015, 0.0 ], [ 11.158029033714476, 10.282052867285735, 0.0 ], [ 11.158030859614065, 10.282061291540288, 0.0 ], [ 11.15827997470268, 10.283225957918457, 0.0 ], [ 11.158282755871966, 10.283237027661727, 0.0 ], [ 11.158286314024826, 10.283247877114745, 0.0 ], [ 11.158291799551485, 10.283260993202987, 0.0 ], [ 11.158298418667835, 10.283273585647033, 0.0 ], [ 11.158306120536468, 10.28328555988263, 0.0 ], [ 11.158314847937916, 10.283296822291868, 0.0 ], [ 11.158324531856465, 10.283307289277674, 0.0 ], [ 11.158335100563139, 10.283316880876384, 0.0 ], [ 11.158346473245947, 10.283325523511721, 0.0 ], [ 11.158358563666388, 10.283333150874313, 0.0 ], [ 11.158371279265305, 10.283339706639078, 0.0 ], [ 11.158384522951252, 10.283345139030361, 0.0 ], [ 11.158398194062165, 10.283349408046194, 0.0 ], [ 11.158412189247322, 10.283352480933239, 0.0 ], [ 11.158426401566986, 10.283354334000446, 0.0 ], [ 11.158440723236373, 10.283354953504661, 0.0 ], [ 11.158455044700753, 10.283354333849047, 0.0 ], [ 11.158469256485244, 10.28335248118616, 0.0 ], [ 11.158483251895731, 10.283349407976861, 0.0 ], [ 11.158496923411501, 10.283345139341307, 0.0 ], [ 11.158510167205222, 10.283339706701872, 0.0 ], [ 11.158522882254927, 10.28333315140447, 0.0 ], [ 11.158534973069514, 10.283325522892701, 0.0 ], [ 11.15854634513807, 10.283316880545868, 0.0 ], [ 11.158548235324009, 10.283315285331671, 0.0 ], [ 11.159049912326926, 10.282885426795595, 0.0 ], [ 11.159059305928649, 10.282883791511226, 0.0 ], [ 11.159925907895564, 10.282732964075167, 0.0 ], [ 11.160198959125323, 10.282685439984704, 0.0 ], [ 11.160579302503546, 10.282742364117466, 0.0 ], [ 11.16081300741812, 10.282860343905979, 0.0 ], [ 11.161616460651473, 10.28326594385952, 0.0 ], [ 11.161682138643606, 10.283299099319434, 0.0 ], [ 11.161876072223242, 10.283439704464618, 0.0 ], [ 11.162164781783293, 10.283649021763715, 0.0 ], [ 11.162173440825883, 10.283655450786773, 0.0 ], [ 11.162176303688893, 10.283657450843966, 0.0 ], [ 11.162188349029837, 10.283665147938731, 0.0 ], [ 11.162201064691336, 10.283671703534079, 0.0 ], [ 11.162214308431476, 10.283677136656154, 0.0 ], [ 11.162227979575531, 10.283681405496718, 0.0 ], [ 11.162241974778684, 10.283684478207556, 0.0 ], [ 11.162256187101056, 10.283686331098956, 0.0 ], [ 11.162270508757842, 10.283686950429102, 0.0 ], [ 11.162284830200553, 10.283686331506285, 0.0 ], [ 11.162299041942234, 10.283684478676772, 0.0 ], [ 11.162313037295224, 10.283681405306478, 0.0 ], [ 11.16232670873927, 10.283677136516792, 0.0 ], [ 11.16233995244758, 10.283671703731262, 0.0 ], [ 11.162352668311417, 10.283665148290815, 0.0 ], [ 11.162364758108803, 10.283657520562162, 0.0 ], [ 11.16237613096774, 10.283648878093635, 0.0 ], [ 11.162386699722042, 10.283639286543297, 0.0 ], [ 11.162396384561641, 10.283628819654655, 0.0 ], [ 11.162405111189022, 10.283617556557433, 0.0 ], [ 11.162412812656633, 10.283605583562903, 0.0 ], [ 11.162419432080139, 10.283592990530536, 0.0 ], [ 11.162424918099989, 10.283579874513556, 0.0 ], [ 11.162425390334876, 10.28357845866722, 0.0 ], [ 11.162429551446666, 10.283566450558245, 0.0 ] ] ] } },
{ "type": "Feature", "properties": { "OBJECTID": 92, "ActivityID": "GOM12", "Stra_Catch": "Gongola", "Micr_Catch": "FCE-T", "State": "Gombe", "LGA": "Akko", "Site_Name": "Road side tree planting in front of NTA Gombe premises", "Interv_Typ": "Afforestation (Avenue Planting)", "Component": "A - Dryland Management", "Comments": null, "Implemnter": "SPMU", "Start_Date": "2023-07-06T00:00:00", "End_Date": "2023/07/10", "No_Trees_P": 265, "Sub_compon": "A2-1", "Lon": 11.0830257783, "Lat": 10.290621, "Female_pop": 364, "Buffer_Mtr": 18, "Area_Impac": 3.2684845875900002, "Male_pop": 431, "Area_Intev": 1.7716810431800001, "Netsize_Ha": 0.0, "Indicator": "Area under improved catchment management", "Benefi_pop": 795.0, "Perct_NDVI": 0.0, "parent_micro_name": "FCE-T. Gombe" }, "geometry": { "type": "Polygon", "coordinates": [ [ [ 11.081912378703004, 10.291505174376265, 0.0 ], [ 11.082770776848159, 10.291366413290447, 0.0 ], [ 11.08374415497004, 10.291434405912224, 0.0 ], [ 11.083755716084726, 10.291434809639421, 0.0 ], [ 11.083770037799344, 10.291434190482756, 0.0 ], [ 11.083784251016683, 10.291432337326915, 0.0 ], [ 11.083798246305927, 10.291429264434591, 0.0 ], [ 11.08381191794623, 10.29142499508338, 0.0 ], [ 11.083825162107372, 10.291419562481385, 0.0 ], [ 11.083837877744607, 10.291413007049755, 0.0 ], [ 11.083849968441799, 10.291405379122605, 0.0 ], [ 11.083861341486902, 10.291396737144996, 0.0 ], [ 11.083871910598083, 10.29138714584783, 0.0 ], [ 11.08388159502884, 10.291376678965099, 0.0 ], [ 11.083890322282295, 10.291365415600984, 0.0 ], [ 11.083898024472374, 10.291353442060926, 0.0 ], [ 11.083901188896666, 10.29134775437571, 0.0 ], [ 11.08398754339245, 10.29118495510011, 0.0 ], [ 11.08444150890797, 10.291158626229077, 0.0 ], [ 11.08445554609383, 10.291157211656959, 0.0 ], [ 11.084460186444822, 10.291156543638094, 0.0 ], [ 11.084465077059974, 10.291155764638413, 0.0 ], [ 11.084476412630355, 10.29115337410124, 0.0 ], [ 11.084487549552964, 10.291150198469557, 0.0 ], [ 11.084492007755305, 10.291148756096446, 0.0 ], [ 11.084497202147467, 10.291146980875016, 0.0 ], [ 11.084507715344127, 10.291142778839079, 0.0 ], [ 11.084517911751153, 10.29113786929913, 0.0 ], [ 11.084522055747499, 10.291135695904496, 0.0 ], [ 11.084527305884546, 10.291132819401058, 0.0 ], [ 11.084536730572923, 10.291127001914122, 0.0 ], [ 11.084545735928257, 10.291120567067496, 0.0 ], [ 11.084549443819336, 10.291117723996241, 0.0 ], [ 11.084554477448666, 10.29111370548188, 0.0 ], [ 11.084562553385865, 10.291106531825212, 0.0 ], [ 11.084570133102135, 10.291098846153902, 0.0 ], [ 11.084573296838935, 10.291095419066417, 0.0 ], [ 11.084577894660304, 10.291090220182889, 0.0 ], [ 11.084584433893914, 10.291081978096303, 0.0 ], [ 11.084590423789557, 10.291073335514126, 0.0 ], [ 11.084592951840133, 10.29106942352262, 0.0 ], [ 11.084596852091533, 10.291063072168225, 0.0 ], [ 11.084606043930751, 10.291044728439763, 0.0 ], [ 11.0846078594786, 10.291040447735295, 0.0 ], [ 11.084610772829716, 10.29103308225886, 0.0 ], [ 11.084616493858634, 10.291013933834167, 0.0 ], [ 11.084617546596052, 10.291009406764216, 0.0 ], [ 11.084619238417133, 10.291001156123507, 0.0 ], [ 11.084621489768319, 10.290981792323439, 0.0 ], [ 11.084621745910548, 10.290977155591047, 0.0 ], [ 11.084621991434519, 10.290968260761023, 0.0 ], [ 11.084620874005573, 10.290949313649827, 0.0 ], [ 11.084619907401629, 10.290944857432313, 0.0 ], [ 11.084618948971068, 10.29093539097018, 0.0 ], [ 11.084617745797855, 10.290930907352037, 0.0 ], [ 11.084614591191086, 10.290917237541292, 0.0 ], [ 11.084613265296625, 10.290912968028442, 0.0 ], [ 11.084610203329172, 10.290903537709502, 0.0 ], [ 11.084604633031015, 10.290890458321035, 0.0 ], [ 11.084603006955943, 10.290887037674251, 0.0 ], [ 11.084600884214348, 10.290882898027872, 0.0 ], [ 11.08459816371189, 10.290877794178268, 0.0 ], [ 11.084595800088335, 10.290873804318933, 0.0 ], [ 11.084590563942793, 10.290865744720604, 0.0 ], [ 11.084586372374812, 10.290859004383453, 0.0 ], [ 11.084583605096466, 10.290855255746999, 0.0 ], [ 11.08457682128579, 10.290846681865926, 0.0 ], [ 11.084565118246699, 10.290834250278388, 0.0 ], [ 11.08456174562396, 10.290831023461552, 0.0 ], [ 11.084553194654916, 10.29082339647262, 0.0 ], [ 11.084539916201999, 10.290813452556648, 0.0 ], [ 11.084536037431342, 10.290810842731535, 0.0 ], [ 11.084525853059407, 10.290804516996857, 0.0 ], [ 11.084511471993739, 10.290797203231785, 0.0 ], [ 11.084507199842772, 10.290795287405581, 0.0 ], [ 11.084495621668172, 10.290790612990209, 0.0 ], [ 11.084480693474868, 10.290786015282739, 0.0 ], [ 11.08447615426457, 10.290784849586245, 0.0 ], [ 11.084463415023919, 10.290782104289386, 0.0 ], [ 11.08444813645135, 10.290780162620532, 0.0 ], [ 11.084443378778062, 10.290779781088094, 0.0 ], [ 11.084430122889396, 10.290779250904693, 0.0 ], [ 11.084424776855531, 10.290779336849647, 0.0 ], [ 11.084423354259267, 10.290779383068934, 0.0 ], [ 11.084419093209226, 10.290779575012117, 0.0 ], [ 11.08417736347341, 10.290793595922766, 0.0 ], [ 11.084228876952524, 10.290388839613433, 0.0 ], [ 11.084230166260754, 10.290368489548122, 0.0 ], [ 11.084229541050133, 10.290354306311304, 0.0 ], [ 11.084227669798082, 10.290340230523368, 0.0 ], [ 11.084224566906645, 10.290326370556819, 0.0 ], [ 11.084220256793394, 10.290312831104218, 0.0 ], [ 11.08421477025265, 10.290299715009235, 0.0 ], [ 11.08420815175079, 10.290287122315931, 0.0 ], [ 11.084200449375148, 10.290275148525652, 0.0 ], [ 11.084191722141222, 10.290263885453848, 0.0 ], [ 11.084182037236873, 10.290253418536281, 0.0 ], [ 11.084171468202968, 10.290243827744485, 0.0 ], [ 11.084160095834129, 10.290235185772282, 0.0 ], [ 11.084148005434887, 10.29022755714964, 0.0 ], [ 11.084135289581331, 10.290221001840258, 0.0 ], [ 11.084122045341649, 10.290215568932453, 0.0 ], [ 11.084108373387162, 10.290211300260335, 0.0 ], [ 11.084094377974571, 10.290208227692254, 0.0 ], [ 11.084080165126551, 10.290206374046512, 0.0 ], [ 11.084065843556298, 10.290205754893021, 0.0 ], [ 11.084051521899863, 10.290206374051847, 0.0 ], [ 11.084037309652583, 10.290208227202584, 0.0 ], [ 11.084025749042956, 10.290210674303953, 0.0 ], [ 11.084014395494094, 10.290213937177393, 0.0 ], [ 11.083367385606859, 10.290425175619335, 0.0 ], [ 11.082969101692518, 10.2905453846758, 0.0 ], [ 11.082487551530022, 10.290530876206629, 0.0 ], [ 11.081874113933454, 10.290347910581074, 0.0 ], [ 11.081855260363806, 10.290343469047505, 0.0 ], [ 11.081841047508897, 10.290341616205852, 0.0 ], [ 11.081826725917018, 10.290340996953578, 0.0 ], [ 11.081812404230327, 10.290341616015294, 0.0 ], [ 11.081798191944383, 10.290343469071386, 0.0 ], [ 11.081784196664266, 10.290346541871756, 0.0 ], [ 11.081770525023101, 10.290350811133752, 0.0 ], [ 11.081757280850905, 10.290356243650116, 0.0 ], [ 11.081744565192304, 10.290362799000453, 0.0 ], [ 11.081732474463463, 10.290370426851512, 0.0 ], [ 11.081721101382518, 10.290379069662748, 0.0 ], [ 11.081710532219738, 10.290388660896355, 0.0 ], [ 11.08170084772798, 10.290399127722813, 0.0 ], [ 11.081694384424129, 10.290407268944044, 0.0 ], [ 11.081688456698501, 10.290415800812402, 0.0 ], [ 11.081540985014339, 10.290643236763923, 0.0 ], [ 11.081536946441139, 10.290649799585429, 0.0 ], [ 11.081530327949425, 10.29066239250313, 0.0 ], [ 11.081524841899922, 10.290675508715999, 0.0 ], [ 11.081520530536112, 10.290689048525801, 0.0 ], [ 11.081517427863798, 10.290702908671646, 0.0 ], [ 11.081515556924984, 10.290716984155438, 0.0 ], [ 11.081514931617297, 10.290731167326202, 0.0 ], [ 11.081515556711699, 10.290745350591607, 0.0 ], [ 11.081517427846615, 10.290759425514228, 0.0 ], [ 11.081519906265969, 10.290770906918505, 0.0 ], [ 11.081523214800452, 10.290782181419909, 0.0 ], [ 11.081724992809905, 10.291387066640143, 0.0 ], [ 11.08172788737844, 10.29139589428708, 0.0 ], [ 11.0817294294408, 10.291400564654515, 0.0 ], [ 11.081734915915368, 10.291413680807254, 0.0 ], [ 11.081741535268357, 10.291426272655295, 0.0 ], [ 11.08174923759954, 10.291438246516066, 0.0 ], [ 11.081757963887913, 10.29144950966954, 0.0 ], [ 11.081767648771201, 10.291459976667522, 0.0 ], [ 11.081778217796026, 10.291469567543512, 0.0 ], [ 11.081789591086299, 10.291478210500866, 0.0 ], [ 11.081801681494218, 10.291485838309059, 0.0 ], [ 11.081814397373826, 10.291492393709227, 0.0 ], [ 11.081827641644653, 10.291497825804568, 0.0 ], [ 11.081841312739915, 10.291502095477645, 0.0 ], [ 11.081855308209779, 10.291505168136057, 0.0 ], [ 11.08186952111814, 10.291507020966725, 0.0 ], [ 11.081883842762821, 10.291507640206735, 0.0 ], [ 11.081897121709831, 10.291507086590711, 0.0 ], [ 11.08189816255112, 10.291507002162685, 0.0 ], [ 11.081910311581762, 10.291505476008918, 0.0 ], [ 11.081912378703004, 10.291505174376265, 0.0 ] ] ] } },
{ "type": "Feature", "properties": { "OBJECTID": 101, "ActivityID": "GOM21", "Stra_Catch": "Gongola", "Micr_Catch": "FCE-T", "State": "Gombe", "LGA": "Gombe", "Site_Name": "GSS Gombe", "Interv_Typ": "Afforestation (Institutional Planting)", "Component": "A - Dryland Management", "Comments": null, "Implemnter": "SPMU", "Start_Date": "2024-08-17T00:00:00", "End_Date": "2024/08/17", "No_Trees_P": 200, "Sub_compon": "A2-1", "Lon": 11.155643271300001, "Lat": 10.289312, "Female_pop": 23, "Buffer_Mtr": 0, "Area_Impac": 1.67139569038, "Male_pop": 2327, "Area_Intev": 1.67139545632, "Netsize_Ha": 0.0, "Indicator": "Area under improved catchment management", "Benefi_pop": 2350.0, "Perct_NDVI": 0.0, "parent_micro_name": "FCE-T. Gombe" }, "geometry": { "type": "Polygon", "coordinates": [ [ [ 11.155454711710018, 10.29049410619181, 0.0 ], [ 11.156399107459674, 10.289168088457977, 0.0 ], [ 11.155715000005422, 10.288558999636479, 0.0 ], [ 11.154917999693511, 10.289586000023192, 0.0 ], [ 11.155454711710018, 10.29049410619181, 0.0 ] ] ] } },
{ "type": "Feature", "properties": { "OBJECTID": 107, "ActivityID": "GOM27", "Stra_Catch": "Gongola", "Micr_Catch": "FCE-T", "State": "Gombe", "LGA": "Gombe", "Site_Name": "Kagarwal Community", "Interv_Typ": "Afforestation (Tree Planting)", "Component": "A - Dryland Management", "Comments": null, "Implemnter": "SPMU", "Start_Date": "2024-09-04T00:00:00", "End_Date": "2024/08/04", "No_Trees_P": 150, "Sub_compon": "A2-1", "Lon": 11.195196149599999, "Lat": 10.301195, "Female_pop": 559, "Buffer_Mtr": 0, "Area_Impac": 19.474793293800001, "Male_pop": 491, "Area_Intev": 19.474792451900001, "Netsize_Ha": 0.0, "Indicator": "Area under improved catchment management", "Benefi_pop": 1050.0, "Perct_NDVI": 0.0, "parent_micro_name": "FCE-T. Gombe" }, "geometry": { "type": "Polygon", "coordinates": [ [ [ 11.19490250938739, 10.302841610339634, 0.0 ], [ 11.195886691671163, 10.303718866068339, 0.0 ], [ 11.197337656096058, 10.303377745598178, 0.0 ], [ 11.197899141668918, 10.301802278271477, 0.0 ], [ 11.197194800240514, 10.300211912247097, 0.0 ], [ 11.195454292477601, 10.299564561642935, 0.0 ], [ 11.19238305016775, 10.299289580770905, 0.0 ], [ 11.192954257356021, 10.30192314320313, 0.0 ], [ 11.19490250938739, 10.302841610339634, 0.0 ] ] ] } },
{ "type": "Feature", "properties": { "OBJECTID": 108, "ActivityID": "GOM28", "Stra_Catch": "Gongola", "Micr_Catch": "Kaltungo", "State": "Gombe", "LGA": "Gombe", "Site_Name": "Mai Tula House Gombe", "Interv_Typ": "Afforestation (Tree Planting)", "Component": "A - Dryland Management", "Comments": null, "Implemnter": "SPMU", "Start_Date": "2024-08-24T00:00:00", "End_Date": "2024/08/24", "No_Trees_P": 20, "Sub_compon": "A2-1", "Lon": 11.1438660473, "Lat": 10.290046, "Female_pop": 33, "Buffer_Mtr": 0, "Area_Impac": 0.65383315173099998, "Male_pop": 60, "Area_Intev": 0.65383290043099995, "Netsize_Ha": 0.0, "Indicator": "Area under improved catchment management", "Benefi_pop": 93.0, "Perct_NDVI": 0.0, "parent_micro_name": "FCE-T. Gombe" }, "geometry": { "type": "Polygon", "coordinates": [ [ [ 11.143499019538934, 10.290836039884301, 0.0 ], [ 11.14410330230662, 10.290714299431196, 0.0 ], [ 11.144280596439332, 10.290014370927956, 0.0 ], [ 11.143596958971479, 10.28992025371493, 0.0 ], [ 11.143494021020857, 10.290453916462985, 0.0 ], [ 11.143499019538934, 10.290836039884301, 0.0 ] ] ] } },
{ "type": "Feature", "properties": { "OBJECTID": 110, "ActivityID": "GOM30", "Stra_Catch": "Gongola", "Micr_Catch": "FCE-T", "State": "Gombe", "LGA": "Kwame", "Site_Name": "Gombe Mega Park", "Interv_Typ": "Afforestation (Woodlot)", "Component": "A - Dryland Management", "Comments": null, "Implemnter": "SPMU", "Start_Date": "2023-06-10T00:00:00", "End_Date": "2023/06/17", "No_Trees_P": 2600, "Sub_compon": "A2-1", "Lon": 11.1437280539, "Lat": 10.318111, "Female_pop": 3000, "Buffer_Mtr": 0, "Area_Impac": 0.56443376596299999, "Male_pop": 4450, "Area_Intev": 0.56443417476000002, "Netsize_Ha": 0.0, "Indicator": "Area under improved catchment management", "Benefi_pop": 7450.0, "Perct_NDVI": 0.0, "parent_micro_name": "FCE-T. Gombe" }, "geometry": { "type": "MultiPolygon", "coordinates": [ [ [ [ 11.144786720781115, 10.313645452450151, 0.0 ], [ 11.14443432727251, 10.312769470514894, 0.0 ], [ 11.144307056918537, 10.312829454724891, 0.0 ], [ 11.144163083871737, 10.312897310158872, 0.0 ], [ 11.144482128201952, 10.313627666129507, 0.0 ], [ 11.144655948400791, 10.313637816473541, 0.0 ], [ 11.144786720781115, 10.313645452450151, 0.0 ] ] ], [ [ [ 11.143341731468176, 10.317961493876714, 0.0 ], [ 11.142968307679068, 10.317933148672214, 0.0 ], [ 11.142609326534192, 10.318203464749644, 0.0 ], [ 11.142590078937602, 10.31829874919195, 0.0 ], [ 11.143004168186991, 10.318452945432654, 0.0 ], [ 11.143341731468176, 10.317961493876714, 0.0 ] ] ] ] } },
{ "type": "Feature", "properties": { "OBJECTID": 114, "ActivityID": "GOM34", "Stra_Catch": "Gongola", "Micr_Catch": "Hawal-Kilunga", "State": "Gombe", "LGA": "Akko", "Site_Name": "Road Safety Quarters", "Interv_Typ": "Afforestation (Tree Planting)", "Component": "A - Dryland Management", "Comments": null, "Implemnter": "SPMU", "Start_Date": "2024-08-24T00:00:00", "End_Date": "2024/08/24", "No_Trees_P": 153, "Sub_compon": "A2-1", "Lon": 11.057041830099999, "Lat": 10.288994, "Female_pop": 305, "Buffer_Mtr": 0, "Area_Impac": 5.7813961357599997, "Male_pop": 460, "Area_Intev": 5.7813956004099998, "Netsize_Ha": 0.0, "Indicator": "Area under improved catchment management", "Benefi_pop": 765.0, "Perct_NDVI": 0.0, "parent_micro_name": "FCE-T. Gombe" }, "geometry": { "type": "Polygon", "coordinates": [ [ [ 11.056399700885576, 10.290768244587127, 0.0 ], [ 11.057570854354282, 10.291202756131701, 0.0 ], [ 11.058178420200422, 10.290427008237412, 0.0 ], [ 11.058190289106063, 10.289472084313735, 0.0 ], [ 11.058086449023712, 10.288515750025775, 0.0 ], [ 11.056405827695194, 10.288724476615776, 0.0 ], [ 11.055723261822161, 10.289327394291895, 0.0 ], [ 11.056399700885576, 10.290768244587127, 0.0 ] ] ] } },
{ "type": "Feature", "properties": { "OBJECTID": 121, "ActivityID": "GOM41", "Stra_Catch": "Gongola", "Micr_Catch": "Doma", "State": "Gombe", "LGA": "Gombe", "Site_Name": "Shongo District Head Palace Tumfure", "Interv_Typ": "Afforestation (Tree Planting)", "Component": "A - Dryland Management", "Comments": null, "Implemnter": "SPMU", "Start_Date": "2024-02-10T00:00:00", "End_Date": "2024/02/10", "No_Trees_P": 125, "Sub_compon": "A2-1", "Lon": 11.1128087181, "Lat": 10.289678, "Female_pop": 93, "Buffer_Mtr": 0, "Area_Impac": 0.65515197092400002, "Male_pop": 144, "Area_Intev": 0.65515238423300004, "Netsize_Ha": 0.0, "Indicator": "Area under improved catchment management", "Benefi_pop": 237.0, "Perct_NDVI": 0.0, "parent_micro_name": "FCE-T. Gombe" }, "geometry": { "type": "Polygon", "coordinates": [ [ [ 11.11235271671671, 10.290325544615039, 0.0 ], [ 11.112643062084476, 10.290243073322797, 0.0 ], [ 11.112996566464101, 10.290318957418281, 0.0 ], [ 11.113258211392342, 10.289627247761247, 0.0 ], [ 11.113180060670523, 10.289511692992281, 0.0 ], [ 11.112609588339158, 10.28943320082843, 0.0 ], [ 11.11235271671671, 10.290325544615039, 0.0 ] ] ] } },
{ "type": "Feature", "properties": { "OBJECTID": 122, "ActivityID": "GOM42", "Stra_Catch": "Gongola", "Micr_Catch": "FCE-T", "State": "Gombe", "LGA": "Gombe", "Site_Name": "GSS Gombe School planting within the School premises", "Interv_Typ": "Afforestation (Institutional Planting)", "Component": "A - Dryland Management", "Comments": null, "Implemnter": "SPMU", "Start_Date": "2023-02-09T00:00:00", "End_Date": "2023/02/09", "No_Trees_P": 208, "Sub_compon": "A2-1", "Lon": 11.1493293278, "Lat": 10.290485, "Female_pop": 42, "Buffer_Mtr": 0, "Area_Impac": 0.24996528350300001, "Male_pop": 2478, "Area_Intev": 0.249965246659, "Netsize_Ha": 0.0, "Indicator": "Area under improved catchment management", "Benefi_pop": 2520.0, "Perct_NDVI": 0.0, "parent_micro_name": "FCE-T. Gombe" }, "geometry": { "type": "Polygon", "coordinates": [ [ [ 11.149268717503128, 10.290701516058276, 0.0 ], [ 11.149790183108674, 10.290495101125034, 0.0 ], [ 11.149793970028977, 10.290493255638937, 0.0 ], [ 11.149797425547989, 10.29049085558729, 0.0 ], [ 11.149800467008768, 10.290487959364915, 0.0 ], [ 11.149803022760924, 10.290484633428081, 0.0 ], [ 11.14980503219736, 10.290480957717353, 0.0 ], [ 11.149806446624007, 10.290477019324932, 0.0 ], [ 11.149807233835212, 10.290472914271861, 0.0 ], [ 11.149807374389809, 10.290468736686806, 0.0 ], [ 11.149796510413889, 10.290223213401781, 0.0 ], [ 11.149796089263372, 10.290219513159885, 0.0 ], [ 11.149795741649566, 10.290217912053491, 0.0 ], [ 11.149678621001581, 10.28974726231046, 0.0 ], [ 11.149544055486054, 10.289004979220302, 0.0 ], [ 11.149542943090292, 10.289000819895586, 0.0 ], [ 11.149541181509177, 10.28899688812996, 0.0 ], [ 11.149538813383936, 10.2889932812552, 0.0 ], [ 11.149535898658822, 10.288990091065189, 0.0 ], [ 11.149532511794293, 10.288987396603558, 0.0 ], [ 11.14952873722841, 10.288985267809386, 0.0 ], [ 11.149407061532692, 10.288928775678638, 0.0 ], [ 11.14940334293847, 10.28892736506535, 0.0 ], [ 11.149399456491789, 10.288926505102165, 0.0 ], [ 11.149395485350988, 10.288926211506196, 0.0 ], [ 11.149391512619326, 10.288926491860297, 0.0 ], [ 11.149387624046152, 10.288927340172128, 0.0 ], [ 11.149383899819457, 10.288928737832499, 0.0 ], [ 11.149247014948413, 10.288991747732707, 0.0 ], [ 11.149242879231616, 10.288994107099663, 0.0 ], [ 11.149239219920334, 10.288997140281536, 0.0 ], [ 11.149236146835728, 10.28900075706899, 0.0 ], [ 11.1492337550625, 10.289004847465941, 0.0 ], [ 11.149232117678549, 10.289009286257102, 0.0 ], [ 11.14923128306601, 10.289013940256531, 0.0 ], [ 11.149231277636908, 10.289018666481876, 0.0 ], [ 11.149232100424724, 10.28902332213252, 0.0 ], [ 11.149233727653598, 10.289027765463123, 0.0 ], [ 11.149236108211909, 10.289031861236648, 0.0 ], [ 11.149239170983861, 10.289035485195038, 0.0 ], [ 11.149242823967411, 10.289038528584143, 0.0 ], [ 11.149246954268152, 10.289040897249988, 0.0 ], [ 11.149251437274467, 10.289042518808589, 0.0 ], [ 11.149256135763222, 10.289043345363478, 0.0 ], [ 11.149260908095025, 10.289043350739625, 0.0 ], [ 11.149265609163525, 10.289042535900377, 0.0 ], [ 11.149270095840574, 10.289040924391953, 0.0 ], [ 11.149395390471366, 10.28898324907369, 0.0 ], [ 11.149492669891115, 10.289028415350669, 0.0 ], [ 11.14962488879341, 10.289757747552473, 0.0 ], [ 11.149625244024554, 10.289759395608534, 0.0 ], [ 11.149741923666708, 10.29022827497675, 0.0 ], [ 11.149751817842104, 10.290451887458621, 0.0 ], [ 11.149273559719235, 10.290641198563714, 0.0 ], [ 11.149214326739079, 10.290498669138501, 0.0 ], [ 11.149095200939449, 10.290214932403012, 0.0 ], [ 11.149030451506693, 10.290020684636783, 0.0 ], [ 11.148824140131392, 10.289343115994013, 0.0 ], [ 11.148822369984936, 10.289338726935908, 0.0 ], [ 11.148819855793068, 10.289334708872349, 0.0 ], [ 11.148816675960285, 10.289331184205434, 0.0 ], [ 11.148812927045604, 10.289328260755322, 0.0 ], [ 11.148808721900597, 10.289326026349453, 0.0 ], [ 11.14880418784419, 10.289324548834793, 0.0 ], [ 11.148799464812926, 10.289323872474636, 0.0 ], [ 11.148794694421802, 10.289324019828907, 0.0 ], [ 11.148790022653175, 10.289324984505683, 0.0 ], [ 11.148785590779529, 10.289326738452001, 0.0 ], [ 11.148781534414141, 10.289329226537269, 0.0 ], [ 11.14877797444607, 10.289332375651755, 0.0 ], [ 11.148775022479171, 10.289336089247493, 0.0 ], [ 11.148772765360372, 10.289340253767788, 0.0 ], [ 11.148771272511231, 10.289344743117825, 0.0 ], [ 11.148770591377025, 10.289349420502537, 0.0 ], [ 11.14877073925604, 10.289354144807755, 0.0 ], [ 11.148771713350573, 10.289358772341126, 0.0 ], [ 11.148978127314116, 10.29003667839263, 0.0 ], [ 11.148978341774457, 10.290037350331266, 0.0 ], [ 11.149043524379918, 10.290232899481623, 0.0 ], [ 11.149043859335103, 10.290233844484355, 0.0 ], [ 11.149044242799947, 10.290234809953407, 0.0 ], [ 11.149163726623014, 10.290519398468421, 0.0 ], [ 11.149233236579191, 10.290686657477172, 0.0 ], [ 11.149235414141156, 10.290690828710739, 0.0 ], [ 11.149238286040891, 10.290694566009359, 0.0 ], [ 11.149241765714786, 10.29069775515984, 0.0 ], [ 11.149245748493595, 10.290700303761415, 0.0 ], [ 11.149250116098271, 10.290702131253612, 0.0 ], [ 11.149254735855788, 10.290703187902187, 0.0 ], [ 11.149259470621796, 10.2907034375602, 0.0 ], [ 11.14926417889685, 10.290702874840232, 0.0 ], [ 11.149268717503128, 10.290701516058276, 0.0 ] ] ] } },
{ "type": "Feature", "properties": { "OBJECTID": 123, "ActivityID": "GOM43", "Stra_Catch": "Gongola", "Micr_Catch": "FCE-T", "State": "Gombe", "LGA": "Gombe", "Site_Name": "All Saints Sch tree planting", "Interv_Typ": "Afforestation (Institutional Planting)", "Component": "A - Dryland Management", "Comments": null, "Implemnter": "SPMU", "Start_Date": "2023-07-06T00:00:00", "End_Date": "2023/07/10", "No_Trees_P": 60, "Sub_compon": "A2-1", "Lon": 11.1459141312, "Lat": 10.299524, "Female_pop": 104, "Buffer_Mtr": 0, "Area_Impac": 0.029214701298800001, "Male_pop": 115, "Area_Intev": 0.0292146789472, "Netsize_Ha": 0.0, "Indicator": "Area under improved catchment management", "Benefi_pop": 219.0, "Perct_NDVI": 0.0, "parent_micro_name": "FCE-T. Gombe" }, "geometry": { "type": "Polygon", "coordinates": [ [ [ 11.146137422302536, 10.299528213828504, 0.0 ], [ 11.14613804087589, 10.299526695786811, 0.0 ], [ 11.146138696725743, 10.29952529138202, 0.0 ], [ 11.146138865940493, 10.299524671126669, 0.0 ], [ 11.146139114629191, 10.29952406119012, 0.0 ], [ 11.146139481410408, 10.299522424608027, 0.0 ], [ 11.146139899127297, 10.299520897052973, 0.0 ], [ 11.146139958027549, 10.299520294702642, 0.0 ], [ 11.146140093572075, 10.299519689132206, 0.0 ], [ 11.14614018600785, 10.299517973024603, 0.0 ], [ 11.146140343075174, 10.299516366757016, 0.0 ], [ 11.146140301810153, 10.299515798513509, 0.0 ], [ 11.146140333471539, 10.29951521713229, 0.0 ], [ 11.146140133620746, 10.299513467714258, 0.0 ], [ 11.146140014810875, 10.2995118253158, 0.0 ], [ 11.146139887186521, 10.299511308260529, 0.0 ], [ 11.146139826026642, 10.299510767264309, 0.0 ], [ 11.146139326918316, 10.299509033389596, 0.0 ], [ 11.146138924347612, 10.299507403720105, 0.0 ], [ 11.146138725946257, 10.299506947691949, 0.0 ], [ 11.146138585752711, 10.299506461450742, 0.0 ], [ 11.146137785897881, 10.299504792840589, 0.0 ], [ 11.146137101715748, 10.299503223789488, 0.0 ], [ 11.146136849945004, 10.299502838615215, 0.0 ], [ 11.146136647200544, 10.299502415154224, 0.0 ], [ 11.146135556080385, 10.299500864168628, 0.0 ], [ 11.146134599749669, 10.299499405384491, 0.0 ], [ 11.14613431014906, 10.299499094576374, 0.0 ], [ 11.146134062242952, 10.299498741010963, 0.0 ], [ 11.146132694783972, 10.29949735545455, 0.0 ], [ 11.146131487625839, 10.299496055603425, 0.0 ], [ 11.14613117936101, 10.299495819034277, 0.0 ], [ 11.146130901826645, 10.2994955379729, 0.0 ], [ 11.146129284825921, 10.299494366475399, 0.0 ], [ 11.146127853594619, 10.299493267860381, 0.0 ], [ 11.146127542168394, 10.299493103619669, 0.0 ], [ 11.146127252333914, 10.299492893139661, 0.0 ], [ 11.146125418033815, 10.299491979775436, 0.0 ], [ 11.146123799510537, 10.299491122825401, 0.0 ], [ 11.146123499476394, 10.299491023585787, 0.0 ], [ 11.146123212838488, 10.299490880872805, 0.0 ], [ 11.146121200727581, 10.29949026153356, 0.0 ], [ 11.14611943893966, 10.299489678494735, 0.0 ], [ 11.146119164844967, 10.299489636025108, 0.0 ], [ 11.146118894119589, 10.299489551956341, 0.0 ], [ 11.14611674916231, 10.299489262497433, 0.0 ], [ 11.14611489720243, 10.299488976517447, 0.0 ], [ 11.146114414178104, 10.299488945376392, 0.0 ], [ 11.146058570257273, 10.299485033501689, 0.0 ], [ 11.146007114837781, 10.299482512437361, 0.0 ], [ 11.145944335859856, 10.29948002130147, 0.0 ], [ 11.145928617417667, 10.299479200957082, 0.0 ], [ 11.145875617108429, 10.299476454218144, 0.0 ], [ 11.145874659469237, 10.29947642080251, 0.0 ], [ 11.145820491367132, 10.299475494911739, 0.0 ], [ 11.145819391452294, 10.299475476901348, 0.0 ], [ 11.145812199500295, 10.299475350173362, 0.0 ], [ 11.145811341572291, 10.299475350442078, 0.0 ], [ 11.145800042236315, 10.299475588097032, 0.0 ], [ 11.145715015459732, 10.299476060889203, 0.0 ], [ 11.145714831092123, 10.29947606030462, 0.0 ], [ 11.145712515223915, 10.299476275417499, 0.0 ], [ 11.145710272220999, 10.299476468354742, 0.0 ], [ 11.145710181114918, 10.29947649245906, 0.0 ], [ 11.145710080778398, 10.299476501259285, 0.0 ], [ 11.145707853346586, 10.299477107149633, 0.0 ], [ 11.145705671345526, 10.299477682911734, 0.0 ], [ 11.145705581268256, 10.299477724182255, 0.0 ], [ 11.14570547923482, 10.29947775197445, 0.0 ], [ 11.145703406703914, 10.299478724701409, 0.0 ], [ 11.145701352236468, 10.299479669289376, 0.0 ], [ 11.145701265932075, 10.299479728611738, 0.0 ], [ 11.145701165852335, 10.299479775371664, 0.0 ], [ 11.145699309131455, 10.299481079281291, 0.0 ], [ 11.145697445911962, 10.299482366964817, 0.0 ], [ 11.145697368850227, 10.299482443398889, 0.0 ], [ 11.145697274380888, 10.29948251000617, 0.0 ], [ 11.145695685203775, 10.299484102274604, 0.0 ], [ 11.145694071372846, 10.299485692898919, 0.0 ], [ 11.145694004466426, 10.299485786438632, 0.0 ], [ 11.1456939201524, 10.299485870151551, 0.0 ], [ 11.145692642908775, 10.299487701676817, 0.0 ], [ 11.145691329256934, 10.299489547905113, 0.0 ], [ 11.145691277056853, 10.299489656712609, 0.0 ], [ 11.145691207467509, 10.299489758404716, 0.0 ], [ 11.14569027551582, 10.299491768407993, 0.0 ], [ 11.145689303652052, 10.299493814829789, 0.0 ], [ 11.145689269790575, 10.29949393616943, 0.0 ], [ 11.145689215814107, 10.299494052219467, 0.0 ], [ 11.145688654298967, 10.299496179976455, 0.0 ], [ 11.145688053931131, 10.299498365837168, 0.0 ], [ 11.14568804204052, 10.299498496973353, 0.0 ], [ 11.145688008221839, 10.299498624639604, 0.0 ], [ 11.145687828567528, 10.299500804997802, 0.0 ], [ 11.145687620221954, 10.299503061469185, 0.0 ], [ 11.145687631184286, 10.299503197876813, 0.0 ], [ 11.14568762024301, 10.299503334429732, 0.0 ], [ 11.145687824753422, 10.299505503200967, 0.0 ], [ 11.145688014347931, 10.299507760647799, 0.0 ], [ 11.145688050876702, 10.299507898693506, 0.0 ], [ 11.145688063694902, 10.299508039608032, 0.0 ], [ 11.145688643722123, 10.299510132676792, 0.0 ], [ 11.145689225310059, 10.299512321542581, 0.0 ], [ 11.145689287362488, 10.299512454899757, 0.0 ], [ 11.145689325741015, 10.29951259654856, 0.0 ], [ 11.14569026079101, 10.299514552589434, 0.0 ], [ 11.145691214748206, 10.299516605216123, 0.0 ], [ 11.14569130230594, 10.299516731173343, 0.0 ], [ 11.145691368033409, 10.299516868121504, 0.0 ], [ 11.145692628510099, 10.299518629484847, 0.0 ], [ 11.145693924297232, 10.299520483709813, 0.0 ], [ 11.145694036404826, 10.299520595946509, 0.0 ], [ 11.145694127619272, 10.29952072278331, 0.0 ], [ 11.145695673930188, 10.299522238212717, 0.0 ], [ 11.145697270092832, 10.299523837368842, 0.0 ], [ 11.145697404900517, 10.299523932281916, 0.0 ], [ 11.145697520664823, 10.299524045398208, 0.0 ], [ 11.145699307784408, 10.299525270000196, 0.0 ], [ 11.14570115380274, 10.299526566518896, 0.0 ], [ 11.145701306716708, 10.299526639619613, 0.0 ], [ 11.145701445168894, 10.299526733604679, 0.0 ], [ 11.145703418093545, 10.299527631590392, 0.0 ], [ 11.145705455307258, 10.299528588803254, 0.0 ], [ 11.145705624465531, 10.299528634680897, 0.0 ], [ 11.145705781936641, 10.299528706847553, 0.0 ], [ 11.14570788024189, 10.299529250598694, 0.0 ], [ 11.145710045494665, 10.299529841809386, 0.0 ], [ 11.145710224496442, 10.299529858698754, 0.0 ], [ 11.145710398211856, 10.299529903642334, 0.0 ], [ 11.145712559739623, 10.299530079109777, 0.0 ], [ 11.145714785385248, 10.299530288497881, 0.0 ], [ 11.145715153213994, 10.299530290576913, 0.0 ], [ 11.145761026580578, 10.299530646052988, 0.0 ], [ 11.145761627092396, 10.299530640261393, 0.0 ], [ 11.145800706610553, 10.299529815191942, 0.0 ], [ 11.145819148655249, 10.299529710014085, 0.0 ], [ 11.145926222145038, 10.299533379655205, 0.0 ], [ 11.145941807281849, 10.299534191845201, 0.0 ], [ 11.146111031977521, 10.299543073676126, 0.0 ], [ 11.146111515884005, 10.299543100292091, 0.0 ], [ 11.146113242355522, 10.299543049971197, 0.0 ], [ 11.146115426278882, 10.29954302824947, 0.0 ], [ 11.146115733505729, 10.299542976499557, 0.0 ], [ 11.146116036456728, 10.299542967258635, 0.0 ], [ 11.146117716324953, 10.299542638863262, 0.0 ], [ 11.146119756573874, 10.299542290903636, 0.0 ], [ 11.146120114444395, 10.299542170125601, 0.0 ], [ 11.14612047265735, 10.299542099960508, 0.0 ], [ 11.146122046722306, 10.299541511960316, 0.0 ], [ 11.146123911623068, 10.299540877742039, 0.0 ], [ 11.146124303587259, 10.299540669968838, 0.0 ], [ 11.14612470506319, 10.299540519074638, 0.0 ], [ 11.146126124255769, 10.299539703429765, 0.0 ], [ 11.146127784872624, 10.299538822913927, 0.0 ], [ 11.146128190772677, 10.299538516529349, 0.0 ], [ 11.146128616260317, 10.299538272379985, 0.0 ], [ 11.146129845225637, 10.299537264574885, 0.0 ], [ 11.146131277216657, 10.299536182211348, 0.0 ], [ 11.146131672343737, 10.299535767437073, 0.0 ], [ 11.146132099853865, 10.299535417524634, 0.0 ], [ 11.146133113331244, 10.299534261111406, 0.0 ], [ 11.146134296923867, 10.299533022223523, 0.0 ], [ 11.146134658437269, 10.299532495595741, 0.0 ], [ 11.146135062378985, 10.299532034666983, 0.0 ], [ 11.146135841490173, 10.29953077225152, 0.0 ], [ 11.146136767875891, 10.299529423897592, 0.0 ], [ 11.146137055765754, 10.299528807374013, 0.0 ], [ 11.146137422302536, 10.299528213828504, 0.0 ] ] ] } },
{ "type": "Feature", "properties": { "OBJECTID": 127, "ActivityID": "GOM47", "Stra_Catch": "Gongola", "Micr_Catch": "FCE-T", "State": "Gombe", "LGA": "Gombe", "Site_Name": "Gombe metropolis", "Interv_Typ": "Desilting (Urban Drainage Desilting)", "Component": "A - Dryland Management", "Comments": null, "Implemnter": "SPMU", "Start_Date": "2024-06-17T00:00:00", "End_Date": "2024/08/26", "No_Trees_P": 0, "Sub_compon": "A2-1", "Lon": 11.167025473400001, "Lat": 10.294324, "Female_pop": 49070, "Buffer_Mtr": 250, "Area_Impac": 1858.14094802, "Male_pop": 83430, "Area_Intev": 1858.14094955, "Netsize_Ha": 0.0, "Indicator": "Area under improved catchment management", "Benefi_pop": 132500.0, "Perct_NDVI": 0.0, "parent_micro_name": "FCE-T. Gombe" }, "geometry": { "type": "Polygon", "coordinates": [ [ [ 11.17142602099867, 10.30470230238349, 0.0 ], [ 11.171517604452717, 10.304663570956661, 0.0 ], [ 11.171608311893214, 10.304622869623326, 0.0 ], [ 11.171698101479624, 10.304580219453641, 0.0 ], [ 11.171786930440318, 10.30453563881246, 0.0 ], [ 11.171874756034672, 10.304489150583702, 0.0 ], [ 11.171961537328924, 10.304440774927617, 0.0 ], [ 11.172047231601221, 10.30439053743946, 0.0 ], [ 11.172131797924193, 10.304338459183304, 0.0 ], [ 11.172215198151823, 10.304284567531386, 0.0 ], [ 11.172297390462864, 10.304228886265278, 0.0 ], [ 11.172378337630342, 10.304171443654873, 0.0 ], [ 11.172457999670902, 10.304112265277066, 0.0 ], [ 11.172536338445136, 10.304051379407905, 0.0 ], [ 11.172613317657641, 10.303988817022468, 0.0 ], [ 11.172688900988328, 10.303924605480736, 0.0 ], [ 11.172763051235544, 10.303858776667731, 0.0 ], [ 11.172835733929482, 10.303791361546281, 0.0 ], [ 11.172906913693991, 10.303722391989115, 0.0 ], [ 11.172976557903347, 10.303651901658137, 0.0 ], [ 11.17304463210044, 10.303579923323721, 0.0 ], [ 11.1731111045786, 10.303506491545399, 0.0 ], [ 11.173175943637441, 10.303431641786437, 0.0 ], [ 11.173239118483137, 10.303355408600215, 0.0 ], [ 11.173300599246984, 10.303277828341463, 0.0 ], [ 11.173314460745628, 10.30325952936594, 0.0 ], [ 11.173380885104285, 10.303282689039568, 0.0 ], [ 11.173472353196663, 10.303312448208024, 0.0 ], [ 11.173564435178632, 10.30334029072103, 0.0 ], [ 11.173657292649805, 10.303365692175808, 0.0 ], [ 11.17366503339842, 10.303368258523575, 0.0 ], [ 11.173758254675059, 10.303402925346905, 0.0 ], [ 11.173907839761998, 10.303453952051338, 0.0 ], [ 11.174059120848732, 10.303499815456929, 0.0 ], [ 11.174211915920891, 10.303540459845538, 0.0 ], [ 11.174247001893336, 10.303548512898397, 0.0 ], [ 11.174289370604235, 10.303561283755133, 0.0 ], [ 11.174442342186504, 10.303601709013396, 0.0 ], [ 11.174505264917734, 10.303617185041769, 0.0 ], [ 11.174583730953751, 10.303635756964805, 0.0 ], [ 11.174686422412627, 10.30365911437306, 0.0 ], [ 11.174800698038849, 10.303683585066894, 0.0 ], [ 11.174915569803188, 10.303705149518667, 0.0 ], [ 11.17501382397271, 10.303721213858948, 0.0 ], [ 11.17511240946819, 10.303735151945606, 0.0 ], [ 11.175211277867781, 10.303746956873862, 0.0 ], [ 11.175310382587316, 10.303756623534342, 0.0 ], [ 11.175409677042648, 10.303764146817686, 0.0 ], [ 11.175509113743164, 10.303769522524572, 0.0 ], [ 11.175608644304234, 10.303772749173188, 0.0 ], [ 11.175708547080401, 10.303773824890675, 0.0 ], [ 11.175719220030286, 10.303773823565074, 0.0 ], [ 11.175746325829325, 10.303775407230512, 0.0 ], [ 11.175925626081202, 10.303778895931378, 0.0 ], [ 11.176025204672243, 10.303777819914286, 0.0 ], [ 11.176124736556572, 10.303774593978668, 0.0 ], [ 11.17622417244319, 10.303769217552926, 0.0 ], [ 11.176323466722717, 10.303761694559862, 0.0 ], [ 11.176422571954321, 10.303752028030853, 0.0 ], [ 11.176521440709623, 10.303740222804869, 0.0 ], [ 11.176620025566486, 10.303726284624743, 0.0 ], [ 11.176718280021655, 10.303710220130972, 0.0 ], [ 11.176816156665501, 10.303692036874038, 0.0 ], [ 11.17691360991995, 10.303671743296004, 0.0 ], [ 11.177010593300533, 10.303649348748845, 0.0 ], [ 11.177107059428817, 10.303624865302121, 0.0 ], [ 11.17720296365197, 10.303598303199411, 0.0 ], [ 11.177298260423191, 10.303569675401841, 0.0 ], [ 11.177392903289311, 10.303538995780505, 0.0 ], [ 11.177486847628748, 10.303506279097999, 0.0 ], [ 11.177634654509886, 10.303450109592088, 0.0 ], [ 11.177780406924253, 10.303388897868865, 0.0 ], [ 11.177856543668236, 10.303355368293383, 0.0 ], [ 11.177965546332308, 10.303305654857578, 0.0 ], [ 11.178073191591452, 10.303253121563445, 0.0 ], [ 11.17817940484958, 10.303197804164476, 0.0 ], [ 11.178184447385689, 10.303195008104732, 0.0 ], [ 11.178226175222873, 10.303179455058755, 0.0 ], [ 11.178318589384045, 10.303142711094484, 0.0 ], [ 11.178410171188933, 10.303103979782122, 0.0 ], [ 11.178500878772912, 10.303063278577392, 0.0 ], [ 11.178590668471003, 10.303020628563457, 0.0 ], [ 11.178679496599708, 10.302976048112185, 0.0 ], [ 11.178767322238363, 10.302929559192131, 0.0 ], [ 11.178854101734693, 10.302881184694094, 0.0 ], [ 11.178953429864171, 10.302822213229771, 0.0 ], [ 11.179008900426158, 10.302804087392934, 0.0 ], [ 11.179095986773607, 10.302773681517628, 0.0 ], [ 11.179189188411476, 10.302738943048848, 0.0 ], [ 11.179281602285554, 10.302702198857375, 0.0 ], [ 11.179373184712189, 10.302663467315098, 0.0 ], [ 11.179463892007833, 10.302622766793922, 0.0 ], [ 11.179553681407869, 10.302580116563398, 0.0 ], [ 11.179642509235135, 10.30253553589929, 0.0 ], [ 11.179710014513764, 10.302499251447642, 0.0 ], [ 11.179873137559943, 10.302457772532215, 0.0 ], [ 11.180104783521605, 10.30239476522104, 0.0 ], [ 11.180193679135394, 10.302369624320916, 0.0 ], [ 11.180282043185469, 10.302342704642731, 0.0 ], [ 11.180369838339509, 10.302314019092423, 0.0 ], [ 11.18045702907812, 10.302283578756132, 0.0 ], [ 11.180598024649285, 10.302230126643105, 0.0 ], [ 11.180737157776703, 10.302172086576283, 0.0 ], [ 11.180874276468733, 10.302109521044148, 0.0 ], [ 11.181009231521809, 10.30204249974706, 0.0 ], [ 11.18116205339283, 10.301963445496773, 0.0 ], [ 11.181259646281271, 10.301911459066847, 0.0 ], [ 11.181295548882542, 10.301891772932334, 0.0 ], [ 11.181308611990731, 10.30189163239123, 0.0 ], [ 11.181408142898666, 10.301888405863627, 0.0 ], [ 11.181507578689228, 10.301883028848339, 0.0 ], [ 11.181606871934473, 10.301875506184903, 0.0 ], [ 11.181705977013099, 10.301865839989327, 0.0 ], [ 11.181804844671984, 10.301854035113605, 0.0 ], [ 11.181903428395934, 10.301840096391333, 0.0 ], [ 11.182001682607323, 10.301824032265085, 0.0 ], [ 11.182099558972004, 10.301805848484655, 0.0 ], [ 11.182197011924886, 10.301785555300278, 0.0 ], [ 11.182293994063228, 10.301763161167045, 0.0 ], [ 11.182390459828305, 10.301738677239054, 0.0 ], [ 11.18248636366142, 10.30171211467048, 0.0 ], [ 11.182581659109987, 10.301683487333028, 0.0 ], [ 11.182659688643156, 10.301658193215633, 0.0 ], [ 11.182733690069824, 10.301646094060745, 0.0 ], [ 11.182831566293231, 10.301627910078254, 0.0 ], [ 11.182929019100651, 10.301607616693742, 0.0 ], [ 11.18302600108942, 10.301585222362332, 0.0 ], [ 11.183122467619716, 10.301560739135892, 0.0 ], [ 11.183218371295219, 10.30153417637341, 0.0 ], [ 11.183313666582279, 10.301505548844322, 0.0 ], [ 11.183380477764979, 10.30148389137374, 0.0 ], [ 11.183443450448008, 10.301483211308144, 0.0 ], [ 11.183542980156448, 10.301479984159744, 0.0 ], [ 11.183642416571555, 10.301474608322389, 0.0 ], [ 11.183741709502755, 10.301467085039334, 0.0 ], [ 11.183840814260206, 10.301457419132046, 0.0 ], [ 11.18393968157848, 10.301445613645237, 0.0 ], [ 11.184038265867626, 10.301431675214195, 0.0 ], [ 11.184136519712485, 10.301415610486535, 0.0 ], [ 11.184234395704143, 10.301397427013768, 0.0 ], [ 11.184331848271498, 10.30137713414263, 0.0 ], [ 11.184428830918389, 10.30135473941853, 0.0 ], [ 11.184525296273458, 10.301330255815731, 0.0 ], [ 11.184621200597249, 10.301303693572585, 0.0 ], [ 11.184716495612138, 10.3012750665734, 0.0 ], [ 11.184811138503886, 10.301244386857991, 0.0 ], [ 11.184905081920112, 10.301211670112135, 0.0 ], [ 11.185028501901483, 10.301165170649632, 0.0 ], [ 11.185150512178161, 10.301115155770141, 0.0 ], [ 11.185270322440784, 10.301064019615435, 0.0 ], [ 11.185391807231175, 10.301010075685582, 0.0 ], [ 11.185511652513917, 10.300952645011055, 0.0 ], [ 11.185629754589421, 10.300891778005278, 0.0 ], [ 11.185661923342053, 10.300873999354405, 0.0 ], [ 11.185683205344731, 10.300871924053714, 0.0 ], [ 11.185782073216918, 10.300860118952, 0.0 ], [ 11.185880657136639, 10.300846180916178, 0.0 ], [ 11.18597891059529, 10.300830115684228, 0.0 ], [ 11.186076786196633, 10.300811932615407, 0.0 ], [ 11.186174238357266, 10.300791639249146, 0.0 ], [ 11.186271220593685, 10.300769244938648, 0.0 ], [ 11.186367686434913, 10.300744760844688, 0.0 ], [ 11.18646359032889, 10.300718199025734, 0.0 ], [ 11.186558885810996, 10.300689571546441, 0.0 ], [ 11.186653527341795, 10.300658892272901, 0.0 ], [ 11.186747471207159, 10.300626175058893, 0.0 ], [ 11.186840671886491, 10.300591436481897, 0.0 ], [ 11.186933084765675, 10.300554692209509, 0.0 ], [ 11.18702466708085, 10.300515961512069, 0.0 ], [ 11.187115373305449, 10.300475260063404, 0.0 ], [ 11.187205162519756, 10.300432609832935, 0.0 ], [ 11.187293990128696, 10.300388029199656, 0.0 ], [ 11.187381814306345, 10.300341541042995, 0.0 ], [ 11.187468594120803, 10.300293165524868, 0.0 ], [ 11.187554286846177, 10.300242927338454, 0.0 ], [ 11.187638853400955, 10.300190850248466, 0.0 ], [ 11.18772225196585, 10.300136958038159, 0.0 ], [ 11.187804443478241, 10.300081277183589, 0.0 ], [ 11.187885388875635, 10.300023834160861, 0.0 ], [ 11.187965050008241, 10.299964655439874, 0.0 ], [ 11.188043387832472, 10.299903770208047, 0.0 ], [ 11.188120366036477, 10.299841206730504, 0.0 ], [ 11.188195948327234, 10.299776995983668, 0.0 ], [ 11.188270097486713, 10.299711167142631, 0.0 ], [ 11.188342779053576, 10.29964375207525, 0.0 ], [ 11.188413958566576, 10.29957478264939, 0.0 ], [ 11.188483601570839, 10.299504291636644, 0.0 ], [ 11.188551674536654, 10.29943231361003, 0.0 ], [ 11.188618146666075, 10.299358882220201, 0.0 ], [ 11.188682984429603, 10.299284032040092, 0.0 ], [ 11.188708644861222, 10.299253067086138, 0.0 ], [ 11.188720155334261, 10.299241416694528, 0.0 ], [ 11.188788229104578, 10.29916943863352, 0.0 ], [ 11.188854700207751, 10.299096006318955, 0.0 ], [ 11.188919538777322, 10.29902115610669, 0.0 ], [ 11.188982713109191, 10.298944922557288, 0.0 ], [ 11.189044192430693, 10.298867342936489, 0.0 ], [ 11.189103948700893, 10.298788453587678, 0.0 ], [ 11.189161952059951, 10.298708291770375, 0.0 ], [ 11.189218176304831, 10.298626895623109, 0.0 ], [ 11.189272594332436, 10.298544305098122, 0.0 ], [ 11.189325179933689, 10.298460557430149, 0.0 ], [ 11.189375907843381, 10.298375694366525, 0.0 ], [ 11.189424754609165, 10.298289755834723, 0.0 ], [ 11.189471696778773, 10.298202781762129, 0.0 ], [ 11.189516710918706, 10.298114814787427, 0.0 ], [ 11.189559777233576, 10.298025895717027, 0.0 ], [ 11.189600875034133, 10.297936068074785, 0.0 ], [ 11.189639983618713, 10.29784537357696, 0.0 ], [ 11.189677085036063, 10.297753855728807, 0.0 ], [ 11.189712162253844, 10.297661558933122, 0.0 ], [ 11.189745197308421, 10.297568524887504, 0.0 ], [ 11.18977617501152, 10.297474800693644, 0.0 ], [ 11.18980508105631, 10.297380428928113, 0.0 ], [ 11.189831901154735, 10.297285454878788, 0.0 ], [ 11.189856622850243, 10.29718992472489, 0.0 ], [ 11.189879234586472, 10.297093882831916, 0.0 ], [ 11.189899724819535, 10.296997375372783, 0.0 ], [ 11.189918084737204, 10.29690044759816, 0.0 ], [ 11.189934304627124, 10.29680314657228, 0.0 ], [ 11.189948377508564, 10.296705518437134, 0.0 ], [ 11.189960296407042, 10.296607610238368, 0.0 ], [ 11.189970056160838, 10.29650946720168, 0.0 ], [ 11.1899776507081, 10.296411136366487, 0.0 ], [ 11.189983078550027, 10.296312664741256, 0.0 ], [ 11.189986335456235, 10.296214100256693, 0.0 ], [ 11.189987419915431, 10.296115488113632, 0.0 ], [ 11.189986332260261, 10.296016876211832, 0.0 ], [ 11.189983072817098, 10.295918311547219, 0.0 ], [ 11.189977642818688, 10.295819840205725, 0.0 ], [ 11.189970044422811, 10.295721510074637, 0.0 ], [ 11.18996028251259, 10.295623367215088, 0.0 ], [ 11.189948361064733, 10.295525458598156, 0.0 ], [ 11.189934284968505, 10.295427831188672, 0.0 ], [ 11.189918062751115, 10.295330530119204, 0.0 ], [ 11.18989970022059, 10.295233603252125, 0.0 ], [ 11.189879206822862, 10.295137096617523, 0.0 ], [ 11.189856592910198, 10.295041055335494, 0.0 ], [ 11.189851031686844, 10.295019568529657, 0.0 ], [ 11.189883534798843, 10.294965194446844, 0.0 ], [ 11.189932381073405, 10.294879255054473, 0.0 ], [ 11.189979321873469, 10.294792281933971, 0.0 ], [ 11.190024336484896, 10.294704314994137, 0.0 ], [ 11.190067402380873, 10.294615395963643, 0.0 ], [ 11.19010849887237, 10.294525568366328, 0.0 ], [ 11.190147607995746, 10.294434873899911, 0.0 ], [ 11.190184709062097, 10.294343356088163, 0.0 ], [ 11.190219785032998, 10.29425105843006, 0.0 ], [ 11.190252819788917, 10.294158025322197, 0.0 ], [ 11.190283798116765, 10.294064300251126, 0.0 ], [ 11.190312702990735, 10.293969928523262, 0.0 ], [ 11.190339522854483, 10.293874954504162, 0.0 ], [ 11.190364244338957, 10.293779424379228, 0.0 ], [ 11.190386855887887, 10.293683382513882, 0.0 ], [ 11.190407345957489, 10.293586875081099, 0.0 ], [ 11.190425705735599, 10.293489947331476, 0.0 ], [ 11.190441925509942, 10.293392646329293, 0.0 ], [ 11.190455998299827, 10.293295018216465, 0.0 ], [ 11.190467917124588, 10.293197109134901, 0.0 ], [ 11.190477676835002, 10.293098966117823, 0.0 ], [ 11.190485271369255, 10.293000636204656, 0.0 ], [ 11.190490698303448, 10.292902164602438, 0.0 ], [ 11.190493955232421, 10.292803599229554, 0.0 ], [ 11.190495040663581, 10.292704987998167, 0.0 ], [ 11.190493953079381, 10.292606375205242, 0.0 ], [ 11.190490692824872, 10.292507810558041, 0.0 ], [ 11.19048526295172, 10.292409339226365, 0.0 ], [ 11.190477665617649, 10.292311009097476, 0.0 ], [ 11.190467902967892, 10.292212866251084, 0.0 ], [ 11.19045598171688, 10.292114957639672, 0.0 ], [ 11.190441905841215, 10.292017330234286, 0.0 ], [ 11.190425683874189, 10.29192003007126, 0.0 ], [ 11.190407321611271, 10.291823103205411, 0.0 ], [ 11.190386828498255, 10.291726595666821, 0.0 ], [ 11.19036421489974, 10.291630554383163, 0.0 ], [ 11.190339491167768, 10.291535024474479, 0.0 ], [ 11.190312668573149, 10.29144005195846, 0.0 ], [ 11.190283760199369, 10.29134568103278, 0.0 ], [ 11.190252780048676, 10.291251956792776, 0.0 ], [ 11.19021974303582, 10.291158924327521, 0.0 ], [ 11.19018466498186, 10.291066627816155, 0.0 ], [ 11.190147561701519, 10.290975110534003, 0.0 ], [ 11.190108451759706, 10.290884417545417, 0.0 ], [ 11.190067352783714, 10.290794590305804, 0.0 ], [ 11.190024285157234, 10.290705672963348, 0.0 ], [ 11.189979269245169, 10.290617706954926, 0.0 ], [ 11.189932326331148, 10.290530734614983, 0.0 ], [ 11.189883478598835, 10.290444796464248, 0.0 ], [ 11.189832749156889, 10.290359934824831, 0.0 ], [ 11.189780162914078, 10.290276188391351, 0.0 ], [ 11.189725744797819, 10.290193598569818, 0.0 ], [ 11.189669520629289, 10.29011220404872, 0.0 ], [ 11.189611516229583, 10.290032043516527, 0.0 ], [ 11.189551760157466, 10.289953155643234, 0.0 ], [ 11.189490280040307, 10.289875576393676, 0.0 ], [ 11.189427106268111, 10.289799345329278, 0.0 ], [ 11.189362268274511, 10.289724495691271, 0.0 ], [ 11.189295797349436, 10.289651065227401, 0.0 ], [ 11.189227723851378, 10.289579088980247, 0.0 ], [ 11.189158081770433, 10.289508599256477, 0.0 ], [ 11.189086904208919, 10.289439631983996, 0.0 ], [ 11.189014223319079, 10.289372217674279, 0.0 ], [ 11.188940074928345, 10.289306390429246, 0.0 ], [ 11.188864494839118, 10.289242180735757, 0.0 ], [ 11.188787517934886, 10.289179618183052, 0.0 ], [ 11.188709180942929, 10.289118735059461, 0.0 ], [ 11.18862952145939, 10.289059557320726, 0.0 ], [ 11.18854857802409, 10.289002115435295, 0.0 ], [ 11.188466388239219, 10.288946436262799, 0.0 ], [ 11.188382991519632, 10.288892544842954, 0.0 ], [ 11.188298428211354, 10.288840468920732, 0.0 ], [ 11.188212736804013, 10.288790231734557, 0.0 ], [ 11.188125960362568, 10.288741858299664, 0.0 ], [ 11.188038138282852, 10.288695370944643, 0.0 ], [ 11.187949313604769, 10.288650791069699, 0.0 ], [ 11.187859527555403, 10.288608141894997, 0.0 ], [ 11.187768824068431, 10.28856744210332, 0.0 ], [ 11.187677245258495, 10.288528711293658, 0.0 ], [ 11.187584835065371, 10.288491969052735, 0.0 ], [ 11.187491637403857, 10.288457231352178, 0.0 ], [ 11.187331439832212, 10.288402799207942, 0.0 ], [ 11.187110949349075, 10.288332381671616, 0.0 ], [ 11.186960899728046, 10.288287263329785, 0.0 ], [ 11.186809374146732, 10.288247275927072, 0.0 ], [ 11.186656551795608, 10.288212466155132, 0.0 ], [ 11.186502611833843, 10.28818287618704, 0.0 ], [ 11.186404519915365, 10.288166835990046, 0.0 ], [ 11.186306098532183, 10.288152915638767, 0.0 ], [ 11.186207394268076, 10.288141121145527, 0.0 ], [ 11.186108453706789, 10.288131458522644, 0.0 ], [ 11.186009324338448, 10.288123932872617, 0.0 ], [ 11.185910052721923, 10.2881185465928, 0.0 ], [ 11.185810687241283, 10.288115302068283, 0.0 ], [ 11.185711272636436, 10.288114202612645, 0.0 ], [ 11.185473389964738, 10.28811413632272, 0.0 ], [ 11.185373177152266, 10.288115212226238, 0.0 ], [ 11.185273650835013, 10.288118439080113, 0.0 ], [ 11.185174218700398, 10.288123815459963, 0.0 ], [ 11.185074929095272, 10.288131338328521, 0.0 ], [ 11.184975829447691, 10.288141003750981, 0.0 ], [ 11.184876965366811, 10.288152808708663, 0.0 ], [ 11.184778385174706, 10.288166746549336, 0.0 ], [ 11.184680136280932, 10.288182810627012, 0.0 ], [ 11.184582263351073, 10.288200993410415, 0.0 ], [ 11.184484814694942, 10.288221286439933, 0.0 ], [ 11.184387836790995, 10.288243680364486, 0.0 ], [ 11.184291374273926, 10.288268163134067, 0.0 ], [ 11.184195474528689, 10.28829472448777, 0.0 ], [ 11.184100183096481, 10.288323351465714, 0.0 ], [ 11.184097398460205, 10.288324254188582, 0.0 ], [ 11.183934444134382, 10.288324229955531, 0.0 ], [ 11.183921803927589, 10.288324336909122, 0.0 ], [ 11.183846177407817, 10.288262909875453, 0.0 ], [ 11.183765646498292, 10.288200434925033, 0.0 ], [ 11.183683722559531, 10.288139763430991, 0.0 ], [ 11.183600445949743, 10.28808092494638, 0.0 ], [ 11.183421846234252, 10.287957705544482, 0.0 ], [ 11.183341785379206, 10.287903710566097, 0.0 ], [ 11.183260586274967, 10.287851409770811, 0.0 ], [ 11.183178284679352, 10.287800827320041, 0.0 ], [ 11.183094918162904, 10.287751985555385, 0.0 ], [ 11.183008141624429, 10.287703611435459, 0.0 ], [ 11.182920319422132, 10.287657124288318, 0.0 ], [ 11.182831494589328, 10.287612544611202, 0.0 ], [ 11.182741709265342, 10.287569895618825, 0.0 ], [ 11.182651006470909, 10.287529196000975, 0.0 ], [ 11.182559427407783, 10.287490465363504, 0.0 ], [ 11.182467017834361, 10.287453722377867, 0.0 ], [ 11.182373820765022, 10.287418984830166, 0.0 ], [ 11.18227988011426, 10.287386268692917, 0.0 ], [ 11.182185242534286, 10.287355589920189, 0.0 ], [ 11.182089950101886, 10.287326962689344, 0.0 ], [ 11.181994051288164, 10.287300402038483, 0.0 ], [ 11.181897589057588, 10.287275918523822, 0.0 ], [ 11.181800610956165, 10.2872535253822, 0.0 ], [ 11.181703162679881, 10.287233232247674, 0.0 ], [ 11.181605290837267, 10.287215048748234, 0.0 ], [ 11.181507041124254, 10.287198984518117, 0.0 ], [ 11.181408461962111, 10.287185047365519, 0.0 ], [ 11.181309598103109, 10.287173242412047, 0.0 ], [ 11.181210497962288, 10.287163576562268, 0.0 ], [ 11.181111209017274, 10.287156053111877, 0.0 ], [ 11.181011777845521, 10.287150677170299, 0.0 ], [ 11.180912251912247, 10.287147450225758, 0.0 ], [ 11.180901410821468, 10.287147333439714, 0.0 ], [ 11.180827779695107, 10.287122130916867, 0.0 ], [ 11.180685658772772, 10.287078566581183, 0.0 ], [ 11.18054217867018, 10.287039611794045, 0.0 ], [ 11.180397493900799, 10.287005307994143, 0.0 ], [ 11.180041836289211, 10.286927031763989, 0.0 ], [ 11.179943235365867, 10.286906458399741, 0.0 ], [ 11.179844200266638, 10.28688804625923, 0.0 ], [ 11.179735109139157, 10.286870342589332, 0.0 ], [ 11.179625617111048, 10.2868552608633, 0.0 ], [ 11.179501355997342, 10.286839661191845, 0.0 ], [ 11.179374925772327, 10.286812789101385, 0.0 ], [ 11.179346100214552, 10.286800958614819, 0.0 ], [ 11.179257261896863, 10.286767897147591, 0.0 ], [ 11.179149297796501, 10.286730491329195, 0.0 ], [ 11.179040421292328, 10.286695776874144, 0.0 ], [ 11.178984593465277, 10.286678738541651, 0.0 ], [ 11.178962069423584, 10.286669797621961, 0.0 ], [ 11.178944815756379, 10.286663370024391, 0.0 ], [ 11.178935247913467, 10.286650366898186, 0.0 ], [ 11.178932294166174, 10.286646575341965, 0.0 ], [ 11.179000167303805, 10.286606466007337, 0.0 ], [ 11.179110905854245, 10.286536674910201, 0.0 ], [ 11.179169598323003, 10.286498499149777, 0.0 ], [ 11.179250402209425, 10.286452625832149, 0.0 ], [ 11.179262630257858, 10.28644565910518, 0.0 ], [ 11.179348319613112, 10.286395420856957, 0.0 ], [ 11.179432881986635, 10.28634334275759, 0.0 ], [ 11.179516277403698, 10.286289451288122, 0.0 ], [ 11.179585328432383, 10.286242670030459, 0.0 ], [ 11.179615792714783, 10.286231314498794, 0.0 ], [ 11.179668369369956, 10.286210408544509, 0.0 ], [ 11.179698911667129, 10.286224917238703, 0.0 ], [ 11.179789614767211, 10.286265618739368, 0.0 ], [ 11.179881192359094, 10.286304350311889, 0.0 ], [ 11.179973601425214, 10.286341094168924, 0.0 ], [ 11.180066798035336, 10.286375832529275, 0.0 ], [ 11.180175477366101, 10.286413476357792, 0.0 ], [ 11.180285080754963, 10.286448394314879, 0.0 ], [ 11.180395538680708, 10.286480563368755, 0.0 ], [ 11.180506780728061, 10.286509963205281, 0.0 ], [ 11.180689552213575, 10.286555828926861, 0.0 ], [ 11.180853173986442, 10.286593728852695, 0.0 ], [ 11.181018093480455, 10.286625638439162, 0.0 ], [ 11.181154295209891, 10.286647327508479, 0.0 ], [ 11.181291096765312, 10.286664928999363, 0.0 ], [ 11.181428373010567, 10.286678428390081, 0.0 ], [ 11.181565998828164, 10.286687813870431, 0.0 ], [ 11.181738945926261, 10.286697009217967, 0.0 ], [ 11.181861253218166, 10.286701884661406, 0.0 ], [ 11.181983648605588, 10.286703510218347, 0.0 ], [ 11.18208102596893, 10.286702481674268, 0.0 ], [ 11.182178358157723, 10.286699395399282, 0.0 ], [ 11.18227560320331, 10.286694253484335, 0.0 ], [ 11.182372714580296, 10.286687058954861, 0.0 ], [ 11.182469648488709, 10.286677813010398, 0.0 ], [ 11.182566361165822, 10.286666522273185, 0.0 ], [ 11.182662809736748, 10.286653189744253, 0.0 ], [ 11.182758947707292, 10.286637822968196, 0.0 ], [ 11.182920680092742, 10.286610215486641, 0.0 ], [ 11.182936300459206, 10.286607521638567, 0.0 ], [ 11.183175141593368, 10.286565904669351, 0.0 ], [ 11.183274531807777, 10.286547441018424, 0.0 ], [ 11.183461545095392, 10.28651057128255, 0.0 ], [ 11.183591965278763, 10.286482890816501, 0.0 ], [ 11.18367433206633, 10.2864641586216, 0.0 ], [ 11.183802670079954, 10.286440932598975, 0.0 ], [ 11.183946753341168, 10.286412477475212, 0.0 ], [ 11.184014159649026, 10.28639804344809, 0.0 ], [ 11.184197846492225, 10.286371178472907, 0.0 ], [ 11.184323608943501, 10.286351004665423, 0.0 ], [ 11.184421480437369, 10.286332821175135, 0.0 ], [ 11.184518928540673, 10.286312527377296, 0.0 ], [ 11.184615905865462, 10.286290133534354, 0.0 ], [ 11.184712366849039, 10.286265649896546, 0.0 ], [ 11.184808265934983, 10.286239087617894, 0.0 ], [ 11.184903557579377, 10.28621045966004, 0.0 ], [ 11.184998195338238, 10.286179780798333, 0.0 ], [ 11.185092134580383, 10.286147063988361, 0.0 ], [ 11.185234510300631, 10.286093058877194, 0.0 ], [ 11.18537498562028, 10.286034375702631, 0.0 ], [ 11.185543683167829, 10.285960590762928, 0.0 ], [ 11.185655449191039, 10.285909914777394, 0.0 ], [ 11.185765797551886, 10.285856276563505, 0.0 ], [ 11.18587464728963, 10.285799714630125, 0.0 ], [ 11.185981919293793, 10.285740271088955, 0.0 ], [ 11.186067608876373, 10.285690032208532, 0.0 ], [ 11.186152170546372, 10.285637955321532, 0.0 ], [ 11.186235566130176, 10.285584063282261, 0.0 ], [ 11.186317753822566, 10.285528381680992, 0.0 ], [ 11.186398695487435, 10.285470938794672, 0.0 ], [ 11.186478352970134, 10.285411760188946, 0.0 ], [ 11.186481440298367, 10.285409360488154, 0.0 ], [ 11.18649954448534, 10.285409947759462, 0.0 ], [ 11.18659911773965, 10.285411023474264, 0.0 ], [ 11.186698690775369, 10.285409947161977, 0.0 ], [ 11.1867982161485, 10.285406720950956, 0.0 ], [ 11.186897646396396, 10.28540134425835, 0.0 ], [ 11.186996935006361, 10.285393821917854, 0.0 ], [ 11.187096034528277, 10.285384155154238, 0.0 ], [ 11.187194897543151, 10.285372349711256, 0.0 ], [ 11.187293476638283, 10.285358412236473, 0.0 ], [ 11.187391725301131, 10.285342347563786, 0.0 ], [ 11.187482312254883, 10.285325592576815, 0.0 ], [ 11.187572539038342, 10.285307030550531, 0.0 ], [ 11.187782490142938, 10.28526164328027, 0.0 ], [ 11.187905652410299, 10.2852332420302, 0.0 ], [ 11.188027973731524, 10.285201472458006, 0.0 ], [ 11.188149359362804, 10.28516635960864, 0.0 ], [ 11.188247904245905, 10.285134894311195, 0.0 ], [ 11.188333730351458, 10.285114631010186, 0.0 ], [ 11.188478442839733, 10.285075445988634, 0.0 ], [ 11.188621775939025, 10.28503157217494, 0.0 ], [ 11.188763575735495, 10.284983056707086, 0.0 ], [ 11.188856771828073, 10.28494831760681, 0.0 ], [ 11.188949180174687, 10.284911573712691, 0.0 ], [ 11.189040757088527, 10.284872842493535, 0.0 ], [ 11.189131459795471, 10.284832141412025, 0.0 ], [ 11.189221243714998, 10.28478949065452, 0.0 ], [ 11.189310067004442, 10.284744910388882, 0.0 ], [ 11.189397886914852, 10.284698421692982, 0.0 ], [ 11.189484662528791, 10.28465004653612, 0.0 ], [ 11.189570351116197, 10.284599808707506, 0.0 ], [ 11.189654913591223, 10.284547731067935, 0.0 ], [ 11.189738308149046, 10.284493839208018, 0.0 ], [ 11.189820495716477, 10.284438157796105, 0.0 ], [ 11.189901437245336, 10.284380715115679, 0.0 ], [ 11.189981093662643, 10.284321535835103, 0.0 ], [ 11.190059428676861, 10.28426065093066, 0.0 ], [ 11.190136403233906, 10.284198087782062, 0.0 ], [ 11.190270316337596, 10.284082327639645, 0.0 ], [ 11.190399577397335, 10.283961492343217, 0.0 ], [ 11.190523989631494, 10.283835763992982, 0.0 ], [ 11.190643364535015, 10.283705333671303, 0.0 ], [ 11.190805526801658, 10.283521067190653, 0.0 ], [ 11.190861153915197, 10.283456647260067, 0.0 ], [ 11.190885033772728, 10.283427305053332, 0.0 ], [ 11.191005619113104, 10.283344072012051, 0.0 ], [ 11.191129951820717, 10.283251873016205, 0.0 ], [ 11.191252706648012, 10.283157573340331, 0.0 ], [ 11.191433670490182, 10.283042174266614, 0.0 ], [ 11.19152035158505, 10.282985507721067, 0.0 ], [ 11.191605707834881, 10.282926901489388, 0.0 ], [ 11.191847705901603, 10.282756674924338, 0.0 ], [ 11.192075179691185, 10.282604876846731, 0.0 ], [ 11.192173840816112, 10.282537153138225, 0.0 ], [ 11.192270670046282, 10.282466883096314, 0.0 ], [ 11.192365599268804, 10.282394115086122, 0.0 ], [ 11.192458564040049, 10.282318900159439, 0.0 ], [ 11.192534140890981, 10.282254688479433, 0.0 ], [ 11.192608286521962, 10.282188859602531, 0.0 ], [ 11.192680963729762, 10.28212144451137, 0.0 ], [ 11.192752138967789, 10.282052475067603, 0.0 ], [ 11.192821778702012, 10.281981984940481, 0.0 ], [ 11.192889848473486, 10.28191000599783, 0.0 ], [ 11.192956316592252, 10.281836574607841, 0.0 ], [ 11.193021151349747, 10.281761724427316, 0.0 ], [ 11.193053589237214, 10.281722578326915, 0.0 ], [ 11.193056530782989, 10.281722606316901, 0.0 ], [ 11.193059797935586, 10.281722605891984, 0.0 ], [ 11.19332639423579, 10.281736632360294, 0.0 ], [ 11.193447418697419, 10.281741405799846, 0.0 ], [ 11.193568528881075, 10.281742998080025, 0.0 ], [ 11.193646077318043, 10.281742345555996, 0.0 ], [ 11.194051990472989, 10.281735514246082, 0.0 ], [ 11.19413482542276, 10.281733375176556, 0.0 ], [ 11.194446925931203, 10.281722506896308, 0.0 ], [ 11.194781682910181, 10.281722478854157, 0.0 ], [ 11.195121627135089, 10.281722455085845, 0.0 ], [ 11.195285842328625, 10.28171951756055, 0.0 ], [ 11.195449844599539, 10.281710730089365, 0.0 ], [ 11.195613421385298, 10.28169610496083, 0.0 ], [ 11.195776361079957, 10.281675660784032, 0.0 ], [ 11.19610958069482, 10.281627803729181, 0.0 ], [ 11.196247122412927, 10.281605922701027, 0.0 ], [ 11.196341302761249, 10.281588465119652, 0.0 ], [ 11.196435092671679, 10.281569052495286, 0.0 ], [ 11.19652845114587, 10.281547695048541, 0.0 ], [ 11.196621335347881, 10.281524401204887, 0.0 ], [ 11.196713705192058, 10.281499181178827, 0.0 ], [ 11.196805520605263, 10.281472046992398, 0.0 ], [ 11.196896740595637, 10.28144300977017, 0.0 ], [ 11.196987325096439, 10.281412082438017, 0.0 ], [ 11.197181142019707, 10.281343647115644, 0.0 ], [ 11.197209451612304, 10.281333547500516, 0.0 ], [ 11.197302646211826, 10.281298809078521, 0.0 ], [ 11.197395053936592, 10.281262064982023, 0.0 ], [ 11.197486630194653, 10.281223333590777, 0.0 ], [ 11.197577331300458, 10.28118263237454, 0.0 ], [ 11.197667114499879, 10.281139981508257, 0.0 ], [ 11.197755937038862, 10.281095401166871, 0.0 ], [ 11.197843756169714, 10.281048912429153, 0.0 ], [ 11.197930530069907, 10.281000538175219, 0.0 ], [ 11.19801621781707, 10.280950299471495, 0.0 ], [ 11.198100778520176, 10.280898221903234, 0.0 ], [ 11.19818417219463, 10.280844330145781, 0.0 ], [ 11.198266358855927, 10.280788648874465, 0.0 ], [ 11.198347299451006, 10.280731205469792, 0.0 ], [ 11.198426955839453, 10.280672027306004, 0.0 ], [ 11.198505288968397, 10.280611141763606, 0.0 ], [ 11.198582263447845, 10.280548578005829, 0.0 ], [ 11.198651987223689, 10.280489441896261, 0.0 ], [ 11.198720496803226, 10.280428928468821, 0.0 ], [ 11.198787763159636, 10.280367063228077, 0.0 ], [ 11.19885375908507, 10.280303870762474, 0.0 ], [ 11.198892129605751, 10.280265622145262, 0.0 ], [ 11.199114638287885, 10.280104710836014, 0.0 ], [ 11.199340945852384, 10.27995315522184, 0.0 ], [ 11.199352594472462, 10.279946317433421, 0.0 ], [ 11.199424649390485, 10.279916284467161, 0.0 ], [ 11.199453418505344, 10.279904177819779, 0.0 ], [ 11.200050302331295, 10.279650608901521, 0.0 ], [ 11.200427910781546, 10.279493975387727, 0.0 ], [ 11.2005606292929, 10.279436454717134, 0.0 ], [ 11.200691438188585, 10.279374791237041, 0.0 ], [ 11.2008202055701, 10.27930904730569, 0.0 ], [ 11.200946800476977, 10.27923928889023, 0.0 ], [ 11.201034945524427, 10.279187573224219, 0.0 ], [ 11.201121895245073, 10.279133911615366, 0.0 ], [ 11.201207606923365, 10.279078329661749, 0.0 ], [ 11.201292037875152, 10.279020857480306, 0.0 ], [ 11.201577387108944, 10.278821911255402, 0.0 ], [ 11.20171105381295, 10.278725079661719, 0.0 ], [ 11.202094426170515, 10.278436635876428, 0.0 ], [ 11.202181671517121, 10.278369327191543, 0.0 ], [ 11.202267245178907, 10.278299944755156, 0.0 ], [ 11.202350763418194, 10.278228819260436, 0.0 ], [ 11.202432525781781, 10.278155718201068, 0.0 ], [ 11.202512481461204, 10.278080684402905, 0.0 ], [ 11.202590586954868, 10.27800376154593, 0.0 ], [ 11.202676590231345, 10.27791699128939, 0.0 ], [ 11.202921686121257, 10.27772312067864, 0.0 ], [ 11.203007154155804, 10.27765382198023, 0.0 ], [ 11.203082730192179, 10.277589610281597, 0.0 ], [ 11.203156874990771, 10.277523781439063, 0.0 ], [ 11.203229551350109, 10.277456366436173, 0.0 ], [ 11.203300725725287, 10.277387397135406, 0.0 ], [ 11.203370363665195, 10.277316906309151, 0.0 ], [ 11.203438432556482, 10.277244928525006, 0.0 ], [ 11.203504898860825, 10.27717149654913, 0.0 ], [ 11.203569732708971, 10.277096645834215, 0.0 ], [ 11.203632902412949, 10.277020412749069, 0.0 ], [ 11.203694378103727, 10.276942832746309, 0.0 ], [ 11.20375412992488, 10.276863943086113, 0.0 ], [ 11.203812129845184, 10.276783781016155, 0.0 ], [ 11.203868349839793, 10.276702384687885, 0.0 ], [ 11.203922764634093, 10.276619794041661, 0.0 ], [ 11.203975346197142, 10.276536046325067, 0.0 ], [ 11.204026071092148, 10.276451183273535, 0.0 ], [ 11.204074914038506, 10.276365243923504, 0.0 ], [ 11.204121852512118, 10.276278270004129, 0.0 ], [ 11.204166863988975, 10.276190303244496, 0.0 ], [ 11.204209927763982, 10.276101384457457, 0.0 ], [ 11.20425102223207, 10.276011556269593, 0.0 ], [ 11.204290128525892, 10.275920861288812, 0.0 ], [ 11.204327226878144, 10.275829343936746, 0.0 ], [ 11.204362301159245, 10.275737046802593, 0.0 ], [ 11.20439533433338, 10.275644013385502, 0.0 ], [ 11.204426310283589, 10.275550288082131, 0.0 ], [ 11.204455214724321, 10.27545591618045, 0.0 ], [ 11.204482032451253, 10.275360942070829, 0.0 ], [ 11.20450675283538, 10.275265411920085, 0.0 ], [ 11.204529362491259, 10.275169369202318, 0.0 ], [ 11.204549851715013, 10.275072861885596, 0.0 ], [ 11.204568209865165, 10.274975934329055, 0.0 ], [ 11.204584429056707, 10.274878633584491, 0.0 ], [ 11.204598501392091, 10.274781004896095, 0.0 ], [ 11.204610418992598, 10.274683096219357, 0.0 ], [ 11.204620177610867, 10.274584952773541, 0.0 ], [ 11.204627772105821, 10.274486622495429, 0.0 ], [ 11.204633199148919, 10.274388151501739, 0.0 ], [ 11.204636456324158, 10.274289585903, 0.0 ], [ 11.204637540315499, 10.274190973623428, 0.0 ], [ 11.204636453275898, 10.274092361646181, 0.0 ], [ 11.204633193708094, 10.273993796979191, 0.0 ], [ 11.204627763758722, 10.273895325701776, 0.0 ], [ 11.204620166493187, 10.273796994790763, 0.0 ], [ 11.20461040498312, 10.273698852126703, 0.0 ], [ 11.204598484112664, 10.273600943770173, 0.0 ], [ 11.204584409678466, 10.273503315775512, 0.0 ], [ 11.204568187483384, 10.273406015100788, 0.0 ], [ 11.204549826974128, 10.273309087775436, 0.0 ], [ 11.204529334865986, 10.273212580751233, 0.0 ], [ 11.204506722424357, 10.273116539141427, 0.0 ], [ 11.204482000014576, 10.273021009872878, 0.0 ], [ 11.204455179801926, 10.272926036245039, 0.0 ], [ 11.204426273064128, 10.272831665178517, 0.0 ], [ 11.204395294710206, 10.272737940857871, 0.0 ], [ 11.204362259655367, 10.27264490837131, 0.0 ], [ 11.204327183721011, 10.272552611897149, 0.0 ], [ 11.204290082722178, 10.272461094709838, 0.0 ], [ 11.204250974311446, 10.27237040187898, 0.0 ], [ 11.20420987794131, 10.272280574846659, 0.0 ], [ 11.204166813076714, 10.272191656862526, 0.0 ], [ 11.204121799176235, 10.27210369027242, 0.0 ], [ 11.204074859354762, 10.272016718301145, 0.0 ], [ 11.204026014876973, 10.27193078057082, 0.0 ], [ 11.203975288845045, 10.271845918498698, 0.0 ], [ 11.203922705261057, 10.271762171688296, 0.0 ], [ 11.203868289970845, 10.271679582442047, 0.0 ], [ 11.203812068782584, 10.271598187639777, 0.0 ], [ 11.203754068435645, 10.271518026866371, 0.0 ], [ 11.203694315663048, 10.271439138803036, 0.0 ], [ 11.203632839003994, 10.271361559407213, 0.0 ], [ 11.203569668841428, 10.271285327335329, 0.0 ], [ 11.203504834626862, 10.271210478538656, 0.0 ], [ 11.203438367630527, 10.271137048052351, 0.0 ], [ 11.203370298210002, 10.271065070917778, 0.0 ], [ 11.203300660372912, 10.270994582151552, 0.0 ], [ 11.203229486282906, 10.270925614071354, 0.0 ], [ 11.203156809934896, 10.270858199886336, 0.0 ], [ 11.203082666236176, 10.270792372799423, 0.0 ], [ 11.203007090068953, 10.270728162398505, 0.0 ], [ 11.20293011724659, 10.270665600976624, 0.0 ], [ 11.202851785382434, 10.270604717199397, 0.0 ], [ 11.202772131177174, 10.270545539738652, 0.0 ], [ 11.202691192243945, 10.270488097260074, 0.0 ], [ 11.202609007102073, 10.270432417519435, 0.0 ], [ 11.202525615177041, 10.270378527362542, 0.0 ], [ 11.202441056788043, 10.270326450917777, 0.0 ], [ 11.202355370435358, 10.270276213229733, 0.0 ], [ 11.202268598269322, 10.270227839318245, 0.0 ], [ 11.20218078151513, 10.270181352401876, 0.0 ], [ 11.202091962291686, 10.270136772981729, 0.0 ], [ 11.202002181817786, 10.270094123372681, 0.0 ], [ 11.201911483118469, 10.270053423165974, 0.0 ], [ 11.201819909224948, 10.270014692856673, 0.0 ], [ 11.20172750497469, 10.2699779502162, 0.0 ], [ 11.201634312461231, 10.269943212130856, 0.0 ], [ 11.201540377434453, 10.26991049636599, 0.0 ], [ 11.201445744706641, 10.269879817078085, 0.0 ], [ 11.201350458189989, 10.269851190237477, 0.0 ], [ 11.201254563602978, 10.269824629090833, 0.0 ], [ 11.201158107570308, 10.26980014597493, 0.0 ], [ 11.201061134885345, 10.269777752335196, 0.0 ], [ 11.20096369216648, 10.269757459604744, 0.0 ], [ 11.200865825100788, 10.269739276511665, 0.0 ], [ 11.200767581200388, 10.269723211771657, 0.0 ], [ 11.200669007064876, 10.26970927410674, 0.0 ], [ 11.200570149275046, 10.269697469527662, 0.0 ], [ 11.200471054405464, 10.269687803141407, 0.0 ], [ 11.200371770861981, 10.269680280946499, 0.0 ], [ 11.200272345194159, 10.269674904434989, 0.0 ], [ 11.200172824882834, 10.269671677804109, 0.0 ], [ 11.200073256477586, 10.269670602546046, 0.0 ], [ 11.199973688340549, 10.26967167833314, 0.0 ], [ 11.199874167921379, 10.269674904843916, 0.0 ], [ 11.199774742663491, 10.269680280853262, 0.0 ], [ 11.199675458172766, 10.269687803340886, 0.0 ], [ 11.199576364617791, 10.269697469255641, 0.0 ], [ 11.199477506685731, 10.269709274679816, 0.0 ], [ 11.199378931776417, 10.269723212062036, 0.0 ], [ 11.199280688221, 10.269739276556157, 0.0 ], [ 11.199182821588083, 10.269757459719518, 0.0 ], [ 11.199085378352612, 10.269777752199602, 0.0 ], [ 11.198988405908384, 10.269800145541483, 0.0 ], [ 11.198891948899156, 10.269824629501267, 0.0 ], [ 11.198796054681363, 10.269851190201525, 0.0 ], [ 11.198700768811426, 10.269879817392262, 0.0 ], [ 11.198606134989557, 10.269910496317079, 0.0 ], [ 11.19851220056616, 10.269943212194848, 0.0 ], [ 11.198419008329058, 10.269977950275418, 0.0 ], [ 11.198326603785029, 10.27001469307875, 0.0 ], [ 11.198235029703318, 10.270053423143453, 0.0 ], [ 11.198144331590878, 10.270094122989583, 0.0 ], [ 11.198054551285862, 10.270136772450631, 0.0 ], [ 11.197965731545315, 10.270181352257721, 0.0 ], [ 11.197877914188842, 10.270227839533069, 0.0 ], [ 11.197791142873724, 10.270276213194096, 0.0 ], [ 11.197644232304771, 10.270363901814928, 0.0 ], [ 11.197500752868892, 10.270456996355675, 0.0 ], [ 11.197360906235284, 10.270555363498154, 0.0 ], [ 11.197224890392663, 10.270658865430129, 0.0 ], [ 11.196764236286779, 10.271023236868006, 0.0 ], [ 11.196678763488174, 10.271092538407336, 0.0 ], [ 11.196595244301388, 10.271163663252443, 0.0 ], [ 11.196513482654581, 10.271236762766387, 0.0 ], [ 11.19643352571919, 10.271311795959335, 0.0 ], [ 11.196365930550256, 10.271378367037288, 0.0 ], [ 11.195869196209335, 10.271589390122228, 0.0 ], [ 11.19552362897573, 10.271733425851171, 0.0 ], [ 11.195392799793918, 10.271790360011687, 0.0 ], [ 11.195263834483983, 10.271851323378762, 0.0 ], [ 11.19513685946837, 10.27191625454377, 0.0 ], [ 11.195011998426066, 10.271985091212958, 0.0 ], [ 11.194966979949951, 10.272011172810156, 0.0 ], [ 11.194569670201254, 10.272244386899438, 0.0 ], [ 11.194453820017275, 10.272314717885312, 0.0 ], [ 11.194340134966801, 10.272388433444039, 0.0 ], [ 11.194253812594523, 10.27244624099915, 0.0 ], [ 11.194208343269796, 10.272418104661174, 0.0 ], [ 11.194117095575237, 10.272364521101402, 0.0 ], [ 11.19403032357161, 10.27231614665482, 0.0 ], [ 11.193942506008533, 10.27226965919435, 0.0 ], [ 11.193853685923674, 10.272225080119776, 0.0 ], [ 11.193763904529549, 10.27218243084333, 0.0 ], [ 11.193673205763766, 10.272141730951221, 0.0 ], [ 11.193581631738777, 10.272103000042049, 0.0 ], [ 11.193489226385845, 10.272066256798379, 0.0 ], [ 11.193396033636139, 10.272031519902775, 0.0 ], [ 11.193247908231305, 10.271980959022567, 0.0 ], [ 11.193098117641878, 10.271935463477327, 0.0 ], [ 11.192946838355034, 10.271895086301607, 0.0 ], [ 11.192794249557981, 10.271859875089131, 0.0 ], [ 11.192477701088508, 10.271792479373129, 0.0 ], [ 11.192310987400154, 10.271760186943318, 0.0 ], [ 11.19218670908243, 10.271740230273853, 0.0 ], [ 11.192061922184028, 10.271723676253224, 0.0 ], [ 11.191936721698619, 10.271710537796757, 0.0 ], [ 11.191811202588747, 10.271700823301153, 0.0 ], [ 11.191652994948507, 10.271690751245032, 0.0 ], [ 11.191474355174719, 10.271666337110576, 0.0 ], [ 11.191319012135365, 10.271647787587847, 0.0 ], [ 11.191163117793371, 10.271634521823328, 0.0 ], [ 11.19100685659892, 10.271626556647865, 0.0 ], [ 11.190850411121087, 10.271623900771067, 0.0 ], [ 11.190750842668532, 10.271624975658344, 0.0 ], [ 11.190651321887266, 10.271628203090877, 0.0 ], [ 11.19055189529011, 10.271633579139614, 0.0 ], [ 11.190452611227437, 10.271641101670788, 0.0 ], [ 11.190353516218343, 10.271650767659269, 0.0 ], [ 11.190254657682068, 10.271662572266225, 0.0 ], [ 11.190156082125345, 10.271676510659056, 0.0 ], [ 11.190057837855152, 10.271692574377777, 0.0 ], [ 11.189959970459551, 10.271710757692263, 0.0 ], [ 11.189862527320635, 10.271731050341241, 0.0 ], [ 11.18976555400792, 10.271753443883355, 0.0 ], [ 11.189669096984847, 10.271777927159786, 0.0 ], [ 11.1895732018024, 10.271804489017908, 0.0 ], [ 11.189477914905497, 10.2718331155877, 0.0 ], [ 11.189383280920257, 10.271863793915214, 0.0 ], [ 11.189289345379217, 10.271896510136626, 0.0 ], [ 11.189196152883769, 10.271931247682987, 0.0 ], [ 11.18910374804163, 10.271967990889131, 0.0 ], [ 11.189012173616813, 10.272006721390904, 0.0 ], [ 11.188921474198558, 10.272047420811903, 0.0 ], [ 11.188831693463611, 10.272090070781886, 0.0 ], [ 11.18874287324507, 10.272134650231598, 0.0 ], [ 11.188655055376143, 10.272181138091826, 0.0 ], [ 11.188568283502764, 10.272229511473499, 0.0 ], [ 11.188537304668419, 10.272247665921713, 0.0 ], [ 11.188460405197448, 10.272246709905525, 0.0 ], [ 11.188198166999564, 10.272246791360237, 0.0 ], [ 11.188018098577723, 10.272250367262295, 0.0 ], [ 11.187707508277292, 10.272262608317257, 0.0 ], [ 11.187419284764859, 10.272273289135905, 0.0 ], [ 11.187315226219223, 10.272275200411233, 0.0 ], [ 11.187146140949212, 10.272272444588786, 0.0 ], [ 11.186915736522806, 10.272268432888588, 0.0 ], [ 11.186835519657903, 10.272267734757554, 0.0 ], [ 11.186704120541057, 10.272269608789433, 0.0 ], [ 11.186572829295102, 10.272275228381689, 0.0 ], [ 11.186441756302674, 10.272284588271996, 0.0 ], [ 11.186381033303858, 10.272290669202713, 0.0 ], [ 11.186370400239285, 10.272269889730401, 0.0 ], [ 11.186323460161356, 10.272182917832312, 0.0 ], [ 11.18627461534018, 10.272096979179228, 0.0 ], [ 11.186223889807069, 10.272012117895349, 0.0 ], [ 11.186171306637226, 10.271928371784544, 0.0 ], [ 11.186116890749478, 10.271845781349731, 0.0 ], [ 11.186060669800193, 10.271764387075391, 0.0 ], [ 11.186002668683146, 10.271684225849306, 0.0 ], [ 11.185942915967022, 10.271605338149866, 0.0 ], [ 11.185881440183163, 10.271527759032688, 0.0 ], [ 11.18581826988764, 10.271451527168592, 0.0 ], [ 11.185753435442869, 10.271376678504753, 0.0 ], [ 11.185686968111295, 10.271303247174655, 0.0 ], [ 11.185618899180096, 10.271231270926938, 0.0 ], [ 11.185549260805413, 10.271160781177631, 0.0 ], [ 11.185478086993228, 10.271091812945613, 0.0 ], [ 11.185405410824448, 10.271024399448414, 0.0 ], [ 11.185331266279995, 10.270958572089826, 0.0 ], [ 11.185255690078343, 10.27089436225527, 0.0 ], [ 11.185178718019088, 10.270831800432569, 0.0 ], [ 11.18510038589555, 10.270770916205795, 0.0 ], [ 11.185020731326025, 10.270711739146721, 0.0 ], [ 11.184939791916289, 10.270654297019677, 0.0 ], [ 11.184857607097138, 10.270598617576681, 0.0 ], [ 11.184774215374304, 10.270544726768383, 0.0 ], [ 11.184689656159758, 10.270492649635599, 0.0 ], [ 11.18460397070292, 10.270442413014411, 0.0 ], [ 11.184517198396978, 10.270394039234338, 0.0 ], [ 11.184429382291436, 10.270347551504198, 0.0 ], [ 11.184340561779333, 10.270302972153598, 0.0 ], [ 11.184250781722707, 10.270260322571589, 0.0 ], [ 11.184160082408386, 10.270219622370403, 0.0 ], [ 11.184068509604595, 10.270180892029284, 0.0 ], [ 11.183976104498184, 10.270144149346882, 0.0 ], [ 11.183882912838632, 10.270109412091164, 0.0 ], [ 11.183788977619145, 10.270076695337293, 0.0 ], [ 11.183694344589112, 10.270046016853367, 0.0 ], [ 11.183599057641789, 10.270017389900945, 0.0 ], [ 11.183503163414176, 10.269990828626975, 0.0 ], [ 11.183406706705799, 10.269966345383192, 0.0 ], [ 11.183309734135001, 10.269943951605336, 0.0 ], [ 11.183212291407557, 10.26992365873536, 0.0 ], [ 11.183114424210611, 10.269905475503922, 0.0 ], [ 11.183016180062573, 10.269889411533212, 0.0 ], [ 11.182917605550713, 10.269875473740337, 0.0 ], [ 11.182818748174805, 10.269863669036269, 0.0 ], [ 11.182719653597132, 10.269854002536773, 0.0 ], [ 11.182620370223813, 10.269846480243066, 0.0 ], [ 11.182520943692339, 10.269841103655887, 0.0 ], [ 11.182421423308973, 10.269837876962839, 0.0 ], [ 11.182321855623774, 10.269836801658693, 0.0 ], [ 11.182222287174394, 10.269837877430666, 0.0 ], [ 11.182122767236175, 10.269841103947631, 0.0 ], [ 11.182023341428065, 10.269846479999291, 0.0 ], [ 11.181924057181762, 10.269854002555565, 0.0 ], [ 11.181824962847744, 10.269863669484058, 0.0 ], [ 11.181726104920424, 10.269875474145806, 0.0 ], [ 11.181627530819217, 10.269889411703312, 0.0 ], [ 11.181529286126088, 10.269905475523872, 0.0 ], [ 11.181431420073253, 10.269923658950217, 0.0 ], [ 11.181333976392898, 10.269943951746882, 0.0 ], [ 11.181237004304943, 10.269966345449134, 0.0 ], [ 11.181140547535525, 10.269990828917818, 0.0 ], [ 11.181044653454807, 10.270017390085458, 0.0 ], [ 11.180949366695396, 10.270046016902986, 0.0 ], [ 11.180854733702684, 10.270076695501634, 0.0 ], [ 11.180760798184483, 10.270109412030973, 0.0 ], [ 11.180667606561546, 10.270144149007145, 0.0 ], [ 11.180575201629321, 10.270180892585959, 0.0 ], [ 11.180483627965041, 10.270219622584511, 0.0 ], [ 11.180392929258277, 10.270260322441187, 0.0 ], [ 11.180303149173914, 10.270302971979287, 0.0 ], [ 11.18021432864548, 10.27034755194429, 0.0 ], [ 11.180126512232015, 10.270394039442047, 0.0 ], [ 11.180039739942286, 10.270442413416653, 0.0 ], [ 11.180025837757503, 10.270450563568218, 0.0 ], [ 11.179930224712388, 10.270451991692996, 0.0 ], [ 11.179792693358134, 10.270458159206656, 0.0 ], [ 11.179655411874304, 10.27046843196749, 0.0 ], [ 11.179518505212737, 10.270482800098877, 0.0 ], [ 11.179426373960235, 10.27049386386426, 0.0 ], [ 11.179332026401697, 10.270506182547198, 0.0 ], [ 11.179237959549015, 10.270520447062701, 0.0 ], [ 11.179136882178064, 10.270536843785223, 0.0 ], [ 11.179122356784147, 10.270539150336784, 0.0 ], [ 11.1790962300004, 10.270542441377762, 0.0 ], [ 11.179061823258248, 10.270547192596533, 0.0 ], [ 11.178960241585957, 10.270556718154666, 0.0 ], [ 11.178815125418661, 10.270574990555922, 0.0 ], [ 11.178670674942104, 10.270597857995037, 0.0 ], [ 11.178572808345875, 10.270616041538561, 0.0 ], [ 11.178475365018381, 10.270636334453595, 0.0 ], [ 11.178378392348531, 10.270658727384339, 0.0 ], [ 11.178346392490949, 10.270667005363956, 0.0 ], [ 11.178249267039595, 10.270649098567169, 0.0 ], [ 11.178126928338687, 10.270629426890684, 0.0 ], [ 11.178047667829354, 10.270618861130721, 0.0 ], [ 11.178040755816193, 10.270616453662788, 0.0 ], [ 11.177946122829447, 10.270585775227358, 0.0 ], [ 11.177850835885488, 10.270557148319641, 0.0 ], [ 11.177754941615168, 10.270530586183666, 0.0 ], [ 11.177658484830378, 10.270506102979564, 0.0 ], [ 11.177561512149529, 10.270483710143932, 0.0 ], [ 11.177464068347327, 10.270463416414307, 0.0 ], [ 11.177366201873415, 10.270445234118945, 0.0 ], [ 11.177267957483885, 10.270429169284146, 0.0 ], [ 11.177169382697242, 10.270415231533065, 0.0 ], [ 11.17707052500722, 10.270403426873752, 0.0 ], [ 11.176971430082435, 10.270393761326579, 0.0 ], [ 11.176872146310609, 10.270386238182224, 0.0 ], [ 11.17677272026056, 10.270380861647505, 0.0 ], [ 11.176673199407462, 10.270377635019354, 0.0 ], [ 11.176573631214147, 10.270376559787211, 0.0 ], [ 11.176419125528859, 10.270379150369491, 0.0 ], [ 11.17626479579241, 10.270386919533847, 0.0 ], [ 11.17611082080743, 10.270399858851627, 0.0 ], [ 11.175957375670949, 10.27041795178496, 0.0 ], [ 11.175897311477193, 10.270426058102162, 0.0 ], [ 11.17572099573742, 10.270453339940694, 0.0 ], [ 11.175623128828555, 10.270471522618923, 0.0 ], [ 11.175525686087989, 10.270491815574291, 0.0 ], [ 11.175428713079691, 10.270514209463608, 0.0 ], [ 11.175332256261701, 10.270538692226271, 0.0 ], [ 11.175236362110647, 10.270565254513066, 0.0 ], [ 11.175229241186631, 10.270567393733772, 0.0 ], [ 11.175215328577629, 10.270552023453012, 0.0 ], [ 11.175147259940415, 10.270480046300834, 0.0 ], [ 11.175077621809244, 10.270409556509538, 0.0 ], [ 11.175006447276518, 10.270340589105491, 0.0 ], [ 11.174933771234928, 10.270273175487679, 0.0 ], [ 11.174859627670688, 10.270207347965068, 0.0 ], [ 11.174784051476278, 10.270143137936705, 0.0 ], [ 11.174707079362992, 10.270080575885665, 0.0 ], [ 11.1746287471233, 10.270019691397392, 0.0 ], [ 11.174549093293425, 10.269960514942813, 0.0 ], [ 11.174468154553473, 10.269903072486173, 0.0 ], [ 11.174385969427112, 10.269847392690917, 0.0 ], [ 11.17430257824447, 10.26979350149686, 0.0 ], [ 11.174218019516678, 10.269741425759989, 0.0 ], [ 11.174132333555177, 10.269691188708897, 0.0 ], [ 11.174045561590036, 10.269642814469909, 0.0 ], [ 11.173957744851247, 10.269596327169358, 0.0 ], [ 11.173868925462767, 10.269551748216236, 0.0 ], [ 11.173779145542266, 10.269509098115735, 0.0 ], [ 11.173688447213571, 10.269468398276906, 0.0 ], [ 11.173596873494422, 10.269429667391373, 0.0 ], [ 11.173504469233784, 10.269392925042382, 0.0 ], [ 11.173411277430777, 10.269358187210319, 0.0 ], [ 11.173317342003186, 10.269325470773278, 0.0 ], [ 11.173222709606376, 10.269294792591095, 0.0 ], [ 11.173127423214618, 10.269266165029183, 0.0 ], [ 11.173031529477026, 10.269239604043687, 0.0 ], [ 11.172935073186704, 10.269215121084132, 0.0 ], [ 11.172838100049296, 10.269192727593955, 0.0 ], [ 11.172740657589307, 10.269172434100648, 0.0 ], [ 11.172642790593597, 10.269154251150141, 0.0 ], [ 11.172544547486847, 10.26913818745636, 0.0 ], [ 11.172445973025004, 10.269124249046381, 0.0 ], [ 11.172347115632743, 10.269112444634272, 0.0 ], [ 11.172248020966196, 10.269102778433531, 0.0 ], [ 11.172148737425323, 10.269095255543217, 0.0 ], [ 11.172049311572655, 10.269089879267058, 0.0 ], [ 11.171949791795818, 10.269086652896606, 0.0 ], [ 11.171850223726306, 10.269085577030472, 0.0 ], [ 11.171750655739432, 10.269086653152767, 0.0 ], [ 11.171651135273304, 10.269089879138635, 0.0 ], [ 11.171551709784584, 10.269095255574598, 0.0 ], [ 11.171452426699087, 10.269102778528328, 0.0 ], [ 11.171353332536301, 10.269112444977432, 0.0 ], [ 11.171254474709814, 10.269124249182122, 0.0 ], [ 11.171155900645543, 10.26913818721019, 0.0 ], [ 11.171057656832298, 10.269154251520451, 0.0 ], [ 11.170931072387811, 10.269178186245822, 0.0 ], [ 11.170805221088457, 10.269205651804505, 0.0 ], [ 11.170680203156765, 10.269236624931654, 0.0 ], [ 11.170556116984201, 10.269271081470929, 0.0 ], [ 11.170364733026732, 10.269327123482245, 0.0 ], [ 11.170238896014174, 10.269365936345199, 0.0 ], [ 11.170114242392264, 10.269408332168492, 0.0 ], [ 11.169973059860901, 10.269458619618318, 0.0 ], [ 11.169901866914543, 10.269467735642053, 0.0 ], [ 11.169791679041351, 10.269482888909122, 0.0 ], [ 11.169681898017442, 10.269500696683332, 0.0 ], [ 11.169559142500837, 10.269524369405685, 0.0 ], [ 11.169463800759599, 10.269537269429176, 0.0 ], [ 11.169347402814356, 10.269556064053246, 0.0 ], [ 11.16925248278946, 10.269573667448544, 0.0 ], [ 11.169157960482972, 10.269593255683962, 0.0 ], [ 11.16899086703879, 10.269629714784314, 0.0 ], [ 11.168857553612412, 10.26966088736366, 0.0 ], [ 11.16872524445826, 10.269696009250179, 0.0 ], [ 11.168594057975961, 10.269735046212531, 0.0 ], [ 11.168464114396686, 10.269777964911144, 0.0 ], [ 11.168221648585389, 10.269862072366561, 0.0 ], [ 11.168169351627093, 10.269880568219039, 0.0 ], [ 11.168076159781876, 10.269915305445839, 0.0 ], [ 11.168005941640324, 10.269943226932151, 0.0 ], [ 11.16798375545982, 10.269952048412399, 0.0 ], [ 11.167892181426517, 10.26999077875716, 0.0 ], [ 11.167801483191454, 10.270031479004112, 0.0 ], [ 11.167711702595524, 10.270074128990254, 0.0 ], [ 11.16762288238613, 10.270118707642743, 0.0 ], [ 11.167535066235612, 10.270165195690248, 0.0 ], [ 11.167448294135413, 10.270213569366859, 0.0 ], [ 11.167361483642487, 10.270264483051605, 0.0 ], [ 11.167275830372835, 10.270317284322292, 0.0 ], [ 11.167203556338571, 10.270362942659974, 0.0 ], [ 11.167171306539675, 10.270376264643199, 0.0 ], [ 11.167125186939975, 10.270392910506711, 0.0 ], [ 11.167032223535021, 10.270427602573774, 0.0 ], [ 11.166971137567725, 10.270451917118317, 0.0 ], [ 11.166966143750729, 10.27045310919941, 0.0 ], [ 11.16683791041249, 10.270462362602526, 0.0 ], [ 11.16672935363982, 10.270472166891439, 0.0 ], [ 11.166621065287325, 10.270484536237866, 0.0 ], [ 11.166513104613182, 10.270499462112211, 0.0 ], [ 11.166405535456871, 10.270516938665867, 0.0 ], [ 11.166307668339465, 10.270535121348784, 0.0 ], [ 11.166292299199919, 10.270538322350721, 0.0 ], [ 11.166210225331254, 10.270555414333661, 0.0 ], [ 11.166113252909316, 10.270577808272476, 0.0 ], [ 11.166016795707211, 10.270602291118095, 0.0 ], [ 11.165920901108537, 10.270628852612653, 0.0 ], [ 11.165825614653407, 10.270657479799235, 0.0 ], [ 11.165760110651807, 10.270678715363537, 0.0 ], [ 11.165694104777524, 10.2706955372332, 0.0 ], [ 11.16559252062692, 10.270723924418716, 0.0 ], [ 11.165491625724282, 10.270754628922205, 0.0 ], [ 11.165391474728967, 10.270787636822231, 0.0 ], [ 11.16518252684671, 10.270859170325854, 0.0 ], [ 11.165112629309748, 10.270883731391073, 0.0 ], [ 11.165019437594571, 10.270918468762893, 0.0 ], [ 11.164927032476054, 10.270955211891318, 0.0 ], [ 11.164835458545292, 10.270993942402928, 0.0 ], [ 11.164744759480913, 10.271034641930454, 0.0 ], [ 11.164654978961616, 10.271077292106687, 0.0 ], [ 11.164566158816488, 10.271121870961359, 0.0 ], [ 11.164478341799567, 10.271168358325813, 0.0 ], [ 11.164391569740129, 10.27121673222984, 0.0 ], [ 11.16430588354884, 10.271266969805618, 0.0 ], [ 11.164221325036733, 10.271319046371589, 0.0 ], [ 11.164189878217089, 10.271339367458326, 0.0 ], [ 11.164163438721559, 10.271349881060692, 0.0 ], [ 11.164146463739602, 10.271356630297223, 0.0 ], [ 11.164054889562287, 10.271395360630402, 0.0 ], [ 11.163964191167281, 10.27143606088001, 0.0 ], [ 11.163874410395994, 10.271478710883509, 0.0 ], [ 11.163785589996344, 10.271523289568467, 0.0 ], [ 11.163697772728632, 10.271569777670033, 0.0 ], [ 11.163611000409963, 10.271618151410564, 0.0 ], [ 11.163525313951121, 10.271668387922247, 0.0 ], [ 11.16344075517557, 10.271720464331247, 0.0 ], [ 11.16335736315072, 10.271774355070599, 0.0 ], [ 11.163275177862815, 10.271830035471046, 0.0 ], [ 11.163194238361051, 10.271887477254255, 0.0 ], [ 11.163176355024174, 10.271900763620151, 0.0 ], [ 11.163114583707006, 10.271946653949531, 0.0 ], [ 11.163036251131112, 10.272007538194494, 0.0 ], [ 11.162959278758025, 10.272070099909328, 0.0 ], [ 11.162883701980952, 10.272134309936266, 0.0 ], [ 11.162809558012212, 10.272200138201576, 0.0 ], [ 11.162736881308076, 10.272267551938388, 0.0 ], [ 11.162665706331069, 10.272336519283648, 0.0 ], [ 11.162596068456411, 10.27240700836813, 0.0 ], [ 11.16252799939685, 10.272478985539433, 0.0 ], [ 11.162461530859121, 10.272552416241304, 0.0 ], [ 11.162396696369004, 10.27262726500151, 0.0 ], [ 11.162333526720868, 10.272703497269843, 0.0 ], [ 11.162272049953032, 10.272781075802987, 0.0 ], [ 11.162212296847759, 10.272859964243088, 0.0 ], [ 11.162154296356137, 10.272940125340664, 0.0 ], [ 11.162098074679346, 10.273021520056888, 0.0 ], [ 11.162043658931243, 10.273104109346798, 0.0 ], [ 11.161991075325485, 10.27318785597909, 0.0 ], [ 11.16194034912637, 10.273272717305726, 0.0 ], [ 11.161891504716461, 10.273358655203717, 0.0 ], [ 11.161844563716103, 10.273445627953077, 0.0 ], [ 11.161799550489564, 10.273533594719368, 0.0 ], [ 11.161756484819941, 10.273622511987117, 0.0 ], [ 11.161715388333935, 10.273712338940051, 0.0 ], [ 11.161676280820917, 10.273803032966425, 0.0 ], [ 11.161639179320304, 10.27389454966511, 0.0 ], [ 11.16160410270902, 10.273986846430383, 0.0 ], [ 11.161571067114041, 10.274079878867093, 0.0 ], [ 11.161540089574958, 10.274173602573999, 0.0 ], [ 11.161511182574726, 10.274267974084026, 0.0 ], [ 11.161484362228153, 10.274362947194316, 0.0 ], [ 11.16145963918086, 10.274458476642293, 0.0 ], [ 11.161437026822314, 10.274554518050829, 0.0 ], [ 11.16141653487947, 10.274651025259551, 0.0 ], [ 11.16139817399187, 10.274747952101928, 0.0 ], [ 11.161381952061356, 10.274845252429632, 0.0 ], [ 11.161367876995959, 10.274942880998102, 0.0 ], [ 11.161355956679101, 10.275040788947514, 0.0 ], [ 11.161346194462123, 10.27513893196743, 0.0 ], [ 11.161338597328184, 10.27523726301164, 0.0 ], [ 11.161333167691463, 10.275335734160505, 0.0 ], [ 11.161329907978404, 10.275434299301915, 0.0 ], [ 11.161328820609315, 10.275532911419962, 0.0 ], [ 11.161329905266751, 10.275631523516909, 0.0 ], [ 11.161333162545821, 10.275730088588896, 0.0 ], [ 11.161338589391333, 10.275828559656407, 0.0 ], [ 11.161346183666765, 10.275926890637537, 0.0 ], [ 11.16135594231071, 10.276025033648869, 0.0 ], [ 11.161367860448859, 10.27612294262668, 0.0 ], [ 11.161381932288146, 10.276220570609524, 0.0 ], [ 11.161398152041594, 10.276317871539723, 0.0 ], [ 11.161416510271897, 10.276414799383886, 0.0 ], [ 11.161436999360671, 10.276511307192619, 0.0 ], [ 11.161459608957911, 10.27660734893856, 0.0 ], [ 11.161484329632268, 10.276702879492026, 0.0 ], [ 11.161511148302024, 10.276797853747645, 0.0 ], [ 11.161540051873105, 10.276892224792444, 0.0 ], [ 11.161571028194652, 10.276985950226285, 0.0 ], [ 11.161604061434705, 10.277078983154421, 0.0 ], [ 11.161639135791969, 10.277171281200999, 0.0 ], [ 11.161676234534026, 10.277262799284928, 0.0 ], [ 11.16171534093454, 10.277353493228819, 0.0 ], [ 11.161756435547778, 10.277443321584977, 0.0 ], [ 11.161756846521723, 10.277444170256777, 0.0 ], [ 11.1617335627916, 10.277514615033969, 0.0 ], [ 11.161704655754743, 10.277608986593535, 0.0 ], [ 11.161677834482356, 10.277703959753538, 0.0 ], [ 11.161653111445151, 10.277799489239216, 0.0 ], [ 11.161630499120074, 10.277895530679517, 0.0 ], [ 11.161610007234041, 10.277992037914025, 0.0 ], [ 11.16159164551398, 10.278088964782302, 0.0 ], [ 11.161575423686873, 10.278186265123839, 0.0 ], [ 11.161561348741948, 10.278283892796335, 0.0 ], [ 11.161549427668465, 10.278381801657469, 0.0 ], [ 11.161543287581184, 10.278443540231548, 0.0 ], [ 11.161539666536958, 10.278479944667161, 0.0 ], [ 11.16153206868022, 10.278578274803523, 0.0 ], [ 11.161526639262345, 10.278676745936238, 0.0 ], [ 11.16152337979095, 10.278775311055533, 0.0 ], [ 11.161522291773657, 10.278873923151583, 0.0 ], [ 11.161523376718048, 10.278972535214486, 0.0 ], [ 11.161525500401039, 10.279036817195033, 0.0 ], [ 11.161526633393951, 10.279071100252594, 0.0 ], [ 11.161532060577311, 10.279169572177977, 0.0 ], [ 11.161539655206587, 10.279267903107302, 0.0 ], [ 11.161549414226355, 10.279366046060955, 0.0 ], [ 11.161551739957831, 10.279385154801721, 0.0 ], [ 11.161512998325382, 10.279381962383994, 0.0 ], [ 11.161361602386004, 10.279374486114085, 0.0 ], [ 11.16121003955176, 10.279371993730987, 0.0 ], [ 11.161206459333833, 10.279371995013324, 0.0 ], [ 11.161008445450346, 10.279372148752056, 0.0 ], [ 11.160870167035638, 10.279374395907544, 0.0 ], [ 11.160865879082218, 10.279374465174149, 0.0 ], [ 11.1607234549247, 10.279381190401018, 0.0 ], [ 11.160581312560401, 10.279392318080347, 0.0 ], [ 11.160521605610931, 10.279398855933335, 0.0 ], [ 11.160471050230775, 10.279401197710182, 0.0 ], [ 11.160304969971383, 10.279414921612668, 0.0 ], [ 11.160139507208143, 10.279434640981375, 0.0 ], [ 11.15997488078049, 10.279460329052881, 0.0 ], [ 11.159877011166845, 10.279478512222203, 0.0 ], [ 11.159779564727007, 10.279498804809368, 0.0 ], [ 11.159682588858416, 10.27952119836468, 0.0 ], [ 11.159586130027552, 10.279545681733222, 0.0 ], [ 11.159490232869663, 10.279572242868444, 0.0 ], [ 11.159394942932634, 10.279600869717754, 0.0 ], [ 11.159300307583468, 10.279631549312686, 0.0 ], [ 11.159206369601753, 10.279664265099989, 0.0 ], [ 11.159069231138865, 10.279716408364234, 0.0 ], [ 11.15900612416697, 10.279718731422752, 0.0 ], [ 11.158961214168219, 10.279720935938927, 0.0 ], [ 11.158902418609909, 10.279723821360909, 0.0 ], [ 11.158898821702651, 10.279724054111934, 0.0 ], [ 11.158760080235007, 10.279733018992152, 0.0 ], [ 11.158618101177037, 10.279746615855347, 0.0 ], [ 11.158476620069788, 10.279764600182565, 0.0 ], [ 11.158375607091434, 10.279780631950482, 0.0 ], [ 11.15833577550425, 10.279786953879521, 0.0 ], [ 11.158237905597094, 10.279805136592591, 0.0 ], [ 11.158140459772921, 10.279825429625463, 0.0 ], [ 11.158043484504439, 10.279847822727122, 0.0 ], [ 11.157947024445386, 10.279872306562627, 0.0 ], [ 11.157851126962775, 10.279898868163583, 0.0 ], [ 11.157755837598534, 10.279927494573869, 0.0 ], [ 11.157661201900767, 10.279958173741123, 0.0 ], [ 11.157567263561827, 10.279990889106235, 0.0 ], [ 11.157474069030307, 10.280025626803271, 0.0 ], [ 11.157381661086118, 10.280062370279278, 0.0 ], [ 11.157290085228626, 10.280101100251649, 0.0 ], [ 11.157199383325336, 10.280141800173572, 0.0 ], [ 11.157109599957058, 10.280184449864793, 0.0 ], [ 11.157020777879524, 10.280229029157267, 0.0 ], [ 11.156932958017256, 10.280275516991278, 0.0 ], [ 11.156846183107778, 10.280323890487457, 0.0 ], [ 11.156760494982246, 10.280374127676264, 0.0 ], [ 11.156675933628344, 10.280426203888943, 0.0 ], [ 11.156592539033877, 10.280480094456747, 0.0 ], [ 11.156510351186713, 10.28053577471097, 0.0 ], [ 11.156429410050324, 10.280593216367704, 0.0 ], [ 11.156349752868909, 10.280652393872639, 0.0 ], [ 11.156311806828642, 10.280681886486107, 0.0 ], [ 11.156302193751861, 10.280685469105403, 0.0 ], [ 11.156209786339085, 10.280722212306062, 0.0 ], [ 11.156118209189835, 10.280760942923099, 0.0 ], [ 11.156027507809878, 10.280801642577943, 0.0 ], [ 11.15593772404859, 10.28084429201248, 0.0 ], [ 11.155848901574474, 10.280888871052714, 0.0 ], [ 11.155761082224828, 10.280935358632993, 0.0 ], [ 11.155674306918323, 10.280983732789954, 0.0 ], [ 11.155588618386629, 10.281033969740562, 0.0 ], [ 11.155504056623757, 10.281086045719952, 0.0 ], [ 11.155420661623834, 10.281139936963298, 0.0 ], [ 11.155338474269124, 10.281195616084512, 0.0 ], [ 11.15525753272264, 10.281253058427119, 0.0 ], [ 11.155177875122973, 10.281312235719495, 0.0 ], [ 11.155099540521384, 10.28137311968389, 0.0 ], [ 11.155022566137962, 10.281435681150926, 0.0 ], [ 11.154946987373826, 10.281499891867158, 0.0 ], [ 11.154894550970571, 10.281546443992742, 0.0 ], [ 11.154804872748132, 10.281588970462005, 0.0 ], [ 11.154704287769469, 10.281638386205085, 0.0 ], [ 11.1545763169665, 10.281703767796898, 0.0 ], [ 11.154450493034656, 10.281773113772031, 0.0 ], [ 11.154364804055016, 10.281823350479012, 0.0 ], [ 11.154280241847873, 10.28187542712363, 0.0 ], [ 11.154196847301755, 10.281929317223701, 0.0 ], [ 11.154114659498504, 10.281984997020574, 0.0 ], [ 11.154033717495526, 10.282042439140437, 0.0 ], [ 11.153954060350351, 10.282101616209461, 0.0 ], [ 11.153950742146142, 10.282104195233648, 0.0 ], [ 11.153865472955843, 10.282132644706332, 0.0 ], [ 11.153765148375214, 10.282163576772923, 0.0 ], [ 11.153634855043189, 10.282205885827564, 0.0 ], [ 11.153461197634581, 10.282265151709838, 0.0 ], [ 11.153387171661096, 10.282291123024905, 0.0 ], [ 11.153295669805511, 10.282325208565515, 0.0 ], [ 11.153204925736002, 10.282361226880276, 0.0 ], [ 11.15311498223938, 10.282399162320404, 0.0 ], [ 11.153025878433764, 10.282438996550063, 0.0 ], [ 11.152937658000342, 10.282480711203071, 0.0 ], [ 11.152850358232234, 10.282524287955727, 0.0 ], [ 11.152764021879818, 10.282569705736597, 0.0 ], [ 11.152678687136735, 10.282616944408348, 0.0 ], [ 11.152520618974268, 10.282706660592943, 0.0 ], [ 11.152508014785242, 10.282713840394752, 0.0 ], [ 11.152424486894319, 10.282763760452539, 0.0 ], [ 11.152397307976512, 10.282771498050378, 0.0 ], [ 11.152285635543651, 10.282806386214929, 0.0 ], [ 11.152184413086829, 10.282839429775803, 0.0 ], [ 11.152052197969461, 10.282884825920448, 0.0 ], [ 11.151959001733925, 10.282919564126621, 0.0 ], [ 11.151866593883696, 10.282956307214484, 0.0 ], [ 11.151775016280851, 10.28299503773397, 0.0 ], [ 11.151684314431829, 10.283035737306943, 0.0 ], [ 11.151594530186653, 10.283078386675763, 0.0 ], [ 11.151505706301901, 10.28312296567297, 0.0 ], [ 11.151417886440742, 10.28316945322123, 0.0 ], [ 11.151331110609892, 10.283217827363686, 0.0 ], [ 11.151216565399984, 10.283285550952487, 0.0 ], [ 11.151104067532685, 10.283356559934301, 0.0 ], [ 11.150995550469778, 10.283427286665191, 0.0 ], [ 11.150885976517657, 10.283500979562989, 0.0 ], [ 11.150778608485847, 10.283577790500264, 0.0 ], [ 11.150673535368172, 10.283657653811987, 0.0 ], [ 11.150570846152673, 10.28374050292939, 0.0 ], [ 11.150466518249623, 10.283829894062052, 0.0 ], [ 11.150462668587323, 10.283833649773895, 0.0 ], [ 11.150318538148113, 10.283906959147082, 0.0 ], [ 11.150214993871195, 10.2839618010983, 0.0 ], [ 11.150203915491902, 10.283967899648584, 0.0 ], [ 11.15011362947752, 10.283980717116544, 0.0 ], [ 11.149986048943855, 10.284000920653867, 0.0 ], [ 11.149914155160392, 10.284012890202174, 0.0 ], [ 11.149761691607539, 10.284042170696184, 0.0 ], [ 11.149610323145257, 10.284076570447475, 0.0 ], [ 11.149460223817757, 10.284116050342607, 0.0 ], [ 11.149422259775944, 10.284127809991482, 0.0 ], [ 11.149402396802245, 10.284132911125521, 0.0 ], [ 11.1492856200641, 10.284157575481279, 0.0 ], [ 11.149214925697823, 10.284173905196255, 0.0 ], [ 11.149162745528557, 10.284184880612745, 0.0 ], [ 11.149054934849183, 10.284208912364148, 0.0 ], [ 11.148947743019905, 10.284235522254319, 0.0 ], [ 11.148841232898235, 10.284264693598205, 0.0 ], [ 11.148735466435269, 10.284296410620584, 0.0 ], [ 11.148722249192479, 10.284300548421392, 0.0 ], [ 11.148699686488834, 10.28430563579194, 0.0 ], [ 11.148599345013695, 10.284330643717164, 0.0 ], [ 11.148499600979163, 10.284357898219193, 0.0 ], [ 11.148496641505364, 10.284358743058535, 0.0 ], [ 11.148471371876358, 10.284364639232736, 0.0 ], [ 11.148320197006456, 10.284402624503931, 0.0 ], [ 11.148222604779354, 10.28442891200679, 0.0 ], [ 11.148157580593281, 10.284443361873738, 0.0 ], [ 11.147983642709994, 10.284485579727258, 0.0 ], [ 11.147811511641436, 10.284534522759634, 0.0 ], [ 11.147719468709063, 10.284562640666934, 0.0 ], [ 11.147626532587893, 10.284587835118515, 0.0 ], [ 11.147571012835636, 10.284603260372869, 0.0 ], [ 11.147407303110988, 10.28464984890263, 0.0 ], [ 11.147384041112858, 10.284656535205928, 0.0 ], [ 11.147214558204135, 10.284705733359282, 0.0 ], [ 11.14707929062277, 10.284747266890008, 0.0 ], [ 11.146848136491318, 10.284822153291241, 0.0 ], [ 11.146706162741962, 10.28487072417375, 0.0 ], [ 11.14658898882085, 10.284914773206204, 0.0 ], [ 11.146473080217515, 10.284961991730862, 0.0 ], [ 11.146364493553666, 10.285009720272738, 0.0 ], [ 11.146281811328597, 10.285031354881212, 0.0 ], [ 11.146142738963077, 10.285070243329516, 0.0 ], [ 11.146018463312261, 10.285098184842175, 0.0 ], [ 11.145841566120803, 10.285141536619355, 0.0 ], [ 11.14569151468284, 10.285181001981027, 0.0 ], [ 11.145542905396502, 10.285225498465184, 0.0 ], [ 11.145456739990996, 10.2852528908507, 0.0 ], [ 11.145316887781991, 10.285295536909318, 0.0 ], [ 11.145207474634425, 10.285330400753272, 0.0 ], [ 11.145163281729834, 10.285345864499774, 0.0 ], [ 11.145067431080765, 10.285372565331491, 0.0 ], [ 11.144972140094056, 10.285401192139119, 0.0 ], [ 11.144877502709006, 10.285431870839535, 0.0 ], [ 11.144783562631877, 10.285464586682691, 0.0 ], [ 11.144690366300747, 10.285499323996586, 0.0 ], [ 11.144597957415943, 10.285536067127408, 0.0 ], [ 11.144506378746948, 10.285574797716036, 0.0 ], [ 11.144440870810769, 10.285604191573828, 0.0 ], [ 11.144427520328202, 10.285607945968534, 0.0 ], [ 11.144337259603668, 10.285635338999802, 0.0 ], [ 11.144247589919464, 10.2856645746506, 0.0 ], [ 11.144158664216432, 10.28569600169709, 0.0 ], [ 11.144129153000815, 10.285706053509925, 0.0 ], [ 11.144010160432236, 10.28574350486182, 0.0 ], [ 11.143900895362606, 10.285779675204218, 0.0 ], [ 11.143698166109154, 10.285849613626365, 0.0 ], [ 11.143638571160718, 10.285870632946105, 0.0 ], [ 11.143580053284486, 10.285892621279988, 0.0 ], [ 11.143553970862275, 10.285900238892923, 0.0 ], [ 11.143372189529547, 10.285955295863785, 0.0 ], [ 11.14325858907376, 10.285991316653092, 0.0 ], [ 11.143145978494065, 10.286030265642779, 0.0 ], [ 11.143058616718154, 10.28606276036513, 0.0 ], [ 11.142971943088218, 10.286097017531626, 0.0 ], [ 11.142885994922882, 10.286133022434608, 0.0 ], [ 11.142800808628209, 10.286170760372434, 0.0 ], [ 11.142716417860299, 10.286210214854018, 0.0 ], [ 11.142632859925772, 10.286251369364098, 0.0 ], [ 11.142550169393484, 10.286294207405618, 0.0 ], [ 11.142468379907559, 10.286338710679887, 0.0 ], [ 11.14240968412336, 10.286371426853281, 0.0 ], [ 11.142368539548544, 10.286391686699206, 0.0 ], [ 11.142259414193667, 10.28644742842428, 0.0 ], [ 11.142164779685942, 10.286473767961036, 0.0 ], [ 11.142071161755549, 10.286501987075292, 0.0 ], [ 11.141978175948154, 10.286532187734277, 0.0 ], [ 11.141885865063923, 10.286564356098008, 0.0 ], [ 11.141792668864234, 10.286599093602126, 0.0 ], [ 11.141700259179462, 10.286635836035487, 0.0 ], [ 11.141608680616894, 10.286674566834767, 0.0 ], [ 11.141517977765632, 10.286715266725352, 0.0 ], [ 11.141428192477006, 10.286757916450636, 0.0 ], [ 11.14133936750898, 10.286802495844292, 0.0 ], [ 11.141251546520024, 10.286848982926315, 0.0 ], [ 11.141164769524334, 10.28689735664469, 0.0 ], [ 11.141078051130792, 10.286948741573992, 0.0 ], [ 11.141062711505535, 10.286950414787917, 0.0 ], [ 11.141019929891003, 10.286955714906147, 0.0 ], [ 11.140991280220726, 10.28695727636971, 0.0 ], [ 11.140898524593787, 10.286956002397615, 0.0 ], [ 11.140739215884873, 10.286958756654581, 0.0 ], [ 11.140580102143925, 10.286967014875666, 0.0 ], [ 11.140468275221464, 10.286974759798827, 0.0 ], [ 11.140343584501705, 10.286985097885974, 0.0 ], [ 11.140219226851215, 10.286998816824582, 0.0 ], [ 11.140033552038206, 10.287021855598983, 0.0 ], [ 11.139853660528788, 10.287034710369477, 0.0 ], [ 11.139578090976666, 10.287052394706469, 0.0 ], [ 11.139414271671814, 10.287065845332776, 0.0 ], [ 11.139251047436584, 10.287085128994926, 0.0 ], [ 11.139158309630288, 10.287097766433686, 0.0 ], [ 11.139030385936088, 10.287103340419572, 0.0 ], [ 11.138863724212527, 10.287113630720034, 0.0 ], [ 11.138697554833479, 10.287129950869264, 0.0 ], [ 11.138508820699846, 10.287151946084556, 0.0 ], [ 11.138329603712165, 10.287162551323403, 0.0 ], [ 11.138226089649029, 10.287169847425654, 0.0 ], [ 11.138122770134306, 10.28717947233163, 0.0 ], [ 11.137839678663717, 10.287209062482289, 0.0 ], [ 11.137733575473327, 10.287221397307215, 0.0 ], [ 11.137508005921399, 10.287250685158185, 0.0 ], [ 11.137496786429779, 10.287251340393793, 0.0 ], [ 11.137349097541353, 10.287256042738642, 0.0 ], [ 11.137240799495308, 10.287260942375289, 0.0 ], [ 11.137132649994886, 10.287268388041573, 0.0 ], [ 11.137024709246189, 10.287278375725418, 0.0 ], [ 11.136917039262377, 10.287290898691332, 0.0 ], [ 11.136890740804439, 10.28729427096321, 0.0 ], [ 11.136887235854127, 10.287294357362605, 0.0 ], [ 11.136805292461526, 10.287297054698778, 0.0 ], [ 11.136779304631361, 10.287290030649608, 0.0 ], [ 11.136682306882145, 10.287267631602504, 0.0 ], [ 11.136584838658125, 10.287247334365333, 0.0 ], [ 11.136486946555651, 10.28722914676524, 0.0 ], [ 11.136451984351023, 10.287223180652825, 0.0 ], [ 11.136215623890058, 10.287183780299163, 0.0 ], [ 11.136121638831344, 10.287169108990641, 0.0 ], [ 11.1360273647556, 10.287156381027943, 0.0 ], [ 11.135932844596763, 10.287145602454888, 0.0 ], [ 11.13583811762002, 10.287136776628031, 0.0 ], [ 11.135743224921908, 10.287129907795684, 0.0 ], [ 11.135648209424204, 10.287125000194253, 0.0 ], [ 11.135553110373888, 10.287122054468945, 0.0 ], [ 11.135509617211479, 10.287121605569734, 0.0 ], [ 11.135408762308185, 10.287085721708758, 0.0 ], [ 11.135316937015681, 10.287054140247475, 0.0 ], [ 11.13522445308778, 10.287024502761104, 0.0 ], [ 11.135131353507042, 10.286996822523735, 0.0 ], [ 11.135037679418636, 10.286971111013907, 0.0 ], [ 11.134943473805054, 10.286947381505815, 0.0 ], [ 11.134848778711859, 10.28692564366448, 0.0 ], [ 11.134753638928515, 10.286905908040717, 0.0 ], [ 11.134658095581838, 10.286888183401887, 0.0 ], [ 11.134544115361061, 10.286869748721868, 0.0 ], [ 11.134429700791232, 10.286854176644152, 0.0 ], [ 11.134314925852189, 10.286841475719749, 0.0 ], [ 11.134199861785866, 10.28683165451787, 0.0 ], [ 11.134035870377938, 10.286819725260701, 0.0 ], [ 11.133868792134322, 10.286810617291751, 0.0 ], [ 11.133701489989612, 10.286807579163034, 0.0 ], [ 11.133570744507226, 10.286809433961198, 0.0 ], [ 11.133513567093942, 10.286811868747893, 0.0 ], [ 11.133435712768684, 10.286799139364108, 0.0 ], [ 11.133337133820802, 10.286785201563561, 0.0 ], [ 11.133238269850256, 10.286773396889288, 0.0 ], [ 11.133139170179039, 10.28676373134347, 0.0 ], [ 11.133039881373039, 10.286756208234952, 0.0 ], [ 11.132940450004254, 10.286750831776441, 0.0 ], [ 11.132840924463824, 10.286747605264891, 0.0 ], [ 11.13274135130556, 10.286746530201714, 0.0 ], [ 11.132641777977659, 10.286747605370902, 0.0 ], [ 11.132542251946576, 10.286750832267968, 0.0 ], [ 11.132442820648441, 10.286756207869447, 0.0 ], [ 11.132343531531539, 10.286763730959485, 0.0 ], [ 11.13224443202601, 10.286773397610903, 0.0 ], [ 11.132145568637243, 10.286785202094963, 0.0 ], [ 11.132046989701998, 10.28679913957474, 0.0 ], [ 11.131948739900533, 10.286815204333582, 0.0 ], [ 11.131821956752695, 10.28683917851383, 0.0 ], [ 11.131695908306883, 10.286866693621956, 0.0 ], [ 11.131570695714972, 10.28689772730128, 0.0 ], [ 11.131446419198198, 10.286932254489866, 0.0 ], [ 11.131209667976231, 10.287001620626043, 0.0 ], [ 11.131075889311678, 10.287043039732229, 0.0 ], [ 11.130943456559601, 10.287088506421087, 0.0 ], [ 11.130792868926669, 10.287145790183454, 0.0 ], [ 11.13074840998868, 10.28716451408871, 0.0 ], [ 11.130653038284306, 10.287186263761498, 0.0 ], [ 11.130518049110414, 10.287221950264081, 0.0 ], [ 11.13050066523928, 10.287226115707133, 0.0 ], [ 11.130483637470789, 10.287229353261539, 0.0 ], [ 11.130312987904874, 10.287272962477509, 0.0 ], [ 11.130144166986025, 10.287323062802129, 0.0 ], [ 11.129977423361609, 10.287379579392423, 0.0 ], [ 11.129884226782753, 10.287414317378282, 0.0 ], [ 11.129791816646543, 10.287451059433138, 0.0 ], [ 11.129700238486086, 10.287489790796805, 0.0 ], [ 11.129609535054266, 10.28753049040048, 0.0 ], [ 11.129519749122242, 10.287573139886758, 0.0 ], [ 11.129430924361781, 10.287617719084727, 0.0 ], [ 11.129343102613406, 10.28766420693159, 0.0 ], [ 11.129256326618268, 10.287712580551, 0.0 ], [ 11.129170635467089, 10.28776281709062, 0.0 ], [ 11.129086071901222, 10.287814893674129, 0.0 ], [ 11.129002675906046, 10.287868784731749, 0.0 ], [ 11.128920486548353, 10.287924463795948, 0.0 ], [ 11.128839542907157, 10.287981906206777, 0.0 ], [ 11.12875988403129, 10.288041082785266, 0.0 ], [ 11.128681548075241, 10.28810196706989, 0.0 ], [ 11.128604571344095, 10.28816452899582, 0.0 ], [ 11.128528991055688, 10.28822873849229, 0.0 ], [ 11.128454842608756, 10.288294566404296, 0.0 ], [ 11.128382162290535, 10.288361979955596, 0.0 ], [ 11.128310984575219, 10.288430948189539, 0.0 ], [ 11.128241343000264, 10.288501436540281, 0.0 ], [ 11.128173270214811, 10.288573414063105, 0.0 ], [ 11.128106798831766, 10.28864684439049, 0.0 ], [ 11.128041961476256, 10.2887216929625, 0.0 ], [ 11.127978787122975, 10.28879792524314, 0.0 ], [ 11.127917308379077, 10.288875503960993, 0.0 ], [ 11.127857552376028, 10.288954391880596, 0.0 ], [ 11.127799548076698, 10.289034552658293, 0.0 ], [ 11.127743323513263, 10.289115947244929, 0.0 ], [ 11.127688905811393, 10.289198537501173, 0.0 ], [ 11.127636319346852, 10.289282283497977, 0.0 ], [ 11.127585590320756, 10.289367145294301, 0.0 ], [ 11.127536743109033, 10.289453082961062, 0.0 ], [ 11.127489800256363, 10.289540055677303, 0.0 ], [ 11.127444784301449, 10.289628021718251, 0.0 ], [ 11.127401716870452, 10.28971693936507, 0.0 ], [ 11.127360618670888, 10.289806766001046, 0.0 ], [ 11.127321508585085, 10.289897459021462, 0.0 ], [ 11.127284405495436, 10.289988975821544, 0.0 ], [ 11.12724932645305, 10.290081272904622, 0.0 ], [ 11.127216290322266, 10.290174304954419, 0.0 ], [ 11.127185309597197, 10.290268029408011, 0.0 ], [ 11.127156402223575, 10.29036240005116, 0.0 ], [ 11.127129579776915, 10.290457373423033, 0.0 ], [ 11.127104855639862, 10.290552903339325, 0.0 ], [ 11.127082242288516, 10.290648944525456, 0.0 ], [ 11.127061749461108, 10.290745451724842, 0.0 ], [ 11.127043387796387, 10.290842377867197, 0.0 ], [ 11.127027165213425, 10.290939678611613, 0.0 ], [ 11.127013089607056, 10.291037306001904, 0.0 ], [ 11.127001167977658, 10.291135214799246, 0.0 ], [ 11.126991405488253, 10.291233357969153, 0.0 ], [ 11.126983808214471, 10.291331688471116, 0.0 ], [ 11.126978377668769, 10.291430159294515, 0.0 ], [ 11.126975118107554, 10.291528724314556, 0.0 ], [ 11.126974031043273, 10.291627336520564, 0.0 ], [ 11.126975115244367, 10.291725948015957, 0.0 ], [ 11.126978372235333, 10.291824513597644, 0.0 ], [ 11.126983799865885, 10.291922984471134, 0.0 ], [ 11.126991394184632, 10.292021315469222, 0.0 ], [ 11.127001153953852, 10.292119457791364, 0.0 ], [ 11.127013072490223, 10.292217367192057, 0.0 ], [ 11.127027144905393, 10.292314994894683, 0.0 ], [ 11.127043365422532, 10.292412295743869, 0.0 ], [ 11.127061724608133, 10.292509223704338, 0.0 ], [ 11.12708221484182, 10.292605730921187, 0.0 ], [ 11.127104825789454, 10.292701773172748, 0.0 ], [ 11.127129547098658, 10.292797303525855, 0.0 ], [ 11.127156367516477, 10.29289227686092, 0.0 ], [ 11.127185273058, 10.292986648980206, 0.0 ], [ 11.127216250638769, 10.293080373872247, 0.0 ], [ 11.12724928536109, 10.293173407345268, 0.0 ], [ 11.127284361408496, 10.293265704309556, 0.0 ], [ 11.127321462069938, 10.293357222392904, 0.0 ], [ 11.127360570616133, 10.293447916511608, 0.0 ], [ 11.127401667597953, 10.29353774431141, 0.0 ], [ 11.127444732653519, 10.293626663444009, 0.0 ], [ 11.127489747240118, 10.293714630645336, 0.0 ], [ 11.127536688263792, 10.293801604488889, 0.0 ], [ 11.127585534455825, 10.293887543536187, 0.0 ], [ 11.127636261809437, 10.293972406366731, 0.0 ], [ 11.127688846329875, 10.29405615336767, 0.0 ], [ 11.127743264022284, 10.294138744926149, 0.0 ], [ 11.127799487235064, 10.294220140549495, 0.0 ], [ 11.127857490159981, 10.294300302444491, 0.0 ], [ 11.127917245157358, 10.294379191926133, 0.0 ], [ 11.127978723686859, 10.294456772123024, 0.0 ], [ 11.128041897202014, 10.294533005259991, 0.0 ], [ 11.128106734430414, 10.294607855387493, 0.0 ], [ 11.128173205018237, 10.294681287453857, 0.0 ], [ 11.128241277692883, 10.294753265509561, 0.0 ], [ 11.128310919374504, 10.29482375632862, 0.0 ], [ 11.128382097889759, 10.294892725775217, 0.0 ], [ 11.128454778333301, 10.294960140635359, 0.0 ], [ 11.12852892672446, 10.295025969496784, 0.0 ], [ 11.128604507257181, 10.295090180959191, 0.0 ], [ 11.128681484125293, 10.295152743622348, 0.0 ], [ 11.128759821540719, 10.295213628797528, 0.0 ], [ 11.128839480977343, 10.295272807813994, 0.0 ], [ 11.128920425728198, 10.295330251085273, 0.0 ], [ 11.129002615453805, 10.295385931760373, 0.0 ], [ 11.12908601347125, 10.295439823868136, 0.0 ], [ 11.129170578534319, 10.295491901467495, 0.0 ], [ 11.129256270315388, 10.295542139515215, 0.0 ], [ 11.129343048498905, 10.295590514775736, 0.0 ], [ 11.129430870937853, 10.295637003121785, 0.0 ], [ 11.12951969732867, 10.295681583125539, 0.0 ], [ 11.129609484635791, 10.295724234281028, 0.0 ], [ 11.12970019073021, 10.295764935172572, 0.0 ], [ 11.129791770757011, 10.295803666210164, 0.0 ], [ 11.129884182617371, 10.295840410497274, 0.0 ], [ 11.129977381456273, 10.295875148444017, 0.0 ], [ 11.130071324280307, 10.295907865871412, 0.0 ], [ 11.130165964421195, 10.295938545009365, 0.0 ], [ 11.130261258891512, 10.295967172582806, 0.0 ], [ 11.130357161053205, 10.295993735340785, 0.0 ], [ 11.130453625174766, 10.296018219122635, 0.0 ], [ 11.130550605548935, 10.296040613382928, 0.0 ], [ 11.130648056462325, 10.296060906672528, 0.0 ], [ 11.130745931307114, 10.296079090259807, 0.0 ], [ 11.130844183469366, 10.296095154509359, 0.0 ], [ 11.130942765440693, 10.296109092503324, 0.0 ], [ 11.131041631544088, 10.296120898215657, 0.0 ], [ 11.131140734265065, 10.296130563824795, 0.0 ], [ 11.131240026125568, 10.296138086932096, 0.0 ], [ 11.131339460548055, 10.296143463325363, 0.0 ], [ 11.13143898914185, 10.296146690612074, 0.0 ], [ 11.131538565335477, 10.296147765483939, 0.0 ], [ 11.131638141681298, 10.296146690061647, 0.0 ], [ 11.131737670713447, 10.296143463754461, 0.0 ], [ 11.131837104972174, 10.296138086875516, 0.0 ], [ 11.131936396115469, 10.296130564263105, 0.0 ], [ 11.132035499433714, 10.296120898020076, 0.0 ], [ 11.132134364759692, 10.296109092996812, 0.0 ], [ 11.132232947408164, 10.296095154911541, 0.0 ], [ 11.132331199962071, 10.296079090404316, 0.0 ], [ 11.13242129728099, 10.296062431557555, 0.0 ], [ 11.132539740347674, 10.296039311325233, 0.0 ], [ 11.132671509616905, 10.296011583055229, 0.0 ], [ 11.132802420661235, 10.295980149182251, 0.0 ], [ 11.132853941657769, 10.295970332681703, 0.0 ], [ 11.133015069655338, 10.295933154412806, 0.0 ], [ 11.133139025484908, 10.295902198309022, 0.0 ], [ 11.133228170848195, 10.295933072700121, 0.0 ], [ 11.133315663852967, 10.295962393392953, 0.0 ], [ 11.133403738295893, 10.295989955851443, 0.0 ], [ 11.133492357578417, 10.29601574675895, 0.0 ], [ 11.13358148604496, 10.296039757311938, 0.0 ], [ 11.133671086202487, 10.296061976911309, 0.0 ], [ 11.13376112238929, 10.296082395849769, 0.0 ], [ 11.133851558049249, 10.296101007137551, 0.0 ], [ 11.133942354788756, 10.296117801989336, 0.0 ], [ 11.134045301119523, 10.296134579042597, 0.0 ], [ 11.134148606875502, 10.29614902266106, 0.0 ], [ 11.134303724306912, 10.296168921757024, 0.0 ], [ 11.134449786062945, 10.296185294944269, 0.0 ], [ 11.134596304725703, 10.296197002991276, 0.0 ], [ 11.13474312777911, 10.296204032443379, 0.0 ], [ 11.134890103662325, 10.296206376166863, 0.0 ], [ 11.135047667500723, 10.29620368239668, 0.0 ], [ 11.135193200981723, 10.296196211561439, 0.0 ], [ 11.13521404127192, 10.296199870193668, 0.0 ], [ 11.13542535204774, 10.296243921115941, 0.0 ], [ 11.135572966924828, 10.296272188123181, 0.0 ], [ 11.135746358679596, 10.296299072838346, 0.0 ], [ 11.135920665114595, 10.296319337049431, 0.0 ], [ 11.136073313236547, 10.296334143005097, 0.0 ], [ 11.136184314712484, 10.296343556732859, 0.0 ], [ 11.136295515324512, 10.296350284675508, 0.0 ], [ 11.136406849334836, 10.296354323652059, 0.0 ], [ 11.136518248261609, 10.296355669595965, 0.0 ], [ 11.136665911556408, 10.296353304327452, 0.0 ], [ 11.1368317238366, 10.296347989175869, 0.0 ], [ 11.136836231149475, 10.296359848629258, 0.0 ], [ 11.136873333075352, 10.296451366793724, 0.0 ], [ 11.136912441041702, 10.296542060947452, 0.0 ], [ 11.136953538335886, 10.296631888718993, 0.0 ], [ 11.136996604594616, 10.29672080776092, 0.0 ], [ 11.137041619448397, 10.296808774822081, 0.0 ], [ 11.137088560714529, 10.296895748470952, 0.0 ], [ 11.137137407122861, 10.296981687269929, 0.0 ], [ 11.137188135583942, 10.297066550697366, 0.0 ], [ 11.137240720264176, 10.297150297345816, 0.0 ], [ 11.137295138086083, 10.297232888501215, 0.0 ], [ 11.137351362315405, 10.297314284569806, 0.0 ], [ 11.137409365305114, 10.297394445963835, 0.0 ], [ 11.137469121251655, 10.297473335794972, 0.0 ], [ 11.137530600694678, 10.297550916295179, 0.0 ], [ 11.137593774173721, 10.297627149696442, 0.0 ], [ 11.137658612240417, 10.297702000038388, 0.0 ], [ 11.137725083620978, 10.297775431372711, 0.0 ], [ 11.137793157053675, 10.29784740955874, 0.0 ], [ 11.137862799451405, 10.297917900467896, 0.0 ], [ 11.137933978633502, 10.297986869061784, 0.0 ], [ 11.13800665971171, 10.298054284839194, 0.0 ], [ 11.13808080868594, 10.298120113677648, 0.0 ], [ 11.138156389748985, 10.298184324178196, 0.0 ], [ 11.138233368024469, 10.298246887647325, 0.0 ], [ 11.138311705879673, 10.298307772698239, 0.0 ], [ 11.138391366618826, 10.298366951553335, 0.0 ], [ 11.138472311708542, 10.298424394639579, 0.0 ], [ 11.138554502639742, 10.298480075999118, 0.0 ], [ 11.138637900891053, 10.298533967866579, 0.0 ], [ 11.138722466134, 10.298586045200134, 0.0 ], [ 11.138808158952672, 10.298636282951955, 0.0 ], [ 11.138894938117959, 10.298684657893924, 0.0 ], [ 11.138982762400659, 10.298731146797989, 0.0 ], [ 11.139071589664965, 10.298775727346019, 0.0 ], [ 11.13916137778107, 10.298818378123686, 0.0 ], [ 11.139252083712536, 10.298859078626613, 0.0 ], [ 11.139343665347729, 10.298897810152047, 0.0 ], [ 11.139436077836955, 10.298934554015354, 0.0 ], [ 11.139529278161893, 10.298969292423736, 0.0 ], [ 11.139623221491043, 10.299002009404145, 0.0 ], [ 11.139717862992857, 10.299032688983564, 0.0 ], [ 11.139813157847938, 10.299061316996648, 0.0 ], [ 11.139909060318088, 10.299087878380377, 0.0 ], [ 11.140005525608213, 10.299112362584758, 0.0 ], [ 11.140102507079581, 10.299134756360511, 0.0 ], [ 11.140199959030486, 10.29915505006764, 0.0 ], [ 11.140297834846541, 10.299173234072205, 0.0 ], [ 11.14044328725198, 10.29919624247904, 0.0 ], [ 11.140589413741958, 10.29921459245087, 0.0 ], [ 11.140736061750422, 10.299228263305491, 0.0 ], [ 11.140883078760085, 10.299237241591387, 0.0 ], [ 11.141381390112066, 10.299259686261294, 0.0 ], [ 11.141453207905052, 10.299262359784073, 0.0 ], [ 11.141711241903764, 10.299269952791123, 0.0 ], [ 11.141846812182303, 10.299271947389672, 0.0 ], [ 11.141957114067369, 10.299270626749347, 0.0 ], [ 11.142067350670354, 10.299266668179103, 0.0 ], [ 11.142261744267685, 10.29925735548713, 0.0 ], [ 11.142381850774768, 10.299250029694043, 0.0 ], [ 11.142501720710907, 10.299239570889355, 0.0 ], [ 11.14266679875761, 10.299222992708351, 0.0 ], [ 11.142713449691366, 10.29922103867121, 0.0 ], [ 11.142877482783234, 10.29921123349213, 0.0 ], [ 11.143041053814926, 10.299195587936042, 0.0 ], [ 11.14309808520901, 10.299189104593664, 0.0 ], [ 11.143111395580961, 10.299188515672245, 0.0 ], [ 11.143239782956003, 10.299187421845559, 0.0 ], [ 11.143342964545209, 10.299185387785295, 0.0 ], [ 11.143406878591239, 10.299182695602555, 0.0 ], [ 11.143438371510028, 10.299215995139457, 0.0 ], [ 11.143508014376206, 10.29928648632672, 0.0 ], [ 11.143579193086763, 10.299355455182125, 0.0 ], [ 11.143651874572031, 10.299422870289337, 0.0 ], [ 11.143726023930837, 10.299488699340278, 0.0 ], [ 11.143801606261892, 10.299552910026932, 0.0 ], [ 11.143878583950301, 10.299615473674653, 0.0 ], [ 11.143956922100704, 10.299676358879312, 0.0 ], [ 11.144036583097991, 10.299735536966335, 0.0 ], [ 11.144117528420438, 10.299792980171098, 0.0 ], [ 11.144199720464984, 10.299848661626699, 0.0 ], [ 11.144283118884401, 10.299902553580703, 0.0 ], [ 11.144367685175022, 10.299954630979963, 0.0 ], [ 11.144453378095136, 10.300004868789582, 0.0 ], [ 11.14454015732781, 10.300053243776267, 0.0 ], [ 11.144627981643399, 10.300099732712773, 0.0 ], [ 11.144716808905615, 10.300144313281834, 0.0 ], [ 11.144806597896899, 10.300186964063942, 0.0 ], [ 11.144897304667738, 10.300227664561595, 0.0 ], [ 11.144988886193444, 10.30026639607896, 0.0 ], [ 11.145081299449274, 10.300303139920183, 0.0 ], [ 11.145174499591212, 10.300337878305429, 0.0 ], [ 11.14526844361276, 10.300370595250445, 0.0 ], [ 11.145363085769358, 10.30040127478911, 0.0 ], [ 11.145458381235207, 10.300429901853175, 0.0 ], [ 11.145554284290133, 10.300456464091912, 0.0 ], [ 11.145650750120474, 10.300480948244788, 0.0 ], [ 11.145747732093326, 10.300503341967248, 0.0 ], [ 11.145845183594117, 10.300523635626195, 0.0 ], [ 11.14594305983355, 10.300541819576477, 0.0 ], [ 11.146041313284343, 10.300557884191207, 0.0 ], [ 11.146139897350203, 10.300571822548868, 0.0 ], [ 11.146238764516051, 10.300583626830305, 0.0 ], [ 11.146337869122704, 10.300593293723253, 0.0 ], [ 11.146437161835873, 10.300600816324616, 0.0 ], [ 11.14650760561732, 10.300604624865979, 0.0 ], [ 11.146577024761616, 10.300618055272537, 0.0 ], [ 11.146699334759452, 10.300637721795699, 0.0 ], [ 11.146822137218972, 10.300654093205399, 0.0 ], [ 11.146945344435844, 10.300667157430258, 0.0 ], [ 11.147016265801019, 10.300672755005868, 0.0 ], [ 11.147074146510276, 10.300681845724663, 0.0 ], [ 11.147196625332034, 10.300697731058367, 0.0 ], [ 11.147319493520143, 10.300710328290714, 0.0 ], [ 11.147442661569469, 10.300719628977921, 0.0 ], [ 11.147634536593559, 10.300731533769296, 0.0 ], [ 11.147777179894167, 10.300738167909847, 0.0 ], [ 11.14791996208532, 10.3007403794683, 0.0 ], [ 11.148057920014672, 10.300738315295247, 0.0 ], [ 11.148195752300387, 10.300732121340577, 0.0 ], [ 11.148483191537057, 10.300714891788674, 0.0 ], [ 11.148613004429887, 10.300705268432855, 0.0 ], [ 11.148742487661131, 10.300691983946606, 0.0 ], [ 11.148814566488054, 10.300682524467062, 0.0 ], [ 11.148818419643847, 10.300682355154509, 0.0 ], [ 11.148923996934801, 10.300676518015621, 0.0 ], [ 11.149029408127626, 10.300668259651557, 0.0 ], [ 11.149134599416412, 10.300657586747416, 0.0 ], [ 11.149239532583675, 10.300644786075532, 0.0 ], [ 11.149268887332232, 10.300642872790572, 0.0 ], [ 11.149365758274739, 10.300634593346317, 0.0 ], [ 11.149462429182433, 10.300624272522292, 0.0 ], [ 11.14955885627079, 10.300611914225454, 0.0 ], [ 11.149654995773684, 10.300597525074142, 0.0 ], [ 11.149752616126261, 10.300581859771079, 0.0 ], [ 11.149815108388573, 10.300571390039231, 0.0 ], [ 11.149969649344216, 10.300541673894285, 0.0 ], [ 11.150123063936608, 10.300506698488697, 0.0 ], [ 11.150215655846138, 10.300482231442102, 0.0 ], [ 11.150308706759825, 10.300470948356439, 0.0 ], [ 11.150319286390081, 10.300469289965724, 0.0 ], [ 11.150398762470731, 10.300461588649227, 0.0 ], [ 11.150505311054072, 10.300449886763506, 0.0 ], [ 11.150650389081907, 10.300431618015223, 0.0 ], [ 11.150794802529365, 10.300408756691938, 0.0 ], [ 11.150868019955084, 10.300395361115541, 0.0 ], [ 11.150949907136756, 10.300379694358103, 0.0 ], [ 11.151126461927836, 10.300342313144883, 0.0 ], [ 11.15130138553141, 10.300298047296574, 0.0 ], [ 11.151415607274734, 10.300264325348458, 0.0 ], [ 11.151528539587112, 10.300262256287624, 0.0 ], [ 11.151639692229137, 10.300258181656488, 0.0 ], [ 11.151796407007154, 10.300249763686937, 0.0 ], [ 11.151952737862961, 10.300236015542358, 0.0 ], [ 11.15210849870677, 10.300216952924551, 0.0 ], [ 11.152263505323406, 10.300192598753901, 0.0 ], [ 11.152395097331098, 10.300167642923679, 0.0 ], [ 11.152525894030441, 10.300138873614996, 0.0 ], [ 11.152611628434517, 10.300118703238672, 0.0 ], [ 11.152739765752706, 10.300086609153023, 0.0 ], [ 11.152866909828068, 10.300050854756837, 0.0 ], [ 11.152992956817661, 10.300011470570011, 0.0 ], [ 11.153117798321661, 10.29996848804678, 0.0 ], [ 11.153142403900386, 10.299959539827686, 0.0 ], [ 11.153301553657561, 10.29990114795827, 0.0 ], [ 11.153348961326754, 10.299895487021622, 0.0 ], [ 11.153447544723083, 10.299881548733499, 0.0 ], [ 11.153545797877763, 10.299865484075072, 0.0 ], [ 11.153643673380451, 10.299847300593431, 0.0 ], [ 11.153741125658431, 10.299827007631144, 0.0 ], [ 11.153838107301491, 10.299804612735377, 0.0 ], [ 11.153934572761585, 10.299780128864008, 0.0 ], [ 11.154030476478464, 10.299753567167299, 0.0 ], [ 11.154125771072783, 10.299724939711576, 0.0 ], [ 11.154220412828151, 10.299694260346415, 0.0 ], [ 11.15431435620294, 10.299661542933661, 0.0 ], [ 11.154407556592815, 10.299626804944262, 0.0 ], [ 11.154499969375101, 10.299590061137785, 0.0 ], [ 11.154591550858285, 10.299551328979208, 0.0 ], [ 11.154682257369318, 10.299510628644848, 0.0 ], [ 11.15477204612953, 10.299467977593649, 0.0 ], [ 11.154860873478334, 10.299423397809587, 0.0 ], [ 11.15494869756216, 10.299376908553153, 0.0 ], [ 11.155035476558194, 10.299328533603822, 0.0 ], [ 11.155121169550254, 10.299278295831225, 0.0 ], [ 11.155205735622248, 10.299226218104966, 0.0 ], [ 11.155289133876588, 10.299172326006088, 0.0 ], [ 11.155371325241104, 10.299116645103483, 0.0 ], [ 11.155452270649866, 10.299059201869829, 0.0 ], [ 11.155531931043182, 10.29900002368163, 0.0 ], [ 11.155610269186738, 10.298939137903192, 0.0 ], [ 11.155687247870926, 10.298876575514038, 0.0 ], [ 11.155762828948998, 10.298812363884569, 0.0 ], [ 11.155829406385259, 10.298753257473738, 0.0 ], [ 11.155921261461412, 10.298738734292355, 0.0 ], [ 11.155996854523021, 10.298724642149313, 0.0 ], [ 11.1560392330897, 10.298735510322494, 0.0 ], [ 11.15607144990955, 10.298749879903076, 0.0 ], [ 11.156177979573432, 10.298795584569262, 0.0 ], [ 11.156303903422527, 10.298847411749263, 0.0 ], [ 11.156431335131957, 10.298895490547759, 0.0 ], [ 11.156525278293813, 10.298928207695457, 0.0 ], [ 11.156619919512048, 10.298958887427633, 0.0 ], [ 11.156715213960858, 10.298987514677609, 0.0 ], [ 11.156811116832815, 10.299014077090241, 0.0 ], [ 11.156907582395542, 10.299038560508874, 0.0 ], [ 11.15700456402854, 10.299060954398236, 0.0 ], [ 11.157102016023952, 10.299081248217005, 0.0 ], [ 11.157199891761243, 10.299099431429966, 0.0 ], [ 11.157276108955111, 10.299111761203228, 0.0 ], [ 11.15731740849019, 10.299120974230171, 0.0 ], [ 11.157457940507873, 10.299147770221589, 0.0 ], [ 11.157517822182379, 10.299157369942298, 0.0 ], [ 11.15750229746115, 10.299217356300021, 0.0 ], [ 11.157479682725029, 10.299313397904816, 0.0 ], [ 11.157459189483637, 10.299409904392705, 0.0 ], [ 11.157440827476846, 10.299506831410733, 0.0 ], [ 11.157424603688201, 10.299604131912796, 0.0 ], [ 11.157410527845316, 10.299701759738277, 0.0 ], [ 11.157398606019104, 10.299799667847036, 0.0 ], [ 11.157388844292793, 10.299897811006522, 0.0 ], [ 11.157381245993211, 10.299996141290999, 0.0 ], [ 11.157375816278636, 10.300094611666289, 0.0 ], [ 11.157372555756398, 10.300193176936231, 0.0 ], [ 11.157371468665977, 10.300291789168828, 0.0 ], [ 11.157372553770937, 10.300390400468629, 0.0 ], [ 11.157375809853265, 10.300488965651496, 0.0 ], [ 11.157381237501802, 10.300587436809684, 0.0 ], [ 11.157388832754386, 10.300685767873434, 0.0 ], [ 11.157398592549201, 10.300783910959273, 0.0 ], [ 11.157410511092564, 10.300881819105777, 0.0 ], [ 11.15742458442838, 10.300979447146881, 0.0 ], [ 11.1574408049376, 10.301076748133219, 0.0 ], [ 11.157459165001113, 10.301173675115411, 0.0 ], [ 11.15747965518678, 10.301270182963844, 0.0 ], [ 11.15750226696273, 10.301366224735148, 0.0 ], [ 11.157526989071402, 10.301461755311802, 0.0 ], [ 11.157553810255152, 10.301556729576269, 0.0 ], [ 11.157582716506026, 10.301651100621612, 0.0 ], [ 11.157613694759403, 10.301744826053834, 0.0 ], [ 11.157646730094523, 10.301837858972073, 0.0 ], [ 11.157681807615139, 10.301930156090624, 0.0 ], [ 11.157718909687008, 10.302021674142035, 0.0 ], [ 11.157758018663454, 10.302112368051286, 0.0 ], [ 11.157799116922346, 10.302202196358463, 0.0 ], [ 11.157842183172402, 10.302291114916692, 0.0 ], [ 11.157887198878644, 10.302379082272111, 0.0 ], [ 11.157934141849244, 10.302466056091514, 0.0 ], [ 11.157982988985784, 10.302551994951498, 0.0 ], [ 11.158033717189747, 10.302636857428713, 0.0 ], [ 11.158086303380953, 10.302720604811173, 0.0 ], [ 11.158140722635384, 10.302803195687678, 0.0 ], [ 11.158196947309408, 10.302884591376724, 0.0 ], [ 11.15825495158459, 10.302964753184616, 0.0 ], [ 11.158314708735892, 10.303043643327527, 0.0 ], [ 11.158376189294064, 10.303121223136189, 0.0 ], [ 11.158439363808208, 10.303197456652679, 0.0 ], [ 11.158504202815006, 10.303272306111506, 0.0 ], [ 11.158570675969147, 10.303345738272283, 0.0 ], [ 11.158638750162659, 10.303417716297757, 0.0 ], [ 11.158708394137358, 10.303488206953643, 0.0 ], [ 11.158779573890868, 10.303557176120238, 0.0 ], [ 11.158852256345639, 10.303624591479281, 0.0 ], [ 11.158926406592583, 10.303690419820997, 0.0 ], [ 11.159001989747125, 10.303754631550802, 0.0 ], [ 11.159078969080801, 10.303817194374956, 0.0 ], [ 11.15915730788968, 10.303878079614911, 0.0 ], [ 11.159236969463578, 10.303937257688403, 0.0 ], [ 11.159317916198015, 10.303994701730659, 0.0 ], [ 11.159400108644673, 10.304050382177763, 0.0 ], [ 11.15948350829853, 10.304104273978712, 0.0 ], [ 11.159568075741873, 10.304156352088663, 0.0 ], [ 11.15965376971924, 10.304206589667407, 0.0 ], [ 11.159740550837366, 10.304254965285356, 0.0 ], [ 11.159828376027626, 10.304301453922211, 0.0 ], [ 11.159917204983936, 10.304346034154591, 0.0 ], [ 11.160006994662185, 10.304388684577434, 0.0 ], [ 11.160097702030468, 10.304429385593366, 0.0 ], [ 11.160189284963344, 10.30446811669515, 0.0 ], [ 11.160281699534615, 10.304504861002988, 0.0 ], [ 11.160374901799566, 10.304539598925754, 0.0 ], [ 11.160468846025051, 10.304572316307324, 0.0 ], [ 11.160563489191214, 10.304602995358222, 0.0 ], [ 11.160658786483618, 10.304631622820123, 0.0 ], [ 11.160754690349851, 10.304658185453087, 0.0 ], [ 11.160851157794564, 10.304682669082986, 0.0 ], [ 11.16094814128372, 10.304705063181363, 0.0 ], [ 11.161045594195933, 10.304725357213769, 0.0 ], [ 11.161143471735095, 10.304743540633567, 0.0 ], [ 11.161227493426475, 10.304757412267092, 0.0 ], [ 11.161498901004689, 10.304799649691061, 0.0 ], [ 11.161687936600662, 10.304837585904211, 0.0 ], [ 11.16180188392523, 10.30485896426425, 0.0 ], [ 11.161900138604615, 10.304875029040138, 0.0 ], [ 11.161998723787759, 10.304888967563897, 0.0 ], [ 11.162097592871664, 10.304900772012783, 0.0 ], [ 11.162196698371483, 10.304910439089197, 0.0 ], [ 11.162295992777707, 10.304917961880397, 0.0 ], [ 11.162395429524331, 10.304923337986592, 0.0 ], [ 11.162494961132676, 10.304926565014172, 0.0 ], [ 11.162594540124086, 10.304927640569542, 0.0 ], [ 11.162694119038415, 10.304926564970552, 0.0 ], [ 11.162793650409368, 10.304923337631362, 0.0 ], [ 11.16289308770801, 10.3049179615752, 0.0 ], [ 11.162992381661283, 10.304910438939885, 0.0 ], [ 11.163091487565616, 10.304900772736564, 0.0 ], [ 11.163190356160372, 10.304888966910779, 0.0 ], [ 11.163288941860232, 10.304875028998824, 0.0 ], [ 11.163387196329637, 10.304858964747806, 0.0 ], [ 11.163401213102006, 10.304856494769041, 0.0 ], [ 11.163670662875475, 10.304808585141656, 0.0 ], [ 11.16376673822133, 10.30479044841703, 0.0 ], [ 11.16386239807807, 10.304770277207504, 0.0 ], [ 11.163957600529866, 10.304748081736539, 0.0 ], [ 11.164052299997939, 10.304723870444459, 0.0 ], [ 11.164146454585072, 10.304697656266164, 0.0 ], [ 11.164240019637637, 10.30466944944358, 0.0 ], [ 11.164251609820587, 10.304665685118268, 0.0 ], [ 11.164467522912348, 10.304655167824736, 0.0 ], [ 11.164696072165436, 10.304648651101264, 0.0 ], [ 11.165089460009964, 10.304648604419388, 0.0 ], [ 11.165256595663378, 10.304645553547418, 0.0 ], [ 11.165423505549006, 10.304636443907581, 0.0 ], [ 11.165589966137693, 10.304621288749251, 0.0 ], [ 11.165755755769098, 10.304600107636595, 0.0 ], [ 11.165865127888503, 10.304584112805301, 0.0 ], [ 11.165890063470407, 10.304586629223797, 0.0 ], [ 11.166005477554723, 10.304596810412329, 0.0 ], [ 11.166121116400795, 10.304604087848546, 0.0 ], [ 11.166161038824368, 10.304605593669294, 0.0 ], [ 11.166217712566233, 10.304618680110567, 0.0 ], [ 11.166315166377249, 10.304638973387487, 0.0 ], [ 11.166413042959524, 10.304657156968059, 0.0 ], [ 11.166523719340573, 10.304675097470524, 0.0 ], [ 11.166634806254729, 10.304690339955879, 0.0 ], [ 11.166746237926272, 10.304702875826795, 0.0 ], [ 11.166857947666829, 10.304712696492171, 0.0 ], [ 11.166985126220215, 10.304722318526471, 0.0 ], [ 11.167158874750724, 10.304732170622264, 0.0 ], [ 11.167332875916054, 10.304735455500184, 0.0 ], [ 11.167432454463038, 10.304734380263447, 0.0 ], [ 11.167531986347536, 10.304731153287618, 0.0 ], [ 11.16763142320935, 10.30472577670503, 0.0 ], [ 11.167730717607114, 10.304718253545785, 0.0 ], [ 11.167829823018344, 10.304708587737695, 0.0 ], [ 11.16792031483879, 10.304697782991266, 0.0 ], [ 11.167976471533812, 10.304720140452634, 0.0 ], [ 11.168117949994425, 10.304773784816327, 0.0 ], [ 11.168211894639068, 10.304806501575946, 0.0 ], [ 11.168306538177443, 10.304837180901961, 0.0 ], [ 11.168401834876169, 10.304865808639541, 0.0 ], [ 11.168497739914455, 10.304892370627824, 0.0 ], [ 11.168594206658543, 10.304916854525828, 0.0 ], [ 11.168691190306124, 10.304939248884155, 0.0 ], [ 11.16878864331691, 10.30495954227187, 0.0 ], [ 11.168886520900905, 10.304977725047275, 0.0 ], [ 11.168984775548681, 10.304993790298475, 0.0 ], [ 11.169083360644905, 10.305007728396195, 0.0 ], [ 11.169182229598968, 10.305019533326295, 0.0 ], [ 11.169281334913778, 10.305029199984663, 0.0 ], [ 11.169380629998704, 10.305036722357332, 0.0 ], [ 11.169480066468765, 10.305042098961582, 0.0 ], [ 11.169579598658361, 10.305045325585001, 0.0 ], [ 11.169679177276045, 10.305046401654897, 0.0 ], [ 11.169778756674805, 10.305045325670356, 0.0 ], [ 11.16987828848827, 10.305042098860255, 0.0 ], [ 11.16997772526272, 10.305036722447394, 0.0 ], [ 11.17007701955685, 10.305029199462213, 0.0 ], [ 11.17017612484204, 10.305019532929094, 0.0 ], [ 11.170274993695624, 10.305007728589937, 0.0 ], [ 11.170373579595248, 10.304993790372999, 0.0 ], [ 11.170471834218054, 10.304977725834014, 0.0 ], [ 11.170569711060347, 10.304959541612684, 0.0 ], [ 11.170667165474738, 10.304939248855478, 0.0 ], [ 11.170764148219694, 10.3049168542206, 0.0 ], [ 11.170860615572964, 10.304892370656034, 0.0 ], [ 11.170956520143211, 10.304865808422969, 0.0 ], [ 11.171051816383015, 10.304837180481725, 0.0 ], [ 11.171146459670071, 10.304806501594109, 0.0 ], [ 11.171240405369778, 10.304773784714422, 0.0 ], [ 11.171333607040859, 10.30473904552057, 0.0 ], [ 11.17142602099867, 10.30470230238349, 0.0 ] ] ] } },
{ "type": "Feature", "properties": { "OBJECTID": 183, "ActivityID": null, "Stra_Catch": "Gongola", "Micr_Catch": "Bajoga", "State": "Gombe", "LGA": "Dukku", "Site_Name": "Kurba", "Interv_Typ": "CRF Activity", "Component": "B - Community Climate Resilience", "Comments": null, "Implemnter": "SPMU", "Start_Date": "2024-07-31T00:00:00", "End_Date": "2024/09/13", "No_Trees_P": 0, "Sub_compon": "B2-1", "Lon": 11.1957427876, "Lat": 10.357133, "Female_pop": 87, "Buffer_Mtr": 0, "Area_Impac": 25.2630794132, "Male_pop": 88, "Area_Intev": 25.736353194100001, "Netsize_Ha": 0.0, "Indicator": "Area under community-led landscape restoration", "Benefi_pop": 175.0, "Perct_NDVI": 0.0, "parent_micro_name": "FCE-T. Gombe" }, "geometry": { "type": "Polygon", "coordinates": [ [ [ 11.196186449221047, 10.361628000017282, 0.0 ], [ 11.198822423592425, 10.357271269862633, 0.0 ], [ 11.197136037241931, 10.355585039248954, 0.0 ], [ 11.1933983175931, 10.35800013300296, 0.0 ], [ 11.192664913433143, 10.360488324037508, 0.0 ], [ 11.196186449221047, 10.361628000017282, 0.0 ] ] ] } },
{ "type": "Feature", "properties": { "OBJECTID": 964, "ActivityID": null, "Stra_Catch": "Gongola", "Micr_Catch": "FCE-T", "State": "Gombe", "LGA": "Gombe", "Site_Name": "FCE-T Gully Erosion Control", "Interv_Typ": "Civil Works (Gully Erosion Control)", "Component": "A - Dryland Management", "Comments": null, "Implemnter": "SPMU", "Start_Date": "2024-09-30T00:00:00", "End_Date": "2025/11/12", "No_Trees_P": 0, "Sub_compon": "A2-2", "Lon": 11.1519581606, "Lat": 10.3433690986, "Female_pop": 0, "Buffer_Mtr": 0, "Area_Impac": 57453.830746, "Male_pop": 0, "Area_Intev": 0.0, "Netsize_Ha": 57453.830746, "Indicator": "Area under improved catchment management", "Benefi_pop": 0.0, "Perct_NDVI": 0.0, "parent_micro_name": "FCE-T. Gombe" }, "geometry": { "type": "Polygon", "coordinates": [ [ [ 11.154583333383371, 10.485416666685085, 0.0 ], [ 11.160416666434326, 10.483749999612307, 0.0 ], [ 11.168750000002797, 10.48458333318507, 0.0 ], [ 11.170416666312194, 10.482083333759055, 0.0 ], [ 11.169583333170317, 10.480416666295289, 0.0 ], [ 11.171249999832604, 10.476249999925846, 0.0 ], [ 11.177916666380739, 10.473749999931663, 0.0 ], [ 11.177916666864554, 10.472083333438322, 0.0 ], [ 11.181249999845914, 10.468749999690639, 0.0 ], [ 11.181250000086798, 10.466250000365827, 0.0 ], [ 11.18291666653144, 10.466250000089248, 0.0 ], [ 11.183750000181295, 10.462083333739223, 0.0 ], [ 11.187083333722853, 10.461250000086476, 0.0 ], [ 11.189583333415419, 10.456250000166172, 0.0 ], [ 11.192916666827022, 10.454583333446752, 0.0 ], [ 11.18958333305698, 10.448750000078601, 0.0 ], [ 11.182083333764707, 10.442083333386652, 0.0 ], [ 11.182916666846371, 10.438749999672996, 0.0 ], [ 11.180416666882671, 10.436250000255949, 0.0 ], [ 11.181249999870161, 10.435416666880503, 0.0 ], [ 11.179583333024985, 10.433749999707461, 0.0 ], [ 11.180416666478731, 10.430416666563159, 0.0 ], [ 11.177916666303817, 10.42791666655385, 0.0 ], [ 11.17791666672905, 10.424583333387758, 0.0 ], [ 11.176249999915001, 10.42374999967798, 0.0 ], [ 11.175416666344448, 10.416249999716873, 0.0 ], [ 11.171249999853661, 10.412916666648412, 0.0 ], [ 11.171249999560645, 10.411249999563829, 0.0 ], [ 11.172916666917118, 10.41041666670837, 0.0 ], [ 11.17208333378167, 10.403749999852227, 0.0 ], [ 11.174583333513837, 10.401250000346268, 0.0 ], [ 11.173749999731008, 10.398749999590393, 0.0 ], [ 11.172083333484927, 10.397916666387797, 0.0 ], [ 11.171249999923941, 10.390416666562034, 0.0 ], [ 11.173749999876947, 10.385416666745561, 0.0 ], [ 11.175416666242002, 10.384583333394918, 0.0 ], [ 11.174583333713358, 10.382916666479712, 0.0 ], [ 11.177083333622285, 10.379583333749538, 0.0 ], [ 11.180416666811455, 10.376249999693155, 0.0 ], [ 11.183749999816873, 10.376249999741242, 0.0 ], [ 11.183749999869537, 10.374583333376524, 0.0 ], [ 11.185416666329735, 10.374583333434703, 0.0 ], [ 11.187083333247443, 10.37125000042467, 0.0 ], [ 11.19125000025462, 10.372083333345035, 0.0 ], [ 11.19291666704776, 10.369583332937932, 0.0 ], [ 11.194583332990764, 10.369583333046165, 0.0 ], [ 11.196250000431682, 10.372083333016548, 0.0 ], [ 11.198749999833469, 10.3712500002604, 0.0 ], [ 11.200416666583834, 10.373749999855523, 0.0 ], [ 11.202916667084663, 10.372916666762007, 0.0 ], [ 11.204583332909422, 10.374583333750545, 0.0 ], [ 11.20624999967912, 10.372916666604521, 0.0 ], [ 11.208750000217504, 10.372916666773136, 0.0 ], [ 11.216250000060231, 10.366249999633668, 0.0 ], [ 11.221249999548693, 10.367083333027013, 0.0 ], [ 11.222916666722931, 10.365416666507606, 0.0 ], [ 11.223750000265873, 10.366249999749487, 0.0 ], [ 11.227916666765141, 10.365416667029294, 0.0 ], [ 11.231250000120927, 10.360416666652398, 0.0 ], [ 11.234583333663613, 10.358750000422932, 0.0 ], [ 11.237083333328291, 10.359583333037168, 0.0 ], [ 11.237916666906955, 10.362916666373827, 0.0 ], [ 11.243750000277435, 10.364583333138064, 0.0 ], [ 11.246250000016914, 10.363750000338658, 0.0 ], [ 11.24625000023919, 10.362083333096601, 0.0 ], [ 11.247916666604544, 10.361250000068956, 0.0 ], [ 11.256250000389784, 10.362083333643406, 0.0 ], [ 11.257916666905045, 10.36125000013385, 0.0 ], [ 11.25875000042039, 10.358750000352654, 0.0 ], [ 11.265416666494675, 10.364583333652735, 0.0 ], [ 11.268750000248671, 10.365416666757083, 0.0 ], [ 11.271249999783944, 10.364583332898976, 0.0 ], [ 11.272083333059074, 10.366250000424428, 0.0 ], [ 11.285416666957872, 10.365416666952212, 0.0 ], [ 11.286249999597249, 10.367083333210719, 0.0 ], [ 11.287916667087577, 10.366250000363427, 0.0 ], [ 11.293750000395228, 10.367083333064182, 0.0 ], [ 11.29624999979065, 10.363749999615209, 0.0 ], [ 11.299583333590544, 10.362916666384436, 0.0 ], [ 11.301250000085034, 10.359583333341797, 0.0 ], [ 11.303749999228705, 10.359583333761231, 0.0 ], [ 11.303749999794096, 10.357916667260582, 0.0 ], [ 11.30708333318583, 10.355416666709814, 0.0 ], [ 11.306249999864486, 10.353750000452919, 0.0 ], [ 11.309583332716382, 10.352083333786561, 0.0 ], [ 11.309583333010876, 10.347916666828358, 0.0 ], [ 11.31208333351522, 10.346250000382389, 0.0 ], [ 11.312916666783513, 10.342083333457435, 0.0 ], [ 11.316249999924599, 10.339583333779192, 0.0 ], [ 11.31541666707861, 10.338749999574006, 0.0 ], [ 11.316249999747949, 10.337083333580495, 0.0 ], [ 11.315416666554814, 10.334583333224037, 0.0 ], [ 11.313749999960994, 10.333749999646615, 0.0 ], [ 11.312083333554423, 10.327083333211037, 0.0 ], [ 11.310416666812468, 10.326249999910608, 0.0 ], [ 11.311250000333292, 10.323749999850499, 0.0 ], [ 11.309583333461406, 10.322083333127148, 0.0 ], [ 11.310416666681922, 10.319583332898, 0.0 ], [ 11.307916666442809, 10.318750000411931, 0.0 ], [ 11.307083333298456, 10.315416666318166, 0.0 ], [ 11.305416666881598, 10.31458333345193, 0.0 ], [ 11.305416666705073, 10.312083333741922, 0.0 ], [ 11.303749999718011, 10.312083333192069, 0.0 ], [ 11.302916666687429, 10.309583333192949, 0.0 ], [ 11.297083332977444, 10.307083333428205, 0.0 ], [ 11.296249999746324, 10.30291666656786, 0.0 ], [ 11.28374999997664, 10.302083333486948, 0.0 ], [ 11.277083333040313, 10.303749999676372, 0.0 ], [ 11.274583333427305, 10.300416666808758, 0.0 ], [ 11.272083333702851, 10.300416667012717, 0.0 ], [ 11.267083333576842, 10.296250000097388, 0.0 ], [ 11.267083333506147, 10.294583333208845, 0.0 ], [ 11.262083332982753, 10.290416667080207, 0.0 ], [ 11.26208333304643, 10.288749999687898, 0.0 ], [ 11.258750000085373, 10.287916666707668, 0.0 ], [ 11.255416666502226, 10.281250000273374, 0.0 ], [ 11.252916667021012, 10.282083332975445, 0.0 ], [ 11.240416666926565, 10.281249999621235, 0.0 ], [ 11.240416666773131, 10.277916667012608, 0.0 ], [ 11.237083333711213, 10.27708333352548, 0.0 ], [ 11.237083333604879, 10.274583333191812, 0.0 ], [ 11.235416666583451, 10.27458333309888, 0.0 ], [ 11.233750000159551, 10.268749999741578, 0.0 ], [ 11.231249999931041, 10.267916666994243, 0.0 ], [ 11.230416666375513, 10.2654166665777, 0.0 ], [ 11.22791666693192, 10.265416667038471, 0.0 ], [ 11.228749999716831, 10.262916666767667, 0.0 ], [ 11.227083333256308, 10.257083333151707, 0.0 ], [ 11.227916666523063, 10.245416666484669, 0.0 ], [ 11.225416667102346, 10.2387499997749, 0.0 ], [ 11.225416666695322, 10.233750000206321, 0.0 ], [ 11.223749999667907, 10.233750000417862, 0.0 ], [ 11.224583333413607, 10.229583333061603, 0.0 ], [ 11.222083333016638, 10.228750000428423, 0.0 ], [ 11.221250000376415, 10.227083333457809, 0.0 ], [ 11.212916666677719, 10.227916666783051, 0.0 ], [ 11.208749999661459, 10.22458333355196, 0.0 ], [ 11.205416666858433, 10.22458333372694, 0.0 ], [ 11.202083333059518, 10.22541666692419, 0.0 ], [ 11.201250000075136, 10.227083333575976, 0.0 ], [ 11.195416666472635, 10.227083333337195, 0.0 ], [ 11.193749999876973, 10.22875000042133, 0.0 ], [ 11.189583333452248, 10.226250000144695, 0.0 ], [ 11.189583333456884, 10.228750000069384, 0.0 ], [ 11.186249999756519, 10.232916667068213, 0.0 ], [ 11.182083333102106, 10.23291666636503, 0.0 ], [ 11.181249999612435, 10.234583333098501, 0.0 ], [ 11.177083333294004, 10.236249999781728, 0.0 ], [ 11.177083332909865, 10.237916666286337, 0.0 ], [ 11.170416666833052, 10.23708333288412, 0.0 ], [ 11.168750000014413, 10.238750000447107, 0.0 ], [ 11.163750000356174, 10.239583333663257, 0.0 ], [ 11.161249999642248, 10.237916666603196, 0.0 ], [ 11.155416666498187, 10.237916666993236, 0.0 ], [ 11.142916666526759, 10.225416666251665, 0.0 ], [ 11.140416666983642, 10.225416666901326, 0.0 ], [ 11.140416666557192, 10.223750000252853, 0.0 ], [ 11.135416666685273, 10.222083333700208, 0.0 ], [ 11.135416666863058, 10.218750000268155, 0.0 ], [ 11.131250000017713, 10.208750000256737, 0.0 ], [ 11.128749999994337, 10.208750000427292, 0.0 ], [ 11.118750000124589, 10.197916667083009, 0.0 ], [ 11.116250000076429, 10.197916666826849, 0.0 ], [ 11.116249999878308, 10.199583333278969, 0.0 ], [ 11.114583333351922, 10.200416666289456, 0.0 ], [ 11.113749999871292, 10.206249999885632, 0.0 ], [ 11.111249999985599, 10.207916666391984, 0.0 ], [ 11.107916667103765, 10.221250000433674, 0.0 ], [ 11.104583333076334, 10.227916666722226, 0.0 ], [ 11.107916666621332, 10.247916666720942, 0.0 ], [ 11.109583333730486, 10.249583333542521, 0.0 ], [ 11.112083333759225, 10.249583333695183, 0.0 ], [ 11.112083333549224, 10.252083333721565, 0.0 ], [ 11.113749999678936, 10.252916666269664, 0.0 ], [ 11.114583333238132, 10.256249999676044, 0.0 ], [ 11.113750000345101, 10.257083333561196, 0.0 ], [ 11.114583333305818, 10.26458333307761, 0.0 ], [ 11.112083333628473, 10.26958333364964, 0.0 ], [ 11.1087499996943, 10.270416666409158, 0.0 ], [ 11.107916666925119, 10.268750000006532, 0.0 ], [ 11.082916666918205, 10.272916666585008, 0.0 ], [ 11.079583333443326, 10.267083333534563, 0.0 ], [ 11.077916666306125, 10.267083333277204, 0.0 ], [ 11.077916666873561, 10.265416666821761, 0.0 ], [ 11.076250000270964, 10.264583333059274, 0.0 ], [ 11.065416666619328, 10.266249999977623, 0.0 ], [ 11.057083333593512, 10.262083333025569, 0.0 ], [ 11.055416666792068, 10.264583333153753, 0.0 ], [ 11.048749999808591, 10.267083333141965, 0.0 ], [ 11.047083333241565, 10.267083333234053, 0.0 ], [ 11.046249999988301, 10.265416666239991, 0.0 ], [ 11.045416666421724, 10.266249999904392, 0.0 ], [ 11.042916666865333, 10.265416666805745, 0.0 ], [ 11.042916666770374, 10.267916666701211, 0.0 ], [ 11.040416666301297, 10.270416666868957, 0.0 ], [ 11.027083333464493, 10.269583333334062, 0.0 ], [ 11.024583333610657, 10.273749999976877, 0.0 ], [ 11.025416666332257, 10.276250000032329, 0.0 ], [ 11.022916666880223, 10.27875000011009, 0.0 ], [ 11.022083333075463, 10.284583332948264, 0.0 ], [ 11.02041666622323, 10.285416666400447, 0.0 ], [ 11.021249999568608, 10.291250000259943, 0.0 ], [ 11.019583333335508, 10.292916666792856, 0.0 ], [ 11.019583333560059, 10.296249999681184, 0.0 ], [ 11.022083333615383, 10.298750000416335, 0.0 ], [ 11.022916666293559, 10.302916667110457, 0.0 ], [ 11.022083333141783, 10.303750000191886, 0.0 ], [ 11.022916666868833, 10.310416666818142, 0.0 ], [ 11.021250000210827, 10.314583333578987, 0.0 ], [ 11.018750000161379, 10.316249999760958, 0.0 ], [ 11.018749999812469, 10.318750000028936, 0.0 ], [ 11.016249999883447, 10.320416666643812, 0.0 ], [ 11.017083333648856, 10.322916666908789, 0.0 ], [ 11.015416666323663, 10.323749999607342, 0.0 ], [ 11.013750000116616, 10.332083333405691, 0.0 ], [ 11.01958333311063, 10.343749999748402, 0.0 ], [ 11.018749999908726, 10.345416666255758, 0.0 ], [ 11.019583332947507, 10.347083333416725, 0.0 ], [ 11.017916666506178, 10.349583332975755, 0.0 ], [ 11.018750000065472, 10.353749999852171, 0.0 ], [ 11.016250000280642, 10.355416666969665, 0.0 ], [ 11.016249999789808, 10.357916666455212, 0.0 ], [ 11.0145833330418, 10.357916666394619, 0.0 ], [ 11.014583333178891, 10.360416667042475, 0.0 ], [ 11.01708333339343, 10.367083332886978, 0.0 ], [ 11.016249999607416, 10.369583333450066, 0.0 ], [ 11.017916666393674, 10.370416667052721, 0.0 ], [ 11.018750000282433, 10.372916666738698, 0.0 ], [ 11.018749999637683, 10.376250000356363, 0.0 ], [ 11.023750000275534, 10.383749999983824, 0.0 ], [ 11.023749999780593, 10.387916666386049, 0.0 ], [ 11.022083333143952, 10.388749999911564, 0.0 ], [ 11.021249999868658, 10.391250000187519, 0.0 ], [ 11.022083333738898, 10.403749999703056, 0.0 ], [ 11.026249999929705, 10.407916666699832, 0.0 ], [ 11.026249999929492, 10.409583333099222, 0.0 ], [ 11.028749999983706, 10.41041666630041, 0.0 ], [ 11.029583333281275, 10.412916666874862, 0.0 ], [ 11.028749999903649, 10.422083333777218, 0.0 ], [ 11.027083333071682, 10.422083333358716, 0.0 ], [ 11.027916666299477, 10.425416666924505, 0.0 ], [ 11.02541666703195, 10.427083333284425, 0.0 ], [ 11.02375000011622, 10.430416666952615, 0.0 ], [ 11.024583333383983, 10.435416666753888, 0.0 ], [ 11.022916666698338, 10.43625000008875, 0.0 ], [ 11.023749999838198, 10.438750000204898, 0.0 ], [ 11.022916666778228, 10.442083333185261, 0.0 ], [ 11.024583332917805, 10.442083333316399, 0.0 ], [ 11.026250000296344, 10.444583333160208, 0.0 ], [ 11.027083333498849, 10.453749999722152, 0.0 ], [ 11.025416666811918, 10.454583332903685, 0.0 ], [ 11.025416666276689, 10.456250000385511, 0.0 ], [ 11.027916666494708, 10.457916666767032, 0.0 ], [ 11.027916666294356, 10.459583333330631, 0.0 ], [ 11.031249999892083, 10.459583333531212, 0.0 ], [ 11.031249999614458, 10.457916666586137, 0.0 ], [ 11.0345833335553, 10.454583333425422, 0.0 ], [ 11.041249999659394, 10.452083333526209, 0.0 ], [ 11.04124999991739, 10.453750000316097, 0.0 ], [ 11.04291666695344, 10.454583333692932, 0.0 ], [ 11.045416666227736, 10.453750000321213, 0.0 ], [ 11.048750000230399, 10.455416666814411, 0.0 ], [ 11.05041666655697, 10.457083333552305, 0.0 ], [ 11.049583333784479, 10.458750000347965, 0.0 ], [ 11.052916666613417, 10.462083333098567, 0.0 ], [ 11.05791666632609, 10.461250000047439, 0.0 ], [ 11.061250000074585, 10.462916666988409, 0.0 ], [ 11.065416666850641, 10.462916666361735, 0.0 ], [ 11.06708333361186, 10.463750000086907, 0.0 ], [ 11.06708333345512, 10.465416666687711, 0.0 ], [ 11.071249999962927, 10.466249999592041, 0.0 ], [ 11.073749999843384, 10.468749999845633, 0.0 ], [ 11.073750000447724, 10.471249999963517, 0.0 ], [ 11.077916666966853, 10.475416666806144, 0.0 ], [ 11.079583333304177, 10.475416666977933, 0.0 ], [ 11.082083333293877, 10.472083333650192, 0.0 ], [ 11.084583333204305, 10.472916666836596, 0.0 ], [ 11.084583333156361, 10.474583333335485, 0.0 ], [ 11.087916666641851, 10.47458333344226, 0.0 ], [ 11.089583333199524, 10.477083333608864, 0.0 ], [ 11.09374999971009, 10.477083333041877, 0.0 ], [ 11.094583333315901, 10.47541666627459, 0.0 ], [ 11.096249999735349, 10.477083333029576, 0.0 ], [ 11.098749999661379, 10.477083333219035, 0.0 ], [ 11.098749999711135, 10.475416666633931, 0.0 ], [ 11.101250000127813, 10.473749999876283, 0.0 ], [ 11.101482278102063, 10.473285447342739, 0.0 ], [ 11.102020370538833, 10.472209266901151, 0.0 ], [ 11.102916667034027, 10.470416666680748, 0.0 ], [ 11.106249999556754, 10.470416666232909, 0.0 ], [ 11.107916666544597, 10.468750000332316, 0.0 ], [ 11.116249999643086, 10.469583333631665, 0.0 ], [ 11.120416666485383, 10.467916666674469, 0.0 ], [ 11.122083333217207, 10.465416666259905, 0.0 ], [ 11.126250000116462, 10.466249999926001, 0.0 ], [ 11.127916666299926, 10.463750000055569, 0.0 ], [ 11.130416666428001, 10.463749999914505, 0.0 ], [ 11.131250000245648, 10.4620833337194, 0.0 ], [ 11.13375000020811, 10.46291666680958, 0.0 ], [ 11.135416666448588, 10.46041666641219, 0.0 ], [ 11.14041666680996, 10.460416667053034, 0.0 ], [ 11.143750000433901, 10.464583333651904, 0.0 ], [ 11.142083332933666, 10.466249999950948, 0.0 ], [ 11.142083333459553, 10.4704166669608, 0.0 ], [ 11.143749999706319, 10.472083332932479, 0.0 ], [ 11.145416666935271, 10.479583332962301, 0.0 ], [ 11.147916666401503, 10.482083333040979, 0.0 ], [ 11.150416666313172, 10.482083333572689, 0.0 ], [ 11.154583333383371, 10.485416666685085, 0.0 ] ] ] } },
{ "type": "Feature", "properties": { "OBJECTID": 0, "ActivityID": "GOM62", "Stra_Catch": "Gongola", "Micr_Catch": "FCE-T", "State": "Gombe", "LGA": "Gombe", "Site_Name": "FCE-T intervension area (Upper)", "Interv_Typ": "Water Harvesting", "Component": "A - Dryland management", "Comments": "Completed", "Implemnter": "SPMU", "Start_Date": "2024-12-10T00:00:00", "End_Date": "2024/12/29", "No_Trees_P": 0, "Sub_compon": "A2-3", "Lon": 11.204347, "Lat": 10.332649, "Female_pop": 5340, "Buffer_Mtr": 0, "Area_Impac": 715.95676695899999, "Male_pop": 5892, "Area_Intev": 715.95676695899999, "Netsize_Ha": 715.95676695899999, "Indicator": "Area under improved rainwater harvesting", "Benefi_pop": 11232.0, "Perct_NDVI": 0.0, "parent_micro_name": "FCE-T. Gombe" }, "geometry": { "type": "Polygon", "coordinates": [ [ [ 11.16871331899835, 10.309994718999979, 0.0 ], [ 11.168081281998349, 10.306472887999981, 0.0 ], [ 11.166745634998337, 10.301808005, 0.0 ], [ 11.163951970998383, 10.298952551000021, 0.0 ], [ 11.161493735998393, 10.298190971, 0.0 ], [ 11.157467244998365, 10.298292789000023, 0.0 ], [ 11.154984648998386, 10.298797138, 0.0 ], [ 11.150370913998447, 10.300166334999981, 0.0 ], [ 11.144360871998465, 10.30327553500002, 0.0 ], [ 11.139815488998497, 10.307242197, 0.0 ], [ 11.139133880998465, 10.309779607, 0.0 ], [ 11.137719511998498, 10.313951369, 0.0 ], [ 11.1359140139985, 10.318552814999984, 0.0 ], [ 11.138631930998526, 10.322557347999986, 0.0 ], [ 11.144909466998465, 10.324473029999988, 0.0 ], [ 11.151693492998419, 10.323412207999988, 0.0 ], [ 11.156225575998409, 10.321831174000019, 0.0 ], [ 11.159457907998373, 10.318722368000019, 0.0 ], [ 11.161914321998353, 10.315512061, 0.0 ], [ 11.166917942998341, 10.314171630999969, 0.0 ], [ 11.16871331899835, 10.309994718999979, 0.0 ] ] ] } },
{ "type": "Feature", "properties": { "OBJECTID": 119, "ActivityID": "GOM39", "Stra_Catch": "Gongola", "Micr_Catch": "Bajoga", "State": "Gombe", "LGA": "Funakaye", "Site_Name": "Funakaye Local government Secretariat", "Interv_Typ": "Afforestation (Tree Planting)", "Component": "A - Dryland Management", "Comments": null, "Implemnter": "SPMU", "Start_Date": "2024-09-27T00:00:00", "End_Date": "2024/09/30", "No_Trees_P": 105, "Sub_compon": "A2-1", "Lon": 11.437469502700001, "Lat": 10.859003, "Female_pop": 68, "Buffer_Mtr": 0, "Area_Impac": 4.1428492774099999, "Male_pop": 294, "Area_Intev": 4.1428481757600002, "Netsize_Ha": 4.1428499221799999, "Indicator": "Area under improved catchment management", "Benefi_pop": 362.0, "Perct_NDVI": 0.0, "parent_micro_name": "Bajoga_Catchment" }, "geometry": { "type": "Polygon", "coordinates": [ [ [ 11.438880876085676, 10.858562188524182, 0.0 ], [ 11.436641917618969, 10.858114793014991, 0.0 ], [ 11.43612609783086, 10.859665794506029, 0.0 ], [ 11.438004940517342, 10.860021221673595, 0.0 ], [ 11.438529861023566, 10.859232889232798, 0.0 ], [ 11.438619897775558, 10.859097670626211, 0.0 ], [ 11.438776617574206, 10.858776108862495, 0.0 ], [ 11.438880876085676, 10.858562188524182, 0.0 ] ] ] } },
{ "type": "Feature", "properties": { "OBJECTID": 185, "ActivityID": null, "Stra_Catch": "Gongola", "Micr_Catch": "Bajoga", "State": "Gombe", "LGA": "Funakaye", "Site_Name": "Kesala1", "Interv_Typ": "CRF Activity", "Component": "B - Community Climate Resilience", "Comments": null, "Implemnter": "SPMU", "Start_Date": "2024-07-31T00:00:00", "End_Date": "2024/07/31", "No_Trees_P": 0, "Sub_compon": "B2-1", "Lon": 11.4806825222, "Lat": 10.843128, "Female_pop": 72, "Buffer_Mtr": 0, "Area_Impac": 25.640742148800001, "Male_pop": 103, "Area_Intev": 26.146160215799998, "Netsize_Ha": 26.146200180099999, "Indicator": "Area under community-led landscape restoration", "Benefi_pop": 175.0, "Perct_NDVI": 0.0, "parent_micro_name": "Bajoga_Catchment" }, "geometry": { "type": "Polygon", "coordinates": [ [ [ 11.478792884834089, 10.846495448131375, 0.0 ], [ 11.484743100641328, 10.843150852631386, 0.0 ], [ 11.482132806515358, 10.841244309505134, 0.0 ], [ 11.480146367495799, 10.84163327464594, 0.0 ], [ 11.478351006150405, 10.842769653575481, 0.0 ], [ 11.476906340043305, 10.844070880242656, 0.0 ], [ 11.478792884834089, 10.846495448131375, 0.0 ] ] ] } },
{ "type": "Feature", "properties": { "OBJECTID": 187, "ActivityID": null, "Stra_Catch": "Gongola", "Micr_Catch": "Bajoga", "State": "Gombe", "LGA": "Funakaye", "Site_Name": "Zazirmari", "Interv_Typ": "CRF Activity", "Component": "B - Community Climate Resilience", "Comments": null, "Implemnter": "SPMU", "Start_Date": "2024-07-31T00:00:00", "End_Date": "2024/07/31", "No_Trees_P": 0, "Sub_compon": "B2-1", "Lon": 11.4540842809, "Lat": 10.865266, "Female_pop": 69, "Buffer_Mtr": 0, "Area_Impac": 24.7938521317, "Male_pop": 106, "Area_Intev": 25.280116472900001, "Netsize_Ha": 25.280099868800001, "Indicator": "Area under community-led landscape restoration", "Benefi_pop": 175.0, "Perct_NDVI": 0.0, "parent_micro_name": "Bajoga_Catchment" }, "geometry": { "type": "Polygon", "coordinates": [ [ [ 11.455116764475408, 10.867230569699487, 0.0 ], [ 11.458090901949001, 10.865210362612791, 0.0 ], [ 11.457065518001539, 10.864561559540165, 0.0 ], [ 11.454537639450988, 10.863425482452449, 0.0 ], [ 11.453017156413708, 10.863152031131609, 0.0 ], [ 11.451092952759689, 10.864707402946484, 0.0 ], [ 11.450280956096824, 10.865043253884563, 0.0 ], [ 11.451413307254075, 10.865842935785516, 0.0 ], [ 11.451675271193523, 10.86768752296987, 0.0 ], [ 11.455116764475408, 10.867230569699487, 0.0 ] ] ] } },
{ "type": "Feature", "properties": { "OBJECTID": 188, "ActivityID": null, "Stra_Catch": "Gongola", "Micr_Catch": "Bajoga", "State": "Gombe", "LGA": "Funakaye", "Site_Name": "Sharamansur", "Interv_Typ": "CRF Activity", "Component": "B - Community Climate Resilience", "Comments": null, "Implemnter": "SPMU", "Start_Date": "2024-07-31T00:00:00", "End_Date": "2024/07/31", "No_Trees_P": 0, "Sub_compon": "B2-1", "Lon": 11.4485128713, "Lat": 10.867805, "Female_pop": 89, "Buffer_Mtr": 0, "Area_Impac": 25.0248670352, "Male_pop": 111, "Area_Intev": 25.515165657899999, "Netsize_Ha": 25.515199661299999, "Indicator": "Area under community-led landscape restoration", "Benefi_pop": 200.0, "Perct_NDVI": 0.0, "parent_micro_name": "Bajoga_Catchment" }, "geometry": { "type": "Polygon", "coordinates": [ [ [ 11.445585499816319, 10.869511861609924, 0.0 ], [ 11.446790180439333, 10.870093612802915, 0.0 ], [ 11.450566688316346, 10.869069823281176, 0.0 ], [ 11.451591021796288, 10.867812116922407, 0.0 ], [ 11.451263497323234, 10.86590598642379, 0.0 ], [ 11.450153105408592, 10.865043060537932, 0.0 ], [ 11.448210631484393, 10.865860883547612, 0.0 ], [ 11.446696413770303, 10.866720296915242, 0.0 ], [ 11.445371392437846, 10.867370962971846, 0.0 ], [ 11.445585499816319, 10.869511861609924, 0.0 ] ] ] } },
{ "type": "Feature", "properties": { "OBJECTID": 193, "ActivityID": null, "Stra_Catch": "Gongola", "Micr_Catch": "Bajoga", "State": "Gombe", "LGA": "Funakaye", "Site_Name": "Bajoga Woodload  at Plant Nursery Funakaye", "Interv_Typ": "Afforestation (Woodlot)", "Component": "A - Dryland Management", "Comments": null, "Implemnter": "SPMU", "Start_Date": "2023-07-30T00:00:00", "End_Date": "2023/04/09", "No_Trees_P": 135, "Sub_compon": "A2-1", "Lon": 11.4385345303, "Lat": 10.859231, "Female_pop": 53, "Buffer_Mtr": 0, "Area_Impac": 0.27581111096599997, "Male_pop": 83, "Area_Intev": 0.28120512529300001, "Netsize_Ha": 0.0, "Indicator": "Area under improved catchment management", "Benefi_pop": 136.0, "Perct_NDVI": 0.0, "parent_micro_name": "Bajoga_Catchment" }, "geometry": { "type": "Polygon", "coordinates": [ [ [ 11.438794205266971, 10.858699622395166, 0.0 ], [ 11.438427239171165, 10.85861023365536, 0.0 ], [ 11.438268889838687, 10.859174077662379, 0.0 ], [ 11.438529861023566, 10.859232889232798, 0.0 ], [ 11.43866460214449, 10.859263253827001, 0.0 ], [ 11.438776617574206, 10.858776108862495, 0.0 ], [ 11.438794205266971, 10.858699622395166, 0.0 ] ] ] } },
{ "type": "Feature", "properties": { "OBJECTID": 964, "ActivityID": null, "Stra_Catch": "Gongola", "Micr_Catch": "FCE-T", "State": "Gombe", "LGA": "Gombe", "Site_Name": "FCE-T Gully Erosion Control", "Interv_Typ": "Civil Works (Gully Erosion Control)", "Component": "A - Dryland Management", "Comments": null, "Implemnter": "SPMU", "Start_Date": "2024-09-30T00:00:00", "End_Date": "2025/11/12", "No_Trees_P": 0, "Sub_compon": "A2-2", "Lon": 11.1519581606, "Lat": 10.3433690986, "Female_pop": 0, "Buffer_Mtr": 0, "Area_Impac": 57453.830746, "Male_pop": 0, "Area_Intev": 0.0, "Netsize_Ha": 57453.830746, "Indicator": "Area under improved catchment management", "Benefi_pop": 0.0, "Perct_NDVI": 0.0, "parent_micro_name": "Akko_Kumo" }, "geometry": { "type": "Polygon", "coordinates": [ [ [ 11.154583333383371, 10.485416666685085, 0.0 ], [ 11.160416666434326, 10.483749999612307, 0.0 ], [ 11.168750000002797, 10.48458333318507, 0.0 ], [ 11.170416666312194, 10.482083333759055, 0.0 ], [ 11.169583333170317, 10.480416666295289, 0.0 ], [ 11.171249999832604, 10.476249999925846, 0.0 ], [ 11.177916666380739, 10.473749999931663, 0.0 ], [ 11.177916666864554, 10.472083333438322, 0.0 ], [ 11.181249999845914, 10.468749999690639, 0.0 ], [ 11.181250000086798, 10.466250000365827, 0.0 ], [ 11.18291666653144, 10.466250000089248, 0.0 ], [ 11.183750000181295, 10.462083333739223, 0.0 ], [ 11.187083333722853, 10.461250000086476, 0.0 ], [ 11.189583333415419, 10.456250000166172, 0.0 ], [ 11.192916666827022, 10.454583333446752, 0.0 ], [ 11.18958333305698, 10.448750000078601, 0.0 ], [ 11.182083333764707, 10.442083333386652, 0.0 ], [ 11.182916666846371, 10.438749999672996, 0.0 ], [ 11.180416666882671, 10.436250000255949, 0.0 ], [ 11.181249999870161, 10.435416666880503, 0.0 ], [ 11.179583333024985, 10.433749999707461, 0.0 ], [ 11.180416666478731, 10.430416666563159, 0.0 ], [ 11.177916666303817, 10.42791666655385, 0.0 ], [ 11.17791666672905, 10.424583333387758, 0.0 ], [ 11.176249999915001, 10.42374999967798, 0.0 ], [ 11.175416666344448, 10.416249999716873, 0.0 ], [ 11.171249999853661, 10.412916666648412, 0.0 ], [ 11.171249999560645, 10.411249999563829, 0.0 ], [ 11.172916666917118, 10.41041666670837, 0.0 ], [ 11.17208333378167, 10.403749999852227, 0.0 ], [ 11.174583333513837, 10.401250000346268, 0.0 ], [ 11.173749999731008, 10.398749999590393, 0.0 ], [ 11.172083333484927, 10.397916666387797, 0.0 ], [ 11.171249999923941, 10.390416666562034, 0.0 ], [ 11.173749999876947, 10.385416666745561, 0.0 ], [ 11.175416666242002, 10.384583333394918, 0.0 ], [ 11.174583333713358, 10.382916666479712, 0.0 ], [ 11.177083333622285, 10.379583333749538, 0.0 ], [ 11.180416666811455, 10.376249999693155, 0.0 ], [ 11.183749999816873, 10.376249999741242, 0.0 ], [ 11.183749999869537, 10.374583333376524, 0.0 ], [ 11.185416666329735, 10.374583333434703, 0.0 ], [ 11.187083333247443, 10.37125000042467, 0.0 ], [ 11.19125000025462, 10.372083333345035, 0.0 ], [ 11.19291666704776, 10.369583332937932, 0.0 ], [ 11.194583332990764, 10.369583333046165, 0.0 ], [ 11.196250000431682, 10.372083333016548, 0.0 ], [ 11.198749999833469, 10.3712500002604, 0.0 ], [ 11.200416666583834, 10.373749999855523, 0.0 ], [ 11.202916667084663, 10.372916666762007, 0.0 ], [ 11.204583332909422, 10.374583333750545, 0.0 ], [ 11.20624999967912, 10.372916666604521, 0.0 ], [ 11.208750000217504, 10.372916666773136, 0.0 ], [ 11.216250000060231, 10.366249999633668, 0.0 ], [ 11.221249999548693, 10.367083333027013, 0.0 ], [ 11.222916666722931, 10.365416666507606, 0.0 ], [ 11.223750000265873, 10.366249999749487, 0.0 ], [ 11.227916666765141, 10.365416667029294, 0.0 ], [ 11.231250000120927, 10.360416666652398, 0.0 ], [ 11.234583333663613, 10.358750000422932, 0.0 ], [ 11.237083333328291, 10.359583333037168, 0.0 ], [ 11.237916666906955, 10.362916666373827, 0.0 ], [ 11.243750000277435, 10.364583333138064, 0.0 ], [ 11.246250000016914, 10.363750000338658, 0.0 ], [ 11.24625000023919, 10.362083333096601, 0.0 ], [ 11.247916666604544, 10.361250000068956, 0.0 ], [ 11.256250000389784, 10.362083333643406, 0.0 ], [ 11.257916666905045, 10.36125000013385, 0.0 ], [ 11.25875000042039, 10.358750000352654, 0.0 ], [ 11.265416666494675, 10.364583333652735, 0.0 ], [ 11.268750000248671, 10.365416666757083, 0.0 ], [ 11.271249999783944, 10.364583332898976, 0.0 ], [ 11.272083333059074, 10.366250000424428, 0.0 ], [ 11.285416666957872, 10.365416666952212, 0.0 ], [ 11.286249999597249, 10.367083333210719, 0.0 ], [ 11.287916667087577, 10.366250000363427, 0.0 ], [ 11.293750000395228, 10.367083333064182, 0.0 ], [ 11.29624999979065, 10.363749999615209, 0.0 ], [ 11.299583333590544, 10.362916666384436, 0.0 ], [ 11.301250000085034, 10.359583333341797, 0.0 ], [ 11.303749999228705, 10.359583333761231, 0.0 ], [ 11.303749999794096, 10.357916667260582, 0.0 ], [ 11.30708333318583, 10.355416666709814, 0.0 ], [ 11.306249999864486, 10.353750000452919, 0.0 ], [ 11.309583332716382, 10.352083333786561, 0.0 ], [ 11.309583333010876, 10.347916666828358, 0.0 ], [ 11.31208333351522, 10.346250000382389, 0.0 ], [ 11.312916666783513, 10.342083333457435, 0.0 ], [ 11.316249999924599, 10.339583333779192, 0.0 ], [ 11.31541666707861, 10.338749999574006, 0.0 ], [ 11.316249999747949, 10.337083333580495, 0.0 ], [ 11.315416666554814, 10.334583333224037, 0.0 ], [ 11.313749999960994, 10.333749999646615, 0.0 ], [ 11.312083333554423, 10.327083333211037, 0.0 ], [ 11.310416666812468, 10.326249999910608, 0.0 ], [ 11.311250000333292, 10.323749999850499, 0.0 ], [ 11.309583333461406, 10.322083333127148, 0.0 ], [ 11.310416666681922, 10.319583332898, 0.0 ], [ 11.307916666442809, 10.318750000411931, 0.0 ], [ 11.307083333298456, 10.315416666318166, 0.0 ], [ 11.305416666881598, 10.31458333345193, 0.0 ], [ 11.305416666705073, 10.312083333741922, 0.0 ], [ 11.303749999718011, 10.312083333192069, 0.0 ], [ 11.302916666687429, 10.309583333192949, 0.0 ], [ 11.297083332977444, 10.307083333428205, 0.0 ], [ 11.296249999746324, 10.30291666656786, 0.0 ], [ 11.28374999997664, 10.302083333486948, 0.0 ], [ 11.277083333040313, 10.303749999676372, 0.0 ], [ 11.274583333427305, 10.300416666808758, 0.0 ], [ 11.272083333702851, 10.300416667012717, 0.0 ], [ 11.267083333576842, 10.296250000097388, 0.0 ], [ 11.267083333506147, 10.294583333208845, 0.0 ], [ 11.262083332982753, 10.290416667080207, 0.0 ], [ 11.26208333304643, 10.288749999687898, 0.0 ], [ 11.258750000085373, 10.287916666707668, 0.0 ], [ 11.255416666502226, 10.281250000273374, 0.0 ], [ 11.252916667021012, 10.282083332975445, 0.0 ], [ 11.240416666926565, 10.281249999621235, 0.0 ], [ 11.240416666773131, 10.277916667012608, 0.0 ], [ 11.237083333711213, 10.27708333352548, 0.0 ], [ 11.237083333604879, 10.274583333191812, 0.0 ], [ 11.235416666583451, 10.27458333309888, 0.0 ], [ 11.233750000159551, 10.268749999741578, 0.0 ], [ 11.231249999931041, 10.267916666994243, 0.0 ], [ 11.230416666375513, 10.2654166665777, 0.0 ], [ 11.22791666693192, 10.265416667038471, 0.0 ], [ 11.228749999716831, 10.262916666767667, 0.0 ], [ 11.227083333256308, 10.257083333151707, 0.0 ], [ 11.227916666523063, 10.245416666484669, 0.0 ], [ 11.225416667102346, 10.2387499997749, 0.0 ], [ 11.225416666695322, 10.233750000206321, 0.0 ], [ 11.223749999667907, 10.233750000417862, 0.0 ], [ 11.224583333413607, 10.229583333061603, 0.0 ], [ 11.222083333016638, 10.228750000428423, 0.0 ], [ 11.221250000376415, 10.227083333457809, 0.0 ], [ 11.212916666677719, 10.227916666783051, 0.0 ], [ 11.208749999661459, 10.22458333355196, 0.0 ], [ 11.205416666858433, 10.22458333372694, 0.0 ], [ 11.202083333059518, 10.22541666692419, 0.0 ], [ 11.201250000075136, 10.227083333575976, 0.0 ], [ 11.195416666472635, 10.227083333337195, 0.0 ], [ 11.193749999876973, 10.22875000042133, 0.0 ], [ 11.189583333452248, 10.226250000144695, 0.0 ], [ 11.189583333456884, 10.228750000069384, 0.0 ], [ 11.186249999756519, 10.232916667068213, 0.0 ], [ 11.182083333102106, 10.23291666636503, 0.0 ], [ 11.181249999612435, 10.234583333098501, 0.0 ], [ 11.177083333294004, 10.236249999781728, 0.0 ], [ 11.177083332909865, 10.237916666286337, 0.0 ], [ 11.170416666833052, 10.23708333288412, 0.0 ], [ 11.168750000014413, 10.238750000447107, 0.0 ], [ 11.163750000356174, 10.239583333663257, 0.0 ], [ 11.161249999642248, 10.237916666603196, 0.0 ], [ 11.155416666498187, 10.237916666993236, 0.0 ], [ 11.142916666526759, 10.225416666251665, 0.0 ], [ 11.140416666983642, 10.225416666901326, 0.0 ], [ 11.140416666557192, 10.223750000252853, 0.0 ], [ 11.135416666685273, 10.222083333700208, 0.0 ], [ 11.135416666863058, 10.218750000268155, 0.0 ], [ 11.131250000017713, 10.208750000256737, 0.0 ], [ 11.128749999994337, 10.208750000427292, 0.0 ], [ 11.118750000124589, 10.197916667083009, 0.0 ], [ 11.116250000076429, 10.197916666826849, 0.0 ], [ 11.116249999878308, 10.199583333278969, 0.0 ], [ 11.114583333351922, 10.200416666289456, 0.0 ], [ 11.113749999871292, 10.206249999885632, 0.0 ], [ 11.111249999985599, 10.207916666391984, 0.0 ], [ 11.107916667103765, 10.221250000433674, 0.0 ], [ 11.104583333076334, 10.227916666722226, 0.0 ], [ 11.107916666621332, 10.247916666720942, 0.0 ], [ 11.109583333730486, 10.249583333542521, 0.0 ], [ 11.112083333759225, 10.249583333695183, 0.0 ], [ 11.112083333549224, 10.252083333721565, 0.0 ], [ 11.113749999678936, 10.252916666269664, 0.0 ], [ 11.114583333238132, 10.256249999676044, 0.0 ], [ 11.113750000345101, 10.257083333561196, 0.0 ], [ 11.114583333305818, 10.26458333307761, 0.0 ], [ 11.112083333628473, 10.26958333364964, 0.0 ], [ 11.1087499996943, 10.270416666409158, 0.0 ], [ 11.107916666925119, 10.268750000006532, 0.0 ], [ 11.082916666918205, 10.272916666585008, 0.0 ], [ 11.079583333443326, 10.267083333534563, 0.0 ], [ 11.077916666306125, 10.267083333277204, 0.0 ], [ 11.077916666873561, 10.265416666821761, 0.0 ], [ 11.076250000270964, 10.264583333059274, 0.0 ], [ 11.065416666619328, 10.266249999977623, 0.0 ], [ 11.057083333593512, 10.262083333025569, 0.0 ], [ 11.055416666792068, 10.264583333153753, 0.0 ], [ 11.048749999808591, 10.267083333141965, 0.0 ], [ 11.047083333241565, 10.267083333234053, 0.0 ], [ 11.046249999988301, 10.265416666239991, 0.0 ], [ 11.045416666421724, 10.266249999904392, 0.0 ], [ 11.042916666865333, 10.265416666805745, 0.0 ], [ 11.042916666770374, 10.267916666701211, 0.0 ], [ 11.040416666301297, 10.270416666868957, 0.0 ], [ 11.027083333464493, 10.269583333334062, 0.0 ], [ 11.024583333610657, 10.273749999976877, 0.0 ], [ 11.025416666332257, 10.276250000032329, 0.0 ], [ 11.022916666880223, 10.27875000011009, 0.0 ], [ 11.022083333075463, 10.284583332948264, 0.0 ], [ 11.02041666622323, 10.285416666400447, 0.0 ], [ 11.021249999568608, 10.291250000259943, 0.0 ], [ 11.019583333335508, 10.292916666792856, 0.0 ], [ 11.019583333560059, 10.296249999681184, 0.0 ], [ 11.022083333615383, 10.298750000416335, 0.0 ], [ 11.022916666293559, 10.302916667110457, 0.0 ], [ 11.022083333141783, 10.303750000191886, 0.0 ], [ 11.022916666868833, 10.310416666818142, 0.0 ], [ 11.021250000210827, 10.314583333578987, 0.0 ], [ 11.018750000161379, 10.316249999760958, 0.0 ], [ 11.018749999812469, 10.318750000028936, 0.0 ], [ 11.016249999883447, 10.320416666643812, 0.0 ], [ 11.017083333648856, 10.322916666908789, 0.0 ], [ 11.015416666323663, 10.323749999607342, 0.0 ], [ 11.013750000116616, 10.332083333405691, 0.0 ], [ 11.01958333311063, 10.343749999748402, 0.0 ], [ 11.018749999908726, 10.345416666255758, 0.0 ], [ 11.019583332947507, 10.347083333416725, 0.0 ], [ 11.017916666506178, 10.349583332975755, 0.0 ], [ 11.018750000065472, 10.353749999852171, 0.0 ], [ 11.016250000280642, 10.355416666969665, 0.0 ], [ 11.016249999789808, 10.357916666455212, 0.0 ], [ 11.0145833330418, 10.357916666394619, 0.0 ], [ 11.014583333178891, 10.360416667042475, 0.0 ], [ 11.01708333339343, 10.367083332886978, 0.0 ], [ 11.016249999607416, 10.369583333450066, 0.0 ], [ 11.017916666393674, 10.370416667052721, 0.0 ], [ 11.018750000282433, 10.372916666738698, 0.0 ], [ 11.018749999637683, 10.376250000356363, 0.0 ], [ 11.023750000275534, 10.383749999983824, 0.0 ], [ 11.023749999780593, 10.387916666386049, 0.0 ], [ 11.022083333143952, 10.388749999911564, 0.0 ], [ 11.021249999868658, 10.391250000187519, 0.0 ], [ 11.022083333738898, 10.403749999703056, 0.0 ], [ 11.026249999929705, 10.407916666699832, 0.0 ], [ 11.026249999929492, 10.409583333099222, 0.0 ], [ 11.028749999983706, 10.41041666630041, 0.0 ], [ 11.029583333281275, 10.412916666874862, 0.0 ], [ 11.028749999903649, 10.422083333777218, 0.0 ], [ 11.027083333071682, 10.422083333358716, 0.0 ], [ 11.027916666299477, 10.425416666924505, 0.0 ], [ 11.02541666703195, 10.427083333284425, 0.0 ], [ 11.02375000011622, 10.430416666952615, 0.0 ], [ 11.024583333383983, 10.435416666753888, 0.0 ], [ 11.022916666698338, 10.43625000008875, 0.0 ], [ 11.023749999838198, 10.438750000204898, 0.0 ], [ 11.022916666778228, 10.442083333185261, 0.0 ], [ 11.024583332917805, 10.442083333316399, 0.0 ], [ 11.026250000296344, 10.444583333160208, 0.0 ], [ 11.027083333498849, 10.453749999722152, 0.0 ], [ 11.025416666811918, 10.454583332903685, 0.0 ], [ 11.025416666276689, 10.456250000385511, 0.0 ], [ 11.027916666494708, 10.457916666767032, 0.0 ], [ 11.027916666294356, 10.459583333330631, 0.0 ], [ 11.031249999892083, 10.459583333531212, 0.0 ], [ 11.031249999614458, 10.457916666586137, 0.0 ], [ 11.0345833335553, 10.454583333425422, 0.0 ], [ 11.041249999659394, 10.452083333526209, 0.0 ], [ 11.04124999991739, 10.453750000316097, 0.0 ], [ 11.04291666695344, 10.454583333692932, 0.0 ], [ 11.045416666227736, 10.453750000321213, 0.0 ], [ 11.048750000230399, 10.455416666814411, 0.0 ], [ 11.05041666655697, 10.457083333552305, 0.0 ], [ 11.049583333784479, 10.458750000347965, 0.0 ], [ 11.052916666613417, 10.462083333098567, 0.0 ], [ 11.05791666632609, 10.461250000047439, 0.0 ], [ 11.061250000074585, 10.462916666988409, 0.0 ], [ 11.065416666850641, 10.462916666361735, 0.0 ], [ 11.06708333361186, 10.463750000086907, 0.0 ], [ 11.06708333345512, 10.465416666687711, 0.0 ], [ 11.071249999962927, 10.466249999592041, 0.0 ], [ 11.073749999843384, 10.468749999845633, 0.0 ], [ 11.073750000447724, 10.471249999963517, 0.0 ], [ 11.077916666966853, 10.475416666806144, 0.0 ], [ 11.079583333304177, 10.475416666977933, 0.0 ], [ 11.082083333293877, 10.472083333650192, 0.0 ], [ 11.084583333204305, 10.472916666836596, 0.0 ], [ 11.084583333156361, 10.474583333335485, 0.0 ], [ 11.087916666641851, 10.47458333344226, 0.0 ], [ 11.089583333199524, 10.477083333608864, 0.0 ], [ 11.09374999971009, 10.477083333041877, 0.0 ], [ 11.094583333315901, 10.47541666627459, 0.0 ], [ 11.096249999735349, 10.477083333029576, 0.0 ], [ 11.098749999661379, 10.477083333219035, 0.0 ], [ 11.098749999711135, 10.475416666633931, 0.0 ], [ 11.101250000127813, 10.473749999876283, 0.0 ], [ 11.101482278102063, 10.473285447342739, 0.0 ], [ 11.102020370538833, 10.472209266901151, 0.0 ], [ 11.102916667034027, 10.470416666680748, 0.0 ], [ 11.106249999556754, 10.470416666232909, 0.0 ], [ 11.107916666544597, 10.468750000332316, 0.0 ], [ 11.116249999643086, 10.469583333631665, 0.0 ], [ 11.120416666485383, 10.467916666674469, 0.0 ], [ 11.122083333217207, 10.465416666259905, 0.0 ], [ 11.126250000116462, 10.466249999926001, 0.0 ], [ 11.127916666299926, 10.463750000055569, 0.0 ], [ 11.130416666428001, 10.463749999914505, 0.0 ], [ 11.131250000245648, 10.4620833337194, 0.0 ], [ 11.13375000020811, 10.46291666680958, 0.0 ], [ 11.135416666448588, 10.46041666641219, 0.0 ], [ 11.14041666680996, 10.460416667053034, 0.0 ], [ 11.143750000433901, 10.464583333651904, 0.0 ], [ 11.142083332933666, 10.466249999950948, 0.0 ], [ 11.142083333459553, 10.4704166669608, 0.0 ], [ 11.143749999706319, 10.472083332932479, 0.0 ], [ 11.145416666935271, 10.479583332962301, 0.0 ], [ 11.147916666401503, 10.482083333040979, 0.0 ], [ 11.150416666313172, 10.482083333572689, 0.0 ], [ 11.154583333383371, 10.485416666685085, 0.0 ] ] ] } },
{ "type": "Feature", "properties": { "OBJECTID": 82, "ActivityID": "GOM02", "Stra_Catch": "Gongola", "Micr_Catch": "Doma", "State": "Gombe", "LGA": "Gombe", "Site_Name": "Ministry of Education Street", "Interv_Typ": "Afforestation (Avenue Planting)", "Component": "A - Dryland Management", "Comments": null, "Implemnter": "SPMU", "Start_Date": "2023-09-08T00:00:00", "End_Date": "2023/08/09", "No_Trees_P": 86, "Sub_compon": "A2-1", "Lon": 11.1486576674, "Lat": 10.275806, "Female_pop": 33, "Buffer_Mtr": 18, "Area_Impac": 3.8346274572799999, "Male_pop": 65, "Area_Intev": 0.70262727397199998, "Netsize_Ha": 0.0, "Indicator": "Area under improved catchment management", "Benefi_pop": 98.0, "Perct_NDVI": 0.0, "parent_micro_name": "Barunde/Doma" }, "geometry": { "type": "Polygon", "coordinates": [ [ [ 11.149665763980991, 10.276968767215729, 0.0 ], [ 11.149671249602141, 10.276955651332145, 0.0 ], [ 11.149674503344764, 10.276945428988709, 0.0 ], [ 11.149680122116331, 10.276941072260888, 0.0 ], [ 11.149683899480529, 10.276937834952669, 0.0 ], [ 11.149687286978191, 10.276934841556042, 0.0 ], [ 11.149695830841823, 10.276926725328522, 0.0 ], [ 11.149703762009013, 10.276918021147882, 0.0 ], [ 11.149706050452693, 10.276915260097258, 0.0 ], [ 11.149708890560673, 10.276911754237117, 0.0 ], [ 11.149716355029875, 10.276901784157189, 0.0 ], [ 11.14972303102248, 10.276891278809089, 0.0 ], [ 11.149724108008126, 10.276889402520327, 0.0 ], [ 11.149726324717339, 10.276885480508158, 0.0 ], [ 11.149732323706537, 10.276873784770823, 0.0 ], [ 11.149737487626464, 10.276861276594884, 0.0 ], [ 11.149739154890785, 10.276856673114507, 0.0 ], [ 11.149743213928776, 10.27684380530677, 0.0 ], [ 11.149746183169229, 10.276830649170728, 0.0 ], [ 11.149747045488281, 10.276825909125947, 0.0 ], [ 11.149748882369934, 10.276812513751407, 0.0 ], [ 11.149749586316728, 10.276799333774784, 0.0 ], [ 11.149749642625611, 10.276794839497907, 0.0 ], [ 11.149749654659249, 10.276792840119152, 0.0 ], [ 11.149749244813995, 10.27678135681081, 0.0 ], [ 11.149716174738705, 10.276318378697347, 0.0 ], [ 11.149714088223439, 10.276301603665745, 0.0 ], [ 11.149710985588118, 10.276287743033544, 0.0 ], [ 11.149706674984746, 10.276274203141979, 0.0 ], [ 11.149701189056579, 10.276261087716344, 0.0 ], [ 11.149694570448542, 10.276248494992533, 0.0 ], [ 11.149686868181405, 10.276236521356473, 0.0 ], [ 11.149678142196304, 10.276225258602476, 0.0 ], [ 11.149675295513502, 10.276221987495637, 0.0 ], [ 11.149646771147179, 10.276190079418702, 0.0 ], [ 11.149623191220494, 10.27615720397502, 0.0 ], [ 11.149615105594624, 10.276146840814022, 0.0 ], [ 11.149605421270005, 10.276136374370616, 0.0 ], [ 11.149594853051916, 10.276126782380885, 0.0 ], [ 11.149583479935592, 10.276118140243648, 0.0 ], [ 11.149571390881265, 10.27611051244555, 0.0 ], [ 11.14955867571897, 10.27610395714054, 0.0 ], [ 11.149556054699465, 10.276102881776399, 0.0 ], [ 11.149562056604866, 10.276092967497314, 0.0 ], [ 11.149563430883665, 10.276090653585833, 0.0 ], [ 11.149570049863758, 10.276078060745098, 0.0 ], [ 11.149575535481418, 10.276064944864785, 0.0 ], [ 11.149579846424128, 10.276051404737727, 0.0 ], [ 11.14958294871669, 10.276037544531103, 0.0 ], [ 11.149584820253574, 10.276023469237224, 0.0 ], [ 11.149585445329551, 10.276009285613615, 0.0 ], [ 11.149584820121262, 10.275995103050532, 0.0 ], [ 11.149582948994137, 10.275981027268557, 0.0 ], [ 11.149579846376412, 10.275967167536848, 0.0 ], [ 11.149575535785452, 10.275953627641277, 0.0 ], [ 11.149570049864396, 10.275940511307159, 0.0 ], [ 11.149563431270311, 10.275927918578031, 0.0 ], [ 11.149555729017743, 10.275915944936068, 0.0 ], [ 11.149547003047719, 10.275904682175588, 0.0 ], [ 11.149537318733955, 10.275894215728044, 0.0 ], [ 11.149526749614452, 10.275884623739962, 0.0 ], [ 11.149515377422098, 10.275875981592023, 0.0 ], [ 11.149503287466722, 10.275868353795133, 0.0 ], [ 11.149490572316004, 10.275861798485108, 0.0 ], [ 11.149477329045499, 10.275856365633373, 0.0 ], [ 11.149463658319972, 10.275852096149116, 0.0 ], [ 11.149449663493034, 10.275849023692981, 0.0 ], [ 11.149429286643127, 10.275846751878815, 0.0 ], [ 11.149330870593342, 10.275841908188045, 0.0 ], [ 11.148794525278225, 10.27581550798871, 0.0 ], [ 11.148796221736214, 10.275728258741951, 0.0 ], [ 11.149010263022754, 10.275739283917641, 0.0 ], [ 11.149015080125878, 10.275739461673762, 0.0 ], [ 11.149016684753477, 10.27573949713172, 0.0 ], [ 11.149020402144806, 10.275739539371271, 0.0 ], [ 11.149026942026955, 10.275739410149312, 0.0 ], [ 11.149028765871643, 10.275739338404291, 0.0 ], [ 11.149034271454514, 10.275739029847637, 0.0 ], [ 11.14925154174388, 10.275723212830329, 0.0 ], [ 11.14940698995812, 10.275735314050314, 0.0 ], [ 11.149519505058484, 10.275744073676426, 0.0 ], [ 11.149519341662513, 10.275752572685947, 0.0 ], [ 11.149519311522246, 10.275755673969, 0.0 ], [ 11.149519641227586, 10.275765970162682, 0.0 ], [ 11.149519925954795, 10.275770423313659, 0.0 ], [ 11.149522093486071, 10.275788385461329, 0.0 ], [ 11.149523854212498, 10.275796931365196, 0.0 ], [ 11.149524872876409, 10.275801277515081, 0.0 ], [ 11.149530525353802, 10.27582013214545, 0.0 ], [ 11.149533132881333, 10.275826771653337, 0.0 ], [ 11.14953485822906, 10.275830894387099, 0.0 ], [ 11.149539291530058, 10.275840582197944, 0.0 ], [ 11.14954435520251, 10.275849963041312, 0.0 ], [ 11.149547231016383, 10.27585470902784, 0.0 ], [ 11.149549615742684, 10.275858495678774, 0.0 ], [ 11.149556063626857, 10.275867976707605, 0.0 ], [ 11.149563167235319, 10.275876986101398, 0.0 ], [ 11.149565764703731, 10.275879977767776, 0.0 ], [ 11.149568743312763, 10.275883324828213, 0.0 ], [ 11.149577246797877, 10.275892186650537, 0.0 ], [ 11.14958639836663, 10.27590039160064, 0.0 ], [ 11.149588231012483, 10.275901891575741, 0.0 ], [ 11.149591724417384, 10.275904710089634, 0.0 ], [ 11.149596387611513, 10.275908175227883, 0.0 ], [ 11.149594676112688, 10.275961039661393, 0.0 ], [ 11.149594591804316, 10.275966252679162, 0.0 ], [ 11.149595217018824, 10.275980436145957, 0.0 ], [ 11.149597088140361, 10.275994511023967, 0.0 ], [ 11.149600190765426, 10.276008371659085, 0.0 ], [ 11.149604501352485, 10.276021910650119, 0.0 ], [ 11.149609987276945, 10.276035026983021, 0.0 ], [ 11.149616605875789, 10.276047619710292, 0.0 ], [ 11.149624308134571, 10.276059593349604, 0.0 ], [ 11.149633035024875, 10.276070856100414, 0.0 ], [ 11.149642719353908, 10.276081323447075, 0.0 ], [ 11.149653287565204, 10.27609091453148, 0.0 ], [ 11.149664659769213, 10.276099556672131, 0.0 ], [ 11.149676749737168, 10.276107184460344, 0.0 ], [ 11.149694524074201, 10.276115974852292, 0.0 ], [ 11.149748570349056, 10.276138770143682, 0.0 ], [ 11.149756754466924, 10.276141968793869, 0.0 ], [ 11.149770426119696, 10.276146238256301, 0.0 ], [ 11.149784420960566, 10.276149310695219, 0.0 ], [ 11.149798632977205, 10.276151164217669, 0.0 ], [ 11.149812953462304, 10.276151783275495, 0.0 ], [ 11.14982727470059, 10.276151164063876, 0.0 ], [ 11.149841487206631, 10.276149310924364, 0.0 ], [ 11.149855481562236, 10.276146238140369, 0.0 ], [ 11.149869152973249, 10.276141969003051, 0.0 ], [ 11.149882396706662, 10.276136535841557, 0.0 ], [ 11.149895111747012, 10.276129980902748, 0.0 ], [ 11.149907201684593, 10.276122352729727, 0.0 ], [ 11.149918573833355, 10.27611371068711, 0.0 ], [ 11.149929141932049, 10.276104119519884, 0.0 ], [ 11.149938827075095, 10.276093652058861, 0.0 ], [ 11.149947553149692, 10.27608238925092, 0.0 ], [ 11.149955255018499, 10.276070415585455, 0.0 ], [ 11.149961873981146, 10.276057822739917, 0.0 ], [ 11.14996735958108, 10.276044706856322, 0.0 ], [ 11.149971670512022, 10.276031167631254, 0.0 ], [ 11.149974772786697, 10.276017307424375, 0.0 ], [ 11.149976393541595, 10.276005826918015, 0.0 ], [ 11.149977185062305, 10.275994261527517, 0.0 ], [ 11.149980786534433, 10.275882959311119, 0.0 ], [ 11.149984409911573, 10.275770981779155, 0.0 ], [ 11.149984494220238, 10.275765769666354, 0.0 ], [ 11.149984280160393, 10.275757462065556, 0.0 ], [ 11.149984048069191, 10.275752966086554, 0.0 ], [ 11.149981765765256, 10.275733015351769, 0.0 ], [ 11.149980400963988, 10.27572620310743, 0.0 ], [ 11.149979422118079, 10.275721807888562, 0.0 ], [ 11.149976739922888, 10.275711415224816, 0.0 ], [ 11.14997337368856, 10.275701220520114, 0.0 ], [ 11.149971348818541, 10.275695991665781, 0.0 ], [ 11.149969647758018, 10.275691817255202, 0.0 ], [ 11.149964970426465, 10.275681402574117, 0.0 ], [ 11.149959568097898, 10.275671337065244, 0.0 ], [ 11.149957395317898, 10.275667718030752, 0.0 ], [ 11.149955022104447, 10.275663879788103, 0.0 ], [ 11.149948262673179, 10.275653808818348, 0.0 ], [ 11.149940766648417, 10.275644261539137, 0.0 ], [ 11.149938860762177, 10.275642052535717, 0.0 ], [ 11.149935877259827, 10.27563865670394, 0.0 ], [ 11.149927057005845, 10.275629376705883, 0.0 ], [ 11.149917530632099, 10.275620808195239, 0.0 ], [ 11.1499163531865, 10.275619838951032, 0.0 ], [ 11.149912844894589, 10.275616978058711, 0.0 ], [ 11.149905511354701, 10.275611485240432, 0.0 ], [ 11.149906263123521, 10.275572445119021, 0.0 ], [ 11.14990629235389, 10.275569344746522, 0.0 ], [ 11.149906137810738, 10.275562280437279, 0.0 ], [ 11.149905989000539, 10.275558898342975, 0.0 ], [ 11.149903819942475, 10.275538688356257, 0.0 ], [ 11.1499032470703, 10.275535351555003, 0.0 ], [ 11.149903075226174, 10.275534366602908, 0.0 ], [ 11.149902185247061, 10.275531101500611, 0.0 ], [ 11.14989897328612, 10.275517267806279, 0.0 ], [ 11.149898502916525, 10.275515593394781, 0.0 ], [ 11.149897487215526, 10.275512360760732, 0.0 ], [ 11.149894673625118, 10.275503725132081, 0.0 ], [ 11.14988917012017, 10.275490572767069, 0.0 ], [ 11.149887188401493, 10.275486596350683, 0.0 ], [ 11.149882653687795, 10.275477972136523, 0.0 ], [ 11.149880690465332, 10.27547403175109, 0.0 ], [ 11.149874056284681, 10.275463587564783, 0.0 ], [ 11.149871551230939, 10.275459956271378, 0.0 ], [ 11.149861756287105, 10.275447164076612, 0.0 ], [ 11.149854791063573, 10.275439454400125, 0.0 ], [ 11.149851727793108, 10.275436273306617, 0.0 ], [ 11.149838439596847, 10.275423923660776, 0.0 ], [ 11.149831831681322, 10.275418713449181, 0.0 ], [ 11.14982828739458, 10.275416062485432, 0.0 ], [ 11.149811433196341, 10.275405003674248, 0.0 ], [ 11.149805795197596, 10.275401923712643, 0.0 ], [ 11.149801866216361, 10.27539987635484, 0.0 ], [ 11.149791857947688, 10.275395080960186, 0.0 ], [ 11.14978154582294, 10.275390967269631, 0.0 ], [ 11.149777358070693, 10.275389520874977, 0.0 ], [ 11.149773146045495, 10.275388128871775, 0.0 ], [ 11.149761516519696, 10.275384752413977, 0.0 ], [ 11.149749667373909, 10.275382233350763, 0.0 ], [ 11.149747241629722, 10.275381828246905, 0.0 ], [ 11.149742857245155, 10.275381129729462, 0.0 ], [ 11.149729626440564, 10.275379562535578, 0.0 ], [ 11.149267051641353, 10.275343550364196, 0.0 ], [ 11.149260063774669, 10.275343154715536, 0.0 ], [ 11.149257735119868, 10.275343071635904, 0.0 ], [ 11.149251845276531, 10.275342966975085, 0.0 ], [ 11.149245302665802, 10.275343096218061, 0.0 ], [ 11.149243479736249, 10.275343167957786, 0.0 ], [ 11.149237976898828, 10.275343476498437, 0.0 ], [ 11.149018162821813, 10.275359479338404, 0.0 ], [ 11.148618334361581, 10.27533888466831, 0.0 ], [ 11.14860979987604, 10.275338664659827, 0.0 ], [ 11.148605138652913, 10.27533872990082, 0.0 ], [ 11.148600754350499, 10.275338853863786, 0.0 ], [ 11.148588774118199, 10.275339624709114, 0.0 ], [ 11.148576882775155, 10.275341259942522, 0.0 ], [ 11.148574617696566, 10.275341671742471, 0.0 ], [ 11.148570311066333, 10.27534248572621, 0.0 ], [ 11.148557485908405, 10.275345441335867, 0.0 ], [ 11.148544940433135, 10.275349404683903, 0.0 ], [ 11.148540803559921, 10.275350895424364, 0.0 ], [ 11.148528603356754, 10.275355848902993, 0.0 ], [ 11.148516857642145, 10.275361748404057, 0.0 ], [ 11.148513028908097, 10.275363866176621, 0.0 ], [ 11.148511001471505, 10.275365006706238, 0.0 ], [ 11.148500851916962, 10.275371309587891, 0.0 ], [ 11.148491193621984, 10.275378327768523, 0.0 ], [ 11.148487753916834, 10.275381023229647, 0.0 ], [ 11.148484099634137, 10.275383972285104, 0.0 ], [ 11.148476034846212, 10.275391136268922, 0.0 ], [ 11.148468464494513, 10.275398810358435, 0.0 ], [ 11.148465504624278, 10.275402016022033, 0.0 ], [ 11.148460887353858, 10.275407235586355, 0.0 ], [ 11.148449358864893, 10.275422593266587, 0.0 ], [ 11.148446954005767, 10.275426224577091, 0.0 ], [ 11.148442054450511, 10.275434103310555, 0.0 ], [ 11.148434327326513, 10.275449100470745, 0.0 ], [ 11.148432538010765, 10.275453066642743, 0.0 ], [ 11.148428160449916, 10.275463778175881, 0.0 ], [ 11.148423769353069, 10.275477618903174, 0.0 ], [ 11.148422642338817, 10.275481816588721, 0.0 ], [ 11.148419621004905, 10.275495375277208, 0.0 ], [ 11.148417935961225, 10.275507479864348, 0.0 ], [ 11.148417500637066, 10.275511801311366, 0.0 ], [ 11.148416719807244, 10.275524822729464, 0.0 ], [ 11.148409754242291, 10.27588307633528, 0.0 ], [ 11.148407629571661, 10.275992326168954, 0.0 ], [ 11.14840759963473, 10.275995459087152, 0.0 ], [ 11.148407960918483, 10.276006246770146, 0.0 ], [ 11.148408271431286, 10.276010871484317, 0.0 ], [ 11.1484094906184, 10.276020854484017, 0.0 ], [ 11.148220129817005, 10.276007094850209, 0.0 ], [ 11.148215449866388, 10.276006821270478, 0.0 ], [ 11.14821388698951, 10.276006752089911, 0.0 ], [ 11.148209186941076, 10.276006610604369, 0.0 ], [ 11.14783034760587, 10.2760005734053, 0.0 ], [ 11.147407353827541, 10.275979424070663, 0.0 ], [ 11.147399068551467, 10.275979216843997, 0.0 ], [ 11.147393815141035, 10.275979299550157, 0.0 ], [ 11.147389301367541, 10.275979443336949, 0.0 ], [ 11.147377618698572, 10.275980226632912, 0.0 ], [ 11.147366021891536, 10.275981831857308, 0.0 ], [ 11.147362346823432, 10.275982516912961, 0.0 ], [ 11.147357917394944, 10.275983393157711, 0.0 ], [ 11.147345794384826, 10.275986270863694, 0.0 ], [ 11.147333926613443, 10.275990050722005, 0.0 ], [ 11.147331842798101, 10.275990817428047, 0.0 ], [ 11.147327619860009, 10.275992404533262, 0.0 ], [ 11.147315454592272, 10.275997538511763, 0.0 ], [ 11.147303473860791, 10.276003781187384, 0.0 ], [ 11.147299299356192, 10.27600618866142, 0.0 ], [ 11.147287858353495, 10.276013431931437, 0.0 ], [ 11.147284223511106, 10.276016289559866, 0.0 ], [ 11.14727713694997, 10.276021688162134, 0.0 ], [ 11.147273251486048, 10.276024732738621, 0.0 ], [ 11.147263213422399, 10.276033768074708, 0.0 ], [ 11.14726235302815, 10.276034609829626, 0.0 ], [ 11.147254255373088, 10.276043265351046, 0.0 ], [ 11.1472526457333, 10.276045055681948, 0.0 ], [ 11.147251325061625, 10.2760466615222, 0.0 ], [ 11.14724980261763, 10.276048525390646, 0.0 ], [ 11.147243799365818, 10.276056225232859, 0.0 ], [ 11.147242323496959, 10.276058228888518, 0.0 ], [ 11.147235764899587, 10.276068291441318, 0.0 ], [ 11.147234442753502, 10.276070084386935, 0.0 ], [ 11.147232954212154, 10.276072103491872, 0.0 ], [ 11.147230918273562, 10.276075500065234, 0.0 ], [ 11.147225485377831, 10.276085627468479, 0.0 ], [ 11.147220785883492, 10.276096108839358, 0.0 ], [ 11.147219100003658, 10.27610025870711, 0.0 ], [ 11.147217126675253, 10.276105358610966, 0.0 ], [ 11.147213763973387, 10.27611554008892, 0.0 ], [ 11.147211085244175, 10.276125918593209, 0.0 ], [ 11.147210110848718, 10.276130285189597, 0.0 ], [ 11.147208739741446, 10.276137125522423, 0.0 ], [ 11.147206469180231, 10.276156861527708, 0.0 ], [ 11.147206232865539, 10.276161328984562, 0.0 ], [ 11.147206007506504, 10.276169851011446, 0.0 ], [ 11.147206082727214, 10.276174772845662, 0.0 ], [ 11.147222193365149, 10.276702053455168, 0.0 ], [ 11.147221840073152, 10.276705010460379, 0.0 ], [ 11.147221569585264, 10.276709417586016, 0.0 ], [ 11.147221266702445, 10.276719297699334, 0.0 ], [ 11.147222135202744, 10.276736005821837, 0.0 ], [ 11.147222592889955, 10.276740398181289, 0.0 ], [ 11.147224220538163, 10.276751948462229, 0.0 ], [ 11.14722752895648, 10.276766564292172, 0.0 ], [ 11.147228703980891, 10.276770823553647, 0.0 ], [ 11.147232808618663, 10.276783608344648, 0.0 ], [ 11.14723786109616, 10.276795796646445, 0.0 ], [ 11.147239719841862, 10.276799810052086, 0.0 ], [ 11.147246771749874, 10.276813330027132, 0.0 ], [ 11.147252891591627, 10.276823025687534, 0.0 ], [ 11.147255386784398, 10.276826685089199, 0.0 ], [ 11.147265695082046, 10.276840225971158, 0.0 ], [ 11.147272165817551, 10.276847420178873, 0.0 ], [ 11.147275229273001, 10.276850629316883, 0.0 ], [ 11.147289011012168, 10.276863492803784, 0.0 ], [ 11.147295224511911, 10.276868408317688, 0.0 ], [ 11.147298774411757, 10.276871079157331, 0.0 ], [ 11.147316023069864, 10.276882434659404, 0.0 ], [ 11.14732144585612, 10.276885402205254, 0.0 ], [ 11.147325388634377, 10.276887463962662, 0.0 ], [ 11.147335500482628, 10.276892322014161, 0.0 ], [ 11.147345924315628, 10.276896484750349, 0.0 ], [ 11.147350048975845, 10.276897910804227, 0.0 ], [ 11.147354277493685, 10.276899309958523, 0.0 ], [ 11.147365938183873, 10.276902698944109, 0.0 ], [ 11.147377818470806, 10.276905226015316, 0.0 ], [ 11.147380380355401, 10.276905652829347, 0.0 ], [ 11.147384783008707, 10.276906350350776, 0.0 ], [ 11.147397801059103, 10.276907890116835, 0.0 ], [ 11.147650525724247, 10.276927681917845, 0.0 ], [ 11.147653624617268, 10.27692789547967, 0.0 ], [ 11.14765463712525, 10.276927955655083, 0.0 ], [ 11.1476576160362, 10.276928105838998, 0.0 ], [ 11.147987985855783, 10.276941807968258, 0.0 ], [ 11.147991797754329, 10.276941922801871, 0.0 ], [ 11.147993063722483, 10.276941946046607, 0.0 ], [ 11.147996489899795, 10.276941973052091, 0.0 ], [ 11.148338513436251, 10.276940480812147, 0.0 ], [ 11.148343318778789, 10.276940805979127, 0.0 ], [ 11.148350782154926, 10.276952409757294, 0.0 ], [ 11.148359509038238, 10.27696367254603, 0.0 ], [ 11.148369193366468, 10.276974139933213, 0.0 ], [ 11.148379761583177, 10.276983731060463, 0.0 ], [ 11.148391134711355, 10.276992373239906, 0.0 ], [ 11.148403223784383, 10.277000001080639, 0.0 ], [ 11.148415938971901, 10.27700655642824, 0.0 ], [ 11.148429182285245, 10.277011989316986, 0.0 ], [ 11.148438345266062, 10.277014993510782, 0.0 ], [ 11.148505615223282, 10.277034897621011, 0.0 ], [ 11.148524117891441, 10.277039234530454, 0.0 ], [ 11.148538329953048, 10.277041088101555, 0.0 ], [ 11.148552651400273, 10.277041707201381, 0.0 ], [ 11.14856697269231, 10.277041088036894, 0.0 ], [ 11.148581184343293, 10.277039234949294, 0.0 ], [ 11.148595179672368, 10.277036162203446, 0.0 ], [ 11.148608850234567, 10.277031893114385, 0.0 ], [ 11.148622094034138, 10.277026459992838, 0.0 ], [ 11.148634809142557, 10.277019905091331, 0.0 ], [ 11.148646899149584, 10.27701227695275, 0.0 ], [ 11.148658271368641, 10.277003634941419, 0.0 ], [ 11.148670412266776, 10.276992464304927, 0.0 ], [ 11.148700198969323, 10.276962149893626, 0.0 ], [ 11.149045471063932, 10.276975335462193, 0.0 ], [ 11.149048802776687, 10.276975429063294, 0.0 ], [ 11.149313074570525, 10.276980206071181, 0.0 ], [ 11.149314858333366, 10.276982978981083, 0.0 ], [ 11.14932358434009, 10.276994242646577, 0.0 ], [ 11.149333268689162, 10.277004709094493, 0.0 ], [ 11.14934383784227, 10.277014300178104, 0.0 ], [ 11.149355210084479, 10.277022943227971, 0.0 ], [ 11.149367300087119, 10.277030571021717, 0.0 ], [ 11.149380015288065, 10.277037126327173, 0.0 ], [ 11.149393258611134, 10.277042559172875, 0.0 ], [ 11.149406381567728, 10.277046656937134, 0.0 ], [ 11.149406929384755, 10.277046827745814, 0.0 ], [ 11.149420924272949, 10.277049901096767, 0.0 ], [ 11.149424266360176, 10.277050449257723, 0.0 ], [ 11.149488307759142, 10.277060271411079, 0.0 ], [ 11.14949165940212, 10.277060748104381, 0.0 ], [ 11.149502524988561, 10.277062079712122, 0.0 ], [ 11.149504211496241, 10.27706221133443, 0.0 ], [ 11.149516842968909, 10.277062726810799, 0.0 ], [ 11.149531164251185, 10.277062107603857, 0.0 ], [ 11.149545375888721, 10.277060254474893, 0.0 ], [ 11.149559371200741, 10.277057181689084, 0.0 ], [ 11.149573042654996, 10.27705291255571, 0.0 ], [ 11.149586285524256, 10.277047480307752, 0.0 ], [ 11.149599000599592, 10.277040924468459, 0.0 ], [ 11.149611090582829, 10.27703329720222, 0.0 ], [ 11.149622462763176, 10.277024654258403, 0.0 ], [ 11.149633031810021, 10.277015063087326, 0.0 ], [ 11.14964271607975, 10.277004596537964, 0.0 ], [ 11.149651443091322, 10.276993332821514, 0.0 ], [ 11.149659144993839, 10.276981360060773, 0.0 ], [ 11.149665763980991, 10.276968767215729, 0.0 ] ], [ [ 11.147600893457032, 10.27654291113004, 0.0 ], [ 11.147595580044372, 10.276369016131577, 0.0 ], [ 11.147814305780152, 10.276379952234818, 0.0 ], [ 11.147817037125414, 10.276380067001137, 0.0 ], [ 11.147817976423436, 10.276380097834659, 0.0 ], [ 11.147820887266638, 10.276380169834734, 0.0 ], [ 11.14819754108701, 10.276386171729119, 0.0 ], [ 11.148632061880981, 10.276417747060659, 0.0 ], [ 11.148634986275091, 10.276417933751524, 0.0 ], [ 11.148637770738674, 10.276418076177787, 0.0 ], [ 11.148642599924361, 10.276418284588035, 0.0 ], [ 11.148493336414466, 10.276562602697508, 0.0 ], [ 11.148486478248246, 10.276569924995979, 0.0 ], [ 11.148357736572652, 10.276561197594855, 0.0 ], [ 11.148351835376484, 10.276560902286402, 0.0 ], [ 11.148349844513858, 10.27656083865527, 0.0 ], [ 11.148344161947668, 10.276560754300698, 0.0 ], [ 11.14799959633366, 10.276562258793525, 0.0 ], [ 11.14767720731275, 10.276548887851696, 0.0 ], [ 11.147600893457032, 10.27654291113004, 0.0 ] ] ] } },
{ "type": "Feature", "properties": { "OBJECTID": 86, "ActivityID": "GOM06", "Stra_Catch": "Gongola", "Micr_Catch": "Doma", "State": "Gombe", "LGA": "Gombe", "Site_Name": "Tree planting at Jekadafari 2 behind shehu abubakar", "Interv_Typ": "Afforestation (Avenue Planting)", "Component": "A - Dryland Management", "Comments": null, "Implemnter": "SPMU", "Start_Date": "2024-06-09T00:00:00", "End_Date": "2024/06/09", "No_Trees_P": 105, "Sub_compon": "A2-1", "Lon": 11.160568896899999, "Lat": 10.283311, "Female_pop": 521, "Buffer_Mtr": 18, "Area_Impac": 3.6248351153399998, "Male_pop": 319, "Area_Intev": 2.1803599675699998, "Netsize_Ha": 0.0, "Indicator": "Area under improved catchment management", "Benefi_pop": 840.0, "Perct_NDVI": 0.0, "parent_micro_name": "Barunde/Doma" }, "geometry": { "type": "Polygon", "coordinates": [ [ [ 11.162013951380345, 10.283897939631151, 0.0 ], [ 11.161897757012895, 10.283640558197151, 0.0 ], [ 11.161876072223242, 10.283439704464618, 0.0 ], [ 11.161868479648421, 10.283369373498914, 0.0 ], [ 11.161855187767141, 10.283112625711592, 0.0 ], [ 11.161852906577193, 10.283092699621546, 0.0 ], [ 11.161849804220909, 10.283078839226187, 0.0 ], [ 11.161845493893816, 10.283065299619393, 0.0 ], [ 11.161840008237872, 10.28305218362045, 0.0 ], [ 11.161833389002501, 10.283039591276353, 0.0 ], [ 11.161825686119688, 10.283027618060299, 0.0 ], [ 11.161816959529153, 10.28301635485953, 0.0 ], [ 11.161807275528004, 10.283005887999707, 0.0 ], [ 11.161796706752256, 10.282996296533474, 0.0 ], [ 11.161785334014333, 10.28298765403593, 0.0 ], [ 11.161773243546863, 10.282980025911497, 0.0 ], [ 11.161760528840123, 10.282973471189337, 0.0 ], [ 11.161747285135766, 10.282968038040909, 0.0 ], [ 11.16173361311407, 10.282963769178373, 0.0 ], [ 11.161719617944499, 10.282960696437961, 0.0 ], [ 11.161705405653736, 10.282958843515646, 0.0 ], [ 11.16169108402601, 10.282958224153546, 0.0 ], [ 11.1616804121856, 10.28295856742322, 0.0 ], [ 11.161498254411697, 10.282970309009411, 0.0 ], [ 11.161403361846384, 10.282919400061308, 0.0 ], [ 11.161392511858839, 10.282914081981209, 0.0 ], [ 11.1613812959058, 10.282909568948311, 0.0 ], [ 11.161367623882358, 10.282905299164995, 0.0 ], [ 11.161353628715736, 10.282902226407503, 0.0 ], [ 11.161350753421399, 10.28290175119386, 0.0 ], [ 11.161004198242464, 10.282847492196854, 0.0 ], [ 11.160991408439484, 10.282845995805303, 0.0 ], [ 11.160978539626878, 10.282845495967138, 0.0 ], [ 11.160962992382419, 10.282846226039572, 0.0 ], [ 11.16081300741812, 10.282860343905979, 0.0 ], [ 11.160768959908351, 10.282864489867013, 0.0 ], [ 11.16064693715045, 10.282863042375595, 0.0 ], [ 11.159925907895564, 10.282732964075167, 0.0 ], [ 11.159512932373781, 10.282658459242001, 0.0 ], [ 11.159512016806122, 10.282658296328027, 0.0 ], [ 11.159497804522021, 10.282656443303349, 0.0 ], [ 11.159483483804674, 10.282655823833812, 0.0 ], [ 11.159469162382978, 10.282656443528134, 0.0 ], [ 11.159454502169732, 10.282658376043162, 0.0 ], [ 11.159193077745135, 10.282705503875272, 0.0 ], [ 11.159179538407932, 10.282708535203632, 0.0 ], [ 11.159166305116866, 10.282712687056712, 0.0 ], [ 11.159153061363879, 10.282718119715584, 0.0 ], [ 11.159140346354329, 10.282724675030313, 0.0 ], [ 11.159128256491464, 10.282732303551242, 0.0 ], [ 11.159116883548043, 10.282740945917427, 0.0 ], [ 11.159106314697041, 10.28275053737549, 0.0 ], [ 11.159096630661878, 10.282761004176752, 0.0 ], [ 11.159087903915822, 10.282772267204445, 0.0 ], [ 11.159080201407454, 10.282784240147933, 0.0 ], [ 11.159073582760085, 10.282796833130046, 0.0 ], [ 11.15906809659678, 10.282809949116249, 0.0 ], [ 11.15906378604662, 10.282823488397067, 0.0 ], [ 11.159060683269164, 10.282837348624634, 0.0 ], [ 11.159058812186053, 10.282851423890635, 0.0 ], [ 11.159058186674256, 10.282865607449832, 0.0 ], [ 11.159058571697027, 10.282876738344104, 0.0 ], [ 11.159059305928649, 10.282883791511226, 0.0 ], [ 11.159059724805283, 10.282887817119553, 0.0 ], [ 11.159098640146043, 10.28316683152606, 0.0 ], [ 11.159099744961354, 10.283174832154929, 0.0 ], [ 11.159100611172684, 10.283180892933004, 0.0 ], [ 11.159103779931385, 10.283194737570303, 0.0 ], [ 11.15910453800203, 10.283197509103697, 0.0 ], [ 11.15910783326685, 10.283208347640794, 0.0 ], [ 11.159187814617864, 10.283485066402925, 0.0 ], [ 11.159191348523802, 10.28349583465554, 0.0 ], [ 11.159196834091096, 10.283508950719771, 0.0 ], [ 11.159203453246722, 10.28352154313677, 0.0 ], [ 11.159211155152981, 10.283533517342477, 0.0 ], [ 11.159219881677529, 10.283544779725306, 0.0 ], [ 11.159229566542162, 10.283555246670186, 0.0 ], [ 11.159240135279861, 10.283564838231957, 0.0 ], [ 11.159250311302976, 10.283572642814717, 0.0 ], [ 11.159415272642969, 10.283689221735999, 0.0 ], [ 11.159428559791499, 10.283697687967225, 0.0 ], [ 11.159441275413823, 10.283704242778551, 0.0 ], [ 11.159454519131639, 10.283709676022902, 0.0 ], [ 11.15946819026429, 10.283713944987321, 0.0 ], [ 11.159482185467009, 10.283717017822639, 0.0 ], [ 11.159496397799936, 10.283718870838239, 0.0 ], [ 11.159510719478174, 10.283719490291318, 0.0 ], [ 11.159521756246322, 10.283719122058933, 0.0 ], [ 11.15995073532058, 10.283690523238262, 0.0 ], [ 11.160395444180988, 10.283807905949562, 0.0 ], [ 11.16062139061391, 10.283906016935942, 0.0 ], [ 11.160631172202693, 10.283909898738589, 0.0 ], [ 11.160644843350035, 10.28391416764827, 0.0 ], [ 11.160658838562814, 10.283917240428545, 0.0 ], [ 11.160675467958276, 10.283919285148071, 0.0 ], [ 11.160892441562849, 10.283934893998495, 0.0 ], [ 11.161217824174843, 10.284046616301357, 0.0 ], [ 11.161229859168989, 10.284050243531473, 0.0 ], [ 11.161242138861997, 10.284052948120037, 0.0 ], [ 11.161533283596011, 10.284105588840141, 0.0 ], [ 11.161690926309014, 10.284253657835073, 0.0 ], [ 11.161698379925154, 10.284260244047131, 0.0 ], [ 11.161709752714131, 10.284268886538293, 0.0 ], [ 11.161721842323503, 10.284276514660933, 0.0 ], [ 11.161734558006302, 10.284283070271353, 0.0 ], [ 11.161747801763946, 10.284288502504969, 0.0 ], [ 11.161761472940023, 10.284292772264797, 0.0 ], [ 11.16177546817104, 10.284295844991112, 0.0 ], [ 11.161789680523061, 10.284297697897928, 0.0 ], [ 11.161804002211053, 10.284298317243262, 0.0 ], [ 11.161818323680151, 10.28429769743151, 0.0 ], [ 11.16183253636804, 10.284295844610327, 0.0 ], [ 11.161846531761627, 10.284292772157693, 0.0 ], [ 11.161860203234518, 10.284288502477427, 0.0 ], [ 11.161873446978108, 10.284283069704331, 0.0 ], [ 11.161886161964661, 10.284276514281588, 0.0 ], [ 11.161898251797114, 10.284268886563618, 0.0 ], [ 11.161909624690617, 10.284260244104711, 0.0 ], [ 11.161920193484844, 10.284250653466735, 0.0 ], [ 11.161929878351051, 10.284240185681695, 0.0 ], [ 11.161938605016044, 10.284228923494437, 0.0 ], [ 11.161946307420056, 10.284216949594933, 0.0 ], [ 11.161952925959167, 10.284204356572252, 0.0 ], [ 11.16195841200525, 10.284191240557575, 0.0 ], [ 11.161959255704023, 10.284188888570361, 0.0 ], [ 11.162019196126781, 10.284017667278446, 0.0 ], [ 11.162022984092314, 10.284005272108637, 0.0 ], [ 11.162025765487183, 10.283992618833928, 0.0 ], [ 11.162027636431393, 10.283978543577115, 0.0 ], [ 11.162028261807329, 10.283964360943465, 0.0 ], [ 11.162027635952787, 10.283950177623245, 0.0 ], [ 11.162025765081603, 10.283936102035169, 0.0 ], [ 11.162022662702221, 10.283922241645351, 0.0 ], [ 11.162018351436711, 10.283908702051441, 0.0 ], [ 11.162013951380345, 10.283897939631151, 0.0 ] ] ] } },
{ "type": "Feature", "properties": { "OBJECTID": 87, "ActivityID": "GOM07", "Stra_Catch": "Gongola", "Micr_Catch": "Doma", "State": "Gombe", "LGA": "Gombe", "Site_Name": "Tree planting at Dr. Sulaiman kumo house to Audit junction", "Interv_Typ": "Afforestation (Avenue Planting)", "Component": "A - Dryland Management", "Comments": null, "Implemnter": "SPMU", "Start_Date": "2023-02-09T00:00:00", "End_Date": "2023/02/09", "No_Trees_P": 166, "Sub_compon": "A2-1", "Lon": 11.1566662428, "Lat": 10.2787, "Female_pop": 396, "Buffer_Mtr": 18, "Area_Impac": 6.0920072708499999, "Male_pop": 600, "Area_Intev": 3.6540607023799998, "Netsize_Ha": 0.0, "Indicator": "Area under improved catchment management", "Benefi_pop": 996.0, "Perct_NDVI": 0.0, "parent_micro_name": "Barunde/Doma" }, "geometry": { "type": "Polygon", "coordinates": [ [ [ 11.154892142213074, 10.276391823372675, 0.0 ], [ 11.154877821753654, 10.276391204543685, 0.0 ], [ 11.154863500560721, 10.276391823978843, 0.0 ], [ 11.154849288112912, 10.276393676431184, 0.0 ], [ 11.154829621896099, 10.276398363426043, 0.0 ], [ 11.15452711817913, 10.276490288272409, 0.0 ], [ 11.154519117892983, 10.276492943604842, 0.0 ], [ 11.154505874258417, 10.27649837603896, 0.0 ], [ 11.154493159343629, 10.276504932046155, 0.0 ], [ 11.154481069532844, 10.276512559466996, 0.0 ], [ 11.154469697529336, 10.276521201647348, 0.0 ], [ 11.154459128674567, 10.276530792943554, 0.0 ], [ 11.154449444610696, 10.276541260505899, 0.0 ], [ 11.154440717799018, 10.276552523411082, 0.0 ], [ 11.154433016107321, 10.276564496247145, 0.0 ], [ 11.154425720898738, 10.276578543404685, 0.0 ], [ 11.154289514383439, 10.276875416436191, 0.0 ], [ 11.154284704500217, 10.276887079014145, 0.0 ], [ 11.154280393760935, 10.276900618260981, 0.0 ], [ 11.154277291682035, 10.276914478472019, 0.0 ], [ 11.154275420361612, 10.27692855375116, 0.0 ], [ 11.154274794591041, 10.276942737346996, 0.0 ], [ 11.154275420023611, 10.276956920761165, 0.0 ], [ 11.154277291361643, 10.276970995568064, 0.0 ], [ 11.154280394200015, 10.27698485611417, 0.0 ], [ 11.154284704089083, 10.276998395908828, 0.0 ], [ 11.154290190215606, 10.277011512119056, 0.0 ], [ 11.15429680900856, 10.277024104708172, 0.0 ], [ 11.154300222702918, 10.277029698477927, 0.0 ], [ 11.155175735992685, 10.278401216759518, 0.0 ], [ 11.155181943802102, 10.27841025453951, 0.0 ], [ 11.155188750094116, 10.278418859015664, 0.0 ], [ 11.155198434659455, 10.278429326143053, 0.0 ], [ 11.155209003093791, 10.278438916994924, 0.0 ], [ 11.155218848723916, 10.278446488053767, 0.0 ], [ 11.155229244976823, 10.278453297129365, 0.0 ], [ 11.155811936248659, 10.278804245024958, 0.0 ], [ 11.156633379774719, 10.27936080314338, 0.0 ], [ 11.156644000227971, 10.279367424478496, 0.0 ], [ 11.15665671471092, 10.279373979453888, 0.0 ], [ 11.15666995911516, 10.279379411950098, 0.0 ], [ 11.15668828503204, 10.279384844971368, 0.0 ], [ 11.158375607091434, 10.279780631950482, 0.0 ], [ 11.158667197043993, 10.279849027947714, 0.0 ], [ 11.158671878670875, 10.279850080459591, 0.0 ], [ 11.158681200047997, 10.279852066455636, 0.0 ], [ 11.158695412205839, 10.279853919542971, 0.0 ], [ 11.158709733713955, 10.279854539067436, 0.0 ], [ 11.15872405502499, 10.279853920335851, 0.0 ], [ 11.158738267559446, 10.279852066783098, 0.0 ], [ 11.158752261911189, 10.279848994503377, 0.0 ], [ 11.158765933273871, 10.27984472498321, 0.0 ], [ 11.158779176927117, 10.279839292362338, 0.0 ], [ 11.15879189275646, 10.279832737076637, 0.0 ], [ 11.15880398253406, 10.279825108587822, 0.0 ], [ 11.158815354487704, 10.279816466256815, 0.0 ], [ 11.158825030057843, 10.279807717728692, 0.0 ], [ 11.158825907658001, 10.27980686046735, 0.0 ], [ 11.158833974217865, 10.279798239253905, 0.0 ], [ 11.158835614589728, 10.279796414324251, 0.0 ], [ 11.158898821702651, 10.279724054111934, 0.0 ], [ 11.158924540306908, 10.279694611096057, 0.0 ], [ 11.159017666060933, 10.279587998572744, 0.0 ], [ 11.159148273767368, 10.27943846434326, 0.0 ], [ 11.159149873742484, 10.279436604432222, 0.0 ], [ 11.159158600418872, 10.279425341419842, 0.0 ], [ 11.159166302862555, 10.279413367585589, 0.0 ], [ 11.159172921463171, 10.279400774614247, 0.0 ], [ 11.159178407592099, 10.279387658636587, 0.0 ], [ 11.159182718120814, 10.279374119362073, 0.0 ], [ 11.159185820890233, 10.279360259138551, 0.0 ], [ 11.15918769197911, 10.279346183874344, 0.0 ], [ 11.159188316598186, 10.279332000320711, 0.0 ], [ 11.159187691834077, 10.279317816957477, 0.0 ], [ 11.159185820248911, 10.27930374222791, 0.0 ], [ 11.159182718075133, 10.279289881772742, 0.0 ], [ 11.159178407026822, 10.279276342099937, 0.0 ], [ 11.15917292156966, 10.279263226017161, 0.0 ], [ 11.159166302532812, 10.279250632674358, 0.0 ], [ 11.159164072247718, 10.279247165051753, 0.0 ], [ 11.159158600771589, 10.279238659346955, 0.0 ], [ 11.15914987439894, 10.279227396935164, 0.0 ], [ 11.159140189698078, 10.279216929957897, 0.0 ], [ 11.159129621134714, 10.279207338360402, 0.0 ], [ 11.15911367199001, 10.279195635096483, 0.0 ], [ 11.159075489286783, 10.279171007777231, 0.0 ], [ 11.158650647387502, 10.278896991012457, 0.0 ], [ 11.158643133762231, 10.27889242426285, 0.0 ], [ 11.158631662560003, 10.278886449485887, 0.0 ], [ 11.158619751291948, 10.278881388707608, 0.0 ], [ 11.157287676300843, 10.278376052244662, 0.0 ], [ 11.157285098967254, 10.278375098679446, 0.0 ], [ 11.157271427177031, 10.27837082957484, 0.0 ], [ 11.157257432222277, 10.27836775659069, 0.0 ], [ 11.157242569970387, 10.278365849003201, 0.0 ], [ 11.156604482079917, 10.278313089899246, 0.0 ], [ 11.155820431592273, 10.277868185775214, 0.0 ], [ 11.155211269190941, 10.277205249232173, 0.0 ], [ 11.155037249172411, 10.276514540916793, 0.0 ], [ 11.155032227227228, 10.27649827989184, 0.0 ], [ 11.155026742004624, 10.276485164595956, 0.0 ], [ 11.155020123195357, 10.276472571121168, 0.0 ], [ 11.155012420752632, 10.276460598557602, 0.0 ], [ 11.15500369459448, 10.276449335083027, 0.0 ], [ 11.154994010108249, 10.276438867935068, 0.0 ], [ 11.15498344175802, 10.276429277060233, 0.0 ], [ 11.154972068515594, 10.276420634240555, 0.0 ], [ 11.154959979360491, 10.276413006672341, 0.0 ], [ 11.154947264117382, 10.276406451604053, 0.0 ], [ 11.154934020768986, 10.276401018095392, 0.0 ], [ 11.154920349086385, 10.276396749771132, 0.0 ], [ 11.154906354224259, 10.276393676662709, 0.0 ], [ 11.154892142213074, 10.276391823372675, 0.0 ] ] ] } },
{ "type": "Feature", "properties": { "OBJECTID": 88, "ActivityID": "GOM08", "Stra_Catch": "Gongola", "Micr_Catch": "Doma", "State": "Gombe", "LGA": "Gombe", "Site_Name": "Tree planting at Behind Shehu Abubakar house to liberty junction", "Interv_Typ": "Afforestation (Avenue Planting)", "Component": "A - Dryland Management", "Comments": null, "Implemnter": "SPMU", "Start_Date": "2024-05-11T00:00:00", "End_Date": "2024/05/11", "No_Trees_P": 72, "Sub_compon": "A2-1", "Lon": 11.1604483833, "Lat": 10.282576, "Female_pop": 300, "Buffer_Mtr": 18, "Area_Impac": 6.77694227897, "Male_pop": 132, "Area_Intev": 4.4365437060400001, "Netsize_Ha": 0.0, "Indicator": "Area under improved catchment management", "Benefi_pop": 432.0, "Perct_NDVI": 0.0, "parent_micro_name": "Barunde/Doma" }, "geometry": { "type": "Polygon", "coordinates": [ [ [ 11.162429551446666, 10.283566450558245, 0.0 ], [ 11.162837218894746, 10.28242519727738, 0.0 ], [ 11.162841213590912, 10.282412341578777, 0.0 ], [ 11.162844123060346, 10.282399202090884, 0.0 ], [ 11.162845993972569, 10.282385126837388, 0.0 ], [ 11.162846619317113, 10.282370943305152, 0.0 ], [ 11.162845994356863, 10.282356759985943, 0.0 ], [ 11.16284412348061, 10.28234268531059, 0.0 ], [ 11.162841020184558, 10.282328824937556, 0.0 ], [ 11.162836709834764, 10.282315285349927, 0.0 ], [ 11.162831224160765, 10.282302169372928, 0.0 ], [ 11.162824604905959, 10.282289576149598, 0.0 ], [ 11.162816902927331, 10.282277602954426, 0.0 ], [ 11.162808176333328, 10.282266339782879, 0.0 ], [ 11.162798491421089, 10.282255872960343, 0.0 ], [ 11.162787922651791, 10.282246281527081, 0.0 ], [ 11.162773212599019, 10.282235384584922, 0.0 ], [ 11.162366543094492, 10.281967887918572, 0.0 ], [ 11.162357790894935, 10.281962514288908, 0.0 ], [ 11.162345076219861, 10.281955958679688, 0.0 ], [ 11.162331832562687, 10.281950526452045, 0.0 ], [ 11.162318160578783, 10.281946256702819, 0.0 ], [ 11.162304165455708, 10.281943183979514, 0.0 ], [ 11.162289953213657, 10.281941331074169, 0.0 ], [ 11.162275520300502, 10.281940712471874, 0.0 ], [ 11.161379817863597, 10.281941916341774, 0.0 ], [ 11.15876346692502, 10.281672858330223, 0.0 ], [ 11.158746495170734, 10.281671988044218, 0.0 ], [ 11.158732173784808, 10.281672607697226, 0.0 ], [ 11.158717962077429, 10.281674460356241, 0.0 ], [ 11.158706058472131, 10.281676992685936, 0.0 ], [ 11.158694377045054, 10.281680391218318, 0.0 ], [ 11.158147115953936, 10.281861815706412, 0.0 ], [ 11.158137598023206, 10.281864895215671, 0.0 ], [ 11.158133492014498, 10.281866228612893, 0.0 ], [ 11.158120248267377, 10.281871661226175, 0.0 ], [ 11.158107532345767, 10.281878216504168, 0.0 ], [ 11.158095442471955, 10.281885844081597, 0.0 ], [ 11.158084070431025, 10.281894486405367, 0.0 ], [ 11.158073501564695, 10.281904077830797, 0.0 ], [ 11.158063816596506, 10.281914544609403, 0.0 ], [ 11.158055089825066, 10.281925807612513, 0.0 ], [ 11.158047388205288, 10.281937781433461, 0.0 ], [ 11.158040768610658, 10.28195037440589, 0.0 ], [ 11.158035283321011, 10.281963490374849, 0.0 ], [ 11.158030972727952, 10.281977029649191, 0.0 ], [ 11.158027869903956, 10.28199088987504, 0.0 ], [ 11.158025998771013, 10.282004965144052, 0.0 ], [ 11.158025373206476, 10.282019148710974, 0.0 ], [ 11.158025998862074, 10.282033332077686, 0.0 ], [ 11.158027869525819, 10.282047406825015, 0.0 ], [ 11.158029033714476, 10.282052867285735, 0.0 ], [ 11.158030859614065, 10.282061291540288, 0.0 ], [ 11.15827997470268, 10.283225957918457, 0.0 ], [ 11.158282755871966, 10.283237027661727, 0.0 ], [ 11.158286314024826, 10.283247877114745, 0.0 ], [ 11.158291799551485, 10.283260993202987, 0.0 ], [ 11.158298418667835, 10.283273585647033, 0.0 ], [ 11.158306120536468, 10.28328555988263, 0.0 ], [ 11.158314847937916, 10.283296822291868, 0.0 ], [ 11.158324531856465, 10.283307289277674, 0.0 ], [ 11.158335100563139, 10.283316880876384, 0.0 ], [ 11.158346473245947, 10.283325523511721, 0.0 ], [ 11.158358563666388, 10.283333150874313, 0.0 ], [ 11.158371279265305, 10.283339706639078, 0.0 ], [ 11.158384522951252, 10.283345139030361, 0.0 ], [ 11.158398194062165, 10.283349408046194, 0.0 ], [ 11.158412189247322, 10.283352480933239, 0.0 ], [ 11.158426401566986, 10.283354334000446, 0.0 ], [ 11.158440723236373, 10.283354953504661, 0.0 ], [ 11.158455044700753, 10.283354333849047, 0.0 ], [ 11.158469256485244, 10.28335248118616, 0.0 ], [ 11.158483251895731, 10.283349407976861, 0.0 ], [ 11.158496923411501, 10.283345139341307, 0.0 ], [ 11.158510167205222, 10.283339706701872, 0.0 ], [ 11.158522882254927, 10.28333315140447, 0.0 ], [ 11.158534973069514, 10.283325522892701, 0.0 ], [ 11.15854634513807, 10.283316880545868, 0.0 ], [ 11.158548235324009, 10.283315285331671, 0.0 ], [ 11.159049912326926, 10.282885426795595, 0.0 ], [ 11.159059305928649, 10.282883791511226, 0.0 ], [ 11.159925907895564, 10.282732964075167, 0.0 ], [ 11.160198959125323, 10.282685439984704, 0.0 ], [ 11.160579302503546, 10.282742364117466, 0.0 ], [ 11.16081300741812, 10.282860343905979, 0.0 ], [ 11.161616460651473, 10.28326594385952, 0.0 ], [ 11.161682138643606, 10.283299099319434, 0.0 ], [ 11.161876072223242, 10.283439704464618, 0.0 ], [ 11.162164781783293, 10.283649021763715, 0.0 ], [ 11.162173440825883, 10.283655450786773, 0.0 ], [ 11.162176303688893, 10.283657450843966, 0.0 ], [ 11.162188349029837, 10.283665147938731, 0.0 ], [ 11.162201064691336, 10.283671703534079, 0.0 ], [ 11.162214308431476, 10.283677136656154, 0.0 ], [ 11.162227979575531, 10.283681405496718, 0.0 ], [ 11.162241974778684, 10.283684478207556, 0.0 ], [ 11.162256187101056, 10.283686331098956, 0.0 ], [ 11.162270508757842, 10.283686950429102, 0.0 ], [ 11.162284830200553, 10.283686331506285, 0.0 ], [ 11.162299041942234, 10.283684478676772, 0.0 ], [ 11.162313037295224, 10.283681405306478, 0.0 ], [ 11.16232670873927, 10.283677136516792, 0.0 ], [ 11.16233995244758, 10.283671703731262, 0.0 ], [ 11.162352668311417, 10.283665148290815, 0.0 ], [ 11.162364758108803, 10.283657520562162, 0.0 ], [ 11.16237613096774, 10.283648878093635, 0.0 ], [ 11.162386699722042, 10.283639286543297, 0.0 ], [ 11.162396384561641, 10.283628819654655, 0.0 ], [ 11.162405111189022, 10.283617556557433, 0.0 ], [ 11.162412812656633, 10.283605583562903, 0.0 ], [ 11.162419432080139, 10.283592990530536, 0.0 ], [ 11.162424918099989, 10.283579874513556, 0.0 ], [ 11.162425390334876, 10.28357845866722, 0.0 ], [ 11.162429551446666, 10.283566450558245, 0.0 ] ] ] } },
{ "type": "Feature", "properties": { "OBJECTID": 89, "ActivityID": "GOM09", "Stra_Catch": "Gongola", "Micr_Catch": "BOGO", "State": "Gombe", "LGA": "Gombe", "Site_Name": "Tree planting at Water board to Tike junction", "Interv_Typ": "Afforestation (Avenue Planting)", "Component": "A - Dryland Management", "Comments": null, "Implemnter": "SPMU", "Start_Date": "2024-06-01T00:00:00", "End_Date": "2024/06/01", "No_Trees_P": 166, "Sub_compon": "A2-1", "Lon": 11.1654236997, "Lat": 10.276513, "Female_pop": 572, "Buffer_Mtr": 18, "Area_Impac": 2.23405417726, "Male_pop": 425, "Area_Intev": 0.91095465765500006, "Netsize_Ha": 0.0, "Indicator": "Area under improved catchment management", "Benefi_pop": 997.0, "Perct_NDVI": 0.0, "parent_micro_name": "Barunde/Doma" }, "geometry": { "type": "Polygon", "coordinates": [ [ [ 11.165016700472529, 10.273226321073682, 0.0 ], [ 11.165002379311646, 10.273225701769473, 0.0 ], [ 11.164988058372888, 10.273226321619319, 0.0 ], [ 11.16497384621421, 10.273228174475362, 0.0 ], [ 11.164959851344369, 10.273231246959462, 0.0 ], [ 11.16495777410632, 10.273231895321084, 0.0 ], [ 11.164946180385481, 10.273235516667684, 0.0 ], [ 11.164933006281498, 10.273240917369316, 0.0 ], [ 11.164920353536194, 10.273247429016475, 0.0 ], [ 11.164786823979735, 10.273323456301821, 0.0 ], [ 11.16477460278384, 10.273331159027762, 0.0 ], [ 11.164763230318778, 10.273339801496936, 0.0 ], [ 11.164752661930452, 10.273349393045889, 0.0 ], [ 11.164742978338737, 10.27335985992525, 0.0 ], [ 11.164734252013572, 10.273371123017654, 0.0 ], [ 11.164726549900333, 10.273383096011994, 0.0 ], [ 11.16471993070672, 10.273395689036798, 0.0 ], [ 11.164714444878172, 10.273408805045039, 0.0 ], [ 11.164710134628651, 10.273422344333216, 0.0 ], [ 11.164707032121575, 10.273436205457152, 0.0 ], [ 11.164705249576024, 10.273449311201372, 0.0 ], [ 11.164704547332164, 10.273462518192927, 0.0 ], [ 11.164704485395946, 10.273467630691425, 0.0 ], [ 11.164701160221091, 10.273743063757919, 0.0 ], [ 11.164701148821237, 10.273745008884745, 0.0 ], [ 11.164701773766618, 10.273759192193882, 0.0 ], [ 11.164703644599413, 10.273773267762728, 0.0 ], [ 11.164705942816308, 10.273784033349475, 0.0 ], [ 11.164708970816909, 10.273794620527388, 0.0 ], [ 11.164848429599319, 10.274226104265862, 0.0 ], [ 11.164850516834115, 10.274232151438136, 0.0 ], [ 11.164851510333907, 10.274234783998857, 0.0 ], [ 11.165032212275946, 10.274701256131612, 0.0 ], [ 11.165148448749324, 10.275017720933356, 0.0 ], [ 11.165153938983746, 10.275030851312914, 0.0 ], [ 11.165160558103661, 10.275043443602081, 0.0 ], [ 11.165167364158888, 10.27505413749563, 0.0 ], [ 11.165174987772186, 10.2750642745899, 0.0 ], [ 11.165410587802034, 10.2753534180566, 0.0 ], [ 11.165507924182251, 10.275665502338517, 0.0 ], [ 11.165567552527719, 10.276054218718862, 0.0 ], [ 11.165568184496438, 10.276058035000393, 0.0 ], [ 11.165571286875274, 10.276071895346558, 0.0 ], [ 11.165575598106521, 10.27608543489001, 0.0 ], [ 11.165581083723382, 10.276098550823948, 0.0 ], [ 11.165587701976914, 10.276111143101712, 0.0 ], [ 11.165595404767082, 10.276123117142077, 0.0 ], [ 11.165604130317572, 10.276134380262826, 0.0 ], [ 11.165613815076147, 10.27614484702432, 0.0 ], [ 11.165624383670181, 10.276154438392702, 0.0 ], [ 11.16563419363183, 10.276161983127507, 0.0 ], [ 11.165644551496321, 10.276168773115771, 0.0 ], [ 11.165797247012478, 10.276260655196275, 0.0 ], [ 11.165806168662858, 10.276266139697061, 0.0 ], [ 11.165809422977446, 10.276268139827399, 0.0 ], [ 11.165822137443561, 10.276274695334573, 0.0 ], [ 11.165835380879974, 10.276280128361138, 0.0 ], [ 11.165849052614307, 10.276284397099525, 0.0 ], [ 11.165863047479009, 10.276287469714498, 0.0 ], [ 11.165877259455522, 10.276289323414765, 0.0 ], [ 11.165891579836828, 10.276289942657716, 0.0 ], [ 11.165905900902363, 10.276289322740178, 0.0 ], [ 11.165920113180315, 10.276287469816671, 0.0 ], [ 11.165934108160704, 10.276284397266025, 0.0 ], [ 11.165947779226462, 10.276280128396522, 0.0 ], [ 11.165961022559795, 10.276274695536161, 0.0 ], [ 11.165973738054824, 10.276268140026421, 0.0 ], [ 11.165985827492415, 10.276260512234559, 0.0 ], [ 11.165997200003282, 10.276251869709331, 0.0 ], [ 11.16599922747046, 10.276250075609855, 0.0 ], [ 11.166007901811957, 10.276242433581073, 0.0 ], [ 11.166054088874532, 10.276203010657856, 0.0 ], [ 11.166063546567965, 10.27619421190999, 0.0 ], [ 11.166072272971256, 10.276184701309198, 0.0 ], [ 11.166080999297975, 10.276173438176457, 0.0 ], [ 11.166088701399213, 10.276161465148421, 0.0 ], [ 11.166095320567536, 10.276148872096961, 0.0 ], [ 11.166100806357942, 10.276135756069349, 0.0 ], [ 11.166105116557077, 10.276122216769364, 0.0 ], [ 11.166108219008343, 10.27610835654504, 0.0 ], [ 11.166109737895995, 10.276097818547402, 0.0 ], [ 11.166110559037575, 10.2760872056752, 0.0 ], [ 11.166127151898875, 10.275711298176661, 0.0 ], [ 11.166127308817664, 10.275704191192451, 0.0 ], [ 11.166127200025564, 10.275698269101333, 0.0 ], [ 11.166113585453312, 10.275327974702213, 0.0 ], [ 11.166112781738555, 10.275316765311661, 0.0 ], [ 11.166111198294915, 10.275305637053295, 0.0 ], [ 11.166108900010739, 10.275294871489432, 0.0 ], [ 11.16610587194149, 10.275284284337964, 0.0 ], [ 11.166041953440983, 10.275086520715849, 0.0 ], [ 11.16603986526354, 10.275080473563424, 0.0 ], [ 11.166034379655693, 10.275067357636773, 0.0 ], [ 11.16602776141673, 10.275054765366564, 0.0 ], [ 11.166020058646701, 10.275042791333785, 0.0 ], [ 11.166011333127992, 10.275031529124218, 0.0 ], [ 11.16600164839423, 10.275021061465896, 0.0 ], [ 11.1659910798362, 10.275011470103831, 0.0 ], [ 11.1659827666205, 10.275005001781002, 0.0 ], [ 11.165666456902796, 10.274774774748446, 0.0 ], [ 11.165502571699685, 10.274284601685023, 0.0 ], [ 11.165500991413362, 10.27428009668858, 0.0 ], [ 11.165499509392777, 10.274276218296166, 0.0 ], [ 11.165296708698891, 10.273765288095408, 0.0 ], [ 11.165161184046269, 10.273346289214615, 0.0 ], [ 11.165158781636741, 10.273338853148697, 0.0 ], [ 11.165156783652538, 10.273332778267116, 0.0 ], [ 11.165151298123238, 10.273319662310584, 0.0 ], [ 11.165144679047641, 10.273307069108784, 0.0 ], [ 11.16513697728133, 10.273295095936051, 0.0 ], [ 11.16512825093116, 10.273283832787673, 0.0 ], [ 11.165118566292408, 10.27327336598886, 0.0 ], [ 11.165107997824173, 10.273263774579698, 0.0 ], [ 11.165096625423962, 10.273255132140946, 0.0 ], [ 11.165084536234389, 10.273247504070454, 0.0 ], [ 11.165071821005229, 10.273240949415214, 0.0 ], [ 11.165058577712886, 10.273235516327953, 0.0 ], [ 11.165044907034536, 10.273231247520368, 0.0 ], [ 11.165030912311176, 10.273228174840382, 0.0 ], [ 11.165016700472529, 10.273226321073682, 0.0 ] ] ] } },
{ "type": "Feature", "properties": { "OBJECTID": 90, "ActivityID": "GOM10", "Stra_Catch": "Gongola", "Micr_Catch": "BOGO", "State": "Gombe", "LGA": "Gombe", "Site_Name": "Tree planting at Tike junction Pantami", "Interv_Typ": "Afforestation (Avenue Planting)", "Component": "A - Dryland Management", "Comments": null, "Implemnter": "SPMU", "Start_Date": "2024-09-22T00:00:00", "End_Date": "2024/09/22", "No_Trees_P": 63, "Sub_compon": "A2-1", "Lon": 11.1654704218, "Lat": 10.270318, "Female_pop": 96, "Buffer_Mtr": 18, "Area_Impac": 5.2725419256799997, "Male_pop": 282, "Area_Intev": 2.8616591789100001, "Netsize_Ha": 0.0, "Indicator": "Area under improved catchment management", "Benefi_pop": 378.0, "Perct_NDVI": 0.0, "parent_micro_name": "Barunde/Doma" }, "geometry": { "type": "Polygon", "coordinates": [ [ [ 11.163942528823753, 10.270149132403111, 0.0 ], [ 11.163924088827779, 10.269970415497504, 0.0 ], [ 11.165215627363086, 10.270339440106264, 0.0 ], [ 11.165767717641387, 10.270501046815212, 0.0 ], [ 11.165785757253351, 10.270505248476926, 0.0 ], [ 11.165803805649983, 10.270507389338487, 0.0 ], [ 11.166292299199919, 10.270538322350721, 0.0 ], [ 11.166731375279346, 10.270566124899704, 0.0 ], [ 11.166736246505666, 10.270566361696854, 0.0 ], [ 11.167812094937815, 10.270602661773358, 0.0 ], [ 11.167820811485642, 10.270602980406142, 0.0 ], [ 11.167826419745724, 10.270603167068307, 0.0 ], [ 11.167840740535643, 10.270602547118203, 0.0 ], [ 11.1678549516246, 10.270600694169644, 0.0 ], [ 11.167868946329833, 10.270597621589427, 0.0 ], [ 11.167882618036364, 10.270593352686147, 0.0 ], [ 11.167895861103361, 10.270587919800146, 0.0 ], [ 11.167908575426958, 10.270581364273125, 0.0 ], [ 11.167920665527678, 10.270573736454198, 0.0 ], [ 11.167932037800453, 10.270565093910632, 0.0 ], [ 11.167937743309276, 10.270559999732631, 0.0 ], [ 11.167942651056183, 10.270555552608363, 0.0 ], [ 11.168157222490622, 10.270359686693803, 0.0 ], [ 11.168164707207801, 10.270352399671507, 0.0 ], [ 11.16817170694884, 10.270344654033108, 0.0 ], [ 11.168180433072113, 10.270333390888075, 0.0 ], [ 11.168188134988146, 10.270321417851259, 0.0 ], [ 11.168194753078357, 10.270308824800678, 0.0 ], [ 11.168200238724117, 10.270295708771496, 0.0 ], [ 11.168204549713179, 10.270282169467448, 0.0 ], [ 11.168207652064758, 10.270268309248799, 0.0 ], [ 11.168209522773358, 10.270254234017694, 0.0 ], [ 11.16821014796518, 10.270240050519078, 0.0 ], [ 11.168209522904281, 10.270225867244458, 0.0 ], [ 11.168207651974051, 10.270211791720492, 0.0 ], [ 11.168204549595982, 10.270197931406768, 0.0 ], [ 11.168200239304737, 10.27018439189421, 0.0 ], [ 11.168194753742004, 10.270171276001426, 0.0 ], [ 11.16818813465034, 10.270158682870797, 0.0 ], [ 11.168180432885475, 10.270146709776126, 0.0 ], [ 11.168171706554242, 10.270135446712059, 0.0 ], [ 11.168170776510243, 10.270134359292696, 0.0 ], [ 11.168005941640324, 10.269943226932151, 0.0 ], [ 11.167921100905252, 10.269844850619288, 0.0 ], [ 11.167911836447258, 10.269834968582089, 0.0 ], [ 11.167901777964911, 10.269825879993743, 0.0 ], [ 11.167890405651685, 10.269817237641726, 0.0 ], [ 11.167878315652217, 10.26980960966706, 0.0 ], [ 11.167865601447017, 10.269803054193947, 0.0 ], [ 11.167852358286236, 10.269797621200292, 0.0 ], [ 11.167838686839902, 10.269793352493286, 0.0 ], [ 11.167824692266853, 10.269790279004178, 0.0 ], [ 11.16781048060154, 10.269788426235335, 0.0 ], [ 11.16779615961728, 10.269787807023935, 0.0 ], [ 11.167792647297709, 10.269787844057314, 0.0 ], [ 11.167070373429057, 10.269803139027935, 0.0 ], [ 11.166408512324468, 10.269807225353556, 0.0 ], [ 11.166390590868296, 10.269808307643718, 0.0 ], [ 11.165980788995322, 10.269855421092229, 0.0 ], [ 11.165493387686945, 10.269525207201529, 0.0 ], [ 11.165482772981168, 10.269518589701986, 0.0 ], [ 11.165470057906111, 10.269512034128377, 0.0 ], [ 11.165456814785188, 10.269506601929663, 0.0 ], [ 11.165443144269675, 10.269502332202494, 0.0 ], [ 11.16542914971777, 10.269499259506288, 0.0 ], [ 11.165417447474391, 10.269497642946547, 0.0 ], [ 11.164632701703404, 10.2694176126169, 0.0 ], [ 11.163866992377439, 10.26924482290741, 0.0 ], [ 11.163860948329512, 10.269243490304854, 0.0 ], [ 11.163852984531269, 10.269241806264194, 0.0 ], [ 11.163838772877993, 10.269239953311358, 0.0 ], [ 11.163824452802379, 10.269239333911685, 0.0 ], [ 11.1638101320285, 10.269239953673374, 0.0 ], [ 11.163795920025626, 10.269241806443157, 0.0 ], [ 11.163781925301322, 10.269244878843535, 0.0 ], [ 11.163768254476581, 10.26924914847125, 0.0 ], [ 11.163755033618809, 10.269254634369707, 0.0 ], [ 11.163752752954672, 10.26925569441712, 0.0 ], [ 11.163742205319348, 10.269260946465385, 0.0 ], [ 11.163291950633585, 10.269477054220731, 0.0 ], [ 11.163281514967037, 10.269482535988015, 0.0 ], [ 11.16326942475496, 10.269490163648578, 0.0 ], [ 11.163258053266217, 10.269498806040994, 0.0 ], [ 11.163247484925837, 10.26950839752616, 0.0 ], [ 11.163237800453325, 10.269518864355133, 0.0 ], [ 11.16322907414351, 10.269530127398818, 0.0 ], [ 11.16322137203521, 10.269542101256366, 0.0 ], [ 11.163216176511757, 10.26955174728983, 0.0 ], [ 11.163211647564205, 10.269561717873424, 0.0 ], [ 11.162950878396378, 10.270191437124446, 0.0 ], [ 11.162948499610877, 10.270197529472494, 0.0 ], [ 11.162944188383724, 10.270211068752197, 0.0 ], [ 11.162941086704707, 10.270224928961213, 0.0 ], [ 11.162939214843789, 10.270239004215661, 0.0 ], [ 11.162938590327171, 10.270253187746107, 0.0 ], [ 11.162939215155285, 10.270267371078951, 0.0 ], [ 11.162941085859371, 10.270281446680906, 0.0 ], [ 11.162944188926387, 10.270295306181849, 0.0 ], [ 11.162948499016926, 10.270308846713476, 0.0 ], [ 11.162953984385226, 10.270321962738747, 0.0 ], [ 11.162960603290372, 10.270334555114083, 0.0 ], [ 11.162968305803041, 10.270346528365875, 0.0 ], [ 11.162977031986424, 10.270357791606449, 0.0 ], [ 11.162985335417099, 10.270366874904399, 0.0 ], [ 11.163294986736721, 10.270680975542115, 0.0 ], [ 11.163306936105254, 10.270691950637767, 0.0 ], [ 11.163318308363626, 10.270700593169288, 0.0 ], [ 11.163330397414899, 10.270708221335244, 0.0 ], [ 11.16334311251015, 10.270714776087816, 0.0 ], [ 11.16335635567374, 10.270720209273431, 0.0 ], [ 11.163370027141756, 10.270724478173491, 0.0 ], [ 11.163384021748692, 10.270727550951461, 0.0 ], [ 11.163397254571244, 10.270729316442345, 0.0 ], [ 11.163410588710526, 10.270730011116337, 0.0 ], [ 11.163748095738795, 10.270734009472099, 0.0 ], [ 11.163750060639959, 10.270734020765854, 0.0 ], [ 11.163764381481231, 10.270733400993095, 0.0 ], [ 11.163778593549461, 10.270731548211197, 0.0 ], [ 11.163792587423739, 10.27072847580393, 0.0 ], [ 11.163806259219978, 10.270724206156533, 0.0 ], [ 11.163819502396366, 10.27071877342183, 0.0 ], [ 11.163832216842065, 10.270712218036556, 0.0 ], [ 11.163844306164082, 10.270704590354883, 0.0 ], [ 11.163855678581468, 10.270695947930824, 0.0 ], [ 11.163866246931391, 10.270686356422175, 0.0 ], [ 11.163875931406864, 10.270675889572074, 0.0 ], [ 11.163884657713146, 10.270664626509946, 0.0 ], [ 11.163892358905155, 10.270652653546847, 0.0 ], [ 11.163898978100585, 10.27064006054195, 0.0 ], [ 11.163904463941657, 10.270626944548335, 0.0 ], [ 11.163908774214629, 10.270613405269449, 0.0 ], [ 11.163911876762345, 10.270599545053232, 0.0 ], [ 11.163913962107683, 10.270582783988413, 0.0 ], [ 11.163942969623813, 10.270177174544692, 0.0 ], [ 11.163943380565696, 10.270165676834811, 0.0 ], [ 11.163942528823753, 10.270149132403111, 0.0 ] ] ] } },
{ "type": "Feature", "properties": { "OBJECTID": 91, "ActivityID": "GOM11", "Stra_Catch": "Gongola", "Micr_Catch": "BOGO", "State": "Gombe", "LGA": "Gombe", "Site_Name": "Tree planting at Commissioner of police resident junction to Gabukka", "Interv_Typ": "Afforestation (Avenue Planting)", "Component": "A - Dryland Management", "Comments": null, "Implemnter": "SPMU", "Start_Date": "2024-08-31T00:00:00", "End_Date": "2024/08/31", "No_Trees_P": 85, "Sub_compon": "A2-1", "Lon": 11.161166426699999, "Lat": 10.27222, "Female_pop": 760, "Buffer_Mtr": 18, "Area_Impac": 9.3980203007600007, "Male_pop": 332, "Area_Intev": 5.7461556484400003, "Netsize_Ha": 0.0, "Indicator": "Area under improved catchment management", "Benefi_pop": 1092.0, "Perct_NDVI": 0.0, "parent_micro_name": "Barunde/Doma" }, "geometry": { "type": "Polygon", "coordinates": [ [ [ 11.164163438721559, 10.271349881060692, 0.0 ], [ 11.163761946535301, 10.271128759928935, 0.0 ], [ 11.163750331582765, 10.271122947136462, 0.0 ], [ 11.163738288548275, 10.271118062726391, 0.0 ], [ 11.163724617973081, 10.271113793840343, 0.0 ], [ 11.163710623348129, 10.271110721081316, 0.0 ], [ 11.163696411602396, 10.271108867235542, 0.0 ], [ 11.163682090534378, 10.271108248756665, 0.0 ], [ 11.163669500825492, 10.271108726826895, 0.0 ], [ 11.163036601916614, 10.271156896961953, 0.0 ], [ 11.162459979545027, 10.271070236086635, 0.0 ], [ 11.161922447459828, 10.270802950410134, 0.0 ], [ 11.161904920298685, 10.270795464186662, 0.0 ], [ 11.161891248834232, 10.270791195221408, 0.0 ], [ 11.161877254225391, 10.270788122376617, 0.0 ], [ 11.161856656855729, 10.270785840114625, 0.0 ], [ 11.161098685024763, 10.270749545108252, 0.0 ], [ 11.160527793696314, 10.270444702320598, 0.0 ], [ 11.160517080747288, 10.270439469976093, 0.0 ], [ 11.160506012653801, 10.270435022719449, 0.0 ], [ 11.160492342124931, 10.270430753682001, 0.0 ], [ 11.160478347533637, 10.270427680770711, 0.0 ], [ 11.160467708270904, 10.27042617625899, 0.0 ], [ 11.160456993404841, 10.270425364589306, 0.0 ], [ 11.159546076167231, 10.270385911554129, 0.0 ], [ 11.159540863336794, 10.270385768209321, 0.0 ], [ 11.158253524504497, 10.270370505356295, 0.0 ], [ 11.158251556861165, 10.270370494046926, 0.0 ], [ 11.158236009275342, 10.270371223871917, 0.0 ], [ 11.157424960371277, 10.270447571472991, 0.0 ], [ 11.157411974920993, 10.270449313687179, 0.0 ], [ 11.157397980026914, 10.270452385835055, 0.0 ], [ 11.157384309011853, 10.270456655221219, 0.0 ], [ 11.157371065680767, 10.270462087713186, 0.0 ], [ 11.157358351064161, 10.270468643773938, 0.0 ], [ 11.157346261543958, 10.270476271243631, 0.0 ], [ 11.157334888908688, 10.270484913473815, 0.0 ], [ 11.157324320322788, 10.270494504808385, 0.0 ], [ 11.157314636507691, 10.270504971499557, 0.0 ], [ 11.157305909941124, 10.270516235335222, 0.0 ], [ 11.157298208470674, 10.270528208191806, 0.0 ], [ 11.157291589899634, 10.270540801108709, 0.0 ], [ 11.157286103763125, 10.270553917045794, 0.0 ], [ 11.157283837835449, 10.270560520195783, 0.0 ], [ 11.157135670400805, 10.271024922663081, 0.0 ], [ 11.157133550797065, 10.271031571839403, 0.0 ], [ 11.157131469558939, 10.271038495527387, 0.0 ], [ 11.157130620035437, 10.271041876110582, 0.0 ], [ 11.157128329213133, 10.271052345142826, 0.0 ], [ 11.157126458915675, 10.271066420404367, 0.0 ], [ 11.157125833230802, 10.271080603982204, 0.0 ], [ 11.157126458717562, 10.271094786468286, 0.0 ], [ 11.157128329183669, 10.271108862154641, 0.0 ], [ 11.157131432030482, 10.271122722664408, 0.0 ], [ 11.157135742814418, 10.271136262411058, 0.0 ], [ 11.157141227984649, 10.271149378580109, 0.0 ], [ 11.157147846708218, 10.27116197111704, 0.0 ], [ 11.157154450091166, 10.271172301448448, 0.0 ], [ 11.157155543606287, 10.271173948198632, 0.0 ], [ 11.157253935416705, 10.271316778919937, 0.0 ], [ 11.157263794048227, 10.271329663531851, 0.0 ], [ 11.157273478404511, 10.27134013063149, 0.0 ], [ 11.157284046607236, 10.271349721454754, 0.0 ], [ 11.157295418773014, 10.271358364225966, 0.0 ], [ 11.1573075086673, 10.271365992634667, 0.0 ], [ 11.157320222804033, 10.27137254764939, 0.0 ], [ 11.157333466852007, 10.271377980186523, 0.0 ], [ 11.157347137409513, 10.271382249357364, 0.0 ], [ 11.157361132042578, 10.271385322401322, 0.0 ], [ 11.157372660855218, 10.271386920515983, 0.0 ], [ 11.157384275425633, 10.271387707316849, 0.0 ], [ 11.158078433483524, 10.271410268734257, 0.0 ], [ 11.15878705725471, 10.271432999879503, 0.0 ], [ 11.158792376487922, 10.271433085583029, 0.0 ], [ 11.158809077791577, 10.271432242291898, 0.0 ], [ 11.159805348976246, 10.271331426818936, 0.0 ], [ 11.160769577127317, 10.27143986749342, 0.0 ], [ 11.161692044582264, 10.271718829148403, 0.0 ], [ 11.161711496165843, 10.271723450039593, 0.0 ], [ 11.161722119032294, 10.271724952802218, 0.0 ], [ 11.162313177864311, 10.271789140469028, 0.0 ], [ 11.162946017543828, 10.271867967026303, 0.0 ], [ 11.163176355024174, 10.271900763620151, 0.0 ], [ 11.163424037801414, 10.271936029285545, 0.0 ], [ 11.163738955286817, 10.272371006227448, 0.0 ], [ 11.163743550300374, 10.272377051141049, 0.0 ], [ 11.163975485678723, 10.272667850413297, 0.0 ], [ 11.164361475906055, 10.273427104222922, 0.0 ], [ 11.164363734991539, 10.273431451949843, 0.0 ], [ 11.164368127692887, 10.273439680055105, 0.0 ], [ 11.16437582943867, 10.273451653251207, 0.0 ], [ 11.164384555772237, 10.273462916424252, 0.0 ], [ 11.164394240398448, 10.273473383248655, 0.0 ], [ 11.164404808858277, 10.27348297468397, 0.0 ], [ 11.164416181254182, 10.273491617149093, 0.0 ], [ 11.164428270443413, 10.273499245245784, 0.0 ], [ 11.164440985682154, 10.273505800830581, 0.0 ], [ 11.164454228975263, 10.273511233039072, 0.0 ], [ 11.164467899669857, 10.273515502774471, 0.0 ], [ 11.164481894406073, 10.273518575477256, 0.0 ], [ 11.164496106253763, 10.273520428361563, 0.0 ], [ 11.164510427431715, 10.273521047685648, 0.0 ], [ 11.164524748388967, 10.273520427854031, 0.0 ], [ 11.164538960567093, 10.273518575014499, 0.0 ], [ 11.164549817469167, 10.273516241139248, 0.0 ], [ 11.164552945166445, 10.273515465556736, 0.0 ], [ 11.164560497264166, 10.273513227859016, 0.0 ], [ 11.16456664509921, 10.273511293282395, 0.0 ], [ 11.164704485395946, 10.273467630691425, 0.0 ], [ 11.164821923618895, 10.273430430207137, 0.0 ], [ 11.164828029480049, 10.273428363042836, 0.0 ], [ 11.164841272733341, 10.273422930247751, 0.0 ], [ 11.164853987246182, 10.273416374805594, 0.0 ], [ 11.164866077531514, 10.273408746161079, 0.0 ], [ 11.164877450001255, 10.273400104592188, 0.0 ], [ 11.164888018386335, 10.273390513039615, 0.0 ], [ 11.164897702885655, 10.273380046150626, 0.0 ], [ 11.164906428291719, 10.273368783061038, 0.0 ], [ 11.164914130390908, 10.273356809160074, 0.0 ], [ 11.164920749581663, 10.273344217036819, 0.0 ], [ 11.164926235400396, 10.273331101026987, 0.0 ], [ 11.164928638747535, 10.273324063094046, 0.0 ], [ 11.16495777410632, 10.273231895321084, 0.0 ], [ 11.16506400870502, 10.272895833782934, 0.0 ], [ 11.165066844758213, 10.272885732579462, 0.0 ], [ 11.16506901717127, 10.272875471309611, 0.0 ], [ 11.165070888926499, 10.272861396061069, 0.0 ], [ 11.165071514240539, 10.272847212540924, 0.0 ], [ 11.165070888382656, 10.272833030144652, 0.0 ], [ 11.165069017548245, 10.272818954579364, 0.0 ], [ 11.165065915251647, 10.272805094214862, 0.0 ], [ 11.16506160411434, 10.27279155464856, 0.0 ], [ 11.16505611860264, 10.272778438687281, 0.0 ], [ 11.165049499546141, 10.272765845480075, 0.0 ], [ 11.165041866906929, 10.272753969453925, 0.0 ], [ 11.165033226031209, 10.272742791592529, 0.0 ], [ 11.16454326978665, 10.272162777020002, 0.0 ], [ 11.164372702240236, 10.271522328830136, 0.0 ], [ 11.164368226360946, 10.271508174832821, 0.0 ], [ 11.164362740908599, 10.271495058848487, 0.0 ], [ 11.164356121920106, 10.271482466518904, 0.0 ], [ 11.164348420238145, 10.271470493311073, 0.0 ], [ 11.164339693975089, 10.271459230124334, 0.0 ], [ 11.164330009425528, 10.271448763284193, 0.0 ], [ 11.164319441047892, 10.271439171831066, 0.0 ], [ 11.164308068739002, 10.27143052934599, 0.0 ], [ 11.164295979640768, 10.271422901227229, 0.0 ], [ 11.164293679319936, 10.271421610539198, 0.0 ], [ 11.164163438721559, 10.271349881060692, 0.0 ] ] ] } },
{ "type": "Feature", "properties": { "OBJECTID": 102, "ActivityID": "GOM22", "Stra_Catch": "Gongola", "Micr_Catch": "Doma", "State": "Gombe", "LGA": "Gombe", "Site_Name": "GGC Doma", "Interv_Typ": "Afforestation (Orchard)", "Component": "A - Dryland Management", "Comments": null, "Implemnter": "SPMU", "Start_Date": "2024-05-15T00:00:00", "End_Date": "2024/05/15", "No_Trees_P": 315, "Sub_compon": "A2-1", "Lon": 11.2196663631, "Lat": 10.275429, "Female_pop": 42, "Buffer_Mtr": 0, "Area_Impac": 0.61910559335399995, "Male_pop": 2036, "Area_Intev": 0.61910626666699997, "Netsize_Ha": 0.0, "Indicator": "Area under improved catchment management", "Benefi_pop": 2078.0, "Perct_NDVI": 0.0, "parent_micro_name": "Barunde/Doma" }, "geometry": { "type": "Polygon", "coordinates": [ [ [ 11.219392928460167, 10.275736110788953, 0.0 ], [ 11.219987449564794, 10.275420657082952, 0.0 ], [ 11.219988739349462, 10.274805737227727, 0.0 ], [ 11.219405504063763, 10.274679523541197, 0.0 ], [ 11.219362165005025, 10.275282012304899, 0.0 ], [ 11.219392928460167, 10.275736110788953, 0.0 ] ] ] } },
{ "type": "Feature", "properties": { "OBJECTID": 104, "ActivityID": "GOM24", "Stra_Catch": "Gongola", "Micr_Catch": "BOGO", "State": "Gombe", "LGA": "Gombe", "Site_Name": "Gombe High school", "Interv_Typ": "Afforestation (Institutional Planting)", "Component": "A - Dryland Management", "Comments": null, "Implemnter": "SPMU", "Start_Date": "2024-06-09T00:00:00", "End_Date": "2024/06/09", "No_Trees_P": 33, "Sub_compon": "A2-1", "Lon": 11.1611362876, "Lat": 10.278579, "Female_pop": 105, "Buffer_Mtr": 0, "Area_Impac": 3.7902485533100001, "Male_pop": 140, "Area_Intev": 3.7902502258099999, "Netsize_Ha": 0.0, "Indicator": "Area under improved catchment management", "Benefi_pop": 245.0, "Perct_NDVI": 0.0, "parent_micro_name": "Barunde/Doma" }, "geometry": { "type": "Polygon", "coordinates": [ [ [ 11.163647952284556, 10.278409684242229, 0.0 ], [ 11.163816157103653, 10.278058260342339, 0.0 ], [ 11.16250374839248, 10.27811912095299, 0.0 ], [ 11.161543287581184, 10.278443540231548, 0.0 ], [ 11.159164072247718, 10.279247165051753, 0.0 ], [ 11.158985817439692, 10.279307373282947, 0.0 ], [ 11.159024000156752, 10.27933200061068, 0.0 ], [ 11.158893392408629, 10.279481533890127, 0.0 ], [ 11.158882999718992, 10.279502000018995, 0.0 ], [ 11.158811071386278, 10.279613162200423, 0.0 ], [ 11.158924540306908, 10.279694611096057, 0.0 ], [ 11.158961214168219, 10.279720935938927, 0.0 ], [ 11.159528193739787, 10.280127915360103, 0.0 ], [ 11.160087967523225, 10.280096349570671, 0.0 ], [ 11.160334478240122, 10.279650340508846, 0.0 ], [ 11.160870167035638, 10.279374395907544, 0.0 ], [ 11.161525500401039, 10.279036817195033, 0.0 ], [ 11.162157999889086, 10.278710999534143, 0.0 ], [ 11.163647952284556, 10.278409684242229, 0.0 ] ] ] } },
{ "type": "Feature", "properties": { "OBJECTID": 115, "ActivityID": "GOM35", "Stra_Catch": "Gongola", "Micr_Catch": "BOGO", "State": "Gombe", "LGA": "Gombe", "Site_Name": "School of Nurse Gombe Newside", "Interv_Typ": "Afforestation (Institutional Planting)", "Component": "A - Dryland Management", "Comments": null, "Implemnter": "SPMU", "Start_Date": "2024-06-22T00:00:00", "End_Date": "2024/06/22", "No_Trees_P": 985, "Sub_compon": "A2-1", "Lon": 11.128232605499999, "Lat": 10.265971, "Female_pop": 804, "Buffer_Mtr": 0, "Area_Impac": 40.523136239400003, "Male_pop": 1231, "Area_Intev": 40.523137301299997, "Netsize_Ha": 0.0, "Indicator": "Area under improved catchment management", "Benefi_pop": 2035.0, "Perct_NDVI": 0.0, "parent_micro_name": "Barunde/Doma" }, "geometry": { "type": "Polygon", "coordinates": [ [ [ 11.124505490294588, 10.269336563396855, 0.0 ], [ 11.127533424433446, 10.272524741073845, 0.0 ], [ 11.130273605999776, 10.270838226397739, 0.0 ], [ 11.131867105810427, 10.268278357956437, 0.0 ], [ 11.130454194235655, 10.265510664973949, 0.0 ], [ 11.127042146756926, 10.265355294796205, 0.0 ], [ 11.124505490294588, 10.269336563396855, 0.0 ] ] ] } },
{ "type": "Feature", "properties": { "OBJECTID": 127, "ActivityID": "GOM47", "Stra_Catch": "Gongola", "Micr_Catch": "FCE-T", "State": "Gombe", "LGA": "Gombe", "Site_Name": "Gombe metropolis", "Interv_Typ": "Desilting (Urban Drainage Desilting)", "Component": "A - Dryland Management", "Comments": null, "Implemnter": "SPMU", "Start_Date": "2024-06-17T00:00:00", "End_Date": "2024/08/26", "No_Trees_P": 0, "Sub_compon": "A2-1", "Lon": 11.167025473400001, "Lat": 10.294324, "Female_pop": 49070, "Buffer_Mtr": 250, "Area_Impac": 1858.14094802, "Male_pop": 83430, "Area_Intev": 1858.14094955, "Netsize_Ha": 0.0, "Indicator": "Area under improved catchment management", "Benefi_pop": 132500.0, "Perct_NDVI": 0.0, "parent_micro_name": "Barunde/Doma" }, "geometry": { "type": "Polygon", "coordinates": [ [ [ 11.17142602099867, 10.30470230238349, 0.0 ], [ 11.171517604452717, 10.304663570956661, 0.0 ], [ 11.171608311893214, 10.304622869623326, 0.0 ], [ 11.171698101479624, 10.304580219453641, 0.0 ], [ 11.171786930440318, 10.30453563881246, 0.0 ], [ 11.171874756034672, 10.304489150583702, 0.0 ], [ 11.171961537328924, 10.304440774927617, 0.0 ], [ 11.172047231601221, 10.30439053743946, 0.0 ], [ 11.172131797924193, 10.304338459183304, 0.0 ], [ 11.172215198151823, 10.304284567531386, 0.0 ], [ 11.172297390462864, 10.304228886265278, 0.0 ], [ 11.172378337630342, 10.304171443654873, 0.0 ], [ 11.172457999670902, 10.304112265277066, 0.0 ], [ 11.172536338445136, 10.304051379407905, 0.0 ], [ 11.172613317657641, 10.303988817022468, 0.0 ], [ 11.172688900988328, 10.303924605480736, 0.0 ], [ 11.172763051235544, 10.303858776667731, 0.0 ], [ 11.172835733929482, 10.303791361546281, 0.0 ], [ 11.172906913693991, 10.303722391989115, 0.0 ], [ 11.172976557903347, 10.303651901658137, 0.0 ], [ 11.17304463210044, 10.303579923323721, 0.0 ], [ 11.1731111045786, 10.303506491545399, 0.0 ], [ 11.173175943637441, 10.303431641786437, 0.0 ], [ 11.173239118483137, 10.303355408600215, 0.0 ], [ 11.173300599246984, 10.303277828341463, 0.0 ], [ 11.173314460745628, 10.30325952936594, 0.0 ], [ 11.173380885104285, 10.303282689039568, 0.0 ], [ 11.173472353196663, 10.303312448208024, 0.0 ], [ 11.173564435178632, 10.30334029072103, 0.0 ], [ 11.173657292649805, 10.303365692175808, 0.0 ], [ 11.17366503339842, 10.303368258523575, 0.0 ], [ 11.173758254675059, 10.303402925346905, 0.0 ], [ 11.173907839761998, 10.303453952051338, 0.0 ], [ 11.174059120848732, 10.303499815456929, 0.0 ], [ 11.174211915920891, 10.303540459845538, 0.0 ], [ 11.174247001893336, 10.303548512898397, 0.0 ], [ 11.174289370604235, 10.303561283755133, 0.0 ], [ 11.174442342186504, 10.303601709013396, 0.0 ], [ 11.174505264917734, 10.303617185041769, 0.0 ], [ 11.174583730953751, 10.303635756964805, 0.0 ], [ 11.174686422412627, 10.30365911437306, 0.0 ], [ 11.174800698038849, 10.303683585066894, 0.0 ], [ 11.174915569803188, 10.303705149518667, 0.0 ], [ 11.17501382397271, 10.303721213858948, 0.0 ], [ 11.17511240946819, 10.303735151945606, 0.0 ], [ 11.175211277867781, 10.303746956873862, 0.0 ], [ 11.175310382587316, 10.303756623534342, 0.0 ], [ 11.175409677042648, 10.303764146817686, 0.0 ], [ 11.175509113743164, 10.303769522524572, 0.0 ], [ 11.175608644304234, 10.303772749173188, 0.0 ], [ 11.175708547080401, 10.303773824890675, 0.0 ], [ 11.175719220030286, 10.303773823565074, 0.0 ], [ 11.175746325829325, 10.303775407230512, 0.0 ], [ 11.175925626081202, 10.303778895931378, 0.0 ], [ 11.176025204672243, 10.303777819914286, 0.0 ], [ 11.176124736556572, 10.303774593978668, 0.0 ], [ 11.17622417244319, 10.303769217552926, 0.0 ], [ 11.176323466722717, 10.303761694559862, 0.0 ], [ 11.176422571954321, 10.303752028030853, 0.0 ], [ 11.176521440709623, 10.303740222804869, 0.0 ], [ 11.176620025566486, 10.303726284624743, 0.0 ], [ 11.176718280021655, 10.303710220130972, 0.0 ], [ 11.176816156665501, 10.303692036874038, 0.0 ], [ 11.17691360991995, 10.303671743296004, 0.0 ], [ 11.177010593300533, 10.303649348748845, 0.0 ], [ 11.177107059428817, 10.303624865302121, 0.0 ], [ 11.17720296365197, 10.303598303199411, 0.0 ], [ 11.177298260423191, 10.303569675401841, 0.0 ], [ 11.177392903289311, 10.303538995780505, 0.0 ], [ 11.177486847628748, 10.303506279097999, 0.0 ], [ 11.177634654509886, 10.303450109592088, 0.0 ], [ 11.177780406924253, 10.303388897868865, 0.0 ], [ 11.177856543668236, 10.303355368293383, 0.0 ], [ 11.177965546332308, 10.303305654857578, 0.0 ], [ 11.178073191591452, 10.303253121563445, 0.0 ], [ 11.17817940484958, 10.303197804164476, 0.0 ], [ 11.178184447385689, 10.303195008104732, 0.0 ], [ 11.178226175222873, 10.303179455058755, 0.0 ], [ 11.178318589384045, 10.303142711094484, 0.0 ], [ 11.178410171188933, 10.303103979782122, 0.0 ], [ 11.178500878772912, 10.303063278577392, 0.0 ], [ 11.178590668471003, 10.303020628563457, 0.0 ], [ 11.178679496599708, 10.302976048112185, 0.0 ], [ 11.178767322238363, 10.302929559192131, 0.0 ], [ 11.178854101734693, 10.302881184694094, 0.0 ], [ 11.178953429864171, 10.302822213229771, 0.0 ], [ 11.179008900426158, 10.302804087392934, 0.0 ], [ 11.179095986773607, 10.302773681517628, 0.0 ], [ 11.179189188411476, 10.302738943048848, 0.0 ], [ 11.179281602285554, 10.302702198857375, 0.0 ], [ 11.179373184712189, 10.302663467315098, 0.0 ], [ 11.179463892007833, 10.302622766793922, 0.0 ], [ 11.179553681407869, 10.302580116563398, 0.0 ], [ 11.179642509235135, 10.30253553589929, 0.0 ], [ 11.179710014513764, 10.302499251447642, 0.0 ], [ 11.179873137559943, 10.302457772532215, 0.0 ], [ 11.180104783521605, 10.30239476522104, 0.0 ], [ 11.180193679135394, 10.302369624320916, 0.0 ], [ 11.180282043185469, 10.302342704642731, 0.0 ], [ 11.180369838339509, 10.302314019092423, 0.0 ], [ 11.18045702907812, 10.302283578756132, 0.0 ], [ 11.180598024649285, 10.302230126643105, 0.0 ], [ 11.180737157776703, 10.302172086576283, 0.0 ], [ 11.180874276468733, 10.302109521044148, 0.0 ], [ 11.181009231521809, 10.30204249974706, 0.0 ], [ 11.18116205339283, 10.301963445496773, 0.0 ], [ 11.181259646281271, 10.301911459066847, 0.0 ], [ 11.181295548882542, 10.301891772932334, 0.0 ], [ 11.181308611990731, 10.30189163239123, 0.0 ], [ 11.181408142898666, 10.301888405863627, 0.0 ], [ 11.181507578689228, 10.301883028848339, 0.0 ], [ 11.181606871934473, 10.301875506184903, 0.0 ], [ 11.181705977013099, 10.301865839989327, 0.0 ], [ 11.181804844671984, 10.301854035113605, 0.0 ], [ 11.181903428395934, 10.301840096391333, 0.0 ], [ 11.182001682607323, 10.301824032265085, 0.0 ], [ 11.182099558972004, 10.301805848484655, 0.0 ], [ 11.182197011924886, 10.301785555300278, 0.0 ], [ 11.182293994063228, 10.301763161167045, 0.0 ], [ 11.182390459828305, 10.301738677239054, 0.0 ], [ 11.18248636366142, 10.30171211467048, 0.0 ], [ 11.182581659109987, 10.301683487333028, 0.0 ], [ 11.182659688643156, 10.301658193215633, 0.0 ], [ 11.182733690069824, 10.301646094060745, 0.0 ], [ 11.182831566293231, 10.301627910078254, 0.0 ], [ 11.182929019100651, 10.301607616693742, 0.0 ], [ 11.18302600108942, 10.301585222362332, 0.0 ], [ 11.183122467619716, 10.301560739135892, 0.0 ], [ 11.183218371295219, 10.30153417637341, 0.0 ], [ 11.183313666582279, 10.301505548844322, 0.0 ], [ 11.183380477764979, 10.30148389137374, 0.0 ], [ 11.183443450448008, 10.301483211308144, 0.0 ], [ 11.183542980156448, 10.301479984159744, 0.0 ], [ 11.183642416571555, 10.301474608322389, 0.0 ], [ 11.183741709502755, 10.301467085039334, 0.0 ], [ 11.183840814260206, 10.301457419132046, 0.0 ], [ 11.18393968157848, 10.301445613645237, 0.0 ], [ 11.184038265867626, 10.301431675214195, 0.0 ], [ 11.184136519712485, 10.301415610486535, 0.0 ], [ 11.184234395704143, 10.301397427013768, 0.0 ], [ 11.184331848271498, 10.30137713414263, 0.0 ], [ 11.184428830918389, 10.30135473941853, 0.0 ], [ 11.184525296273458, 10.301330255815731, 0.0 ], [ 11.184621200597249, 10.301303693572585, 0.0 ], [ 11.184716495612138, 10.3012750665734, 0.0 ], [ 11.184811138503886, 10.301244386857991, 0.0 ], [ 11.184905081920112, 10.301211670112135, 0.0 ], [ 11.185028501901483, 10.301165170649632, 0.0 ], [ 11.185150512178161, 10.301115155770141, 0.0 ], [ 11.185270322440784, 10.301064019615435, 0.0 ], [ 11.185391807231175, 10.301010075685582, 0.0 ], [ 11.185511652513917, 10.300952645011055, 0.0 ], [ 11.185629754589421, 10.300891778005278, 0.0 ], [ 11.185661923342053, 10.300873999354405, 0.0 ], [ 11.185683205344731, 10.300871924053714, 0.0 ], [ 11.185782073216918, 10.300860118952, 0.0 ], [ 11.185880657136639, 10.300846180916178, 0.0 ], [ 11.18597891059529, 10.300830115684228, 0.0 ], [ 11.186076786196633, 10.300811932615407, 0.0 ], [ 11.186174238357266, 10.300791639249146, 0.0 ], [ 11.186271220593685, 10.300769244938648, 0.0 ], [ 11.186367686434913, 10.300744760844688, 0.0 ], [ 11.18646359032889, 10.300718199025734, 0.0 ], [ 11.186558885810996, 10.300689571546441, 0.0 ], [ 11.186653527341795, 10.300658892272901, 0.0 ], [ 11.186747471207159, 10.300626175058893, 0.0 ], [ 11.186840671886491, 10.300591436481897, 0.0 ], [ 11.186933084765675, 10.300554692209509, 0.0 ], [ 11.18702466708085, 10.300515961512069, 0.0 ], [ 11.187115373305449, 10.300475260063404, 0.0 ], [ 11.187205162519756, 10.300432609832935, 0.0 ], [ 11.187293990128696, 10.300388029199656, 0.0 ], [ 11.187381814306345, 10.300341541042995, 0.0 ], [ 11.187468594120803, 10.300293165524868, 0.0 ], [ 11.187554286846177, 10.300242927338454, 0.0 ], [ 11.187638853400955, 10.300190850248466, 0.0 ], [ 11.18772225196585, 10.300136958038159, 0.0 ], [ 11.187804443478241, 10.300081277183589, 0.0 ], [ 11.187885388875635, 10.300023834160861, 0.0 ], [ 11.187965050008241, 10.299964655439874, 0.0 ], [ 11.188043387832472, 10.299903770208047, 0.0 ], [ 11.188120366036477, 10.299841206730504, 0.0 ], [ 11.188195948327234, 10.299776995983668, 0.0 ], [ 11.188270097486713, 10.299711167142631, 0.0 ], [ 11.188342779053576, 10.29964375207525, 0.0 ], [ 11.188413958566576, 10.29957478264939, 0.0 ], [ 11.188483601570839, 10.299504291636644, 0.0 ], [ 11.188551674536654, 10.29943231361003, 0.0 ], [ 11.188618146666075, 10.299358882220201, 0.0 ], [ 11.188682984429603, 10.299284032040092, 0.0 ], [ 11.188708644861222, 10.299253067086138, 0.0 ], [ 11.188720155334261, 10.299241416694528, 0.0 ], [ 11.188788229104578, 10.29916943863352, 0.0 ], [ 11.188854700207751, 10.299096006318955, 0.0 ], [ 11.188919538777322, 10.29902115610669, 0.0 ], [ 11.188982713109191, 10.298944922557288, 0.0 ], [ 11.189044192430693, 10.298867342936489, 0.0 ], [ 11.189103948700893, 10.298788453587678, 0.0 ], [ 11.189161952059951, 10.298708291770375, 0.0 ], [ 11.189218176304831, 10.298626895623109, 0.0 ], [ 11.189272594332436, 10.298544305098122, 0.0 ], [ 11.189325179933689, 10.298460557430149, 0.0 ], [ 11.189375907843381, 10.298375694366525, 0.0 ], [ 11.189424754609165, 10.298289755834723, 0.0 ], [ 11.189471696778773, 10.298202781762129, 0.0 ], [ 11.189516710918706, 10.298114814787427, 0.0 ], [ 11.189559777233576, 10.298025895717027, 0.0 ], [ 11.189600875034133, 10.297936068074785, 0.0 ], [ 11.189639983618713, 10.29784537357696, 0.0 ], [ 11.189677085036063, 10.297753855728807, 0.0 ], [ 11.189712162253844, 10.297661558933122, 0.0 ], [ 11.189745197308421, 10.297568524887504, 0.0 ], [ 11.18977617501152, 10.297474800693644, 0.0 ], [ 11.18980508105631, 10.297380428928113, 0.0 ], [ 11.189831901154735, 10.297285454878788, 0.0 ], [ 11.189856622850243, 10.29718992472489, 0.0 ], [ 11.189879234586472, 10.297093882831916, 0.0 ], [ 11.189899724819535, 10.296997375372783, 0.0 ], [ 11.189918084737204, 10.29690044759816, 0.0 ], [ 11.189934304627124, 10.29680314657228, 0.0 ], [ 11.189948377508564, 10.296705518437134, 0.0 ], [ 11.189960296407042, 10.296607610238368, 0.0 ], [ 11.189970056160838, 10.29650946720168, 0.0 ], [ 11.1899776507081, 10.296411136366487, 0.0 ], [ 11.189983078550027, 10.296312664741256, 0.0 ], [ 11.189986335456235, 10.296214100256693, 0.0 ], [ 11.189987419915431, 10.296115488113632, 0.0 ], [ 11.189986332260261, 10.296016876211832, 0.0 ], [ 11.189983072817098, 10.295918311547219, 0.0 ], [ 11.189977642818688, 10.295819840205725, 0.0 ], [ 11.189970044422811, 10.295721510074637, 0.0 ], [ 11.18996028251259, 10.295623367215088, 0.0 ], [ 11.189948361064733, 10.295525458598156, 0.0 ], [ 11.189934284968505, 10.295427831188672, 0.0 ], [ 11.189918062751115, 10.295330530119204, 0.0 ], [ 11.18989970022059, 10.295233603252125, 0.0 ], [ 11.189879206822862, 10.295137096617523, 0.0 ], [ 11.189856592910198, 10.295041055335494, 0.0 ], [ 11.189851031686844, 10.295019568529657, 0.0 ], [ 11.189883534798843, 10.294965194446844, 0.0 ], [ 11.189932381073405, 10.294879255054473, 0.0 ], [ 11.189979321873469, 10.294792281933971, 0.0 ], [ 11.190024336484896, 10.294704314994137, 0.0 ], [ 11.190067402380873, 10.294615395963643, 0.0 ], [ 11.19010849887237, 10.294525568366328, 0.0 ], [ 11.190147607995746, 10.294434873899911, 0.0 ], [ 11.190184709062097, 10.294343356088163, 0.0 ], [ 11.190219785032998, 10.29425105843006, 0.0 ], [ 11.190252819788917, 10.294158025322197, 0.0 ], [ 11.190283798116765, 10.294064300251126, 0.0 ], [ 11.190312702990735, 10.293969928523262, 0.0 ], [ 11.190339522854483, 10.293874954504162, 0.0 ], [ 11.190364244338957, 10.293779424379228, 0.0 ], [ 11.190386855887887, 10.293683382513882, 0.0 ], [ 11.190407345957489, 10.293586875081099, 0.0 ], [ 11.190425705735599, 10.293489947331476, 0.0 ], [ 11.190441925509942, 10.293392646329293, 0.0 ], [ 11.190455998299827, 10.293295018216465, 0.0 ], [ 11.190467917124588, 10.293197109134901, 0.0 ], [ 11.190477676835002, 10.293098966117823, 0.0 ], [ 11.190485271369255, 10.293000636204656, 0.0 ], [ 11.190490698303448, 10.292902164602438, 0.0 ], [ 11.190493955232421, 10.292803599229554, 0.0 ], [ 11.190495040663581, 10.292704987998167, 0.0 ], [ 11.190493953079381, 10.292606375205242, 0.0 ], [ 11.190490692824872, 10.292507810558041, 0.0 ], [ 11.19048526295172, 10.292409339226365, 0.0 ], [ 11.190477665617649, 10.292311009097476, 0.0 ], [ 11.190467902967892, 10.292212866251084, 0.0 ], [ 11.19045598171688, 10.292114957639672, 0.0 ], [ 11.190441905841215, 10.292017330234286, 0.0 ], [ 11.190425683874189, 10.29192003007126, 0.0 ], [ 11.190407321611271, 10.291823103205411, 0.0 ], [ 11.190386828498255, 10.291726595666821, 0.0 ], [ 11.19036421489974, 10.291630554383163, 0.0 ], [ 11.190339491167768, 10.291535024474479, 0.0 ], [ 11.190312668573149, 10.29144005195846, 0.0 ], [ 11.190283760199369, 10.29134568103278, 0.0 ], [ 11.190252780048676, 10.291251956792776, 0.0 ], [ 11.19021974303582, 10.291158924327521, 0.0 ], [ 11.19018466498186, 10.291066627816155, 0.0 ], [ 11.190147561701519, 10.290975110534003, 0.0 ], [ 11.190108451759706, 10.290884417545417, 0.0 ], [ 11.190067352783714, 10.290794590305804, 0.0 ], [ 11.190024285157234, 10.290705672963348, 0.0 ], [ 11.189979269245169, 10.290617706954926, 0.0 ], [ 11.189932326331148, 10.290530734614983, 0.0 ], [ 11.189883478598835, 10.290444796464248, 0.0 ], [ 11.189832749156889, 10.290359934824831, 0.0 ], [ 11.189780162914078, 10.290276188391351, 0.0 ], [ 11.189725744797819, 10.290193598569818, 0.0 ], [ 11.189669520629289, 10.29011220404872, 0.0 ], [ 11.189611516229583, 10.290032043516527, 0.0 ], [ 11.189551760157466, 10.289953155643234, 0.0 ], [ 11.189490280040307, 10.289875576393676, 0.0 ], [ 11.189427106268111, 10.289799345329278, 0.0 ], [ 11.189362268274511, 10.289724495691271, 0.0 ], [ 11.189295797349436, 10.289651065227401, 0.0 ], [ 11.189227723851378, 10.289579088980247, 0.0 ], [ 11.189158081770433, 10.289508599256477, 0.0 ], [ 11.189086904208919, 10.289439631983996, 0.0 ], [ 11.189014223319079, 10.289372217674279, 0.0 ], [ 11.188940074928345, 10.289306390429246, 0.0 ], [ 11.188864494839118, 10.289242180735757, 0.0 ], [ 11.188787517934886, 10.289179618183052, 0.0 ], [ 11.188709180942929, 10.289118735059461, 0.0 ], [ 11.18862952145939, 10.289059557320726, 0.0 ], [ 11.18854857802409, 10.289002115435295, 0.0 ], [ 11.188466388239219, 10.288946436262799, 0.0 ], [ 11.188382991519632, 10.288892544842954, 0.0 ], [ 11.188298428211354, 10.288840468920732, 0.0 ], [ 11.188212736804013, 10.288790231734557, 0.0 ], [ 11.188125960362568, 10.288741858299664, 0.0 ], [ 11.188038138282852, 10.288695370944643, 0.0 ], [ 11.187949313604769, 10.288650791069699, 0.0 ], [ 11.187859527555403, 10.288608141894997, 0.0 ], [ 11.187768824068431, 10.28856744210332, 0.0 ], [ 11.187677245258495, 10.288528711293658, 0.0 ], [ 11.187584835065371, 10.288491969052735, 0.0 ], [ 11.187491637403857, 10.288457231352178, 0.0 ], [ 11.187331439832212, 10.288402799207942, 0.0 ], [ 11.187110949349075, 10.288332381671616, 0.0 ], [ 11.186960899728046, 10.288287263329785, 0.0 ], [ 11.186809374146732, 10.288247275927072, 0.0 ], [ 11.186656551795608, 10.288212466155132, 0.0 ], [ 11.186502611833843, 10.28818287618704, 0.0 ], [ 11.186404519915365, 10.288166835990046, 0.0 ], [ 11.186306098532183, 10.288152915638767, 0.0 ], [ 11.186207394268076, 10.288141121145527, 0.0 ], [ 11.186108453706789, 10.288131458522644, 0.0 ], [ 11.186009324338448, 10.288123932872617, 0.0 ], [ 11.185910052721923, 10.2881185465928, 0.0 ], [ 11.185810687241283, 10.288115302068283, 0.0 ], [ 11.185711272636436, 10.288114202612645, 0.0 ], [ 11.185473389964738, 10.28811413632272, 0.0 ], [ 11.185373177152266, 10.288115212226238, 0.0 ], [ 11.185273650835013, 10.288118439080113, 0.0 ], [ 11.185174218700398, 10.288123815459963, 0.0 ], [ 11.185074929095272, 10.288131338328521, 0.0 ], [ 11.184975829447691, 10.288141003750981, 0.0 ], [ 11.184876965366811, 10.288152808708663, 0.0 ], [ 11.184778385174706, 10.288166746549336, 0.0 ], [ 11.184680136280932, 10.288182810627012, 0.0 ], [ 11.184582263351073, 10.288200993410415, 0.0 ], [ 11.184484814694942, 10.288221286439933, 0.0 ], [ 11.184387836790995, 10.288243680364486, 0.0 ], [ 11.184291374273926, 10.288268163134067, 0.0 ], [ 11.184195474528689, 10.28829472448777, 0.0 ], [ 11.184100183096481, 10.288323351465714, 0.0 ], [ 11.184097398460205, 10.288324254188582, 0.0 ], [ 11.183934444134382, 10.288324229955531, 0.0 ], [ 11.183921803927589, 10.288324336909122, 0.0 ], [ 11.183846177407817, 10.288262909875453, 0.0 ], [ 11.183765646498292, 10.288200434925033, 0.0 ], [ 11.183683722559531, 10.288139763430991, 0.0 ], [ 11.183600445949743, 10.28808092494638, 0.0 ], [ 11.183421846234252, 10.287957705544482, 0.0 ], [ 11.183341785379206, 10.287903710566097, 0.0 ], [ 11.183260586274967, 10.287851409770811, 0.0 ], [ 11.183178284679352, 10.287800827320041, 0.0 ], [ 11.183094918162904, 10.287751985555385, 0.0 ], [ 11.183008141624429, 10.287703611435459, 0.0 ], [ 11.182920319422132, 10.287657124288318, 0.0 ], [ 11.182831494589328, 10.287612544611202, 0.0 ], [ 11.182741709265342, 10.287569895618825, 0.0 ], [ 11.182651006470909, 10.287529196000975, 0.0 ], [ 11.182559427407783, 10.287490465363504, 0.0 ], [ 11.182467017834361, 10.287453722377867, 0.0 ], [ 11.182373820765022, 10.287418984830166, 0.0 ], [ 11.18227988011426, 10.287386268692917, 0.0 ], [ 11.182185242534286, 10.287355589920189, 0.0 ], [ 11.182089950101886, 10.287326962689344, 0.0 ], [ 11.181994051288164, 10.287300402038483, 0.0 ], [ 11.181897589057588, 10.287275918523822, 0.0 ], [ 11.181800610956165, 10.2872535253822, 0.0 ], [ 11.181703162679881, 10.287233232247674, 0.0 ], [ 11.181605290837267, 10.287215048748234, 0.0 ], [ 11.181507041124254, 10.287198984518117, 0.0 ], [ 11.181408461962111, 10.287185047365519, 0.0 ], [ 11.181309598103109, 10.287173242412047, 0.0 ], [ 11.181210497962288, 10.287163576562268, 0.0 ], [ 11.181111209017274, 10.287156053111877, 0.0 ], [ 11.181011777845521, 10.287150677170299, 0.0 ], [ 11.180912251912247, 10.287147450225758, 0.0 ], [ 11.180901410821468, 10.287147333439714, 0.0 ], [ 11.180827779695107, 10.287122130916867, 0.0 ], [ 11.180685658772772, 10.287078566581183, 0.0 ], [ 11.18054217867018, 10.287039611794045, 0.0 ], [ 11.180397493900799, 10.287005307994143, 0.0 ], [ 11.180041836289211, 10.286927031763989, 0.0 ], [ 11.179943235365867, 10.286906458399741, 0.0 ], [ 11.179844200266638, 10.28688804625923, 0.0 ], [ 11.179735109139157, 10.286870342589332, 0.0 ], [ 11.179625617111048, 10.2868552608633, 0.0 ], [ 11.179501355997342, 10.286839661191845, 0.0 ], [ 11.179374925772327, 10.286812789101385, 0.0 ], [ 11.179346100214552, 10.286800958614819, 0.0 ], [ 11.179257261896863, 10.286767897147591, 0.0 ], [ 11.179149297796501, 10.286730491329195, 0.0 ], [ 11.179040421292328, 10.286695776874144, 0.0 ], [ 11.178984593465277, 10.286678738541651, 0.0 ], [ 11.178962069423584, 10.286669797621961, 0.0 ], [ 11.178944815756379, 10.286663370024391, 0.0 ], [ 11.178935247913467, 10.286650366898186, 0.0 ], [ 11.178932294166174, 10.286646575341965, 0.0 ], [ 11.179000167303805, 10.286606466007337, 0.0 ], [ 11.179110905854245, 10.286536674910201, 0.0 ], [ 11.179169598323003, 10.286498499149777, 0.0 ], [ 11.179250402209425, 10.286452625832149, 0.0 ], [ 11.179262630257858, 10.28644565910518, 0.0 ], [ 11.179348319613112, 10.286395420856957, 0.0 ], [ 11.179432881986635, 10.28634334275759, 0.0 ], [ 11.179516277403698, 10.286289451288122, 0.0 ], [ 11.179585328432383, 10.286242670030459, 0.0 ], [ 11.179615792714783, 10.286231314498794, 0.0 ], [ 11.179668369369956, 10.286210408544509, 0.0 ], [ 11.179698911667129, 10.286224917238703, 0.0 ], [ 11.179789614767211, 10.286265618739368, 0.0 ], [ 11.179881192359094, 10.286304350311889, 0.0 ], [ 11.179973601425214, 10.286341094168924, 0.0 ], [ 11.180066798035336, 10.286375832529275, 0.0 ], [ 11.180175477366101, 10.286413476357792, 0.0 ], [ 11.180285080754963, 10.286448394314879, 0.0 ], [ 11.180395538680708, 10.286480563368755, 0.0 ], [ 11.180506780728061, 10.286509963205281, 0.0 ], [ 11.180689552213575, 10.286555828926861, 0.0 ], [ 11.180853173986442, 10.286593728852695, 0.0 ], [ 11.181018093480455, 10.286625638439162, 0.0 ], [ 11.181154295209891, 10.286647327508479, 0.0 ], [ 11.181291096765312, 10.286664928999363, 0.0 ], [ 11.181428373010567, 10.286678428390081, 0.0 ], [ 11.181565998828164, 10.286687813870431, 0.0 ], [ 11.181738945926261, 10.286697009217967, 0.0 ], [ 11.181861253218166, 10.286701884661406, 0.0 ], [ 11.181983648605588, 10.286703510218347, 0.0 ], [ 11.18208102596893, 10.286702481674268, 0.0 ], [ 11.182178358157723, 10.286699395399282, 0.0 ], [ 11.18227560320331, 10.286694253484335, 0.0 ], [ 11.182372714580296, 10.286687058954861, 0.0 ], [ 11.182469648488709, 10.286677813010398, 0.0 ], [ 11.182566361165822, 10.286666522273185, 0.0 ], [ 11.182662809736748, 10.286653189744253, 0.0 ], [ 11.182758947707292, 10.286637822968196, 0.0 ], [ 11.182920680092742, 10.286610215486641, 0.0 ], [ 11.182936300459206, 10.286607521638567, 0.0 ], [ 11.183175141593368, 10.286565904669351, 0.0 ], [ 11.183274531807777, 10.286547441018424, 0.0 ], [ 11.183461545095392, 10.28651057128255, 0.0 ], [ 11.183591965278763, 10.286482890816501, 0.0 ], [ 11.18367433206633, 10.2864641586216, 0.0 ], [ 11.183802670079954, 10.286440932598975, 0.0 ], [ 11.183946753341168, 10.286412477475212, 0.0 ], [ 11.184014159649026, 10.28639804344809, 0.0 ], [ 11.184197846492225, 10.286371178472907, 0.0 ], [ 11.184323608943501, 10.286351004665423, 0.0 ], [ 11.184421480437369, 10.286332821175135, 0.0 ], [ 11.184518928540673, 10.286312527377296, 0.0 ], [ 11.184615905865462, 10.286290133534354, 0.0 ], [ 11.184712366849039, 10.286265649896546, 0.0 ], [ 11.184808265934983, 10.286239087617894, 0.0 ], [ 11.184903557579377, 10.28621045966004, 0.0 ], [ 11.184998195338238, 10.286179780798333, 0.0 ], [ 11.185092134580383, 10.286147063988361, 0.0 ], [ 11.185234510300631, 10.286093058877194, 0.0 ], [ 11.18537498562028, 10.286034375702631, 0.0 ], [ 11.185543683167829, 10.285960590762928, 0.0 ], [ 11.185655449191039, 10.285909914777394, 0.0 ], [ 11.185765797551886, 10.285856276563505, 0.0 ], [ 11.18587464728963, 10.285799714630125, 0.0 ], [ 11.185981919293793, 10.285740271088955, 0.0 ], [ 11.186067608876373, 10.285690032208532, 0.0 ], [ 11.186152170546372, 10.285637955321532, 0.0 ], [ 11.186235566130176, 10.285584063282261, 0.0 ], [ 11.186317753822566, 10.285528381680992, 0.0 ], [ 11.186398695487435, 10.285470938794672, 0.0 ], [ 11.186478352970134, 10.285411760188946, 0.0 ], [ 11.186481440298367, 10.285409360488154, 0.0 ], [ 11.18649954448534, 10.285409947759462, 0.0 ], [ 11.18659911773965, 10.285411023474264, 0.0 ], [ 11.186698690775369, 10.285409947161977, 0.0 ], [ 11.1867982161485, 10.285406720950956, 0.0 ], [ 11.186897646396396, 10.28540134425835, 0.0 ], [ 11.186996935006361, 10.285393821917854, 0.0 ], [ 11.187096034528277, 10.285384155154238, 0.0 ], [ 11.187194897543151, 10.285372349711256, 0.0 ], [ 11.187293476638283, 10.285358412236473, 0.0 ], [ 11.187391725301131, 10.285342347563786, 0.0 ], [ 11.187482312254883, 10.285325592576815, 0.0 ], [ 11.187572539038342, 10.285307030550531, 0.0 ], [ 11.187782490142938, 10.28526164328027, 0.0 ], [ 11.187905652410299, 10.2852332420302, 0.0 ], [ 11.188027973731524, 10.285201472458006, 0.0 ], [ 11.188149359362804, 10.28516635960864, 0.0 ], [ 11.188247904245905, 10.285134894311195, 0.0 ], [ 11.188333730351458, 10.285114631010186, 0.0 ], [ 11.188478442839733, 10.285075445988634, 0.0 ], [ 11.188621775939025, 10.28503157217494, 0.0 ], [ 11.188763575735495, 10.284983056707086, 0.0 ], [ 11.188856771828073, 10.28494831760681, 0.0 ], [ 11.188949180174687, 10.284911573712691, 0.0 ], [ 11.189040757088527, 10.284872842493535, 0.0 ], [ 11.189131459795471, 10.284832141412025, 0.0 ], [ 11.189221243714998, 10.28478949065452, 0.0 ], [ 11.189310067004442, 10.284744910388882, 0.0 ], [ 11.189397886914852, 10.284698421692982, 0.0 ], [ 11.189484662528791, 10.28465004653612, 0.0 ], [ 11.189570351116197, 10.284599808707506, 0.0 ], [ 11.189654913591223, 10.284547731067935, 0.0 ], [ 11.189738308149046, 10.284493839208018, 0.0 ], [ 11.189820495716477, 10.284438157796105, 0.0 ], [ 11.189901437245336, 10.284380715115679, 0.0 ], [ 11.189981093662643, 10.284321535835103, 0.0 ], [ 11.190059428676861, 10.28426065093066, 0.0 ], [ 11.190136403233906, 10.284198087782062, 0.0 ], [ 11.190270316337596, 10.284082327639645, 0.0 ], [ 11.190399577397335, 10.283961492343217, 0.0 ], [ 11.190523989631494, 10.283835763992982, 0.0 ], [ 11.190643364535015, 10.283705333671303, 0.0 ], [ 11.190805526801658, 10.283521067190653, 0.0 ], [ 11.190861153915197, 10.283456647260067, 0.0 ], [ 11.190885033772728, 10.283427305053332, 0.0 ], [ 11.191005619113104, 10.283344072012051, 0.0 ], [ 11.191129951820717, 10.283251873016205, 0.0 ], [ 11.191252706648012, 10.283157573340331, 0.0 ], [ 11.191433670490182, 10.283042174266614, 0.0 ], [ 11.19152035158505, 10.282985507721067, 0.0 ], [ 11.191605707834881, 10.282926901489388, 0.0 ], [ 11.191847705901603, 10.282756674924338, 0.0 ], [ 11.192075179691185, 10.282604876846731, 0.0 ], [ 11.192173840816112, 10.282537153138225, 0.0 ], [ 11.192270670046282, 10.282466883096314, 0.0 ], [ 11.192365599268804, 10.282394115086122, 0.0 ], [ 11.192458564040049, 10.282318900159439, 0.0 ], [ 11.192534140890981, 10.282254688479433, 0.0 ], [ 11.192608286521962, 10.282188859602531, 0.0 ], [ 11.192680963729762, 10.28212144451137, 0.0 ], [ 11.192752138967789, 10.282052475067603, 0.0 ], [ 11.192821778702012, 10.281981984940481, 0.0 ], [ 11.192889848473486, 10.28191000599783, 0.0 ], [ 11.192956316592252, 10.281836574607841, 0.0 ], [ 11.193021151349747, 10.281761724427316, 0.0 ], [ 11.193053589237214, 10.281722578326915, 0.0 ], [ 11.193056530782989, 10.281722606316901, 0.0 ], [ 11.193059797935586, 10.281722605891984, 0.0 ], [ 11.19332639423579, 10.281736632360294, 0.0 ], [ 11.193447418697419, 10.281741405799846, 0.0 ], [ 11.193568528881075, 10.281742998080025, 0.0 ], [ 11.193646077318043, 10.281742345555996, 0.0 ], [ 11.194051990472989, 10.281735514246082, 0.0 ], [ 11.19413482542276, 10.281733375176556, 0.0 ], [ 11.194446925931203, 10.281722506896308, 0.0 ], [ 11.194781682910181, 10.281722478854157, 0.0 ], [ 11.195121627135089, 10.281722455085845, 0.0 ], [ 11.195285842328625, 10.28171951756055, 0.0 ], [ 11.195449844599539, 10.281710730089365, 0.0 ], [ 11.195613421385298, 10.28169610496083, 0.0 ], [ 11.195776361079957, 10.281675660784032, 0.0 ], [ 11.19610958069482, 10.281627803729181, 0.0 ], [ 11.196247122412927, 10.281605922701027, 0.0 ], [ 11.196341302761249, 10.281588465119652, 0.0 ], [ 11.196435092671679, 10.281569052495286, 0.0 ], [ 11.19652845114587, 10.281547695048541, 0.0 ], [ 11.196621335347881, 10.281524401204887, 0.0 ], [ 11.196713705192058, 10.281499181178827, 0.0 ], [ 11.196805520605263, 10.281472046992398, 0.0 ], [ 11.196896740595637, 10.28144300977017, 0.0 ], [ 11.196987325096439, 10.281412082438017, 0.0 ], [ 11.197181142019707, 10.281343647115644, 0.0 ], [ 11.197209451612304, 10.281333547500516, 0.0 ], [ 11.197302646211826, 10.281298809078521, 0.0 ], [ 11.197395053936592, 10.281262064982023, 0.0 ], [ 11.197486630194653, 10.281223333590777, 0.0 ], [ 11.197577331300458, 10.28118263237454, 0.0 ], [ 11.197667114499879, 10.281139981508257, 0.0 ], [ 11.197755937038862, 10.281095401166871, 0.0 ], [ 11.197843756169714, 10.281048912429153, 0.0 ], [ 11.197930530069907, 10.281000538175219, 0.0 ], [ 11.19801621781707, 10.280950299471495, 0.0 ], [ 11.198100778520176, 10.280898221903234, 0.0 ], [ 11.19818417219463, 10.280844330145781, 0.0 ], [ 11.198266358855927, 10.280788648874465, 0.0 ], [ 11.198347299451006, 10.280731205469792, 0.0 ], [ 11.198426955839453, 10.280672027306004, 0.0 ], [ 11.198505288968397, 10.280611141763606, 0.0 ], [ 11.198582263447845, 10.280548578005829, 0.0 ], [ 11.198651987223689, 10.280489441896261, 0.0 ], [ 11.198720496803226, 10.280428928468821, 0.0 ], [ 11.198787763159636, 10.280367063228077, 0.0 ], [ 11.19885375908507, 10.280303870762474, 0.0 ], [ 11.198892129605751, 10.280265622145262, 0.0 ], [ 11.199114638287885, 10.280104710836014, 0.0 ], [ 11.199340945852384, 10.27995315522184, 0.0 ], [ 11.199352594472462, 10.279946317433421, 0.0 ], [ 11.199424649390485, 10.279916284467161, 0.0 ], [ 11.199453418505344, 10.279904177819779, 0.0 ], [ 11.200050302331295, 10.279650608901521, 0.0 ], [ 11.200427910781546, 10.279493975387727, 0.0 ], [ 11.2005606292929, 10.279436454717134, 0.0 ], [ 11.200691438188585, 10.279374791237041, 0.0 ], [ 11.2008202055701, 10.27930904730569, 0.0 ], [ 11.200946800476977, 10.27923928889023, 0.0 ], [ 11.201034945524427, 10.279187573224219, 0.0 ], [ 11.201121895245073, 10.279133911615366, 0.0 ], [ 11.201207606923365, 10.279078329661749, 0.0 ], [ 11.201292037875152, 10.279020857480306, 0.0 ], [ 11.201577387108944, 10.278821911255402, 0.0 ], [ 11.20171105381295, 10.278725079661719, 0.0 ], [ 11.202094426170515, 10.278436635876428, 0.0 ], [ 11.202181671517121, 10.278369327191543, 0.0 ], [ 11.202267245178907, 10.278299944755156, 0.0 ], [ 11.202350763418194, 10.278228819260436, 0.0 ], [ 11.202432525781781, 10.278155718201068, 0.0 ], [ 11.202512481461204, 10.278080684402905, 0.0 ], [ 11.202590586954868, 10.27800376154593, 0.0 ], [ 11.202676590231345, 10.27791699128939, 0.0 ], [ 11.202921686121257, 10.27772312067864, 0.0 ], [ 11.203007154155804, 10.27765382198023, 0.0 ], [ 11.203082730192179, 10.277589610281597, 0.0 ], [ 11.203156874990771, 10.277523781439063, 0.0 ], [ 11.203229551350109, 10.277456366436173, 0.0 ], [ 11.203300725725287, 10.277387397135406, 0.0 ], [ 11.203370363665195, 10.277316906309151, 0.0 ], [ 11.203438432556482, 10.277244928525006, 0.0 ], [ 11.203504898860825, 10.27717149654913, 0.0 ], [ 11.203569732708971, 10.277096645834215, 0.0 ], [ 11.203632902412949, 10.277020412749069, 0.0 ], [ 11.203694378103727, 10.276942832746309, 0.0 ], [ 11.20375412992488, 10.276863943086113, 0.0 ], [ 11.203812129845184, 10.276783781016155, 0.0 ], [ 11.203868349839793, 10.276702384687885, 0.0 ], [ 11.203922764634093, 10.276619794041661, 0.0 ], [ 11.203975346197142, 10.276536046325067, 0.0 ], [ 11.204026071092148, 10.276451183273535, 0.0 ], [ 11.204074914038506, 10.276365243923504, 0.0 ], [ 11.204121852512118, 10.276278270004129, 0.0 ], [ 11.204166863988975, 10.276190303244496, 0.0 ], [ 11.204209927763982, 10.276101384457457, 0.0 ], [ 11.20425102223207, 10.276011556269593, 0.0 ], [ 11.204290128525892, 10.275920861288812, 0.0 ], [ 11.204327226878144, 10.275829343936746, 0.0 ], [ 11.204362301159245, 10.275737046802593, 0.0 ], [ 11.20439533433338, 10.275644013385502, 0.0 ], [ 11.204426310283589, 10.275550288082131, 0.0 ], [ 11.204455214724321, 10.27545591618045, 0.0 ], [ 11.204482032451253, 10.275360942070829, 0.0 ], [ 11.20450675283538, 10.275265411920085, 0.0 ], [ 11.204529362491259, 10.275169369202318, 0.0 ], [ 11.204549851715013, 10.275072861885596, 0.0 ], [ 11.204568209865165, 10.274975934329055, 0.0 ], [ 11.204584429056707, 10.274878633584491, 0.0 ], [ 11.204598501392091, 10.274781004896095, 0.0 ], [ 11.204610418992598, 10.274683096219357, 0.0 ], [ 11.204620177610867, 10.274584952773541, 0.0 ], [ 11.204627772105821, 10.274486622495429, 0.0 ], [ 11.204633199148919, 10.274388151501739, 0.0 ], [ 11.204636456324158, 10.274289585903, 0.0 ], [ 11.204637540315499, 10.274190973623428, 0.0 ], [ 11.204636453275898, 10.274092361646181, 0.0 ], [ 11.204633193708094, 10.273993796979191, 0.0 ], [ 11.204627763758722, 10.273895325701776, 0.0 ], [ 11.204620166493187, 10.273796994790763, 0.0 ], [ 11.20461040498312, 10.273698852126703, 0.0 ], [ 11.204598484112664, 10.273600943770173, 0.0 ], [ 11.204584409678466, 10.273503315775512, 0.0 ], [ 11.204568187483384, 10.273406015100788, 0.0 ], [ 11.204549826974128, 10.273309087775436, 0.0 ], [ 11.204529334865986, 10.273212580751233, 0.0 ], [ 11.204506722424357, 10.273116539141427, 0.0 ], [ 11.204482000014576, 10.273021009872878, 0.0 ], [ 11.204455179801926, 10.272926036245039, 0.0 ], [ 11.204426273064128, 10.272831665178517, 0.0 ], [ 11.204395294710206, 10.272737940857871, 0.0 ], [ 11.204362259655367, 10.27264490837131, 0.0 ], [ 11.204327183721011, 10.272552611897149, 0.0 ], [ 11.204290082722178, 10.272461094709838, 0.0 ], [ 11.204250974311446, 10.27237040187898, 0.0 ], [ 11.20420987794131, 10.272280574846659, 0.0 ], [ 11.204166813076714, 10.272191656862526, 0.0 ], [ 11.204121799176235, 10.27210369027242, 0.0 ], [ 11.204074859354762, 10.272016718301145, 0.0 ], [ 11.204026014876973, 10.27193078057082, 0.0 ], [ 11.203975288845045, 10.271845918498698, 0.0 ], [ 11.203922705261057, 10.271762171688296, 0.0 ], [ 11.203868289970845, 10.271679582442047, 0.0 ], [ 11.203812068782584, 10.271598187639777, 0.0 ], [ 11.203754068435645, 10.271518026866371, 0.0 ], [ 11.203694315663048, 10.271439138803036, 0.0 ], [ 11.203632839003994, 10.271361559407213, 0.0 ], [ 11.203569668841428, 10.271285327335329, 0.0 ], [ 11.203504834626862, 10.271210478538656, 0.0 ], [ 11.203438367630527, 10.271137048052351, 0.0 ], [ 11.203370298210002, 10.271065070917778, 0.0 ], [ 11.203300660372912, 10.270994582151552, 0.0 ], [ 11.203229486282906, 10.270925614071354, 0.0 ], [ 11.203156809934896, 10.270858199886336, 0.0 ], [ 11.203082666236176, 10.270792372799423, 0.0 ], [ 11.203007090068953, 10.270728162398505, 0.0 ], [ 11.20293011724659, 10.270665600976624, 0.0 ], [ 11.202851785382434, 10.270604717199397, 0.0 ], [ 11.202772131177174, 10.270545539738652, 0.0 ], [ 11.202691192243945, 10.270488097260074, 0.0 ], [ 11.202609007102073, 10.270432417519435, 0.0 ], [ 11.202525615177041, 10.270378527362542, 0.0 ], [ 11.202441056788043, 10.270326450917777, 0.0 ], [ 11.202355370435358, 10.270276213229733, 0.0 ], [ 11.202268598269322, 10.270227839318245, 0.0 ], [ 11.20218078151513, 10.270181352401876, 0.0 ], [ 11.202091962291686, 10.270136772981729, 0.0 ], [ 11.202002181817786, 10.270094123372681, 0.0 ], [ 11.201911483118469, 10.270053423165974, 0.0 ], [ 11.201819909224948, 10.270014692856673, 0.0 ], [ 11.20172750497469, 10.2699779502162, 0.0 ], [ 11.201634312461231, 10.269943212130856, 0.0 ], [ 11.201540377434453, 10.26991049636599, 0.0 ], [ 11.201445744706641, 10.269879817078085, 0.0 ], [ 11.201350458189989, 10.269851190237477, 0.0 ], [ 11.201254563602978, 10.269824629090833, 0.0 ], [ 11.201158107570308, 10.26980014597493, 0.0 ], [ 11.201061134885345, 10.269777752335196, 0.0 ], [ 11.20096369216648, 10.269757459604744, 0.0 ], [ 11.200865825100788, 10.269739276511665, 0.0 ], [ 11.200767581200388, 10.269723211771657, 0.0 ], [ 11.200669007064876, 10.26970927410674, 0.0 ], [ 11.200570149275046, 10.269697469527662, 0.0 ], [ 11.200471054405464, 10.269687803141407, 0.0 ], [ 11.200371770861981, 10.269680280946499, 0.0 ], [ 11.200272345194159, 10.269674904434989, 0.0 ], [ 11.200172824882834, 10.269671677804109, 0.0 ], [ 11.200073256477586, 10.269670602546046, 0.0 ], [ 11.199973688340549, 10.26967167833314, 0.0 ], [ 11.199874167921379, 10.269674904843916, 0.0 ], [ 11.199774742663491, 10.269680280853262, 0.0 ], [ 11.199675458172766, 10.269687803340886, 0.0 ], [ 11.199576364617791, 10.269697469255641, 0.0 ], [ 11.199477506685731, 10.269709274679816, 0.0 ], [ 11.199378931776417, 10.269723212062036, 0.0 ], [ 11.199280688221, 10.269739276556157, 0.0 ], [ 11.199182821588083, 10.269757459719518, 0.0 ], [ 11.199085378352612, 10.269777752199602, 0.0 ], [ 11.198988405908384, 10.269800145541483, 0.0 ], [ 11.198891948899156, 10.269824629501267, 0.0 ], [ 11.198796054681363, 10.269851190201525, 0.0 ], [ 11.198700768811426, 10.269879817392262, 0.0 ], [ 11.198606134989557, 10.269910496317079, 0.0 ], [ 11.19851220056616, 10.269943212194848, 0.0 ], [ 11.198419008329058, 10.269977950275418, 0.0 ], [ 11.198326603785029, 10.27001469307875, 0.0 ], [ 11.198235029703318, 10.270053423143453, 0.0 ], [ 11.198144331590878, 10.270094122989583, 0.0 ], [ 11.198054551285862, 10.270136772450631, 0.0 ], [ 11.197965731545315, 10.270181352257721, 0.0 ], [ 11.197877914188842, 10.270227839533069, 0.0 ], [ 11.197791142873724, 10.270276213194096, 0.0 ], [ 11.197644232304771, 10.270363901814928, 0.0 ], [ 11.197500752868892, 10.270456996355675, 0.0 ], [ 11.197360906235284, 10.270555363498154, 0.0 ], [ 11.197224890392663, 10.270658865430129, 0.0 ], [ 11.196764236286779, 10.271023236868006, 0.0 ], [ 11.196678763488174, 10.271092538407336, 0.0 ], [ 11.196595244301388, 10.271163663252443, 0.0 ], [ 11.196513482654581, 10.271236762766387, 0.0 ], [ 11.19643352571919, 10.271311795959335, 0.0 ], [ 11.196365930550256, 10.271378367037288, 0.0 ], [ 11.195869196209335, 10.271589390122228, 0.0 ], [ 11.19552362897573, 10.271733425851171, 0.0 ], [ 11.195392799793918, 10.271790360011687, 0.0 ], [ 11.195263834483983, 10.271851323378762, 0.0 ], [ 11.19513685946837, 10.27191625454377, 0.0 ], [ 11.195011998426066, 10.271985091212958, 0.0 ], [ 11.194966979949951, 10.272011172810156, 0.0 ], [ 11.194569670201254, 10.272244386899438, 0.0 ], [ 11.194453820017275, 10.272314717885312, 0.0 ], [ 11.194340134966801, 10.272388433444039, 0.0 ], [ 11.194253812594523, 10.27244624099915, 0.0 ], [ 11.194208343269796, 10.272418104661174, 0.0 ], [ 11.194117095575237, 10.272364521101402, 0.0 ], [ 11.19403032357161, 10.27231614665482, 0.0 ], [ 11.193942506008533, 10.27226965919435, 0.0 ], [ 11.193853685923674, 10.272225080119776, 0.0 ], [ 11.193763904529549, 10.27218243084333, 0.0 ], [ 11.193673205763766, 10.272141730951221, 0.0 ], [ 11.193581631738777, 10.272103000042049, 0.0 ], [ 11.193489226385845, 10.272066256798379, 0.0 ], [ 11.193396033636139, 10.272031519902775, 0.0 ], [ 11.193247908231305, 10.271980959022567, 0.0 ], [ 11.193098117641878, 10.271935463477327, 0.0 ], [ 11.192946838355034, 10.271895086301607, 0.0 ], [ 11.192794249557981, 10.271859875089131, 0.0 ], [ 11.192477701088508, 10.271792479373129, 0.0 ], [ 11.192310987400154, 10.271760186943318, 0.0 ], [ 11.19218670908243, 10.271740230273853, 0.0 ], [ 11.192061922184028, 10.271723676253224, 0.0 ], [ 11.191936721698619, 10.271710537796757, 0.0 ], [ 11.191811202588747, 10.271700823301153, 0.0 ], [ 11.191652994948507, 10.271690751245032, 0.0 ], [ 11.191474355174719, 10.271666337110576, 0.0 ], [ 11.191319012135365, 10.271647787587847, 0.0 ], [ 11.191163117793371, 10.271634521823328, 0.0 ], [ 11.19100685659892, 10.271626556647865, 0.0 ], [ 11.190850411121087, 10.271623900771067, 0.0 ], [ 11.190750842668532, 10.271624975658344, 0.0 ], [ 11.190651321887266, 10.271628203090877, 0.0 ], [ 11.19055189529011, 10.271633579139614, 0.0 ], [ 11.190452611227437, 10.271641101670788, 0.0 ], [ 11.190353516218343, 10.271650767659269, 0.0 ], [ 11.190254657682068, 10.271662572266225, 0.0 ], [ 11.190156082125345, 10.271676510659056, 0.0 ], [ 11.190057837855152, 10.271692574377777, 0.0 ], [ 11.189959970459551, 10.271710757692263, 0.0 ], [ 11.189862527320635, 10.271731050341241, 0.0 ], [ 11.18976555400792, 10.271753443883355, 0.0 ], [ 11.189669096984847, 10.271777927159786, 0.0 ], [ 11.1895732018024, 10.271804489017908, 0.0 ], [ 11.189477914905497, 10.2718331155877, 0.0 ], [ 11.189383280920257, 10.271863793915214, 0.0 ], [ 11.189289345379217, 10.271896510136626, 0.0 ], [ 11.189196152883769, 10.271931247682987, 0.0 ], [ 11.18910374804163, 10.271967990889131, 0.0 ], [ 11.189012173616813, 10.272006721390904, 0.0 ], [ 11.188921474198558, 10.272047420811903, 0.0 ], [ 11.188831693463611, 10.272090070781886, 0.0 ], [ 11.18874287324507, 10.272134650231598, 0.0 ], [ 11.188655055376143, 10.272181138091826, 0.0 ], [ 11.188568283502764, 10.272229511473499, 0.0 ], [ 11.188537304668419, 10.272247665921713, 0.0 ], [ 11.188460405197448, 10.272246709905525, 0.0 ], [ 11.188198166999564, 10.272246791360237, 0.0 ], [ 11.188018098577723, 10.272250367262295, 0.0 ], [ 11.187707508277292, 10.272262608317257, 0.0 ], [ 11.187419284764859, 10.272273289135905, 0.0 ], [ 11.187315226219223, 10.272275200411233, 0.0 ], [ 11.187146140949212, 10.272272444588786, 0.0 ], [ 11.186915736522806, 10.272268432888588, 0.0 ], [ 11.186835519657903, 10.272267734757554, 0.0 ], [ 11.186704120541057, 10.272269608789433, 0.0 ], [ 11.186572829295102, 10.272275228381689, 0.0 ], [ 11.186441756302674, 10.272284588271996, 0.0 ], [ 11.186381033303858, 10.272290669202713, 0.0 ], [ 11.186370400239285, 10.272269889730401, 0.0 ], [ 11.186323460161356, 10.272182917832312, 0.0 ], [ 11.18627461534018, 10.272096979179228, 0.0 ], [ 11.186223889807069, 10.272012117895349, 0.0 ], [ 11.186171306637226, 10.271928371784544, 0.0 ], [ 11.186116890749478, 10.271845781349731, 0.0 ], [ 11.186060669800193, 10.271764387075391, 0.0 ], [ 11.186002668683146, 10.271684225849306, 0.0 ], [ 11.185942915967022, 10.271605338149866, 0.0 ], [ 11.185881440183163, 10.271527759032688, 0.0 ], [ 11.18581826988764, 10.271451527168592, 0.0 ], [ 11.185753435442869, 10.271376678504753, 0.0 ], [ 11.185686968111295, 10.271303247174655, 0.0 ], [ 11.185618899180096, 10.271231270926938, 0.0 ], [ 11.185549260805413, 10.271160781177631, 0.0 ], [ 11.185478086993228, 10.271091812945613, 0.0 ], [ 11.185405410824448, 10.271024399448414, 0.0 ], [ 11.185331266279995, 10.270958572089826, 0.0 ], [ 11.185255690078343, 10.27089436225527, 0.0 ], [ 11.185178718019088, 10.270831800432569, 0.0 ], [ 11.18510038589555, 10.270770916205795, 0.0 ], [ 11.185020731326025, 10.270711739146721, 0.0 ], [ 11.184939791916289, 10.270654297019677, 0.0 ], [ 11.184857607097138, 10.270598617576681, 0.0 ], [ 11.184774215374304, 10.270544726768383, 0.0 ], [ 11.184689656159758, 10.270492649635599, 0.0 ], [ 11.18460397070292, 10.270442413014411, 0.0 ], [ 11.184517198396978, 10.270394039234338, 0.0 ], [ 11.184429382291436, 10.270347551504198, 0.0 ], [ 11.184340561779333, 10.270302972153598, 0.0 ], [ 11.184250781722707, 10.270260322571589, 0.0 ], [ 11.184160082408386, 10.270219622370403, 0.0 ], [ 11.184068509604595, 10.270180892029284, 0.0 ], [ 11.183976104498184, 10.270144149346882, 0.0 ], [ 11.183882912838632, 10.270109412091164, 0.0 ], [ 11.183788977619145, 10.270076695337293, 0.0 ], [ 11.183694344589112, 10.270046016853367, 0.0 ], [ 11.183599057641789, 10.270017389900945, 0.0 ], [ 11.183503163414176, 10.269990828626975, 0.0 ], [ 11.183406706705799, 10.269966345383192, 0.0 ], [ 11.183309734135001, 10.269943951605336, 0.0 ], [ 11.183212291407557, 10.26992365873536, 0.0 ], [ 11.183114424210611, 10.269905475503922, 0.0 ], [ 11.183016180062573, 10.269889411533212, 0.0 ], [ 11.182917605550713, 10.269875473740337, 0.0 ], [ 11.182818748174805, 10.269863669036269, 0.0 ], [ 11.182719653597132, 10.269854002536773, 0.0 ], [ 11.182620370223813, 10.269846480243066, 0.0 ], [ 11.182520943692339, 10.269841103655887, 0.0 ], [ 11.182421423308973, 10.269837876962839, 0.0 ], [ 11.182321855623774, 10.269836801658693, 0.0 ], [ 11.182222287174394, 10.269837877430666, 0.0 ], [ 11.182122767236175, 10.269841103947631, 0.0 ], [ 11.182023341428065, 10.269846479999291, 0.0 ], [ 11.181924057181762, 10.269854002555565, 0.0 ], [ 11.181824962847744, 10.269863669484058, 0.0 ], [ 11.181726104920424, 10.269875474145806, 0.0 ], [ 11.181627530819217, 10.269889411703312, 0.0 ], [ 11.181529286126088, 10.269905475523872, 0.0 ], [ 11.181431420073253, 10.269923658950217, 0.0 ], [ 11.181333976392898, 10.269943951746882, 0.0 ], [ 11.181237004304943, 10.269966345449134, 0.0 ], [ 11.181140547535525, 10.269990828917818, 0.0 ], [ 11.181044653454807, 10.270017390085458, 0.0 ], [ 11.180949366695396, 10.270046016902986, 0.0 ], [ 11.180854733702684, 10.270076695501634, 0.0 ], [ 11.180760798184483, 10.270109412030973, 0.0 ], [ 11.180667606561546, 10.270144149007145, 0.0 ], [ 11.180575201629321, 10.270180892585959, 0.0 ], [ 11.180483627965041, 10.270219622584511, 0.0 ], [ 11.180392929258277, 10.270260322441187, 0.0 ], [ 11.180303149173914, 10.270302971979287, 0.0 ], [ 11.18021432864548, 10.27034755194429, 0.0 ], [ 11.180126512232015, 10.270394039442047, 0.0 ], [ 11.180039739942286, 10.270442413416653, 0.0 ], [ 11.180025837757503, 10.270450563568218, 0.0 ], [ 11.179930224712388, 10.270451991692996, 0.0 ], [ 11.179792693358134, 10.270458159206656, 0.0 ], [ 11.179655411874304, 10.27046843196749, 0.0 ], [ 11.179518505212737, 10.270482800098877, 0.0 ], [ 11.179426373960235, 10.27049386386426, 0.0 ], [ 11.179332026401697, 10.270506182547198, 0.0 ], [ 11.179237959549015, 10.270520447062701, 0.0 ], [ 11.179136882178064, 10.270536843785223, 0.0 ], [ 11.179122356784147, 10.270539150336784, 0.0 ], [ 11.1790962300004, 10.270542441377762, 0.0 ], [ 11.179061823258248, 10.270547192596533, 0.0 ], [ 11.178960241585957, 10.270556718154666, 0.0 ], [ 11.178815125418661, 10.270574990555922, 0.0 ], [ 11.178670674942104, 10.270597857995037, 0.0 ], [ 11.178572808345875, 10.270616041538561, 0.0 ], [ 11.178475365018381, 10.270636334453595, 0.0 ], [ 11.178378392348531, 10.270658727384339, 0.0 ], [ 11.178346392490949, 10.270667005363956, 0.0 ], [ 11.178249267039595, 10.270649098567169, 0.0 ], [ 11.178126928338687, 10.270629426890684, 0.0 ], [ 11.178047667829354, 10.270618861130721, 0.0 ], [ 11.178040755816193, 10.270616453662788, 0.0 ], [ 11.177946122829447, 10.270585775227358, 0.0 ], [ 11.177850835885488, 10.270557148319641, 0.0 ], [ 11.177754941615168, 10.270530586183666, 0.0 ], [ 11.177658484830378, 10.270506102979564, 0.0 ], [ 11.177561512149529, 10.270483710143932, 0.0 ], [ 11.177464068347327, 10.270463416414307, 0.0 ], [ 11.177366201873415, 10.270445234118945, 0.0 ], [ 11.177267957483885, 10.270429169284146, 0.0 ], [ 11.177169382697242, 10.270415231533065, 0.0 ], [ 11.17707052500722, 10.270403426873752, 0.0 ], [ 11.176971430082435, 10.270393761326579, 0.0 ], [ 11.176872146310609, 10.270386238182224, 0.0 ], [ 11.17677272026056, 10.270380861647505, 0.0 ], [ 11.176673199407462, 10.270377635019354, 0.0 ], [ 11.176573631214147, 10.270376559787211, 0.0 ], [ 11.176419125528859, 10.270379150369491, 0.0 ], [ 11.17626479579241, 10.270386919533847, 0.0 ], [ 11.17611082080743, 10.270399858851627, 0.0 ], [ 11.175957375670949, 10.27041795178496, 0.0 ], [ 11.175897311477193, 10.270426058102162, 0.0 ], [ 11.17572099573742, 10.270453339940694, 0.0 ], [ 11.175623128828555, 10.270471522618923, 0.0 ], [ 11.175525686087989, 10.270491815574291, 0.0 ], [ 11.175428713079691, 10.270514209463608, 0.0 ], [ 11.175332256261701, 10.270538692226271, 0.0 ], [ 11.175236362110647, 10.270565254513066, 0.0 ], [ 11.175229241186631, 10.270567393733772, 0.0 ], [ 11.175215328577629, 10.270552023453012, 0.0 ], [ 11.175147259940415, 10.270480046300834, 0.0 ], [ 11.175077621809244, 10.270409556509538, 0.0 ], [ 11.175006447276518, 10.270340589105491, 0.0 ], [ 11.174933771234928, 10.270273175487679, 0.0 ], [ 11.174859627670688, 10.270207347965068, 0.0 ], [ 11.174784051476278, 10.270143137936705, 0.0 ], [ 11.174707079362992, 10.270080575885665, 0.0 ], [ 11.1746287471233, 10.270019691397392, 0.0 ], [ 11.174549093293425, 10.269960514942813, 0.0 ], [ 11.174468154553473, 10.269903072486173, 0.0 ], [ 11.174385969427112, 10.269847392690917, 0.0 ], [ 11.17430257824447, 10.26979350149686, 0.0 ], [ 11.174218019516678, 10.269741425759989, 0.0 ], [ 11.174132333555177, 10.269691188708897, 0.0 ], [ 11.174045561590036, 10.269642814469909, 0.0 ], [ 11.173957744851247, 10.269596327169358, 0.0 ], [ 11.173868925462767, 10.269551748216236, 0.0 ], [ 11.173779145542266, 10.269509098115735, 0.0 ], [ 11.173688447213571, 10.269468398276906, 0.0 ], [ 11.173596873494422, 10.269429667391373, 0.0 ], [ 11.173504469233784, 10.269392925042382, 0.0 ], [ 11.173411277430777, 10.269358187210319, 0.0 ], [ 11.173317342003186, 10.269325470773278, 0.0 ], [ 11.173222709606376, 10.269294792591095, 0.0 ], [ 11.173127423214618, 10.269266165029183, 0.0 ], [ 11.173031529477026, 10.269239604043687, 0.0 ], [ 11.172935073186704, 10.269215121084132, 0.0 ], [ 11.172838100049296, 10.269192727593955, 0.0 ], [ 11.172740657589307, 10.269172434100648, 0.0 ], [ 11.172642790593597, 10.269154251150141, 0.0 ], [ 11.172544547486847, 10.26913818745636, 0.0 ], [ 11.172445973025004, 10.269124249046381, 0.0 ], [ 11.172347115632743, 10.269112444634272, 0.0 ], [ 11.172248020966196, 10.269102778433531, 0.0 ], [ 11.172148737425323, 10.269095255543217, 0.0 ], [ 11.172049311572655, 10.269089879267058, 0.0 ], [ 11.171949791795818, 10.269086652896606, 0.0 ], [ 11.171850223726306, 10.269085577030472, 0.0 ], [ 11.171750655739432, 10.269086653152767, 0.0 ], [ 11.171651135273304, 10.269089879138635, 0.0 ], [ 11.171551709784584, 10.269095255574598, 0.0 ], [ 11.171452426699087, 10.269102778528328, 0.0 ], [ 11.171353332536301, 10.269112444977432, 0.0 ], [ 11.171254474709814, 10.269124249182122, 0.0 ], [ 11.171155900645543, 10.26913818721019, 0.0 ], [ 11.171057656832298, 10.269154251520451, 0.0 ], [ 11.170931072387811, 10.269178186245822, 0.0 ], [ 11.170805221088457, 10.269205651804505, 0.0 ], [ 11.170680203156765, 10.269236624931654, 0.0 ], [ 11.170556116984201, 10.269271081470929, 0.0 ], [ 11.170364733026732, 10.269327123482245, 0.0 ], [ 11.170238896014174, 10.269365936345199, 0.0 ], [ 11.170114242392264, 10.269408332168492, 0.0 ], [ 11.169973059860901, 10.269458619618318, 0.0 ], [ 11.169901866914543, 10.269467735642053, 0.0 ], [ 11.169791679041351, 10.269482888909122, 0.0 ], [ 11.169681898017442, 10.269500696683332, 0.0 ], [ 11.169559142500837, 10.269524369405685, 0.0 ], [ 11.169463800759599, 10.269537269429176, 0.0 ], [ 11.169347402814356, 10.269556064053246, 0.0 ], [ 11.16925248278946, 10.269573667448544, 0.0 ], [ 11.169157960482972, 10.269593255683962, 0.0 ], [ 11.16899086703879, 10.269629714784314, 0.0 ], [ 11.168857553612412, 10.26966088736366, 0.0 ], [ 11.16872524445826, 10.269696009250179, 0.0 ], [ 11.168594057975961, 10.269735046212531, 0.0 ], [ 11.168464114396686, 10.269777964911144, 0.0 ], [ 11.168221648585389, 10.269862072366561, 0.0 ], [ 11.168169351627093, 10.269880568219039, 0.0 ], [ 11.168076159781876, 10.269915305445839, 0.0 ], [ 11.168005941640324, 10.269943226932151, 0.0 ], [ 11.16798375545982, 10.269952048412399, 0.0 ], [ 11.167892181426517, 10.26999077875716, 0.0 ], [ 11.167801483191454, 10.270031479004112, 0.0 ], [ 11.167711702595524, 10.270074128990254, 0.0 ], [ 11.16762288238613, 10.270118707642743, 0.0 ], [ 11.167535066235612, 10.270165195690248, 0.0 ], [ 11.167448294135413, 10.270213569366859, 0.0 ], [ 11.167361483642487, 10.270264483051605, 0.0 ], [ 11.167275830372835, 10.270317284322292, 0.0 ], [ 11.167203556338571, 10.270362942659974, 0.0 ], [ 11.167171306539675, 10.270376264643199, 0.0 ], [ 11.167125186939975, 10.270392910506711, 0.0 ], [ 11.167032223535021, 10.270427602573774, 0.0 ], [ 11.166971137567725, 10.270451917118317, 0.0 ], [ 11.166966143750729, 10.27045310919941, 0.0 ], [ 11.16683791041249, 10.270462362602526, 0.0 ], [ 11.16672935363982, 10.270472166891439, 0.0 ], [ 11.166621065287325, 10.270484536237866, 0.0 ], [ 11.166513104613182, 10.270499462112211, 0.0 ], [ 11.166405535456871, 10.270516938665867, 0.0 ], [ 11.166307668339465, 10.270535121348784, 0.0 ], [ 11.166292299199919, 10.270538322350721, 0.0 ], [ 11.166210225331254, 10.270555414333661, 0.0 ], [ 11.166113252909316, 10.270577808272476, 0.0 ], [ 11.166016795707211, 10.270602291118095, 0.0 ], [ 11.165920901108537, 10.270628852612653, 0.0 ], [ 11.165825614653407, 10.270657479799235, 0.0 ], [ 11.165760110651807, 10.270678715363537, 0.0 ], [ 11.165694104777524, 10.2706955372332, 0.0 ], [ 11.16559252062692, 10.270723924418716, 0.0 ], [ 11.165491625724282, 10.270754628922205, 0.0 ], [ 11.165391474728967, 10.270787636822231, 0.0 ], [ 11.16518252684671, 10.270859170325854, 0.0 ], [ 11.165112629309748, 10.270883731391073, 0.0 ], [ 11.165019437594571, 10.270918468762893, 0.0 ], [ 11.164927032476054, 10.270955211891318, 0.0 ], [ 11.164835458545292, 10.270993942402928, 0.0 ], [ 11.164744759480913, 10.271034641930454, 0.0 ], [ 11.164654978961616, 10.271077292106687, 0.0 ], [ 11.164566158816488, 10.271121870961359, 0.0 ], [ 11.164478341799567, 10.271168358325813, 0.0 ], [ 11.164391569740129, 10.27121673222984, 0.0 ], [ 11.16430588354884, 10.271266969805618, 0.0 ], [ 11.164221325036733, 10.271319046371589, 0.0 ], [ 11.164189878217089, 10.271339367458326, 0.0 ], [ 11.164163438721559, 10.271349881060692, 0.0 ], [ 11.164146463739602, 10.271356630297223, 0.0 ], [ 11.164054889562287, 10.271395360630402, 0.0 ], [ 11.163964191167281, 10.27143606088001, 0.0 ], [ 11.163874410395994, 10.271478710883509, 0.0 ], [ 11.163785589996344, 10.271523289568467, 0.0 ], [ 11.163697772728632, 10.271569777670033, 0.0 ], [ 11.163611000409963, 10.271618151410564, 0.0 ], [ 11.163525313951121, 10.271668387922247, 0.0 ], [ 11.16344075517557, 10.271720464331247, 0.0 ], [ 11.16335736315072, 10.271774355070599, 0.0 ], [ 11.163275177862815, 10.271830035471046, 0.0 ], [ 11.163194238361051, 10.271887477254255, 0.0 ], [ 11.163176355024174, 10.271900763620151, 0.0 ], [ 11.163114583707006, 10.271946653949531, 0.0 ], [ 11.163036251131112, 10.272007538194494, 0.0 ], [ 11.162959278758025, 10.272070099909328, 0.0 ], [ 11.162883701980952, 10.272134309936266, 0.0 ], [ 11.162809558012212, 10.272200138201576, 0.0 ], [ 11.162736881308076, 10.272267551938388, 0.0 ], [ 11.162665706331069, 10.272336519283648, 0.0 ], [ 11.162596068456411, 10.27240700836813, 0.0 ], [ 11.16252799939685, 10.272478985539433, 0.0 ], [ 11.162461530859121, 10.272552416241304, 0.0 ], [ 11.162396696369004, 10.27262726500151, 0.0 ], [ 11.162333526720868, 10.272703497269843, 0.0 ], [ 11.162272049953032, 10.272781075802987, 0.0 ], [ 11.162212296847759, 10.272859964243088, 0.0 ], [ 11.162154296356137, 10.272940125340664, 0.0 ], [ 11.162098074679346, 10.273021520056888, 0.0 ], [ 11.162043658931243, 10.273104109346798, 0.0 ], [ 11.161991075325485, 10.27318785597909, 0.0 ], [ 11.16194034912637, 10.273272717305726, 0.0 ], [ 11.161891504716461, 10.273358655203717, 0.0 ], [ 11.161844563716103, 10.273445627953077, 0.0 ], [ 11.161799550489564, 10.273533594719368, 0.0 ], [ 11.161756484819941, 10.273622511987117, 0.0 ], [ 11.161715388333935, 10.273712338940051, 0.0 ], [ 11.161676280820917, 10.273803032966425, 0.0 ], [ 11.161639179320304, 10.27389454966511, 0.0 ], [ 11.16160410270902, 10.273986846430383, 0.0 ], [ 11.161571067114041, 10.274079878867093, 0.0 ], [ 11.161540089574958, 10.274173602573999, 0.0 ], [ 11.161511182574726, 10.274267974084026, 0.0 ], [ 11.161484362228153, 10.274362947194316, 0.0 ], [ 11.16145963918086, 10.274458476642293, 0.0 ], [ 11.161437026822314, 10.274554518050829, 0.0 ], [ 11.16141653487947, 10.274651025259551, 0.0 ], [ 11.16139817399187, 10.274747952101928, 0.0 ], [ 11.161381952061356, 10.274845252429632, 0.0 ], [ 11.161367876995959, 10.274942880998102, 0.0 ], [ 11.161355956679101, 10.275040788947514, 0.0 ], [ 11.161346194462123, 10.27513893196743, 0.0 ], [ 11.161338597328184, 10.27523726301164, 0.0 ], [ 11.161333167691463, 10.275335734160505, 0.0 ], [ 11.161329907978404, 10.275434299301915, 0.0 ], [ 11.161328820609315, 10.275532911419962, 0.0 ], [ 11.161329905266751, 10.275631523516909, 0.0 ], [ 11.161333162545821, 10.275730088588896, 0.0 ], [ 11.161338589391333, 10.275828559656407, 0.0 ], [ 11.161346183666765, 10.275926890637537, 0.0 ], [ 11.16135594231071, 10.276025033648869, 0.0 ], [ 11.161367860448859, 10.27612294262668, 0.0 ], [ 11.161381932288146, 10.276220570609524, 0.0 ], [ 11.161398152041594, 10.276317871539723, 0.0 ], [ 11.161416510271897, 10.276414799383886, 0.0 ], [ 11.161436999360671, 10.276511307192619, 0.0 ], [ 11.161459608957911, 10.27660734893856, 0.0 ], [ 11.161484329632268, 10.276702879492026, 0.0 ], [ 11.161511148302024, 10.276797853747645, 0.0 ], [ 11.161540051873105, 10.276892224792444, 0.0 ], [ 11.161571028194652, 10.276985950226285, 0.0 ], [ 11.161604061434705, 10.277078983154421, 0.0 ], [ 11.161639135791969, 10.277171281200999, 0.0 ], [ 11.161676234534026, 10.277262799284928, 0.0 ], [ 11.16171534093454, 10.277353493228819, 0.0 ], [ 11.161756435547778, 10.277443321584977, 0.0 ], [ 11.161756846521723, 10.277444170256777, 0.0 ], [ 11.1617335627916, 10.277514615033969, 0.0 ], [ 11.161704655754743, 10.277608986593535, 0.0 ], [ 11.161677834482356, 10.277703959753538, 0.0 ], [ 11.161653111445151, 10.277799489239216, 0.0 ], [ 11.161630499120074, 10.277895530679517, 0.0 ], [ 11.161610007234041, 10.277992037914025, 0.0 ], [ 11.16159164551398, 10.278088964782302, 0.0 ], [ 11.161575423686873, 10.278186265123839, 0.0 ], [ 11.161561348741948, 10.278283892796335, 0.0 ], [ 11.161549427668465, 10.278381801657469, 0.0 ], [ 11.161543287581184, 10.278443540231548, 0.0 ], [ 11.161539666536958, 10.278479944667161, 0.0 ], [ 11.16153206868022, 10.278578274803523, 0.0 ], [ 11.161526639262345, 10.278676745936238, 0.0 ], [ 11.16152337979095, 10.278775311055533, 0.0 ], [ 11.161522291773657, 10.278873923151583, 0.0 ], [ 11.161523376718048, 10.278972535214486, 0.0 ], [ 11.161525500401039, 10.279036817195033, 0.0 ], [ 11.161526633393951, 10.279071100252594, 0.0 ], [ 11.161532060577311, 10.279169572177977, 0.0 ], [ 11.161539655206587, 10.279267903107302, 0.0 ], [ 11.161549414226355, 10.279366046060955, 0.0 ], [ 11.161551739957831, 10.279385154801721, 0.0 ], [ 11.161512998325382, 10.279381962383994, 0.0 ], [ 11.161361602386004, 10.279374486114085, 0.0 ], [ 11.16121003955176, 10.279371993730987, 0.0 ], [ 11.161206459333833, 10.279371995013324, 0.0 ], [ 11.161008445450346, 10.279372148752056, 0.0 ], [ 11.160870167035638, 10.279374395907544, 0.0 ], [ 11.160865879082218, 10.279374465174149, 0.0 ], [ 11.1607234549247, 10.279381190401018, 0.0 ], [ 11.160581312560401, 10.279392318080347, 0.0 ], [ 11.160521605610931, 10.279398855933335, 0.0 ], [ 11.160471050230775, 10.279401197710182, 0.0 ], [ 11.160304969971383, 10.279414921612668, 0.0 ], [ 11.160139507208143, 10.279434640981375, 0.0 ], [ 11.15997488078049, 10.279460329052881, 0.0 ], [ 11.159877011166845, 10.279478512222203, 0.0 ], [ 11.159779564727007, 10.279498804809368, 0.0 ], [ 11.159682588858416, 10.27952119836468, 0.0 ], [ 11.159586130027552, 10.279545681733222, 0.0 ], [ 11.159490232869663, 10.279572242868444, 0.0 ], [ 11.159394942932634, 10.279600869717754, 0.0 ], [ 11.159300307583468, 10.279631549312686, 0.0 ], [ 11.159206369601753, 10.279664265099989, 0.0 ], [ 11.159069231138865, 10.279716408364234, 0.0 ], [ 11.15900612416697, 10.279718731422752, 0.0 ], [ 11.158961214168219, 10.279720935938927, 0.0 ], [ 11.158902418609909, 10.279723821360909, 0.0 ], [ 11.158898821702651, 10.279724054111934, 0.0 ], [ 11.158760080235007, 10.279733018992152, 0.0 ], [ 11.158618101177037, 10.279746615855347, 0.0 ], [ 11.158476620069788, 10.279764600182565, 0.0 ], [ 11.158375607091434, 10.279780631950482, 0.0 ], [ 11.15833577550425, 10.279786953879521, 0.0 ], [ 11.158237905597094, 10.279805136592591, 0.0 ], [ 11.158140459772921, 10.279825429625463, 0.0 ], [ 11.158043484504439, 10.279847822727122, 0.0 ], [ 11.157947024445386, 10.279872306562627, 0.0 ], [ 11.157851126962775, 10.279898868163583, 0.0 ], [ 11.157755837598534, 10.279927494573869, 0.0 ], [ 11.157661201900767, 10.279958173741123, 0.0 ], [ 11.157567263561827, 10.279990889106235, 0.0 ], [ 11.157474069030307, 10.280025626803271, 0.0 ], [ 11.157381661086118, 10.280062370279278, 0.0 ], [ 11.157290085228626, 10.280101100251649, 0.0 ], [ 11.157199383325336, 10.280141800173572, 0.0 ], [ 11.157109599957058, 10.280184449864793, 0.0 ], [ 11.157020777879524, 10.280229029157267, 0.0 ], [ 11.156932958017256, 10.280275516991278, 0.0 ], [ 11.156846183107778, 10.280323890487457, 0.0 ], [ 11.156760494982246, 10.280374127676264, 0.0 ], [ 11.156675933628344, 10.280426203888943, 0.0 ], [ 11.156592539033877, 10.280480094456747, 0.0 ], [ 11.156510351186713, 10.28053577471097, 0.0 ], [ 11.156429410050324, 10.280593216367704, 0.0 ], [ 11.156349752868909, 10.280652393872639, 0.0 ], [ 11.156311806828642, 10.280681886486107, 0.0 ], [ 11.156302193751861, 10.280685469105403, 0.0 ], [ 11.156209786339085, 10.280722212306062, 0.0 ], [ 11.156118209189835, 10.280760942923099, 0.0 ], [ 11.156027507809878, 10.280801642577943, 0.0 ], [ 11.15593772404859, 10.28084429201248, 0.0 ], [ 11.155848901574474, 10.280888871052714, 0.0 ], [ 11.155761082224828, 10.280935358632993, 0.0 ], [ 11.155674306918323, 10.280983732789954, 0.0 ], [ 11.155588618386629, 10.281033969740562, 0.0 ], [ 11.155504056623757, 10.281086045719952, 0.0 ], [ 11.155420661623834, 10.281139936963298, 0.0 ], [ 11.155338474269124, 10.281195616084512, 0.0 ], [ 11.15525753272264, 10.281253058427119, 0.0 ], [ 11.155177875122973, 10.281312235719495, 0.0 ], [ 11.155099540521384, 10.28137311968389, 0.0 ], [ 11.155022566137962, 10.281435681150926, 0.0 ], [ 11.154946987373826, 10.281499891867158, 0.0 ], [ 11.154894550970571, 10.281546443992742, 0.0 ], [ 11.154804872748132, 10.281588970462005, 0.0 ], [ 11.154704287769469, 10.281638386205085, 0.0 ], [ 11.1545763169665, 10.281703767796898, 0.0 ], [ 11.154450493034656, 10.281773113772031, 0.0 ], [ 11.154364804055016, 10.281823350479012, 0.0 ], [ 11.154280241847873, 10.28187542712363, 0.0 ], [ 11.154196847301755, 10.281929317223701, 0.0 ], [ 11.154114659498504, 10.281984997020574, 0.0 ], [ 11.154033717495526, 10.282042439140437, 0.0 ], [ 11.153954060350351, 10.282101616209461, 0.0 ], [ 11.153950742146142, 10.282104195233648, 0.0 ], [ 11.153865472955843, 10.282132644706332, 0.0 ], [ 11.153765148375214, 10.282163576772923, 0.0 ], [ 11.153634855043189, 10.282205885827564, 0.0 ], [ 11.153461197634581, 10.282265151709838, 0.0 ], [ 11.153387171661096, 10.282291123024905, 0.0 ], [ 11.153295669805511, 10.282325208565515, 0.0 ], [ 11.153204925736002, 10.282361226880276, 0.0 ], [ 11.15311498223938, 10.282399162320404, 0.0 ], [ 11.153025878433764, 10.282438996550063, 0.0 ], [ 11.152937658000342, 10.282480711203071, 0.0 ], [ 11.152850358232234, 10.282524287955727, 0.0 ], [ 11.152764021879818, 10.282569705736597, 0.0 ], [ 11.152678687136735, 10.282616944408348, 0.0 ], [ 11.152520618974268, 10.282706660592943, 0.0 ], [ 11.152508014785242, 10.282713840394752, 0.0 ], [ 11.152424486894319, 10.282763760452539, 0.0 ], [ 11.152397307976512, 10.282771498050378, 0.0 ], [ 11.152285635543651, 10.282806386214929, 0.0 ], [ 11.152184413086829, 10.282839429775803, 0.0 ], [ 11.152052197969461, 10.282884825920448, 0.0 ], [ 11.151959001733925, 10.282919564126621, 0.0 ], [ 11.151866593883696, 10.282956307214484, 0.0 ], [ 11.151775016280851, 10.28299503773397, 0.0 ], [ 11.151684314431829, 10.283035737306943, 0.0 ], [ 11.151594530186653, 10.283078386675763, 0.0 ], [ 11.151505706301901, 10.28312296567297, 0.0 ], [ 11.151417886440742, 10.28316945322123, 0.0 ], [ 11.151331110609892, 10.283217827363686, 0.0 ], [ 11.151216565399984, 10.283285550952487, 0.0 ], [ 11.151104067532685, 10.283356559934301, 0.0 ], [ 11.150995550469778, 10.283427286665191, 0.0 ], [ 11.150885976517657, 10.283500979562989, 0.0 ], [ 11.150778608485847, 10.283577790500264, 0.0 ], [ 11.150673535368172, 10.283657653811987, 0.0 ], [ 11.150570846152673, 10.28374050292939, 0.0 ], [ 11.150466518249623, 10.283829894062052, 0.0 ], [ 11.150462668587323, 10.283833649773895, 0.0 ], [ 11.150318538148113, 10.283906959147082, 0.0 ], [ 11.150214993871195, 10.2839618010983, 0.0 ], [ 11.150203915491902, 10.283967899648584, 0.0 ], [ 11.15011362947752, 10.283980717116544, 0.0 ], [ 11.149986048943855, 10.284000920653867, 0.0 ], [ 11.149914155160392, 10.284012890202174, 0.0 ], [ 11.149761691607539, 10.284042170696184, 0.0 ], [ 11.149610323145257, 10.284076570447475, 0.0 ], [ 11.149460223817757, 10.284116050342607, 0.0 ], [ 11.149422259775944, 10.284127809991482, 0.0 ], [ 11.149402396802245, 10.284132911125521, 0.0 ], [ 11.1492856200641, 10.284157575481279, 0.0 ], [ 11.149214925697823, 10.284173905196255, 0.0 ], [ 11.149162745528557, 10.284184880612745, 0.0 ], [ 11.149054934849183, 10.284208912364148, 0.0 ], [ 11.148947743019905, 10.284235522254319, 0.0 ], [ 11.148841232898235, 10.284264693598205, 0.0 ], [ 11.148735466435269, 10.284296410620584, 0.0 ], [ 11.148722249192479, 10.284300548421392, 0.0 ], [ 11.148699686488834, 10.28430563579194, 0.0 ], [ 11.148599345013695, 10.284330643717164, 0.0 ], [ 11.148499600979163, 10.284357898219193, 0.0 ], [ 11.148496641505364, 10.284358743058535, 0.0 ], [ 11.148471371876358, 10.284364639232736, 0.0 ], [ 11.148320197006456, 10.284402624503931, 0.0 ], [ 11.148222604779354, 10.28442891200679, 0.0 ], [ 11.148157580593281, 10.284443361873738, 0.0 ], [ 11.147983642709994, 10.284485579727258, 0.0 ], [ 11.147811511641436, 10.284534522759634, 0.0 ], [ 11.147719468709063, 10.284562640666934, 0.0 ], [ 11.147626532587893, 10.284587835118515, 0.0 ], [ 11.147571012835636, 10.284603260372869, 0.0 ], [ 11.147407303110988, 10.28464984890263, 0.0 ], [ 11.147384041112858, 10.284656535205928, 0.0 ], [ 11.147214558204135, 10.284705733359282, 0.0 ], [ 11.14707929062277, 10.284747266890008, 0.0 ], [ 11.146848136491318, 10.284822153291241, 0.0 ], [ 11.146706162741962, 10.28487072417375, 0.0 ], [ 11.14658898882085, 10.284914773206204, 0.0 ], [ 11.146473080217515, 10.284961991730862, 0.0 ], [ 11.146364493553666, 10.285009720272738, 0.0 ], [ 11.146281811328597, 10.285031354881212, 0.0 ], [ 11.146142738963077, 10.285070243329516, 0.0 ], [ 11.146018463312261, 10.285098184842175, 0.0 ], [ 11.145841566120803, 10.285141536619355, 0.0 ], [ 11.14569151468284, 10.285181001981027, 0.0 ], [ 11.145542905396502, 10.285225498465184, 0.0 ], [ 11.145456739990996, 10.2852528908507, 0.0 ], [ 11.145316887781991, 10.285295536909318, 0.0 ], [ 11.145207474634425, 10.285330400753272, 0.0 ], [ 11.145163281729834, 10.285345864499774, 0.0 ], [ 11.145067431080765, 10.285372565331491, 0.0 ], [ 11.144972140094056, 10.285401192139119, 0.0 ], [ 11.144877502709006, 10.285431870839535, 0.0 ], [ 11.144783562631877, 10.285464586682691, 0.0 ], [ 11.144690366300747, 10.285499323996586, 0.0 ], [ 11.144597957415943, 10.285536067127408, 0.0 ], [ 11.144506378746948, 10.285574797716036, 0.0 ], [ 11.144440870810769, 10.285604191573828, 0.0 ], [ 11.144427520328202, 10.285607945968534, 0.0 ], [ 11.144337259603668, 10.285635338999802, 0.0 ], [ 11.144247589919464, 10.2856645746506, 0.0 ], [ 11.144158664216432, 10.28569600169709, 0.0 ], [ 11.144129153000815, 10.285706053509925, 0.0 ], [ 11.144010160432236, 10.28574350486182, 0.0 ], [ 11.143900895362606, 10.285779675204218, 0.0 ], [ 11.143698166109154, 10.285849613626365, 0.0 ], [ 11.143638571160718, 10.285870632946105, 0.0 ], [ 11.143580053284486, 10.285892621279988, 0.0 ], [ 11.143553970862275, 10.285900238892923, 0.0 ], [ 11.143372189529547, 10.285955295863785, 0.0 ], [ 11.14325858907376, 10.285991316653092, 0.0 ], [ 11.143145978494065, 10.286030265642779, 0.0 ], [ 11.143058616718154, 10.28606276036513, 0.0 ], [ 11.142971943088218, 10.286097017531626, 0.0 ], [ 11.142885994922882, 10.286133022434608, 0.0 ], [ 11.142800808628209, 10.286170760372434, 0.0 ], [ 11.142716417860299, 10.286210214854018, 0.0 ], [ 11.142632859925772, 10.286251369364098, 0.0 ], [ 11.142550169393484, 10.286294207405618, 0.0 ], [ 11.142468379907559, 10.286338710679887, 0.0 ], [ 11.14240968412336, 10.286371426853281, 0.0 ], [ 11.142368539548544, 10.286391686699206, 0.0 ], [ 11.142259414193667, 10.28644742842428, 0.0 ], [ 11.142164779685942, 10.286473767961036, 0.0 ], [ 11.142071161755549, 10.286501987075292, 0.0 ], [ 11.141978175948154, 10.286532187734277, 0.0 ], [ 11.141885865063923, 10.286564356098008, 0.0 ], [ 11.141792668864234, 10.286599093602126, 0.0 ], [ 11.141700259179462, 10.286635836035487, 0.0 ], [ 11.141608680616894, 10.286674566834767, 0.0 ], [ 11.141517977765632, 10.286715266725352, 0.0 ], [ 11.141428192477006, 10.286757916450636, 0.0 ], [ 11.14133936750898, 10.286802495844292, 0.0 ], [ 11.141251546520024, 10.286848982926315, 0.0 ], [ 11.141164769524334, 10.28689735664469, 0.0 ], [ 11.141078051130792, 10.286948741573992, 0.0 ], [ 11.141062711505535, 10.286950414787917, 0.0 ], [ 11.141019929891003, 10.286955714906147, 0.0 ], [ 11.140991280220726, 10.28695727636971, 0.0 ], [ 11.140898524593787, 10.286956002397615, 0.0 ], [ 11.140739215884873, 10.286958756654581, 0.0 ], [ 11.140580102143925, 10.286967014875666, 0.0 ], [ 11.140468275221464, 10.286974759798827, 0.0 ], [ 11.140343584501705, 10.286985097885974, 0.0 ], [ 11.140219226851215, 10.286998816824582, 0.0 ], [ 11.140033552038206, 10.287021855598983, 0.0 ], [ 11.139853660528788, 10.287034710369477, 0.0 ], [ 11.139578090976666, 10.287052394706469, 0.0 ], [ 11.139414271671814, 10.287065845332776, 0.0 ], [ 11.139251047436584, 10.287085128994926, 0.0 ], [ 11.139158309630288, 10.287097766433686, 0.0 ], [ 11.139030385936088, 10.287103340419572, 0.0 ], [ 11.138863724212527, 10.287113630720034, 0.0 ], [ 11.138697554833479, 10.287129950869264, 0.0 ], [ 11.138508820699846, 10.287151946084556, 0.0 ], [ 11.138329603712165, 10.287162551323403, 0.0 ], [ 11.138226089649029, 10.287169847425654, 0.0 ], [ 11.138122770134306, 10.28717947233163, 0.0 ], [ 11.137839678663717, 10.287209062482289, 0.0 ], [ 11.137733575473327, 10.287221397307215, 0.0 ], [ 11.137508005921399, 10.287250685158185, 0.0 ], [ 11.137496786429779, 10.287251340393793, 0.0 ], [ 11.137349097541353, 10.287256042738642, 0.0 ], [ 11.137240799495308, 10.287260942375289, 0.0 ], [ 11.137132649994886, 10.287268388041573, 0.0 ], [ 11.137024709246189, 10.287278375725418, 0.0 ], [ 11.136917039262377, 10.287290898691332, 0.0 ], [ 11.136890740804439, 10.28729427096321, 0.0 ], [ 11.136887235854127, 10.287294357362605, 0.0 ], [ 11.136805292461526, 10.287297054698778, 0.0 ], [ 11.136779304631361, 10.287290030649608, 0.0 ], [ 11.136682306882145, 10.287267631602504, 0.0 ], [ 11.136584838658125, 10.287247334365333, 0.0 ], [ 11.136486946555651, 10.28722914676524, 0.0 ], [ 11.136451984351023, 10.287223180652825, 0.0 ], [ 11.136215623890058, 10.287183780299163, 0.0 ], [ 11.136121638831344, 10.287169108990641, 0.0 ], [ 11.1360273647556, 10.287156381027943, 0.0 ], [ 11.135932844596763, 10.287145602454888, 0.0 ], [ 11.13583811762002, 10.287136776628031, 0.0 ], [ 11.135743224921908, 10.287129907795684, 0.0 ], [ 11.135648209424204, 10.287125000194253, 0.0 ], [ 11.135553110373888, 10.287122054468945, 0.0 ], [ 11.135509617211479, 10.287121605569734, 0.0 ], [ 11.135408762308185, 10.287085721708758, 0.0 ], [ 11.135316937015681, 10.287054140247475, 0.0 ], [ 11.13522445308778, 10.287024502761104, 0.0 ], [ 11.135131353507042, 10.286996822523735, 0.0 ], [ 11.135037679418636, 10.286971111013907, 0.0 ], [ 11.134943473805054, 10.286947381505815, 0.0 ], [ 11.134848778711859, 10.28692564366448, 0.0 ], [ 11.134753638928515, 10.286905908040717, 0.0 ], [ 11.134658095581838, 10.286888183401887, 0.0 ], [ 11.134544115361061, 10.286869748721868, 0.0 ], [ 11.134429700791232, 10.286854176644152, 0.0 ], [ 11.134314925852189, 10.286841475719749, 0.0 ], [ 11.134199861785866, 10.28683165451787, 0.0 ], [ 11.134035870377938, 10.286819725260701, 0.0 ], [ 11.133868792134322, 10.286810617291751, 0.0 ], [ 11.133701489989612, 10.286807579163034, 0.0 ], [ 11.133570744507226, 10.286809433961198, 0.0 ], [ 11.133513567093942, 10.286811868747893, 0.0 ], [ 11.133435712768684, 10.286799139364108, 0.0 ], [ 11.133337133820802, 10.286785201563561, 0.0 ], [ 11.133238269850256, 10.286773396889288, 0.0 ], [ 11.133139170179039, 10.28676373134347, 0.0 ], [ 11.133039881373039, 10.286756208234952, 0.0 ], [ 11.132940450004254, 10.286750831776441, 0.0 ], [ 11.132840924463824, 10.286747605264891, 0.0 ], [ 11.13274135130556, 10.286746530201714, 0.0 ], [ 11.132641777977659, 10.286747605370902, 0.0 ], [ 11.132542251946576, 10.286750832267968, 0.0 ], [ 11.132442820648441, 10.286756207869447, 0.0 ], [ 11.132343531531539, 10.286763730959485, 0.0 ], [ 11.13224443202601, 10.286773397610903, 0.0 ], [ 11.132145568637243, 10.286785202094963, 0.0 ], [ 11.132046989701998, 10.28679913957474, 0.0 ], [ 11.131948739900533, 10.286815204333582, 0.0 ], [ 11.131821956752695, 10.28683917851383, 0.0 ], [ 11.131695908306883, 10.286866693621956, 0.0 ], [ 11.131570695714972, 10.28689772730128, 0.0 ], [ 11.131446419198198, 10.286932254489866, 0.0 ], [ 11.131209667976231, 10.287001620626043, 0.0 ], [ 11.131075889311678, 10.287043039732229, 0.0 ], [ 11.130943456559601, 10.287088506421087, 0.0 ], [ 11.130792868926669, 10.287145790183454, 0.0 ], [ 11.13074840998868, 10.28716451408871, 0.0 ], [ 11.130653038284306, 10.287186263761498, 0.0 ], [ 11.130518049110414, 10.287221950264081, 0.0 ], [ 11.13050066523928, 10.287226115707133, 0.0 ], [ 11.130483637470789, 10.287229353261539, 0.0 ], [ 11.130312987904874, 10.287272962477509, 0.0 ], [ 11.130144166986025, 10.287323062802129, 0.0 ], [ 11.129977423361609, 10.287379579392423, 0.0 ], [ 11.129884226782753, 10.287414317378282, 0.0 ], [ 11.129791816646543, 10.287451059433138, 0.0 ], [ 11.129700238486086, 10.287489790796805, 0.0 ], [ 11.129609535054266, 10.28753049040048, 0.0 ], [ 11.129519749122242, 10.287573139886758, 0.0 ], [ 11.129430924361781, 10.287617719084727, 0.0 ], [ 11.129343102613406, 10.28766420693159, 0.0 ], [ 11.129256326618268, 10.287712580551, 0.0 ], [ 11.129170635467089, 10.28776281709062, 0.0 ], [ 11.129086071901222, 10.287814893674129, 0.0 ], [ 11.129002675906046, 10.287868784731749, 0.0 ], [ 11.128920486548353, 10.287924463795948, 0.0 ], [ 11.128839542907157, 10.287981906206777, 0.0 ], [ 11.12875988403129, 10.288041082785266, 0.0 ], [ 11.128681548075241, 10.28810196706989, 0.0 ], [ 11.128604571344095, 10.28816452899582, 0.0 ], [ 11.128528991055688, 10.28822873849229, 0.0 ], [ 11.128454842608756, 10.288294566404296, 0.0 ], [ 11.128382162290535, 10.288361979955596, 0.0 ], [ 11.128310984575219, 10.288430948189539, 0.0 ], [ 11.128241343000264, 10.288501436540281, 0.0 ], [ 11.128173270214811, 10.288573414063105, 0.0 ], [ 11.128106798831766, 10.28864684439049, 0.0 ], [ 11.128041961476256, 10.2887216929625, 0.0 ], [ 11.127978787122975, 10.28879792524314, 0.0 ], [ 11.127917308379077, 10.288875503960993, 0.0 ], [ 11.127857552376028, 10.288954391880596, 0.0 ], [ 11.127799548076698, 10.289034552658293, 0.0 ], [ 11.127743323513263, 10.289115947244929, 0.0 ], [ 11.127688905811393, 10.289198537501173, 0.0 ], [ 11.127636319346852, 10.289282283497977, 0.0 ], [ 11.127585590320756, 10.289367145294301, 0.0 ], [ 11.127536743109033, 10.289453082961062, 0.0 ], [ 11.127489800256363, 10.289540055677303, 0.0 ], [ 11.127444784301449, 10.289628021718251, 0.0 ], [ 11.127401716870452, 10.28971693936507, 0.0 ], [ 11.127360618670888, 10.289806766001046, 0.0 ], [ 11.127321508585085, 10.289897459021462, 0.0 ], [ 11.127284405495436, 10.289988975821544, 0.0 ], [ 11.12724932645305, 10.290081272904622, 0.0 ], [ 11.127216290322266, 10.290174304954419, 0.0 ], [ 11.127185309597197, 10.290268029408011, 0.0 ], [ 11.127156402223575, 10.29036240005116, 0.0 ], [ 11.127129579776915, 10.290457373423033, 0.0 ], [ 11.127104855639862, 10.290552903339325, 0.0 ], [ 11.127082242288516, 10.290648944525456, 0.0 ], [ 11.127061749461108, 10.290745451724842, 0.0 ], [ 11.127043387796387, 10.290842377867197, 0.0 ], [ 11.127027165213425, 10.290939678611613, 0.0 ], [ 11.127013089607056, 10.291037306001904, 0.0 ], [ 11.127001167977658, 10.291135214799246, 0.0 ], [ 11.126991405488253, 10.291233357969153, 0.0 ], [ 11.126983808214471, 10.291331688471116, 0.0 ], [ 11.126978377668769, 10.291430159294515, 0.0 ], [ 11.126975118107554, 10.291528724314556, 0.0 ], [ 11.126974031043273, 10.291627336520564, 0.0 ], [ 11.126975115244367, 10.291725948015957, 0.0 ], [ 11.126978372235333, 10.291824513597644, 0.0 ], [ 11.126983799865885, 10.291922984471134, 0.0 ], [ 11.126991394184632, 10.292021315469222, 0.0 ], [ 11.127001153953852, 10.292119457791364, 0.0 ], [ 11.127013072490223, 10.292217367192057, 0.0 ], [ 11.127027144905393, 10.292314994894683, 0.0 ], [ 11.127043365422532, 10.292412295743869, 0.0 ], [ 11.127061724608133, 10.292509223704338, 0.0 ], [ 11.12708221484182, 10.292605730921187, 0.0 ], [ 11.127104825789454, 10.292701773172748, 0.0 ], [ 11.127129547098658, 10.292797303525855, 0.0 ], [ 11.127156367516477, 10.29289227686092, 0.0 ], [ 11.127185273058, 10.292986648980206, 0.0 ], [ 11.127216250638769, 10.293080373872247, 0.0 ], [ 11.12724928536109, 10.293173407345268, 0.0 ], [ 11.127284361408496, 10.293265704309556, 0.0 ], [ 11.127321462069938, 10.293357222392904, 0.0 ], [ 11.127360570616133, 10.293447916511608, 0.0 ], [ 11.127401667597953, 10.29353774431141, 0.0 ], [ 11.127444732653519, 10.293626663444009, 0.0 ], [ 11.127489747240118, 10.293714630645336, 0.0 ], [ 11.127536688263792, 10.293801604488889, 0.0 ], [ 11.127585534455825, 10.293887543536187, 0.0 ], [ 11.127636261809437, 10.293972406366731, 0.0 ], [ 11.127688846329875, 10.29405615336767, 0.0 ], [ 11.127743264022284, 10.294138744926149, 0.0 ], [ 11.127799487235064, 10.294220140549495, 0.0 ], [ 11.127857490159981, 10.294300302444491, 0.0 ], [ 11.127917245157358, 10.294379191926133, 0.0 ], [ 11.127978723686859, 10.294456772123024, 0.0 ], [ 11.128041897202014, 10.294533005259991, 0.0 ], [ 11.128106734430414, 10.294607855387493, 0.0 ], [ 11.128173205018237, 10.294681287453857, 0.0 ], [ 11.128241277692883, 10.294753265509561, 0.0 ], [ 11.128310919374504, 10.29482375632862, 0.0 ], [ 11.128382097889759, 10.294892725775217, 0.0 ], [ 11.128454778333301, 10.294960140635359, 0.0 ], [ 11.12852892672446, 10.295025969496784, 0.0 ], [ 11.128604507257181, 10.295090180959191, 0.0 ], [ 11.128681484125293, 10.295152743622348, 0.0 ], [ 11.128759821540719, 10.295213628797528, 0.0 ], [ 11.128839480977343, 10.295272807813994, 0.0 ], [ 11.128920425728198, 10.295330251085273, 0.0 ], [ 11.129002615453805, 10.295385931760373, 0.0 ], [ 11.12908601347125, 10.295439823868136, 0.0 ], [ 11.129170578534319, 10.295491901467495, 0.0 ], [ 11.129256270315388, 10.295542139515215, 0.0 ], [ 11.129343048498905, 10.295590514775736, 0.0 ], [ 11.129430870937853, 10.295637003121785, 0.0 ], [ 11.12951969732867, 10.295681583125539, 0.0 ], [ 11.129609484635791, 10.295724234281028, 0.0 ], [ 11.12970019073021, 10.295764935172572, 0.0 ], [ 11.129791770757011, 10.295803666210164, 0.0 ], [ 11.129884182617371, 10.295840410497274, 0.0 ], [ 11.129977381456273, 10.295875148444017, 0.0 ], [ 11.130071324280307, 10.295907865871412, 0.0 ], [ 11.130165964421195, 10.295938545009365, 0.0 ], [ 11.130261258891512, 10.295967172582806, 0.0 ], [ 11.130357161053205, 10.295993735340785, 0.0 ], [ 11.130453625174766, 10.296018219122635, 0.0 ], [ 11.130550605548935, 10.296040613382928, 0.0 ], [ 11.130648056462325, 10.296060906672528, 0.0 ], [ 11.130745931307114, 10.296079090259807, 0.0 ], [ 11.130844183469366, 10.296095154509359, 0.0 ], [ 11.130942765440693, 10.296109092503324, 0.0 ], [ 11.131041631544088, 10.296120898215657, 0.0 ], [ 11.131140734265065, 10.296130563824795, 0.0 ], [ 11.131240026125568, 10.296138086932096, 0.0 ], [ 11.131339460548055, 10.296143463325363, 0.0 ], [ 11.13143898914185, 10.296146690612074, 0.0 ], [ 11.131538565335477, 10.296147765483939, 0.0 ], [ 11.131638141681298, 10.296146690061647, 0.0 ], [ 11.131737670713447, 10.296143463754461, 0.0 ], [ 11.131837104972174, 10.296138086875516, 0.0 ], [ 11.131936396115469, 10.296130564263105, 0.0 ], [ 11.132035499433714, 10.296120898020076, 0.0 ], [ 11.132134364759692, 10.296109092996812, 0.0 ], [ 11.132232947408164, 10.296095154911541, 0.0 ], [ 11.132331199962071, 10.296079090404316, 0.0 ], [ 11.13242129728099, 10.296062431557555, 0.0 ], [ 11.132539740347674, 10.296039311325233, 0.0 ], [ 11.132671509616905, 10.296011583055229, 0.0 ], [ 11.132802420661235, 10.295980149182251, 0.0 ], [ 11.132853941657769, 10.295970332681703, 0.0 ], [ 11.133015069655338, 10.295933154412806, 0.0 ], [ 11.133139025484908, 10.295902198309022, 0.0 ], [ 11.133228170848195, 10.295933072700121, 0.0 ], [ 11.133315663852967, 10.295962393392953, 0.0 ], [ 11.133403738295893, 10.295989955851443, 0.0 ], [ 11.133492357578417, 10.29601574675895, 0.0 ], [ 11.13358148604496, 10.296039757311938, 0.0 ], [ 11.133671086202487, 10.296061976911309, 0.0 ], [ 11.13376112238929, 10.296082395849769, 0.0 ], [ 11.133851558049249, 10.296101007137551, 0.0 ], [ 11.133942354788756, 10.296117801989336, 0.0 ], [ 11.134045301119523, 10.296134579042597, 0.0 ], [ 11.134148606875502, 10.29614902266106, 0.0 ], [ 11.134303724306912, 10.296168921757024, 0.0 ], [ 11.134449786062945, 10.296185294944269, 0.0 ], [ 11.134596304725703, 10.296197002991276, 0.0 ], [ 11.13474312777911, 10.296204032443379, 0.0 ], [ 11.134890103662325, 10.296206376166863, 0.0 ], [ 11.135047667500723, 10.29620368239668, 0.0 ], [ 11.135193200981723, 10.296196211561439, 0.0 ], [ 11.13521404127192, 10.296199870193668, 0.0 ], [ 11.13542535204774, 10.296243921115941, 0.0 ], [ 11.135572966924828, 10.296272188123181, 0.0 ], [ 11.135746358679596, 10.296299072838346, 0.0 ], [ 11.135920665114595, 10.296319337049431, 0.0 ], [ 11.136073313236547, 10.296334143005097, 0.0 ], [ 11.136184314712484, 10.296343556732859, 0.0 ], [ 11.136295515324512, 10.296350284675508, 0.0 ], [ 11.136406849334836, 10.296354323652059, 0.0 ], [ 11.136518248261609, 10.296355669595965, 0.0 ], [ 11.136665911556408, 10.296353304327452, 0.0 ], [ 11.1368317238366, 10.296347989175869, 0.0 ], [ 11.136836231149475, 10.296359848629258, 0.0 ], [ 11.136873333075352, 10.296451366793724, 0.0 ], [ 11.136912441041702, 10.296542060947452, 0.0 ], [ 11.136953538335886, 10.296631888718993, 0.0 ], [ 11.136996604594616, 10.29672080776092, 0.0 ], [ 11.137041619448397, 10.296808774822081, 0.0 ], [ 11.137088560714529, 10.296895748470952, 0.0 ], [ 11.137137407122861, 10.296981687269929, 0.0 ], [ 11.137188135583942, 10.297066550697366, 0.0 ], [ 11.137240720264176, 10.297150297345816, 0.0 ], [ 11.137295138086083, 10.297232888501215, 0.0 ], [ 11.137351362315405, 10.297314284569806, 0.0 ], [ 11.137409365305114, 10.297394445963835, 0.0 ], [ 11.137469121251655, 10.297473335794972, 0.0 ], [ 11.137530600694678, 10.297550916295179, 0.0 ], [ 11.137593774173721, 10.297627149696442, 0.0 ], [ 11.137658612240417, 10.297702000038388, 0.0 ], [ 11.137725083620978, 10.297775431372711, 0.0 ], [ 11.137793157053675, 10.29784740955874, 0.0 ], [ 11.137862799451405, 10.297917900467896, 0.0 ], [ 11.137933978633502, 10.297986869061784, 0.0 ], [ 11.13800665971171, 10.298054284839194, 0.0 ], [ 11.13808080868594, 10.298120113677648, 0.0 ], [ 11.138156389748985, 10.298184324178196, 0.0 ], [ 11.138233368024469, 10.298246887647325, 0.0 ], [ 11.138311705879673, 10.298307772698239, 0.0 ], [ 11.138391366618826, 10.298366951553335, 0.0 ], [ 11.138472311708542, 10.298424394639579, 0.0 ], [ 11.138554502639742, 10.298480075999118, 0.0 ], [ 11.138637900891053, 10.298533967866579, 0.0 ], [ 11.138722466134, 10.298586045200134, 0.0 ], [ 11.138808158952672, 10.298636282951955, 0.0 ], [ 11.138894938117959, 10.298684657893924, 0.0 ], [ 11.138982762400659, 10.298731146797989, 0.0 ], [ 11.139071589664965, 10.298775727346019, 0.0 ], [ 11.13916137778107, 10.298818378123686, 0.0 ], [ 11.139252083712536, 10.298859078626613, 0.0 ], [ 11.139343665347729, 10.298897810152047, 0.0 ], [ 11.139436077836955, 10.298934554015354, 0.0 ], [ 11.139529278161893, 10.298969292423736, 0.0 ], [ 11.139623221491043, 10.299002009404145, 0.0 ], [ 11.139717862992857, 10.299032688983564, 0.0 ], [ 11.139813157847938, 10.299061316996648, 0.0 ], [ 11.139909060318088, 10.299087878380377, 0.0 ], [ 11.140005525608213, 10.299112362584758, 0.0 ], [ 11.140102507079581, 10.299134756360511, 0.0 ], [ 11.140199959030486, 10.29915505006764, 0.0 ], [ 11.140297834846541, 10.299173234072205, 0.0 ], [ 11.14044328725198, 10.29919624247904, 0.0 ], [ 11.140589413741958, 10.29921459245087, 0.0 ], [ 11.140736061750422, 10.299228263305491, 0.0 ], [ 11.140883078760085, 10.299237241591387, 0.0 ], [ 11.141381390112066, 10.299259686261294, 0.0 ], [ 11.141453207905052, 10.299262359784073, 0.0 ], [ 11.141711241903764, 10.299269952791123, 0.0 ], [ 11.141846812182303, 10.299271947389672, 0.0 ], [ 11.141957114067369, 10.299270626749347, 0.0 ], [ 11.142067350670354, 10.299266668179103, 0.0 ], [ 11.142261744267685, 10.29925735548713, 0.0 ], [ 11.142381850774768, 10.299250029694043, 0.0 ], [ 11.142501720710907, 10.299239570889355, 0.0 ], [ 11.14266679875761, 10.299222992708351, 0.0 ], [ 11.142713449691366, 10.29922103867121, 0.0 ], [ 11.142877482783234, 10.29921123349213, 0.0 ], [ 11.143041053814926, 10.299195587936042, 0.0 ], [ 11.14309808520901, 10.299189104593664, 0.0 ], [ 11.143111395580961, 10.299188515672245, 0.0 ], [ 11.143239782956003, 10.299187421845559, 0.0 ], [ 11.143342964545209, 10.299185387785295, 0.0 ], [ 11.143406878591239, 10.299182695602555, 0.0 ], [ 11.143438371510028, 10.299215995139457, 0.0 ], [ 11.143508014376206, 10.29928648632672, 0.0 ], [ 11.143579193086763, 10.299355455182125, 0.0 ], [ 11.143651874572031, 10.299422870289337, 0.0 ], [ 11.143726023930837, 10.299488699340278, 0.0 ], [ 11.143801606261892, 10.299552910026932, 0.0 ], [ 11.143878583950301, 10.299615473674653, 0.0 ], [ 11.143956922100704, 10.299676358879312, 0.0 ], [ 11.144036583097991, 10.299735536966335, 0.0 ], [ 11.144117528420438, 10.299792980171098, 0.0 ], [ 11.144199720464984, 10.299848661626699, 0.0 ], [ 11.144283118884401, 10.299902553580703, 0.0 ], [ 11.144367685175022, 10.299954630979963, 0.0 ], [ 11.144453378095136, 10.300004868789582, 0.0 ], [ 11.14454015732781, 10.300053243776267, 0.0 ], [ 11.144627981643399, 10.300099732712773, 0.0 ], [ 11.144716808905615, 10.300144313281834, 0.0 ], [ 11.144806597896899, 10.300186964063942, 0.0 ], [ 11.144897304667738, 10.300227664561595, 0.0 ], [ 11.144988886193444, 10.30026639607896, 0.0 ], [ 11.145081299449274, 10.300303139920183, 0.0 ], [ 11.145174499591212, 10.300337878305429, 0.0 ], [ 11.14526844361276, 10.300370595250445, 0.0 ], [ 11.145363085769358, 10.30040127478911, 0.0 ], [ 11.145458381235207, 10.300429901853175, 0.0 ], [ 11.145554284290133, 10.300456464091912, 0.0 ], [ 11.145650750120474, 10.300480948244788, 0.0 ], [ 11.145747732093326, 10.300503341967248, 0.0 ], [ 11.145845183594117, 10.300523635626195, 0.0 ], [ 11.14594305983355, 10.300541819576477, 0.0 ], [ 11.146041313284343, 10.300557884191207, 0.0 ], [ 11.146139897350203, 10.300571822548868, 0.0 ], [ 11.146238764516051, 10.300583626830305, 0.0 ], [ 11.146337869122704, 10.300593293723253, 0.0 ], [ 11.146437161835873, 10.300600816324616, 0.0 ], [ 11.14650760561732, 10.300604624865979, 0.0 ], [ 11.146577024761616, 10.300618055272537, 0.0 ], [ 11.146699334759452, 10.300637721795699, 0.0 ], [ 11.146822137218972, 10.300654093205399, 0.0 ], [ 11.146945344435844, 10.300667157430258, 0.0 ], [ 11.147016265801019, 10.300672755005868, 0.0 ], [ 11.147074146510276, 10.300681845724663, 0.0 ], [ 11.147196625332034, 10.300697731058367, 0.0 ], [ 11.147319493520143, 10.300710328290714, 0.0 ], [ 11.147442661569469, 10.300719628977921, 0.0 ], [ 11.147634536593559, 10.300731533769296, 0.0 ], [ 11.147777179894167, 10.300738167909847, 0.0 ], [ 11.14791996208532, 10.3007403794683, 0.0 ], [ 11.148057920014672, 10.300738315295247, 0.0 ], [ 11.148195752300387, 10.300732121340577, 0.0 ], [ 11.148483191537057, 10.300714891788674, 0.0 ], [ 11.148613004429887, 10.300705268432855, 0.0 ], [ 11.148742487661131, 10.300691983946606, 0.0 ], [ 11.148814566488054, 10.300682524467062, 0.0 ], [ 11.148818419643847, 10.300682355154509, 0.0 ], [ 11.148923996934801, 10.300676518015621, 0.0 ], [ 11.149029408127626, 10.300668259651557, 0.0 ], [ 11.149134599416412, 10.300657586747416, 0.0 ], [ 11.149239532583675, 10.300644786075532, 0.0 ], [ 11.149268887332232, 10.300642872790572, 0.0 ], [ 11.149365758274739, 10.300634593346317, 0.0 ], [ 11.149462429182433, 10.300624272522292, 0.0 ], [ 11.14955885627079, 10.300611914225454, 0.0 ], [ 11.149654995773684, 10.300597525074142, 0.0 ], [ 11.149752616126261, 10.300581859771079, 0.0 ], [ 11.149815108388573, 10.300571390039231, 0.0 ], [ 11.149969649344216, 10.300541673894285, 0.0 ], [ 11.150123063936608, 10.300506698488697, 0.0 ], [ 11.150215655846138, 10.300482231442102, 0.0 ], [ 11.150308706759825, 10.300470948356439, 0.0 ], [ 11.150319286390081, 10.300469289965724, 0.0 ], [ 11.150398762470731, 10.300461588649227, 0.0 ], [ 11.150505311054072, 10.300449886763506, 0.0 ], [ 11.150650389081907, 10.300431618015223, 0.0 ], [ 11.150794802529365, 10.300408756691938, 0.0 ], [ 11.150868019955084, 10.300395361115541, 0.0 ], [ 11.150949907136756, 10.300379694358103, 0.0 ], [ 11.151126461927836, 10.300342313144883, 0.0 ], [ 11.15130138553141, 10.300298047296574, 0.0 ], [ 11.151415607274734, 10.300264325348458, 0.0 ], [ 11.151528539587112, 10.300262256287624, 0.0 ], [ 11.151639692229137, 10.300258181656488, 0.0 ], [ 11.151796407007154, 10.300249763686937, 0.0 ], [ 11.151952737862961, 10.300236015542358, 0.0 ], [ 11.15210849870677, 10.300216952924551, 0.0 ], [ 11.152263505323406, 10.300192598753901, 0.0 ], [ 11.152395097331098, 10.300167642923679, 0.0 ], [ 11.152525894030441, 10.300138873614996, 0.0 ], [ 11.152611628434517, 10.300118703238672, 0.0 ], [ 11.152739765752706, 10.300086609153023, 0.0 ], [ 11.152866909828068, 10.300050854756837, 0.0 ], [ 11.152992956817661, 10.300011470570011, 0.0 ], [ 11.153117798321661, 10.29996848804678, 0.0 ], [ 11.153142403900386, 10.299959539827686, 0.0 ], [ 11.153301553657561, 10.29990114795827, 0.0 ], [ 11.153348961326754, 10.299895487021622, 0.0 ], [ 11.153447544723083, 10.299881548733499, 0.0 ], [ 11.153545797877763, 10.299865484075072, 0.0 ], [ 11.153643673380451, 10.299847300593431, 0.0 ], [ 11.153741125658431, 10.299827007631144, 0.0 ], [ 11.153838107301491, 10.299804612735377, 0.0 ], [ 11.153934572761585, 10.299780128864008, 0.0 ], [ 11.154030476478464, 10.299753567167299, 0.0 ], [ 11.154125771072783, 10.299724939711576, 0.0 ], [ 11.154220412828151, 10.299694260346415, 0.0 ], [ 11.15431435620294, 10.299661542933661, 0.0 ], [ 11.154407556592815, 10.299626804944262, 0.0 ], [ 11.154499969375101, 10.299590061137785, 0.0 ], [ 11.154591550858285, 10.299551328979208, 0.0 ], [ 11.154682257369318, 10.299510628644848, 0.0 ], [ 11.15477204612953, 10.299467977593649, 0.0 ], [ 11.154860873478334, 10.299423397809587, 0.0 ], [ 11.15494869756216, 10.299376908553153, 0.0 ], [ 11.155035476558194, 10.299328533603822, 0.0 ], [ 11.155121169550254, 10.299278295831225, 0.0 ], [ 11.155205735622248, 10.299226218104966, 0.0 ], [ 11.155289133876588, 10.299172326006088, 0.0 ], [ 11.155371325241104, 10.299116645103483, 0.0 ], [ 11.155452270649866, 10.299059201869829, 0.0 ], [ 11.155531931043182, 10.29900002368163, 0.0 ], [ 11.155610269186738, 10.298939137903192, 0.0 ], [ 11.155687247870926, 10.298876575514038, 0.0 ], [ 11.155762828948998, 10.298812363884569, 0.0 ], [ 11.155829406385259, 10.298753257473738, 0.0 ], [ 11.155921261461412, 10.298738734292355, 0.0 ], [ 11.155996854523021, 10.298724642149313, 0.0 ], [ 11.1560392330897, 10.298735510322494, 0.0 ], [ 11.15607144990955, 10.298749879903076, 0.0 ], [ 11.156177979573432, 10.298795584569262, 0.0 ], [ 11.156303903422527, 10.298847411749263, 0.0 ], [ 11.156431335131957, 10.298895490547759, 0.0 ], [ 11.156525278293813, 10.298928207695457, 0.0 ], [ 11.156619919512048, 10.298958887427633, 0.0 ], [ 11.156715213960858, 10.298987514677609, 0.0 ], [ 11.156811116832815, 10.299014077090241, 0.0 ], [ 11.156907582395542, 10.299038560508874, 0.0 ], [ 11.15700456402854, 10.299060954398236, 0.0 ], [ 11.157102016023952, 10.299081248217005, 0.0 ], [ 11.157199891761243, 10.299099431429966, 0.0 ], [ 11.157276108955111, 10.299111761203228, 0.0 ], [ 11.15731740849019, 10.299120974230171, 0.0 ], [ 11.157457940507873, 10.299147770221589, 0.0 ], [ 11.157517822182379, 10.299157369942298, 0.0 ], [ 11.15750229746115, 10.299217356300021, 0.0 ], [ 11.157479682725029, 10.299313397904816, 0.0 ], [ 11.157459189483637, 10.299409904392705, 0.0 ], [ 11.157440827476846, 10.299506831410733, 0.0 ], [ 11.157424603688201, 10.299604131912796, 0.0 ], [ 11.157410527845316, 10.299701759738277, 0.0 ], [ 11.157398606019104, 10.299799667847036, 0.0 ], [ 11.157388844292793, 10.299897811006522, 0.0 ], [ 11.157381245993211, 10.299996141290999, 0.0 ], [ 11.157375816278636, 10.300094611666289, 0.0 ], [ 11.157372555756398, 10.300193176936231, 0.0 ], [ 11.157371468665977, 10.300291789168828, 0.0 ], [ 11.157372553770937, 10.300390400468629, 0.0 ], [ 11.157375809853265, 10.300488965651496, 0.0 ], [ 11.157381237501802, 10.300587436809684, 0.0 ], [ 11.157388832754386, 10.300685767873434, 0.0 ], [ 11.157398592549201, 10.300783910959273, 0.0 ], [ 11.157410511092564, 10.300881819105777, 0.0 ], [ 11.15742458442838, 10.300979447146881, 0.0 ], [ 11.1574408049376, 10.301076748133219, 0.0 ], [ 11.157459165001113, 10.301173675115411, 0.0 ], [ 11.15747965518678, 10.301270182963844, 0.0 ], [ 11.15750226696273, 10.301366224735148, 0.0 ], [ 11.157526989071402, 10.301461755311802, 0.0 ], [ 11.157553810255152, 10.301556729576269, 0.0 ], [ 11.157582716506026, 10.301651100621612, 0.0 ], [ 11.157613694759403, 10.301744826053834, 0.0 ], [ 11.157646730094523, 10.301837858972073, 0.0 ], [ 11.157681807615139, 10.301930156090624, 0.0 ], [ 11.157718909687008, 10.302021674142035, 0.0 ], [ 11.157758018663454, 10.302112368051286, 0.0 ], [ 11.157799116922346, 10.302202196358463, 0.0 ], [ 11.157842183172402, 10.302291114916692, 0.0 ], [ 11.157887198878644, 10.302379082272111, 0.0 ], [ 11.157934141849244, 10.302466056091514, 0.0 ], [ 11.157982988985784, 10.302551994951498, 0.0 ], [ 11.158033717189747, 10.302636857428713, 0.0 ], [ 11.158086303380953, 10.302720604811173, 0.0 ], [ 11.158140722635384, 10.302803195687678, 0.0 ], [ 11.158196947309408, 10.302884591376724, 0.0 ], [ 11.15825495158459, 10.302964753184616, 0.0 ], [ 11.158314708735892, 10.303043643327527, 0.0 ], [ 11.158376189294064, 10.303121223136189, 0.0 ], [ 11.158439363808208, 10.303197456652679, 0.0 ], [ 11.158504202815006, 10.303272306111506, 0.0 ], [ 11.158570675969147, 10.303345738272283, 0.0 ], [ 11.158638750162659, 10.303417716297757, 0.0 ], [ 11.158708394137358, 10.303488206953643, 0.0 ], [ 11.158779573890868, 10.303557176120238, 0.0 ], [ 11.158852256345639, 10.303624591479281, 0.0 ], [ 11.158926406592583, 10.303690419820997, 0.0 ], [ 11.159001989747125, 10.303754631550802, 0.0 ], [ 11.159078969080801, 10.303817194374956, 0.0 ], [ 11.15915730788968, 10.303878079614911, 0.0 ], [ 11.159236969463578, 10.303937257688403, 0.0 ], [ 11.159317916198015, 10.303994701730659, 0.0 ], [ 11.159400108644673, 10.304050382177763, 0.0 ], [ 11.15948350829853, 10.304104273978712, 0.0 ], [ 11.159568075741873, 10.304156352088663, 0.0 ], [ 11.15965376971924, 10.304206589667407, 0.0 ], [ 11.159740550837366, 10.304254965285356, 0.0 ], [ 11.159828376027626, 10.304301453922211, 0.0 ], [ 11.159917204983936, 10.304346034154591, 0.0 ], [ 11.160006994662185, 10.304388684577434, 0.0 ], [ 11.160097702030468, 10.304429385593366, 0.0 ], [ 11.160189284963344, 10.30446811669515, 0.0 ], [ 11.160281699534615, 10.304504861002988, 0.0 ], [ 11.160374901799566, 10.304539598925754, 0.0 ], [ 11.160468846025051, 10.304572316307324, 0.0 ], [ 11.160563489191214, 10.304602995358222, 0.0 ], [ 11.160658786483618, 10.304631622820123, 0.0 ], [ 11.160754690349851, 10.304658185453087, 0.0 ], [ 11.160851157794564, 10.304682669082986, 0.0 ], [ 11.16094814128372, 10.304705063181363, 0.0 ], [ 11.161045594195933, 10.304725357213769, 0.0 ], [ 11.161143471735095, 10.304743540633567, 0.0 ], [ 11.161227493426475, 10.304757412267092, 0.0 ], [ 11.161498901004689, 10.304799649691061, 0.0 ], [ 11.161687936600662, 10.304837585904211, 0.0 ], [ 11.16180188392523, 10.30485896426425, 0.0 ], [ 11.161900138604615, 10.304875029040138, 0.0 ], [ 11.161998723787759, 10.304888967563897, 0.0 ], [ 11.162097592871664, 10.304900772012783, 0.0 ], [ 11.162196698371483, 10.304910439089197, 0.0 ], [ 11.162295992777707, 10.304917961880397, 0.0 ], [ 11.162395429524331, 10.304923337986592, 0.0 ], [ 11.162494961132676, 10.304926565014172, 0.0 ], [ 11.162594540124086, 10.304927640569542, 0.0 ], [ 11.162694119038415, 10.304926564970552, 0.0 ], [ 11.162793650409368, 10.304923337631362, 0.0 ], [ 11.16289308770801, 10.3049179615752, 0.0 ], [ 11.162992381661283, 10.304910438939885, 0.0 ], [ 11.163091487565616, 10.304900772736564, 0.0 ], [ 11.163190356160372, 10.304888966910779, 0.0 ], [ 11.163288941860232, 10.304875028998824, 0.0 ], [ 11.163387196329637, 10.304858964747806, 0.0 ], [ 11.163401213102006, 10.304856494769041, 0.0 ], [ 11.163670662875475, 10.304808585141656, 0.0 ], [ 11.16376673822133, 10.30479044841703, 0.0 ], [ 11.16386239807807, 10.304770277207504, 0.0 ], [ 11.163957600529866, 10.304748081736539, 0.0 ], [ 11.164052299997939, 10.304723870444459, 0.0 ], [ 11.164146454585072, 10.304697656266164, 0.0 ], [ 11.164240019637637, 10.30466944944358, 0.0 ], [ 11.164251609820587, 10.304665685118268, 0.0 ], [ 11.164467522912348, 10.304655167824736, 0.0 ], [ 11.164696072165436, 10.304648651101264, 0.0 ], [ 11.165089460009964, 10.304648604419388, 0.0 ], [ 11.165256595663378, 10.304645553547418, 0.0 ], [ 11.165423505549006, 10.304636443907581, 0.0 ], [ 11.165589966137693, 10.304621288749251, 0.0 ], [ 11.165755755769098, 10.304600107636595, 0.0 ], [ 11.165865127888503, 10.304584112805301, 0.0 ], [ 11.165890063470407, 10.304586629223797, 0.0 ], [ 11.166005477554723, 10.304596810412329, 0.0 ], [ 11.166121116400795, 10.304604087848546, 0.0 ], [ 11.166161038824368, 10.304605593669294, 0.0 ], [ 11.166217712566233, 10.304618680110567, 0.0 ], [ 11.166315166377249, 10.304638973387487, 0.0 ], [ 11.166413042959524, 10.304657156968059, 0.0 ], [ 11.166523719340573, 10.304675097470524, 0.0 ], [ 11.166634806254729, 10.304690339955879, 0.0 ], [ 11.166746237926272, 10.304702875826795, 0.0 ], [ 11.166857947666829, 10.304712696492171, 0.0 ], [ 11.166985126220215, 10.304722318526471, 0.0 ], [ 11.167158874750724, 10.304732170622264, 0.0 ], [ 11.167332875916054, 10.304735455500184, 0.0 ], [ 11.167432454463038, 10.304734380263447, 0.0 ], [ 11.167531986347536, 10.304731153287618, 0.0 ], [ 11.16763142320935, 10.30472577670503, 0.0 ], [ 11.167730717607114, 10.304718253545785, 0.0 ], [ 11.167829823018344, 10.304708587737695, 0.0 ], [ 11.16792031483879, 10.304697782991266, 0.0 ], [ 11.167976471533812, 10.304720140452634, 0.0 ], [ 11.168117949994425, 10.304773784816327, 0.0 ], [ 11.168211894639068, 10.304806501575946, 0.0 ], [ 11.168306538177443, 10.304837180901961, 0.0 ], [ 11.168401834876169, 10.304865808639541, 0.0 ], [ 11.168497739914455, 10.304892370627824, 0.0 ], [ 11.168594206658543, 10.304916854525828, 0.0 ], [ 11.168691190306124, 10.304939248884155, 0.0 ], [ 11.16878864331691, 10.30495954227187, 0.0 ], [ 11.168886520900905, 10.304977725047275, 0.0 ], [ 11.168984775548681, 10.304993790298475, 0.0 ], [ 11.169083360644905, 10.305007728396195, 0.0 ], [ 11.169182229598968, 10.305019533326295, 0.0 ], [ 11.169281334913778, 10.305029199984663, 0.0 ], [ 11.169380629998704, 10.305036722357332, 0.0 ], [ 11.169480066468765, 10.305042098961582, 0.0 ], [ 11.169579598658361, 10.305045325585001, 0.0 ], [ 11.169679177276045, 10.305046401654897, 0.0 ], [ 11.169778756674805, 10.305045325670356, 0.0 ], [ 11.16987828848827, 10.305042098860255, 0.0 ], [ 11.16997772526272, 10.305036722447394, 0.0 ], [ 11.17007701955685, 10.305029199462213, 0.0 ], [ 11.17017612484204, 10.305019532929094, 0.0 ], [ 11.170274993695624, 10.305007728589937, 0.0 ], [ 11.170373579595248, 10.304993790372999, 0.0 ], [ 11.170471834218054, 10.304977725834014, 0.0 ], [ 11.170569711060347, 10.304959541612684, 0.0 ], [ 11.170667165474738, 10.304939248855478, 0.0 ], [ 11.170764148219694, 10.3049168542206, 0.0 ], [ 11.170860615572964, 10.304892370656034, 0.0 ], [ 11.170956520143211, 10.304865808422969, 0.0 ], [ 11.171051816383015, 10.304837180481725, 0.0 ], [ 11.171146459670071, 10.304806501594109, 0.0 ], [ 11.171240405369778, 10.304773784714422, 0.0 ], [ 11.171333607040859, 10.30473904552057, 0.0 ], [ 11.17142602099867, 10.30470230238349, 0.0 ] ] ] } },
{ "type": "Feature", "properties": { "OBJECTID": 964, "ActivityID": null, "Stra_Catch": "Gongola", "Micr_Catch": "FCE-T", "State": "Gombe", "LGA": "Gombe", "Site_Name": "FCE-T Gully Erosion Control", "Interv_Typ": "Civil Works (Gully Erosion Control)", "Component": "A - Dryland Management", "Comments": null, "Implemnter": "SPMU", "Start_Date": "2024-09-30T00:00:00", "End_Date": "2025/11/12", "No_Trees_P": 0, "Sub_compon": "A2-2", "Lon": 11.1519581606, "Lat": 10.3433690986, "Female_pop": 0, "Buffer_Mtr": 0, "Area_Impac": 57453.830746, "Male_pop": 0, "Area_Intev": 0.0, "Netsize_Ha": 57453.830746, "Indicator": "Area under improved catchment management", "Benefi_pop": 0.0, "Perct_NDVI": 0.0, "parent_micro_name": "Barunde/Doma" }, "geometry": { "type": "Polygon", "coordinates": [ [ [ 11.154583333383371, 10.485416666685085, 0.0 ], [ 11.160416666434326, 10.483749999612307, 0.0 ], [ 11.168750000002797, 10.48458333318507, 0.0 ], [ 11.170416666312194, 10.482083333759055, 0.0 ], [ 11.169583333170317, 10.480416666295289, 0.0 ], [ 11.171249999832604, 10.476249999925846, 0.0 ], [ 11.177916666380739, 10.473749999931663, 0.0 ], [ 11.177916666864554, 10.472083333438322, 0.0 ], [ 11.181249999845914, 10.468749999690639, 0.0 ], [ 11.181250000086798, 10.466250000365827, 0.0 ], [ 11.18291666653144, 10.466250000089248, 0.0 ], [ 11.183750000181295, 10.462083333739223, 0.0 ], [ 11.187083333722853, 10.461250000086476, 0.0 ], [ 11.189583333415419, 10.456250000166172, 0.0 ], [ 11.192916666827022, 10.454583333446752, 0.0 ], [ 11.18958333305698, 10.448750000078601, 0.0 ], [ 11.182083333764707, 10.442083333386652, 0.0 ], [ 11.182916666846371, 10.438749999672996, 0.0 ], [ 11.180416666882671, 10.436250000255949, 0.0 ], [ 11.181249999870161, 10.435416666880503, 0.0 ], [ 11.179583333024985, 10.433749999707461, 0.0 ], [ 11.180416666478731, 10.430416666563159, 0.0 ], [ 11.177916666303817, 10.42791666655385, 0.0 ], [ 11.17791666672905, 10.424583333387758, 0.0 ], [ 11.176249999915001, 10.42374999967798, 0.0 ], [ 11.175416666344448, 10.416249999716873, 0.0 ], [ 11.171249999853661, 10.412916666648412, 0.0 ], [ 11.171249999560645, 10.411249999563829, 0.0 ], [ 11.172916666917118, 10.41041666670837, 0.0 ], [ 11.17208333378167, 10.403749999852227, 0.0 ], [ 11.174583333513837, 10.401250000346268, 0.0 ], [ 11.173749999731008, 10.398749999590393, 0.0 ], [ 11.172083333484927, 10.397916666387797, 0.0 ], [ 11.171249999923941, 10.390416666562034, 0.0 ], [ 11.173749999876947, 10.385416666745561, 0.0 ], [ 11.175416666242002, 10.384583333394918, 0.0 ], [ 11.174583333713358, 10.382916666479712, 0.0 ], [ 11.177083333622285, 10.379583333749538, 0.0 ], [ 11.180416666811455, 10.376249999693155, 0.0 ], [ 11.183749999816873, 10.376249999741242, 0.0 ], [ 11.183749999869537, 10.374583333376524, 0.0 ], [ 11.185416666329735, 10.374583333434703, 0.0 ], [ 11.187083333247443, 10.37125000042467, 0.0 ], [ 11.19125000025462, 10.372083333345035, 0.0 ], [ 11.19291666704776, 10.369583332937932, 0.0 ], [ 11.194583332990764, 10.369583333046165, 0.0 ], [ 11.196250000431682, 10.372083333016548, 0.0 ], [ 11.198749999833469, 10.3712500002604, 0.0 ], [ 11.200416666583834, 10.373749999855523, 0.0 ], [ 11.202916667084663, 10.372916666762007, 0.0 ], [ 11.204583332909422, 10.374583333750545, 0.0 ], [ 11.20624999967912, 10.372916666604521, 0.0 ], [ 11.208750000217504, 10.372916666773136, 0.0 ], [ 11.216250000060231, 10.366249999633668, 0.0 ], [ 11.221249999548693, 10.367083333027013, 0.0 ], [ 11.222916666722931, 10.365416666507606, 0.0 ], [ 11.223750000265873, 10.366249999749487, 0.0 ], [ 11.227916666765141, 10.365416667029294, 0.0 ], [ 11.231250000120927, 10.360416666652398, 0.0 ], [ 11.234583333663613, 10.358750000422932, 0.0 ], [ 11.237083333328291, 10.359583333037168, 0.0 ], [ 11.237916666906955, 10.362916666373827, 0.0 ], [ 11.243750000277435, 10.364583333138064, 0.0 ], [ 11.246250000016914, 10.363750000338658, 0.0 ], [ 11.24625000023919, 10.362083333096601, 0.0 ], [ 11.247916666604544, 10.361250000068956, 0.0 ], [ 11.256250000389784, 10.362083333643406, 0.0 ], [ 11.257916666905045, 10.36125000013385, 0.0 ], [ 11.25875000042039, 10.358750000352654, 0.0 ], [ 11.265416666494675, 10.364583333652735, 0.0 ], [ 11.268750000248671, 10.365416666757083, 0.0 ], [ 11.271249999783944, 10.364583332898976, 0.0 ], [ 11.272083333059074, 10.366250000424428, 0.0 ], [ 11.285416666957872, 10.365416666952212, 0.0 ], [ 11.286249999597249, 10.367083333210719, 0.0 ], [ 11.287916667087577, 10.366250000363427, 0.0 ], [ 11.293750000395228, 10.367083333064182, 0.0 ], [ 11.29624999979065, 10.363749999615209, 0.0 ], [ 11.299583333590544, 10.362916666384436, 0.0 ], [ 11.301250000085034, 10.359583333341797, 0.0 ], [ 11.303749999228705, 10.359583333761231, 0.0 ], [ 11.303749999794096, 10.357916667260582, 0.0 ], [ 11.30708333318583, 10.355416666709814, 0.0 ], [ 11.306249999864486, 10.353750000452919, 0.0 ], [ 11.309583332716382, 10.352083333786561, 0.0 ], [ 11.309583333010876, 10.347916666828358, 0.0 ], [ 11.31208333351522, 10.346250000382389, 0.0 ], [ 11.312916666783513, 10.342083333457435, 0.0 ], [ 11.316249999924599, 10.339583333779192, 0.0 ], [ 11.31541666707861, 10.338749999574006, 0.0 ], [ 11.316249999747949, 10.337083333580495, 0.0 ], [ 11.315416666554814, 10.334583333224037, 0.0 ], [ 11.313749999960994, 10.333749999646615, 0.0 ], [ 11.312083333554423, 10.327083333211037, 0.0 ], [ 11.310416666812468, 10.326249999910608, 0.0 ], [ 11.311250000333292, 10.323749999850499, 0.0 ], [ 11.309583333461406, 10.322083333127148, 0.0 ], [ 11.310416666681922, 10.319583332898, 0.0 ], [ 11.307916666442809, 10.318750000411931, 0.0 ], [ 11.307083333298456, 10.315416666318166, 0.0 ], [ 11.305416666881598, 10.31458333345193, 0.0 ], [ 11.305416666705073, 10.312083333741922, 0.0 ], [ 11.303749999718011, 10.312083333192069, 0.0 ], [ 11.302916666687429, 10.309583333192949, 0.0 ], [ 11.297083332977444, 10.307083333428205, 0.0 ], [ 11.296249999746324, 10.30291666656786, 0.0 ], [ 11.28374999997664, 10.302083333486948, 0.0 ], [ 11.277083333040313, 10.303749999676372, 0.0 ], [ 11.274583333427305, 10.300416666808758, 0.0 ], [ 11.272083333702851, 10.300416667012717, 0.0 ], [ 11.267083333576842, 10.296250000097388, 0.0 ], [ 11.267083333506147, 10.294583333208845, 0.0 ], [ 11.262083332982753, 10.290416667080207, 0.0 ], [ 11.26208333304643, 10.288749999687898, 0.0 ], [ 11.258750000085373, 10.287916666707668, 0.0 ], [ 11.255416666502226, 10.281250000273374, 0.0 ], [ 11.252916667021012, 10.282083332975445, 0.0 ], [ 11.240416666926565, 10.281249999621235, 0.0 ], [ 11.240416666773131, 10.277916667012608, 0.0 ], [ 11.237083333711213, 10.27708333352548, 0.0 ], [ 11.237083333604879, 10.274583333191812, 0.0 ], [ 11.235416666583451, 10.27458333309888, 0.0 ], [ 11.233750000159551, 10.268749999741578, 0.0 ], [ 11.231249999931041, 10.267916666994243, 0.0 ], [ 11.230416666375513, 10.2654166665777, 0.0 ], [ 11.22791666693192, 10.265416667038471, 0.0 ], [ 11.228749999716831, 10.262916666767667, 0.0 ], [ 11.227083333256308, 10.257083333151707, 0.0 ], [ 11.227916666523063, 10.245416666484669, 0.0 ], [ 11.225416667102346, 10.2387499997749, 0.0 ], [ 11.225416666695322, 10.233750000206321, 0.0 ], [ 11.223749999667907, 10.233750000417862, 0.0 ], [ 11.224583333413607, 10.229583333061603, 0.0 ], [ 11.222083333016638, 10.228750000428423, 0.0 ], [ 11.221250000376415, 10.227083333457809, 0.0 ], [ 11.212916666677719, 10.227916666783051, 0.0 ], [ 11.208749999661459, 10.22458333355196, 0.0 ], [ 11.205416666858433, 10.22458333372694, 0.0 ], [ 11.202083333059518, 10.22541666692419, 0.0 ], [ 11.201250000075136, 10.227083333575976, 0.0 ], [ 11.195416666472635, 10.227083333337195, 0.0 ], [ 11.193749999876973, 10.22875000042133, 0.0 ], [ 11.189583333452248, 10.226250000144695, 0.0 ], [ 11.189583333456884, 10.228750000069384, 0.0 ], [ 11.186249999756519, 10.232916667068213, 0.0 ], [ 11.182083333102106, 10.23291666636503, 0.0 ], [ 11.181249999612435, 10.234583333098501, 0.0 ], [ 11.177083333294004, 10.236249999781728, 0.0 ], [ 11.177083332909865, 10.237916666286337, 0.0 ], [ 11.170416666833052, 10.23708333288412, 0.0 ], [ 11.168750000014413, 10.238750000447107, 0.0 ], [ 11.163750000356174, 10.239583333663257, 0.0 ], [ 11.161249999642248, 10.237916666603196, 0.0 ], [ 11.155416666498187, 10.237916666993236, 0.0 ], [ 11.142916666526759, 10.225416666251665, 0.0 ], [ 11.140416666983642, 10.225416666901326, 0.0 ], [ 11.140416666557192, 10.223750000252853, 0.0 ], [ 11.135416666685273, 10.222083333700208, 0.0 ], [ 11.135416666863058, 10.218750000268155, 0.0 ], [ 11.131250000017713, 10.208750000256737, 0.0 ], [ 11.128749999994337, 10.208750000427292, 0.0 ], [ 11.118750000124589, 10.197916667083009, 0.0 ], [ 11.116250000076429, 10.197916666826849, 0.0 ], [ 11.116249999878308, 10.199583333278969, 0.0 ], [ 11.114583333351922, 10.200416666289456, 0.0 ], [ 11.113749999871292, 10.206249999885632, 0.0 ], [ 11.111249999985599, 10.207916666391984, 0.0 ], [ 11.107916667103765, 10.221250000433674, 0.0 ], [ 11.104583333076334, 10.227916666722226, 0.0 ], [ 11.107916666621332, 10.247916666720942, 0.0 ], [ 11.109583333730486, 10.249583333542521, 0.0 ], [ 11.112083333759225, 10.249583333695183, 0.0 ], [ 11.112083333549224, 10.252083333721565, 0.0 ], [ 11.113749999678936, 10.252916666269664, 0.0 ], [ 11.114583333238132, 10.256249999676044, 0.0 ], [ 11.113750000345101, 10.257083333561196, 0.0 ], [ 11.114583333305818, 10.26458333307761, 0.0 ], [ 11.112083333628473, 10.26958333364964, 0.0 ], [ 11.1087499996943, 10.270416666409158, 0.0 ], [ 11.107916666925119, 10.268750000006532, 0.0 ], [ 11.082916666918205, 10.272916666585008, 0.0 ], [ 11.079583333443326, 10.267083333534563, 0.0 ], [ 11.077916666306125, 10.267083333277204, 0.0 ], [ 11.077916666873561, 10.265416666821761, 0.0 ], [ 11.076250000270964, 10.264583333059274, 0.0 ], [ 11.065416666619328, 10.266249999977623, 0.0 ], [ 11.057083333593512, 10.262083333025569, 0.0 ], [ 11.055416666792068, 10.264583333153753, 0.0 ], [ 11.048749999808591, 10.267083333141965, 0.0 ], [ 11.047083333241565, 10.267083333234053, 0.0 ], [ 11.046249999988301, 10.265416666239991, 0.0 ], [ 11.045416666421724, 10.266249999904392, 0.0 ], [ 11.042916666865333, 10.265416666805745, 0.0 ], [ 11.042916666770374, 10.267916666701211, 0.0 ], [ 11.040416666301297, 10.270416666868957, 0.0 ], [ 11.027083333464493, 10.269583333334062, 0.0 ], [ 11.024583333610657, 10.273749999976877, 0.0 ], [ 11.025416666332257, 10.276250000032329, 0.0 ], [ 11.022916666880223, 10.27875000011009, 0.0 ], [ 11.022083333075463, 10.284583332948264, 0.0 ], [ 11.02041666622323, 10.285416666400447, 0.0 ], [ 11.021249999568608, 10.291250000259943, 0.0 ], [ 11.019583333335508, 10.292916666792856, 0.0 ], [ 11.019583333560059, 10.296249999681184, 0.0 ], [ 11.022083333615383, 10.298750000416335, 0.0 ], [ 11.022916666293559, 10.302916667110457, 0.0 ], [ 11.022083333141783, 10.303750000191886, 0.0 ], [ 11.022916666868833, 10.310416666818142, 0.0 ], [ 11.021250000210827, 10.314583333578987, 0.0 ], [ 11.018750000161379, 10.316249999760958, 0.0 ], [ 11.018749999812469, 10.318750000028936, 0.0 ], [ 11.016249999883447, 10.320416666643812, 0.0 ], [ 11.017083333648856, 10.322916666908789, 0.0 ], [ 11.015416666323663, 10.323749999607342, 0.0 ], [ 11.013750000116616, 10.332083333405691, 0.0 ], [ 11.01958333311063, 10.343749999748402, 0.0 ], [ 11.018749999908726, 10.345416666255758, 0.0 ], [ 11.019583332947507, 10.347083333416725, 0.0 ], [ 11.017916666506178, 10.349583332975755, 0.0 ], [ 11.018750000065472, 10.353749999852171, 0.0 ], [ 11.016250000280642, 10.355416666969665, 0.0 ], [ 11.016249999789808, 10.357916666455212, 0.0 ], [ 11.0145833330418, 10.357916666394619, 0.0 ], [ 11.014583333178891, 10.360416667042475, 0.0 ], [ 11.01708333339343, 10.367083332886978, 0.0 ], [ 11.016249999607416, 10.369583333450066, 0.0 ], [ 11.017916666393674, 10.370416667052721, 0.0 ], [ 11.018750000282433, 10.372916666738698, 0.0 ], [ 11.018749999637683, 10.376250000356363, 0.0 ], [ 11.023750000275534, 10.383749999983824, 0.0 ], [ 11.023749999780593, 10.387916666386049, 0.0 ], [ 11.022083333143952, 10.388749999911564, 0.0 ], [ 11.021249999868658, 10.391250000187519, 0.0 ], [ 11.022083333738898, 10.403749999703056, 0.0 ], [ 11.026249999929705, 10.407916666699832, 0.0 ], [ 11.026249999929492, 10.409583333099222, 0.0 ], [ 11.028749999983706, 10.41041666630041, 0.0 ], [ 11.029583333281275, 10.412916666874862, 0.0 ], [ 11.028749999903649, 10.422083333777218, 0.0 ], [ 11.027083333071682, 10.422083333358716, 0.0 ], [ 11.027916666299477, 10.425416666924505, 0.0 ], [ 11.02541666703195, 10.427083333284425, 0.0 ], [ 11.02375000011622, 10.430416666952615, 0.0 ], [ 11.024583333383983, 10.435416666753888, 0.0 ], [ 11.022916666698338, 10.43625000008875, 0.0 ], [ 11.023749999838198, 10.438750000204898, 0.0 ], [ 11.022916666778228, 10.442083333185261, 0.0 ], [ 11.024583332917805, 10.442083333316399, 0.0 ], [ 11.026250000296344, 10.444583333160208, 0.0 ], [ 11.027083333498849, 10.453749999722152, 0.0 ], [ 11.025416666811918, 10.454583332903685, 0.0 ], [ 11.025416666276689, 10.456250000385511, 0.0 ], [ 11.027916666494708, 10.457916666767032, 0.0 ], [ 11.027916666294356, 10.459583333330631, 0.0 ], [ 11.031249999892083, 10.459583333531212, 0.0 ], [ 11.031249999614458, 10.457916666586137, 0.0 ], [ 11.0345833335553, 10.454583333425422, 0.0 ], [ 11.041249999659394, 10.452083333526209, 0.0 ], [ 11.04124999991739, 10.453750000316097, 0.0 ], [ 11.04291666695344, 10.454583333692932, 0.0 ], [ 11.045416666227736, 10.453750000321213, 0.0 ], [ 11.048750000230399, 10.455416666814411, 0.0 ], [ 11.05041666655697, 10.457083333552305, 0.0 ], [ 11.049583333784479, 10.458750000347965, 0.0 ], [ 11.052916666613417, 10.462083333098567, 0.0 ], [ 11.05791666632609, 10.461250000047439, 0.0 ], [ 11.061250000074585, 10.462916666988409, 0.0 ], [ 11.065416666850641, 10.462916666361735, 0.0 ], [ 11.06708333361186, 10.463750000086907, 0.0 ], [ 11.06708333345512, 10.465416666687711, 0.0 ], [ 11.071249999962927, 10.466249999592041, 0.0 ], [ 11.073749999843384, 10.468749999845633, 0.0 ], [ 11.073750000447724, 10.471249999963517, 0.0 ], [ 11.077916666966853, 10.475416666806144, 0.0 ], [ 11.079583333304177, 10.475416666977933, 0.0 ], [ 11.082083333293877, 10.472083333650192, 0.0 ], [ 11.084583333204305, 10.472916666836596, 0.0 ], [ 11.084583333156361, 10.474583333335485, 0.0 ], [ 11.087916666641851, 10.47458333344226, 0.0 ], [ 11.089583333199524, 10.477083333608864, 0.0 ], [ 11.09374999971009, 10.477083333041877, 0.0 ], [ 11.094583333315901, 10.47541666627459, 0.0 ], [ 11.096249999735349, 10.477083333029576, 0.0 ], [ 11.098749999661379, 10.477083333219035, 0.0 ], [ 11.098749999711135, 10.475416666633931, 0.0 ], [ 11.101250000127813, 10.473749999876283, 0.0 ], [ 11.101482278102063, 10.473285447342739, 0.0 ], [ 11.102020370538833, 10.472209266901151, 0.0 ], [ 11.102916667034027, 10.470416666680748, 0.0 ], [ 11.106249999556754, 10.470416666232909, 0.0 ], [ 11.107916666544597, 10.468750000332316, 0.0 ], [ 11.116249999643086, 10.469583333631665, 0.0 ], [ 11.120416666485383, 10.467916666674469, 0.0 ], [ 11.122083333217207, 10.465416666259905, 0.0 ], [ 11.126250000116462, 10.466249999926001, 0.0 ], [ 11.127916666299926, 10.463750000055569, 0.0 ], [ 11.130416666428001, 10.463749999914505, 0.0 ], [ 11.131250000245648, 10.4620833337194, 0.0 ], [ 11.13375000020811, 10.46291666680958, 0.0 ], [ 11.135416666448588, 10.46041666641219, 0.0 ], [ 11.14041666680996, 10.460416667053034, 0.0 ], [ 11.143750000433901, 10.464583333651904, 0.0 ], [ 11.142083332933666, 10.466249999950948, 0.0 ], [ 11.142083333459553, 10.4704166669608, 0.0 ], [ 11.143749999706319, 10.472083332932479, 0.0 ], [ 11.145416666935271, 10.479583332962301, 0.0 ], [ 11.147916666401503, 10.482083333040979, 0.0 ], [ 11.150416666313172, 10.482083333572689, 0.0 ], [ 11.154583333383371, 10.485416666685085, 0.0 ] ] ] } },
{ "type": "Feature", "properties": { "OBJECTID": 968, "ActivityID": "GOM01", "Stra_Catch": "Gongola", "Micr_Catch": "Doma", "State": "Gombe", "LGA": "Gombe", "Site_Name": "Tree planting around premises of Ministry of Education Gombe", "Interv_Typ": "Afforestation (Institutional Planting)", "Component": "A - Dryland Management", "Comments": null, "Implemnter": "SPMU", "Start_Date": "2023-06-10T00:00:00", "End_Date": "2023/06/17", "No_Trees_P": 50, "Sub_compon": "A2-1", "Lon": 11.1485817945, "Lat": 11.14814, "Female_pop": 156, "Buffer_Mtr": 18, "Area_Impac": 5.6241209575899997, "Male_pop": 194, "Area_Intev": 2.23006780485, "Netsize_Ha": 0.0, "Indicator": "Area under improved catchment management", "Benefi_pop": 350.0, "Perct_NDVI": 0.0, "parent_micro_name": "Barunde/Doma" }, "geometry": { "type": "Polygon", "coordinates": [ [ [ 11.150053787389814, 10.278237449941951, 0.0 ], [ 11.149939430009432, 10.277845920377452, 0.0 ], [ 11.149933958156215, 10.277564203801697, 0.0 ], [ 11.149939126494802, 10.277137935676654, 0.0 ], [ 11.150005997551871, 10.276671069827833, 0.0 ], [ 11.150180652945442, 10.276418238264419, 0.0 ], [ 11.150187339760919, 10.276407717474374, 0.0 ], [ 11.150193958717646, 10.276395124624777, 0.0 ], [ 11.150199444310129, 10.276382008738263, 0.0 ], [ 11.150203755226034, 10.276368468607652, 0.0 ], [ 11.150206857490373, 10.276354608400194, 0.0 ], [ 11.150208728085248, 10.276340533114247, 0.0 ], [ 11.150209354049506, 10.27632635039296, 0.0 ], [ 11.150208752582447, 10.276312444255078, 0.0 ], [ 11.150206954450946, 10.276298640958778, 0.0 ], [ 11.15016181606171, 10.276039935423828, 0.0 ], [ 11.15015866501294, 10.276025800352244, 0.0 ], [ 11.150154354397587, 10.276012260469585, 0.0 ], [ 11.150148869365731, 10.275999144144315, 0.0 ], [ 11.150142249836865, 10.275986551438015, 0.0 ], [ 11.150134548482137, 10.275974578712303, 0.0 ], [ 11.150125821574084, 10.275963315074213, 0.0 ], [ 11.150116137242632, 10.275952848648231, 0.0 ], [ 11.150105569025941, 10.275943257580771, 0.0 ], [ 11.150094195900921, 10.275934614559061, 0.0 ], [ 11.15008210684617, 10.275926986781004, 0.0 ], [ 11.150064331601884, 10.275918196416317, 0.0 ], [ 11.149980786534433, 10.275882959311119, 0.0 ], [ 11.149877337031475, 10.27583932644289, 0.0 ], [ 11.149823289888527, 10.275816530266399, 0.0 ], [ 11.14957496763973, 10.275711793025565, 0.0 ], [ 11.149566783534711, 10.275708594368101, 0.0 ], [ 11.14955311282165, 10.275704325790343, 0.0 ], [ 11.149539117995332, 10.275701252433118, 0.0 ], [ 11.149524906004636, 10.275699399798626, 0.0 ], [ 11.149510584625466, 10.275698780729863, 0.0 ], [ 11.14949626340387, 10.275699399923489, 0.0 ], [ 11.149482051824856, 10.275701253038152, 0.0 ], [ 11.14946805656232, 10.275704324905101, 0.0 ], [ 11.149454386072613, 10.27570859401683, 0.0 ], [ 11.1494411423446, 10.275714027158804, 0.0 ], [ 11.149428427312179, 10.275720582982284, 0.0 ], [ 11.149416337366594, 10.275728210233035, 0.0 ], [ 11.14940698995812, 10.275735314050314, 0.0 ], [ 11.149404965218265, 10.27573685316198, 0.0 ], [ 11.149394396197547, 10.275746444319088, 0.0 ], [ 11.149384711947892, 10.275756910855659, 0.0 ], [ 11.149376766963604, 10.275767079341435, 0.0 ], [ 11.149369656440905, 10.275777836118538, 0.0 ], [ 11.149330870593342, 10.275841908188045, 0.0 ], [ 11.149280202742364, 10.275925606441453, 0.0 ], [ 11.14927423242124, 10.275935468988061, 0.0 ], [ 11.149003610603076, 10.275918276212945, 0.0 ], [ 11.14862382151323, 10.275895764647469, 0.0 ], [ 11.148409754242291, 10.27588307633528, 0.0 ], [ 11.14829808125757, 10.275876457372956, 0.0 ], [ 11.147882381573543, 10.275851819360506, 0.0 ], [ 11.147428924315351, 10.275824941752433, 0.0 ], [ 11.147419108015612, 10.275824651572229, 0.0 ], [ 11.147415346470908, 10.27582469366439, 0.0 ], [ 11.147410825124318, 10.275824796828246, 0.0 ], [ 11.147398392969324, 10.275825546223679, 0.0 ], [ 11.14738605379674, 10.27582722596156, 0.0 ], [ 11.147383832460527, 10.27582762932977, 0.0 ], [ 11.147379390914292, 10.275828467693227, 0.0 ], [ 11.147366527431158, 10.275831429842382, 0.0 ], [ 11.147353601370108, 10.275835531248534, 0.0 ], [ 11.147349014893964, 10.275837206627008, 0.0 ], [ 11.147336470279031, 10.275842384694915, 0.0 ], [ 11.147324401567062, 10.275848571914652, 0.0 ], [ 11.147320146751191, 10.27585097901672, 0.0 ], [ 11.147308670557038, 10.275858145692757, 0.0 ], [ 11.147298123416025, 10.275865988616006, 0.0 ], [ 11.147294619809903, 10.275868819163401, 0.0 ], [ 11.147292853619149, 10.275870266166924, 0.0 ], [ 11.14728362270378, 10.27587854777331, 0.0 ], [ 11.147275051562909, 10.275887497468615, 0.0 ], [ 11.147272067184629, 10.275890860555586, 0.0 ], [ 11.147269615809128, 10.275893687747898, 0.0 ], [ 11.147262424842001, 10.275902815395961, 0.0 ], [ 11.147255908824683, 10.275912425744631, 0.0 ], [ 11.147253522452433, 10.275916229561229, 0.0 ], [ 11.147250801281379, 10.275920728843683, 0.0 ], [ 11.147245652893975, 10.275930281325167, 0.0 ], [ 11.147241156437579, 10.275940151256425, 0.0 ], [ 11.147239435819289, 10.275944292315783, 0.0 ], [ 11.147236974949674, 10.275950578580471, 0.0 ], [ 11.14723120913634, 10.275969922874649, 0.0 ], [ 11.147230200050876, 10.27597428789308, 0.0 ], [ 11.147228553328524, 10.275982343913586, 0.0 ], [ 11.14722635118436, 10.276000859276587, 0.0 ], [ 11.147226484538599, 10.27600533513078, 0.0 ], [ 11.147225786433889, 10.276015072343519, 0.0 ], [ 11.147226143273118, 10.276019532255788, 0.0 ], [ 11.147226761950121, 10.276032222641453, 0.0 ], [ 11.147226874212423, 10.276033710528273, 0.0 ], [ 11.147227234620223, 10.276036671844137, 0.0 ], [ 11.147228758915279, 10.27604778444663, 0.0 ], [ 11.1472318951533, 10.276061636767329, 0.0 ], [ 11.147232287291533, 10.276063080319512, 0.0 ], [ 11.147233572041065, 10.276067371393143, 0.0 ], [ 11.147234442753502, 10.276070084386935, 0.0 ], [ 11.147236088155964, 10.276075210934524, 0.0 ], [ 11.147237382925722, 10.276079499230192, 0.0 ], [ 11.147242856733826, 10.276092591298665, 0.0 ], [ 11.147244766889544, 10.276096650460692, 0.0 ], [ 11.147251397428677, 10.276109266675292, 0.0 ], [ 11.147258230623153, 10.27611999884093, 0.0 ], [ 11.147260789915391, 10.276123691261347, 0.0 ], [ 11.147270384813543, 10.276136195646103, 0.0 ], [ 11.147277951051453, 10.27614452596181, 0.0 ], [ 11.147281089434239, 10.276147749970198, 0.0 ], [ 11.14729377561715, 10.276159477358645, 0.0 ], [ 11.147301454830416, 10.276165482239429, 0.0 ], [ 11.147305085022376, 10.276168151644891, 0.0 ], [ 11.147320868814143, 10.276178416881041, 0.0 ], [ 11.1473281589232, 10.276182346402299, 0.0 ], [ 11.147332184596426, 10.276184386823831, 0.0 ], [ 11.147350852891938, 10.276192445647867, 0.0 ], [ 11.14735726225846, 10.276194609469609, 0.0 ], [ 11.147361571705353, 10.276195966512752, 0.0 ], [ 11.147372113197028, 10.27619890647672, 0.0 ], [ 11.147382827911496, 10.276201144813987, 0.0 ], [ 11.147388063751759, 10.276201973297962, 0.0 ], [ 11.147392539892968, 10.276202607969168, 0.0 ], [ 11.147406020266505, 10.276203961197542, 0.0 ], [ 11.147859478989659, 10.276230838721832, 0.0 ], [ 11.148275178279702, 10.276255478476648, 0.0 ], [ 11.148600918926048, 10.276274784791488, 0.0 ], [ 11.148979886788339, 10.276297247508893, 0.0 ], [ 11.14933679705284, 10.276319922919376, 0.0 ], [ 11.149355274779053, 10.276345685537748, 0.0 ], [ 11.149383951367536, 10.27638566665807, 0.0 ], [ 11.14939203700086, 10.276396030728796, 0.0 ], [ 11.149394883677079, 10.276399300934569, 0.0 ], [ 11.149429242764285, 10.276437735854081, 0.0 ], [ 11.149516425180169, 10.276535261661373, 0.0 ], [ 11.149470085498233, 10.276697327825206, 0.0 ], [ 11.149466365763539, 10.276713408348575, 0.0 ], [ 11.149466154895304, 10.276714615472679, 0.0 ], [ 11.149415464381926, 10.277012426942543, 0.0 ], [ 11.149406381567728, 10.277046656937134, 0.0 ], [ 11.149346601004028, 10.277271945631847, 0.0 ], [ 11.149343700747925, 10.277285048887627, 0.0 ], [ 11.149341948331656, 10.27729784626346, 0.0 ], [ 11.14930884971513, 10.277641312566233, 0.0 ], [ 11.14930822671783, 10.277650539505624, 0.0 ], [ 11.149294183045177, 10.278013335555466, 0.0 ], [ 11.149294061839521, 10.278019570160263, 0.0 ], [ 11.149294687063714, 10.278033753627874, 0.0 ], [ 11.149296558203195, 10.278047828506216, 0.0 ], [ 11.149296764822504, 10.278048962361973, 0.0 ], [ 11.149322177335836, 10.278186018792427, 0.0 ], [ 11.149249454204346, 10.278143446554202, 0.0 ], [ 11.149248000178419, 10.278142605681303, 0.0 ], [ 11.149235284930153, 10.278136050379498, 0.0 ], [ 11.149222041552878, 10.278130616632554, 0.0 ], [ 11.149208579185272, 10.2781264036207, 0.0 ], [ 11.149194799758725, 10.278123349629162, 0.0 ], [ 11.148508922634512, 10.278001735378551, 0.0 ], [ 11.147899368571235, 10.277838482558607, 0.0 ], [ 11.147398355229782, 10.277573586153986, 0.0 ], [ 11.147383824068017, 10.277566785203572, 0.0 ], [ 11.146856004643615, 10.277350367705367, 0.0 ], [ 11.146849349807793, 10.277347806004716, 0.0 ], [ 11.146835678113758, 10.27734353642178, 0.0 ], [ 11.146821683220079, 10.277340463860517, 0.0 ], [ 11.146807471145276, 10.277338611118591, 0.0 ], [ 11.146793149671996, 10.277337991943616, 0.0 ], [ 11.146778829259624, 10.277338611027007, 0.0 ], [ 11.146764616656162, 10.277340464046377, 0.0 ], [ 11.14675062219283, 10.2773435367133, 0.0 ], [ 11.146736950664319, 10.277347805737659, 0.0 ], [ 11.146723706804311, 10.277353238791255, 0.0 ], [ 11.146710992541614, 10.277359793622241, 0.0 ], [ 11.14669890246166, 10.27736742170049, 0.0 ], [ 11.146687530170201, 10.277376064560068, 0.0 ], [ 11.146679705594696, 10.277383000060341, 0.0 ], [ 11.146672345146252, 10.277390416946718, 0.0 ], [ 11.1465843988871, 10.277484886223867, 0.0 ], [ 11.1465793303478, 10.277490591414226, 0.0 ], [ 11.14657060411275, 10.27750185506636, 0.0 ], [ 11.146562902070054, 10.277513827779433, 0.0 ], [ 11.146556282939882, 10.277526420587884, 0.0 ], [ 11.146550797180309, 10.277539537350133, 0.0 ], [ 11.146546486086946, 10.277553076562167, 0.0 ], [ 11.146543383654739, 10.277566936768347, 0.0 ], [ 11.146541512897066, 10.277581012066518, 0.0 ], [ 11.146540887695355, 10.277595195711141, 0.0 ], [ 11.14654151278684, 10.277609378305705, 0.0 ], [ 11.146543383807312, 10.27762345412931, 0.0 ], [ 11.146546486329663, 10.277637313912365, 0.0 ], [ 11.146550796837507, 10.277650853868487, 0.0 ], [ 11.146552444841667, 10.277655148866007, 0.0 ], [ 11.146702214997086, 10.278029445497806, 0.0 ], [ 11.146707047943444, 10.278040341860827, 0.0 ], [ 11.146712672321165, 10.278050859693831, 0.0 ], [ 11.146720373636335, 10.278062833419227, 0.0 ], [ 11.146729100509548, 10.278074096256722, 0.0 ], [ 11.146738784829425, 10.278084562792241, 0.0 ], [ 11.146749353964356, 10.278094153968539, 0.0 ], [ 11.146760726193405, 10.278102796211659, 0.0 ], [ 11.146772816206312, 10.278110425009901, 0.0 ], [ 11.146785530503898, 10.278116979521169, 0.0 ], [ 11.146798774765934, 10.278122412466475, 0.0 ], [ 11.146813171496548, 10.278126872471752, 0.0 ], [ 11.149694524411585, 10.278877528192464, 0.0 ], [ 11.149707791631061, 10.278880409303834, 0.0 ], [ 11.149721021186044, 10.278882174419435, 0.0 ], [ 11.149734352113866, 10.278882870520649, 0.0 ], [ 11.149982365768835, 10.27888559072213, 0.0 ], [ 11.149994718612991, 10.278885920014844, 0.0 ], [ 11.149996690293596, 10.278885979240965, 0.0 ], [ 11.150011010739444, 10.278885360002441, 0.0 ], [ 11.150025223361803, 10.278883506830581, 0.0 ], [ 11.150039217829004, 10.278880434015052, 0.0 ], [ 11.150052889346043, 10.27887616484726, 0.0 ], [ 11.150066133185206, 10.278870732560437, 0.0 ], [ 11.150078848311956, 10.278864176690192, 0.0 ], [ 11.15009093834032, 10.278856549395094, 0.0 ], [ 11.150102310559154, 10.278847906424735, 0.0 ], [ 11.150112879637565, 10.278838315229629, 0.0 ], [ 11.150122563931683, 10.27882784865894, 0.0 ], [ 11.150131290053825, 10.27881658583388, 0.0 ], [ 11.150138991959784, 10.278804612153873, 0.0 ], [ 11.150145610948936, 10.278792019296485, 0.0 ], [ 11.150151096564517, 10.278778903403774, 0.0 ], [ 11.150155407494022, 10.278765363268658, 0.0 ], [ 11.150158509762351, 10.278751503058377, 0.0 ], [ 11.150160381264168, 10.278737427765281, 0.0 ], [ 11.150161006300609, 10.278723245050708, 0.0 ], [ 11.150160381030339, 10.278709061593428, 0.0 ], [ 11.150158509837539, 10.278694985825382, 0.0 ], [ 11.150156859058574, 10.278687320449119, 0.0 ], [ 11.150155468196528, 10.278681112149114, 0.0 ], [ 11.150056200145164, 10.278246725430209, 0.0 ], [ 11.150053787389814, 10.278237449941951, 0.0 ] ] ] } },
{ "type": "Feature", "properties": { "OBJECTID": 95, "ActivityID": "GOM15", "Stra_Catch": "Gongola", "Micr_Catch": "Bajoga", "State": "Gombe", "LGA": "Nafada", "Site_Name": "GSU Dukku campus", "Interv_Typ": "Afforestation (Institutional Planting)", "Component": "A - Dryland Management", "Comments": null, "Implemnter": "SPMU", "Start_Date": "2023-04-24T00:00:00", "End_Date": "2023/05/01", "No_Trees_P": 640, "Sub_compon": "A2-1", "Lon": 10.7817870674, "Lat": 10.809878, "Female_pop": 564, "Buffer_Mtr": 18, "Area_Impac": 5.2467052390699997, "Male_pop": 801, "Area_Intev": 1.95539830598, "Netsize_Ha": 5.0467098236099996, "Indicator": "Area under improved catchment management", "Benefi_pop": 1365.0, "Perct_NDVI": 0.0, "parent_micro_name": "Dukku/Gombe_Abba" }, "geometry": { "type": "Polygon", "coordinates": [ [ [ 10.78095352141524, 10.809874489610062, 0.0 ], [ 10.781225046676175, 10.809760470605616, 0.0 ], [ 10.78139517623007, 10.809821279948585, 0.0 ], [ 10.781488007309818, 10.809926135038172, 0.0 ], [ 10.781493875461079, 10.809932421982369, 0.0 ], [ 10.781908069844878, 10.810353401743942, 0.0 ], [ 10.781920256139271, 10.810364594410951, 0.0 ], [ 10.781931648323294, 10.810373236947456, 0.0 ], [ 10.781943758714894, 10.810380864665413, 0.0 ], [ 10.781956495531308, 10.810387419334115, 0.0 ], [ 10.7819697615623, 10.810392852698147, 0.0 ], [ 10.781983456881189, 10.810397121037825, 0.0 ], [ 10.781997475240841, 10.810400194229967, 0.0 ], [ 10.782011712249464, 10.810402046660736, 0.0 ], [ 10.782026058109153, 10.810402666307542, 0.0 ], [ 10.782040403968377, 10.81040204656636, 0.0 ], [ 10.782054640141292, 10.810400194398024, 0.0 ], [ 10.782068659711811, 10.810397121267449, 0.0 ], [ 10.782082354015197, 10.81039285220969, 0.0 ], [ 10.782095620829917, 10.810387419454608, 0.0 ], [ 10.782108357073469, 10.810380864277144, 0.0 ], [ 10.782120467945981, 10.810373236944454, 0.0 ], [ 10.782131859604647, 10.810364594950174, 0.0 ], [ 10.782140802731419, 10.810356607116052, 0.0 ], [ 10.782149130438121, 10.810347993646777, 0.0 ], [ 10.782428713659765, 10.810036750647734, 0.0 ], [ 10.782431730853659, 10.810033294413104, 0.0 ], [ 10.782440472665289, 10.810022031630343, 0.0 ], [ 10.782448187998304, 10.81001005880074, 0.0 ], [ 10.782454817953239, 10.809997466664486, 0.0 ], [ 10.782460312806295, 10.809984351332767, 0.0 ], [ 10.782464631078881, 10.809970811581239, 0.0 ], [ 10.782467738639328, 10.809956951567111, 0.0 ], [ 10.782469613253292, 10.809942877186975, 0.0 ], [ 10.782470239086914, 10.809928694300472, 0.0 ], [ 10.782469613123368, 10.809914511405237, 0.0 ], [ 10.782467738746311, 10.809900436961986, 0.0 ], [ 10.782464631210004, 10.809886576650907, 0.0 ], [ 10.782460313094248, 10.809873037917916, 0.0 ], [ 10.78245514202646, 10.809860612413338, 0.0 ], [ 10.782448951419452, 10.809848652024709, 0.0 ], [ 10.782350063847243, 10.809675600834035, 0.0 ], [ 10.782487073799619, 10.809455193778907, 0.0 ], [ 10.782488738284442, 10.809452456799729, 0.0 ], [ 10.78248985188956, 10.809450578185354, 0.0 ], [ 10.782492869480148, 10.809445176535847, 0.0 ], [ 10.782493697904124, 10.809443625911845, 0.0 ], [ 10.782496124192974, 10.809438895731921, 0.0 ], [ 10.78292350461858, 10.808571049871079, 0.0 ], [ 10.783201306609092, 10.808089237944012, 0.0 ], [ 10.78320788666146, 10.808076567441306, 0.0 ], [ 10.783209883887318, 10.808072268232205, 0.0 ], [ 10.783214977745937, 10.808060007684348, 0.0 ], [ 10.783216067051583, 10.808056957622323, 0.0 ], [ 10.783216857137917, 10.808054645144994, 0.0 ], [ 10.783247430995482, 10.807962921299259, 0.0 ], [ 10.783531662725153, 10.80814542670319, 0.0 ], [ 10.783627721699542, 10.808207106347698, 0.0 ], [ 10.783635075878056, 10.808211562203269, 0.0 ], [ 10.783640088289845, 10.808214309454851, 0.0 ], [ 10.78364430939147, 10.808216529721735, 0.0 ], [ 10.783654641163663, 10.808221511691332, 0.0 ], [ 10.783665299665017, 10.808225769476785, 0.0 ], [ 10.783670717302765, 10.808227614002496, 0.0 ], [ 10.783675264930686, 10.808229075734243, 0.0 ], [ 10.783686316377565, 10.80823220938405, 0.0 ], [ 10.783697561694819, 10.808234572608603, 0.0 ], [ 10.78370322238705, 10.80823545929654, 0.0 ], [ 10.783707957287328, 10.80823611719298, 0.0 ], [ 10.783719389516344, 10.808237305943276, 0.0 ], [ 10.783730878334678, 10.808237703364872, 0.0 ], [ 10.783736609097836, 10.808237604285711, 0.0 ], [ 10.783741387604936, 10.808237440192258, 0.0 ], [ 10.78375285476643, 10.808236648071773, 0.0 ], [ 10.783764238626627, 10.808235066334296, 0.0 ], [ 10.783769879448931, 10.808233982411924, 0.0 ], [ 10.783774557105788, 10.80823299897069, 0.0 ], [ 10.783785703655381, 10.808230251536381, 0.0 ], [ 10.783796629905646, 10.808226741492204, 0.0 ], [ 10.783801987152623, 10.808224709100774, 0.0 ], [ 10.783806420587444, 10.808222937875671, 0.0 ], [ 10.78381691966216, 10.808218317471171, 0.0 ], [ 10.783827066139509, 10.808212983132858, 0.0 ], [ 10.783831978339267, 10.808210065580937, 0.0 ], [ 10.783836033457325, 10.808207560682431, 0.0 ], [ 10.783845564925917, 10.808201205660685, 0.0 ], [ 10.78385462352459, 10.808194208815804, 0.0 ], [ 10.783858957635674, 10.808190483711876, 0.0 ], [ 10.783862511442727, 10.808187320882398, 0.0 ], [ 10.783870776562051, 10.808179430040994, 0.0 ], [ 10.783878465109458, 10.808170988375547, 0.0 ], [ 10.783882069214904, 10.808166588581171, 0.0 ], [ 10.783885013463911, 10.808162863366059, 0.0 ], [ 10.783891773116141, 10.808153667702456, 0.0 ], [ 10.78389786630061, 10.808144027502149, 0.0 ], [ 10.78390065142429, 10.80813906020342, 0.0 ], [ 10.783902896262131, 10.80813488612181, 0.0 ], [ 10.783907932717561, 10.808124677077963, 0.0 ], [ 10.783912235764346, 10.808114145924241, 0.0 ], [ 10.783914105967867, 10.808108778011562, 0.0 ], [ 10.783915583566058, 10.808104282015421, 0.0 ], [ 10.783918750483968, 10.808093362373066, 0.0 ], [ 10.783921139044889, 10.808082251056678, 0.0 ], [ 10.783922038562665, 10.808076639244357, 0.0 ], [ 10.78392270401028, 10.808071958097312, 0.0 ], [ 10.783923621821293, 10.808060620232757, 0.0 ], [ 10.783923741700811, 10.808058778993139, 0.0 ], [ 10.783924118228891, 10.808049303785465, 0.0 ], [ 10.783924180889899, 10.808044587246897, 0.0 ], [ 10.783924151589707, 10.808043651774353, 0.0 ], [ 10.783923964584996, 10.808038928541361, 0.0 ], [ 10.783923475344368, 10.80803040753446, 0.0 ], [ 10.783923184404637, 10.808027593249141, 0.0 ], [ 10.783921638399299, 10.808016330178967, 0.0 ], [ 10.783920455379384, 10.808010790055494, 0.0 ], [ 10.783919446950616, 10.808006169197618, 0.0 ], [ 10.783918575571183, 10.808002458782122, 0.0 ], [ 10.783916771101181, 10.80799511695554, 0.0 ], [ 10.783913218874842, 10.807984306622055, 0.0 ], [ 10.783911165006979, 10.807979015607261, 0.0 ], [ 10.783909374358092, 10.807974632498306, 0.0 ], [ 10.783904699061056, 10.807964250818053, 0.0 ], [ 10.783899302542594, 10.807954216822617, 0.0 ], [ 10.783896339487152, 10.807949340570046, 0.0 ], [ 10.783893804907711, 10.807945330589048, 0.0 ], [ 10.783887382468301, 10.807935918142055, 0.0 ], [ 10.783880311740756, 10.807926971382901, 0.0 ], [ 10.783876562270548, 10.807922706255848, 0.0 ], [ 10.783873363126327, 10.807919192792651, 0.0 ], [ 10.783865373391576, 10.807911010700678, 0.0 ], [ 10.783856825605115, 10.807903400447586, 0.0 ], [ 10.783852352328489, 10.807899819308549, 0.0 ], [ 10.783848584347339, 10.807896909386491, 0.0 ], [ 10.783836909356028, 10.807888676251272, 0.0 ], [ 10.783704580218295, 10.807803707439113, 0.0 ], [ 10.783451601011176, 10.807641267785385, 0.0 ], [ 10.78332828004516, 10.807465629620639, 0.0 ], [ 10.783321679532758, 10.80745687087458, 0.0 ], [ 10.78331938043339, 10.807454024786354, 0.0 ], [ 10.783316857037205, 10.807450977496252, 0.0 ], [ 10.783304453971645, 10.807437900375412, 0.0 ], [ 10.783301791081399, 10.807435386347432, 0.0 ], [ 10.783293906309513, 10.807428405952935, 0.0 ], [ 10.783284815234227, 10.807421385512487, 0.0 ], [ 10.7832818345214, 10.8074192457675, 0.0 ], [ 10.783267423221059, 10.807409996028126, 0.0 ], [ 10.783263122613532, 10.807407626148356, 0.0 ], [ 10.783259879173873, 10.807405900144397, 0.0 ], [ 10.783249977964772, 10.807401048559324, 0.0 ], [ 10.782341471283093, 10.806992878679493, 0.0 ], [ 10.782329468023073, 10.806988040993955, 0.0 ], [ 10.782325136622477, 10.80698649391887, 0.0 ], [ 10.782312571807243, 10.806982564378353, 0.0 ], [ 10.782299728556948, 10.806979640790102, 0.0 ], [ 10.782295414342613, 10.806978836705481, 0.0 ], [ 10.782293511321788, 10.806978493313657, 0.0 ], [ 10.782281396998291, 10.806976837451451, 0.0 ], [ 10.782269191938964, 10.806976075266586, 0.0 ], [ 10.782264802257432, 10.806975963178724, 0.0 ], [ 10.782260540017013, 10.806975909115863, 0.0 ], [ 10.782249482769645, 10.806976276640583, 0.0 ], [ 10.782238476480286, 10.806977377017002, 0.0 ], [ 10.782234125640857, 10.806977958978583, 0.0 ], [ 10.782227607469945, 10.806978962954577, 0.0 ], [ 10.782208413969487, 10.806983496043658, 0.0 ], [ 10.782204212517398, 10.806984756049076, 0.0 ], [ 10.782195691529829, 10.806987564213651, 0.0 ], [ 10.782179692991583, 10.806994287350843, 0.0 ], [ 10.782175748638373, 10.806996194042801, 0.0 ], [ 10.782165744393302, 10.807001458800807, 0.0 ], [ 10.782153079976391, 10.80700947170169, 0.0 ], [ 10.782149493017533, 10.807011976589672, 0.0 ], [ 10.782138656052087, 10.807020232974377, 0.0 ], [ 10.782129258406719, 10.80702865914561, 0.0 ], [ 10.782126122641312, 10.80703169750452, 0.0 ], [ 10.782115231525021, 10.807043328842482, 0.0 ], [ 10.782108851645194, 10.807051343462494, 0.0 ], [ 10.782106245253804, 10.807054838001283, 0.0 ], [ 10.782096168993842, 10.807070058049163, 0.0 ], [ 10.782092337577554, 10.807077002999222, 0.0 ], [ 10.782090329522656, 10.807080863823966, 0.0 ], [ 10.782082035259727, 10.807099626323735, 0.0 ], [ 10.782080202766336, 10.807104881915855, 0.0 ], [ 10.782078843659503, 10.807109008390444, 0.0 ], [ 10.782075653228803, 10.807119983302929, 0.0 ], [ 10.782073250311257, 10.8071311525539, 0.0 ], [ 10.782072707938859, 10.807134382067296, 0.0 ], [ 10.782072032837108, 10.807138671837267, 0.0 ], [ 10.782070529939624, 10.807151591470234, 0.0 ], [ 10.782052973968712, 10.807384203997517, 0.0 ], [ 10.782052516910905, 10.807396313036135, 0.0 ], [ 10.782052529955324, 10.807398368662755, 0.0 ], [ 10.782052590700671, 10.807403084493798, 0.0 ], [ 10.782053297397137, 10.807416235463203, 0.0 ], [ 10.782055077905037, 10.807429287126837, 0.0 ], [ 10.782055440590623, 10.807431246720538, 0.0 ], [ 10.782056325625984, 10.807435880957065, 0.0 ], [ 10.782059335771294, 10.807448742919886, 0.0 ], [ 10.782063389375589, 10.807461320431386, 0.0 ], [ 10.782064063819371, 10.807463117314455, 0.0 ], [ 10.782065747630739, 10.807467529983128, 0.0 ], [ 10.782070981222709, 10.807479716487416, 0.0 ], [ 10.782077199619009, 10.807491440790077, 0.0 ], [ 10.782078150915726, 10.807493048043696, 0.0 ], [ 10.782080583338907, 10.807497105641364, 0.0 ], [ 10.782087889980929, 10.807508232449164, 0.0 ], [ 10.782096089032223, 10.80751873486761, 0.0 ], [ 10.782097273983426, 10.807520114772821, 0.0 ], [ 10.782100381139729, 10.80752369387711, 0.0 ], [ 10.782109545761429, 10.807533418707541, 0.0 ], [ 10.782119483966438, 10.80754237157743, 0.0 ], [ 10.782120805245613, 10.807543455991349, 0.0 ], [ 10.782124491407865, 10.807546449577979, 0.0 ], [ 10.78213526639006, 10.80755449271413, 0.0 ], [ 10.78214667246306, 10.807561634535126, 0.0 ], [ 10.782148151372274, 10.807562469438995, 0.0 ], [ 10.782152307183283, 10.807564785026337, 0.0 ], [ 10.782165066761554, 10.807571189509309, 0.0 ], [ 10.782702236317553, 10.807812367339372, 0.0 ], [ 10.782868377258882, 10.807886960639008, 0.0 ], [ 10.782858119451243, 10.807917735114458, 0.0 ], [ 10.7825867550726, 10.808388381384496, 0.0 ], [ 10.782584149375241, 10.808393078246988, 0.0 ], [ 10.782583320066104, 10.808394633395945, 0.0 ], [ 10.782580932669358, 10.808399290126763, 0.0 ], [ 10.782230401524412, 10.809111081831029, 0.0 ], [ 10.782154938296431, 10.809264317999771, 0.0 ], [ 10.782131914124674, 10.809301356724568, 0.0 ], [ 10.782125100616637, 10.809294004907244, 0.0 ], [ 10.782114513936859, 10.809284413946548, 0.0 ], [ 10.782103121794883, 10.809275771410507, 0.0 ], [ 10.78209101053482, 10.809268143697141, 0.0 ], [ 10.782078273767592, 10.809261589026486, 0.0 ], [ 10.782065007793793, 10.809256156563109, 0.0 ], [ 10.782053027906056, 10.80925235111658, 0.0 ], [ 10.781562412125128, 10.809116751889576, 0.0 ], [ 10.78156109054556, 10.809116392486017, 0.0 ], [ 10.780940530602386, 10.808950372432246, 0.0 ], [ 10.780926117599437, 10.808947194782531, 0.0 ], [ 10.780911881568459, 10.808945341380308, 0.0 ], [ 10.780897535777735, 10.80894472257426, 0.0 ], [ 10.78088318997098, 10.808945341347773, 0.0 ], [ 10.780868953854602, 10.808947194356449, 0.0 ], [ 10.78085493432796, 10.808950267424043, 0.0 ], [ 10.780841240060498, 10.808954536420083, 0.0 ], [ 10.780827973273231, 10.80895996911531, 0.0 ], [ 10.780815236133856, 10.808966524240679, 0.0 ], [ 10.780803126185047, 10.808974151513825, 0.0 ], [ 10.780791733612016, 10.808982793462786, 0.0 ], [ 10.780781147637652, 10.808992384485116, 0.0 ], [ 10.78077144646466, 10.809002850905836, 0.0 ], [ 10.780763276851582, 10.809013311209922, 0.0 ], [ 10.780755993279726, 10.809024391976545, 0.0 ], [ 10.780422543703983, 10.809579794403554, 0.0 ], [ 10.779770075292593, 10.810318559698809, 0.0 ], [ 10.779767970971244, 10.810320989128732, 0.0 ], [ 10.779759229955056, 10.810332251847599, 0.0 ], [ 10.779751514503587, 10.810344225531994, 0.0 ], [ 10.779745277776566, 10.810356070463799, 0.0 ], [ 10.779744884421124, 10.810356817629087, 0.0 ], [ 10.779739389438024, 10.810369932932018, 0.0 ], [ 10.779735071034144, 10.810383472665452, 0.0 ], [ 10.779731963337161, 10.810397331768378, 0.0 ], [ 10.779730088598749, 10.810411407056217, 0.0 ], [ 10.779729462638111, 10.810425589957406, 0.0 ], [ 10.779730088473398, 10.810439771974096, 0.0 ], [ 10.779731962738232, 10.810453847357248, 0.0 ], [ 10.779735071072595, 10.81046770680514, 0.0 ], [ 10.779739389090453, 10.810481246497803, 0.0 ], [ 10.779744884171196, 10.810494361758749, 0.0 ], [ 10.779751514587879, 10.810506954291904, 0.0 ], [ 10.779759229475255, 10.810518926757901, 0.0 ], [ 10.779767971615483, 10.810530189990001, 0.0 ], [ 10.779774512047201, 10.810537444900458, 0.0 ], [ 10.78011039493469, 10.810888322885631, 0.0 ], [ 10.780124142415854, 10.810901125702602, 0.0 ], [ 10.780135534581969, 10.810909768310061, 0.0 ], [ 10.780147644963366, 10.810917396102031, 0.0 ], [ 10.780156571770554, 10.810922134967072, 0.0 ], [ 10.780376612610315, 10.811030465344952, 0.0 ], [ 10.780393688658011, 10.811037713749529, 0.0 ], [ 10.780407384002075, 10.811041983061813, 0.0 ], [ 10.780421403297378, 10.811045055413951, 0.0 ], [ 10.780435639430195, 10.811046908823297, 0.0 ], [ 10.780449985324109, 10.811047527634992, 0.0 ], [ 10.780464331234265, 10.811046908865645, 0.0 ], [ 10.780478567453134, 10.811045055859738, 0.0 ], [ 10.780492587080248, 10.811041982793547, 0.0 ], [ 10.780506281445094, 10.811037713797658, 0.0 ], [ 10.780519548325682, 10.811032281101523, 0.0 ], [ 10.780532284638999, 10.811025725979571, 0.0 ], [ 10.780544395584647, 10.811018098698542, 0.0 ], [ 10.780555787319251, 10.811009456751721, 0.0 ], [ 10.780566374276741, 10.810999865720662, 0.0 ], [ 10.780576075510826, 10.810989399296329, 0.0 ], [ 10.78058481742217, 10.810978136551341, 0.0 ], [ 10.780592531934943, 10.810966162854534, 0.0 ], [ 10.780595193228503, 10.810961426808777, 0.0 ], [ 10.780674924938239, 10.810813751173368, 0.0 ], [ 10.780791177953271, 10.810598432680175, 0.0 ], [ 10.780796285213999, 10.810588112065577, 0.0 ], [ 10.780800643469675, 10.810577461288053, 0.0 ], [ 10.780804960910316, 10.810563921552308, 0.0 ], [ 10.780808069471085, 10.810550062440992, 0.0 ], [ 10.780809943243598, 10.810535987159852, 0.0 ], [ 10.780810570066841, 10.810521804259348, 0.0 ], [ 10.780809943260628, 10.810507621354326, 0.0 ], [ 10.780808068951162, 10.810493546889779, 0.0 ], [ 10.780804961483165, 10.810479687455318, 0.0 ], [ 10.780800643419949, 10.810466147785137, 0.0 ], [ 10.780795148297083, 10.810453032550191, 0.0 ], [ 10.780788517842039, 10.810440440046147, 0.0 ], [ 10.780780802000827, 10.810428466713274, 0.0 ], [ 10.78077206075071, 10.810417204414044, 0.0 ], [ 10.780762443209632, 10.810406820433228, 0.0 ], [ 10.780751953842723, 10.810397296664943, 0.0 ], [ 10.780689576195764, 10.810345399467232, 0.0 ], [ 10.780903274263839, 10.809924152327374, 0.0 ], [ 10.78095352141524, 10.809874489610062, 0.0 ] ] ] } },
{ "type": "Feature", "properties": { "OBJECTID": 96, "ActivityID": "GOM16", "Stra_Catch": "Gongola", "Micr_Catch": "Dukku", "State": "Gombe", "LGA": "Dukku", "Site_Name": "Perimeter tree planting around GSU Dukku campus", "Interv_Typ": "Afforestation (Shelterbelt)", "Component": "A - Dryland Management", "Comments": null, "Implemnter": "SPMU", "Start_Date": "2023-08-28T00:00:00", "End_Date": "2023/08/29", "No_Trees_P": 102, "Sub_compon": "A2-1", "Lon": 10.781685227500001, "Lat": 10.810152, "Female_pop": 235, "Buffer_Mtr": 18, "Area_Impac": 12.915951203700001, "Male_pop": 275, "Area_Intev": 2.0074969620699998, "Netsize_Ha": 12.5159002304, "Indicator": "Area under improved catchment management", "Benefi_pop": 510.0, "Perct_NDVI": 0.0, "parent_micro_name": "Dukku/Gombe_Abba" }, "geometry": { "type": "MultiPolygon", "coordinates": [ [ [ [ 10.782523451466972, 10.809085115868351, 0.0 ], [ 10.783123974000828, 10.807919111750936, 0.0 ], [ 10.783131964445758, 10.807900936777331, 0.0 ], [ 10.783136282672098, 10.807887397024217, 0.0 ], [ 10.783139390200065, 10.807873537913865, 0.0 ], [ 10.783141264779577, 10.80785946263093, 0.0 ], [ 10.783141890593043, 10.807845279746948, 0.0 ], [ 10.783141264618424, 10.807831096855596, 0.0 ], [ 10.783139390239464, 10.807817022417543, 0.0 ], [ 10.783136281801447, 10.8078031630222, 0.0 ], [ 10.783131964611124, 10.807789623387686, 0.0 ], [ 10.783126469456036, 10.807776507296463, 0.0 ], [ 10.783119838994187, 10.807763915750506, 0.0 ], [ 10.783112124070032, 10.807751942472501, 0.0 ], [ 10.783103381923087, 10.807740680244191, 0.0 ], [ 10.783093681631362, 10.80773021364306, 0.0 ], [ 10.783083094074815, 10.807720622716097, 0.0 ], [ 10.783073075566424, 10.807712941373003, 0.0 ], [ 10.783062489292368, 10.807706045267972, 0.0 ], [ 10.78298252410602, 10.807658220377963, 0.0 ], [ 10.782979627411263, 10.80765652762633, 0.0 ], [ 10.782966889784738, 10.807649972085235, 0.0 ], [ 10.782953623876733, 10.807644539650768, 0.0 ], [ 10.782939929591391, 10.807640270426463, 0.0 ], [ 10.782925910452889, 10.807637198166962, 0.0 ], [ 10.782911673573397, 10.807635344854194, 0.0 ], [ 10.782897328770758, 10.807634726126476, 0.0 ], [ 10.782882983045068, 10.807635344982396, 0.0 ], [ 10.782868746102118, 10.807637198076918, 0.0 ], [ 10.782854727583656, 10.807640271217366, 0.0 ], [ 10.782841032495664, 10.80764453938979, 0.0 ], [ 10.782827766726484, 10.807649972151214, 0.0 ], [ 10.782815029694635, 10.807656527343902, 0.0 ], [ 10.782802918947302, 10.807664155588935, 0.0 ], [ 10.782791527401246, 10.807672797590124, 0.0 ], [ 10.782780940621091, 10.807682387765674, 0.0 ], [ 10.782771239567735, 10.807692855136306, 0.0 ], [ 10.782762497817956, 10.807704117013369, 0.0 ], [ 10.782754782548093, 10.807716090745123, 0.0 ], [ 10.782752423438779, 10.807720271807808, 0.0 ], [ 10.782702236317553, 10.807812367339372, 0.0 ], [ 10.782277809786446, 10.808591202210954, 0.0 ], [ 10.781421863106054, 10.807960392713161, 0.0 ], [ 10.781658302118503, 10.807472155148817, 0.0 ], [ 10.7816645132388, 10.807457540480213, 0.0 ], [ 10.781668831531212, 10.807444000737782, 0.0 ], [ 10.781671939127719, 10.807430141631825, 0.0 ], [ 10.781673813777735, 10.80741606634696, 0.0 ], [ 10.781674439663121, 10.80740188345473, 0.0 ], [ 10.781673813761293, 10.807387700548894, 0.0 ], [ 10.781671939455444, 10.807373626090223, 0.0 ], [ 10.781668831090283, 10.807359766668274, 0.0 ], [ 10.781664513057688, 10.807346227006658, 0.0 ], [ 10.781659017978665, 10.807333111781494, 0.0 ], [ 10.78165238758033, 10.807320519288419, 0.0 ], [ 10.781644672722617, 10.807308545962348, 0.0 ], [ 10.781635931553559, 10.807297283676155, 0.0 ], [ 10.781634826697573, 10.80729599551514, 0.0 ], [ 10.781571866458965, 10.807223358522576, 0.0 ], [ 10.781562665001104, 10.807213585068141, 0.0 ], [ 10.781552683597065, 10.807204589936905, 0.0 ], [ 10.78154129155601, 10.807195947363978, 0.0 ], [ 10.781529181312933, 10.80718831960677, 0.0 ], [ 10.781516444649265, 10.80718176489621, 0.0 ], [ 10.781503178779172, 10.807176332391842, 0.0 ], [ 10.781489483611857, 10.807172063101703, 0.0 ], [ 10.78147546449992, 10.807168990770453, 0.0 ], [ 10.781461228555338, 10.807167137380551, 0.0 ], [ 10.781446882852766, 10.807166518586692, 0.0 ], [ 10.781432537135235, 10.80716713737217, 0.0 ], [ 10.781418301108456, 10.807168990392503, 0.0 ], [ 10.781404281671115, 10.807172063471347, 0.0 ], [ 10.781390587486662, 10.807176331574178, 0.0 ], [ 10.781377320786076, 10.807181764279592, 0.0 ], [ 10.781364584645443, 10.807188319409233, 0.0 ], [ 10.781352473869047, 10.807195947600444, 0.0 ], [ 10.781341082288227, 10.807204589552166, 0.0 ], [ 10.781330495473219, 10.807214180586957, 0.0 ], [ 10.781320794369222, 10.80722464701396, 0.0 ], [ 10.781312273841719, 10.807235597508054, 0.0 ], [ 10.781304724710196, 10.807247223115894, 0.0 ], [ 10.780918761771865, 10.80790105074327, 0.0 ], [ 10.780911938048558, 10.807913973024878, 0.0 ], [ 10.780906443146783, 10.807927088335411, 0.0 ], [ 10.780902124809716, 10.807940627169344, 0.0 ], [ 10.780899017180486, 10.807954487177552, 0.0 ], [ 10.780897143408664, 10.807968562458255, 0.0 ], [ 10.7808965165753, 10.807982745359684, 0.0 ], [ 10.780897143355672, 10.807996927362952, 0.0 ], [ 10.780899017640085, 10.80801100273489, 0.0 ], [ 10.780902125068369, 10.808024862173861, 0.0 ], [ 10.780906443083163, 10.808038401849469, 0.0 ], [ 10.780911938149499, 10.808051517090618, 0.0 ], [ 10.780918568540542, 10.808064109601391, 0.0 ], [ 10.780926283396592, 10.808076082946556, 0.0 ], [ 10.780935025484084, 10.808087345247655, 0.0 ], [ 10.780944725725487, 10.80809781192646, 0.0 ], [ 10.780955313241192, 10.808107402935232, 0.0 ], [ 10.780958592307377, 10.808110053553946, 0.0 ], [ 10.782230401524412, 10.809111081831029, 0.0 ], [ 10.782268412655355, 10.809141000167932, 0.0 ], [ 10.782271748920987, 10.809143578118853, 0.0 ], [ 10.782279841092079, 10.809149595480468, 0.0 ], [ 10.782281587221851, 10.80915077597758, 0.0 ], [ 10.782291932384064, 10.809157248613745, 0.0 ], [ 10.78230466915506, 10.80916380417956, 0.0 ], [ 10.782317935127168, 10.809169236632629, 0.0 ], [ 10.782331630395459, 10.809173505869191, 0.0 ], [ 10.782345649606224, 10.809176578144987, 0.0 ], [ 10.782359885646397, 10.809178431477948, 0.0 ], [ 10.782374231440246, 10.809179050213778, 0.0 ], [ 10.782388577243688, 10.809178431369711, 0.0 ], [ 10.782402813350011, 10.809176578290755, 0.0 ], [ 10.782416832859587, 10.809173505153751, 0.0 ], [ 10.782430527108154, 10.809169236993796, 0.0 ], [ 10.782443793863957, 10.80916380423292, 0.0 ], [ 10.782456530050288, 10.809157249050021, 0.0 ], [ 10.782468640862362, 10.809149620808324, 0.0 ], [ 10.782480033382825, 10.809140978804212, 0.0 ], [ 10.782490620217844, 10.809131388630188, 0.0 ], [ 10.782500320406124, 10.809120921265647, 0.0 ], [ 10.782509062199328, 10.809109659388893, 0.0 ], [ 10.782516777506562, 10.809097685657097, 0.0 ], [ 10.782520835649404, 10.809090112918335, 0.0 ], [ 10.782523451466972, 10.809085115868351, 0.0 ] ] ], [ [ [ 10.782140675986623, 10.811742838481813, 0.0 ], [ 10.785502036517268, 10.805100205587825, 0.0 ], [ 10.785507616632666, 10.805087934980516, 0.0 ], [ 10.78550930193421, 10.805083777686242, 0.0 ], [ 10.785511188698324, 10.80507889783509, 0.0 ], [ 10.785514592369742, 10.80506859786904, 0.0 ], [ 10.785517295352101, 10.805058095839126, 0.0 ], [ 10.785518265238897, 10.805053720294042, 0.0 ], [ 10.785519585006123, 10.805047124308734, 0.0 ], [ 10.785521875840404, 10.80502707117647, 0.0 ], [ 10.785522104512831, 10.805022598665811, 0.0 ], [ 10.78552231385995, 10.805014392742276, 0.0 ], [ 10.785521229868751, 10.804995752174523, 0.0 ], [ 10.785520711637327, 10.804991302963286, 0.0 ], [ 10.785519294207628, 10.804981686253031, 0.0 ], [ 10.785515378705938, 10.804964952311119, 0.0 ], [ 10.785514126173318, 10.804960647462572, 0.0 ], [ 10.785510615951802, 10.804949982450367, 0.0 ], [ 10.785504471761795, 10.804935506923488, 0.0 ], [ 10.785502518544394, 10.80493146466746, 0.0 ], [ 10.785496537998119, 10.804920232654833, 0.0 ], [ 10.78548881663731, 10.804908252242765, 0.0 ], [ 10.785486218247542, 10.804904582546554, 0.0 ], [ 10.785477482571238, 10.804893328483233, 0.0 ], [ 10.78546883456824, 10.804883912651325, 0.0 ], [ 10.785465661099796, 10.804880717261977, 0.0 ], [ 10.78545402134465, 10.804870075712726, 0.0 ], [ 10.785445083668245, 10.804863165636673, 0.0 ], [ 10.785441420662316, 10.804860529939955, 0.0 ], [ 10.785426856095199, 10.804851169984799, 0.0 ], [ 10.785418221959871, 10.804846575109091, 0.0 ], [ 10.785414170415869, 10.80484456993749, 0.0 ], [ 10.785396802127439, 10.804837177013093, 0.0 ], [ 10.785393446815032, 10.804836012155986, 0.0 ], [ 10.785385965532871, 10.804825973955845, 0.0 ], [ 10.785382971123672, 10.80482228756232, 0.0 ], [ 10.785380715769502, 10.804819570508343, 0.0 ], [ 10.785372249906166, 10.804810338940893, 0.0 ], [ 10.785363095804328, 10.804801773982028, 0.0 ], [ 10.785359499457927, 10.804798658778369, 0.0 ], [ 10.785356831675932, 10.80479639791541, 0.0 ], [ 10.785346890361355, 10.804788771336952, 0.0 ], [ 10.785336389451569, 10.804781918199888, 0.0 ], [ 10.785332301438988, 10.804779466661074, 0.0 ], [ 10.785329240515718, 10.80477767634161, 0.0 ], [ 10.785319693933523, 10.804772632925159, 0.0 ], [ 10.781427011467004, 10.802876272056888, 0.0 ], [ 10.781413902412819, 10.802870572837351, 0.0 ], [ 10.781409456740258, 10.802868863677293, 0.0 ], [ 10.781406108299612, 10.8028676182751, 0.0 ], [ 10.781394180890445, 10.802863827826998, 0.0 ], [ 10.781381996413003, 10.802860945575073, 0.0 ], [ 10.781377319473711, 10.802860023326074, 0.0 ], [ 10.781373718408972, 10.80285935432539, 0.0 ], [ 10.781361327039241, 10.802857671069098, 0.0 ], [ 10.781348841523338, 10.802856923998107, 0.0 ], [ 10.781344073386352, 10.802856817684987, 0.0 ], [ 10.781340369043242, 10.802856776657286, 0.0 ], [ 10.781327916281256, 10.802857242568884, 0.0 ], [ 10.781315534840985, 10.802858639192213, 0.0 ], [ 10.781310820901458, 10.802859350689085, 0.0 ], [ 10.781307072844855, 10.802859959891169, 0.0 ], [ 10.781294941631513, 10.80286254473981, 0.0 ], [ 10.781283040631589, 10.802866025032433, 0.0 ], [ 10.781278521574446, 10.802867532736549, 0.0 ], [ 10.781274840540071, 10.802868808706355, 0.0 ], [ 10.781263367774466, 10.802873427382446, 0.0 ], [ 10.781252278516103, 10.80287888728302, 0.0 ], [ 10.781248092144754, 10.802881146104165, 0.0 ], [ 10.78124465166445, 10.80288305529764, 0.0 ], [ 10.781234192138205, 10.802889555692335, 0.0 ], [ 10.781224254602552, 10.802896812441313, 0.0 ], [ 10.781220527615231, 10.802899754753277, 0.0 ], [ 10.781217422603987, 10.802902266791406, 0.0 ], [ 10.781208296894821, 10.802910431904898, 0.0 ], [ 10.781199814164736, 10.802919247811214, 0.0 ], [ 10.781196658491831, 10.802922782568773, 0.0 ], [ 10.781193980164739, 10.802925859861912, 0.0 ], [ 10.781186443762245, 10.802935444141358, 0.0 ], [ 10.781179651110779, 10.802945556592643, 0.0 ], [ 10.781177162144804, 10.802949579285823, 0.0 ], [ 10.781175035158439, 10.802953118059346, 0.0 ], [ 10.781170232907616, 10.802961959764122, 0.0 ], [ 10.777817883523804, 10.809619283154399, 0.0 ], [ 10.777812042108264, 10.809632277483491, 0.0 ], [ 10.777810293180366, 10.809636676490122, 0.0 ], [ 10.777808809991953, 10.80964055054884, 0.0 ], [ 10.777805051154509, 10.809652079253336, 0.0 ], [ 10.777802169746595, 10.809663853317382, 0.0 ], [ 10.777801219538851, 10.809668485480437, 0.0 ], [ 10.777800433507663, 10.80967258152805, 0.0 ], [ 10.77779875760835, 10.809684569231356, 0.0 ], [ 10.777797987477468, 10.809696645738313, 0.0 ], [ 10.777797864424603, 10.809701370773514, 0.0 ], [ 10.7777978095673, 10.809705564765645, 0.0 ], [ 10.777798265820204, 10.809717673086837, 0.0 ], [ 10.777799632407136, 10.809729713792624, 0.0 ], [ 10.777800342068948, 10.809734388835212, 0.0 ], [ 10.777801020043023, 10.809738496345402, 0.0 ], [ 10.77780359521438, 10.809750341158658, 0.0 ], [ 10.777807055111516, 10.80976196211104, 0.0 ], [ 10.777808574702661, 10.809766444459379, 0.0 ], [ 10.777809965790482, 10.809770377912599, 0.0 ], [ 10.777814579079704, 10.809781591752893, 0.0 ], [ 10.777820022285429, 10.809792435598935, 0.0 ], [ 10.777822306198784, 10.809796589010727, 0.0 ], [ 10.777824375010834, 10.809800239226014, 0.0 ], [ 10.777830895609499, 10.809810502828309, 0.0 ], [ 10.777838171247309, 10.809820258554483, 0.0 ], [ 10.777841150150241, 10.809823955060008, 0.0 ], [ 10.777843809847976, 10.80982717156828, 0.0 ], [ 10.777852020880566, 10.809836146274753, 0.0 ], [ 10.777860882911185, 10.809844491663167, 0.0 ], [ 10.77786446563811, 10.809847622402431, 0.0 ], [ 10.777867679381039, 10.809850360215384, 0.0 ], [ 10.777877352606748, 10.809857796026076, 0.0 ], [ 10.777887558265958, 10.809864499240467, 0.0 ], [ 10.777891637261936, 10.8098669671999, 0.0 ], [ 10.777895260729116, 10.809869096971415, 0.0 ], [ 10.777904187483147, 10.809873836816395, 0.0 ], [ 10.780266276032458, 10.811036736875044, 0.0 ], [ 10.780350767972852, 10.811078333930428, 0.0 ], [ 10.781881337163583, 10.811831861228594, 0.0 ], [ 10.781894425940637, 10.811837616529395, 0.0 ], [ 10.781898870958209, 10.811839345552723, 0.0 ], [ 10.781902857385637, 10.811840838565168, 0.0 ], [ 10.781914485672834, 10.811844545685773, 0.0 ], [ 10.781926360324752, 10.811847389870213, 0.0 ], [ 10.781931040257927, 10.811848330151586, 0.0 ], [ 10.781935251135465, 10.81184912036273, 0.0 ], [ 10.781947350104391, 10.811850774488947, 0.0 ], [ 10.781959538910955, 10.81185153765399, 0.0 ], [ 10.781964313685823, 10.811851660169465, 0.0 ], [ 10.78196860800924, 10.811851715848748, 0.0 ], [ 10.781980791504541, 10.811851269488413, 0.0 ], [ 10.781992907566771, 10.811849933074356, 0.0 ], [ 10.781997629954619, 10.811849235961432, 0.0 ], [ 10.782001914394602, 10.811848546799339, 0.0 ], [ 10.782013802168676, 10.811846023842557, 0.0 ], [ 10.782025469061891, 10.811842639741576, 0.0 ], [ 10.782029999282338, 10.811841143694888, 0.0 ], [ 10.782034157709237, 10.811839709457526, 0.0 ], [ 10.782045424664529, 10.811835182292493, 0.0 ], [ 10.78205632291084, 10.811829845460439, 0.0 ], [ 10.782060522236687, 10.811827594672655, 0.0 ], [ 10.782064360211221, 10.811825470722152, 0.0 ], [ 10.782074640573651, 10.811819091524054, 0.0 ], [ 10.7820844182746, 10.811811981176159, 0.0 ], [ 10.782088158186143, 10.811809045093153, 0.0 ], [ 10.782091603665668, 10.811806264389412, 0.0 ], [ 10.782100591377837, 10.811798232901044, 0.0 ], [ 10.782108957228678, 10.811789569487066, 0.0 ], [ 10.782112125782266, 10.811786037347122, 0.0 ], [ 10.782115059422839, 10.811782674707052, 0.0 ], [ 10.782122488942429, 10.81177323834962, 0.0 ], [ 10.782126346251101, 10.811767419629513, 0.0 ], [ 10.78212909482547, 10.811763221855093, 0.0 ], [ 10.782131626928857, 10.81175921969024, 0.0 ], [ 10.782134017560352, 10.811755416318183, 0.0 ], [ 10.782138607385242, 10.811746824412182, 0.0 ], [ 10.782140675986623, 10.811742838481813, 0.0 ] ], [ [ 10.778247263667517, 10.809618569105666, 0.0 ], [ 10.781428804795448, 10.803300436241019, 0.0 ], [ 10.785082611450012, 10.805080426348816, 0.0 ], [ 10.783704580218295, 10.807803707439113, 0.0 ], [ 10.783531662725153, 10.80814542670319, 0.0 ], [ 10.781880957353083, 10.81140750208006, 0.0 ], [ 10.780674924938239, 10.810813751173368, 0.0 ], [ 10.780523357867867, 10.810739131619036, 0.0 ], [ 10.780303316307553, 10.810630801323693, 0.0 ], [ 10.779745277776566, 10.810356070463799, 0.0 ], [ 10.778247263667517, 10.809618569105666, 0.0 ] ] ] ] } },
{ "type": "Feature", "properties": { "OBJECTID": 100, "ActivityID": "GOM20", "Stra_Catch": "Gongola", "Micr_Catch": "Gombe Abba", "State": "Gombe", "LGA": "Dukku", "Site_Name": "Dukku community Science Secondary school Afforestation", "Interv_Typ": "Afforestation (Institutional Planting)", "Component": "A - Dryland Management", "Comments": null, "Implemnter": "SPMU", "Start_Date": "2024-12-14T00:00:00", "End_Date": "2024/12/14", "No_Trees_P": 1667, "Sub_compon": "A2-1", "Lon": 10.758853890199999, "Lat": 10.826096, "Female_pop": 640, "Buffer_Mtr": 0, "Area_Impac": 1.5062574695199999, "Male_pop": 680, "Area_Intev": 1.50625821119, "Netsize_Ha": 1.5062600374199999, "Indicator": "Area under improved catchment management", "Benefi_pop": 1320.0, "Perct_NDVI": 0.0, "parent_micro_name": "Dukku/Gombe_Abba" }, "geometry": { "type": "Polygon", "coordinates": [ [ [ 10.759360990137321, 10.827210657752927, 0.0 ], [ 10.759336581630064, 10.825807694528546, 0.0 ], [ 10.758269729804338, 10.825766589693334, 0.0 ], [ 10.758610327896525, 10.827128664325198, 0.0 ], [ 10.759360990137321, 10.827210657752927, 0.0 ] ] ] } },
{ "type": "Feature", "properties": { "OBJECTID": 120, "ActivityID": "GOM40", "Stra_Catch": "Gongola", "Micr_Catch": "Dukku", "State": "Gombe", "LGA": "Dukku", "Site_Name": "Mai unguwa Dalati", "Interv_Typ": "Afforestation (Tree Planting)", "Component": "A - Dryland Management", "Comments": null, "Implemnter": "SPMU", "Start_Date": "2024-03-08T00:00:00", "End_Date": "2024/03/08", "No_Trees_P": 184, "Sub_compon": "A2-1", "Lon": 11.3369423106, "Lat": 11.091791, "Female_pop": 425, "Buffer_Mtr": 0, "Area_Impac": 256.34514964099998, "Male_pop": 270, "Area_Intev": 256.3451384, "Netsize_Ha": 256.34500122100002, "Indicator": "Area under improved catchment management", "Benefi_pop": 695.0, "Perct_NDVI": 0.0, "parent_micro_name": "Dukku/Gombe_Abba" }, "geometry": { "type": "Polygon", "coordinates": [ [ [ 11.336157285760798, 11.103652838999494, 0.0 ], [ 11.34790359666407, 11.095472745173854, 0.0 ], [ 11.338846047224918, 11.084618667519928, 0.0 ], [ 11.32569306598247, 11.0950511404836, 0.0 ], [ 11.336157285760798, 11.103652838999494, 0.0 ] ] ] } },
{ "type": "Feature", "properties": { "OBJECTID": 190, "ActivityID": null, "Stra_Catch": "Gongola", "Micr_Catch": "Bajoga", "State": "Gombe", "LGA": "Nafada", "Site_Name": "Nafada Woodload at Plant nursery", "Interv_Typ": "Afforestation (Woodlot)", "Component": "A - Dryland Management", "Comments": null, "Implemnter": "SPMU", "Start_Date": "2023-07-30T00:00:00", "End_Date": "2023/04/09", "No_Trees_P": 42, "Sub_compon": "A2-1", "Lon": 11.2692889731, "Lat": 11.098058, "Female_pop": 29, "Buffer_Mtr": 0, "Area_Impac": 0.52706654598799996, "Male_pop": 59, "Area_Intev": 0.53703230361900001, "Netsize_Ha": 0.53703200817100005, "Indicator": "Area under improved catchment management", "Benefi_pop": 88.0, "Perct_NDVI": 0.0, "parent_micro_name": "Dukku/Gombe_Abba" }, "geometry": { "type": "Polygon", "coordinates": [ [ [ 11.269113950231356, 11.098465784189111, 0.0 ], [ 11.269719560487584, 11.097420315529765, 0.0 ], [ 11.269318044808374, 11.097207242527723, 0.0 ], [ 11.268876734805284, 11.098346777181256, 0.0 ], [ 11.269113950231356, 11.098465784189111, 0.0 ] ] ] } },
{ "type": "Feature", "properties": { "OBJECTID": 194, "ActivityID": null, "Stra_Catch": "Gongola", "Micr_Catch": "Gombe/Abba", "State": "Gombe", "LGA": "Dukku", "Site_Name": "Jamari woodload at Plant nursery", "Interv_Typ": "Afforestation (Woodlot)", "Component": "A - Dryland Management", "Comments": null, "Implemnter": "SPMU", "Start_Date": "2023-07-30T00:00:00", "End_Date": "2023/04/09", "No_Trees_P": 127, "Sub_compon": "A2-1", "Lon": 10.9305516732, "Lat": 11.044911, "Female_pop": 37, "Buffer_Mtr": 0, "Area_Impac": 1.00041338089, "Male_pop": 58, "Area_Intev": 1.0181034255300001, "Netsize_Ha": 1.0181000232699999, "Indicator": "Area under improved catchment management", "Benefi_pop": 95.0, "Perct_NDVI": 0.0, "parent_micro_name": "Dukku/Gombe_Abba" }, "geometry": { "type": "Polygon", "coordinates": [ [ [ 10.93028780402212, 11.044371593808393, 0.0 ], [ 10.929989856466868, 11.045284949320465, 0.0 ], [ 10.930847740567605, 11.045533435675807, 0.0 ], [ 10.931107576697141, 11.044648733074315, 0.0 ], [ 10.93028780402212, 11.044371593808393, 0.0 ] ] ] } },
{ "type": "Feature", "properties": { "OBJECTID": 191, "ActivityID": null, "Stra_Catch": "Gongola", "Micr_Catch": "FCE-T", "State": "Gombe", "LGA": "Kwami", "Site_Name": "Malam sidi Woodload at Plant nursery", "Interv_Typ": "Afforestation (Woodlot)", "Component": "A - Dryland Management", "Comments": null, "Implemnter": "SPMU", "Start_Date": "2023-07-30T00:00:00", "End_Date": "2023/04/09", "No_Trees_P": 54, "Sub_compon": "A2-1", "Lon": 11.2858572763, "Lat": 10.466264, "Female_pop": 48, "Buffer_Mtr": 0, "Area_Impac": 0.99274357972399996, "Male_pop": 77, "Area_Intev": 1.01165585143, "Netsize_Ha": 1.0116599798200001, "Indicator": "Area under improved catchment management", "Benefi_pop": 125.0, "Perct_NDVI": 0.0, "parent_micro_name": "Kwami" }, "geometry": { "type": "Polygon", "coordinates": [ [ [ 11.285313087581654, 10.466404702726411, 0.0 ], [ 11.286187585049696, 10.46664248737375, 0.0 ], [ 11.286408569424655, 10.46578365634887, 0.0 ], [ 11.286242485373917, 10.465744449799361, 0.0 ], [ 11.285971237994666, 10.465657058706448, 0.0 ], [ 11.285507327479623, 10.465533190659528, 0.0 ], [ 11.285313087581654, 10.466404702726411, 0.0 ] ] ] } },
{ "type": "Feature", "properties": { "OBJECTID": 964, "ActivityID": null, "Stra_Catch": "Gongola", "Micr_Catch": "FCE-T", "State": "Gombe", "LGA": "Gombe", "Site_Name": "FCE-T Gully Erosion Control", "Interv_Typ": "Civil Works (Gully Erosion Control)", "Component": "A - Dryland Management", "Comments": null, "Implemnter": "SPMU", "Start_Date": "2024-09-30T00:00:00", "End_Date": "2025/11/12", "No_Trees_P": 0, "Sub_compon": "A2-2", "Lon": 11.1519581606, "Lat": 10.3433690986, "Female_pop": 0, "Buffer_Mtr": 0, "Area_Impac": 57453.830746, "Male_pop": 0, "Area_Intev": 0.0, "Netsize_Ha": 57453.830746, "Indicator": "Area under improved catchment management", "Benefi_pop": 0.0, "Perct_NDVI": 0.0, "parent_micro_name": "Kwami" }, "geometry": { "type": "Polygon", "coordinates": [ [ [ 11.154583333383371, 10.485416666685085, 0.0 ], [ 11.160416666434326, 10.483749999612307, 0.0 ], [ 11.168750000002797, 10.48458333318507, 0.0 ], [ 11.170416666312194, 10.482083333759055, 0.0 ], [ 11.169583333170317, 10.480416666295289, 0.0 ], [ 11.171249999832604, 10.476249999925846, 0.0 ], [ 11.177916666380739, 10.473749999931663, 0.0 ], [ 11.177916666864554, 10.472083333438322, 0.0 ], [ 11.181249999845914, 10.468749999690639, 0.0 ], [ 11.181250000086798, 10.466250000365827, 0.0 ], [ 11.18291666653144, 10.466250000089248, 0.0 ], [ 11.183750000181295, 10.462083333739223, 0.0 ], [ 11.187083333722853, 10.461250000086476, 0.0 ], [ 11.189583333415419, 10.456250000166172, 0.0 ], [ 11.192916666827022, 10.454583333446752, 0.0 ], [ 11.18958333305698, 10.448750000078601, 0.0 ], [ 11.182083333764707, 10.442083333386652, 0.0 ], [ 11.182916666846371, 10.438749999672996, 0.0 ], [ 11.180416666882671, 10.436250000255949, 0.0 ], [ 11.181249999870161, 10.435416666880503, 0.0 ], [ 11.179583333024985, 10.433749999707461, 0.0 ], [ 11.180416666478731, 10.430416666563159, 0.0 ], [ 11.177916666303817, 10.42791666655385, 0.0 ], [ 11.17791666672905, 10.424583333387758, 0.0 ], [ 11.176249999915001, 10.42374999967798, 0.0 ], [ 11.175416666344448, 10.416249999716873, 0.0 ], [ 11.171249999853661, 10.412916666648412, 0.0 ], [ 11.171249999560645, 10.411249999563829, 0.0 ], [ 11.172916666917118, 10.41041666670837, 0.0 ], [ 11.17208333378167, 10.403749999852227, 0.0 ], [ 11.174583333513837, 10.401250000346268, 0.0 ], [ 11.173749999731008, 10.398749999590393, 0.0 ], [ 11.172083333484927, 10.397916666387797, 0.0 ], [ 11.171249999923941, 10.390416666562034, 0.0 ], [ 11.173749999876947, 10.385416666745561, 0.0 ], [ 11.175416666242002, 10.384583333394918, 0.0 ], [ 11.174583333713358, 10.382916666479712, 0.0 ], [ 11.177083333622285, 10.379583333749538, 0.0 ], [ 11.180416666811455, 10.376249999693155, 0.0 ], [ 11.183749999816873, 10.376249999741242, 0.0 ], [ 11.183749999869537, 10.374583333376524, 0.0 ], [ 11.185416666329735, 10.374583333434703, 0.0 ], [ 11.187083333247443, 10.37125000042467, 0.0 ], [ 11.19125000025462, 10.372083333345035, 0.0 ], [ 11.19291666704776, 10.369583332937932, 0.0 ], [ 11.194583332990764, 10.369583333046165, 0.0 ], [ 11.196250000431682, 10.372083333016548, 0.0 ], [ 11.198749999833469, 10.3712500002604, 0.0 ], [ 11.200416666583834, 10.373749999855523, 0.0 ], [ 11.202916667084663, 10.372916666762007, 0.0 ], [ 11.204583332909422, 10.374583333750545, 0.0 ], [ 11.20624999967912, 10.372916666604521, 0.0 ], [ 11.208750000217504, 10.372916666773136, 0.0 ], [ 11.216250000060231, 10.366249999633668, 0.0 ], [ 11.221249999548693, 10.367083333027013, 0.0 ], [ 11.222916666722931, 10.365416666507606, 0.0 ], [ 11.223750000265873, 10.366249999749487, 0.0 ], [ 11.227916666765141, 10.365416667029294, 0.0 ], [ 11.231250000120927, 10.360416666652398, 0.0 ], [ 11.234583333663613, 10.358750000422932, 0.0 ], [ 11.237083333328291, 10.359583333037168, 0.0 ], [ 11.237916666906955, 10.362916666373827, 0.0 ], [ 11.243750000277435, 10.364583333138064, 0.0 ], [ 11.246250000016914, 10.363750000338658, 0.0 ], [ 11.24625000023919, 10.362083333096601, 0.0 ], [ 11.247916666604544, 10.361250000068956, 0.0 ], [ 11.256250000389784, 10.362083333643406, 0.0 ], [ 11.257916666905045, 10.36125000013385, 0.0 ], [ 11.25875000042039, 10.358750000352654, 0.0 ], [ 11.265416666494675, 10.364583333652735, 0.0 ], [ 11.268750000248671, 10.365416666757083, 0.0 ], [ 11.271249999783944, 10.364583332898976, 0.0 ], [ 11.272083333059074, 10.366250000424428, 0.0 ], [ 11.285416666957872, 10.365416666952212, 0.0 ], [ 11.286249999597249, 10.367083333210719, 0.0 ], [ 11.287916667087577, 10.366250000363427, 0.0 ], [ 11.293750000395228, 10.367083333064182, 0.0 ], [ 11.29624999979065, 10.363749999615209, 0.0 ], [ 11.299583333590544, 10.362916666384436, 0.0 ], [ 11.301250000085034, 10.359583333341797, 0.0 ], [ 11.303749999228705, 10.359583333761231, 0.0 ], [ 11.303749999794096, 10.357916667260582, 0.0 ], [ 11.30708333318583, 10.355416666709814, 0.0 ], [ 11.306249999864486, 10.353750000452919, 0.0 ], [ 11.309583332716382, 10.352083333786561, 0.0 ], [ 11.309583333010876, 10.347916666828358, 0.0 ], [ 11.31208333351522, 10.346250000382389, 0.0 ], [ 11.312916666783513, 10.342083333457435, 0.0 ], [ 11.316249999924599, 10.339583333779192, 0.0 ], [ 11.31541666707861, 10.338749999574006, 0.0 ], [ 11.316249999747949, 10.337083333580495, 0.0 ], [ 11.315416666554814, 10.334583333224037, 0.0 ], [ 11.313749999960994, 10.333749999646615, 0.0 ], [ 11.312083333554423, 10.327083333211037, 0.0 ], [ 11.310416666812468, 10.326249999910608, 0.0 ], [ 11.311250000333292, 10.323749999850499, 0.0 ], [ 11.309583333461406, 10.322083333127148, 0.0 ], [ 11.310416666681922, 10.319583332898, 0.0 ], [ 11.307916666442809, 10.318750000411931, 0.0 ], [ 11.307083333298456, 10.315416666318166, 0.0 ], [ 11.305416666881598, 10.31458333345193, 0.0 ], [ 11.305416666705073, 10.312083333741922, 0.0 ], [ 11.303749999718011, 10.312083333192069, 0.0 ], [ 11.302916666687429, 10.309583333192949, 0.0 ], [ 11.297083332977444, 10.307083333428205, 0.0 ], [ 11.296249999746324, 10.30291666656786, 0.0 ], [ 11.28374999997664, 10.302083333486948, 0.0 ], [ 11.277083333040313, 10.303749999676372, 0.0 ], [ 11.274583333427305, 10.300416666808758, 0.0 ], [ 11.272083333702851, 10.300416667012717, 0.0 ], [ 11.267083333576842, 10.296250000097388, 0.0 ], [ 11.267083333506147, 10.294583333208845, 0.0 ], [ 11.262083332982753, 10.290416667080207, 0.0 ], [ 11.26208333304643, 10.288749999687898, 0.0 ], [ 11.258750000085373, 10.287916666707668, 0.0 ], [ 11.255416666502226, 10.281250000273374, 0.0 ], [ 11.252916667021012, 10.282083332975445, 0.0 ], [ 11.240416666926565, 10.281249999621235, 0.0 ], [ 11.240416666773131, 10.277916667012608, 0.0 ], [ 11.237083333711213, 10.27708333352548, 0.0 ], [ 11.237083333604879, 10.274583333191812, 0.0 ], [ 11.235416666583451, 10.27458333309888, 0.0 ], [ 11.233750000159551, 10.268749999741578, 0.0 ], [ 11.231249999931041, 10.267916666994243, 0.0 ], [ 11.230416666375513, 10.2654166665777, 0.0 ], [ 11.22791666693192, 10.265416667038471, 0.0 ], [ 11.228749999716831, 10.262916666767667, 0.0 ], [ 11.227083333256308, 10.257083333151707, 0.0 ], [ 11.227916666523063, 10.245416666484669, 0.0 ], [ 11.225416667102346, 10.2387499997749, 0.0 ], [ 11.225416666695322, 10.233750000206321, 0.0 ], [ 11.223749999667907, 10.233750000417862, 0.0 ], [ 11.224583333413607, 10.229583333061603, 0.0 ], [ 11.222083333016638, 10.228750000428423, 0.0 ], [ 11.221250000376415, 10.227083333457809, 0.0 ], [ 11.212916666677719, 10.227916666783051, 0.0 ], [ 11.208749999661459, 10.22458333355196, 0.0 ], [ 11.205416666858433, 10.22458333372694, 0.0 ], [ 11.202083333059518, 10.22541666692419, 0.0 ], [ 11.201250000075136, 10.227083333575976, 0.0 ], [ 11.195416666472635, 10.227083333337195, 0.0 ], [ 11.193749999876973, 10.22875000042133, 0.0 ], [ 11.189583333452248, 10.226250000144695, 0.0 ], [ 11.189583333456884, 10.228750000069384, 0.0 ], [ 11.186249999756519, 10.232916667068213, 0.0 ], [ 11.182083333102106, 10.23291666636503, 0.0 ], [ 11.181249999612435, 10.234583333098501, 0.0 ], [ 11.177083333294004, 10.236249999781728, 0.0 ], [ 11.177083332909865, 10.237916666286337, 0.0 ], [ 11.170416666833052, 10.23708333288412, 0.0 ], [ 11.168750000014413, 10.238750000447107, 0.0 ], [ 11.163750000356174, 10.239583333663257, 0.0 ], [ 11.161249999642248, 10.237916666603196, 0.0 ], [ 11.155416666498187, 10.237916666993236, 0.0 ], [ 11.142916666526759, 10.225416666251665, 0.0 ], [ 11.140416666983642, 10.225416666901326, 0.0 ], [ 11.140416666557192, 10.223750000252853, 0.0 ], [ 11.135416666685273, 10.222083333700208, 0.0 ], [ 11.135416666863058, 10.218750000268155, 0.0 ], [ 11.131250000017713, 10.208750000256737, 0.0 ], [ 11.128749999994337, 10.208750000427292, 0.0 ], [ 11.118750000124589, 10.197916667083009, 0.0 ], [ 11.116250000076429, 10.197916666826849, 0.0 ], [ 11.116249999878308, 10.199583333278969, 0.0 ], [ 11.114583333351922, 10.200416666289456, 0.0 ], [ 11.113749999871292, 10.206249999885632, 0.0 ], [ 11.111249999985599, 10.207916666391984, 0.0 ], [ 11.107916667103765, 10.221250000433674, 0.0 ], [ 11.104583333076334, 10.227916666722226, 0.0 ], [ 11.107916666621332, 10.247916666720942, 0.0 ], [ 11.109583333730486, 10.249583333542521, 0.0 ], [ 11.112083333759225, 10.249583333695183, 0.0 ], [ 11.112083333549224, 10.252083333721565, 0.0 ], [ 11.113749999678936, 10.252916666269664, 0.0 ], [ 11.114583333238132, 10.256249999676044, 0.0 ], [ 11.113750000345101, 10.257083333561196, 0.0 ], [ 11.114583333305818, 10.26458333307761, 0.0 ], [ 11.112083333628473, 10.26958333364964, 0.0 ], [ 11.1087499996943, 10.270416666409158, 0.0 ], [ 11.107916666925119, 10.268750000006532, 0.0 ], [ 11.082916666918205, 10.272916666585008, 0.0 ], [ 11.079583333443326, 10.267083333534563, 0.0 ], [ 11.077916666306125, 10.267083333277204, 0.0 ], [ 11.077916666873561, 10.265416666821761, 0.0 ], [ 11.076250000270964, 10.264583333059274, 0.0 ], [ 11.065416666619328, 10.266249999977623, 0.0 ], [ 11.057083333593512, 10.262083333025569, 0.0 ], [ 11.055416666792068, 10.264583333153753, 0.0 ], [ 11.048749999808591, 10.267083333141965, 0.0 ], [ 11.047083333241565, 10.267083333234053, 0.0 ], [ 11.046249999988301, 10.265416666239991, 0.0 ], [ 11.045416666421724, 10.266249999904392, 0.0 ], [ 11.042916666865333, 10.265416666805745, 0.0 ], [ 11.042916666770374, 10.267916666701211, 0.0 ], [ 11.040416666301297, 10.270416666868957, 0.0 ], [ 11.027083333464493, 10.269583333334062, 0.0 ], [ 11.024583333610657, 10.273749999976877, 0.0 ], [ 11.025416666332257, 10.276250000032329, 0.0 ], [ 11.022916666880223, 10.27875000011009, 0.0 ], [ 11.022083333075463, 10.284583332948264, 0.0 ], [ 11.02041666622323, 10.285416666400447, 0.0 ], [ 11.021249999568608, 10.291250000259943, 0.0 ], [ 11.019583333335508, 10.292916666792856, 0.0 ], [ 11.019583333560059, 10.296249999681184, 0.0 ], [ 11.022083333615383, 10.298750000416335, 0.0 ], [ 11.022916666293559, 10.302916667110457, 0.0 ], [ 11.022083333141783, 10.303750000191886, 0.0 ], [ 11.022916666868833, 10.310416666818142, 0.0 ], [ 11.021250000210827, 10.314583333578987, 0.0 ], [ 11.018750000161379, 10.316249999760958, 0.0 ], [ 11.018749999812469, 10.318750000028936, 0.0 ], [ 11.016249999883447, 10.320416666643812, 0.0 ], [ 11.017083333648856, 10.322916666908789, 0.0 ], [ 11.015416666323663, 10.323749999607342, 0.0 ], [ 11.013750000116616, 10.332083333405691, 0.0 ], [ 11.01958333311063, 10.343749999748402, 0.0 ], [ 11.018749999908726, 10.345416666255758, 0.0 ], [ 11.019583332947507, 10.347083333416725, 0.0 ], [ 11.017916666506178, 10.349583332975755, 0.0 ], [ 11.018750000065472, 10.353749999852171, 0.0 ], [ 11.016250000280642, 10.355416666969665, 0.0 ], [ 11.016249999789808, 10.357916666455212, 0.0 ], [ 11.0145833330418, 10.357916666394619, 0.0 ], [ 11.014583333178891, 10.360416667042475, 0.0 ], [ 11.01708333339343, 10.367083332886978, 0.0 ], [ 11.016249999607416, 10.369583333450066, 0.0 ], [ 11.017916666393674, 10.370416667052721, 0.0 ], [ 11.018750000282433, 10.372916666738698, 0.0 ], [ 11.018749999637683, 10.376250000356363, 0.0 ], [ 11.023750000275534, 10.383749999983824, 0.0 ], [ 11.023749999780593, 10.387916666386049, 0.0 ], [ 11.022083333143952, 10.388749999911564, 0.0 ], [ 11.021249999868658, 10.391250000187519, 0.0 ], [ 11.022083333738898, 10.403749999703056, 0.0 ], [ 11.026249999929705, 10.407916666699832, 0.0 ], [ 11.026249999929492, 10.409583333099222, 0.0 ], [ 11.028749999983706, 10.41041666630041, 0.0 ], [ 11.029583333281275, 10.412916666874862, 0.0 ], [ 11.028749999903649, 10.422083333777218, 0.0 ], [ 11.027083333071682, 10.422083333358716, 0.0 ], [ 11.027916666299477, 10.425416666924505, 0.0 ], [ 11.02541666703195, 10.427083333284425, 0.0 ], [ 11.02375000011622, 10.430416666952615, 0.0 ], [ 11.024583333383983, 10.435416666753888, 0.0 ], [ 11.022916666698338, 10.43625000008875, 0.0 ], [ 11.023749999838198, 10.438750000204898, 0.0 ], [ 11.022916666778228, 10.442083333185261, 0.0 ], [ 11.024583332917805, 10.442083333316399, 0.0 ], [ 11.026250000296344, 10.444583333160208, 0.0 ], [ 11.027083333498849, 10.453749999722152, 0.0 ], [ 11.025416666811918, 10.454583332903685, 0.0 ], [ 11.025416666276689, 10.456250000385511, 0.0 ], [ 11.027916666494708, 10.457916666767032, 0.0 ], [ 11.027916666294356, 10.459583333330631, 0.0 ], [ 11.031249999892083, 10.459583333531212, 0.0 ], [ 11.031249999614458, 10.457916666586137, 0.0 ], [ 11.0345833335553, 10.454583333425422, 0.0 ], [ 11.041249999659394, 10.452083333526209, 0.0 ], [ 11.04124999991739, 10.453750000316097, 0.0 ], [ 11.04291666695344, 10.454583333692932, 0.0 ], [ 11.045416666227736, 10.453750000321213, 0.0 ], [ 11.048750000230399, 10.455416666814411, 0.0 ], [ 11.05041666655697, 10.457083333552305, 0.0 ], [ 11.049583333784479, 10.458750000347965, 0.0 ], [ 11.052916666613417, 10.462083333098567, 0.0 ], [ 11.05791666632609, 10.461250000047439, 0.0 ], [ 11.061250000074585, 10.462916666988409, 0.0 ], [ 11.065416666850641, 10.462916666361735, 0.0 ], [ 11.06708333361186, 10.463750000086907, 0.0 ], [ 11.06708333345512, 10.465416666687711, 0.0 ], [ 11.071249999962927, 10.466249999592041, 0.0 ], [ 11.073749999843384, 10.468749999845633, 0.0 ], [ 11.073750000447724, 10.471249999963517, 0.0 ], [ 11.077916666966853, 10.475416666806144, 0.0 ], [ 11.079583333304177, 10.475416666977933, 0.0 ], [ 11.082083333293877, 10.472083333650192, 0.0 ], [ 11.084583333204305, 10.472916666836596, 0.0 ], [ 11.084583333156361, 10.474583333335485, 0.0 ], [ 11.087916666641851, 10.47458333344226, 0.0 ], [ 11.089583333199524, 10.477083333608864, 0.0 ], [ 11.09374999971009, 10.477083333041877, 0.0 ], [ 11.094583333315901, 10.47541666627459, 0.0 ], [ 11.096249999735349, 10.477083333029576, 0.0 ], [ 11.098749999661379, 10.477083333219035, 0.0 ], [ 11.098749999711135, 10.475416666633931, 0.0 ], [ 11.101250000127813, 10.473749999876283, 0.0 ], [ 11.101482278102063, 10.473285447342739, 0.0 ], [ 11.102020370538833, 10.472209266901151, 0.0 ], [ 11.102916667034027, 10.470416666680748, 0.0 ], [ 11.106249999556754, 10.470416666232909, 0.0 ], [ 11.107916666544597, 10.468750000332316, 0.0 ], [ 11.116249999643086, 10.469583333631665, 0.0 ], [ 11.120416666485383, 10.467916666674469, 0.0 ], [ 11.122083333217207, 10.465416666259905, 0.0 ], [ 11.126250000116462, 10.466249999926001, 0.0 ], [ 11.127916666299926, 10.463750000055569, 0.0 ], [ 11.130416666428001, 10.463749999914505, 0.0 ], [ 11.131250000245648, 10.4620833337194, 0.0 ], [ 11.13375000020811, 10.46291666680958, 0.0 ], [ 11.135416666448588, 10.46041666641219, 0.0 ], [ 11.14041666680996, 10.460416667053034, 0.0 ], [ 11.143750000433901, 10.464583333651904, 0.0 ], [ 11.142083332933666, 10.466249999950948, 0.0 ], [ 11.142083333459553, 10.4704166669608, 0.0 ], [ 11.143749999706319, 10.472083332932479, 0.0 ], [ 11.145416666935271, 10.479583332962301, 0.0 ], [ 11.147916666401503, 10.482083333040979, 0.0 ], [ 11.150416666313172, 10.482083333572689, 0.0 ], [ 11.154583333383371, 10.485416666685085, 0.0 ] ] ] } },
{ "type": "Feature", "properties": { "OBJECTID": 93, "ActivityID": "GOM13", "Stra_Catch": "Gali-Lamurde", "Micr_Catch": "Billiri", "State": "Gombe", "LGA": "Billiri", "Site_Name": "Road side tree planting at COE Billiri", "Interv_Typ": "Afforestation (Avenue Planting)", "Component": "A - Dryland Management", "Comments": null, "Implemnter": "SPMU", "Start_Date": "2023-07-30T00:00:00", "End_Date": "2023/08/01", "No_Trees_P": 357, "Sub_compon": "A2-1", "Lon": 11.2118534536, "Lat": 9.914372, "Female_pop": 470, "Buffer_Mtr": 18, "Area_Impac": 7.9701003343099996, "Male_pop": 480, "Area_Intev": 3.1966178566600001, "Netsize_Ha": 7.9700999259899996, "Indicator": "Area under improved catchment management", "Benefi_pop": 950.0, "Perct_NDVI": 0.0, "parent_micro_name": "Kaltungo" }, "geometry": { "type": "Polygon", "coordinates": [ [ [ 11.215438737259408, 9.916410142610893, 0.0 ], [ 11.21542720701283, 9.916404200226086, 0.0 ], [ 11.215415239946138, 9.916399180816756, 0.0 ], [ 11.215411193359243, 9.916397668338151, 0.0 ], [ 11.215409421455561, 9.916397017541151, 0.0 ], [ 11.21539796117426, 9.916393347804663, 0.0 ], [ 11.215386261351869, 9.916390522011891, 0.0 ], [ 11.215382024969879, 9.916389659730598, 0.0 ], [ 11.215377548959333, 9.916388814397047, 0.0 ], [ 11.215366951003862, 9.916387312654702, 0.0 ], [ 11.215356277461268, 9.916386500123467, 0.0 ], [ 11.215351957179115, 9.916386310839355, 0.0 ], [ 11.215344727379168, 9.916386152523154, 0.0 ], [ 11.215338959650275, 9.916386252984456, 0.0 ], [ 11.214668194161577, 9.916409640588338, 0.0 ], [ 11.213495226725527, 9.915230493747764, 0.0 ], [ 11.21354018227524, 9.915173028476039, 0.0 ], [ 11.213546723578645, 9.915164051923623, 0.0 ], [ 11.213552634900749, 9.915154654731767, 0.0 ], [ 11.213559245823181, 9.915142062428357, 0.0 ], [ 11.213564725614846, 9.915128945237797, 0.0 ], [ 11.213569031208221, 9.915115405576325, 0.0 ], [ 11.213572130468034, 9.915101544884173, 0.0 ], [ 11.213573999493073, 9.915087469066364, 0.0 ], [ 11.213574624421081, 9.915073285769274, 0.0 ], [ 11.213573999593477, 9.915059102585156, 0.0 ], [ 11.213572130290002, 9.915045027034019, 0.0 ], [ 11.213569030905653, 9.91503116657575, 0.0 ], [ 11.213564725843952, 9.915017625892713, 0.0 ], [ 11.213559245889094, 9.915004509625117, 0.0 ], [ 11.213552634550192, 9.914991916906285, 0.0 ], [ 11.213544940781215, 9.914979943218306, 0.0 ], [ 11.213536224450138, 9.914968680355939, 0.0 ], [ 11.21352910144542, 9.914960799026217, 0.0 ], [ 11.213521476623001, 9.9149533928033, 0.0 ], [ 11.212553136862127, 9.914072159899805, 0.0 ], [ 11.212085810273916, 9.913583742457929, 0.0 ], [ 11.21207223879691, 9.913571082606746, 0.0 ], [ 11.212060879274691, 9.913562439223966, 0.0 ], [ 11.212048802781585, 9.913554811043163, 0.0 ], [ 11.212036101775215, 9.913548256203214, 0.0 ], [ 11.212022873204136, 9.913542822871255, 0.0 ], [ 11.212009217626582, 9.913538553767825, 0.0 ], [ 11.21199523826261, 9.913535480749925, 0.0 ], [ 11.211981974105422, 9.913533711752656, 0.0 ], [ 11.211968607778816, 9.913533018978857, 0.0 ], [ 11.211592922605664, 9.913528772269846, 0.0 ], [ 11.211591052010554, 9.913528762005738, 0.0 ], [ 11.211585544962958, 9.913528853443005, 0.0 ], [ 11.210405759026211, 9.913568122610764, 0.0 ], [ 11.211047848553887, 9.911874165433547, 0.0 ], [ 11.211079374276308, 9.911790995643521, 0.0 ], [ 11.211079967962641, 9.911789402807935, 0.0 ], [ 11.211083863413599, 9.91177735356159, 0.0 ], [ 11.211085030570802, 9.911773191893253, 0.0 ], [ 11.211088540184022, 9.911757841711086, 0.0 ], [ 11.21109000676409, 9.911747760730997, 0.0 ], [ 11.211090493026418, 9.911743468879685, 0.0 ], [ 11.211091520654477, 9.911725290717452, 0.0 ], [ 11.211091333711929, 9.911717528097313, 0.0 ], [ 11.211091126133768, 9.911713214607262, 0.0 ], [ 11.211090300604384, 9.911702930005845, 0.0 ], [ 11.211088819242947, 9.911692718416729, 0.0 ], [ 11.211087811941816, 9.911687546140357, 0.0 ], [ 11.211086917630936, 9.911683319423599, 0.0 ], [ 11.211084116821134, 9.911672092495946, 0.0 ], [ 11.211080519912018, 9.911661091347341, 0.0 ], [ 11.211079512042478, 9.911658418149253, 0.0 ], [ 11.211077949956323, 9.911654386539739, 0.0 ], [ 11.211072865035513, 9.911642653156415, 0.0 ], [ 11.211066773739823, 9.911631189417365, 0.0 ], [ 11.211064493351317, 9.911627294499345, 0.0 ], [ 11.211057471058661, 9.911616330382959, 0.0 ], [ 11.21104958947906, 9.911605956702983, 0.0 ], [ 11.211046832398456, 9.911602613547364, 0.0 ], [ 11.211045513733781, 9.911601035120825, 0.0 ], [ 11.211037445450314, 9.911592181999628, 0.0 ], [ 11.21102874407544, 9.911583938612234, 0.0 ], [ 11.211025486094414, 9.911581071457165, 0.0 ], [ 11.211022026026022, 9.911578109828291, 0.0 ], [ 11.211013523358515, 9.911571496534203, 0.0 ], [ 11.211004599716402, 9.911565451807881, 0.0 ], [ 11.21100092427969, 9.911563134217063, 0.0 ], [ 11.210994914779235, 9.911559521460401, 0.0 ], [ 11.21097782987993, 9.911551016069847, 0.0 ], [ 11.210973831267419, 9.911549306170555, 0.0 ], [ 11.210964985871195, 9.911545823269847, 0.0 ], [ 11.210949082245312, 9.911540974198623, 0.0 ], [ 11.21094486010904, 9.911539915621585, 0.0 ], [ 11.210933128981109, 9.911537423345651, 0.0 ], [ 11.210918031602807, 9.911535494640432, 0.0 ], [ 11.210913338167408, 9.911535112517646, 0.0 ], [ 11.21089993463138, 9.911534569059823, 0.0 ], [ 11.210885042458475, 9.91153524020808, 0.0 ], [ 11.210880353514591, 9.911535664266767, 0.0 ], [ 11.210866744186054, 9.911537465780698, 0.0 ], [ 11.210852558524895, 9.91154059338683, 0.0 ], [ 11.210848012519934, 9.911541807349801, 0.0 ], [ 11.210834563383001, 9.911546021018745, 0.0 ], [ 11.210821459308562, 9.911551396539773, 0.0 ], [ 11.210817190011261, 9.911553366084263, 0.0 ], [ 11.21080436496101, 9.911559978909901, 0.0 ], [ 11.210792691589953, 9.911567328898634, 0.0 ], [ 11.21078882622494, 9.911569995341724, 0.0 ], [ 11.210777064024811, 9.911578916762544, 0.0 ], [ 11.210767100895891, 9.911587923038967, 0.0 ], [ 11.210763753787347, 9.911591206994814, 0.0 ], [ 11.210753487150479, 9.911602259722036, 0.0 ], [ 11.210745452458525, 9.911612563838196, 0.0 ], [ 11.210742724142905, 9.911616368839107, 0.0 ], [ 11.210734348825371, 9.91162930171382, 0.0 ], [ 11.210728394024827, 9.911640515835209, 0.0 ], [ 11.21072636395261, 9.911644727475915, 0.0 ], [ 11.210720822469394, 9.911657630833895, 0.0 ], [ 11.20997903848933, 9.913614592268084, 0.0 ], [ 11.209607293481668, 9.913570618673193, 0.0 ], [ 11.20959706068648, 9.913569728919338, 0.0 ], [ 11.209593639221053, 9.913569538151588, 0.0 ], [ 11.209584428884618, 9.913569281571325, 0.0 ], [ 11.209568187437927, 9.913570080872519, 0.0 ], [ 11.209563179880769, 9.913570574804508, 0.0 ], [ 11.209550920530381, 9.913572248087684, 0.0 ], [ 11.20954670985614, 9.913573040456274, 0.0 ], [ 11.209390800572196, 9.913604480091101, 0.0 ], [ 11.209112237303858, 9.913660652518219, 0.0 ], [ 11.20909851357982, 9.913664036428461, 0.0 ], [ 11.209093996507164, 9.913665356835891, 0.0 ], [ 11.209084294055337, 9.91366852265482, 0.0 ], [ 11.209067663319363, 9.913675576257599, 0.0 ], [ 11.209063442059183, 9.913677646699632, 0.0 ], [ 11.209054143427018, 9.913682581356786, 0.0 ], [ 11.209039280901493, 9.913692187468133, 0.0 ], [ 11.209035479920862, 9.913694945665167, 0.0 ], [ 11.209026905722469, 9.91370161089657, 0.0 ], [ 11.209014191668622, 9.913713381983396, 0.0 ], [ 11.20901092436322, 9.913716745844578, 0.0 ], [ 11.20900340841362, 9.913725032800986, 0.0 ], [ 11.208993123567398, 9.913738556678378, 0.0 ], [ 11.208990487722074, 9.913742427042935, 0.0 ], [ 11.208984362337807, 9.913752139213905, 0.0 ], [ 11.208982328551491, 9.913756345452498, 0.0 ], [ 11.20897682246434, 9.913766925737249, 0.0 ], [ 11.208975815334558, 9.91376898947585, 0.0 ], [ 11.208974870057801, 9.913771169400656, 0.0 ], [ 11.208970343582253, 9.913782110188187, 0.0 ], [ 11.208966082553751, 9.91379566399525, 0.0 ], [ 11.208965556067161, 9.913797628763476, 0.0 ], [ 11.208964465262016, 9.91380217043894, 0.0 ], [ 11.208962852512876, 9.913809491199583, 0.0 ], [ 11.208961776310241, 9.913814035490391, 0.0 ], [ 11.208961332621648, 9.913816657698442, 0.0 ], [ 11.208712547490425, 9.915362930249712, 0.0 ], [ 11.208710930928774, 9.915376759484973, 0.0 ], [ 11.2087105917825, 9.9153813802673, 0.0 ], [ 11.208710159482445, 9.915393187980804, 0.0 ], [ 11.208710951976466, 9.915409161496035, 0.0 ], [ 11.208711410388045, 9.915413772507407, 0.0 ], [ 11.208713111625316, 9.915426057852914, 0.0 ], [ 11.20871654907177, 9.915441151701586, 0.0 ], [ 11.208717794106546, 9.915445617440081, 0.0 ], [ 11.208721760737003, 9.915457924020963, 0.0 ], [ 11.208722097730446, 9.915458833761946, 0.0 ], [ 11.208833171533412, 9.915755894777261, 0.0 ], [ 11.208838749848086, 9.915769020453018, 0.0 ], [ 11.208840791204091, 9.915773291142814, 0.0 ], [ 11.208846966899504, 9.915784964955696, 0.0 ], [ 11.208855257784649, 9.915797779023885, 0.0 ], [ 11.208858016489154, 9.915801632844877, 0.0 ], [ 11.208866135477495, 9.915812055618421, 0.0 ], [ 11.208876544921909, 9.915823246924266, 0.0 ], [ 11.208879936333149, 9.915826567840272, 0.0 ], [ 11.20888975682351, 9.915835433865766, 0.0 ], [ 11.208901949751271, 9.915844651219777, 0.0 ], [ 11.208905872011236, 9.915847338672991, 0.0 ], [ 11.208917115172664, 9.915854392196124, 0.0 ], [ 11.208930744339444, 9.91586137306396, 0.0 ], [ 11.208935075651395, 9.915863343800625, 0.0 ], [ 11.208947377108107, 9.915868350418586, 0.0 ], [ 11.208962027225439, 9.915872880616883, 0.0 ], [ 11.208966638657737, 9.915874074929778, 0.0 ], [ 11.208979622765089, 9.91587688708133, 0.0 ], [ 11.20899481977319, 9.915878824216223, 0.0 ], [ 11.208999570707732, 9.915879206878426, 0.0 ], [ 11.209012875024406, 9.915879742894809, 0.0 ], [ 11.209028179189428, 9.915879033825286, 0.0 ], [ 11.209032925519413, 9.915878593132353, 0.0 ], [ 11.209046122361402, 9.915876829619515, 0.0 ], [ 11.209061074392402, 9.915873495447231, 0.0 ], [ 11.209065670351444, 9.915872244109, 0.0 ], [ 11.20907835353286, 9.915868237068077, 0.0 ], [ 11.209092488309324, 9.915862381181368, 0.0 ], [ 11.209096795598956, 9.915860358069486, 0.0 ], [ 11.209108590337843, 9.915854224755041, 0.0 ], [ 11.209121497873319, 9.915846016158438, 0.0 ], [ 11.209125385632722, 9.915843281787385, 0.0 ], [ 11.20913591494563, 9.915835219005185, 0.0 ], [ 11.20914718222549, 9.915824918913465, 0.0 ], [ 11.209150530689712, 9.915821557224151, 0.0 ], [ 11.209159494416324, 9.915811799234646, 0.0 ], [ 11.209168774480295, 9.915799731695291, 0.0 ], [ 11.209171484964758, 9.915795843662419, 0.0 ], [ 11.209178614270089, 9.915784674230146, 0.0 ], [ 11.209185635182214, 9.915771204372383, 0.0 ], [ 11.209187623720107, 9.915766910757888, 0.0 ], [ 11.209192693904361, 9.915754670297572, 0.0 ], [ 11.209197252251126, 9.915740186298653, 0.0 ], [ 11.209198457706357, 9.915735614040814, 0.0 ], [ 11.209201305511796, 9.915722697695747, 0.0 ], [ 11.209203257486573, 9.915707640665925, 0.0 ], [ 11.209203644336757, 9.915702930091644, 0.0 ], [ 11.209204185778576, 9.915689727963764, 0.0 ], [ 11.209203470663297, 9.915674559253823, 0.0 ], [ 11.209203026198539, 9.915669854155004, 0.0 ], [ 11.209201247534217, 9.915656764017823, 0.0 ], [ 11.209197892275057, 9.915641967900473, 0.0 ], [ 11.209196632036786, 9.915637410979128, 0.0 ], [ 11.209192581350313, 9.915624806699414, 0.0 ], [ 11.209192244349357, 9.915623896055441, 0.0 ], [ 11.209098638112895, 9.915373552793714, 0.0 ], [ 11.209318583305524, 9.914006519881033, 0.0 ], [ 11.209567674675345, 9.913956288772185, 0.0 ], [ 11.209524369694856, 9.914072321475086, 0.0 ], [ 11.209519911705634, 9.914086270650071, 0.0 ], [ 11.20951681317872, 9.91410013133442, 0.0 ], [ 11.209514943971634, 9.914114207166746, 0.0 ], [ 11.209514318859902, 9.914128390494518, 0.0 ], [ 11.209514943509856, 9.914142574629, 0.0 ], [ 11.20951681263135, 9.91415665024217, 0.0 ], [ 11.20951991183715, 9.914170510777335, 0.0 ], [ 11.209524217630786, 9.914184050641634, 0.0 ], [ 11.209529697418706, 9.914197167013601, 0.0 ], [ 11.209536308598697, 9.914209759849154, 0.0 ], [ 11.209544002218125, 9.914221733665165, 0.0 ], [ 11.209552718410231, 9.914232996665715, 0.0 ], [ 11.20956239188752, 9.914243464321133, 0.0 ], [ 11.209572949182968, 9.914253055771006, 0.0 ], [ 11.20958430868026, 9.914261698342987, 0.0 ], [ 11.209596385159358, 9.914269325715253, 0.0 ], [ 11.2096090861746, 9.914275881555699, 0.0 ], [ 11.209622314758988, 9.914281314984942, 0.0 ], [ 11.20963597035391, 9.914285583281718, 0.0 ], [ 11.209649949750958, 9.914288656395755, 0.0 ], [ 11.209661146977076, 9.914290222178517, 0.0 ], [ 11.209672425650819, 9.914291019172996, 0.0 ], [ 11.210793026827487, 9.914331832290362, 0.0 ], [ 11.211322232565282, 9.914486308251988, 0.0 ], [ 11.211936075464855, 9.914778831084945, 0.0 ], [ 11.212934458189379, 9.915663340833659, 0.0 ], [ 11.212938316302125, 9.915666654102044, 0.0 ], [ 11.212949675919461, 9.915675296529562, 0.0 ], [ 11.212961752514829, 9.91568292465562, 0.0 ], [ 11.212974452718083, 9.915689480347684, 0.0 ], [ 11.212987681384504, 9.915694912715516, 0.0 ], [ 11.213001337973013, 9.915699181750423, 0.0 ], [ 11.213015317433371, 9.915702254704035, 0.0 ], [ 11.21302951295295, 9.915704107877833, 0.0 ], [ 11.213043818697363, 9.915704727508974, 0.0 ], [ 11.213058123417641, 9.915704108004736, 0.0 ], [ 11.213072319583738, 9.915702254593771, 0.0 ], [ 11.213086298820807, 9.915699182452343, 0.0 ], [ 11.213099954619549, 9.915694913071224, 0.0 ], [ 11.213113184195624, 9.91568947966632, 0.0 ], [ 11.213125884825409, 9.915682924491334, 0.0 ], [ 11.213137961119978, 9.915675296078383, 0.0 ], [ 11.213149320497804, 9.915666653786946, 0.0 ], [ 11.213159877706028, 9.915657062351043, 0.0 ], [ 11.213169551198559, 9.915646595518501, 0.0 ], [ 11.213173509398327, 9.915641732139839, 0.0 ], [ 11.213258434362961, 9.91553317575864, 0.0 ], [ 11.214454576982817, 9.916735621817713, 0.0 ], [ 11.214464510112192, 9.916744814081849, 0.0 ], [ 11.21446794081395, 9.916747733370691, 0.0 ], [ 11.214469360870746, 9.916748929693071, 0.0 ], [ 11.214479353139598, 9.916756612182899, 0.0 ], [ 11.214489911686895, 9.916763509126953, 0.0 ], [ 11.214493778645179, 9.916765828108332, 0.0 ], [ 11.214496664182565, 9.916767519086783, 0.0 ], [ 11.214507179794991, 9.91677304521528, 0.0 ], [ 11.214518072178604, 9.916777800606619, 0.0 ], [ 11.21452227288313, 9.916779457593591, 0.0 ], [ 11.214526794798116, 9.916781164881208, 0.0 ], [ 11.214537399318301, 9.916784591746266, 0.0 ], [ 11.214548214121303, 9.916787296876125, 0.0 ], [ 11.214552631574382, 9.916788244738612, 0.0 ], [ 11.214558847491311, 9.916789454583522, 0.0 ], [ 11.214569159011168, 9.916790923895656, 0.0 ], [ 11.214579544557754, 9.91679174287048, 0.0 ], [ 11.214584060084302, 9.916791956181305, 0.0 ], [ 11.214591864354233, 9.916792139641025, 0.0 ], [ 11.214597632093277, 9.916792039190993, 0.0 ], [ 11.215352418113607, 9.916765723134276, 0.0 ], [ 11.215366460815282, 9.91676463436224, 0.0 ], [ 11.215371115162828, 9.916764073073999, 0.0 ], [ 11.215379805647563, 9.916762790085446, 0.0 ], [ 11.215398666194103, 9.916758339807776, 0.0 ], [ 11.21540315668839, 9.916756998699512, 0.0 ], [ 11.21541193116178, 9.916754106352721, 0.0 ], [ 11.215429294138792, 9.916746692392651, 0.0 ], [ 11.215433486128457, 9.916744610314435, 0.0 ], [ 11.215442054226003, 9.916740036414231, 0.0 ], [ 11.215457493552613, 9.91673000955825, 0.0 ], [ 11.215461265299602, 9.916727247870465, 0.0 ], [ 11.215469261558741, 9.916721003869455, 0.0 ], [ 11.215482371031426, 9.916708824135206, 0.0 ], [ 11.215485612781249, 9.916705464003115, 0.0 ], [ 11.21549273297601, 9.916697585352626, 0.0 ], [ 11.21550325949201, 9.916683706323411, 0.0 ], [ 11.215505873455545, 9.916679846005859, 0.0 ], [ 11.215511757653145, 9.916670488733493, 0.0 ], [ 11.215519497860921, 9.91665544229638, 0.0 ], [ 11.215521409152711, 9.916651197073509, 0.0 ], [ 11.215525760425381, 9.91664053305942, 0.0 ], [ 11.215530636564164, 9.916624820445534, 0.0 ], [ 11.215531787672546, 9.916620313617058, 0.0 ], [ 11.215534316220426, 9.916608625864308, 0.0 ], [ 11.215534787438518, 9.91660400422275, 0.0 ], [ 11.215536250511358, 9.916592745593285, 0.0 ], [ 11.215536546884991, 9.916589913769807, 0.0 ], [ 11.215536653328396, 9.916588118980647, 0.0 ], [ 11.215537166247076, 9.916575730524105, 0.0 ], [ 11.215536512155811, 9.916561548460239, 0.0 ], [ 11.215536396792029, 9.916560252238245, 0.0 ], [ 11.215535868051651, 9.916555635394772, 0.0 ], [ 11.215534764801877, 9.91654745857767, 0.0 ], [ 11.215534226958445, 9.916542843601954, 0.0 ], [ 11.215531187293243, 9.916529204225078, 0.0 ], [ 11.215530074687036, 9.916525061225814, 0.0 ], [ 11.215525708779971, 9.916511299555747, 0.0 ], [ 11.215521430409018, 9.916500797392038, 0.0 ], [ 11.215519672100065, 9.916496879190621, 0.0 ], [ 11.215511858959474, 9.916481672485833, 0.0 ], [ 11.21550728056218, 9.916474272412058, 0.0 ], [ 11.215504920971938, 9.91647067813536, 0.0 ], [ 11.215493089966543, 9.916454841796604, 0.0 ], [ 11.21548907847356, 9.916450276881498, 0.0 ], [ 11.215486177464781, 9.916447097419942, 0.0 ], [ 11.215478336026534, 9.916439074475544, 0.0 ], [ 11.215469958650447, 9.916431603690919, 0.0 ], [ 11.215467321634183, 9.91642945555347, 0.0 ], [ 11.215463951739817, 9.916426768156507, 0.0 ], [ 11.21545382606614, 9.916419310727672, 0.0 ], [ 11.215442822965704, 9.916412457424384, 0.0 ], [ 11.215438737259408, 9.916410142610893, 0.0 ] ] ] } },
{ "type": "Feature", "properties": { "OBJECTID": 97, "ActivityID": "GOM17", "Stra_Catch": "Gali-Lamurde", "Micr_Catch": "Billiri", "State": "Gombe", "LGA": "Billiri", "Site_Name": "Perimeter tree planting around COE Billiri", "Interv_Typ": "Afforestation (Shelterbelt)", "Component": "A - Dryland Management", "Comments": null, "Implemnter": "SPMU", "Start_Date": "2023-07-30T00:00:00", "End_Date": "2023/08/01", "No_Trees_P": 300, "Sub_compon": "A2-1", "Lon": 11.210056053700001, "Lat": 9.913382, "Female_pop": 427, "Buffer_Mtr": 18, "Area_Impac": 22.251397090699999, "Male_pop": 523, "Area_Intev": 5.6086482990900004, "Netsize_Ha": 22.251399993900002, "Indicator": "Area under improved catchment management", "Benefi_pop": 950.0, "Perct_NDVI": 0.0, "parent_micro_name": "Kaltungo" }, "geometry": { "type": "Polygon", "coordinates": [ [ [ 11.211044514688123, 9.919694073352622, 0.0 ], [ 11.213527316090154, 9.918842513747062, 0.0 ], [ 11.216228317073345, 9.918659150139199, 0.0 ], [ 11.216241546214809, 9.918657715104867, 0.0 ], [ 11.216245924669147, 9.91865706162528, 0.0 ], [ 11.216249984044195, 9.918656403927832, 0.0 ], [ 11.216260979418173, 9.918654094296759, 0.0 ], [ 11.216271788407958, 9.918651043860123, 0.0 ], [ 11.21627600268911, 9.918649699138291, 0.0 ], [ 11.216281834371152, 9.918647716474251, 0.0 ], [ 11.216300539265482, 9.918639627467115, 0.0 ], [ 11.216304480214122, 9.91863762566599, 0.0 ], [ 11.216311704652544, 9.918633725829551, 0.0 ], [ 11.216327077812128, 9.918623749068757, 0.0 ], [ 11.216330640948202, 9.918621142396853, 0.0 ], [ 11.216338704349647, 9.91861484911931, 0.0 ], [ 11.216350702105901, 9.918603810986669, 0.0 ], [ 11.216353793997191, 9.918600667848199, 0.0 ], [ 11.216362026846195, 9.918591647525874, 0.0 ], [ 11.216370735120528, 9.918580396142017, 0.0 ], [ 11.216373274294224, 9.918576801130961, 0.0 ], [ 11.216380976721481, 9.918564815262123, 0.0 ], [ 11.21638671380968, 9.918554051696326, 0.0 ], [ 11.216388635249245, 9.918550096528428, 0.0 ], [ 11.216394988698079, 9.918535150523764, 0.0 ], [ 11.216398181101015, 9.918525535361846, 0.0 ], [ 11.216399433554116, 9.918521325219178, 0.0 ], [ 11.21640364667447, 9.918503539094759, 0.0 ], [ 11.21640486705423, 9.918495507808609, 0.0 ], [ 11.216405417523555, 9.91849115136783, 0.0 ], [ 11.216406690810548, 9.918470923570457, 0.0 ], [ 11.216406576079917, 9.918464841612993, 0.0 ], [ 11.21640641075896, 9.918460454654427, 0.0 ], [ 11.216405375217365, 9.918447304575794, 0.0 ], [ 11.216033535766258, 9.91534953106952, 0.0 ], [ 11.216438828317921, 9.912928191357167, 0.0 ], [ 11.21644050268673, 9.912914737761406, 0.0 ], [ 11.216440872579357, 9.912910231576189, 0.0 ], [ 11.21644141291614, 9.912897041253691, 0.0 ], [ 11.216440804762334, 9.912883047790794, 0.0 ], [ 11.21644041260215, 9.912878543024679, 0.0 ], [ 11.21643852643545, 9.912864276916315, 0.0 ], [ 11.216435803859818, 9.912851833918106, 0.0 ], [ 11.216434663258555, 9.912847457016095, 0.0 ], [ 11.216429981259049, 9.912832499877899, 0.0 ], [ 11.216425624266186, 9.912821821090239, 0.0 ], [ 11.216423765206383, 9.912817692966197, 0.0 ], [ 11.216416031722202, 9.912802661085195, 0.0 ], [ 11.216410568408183, 9.912793927398655, 0.0 ], [ 11.216408043617731, 9.912790162489474, 0.0 ], [ 11.21639709771566, 9.9127756597771, 0.0 ], [ 11.216391045123212, 9.912768899409592, 0.0 ], [ 11.216387924581953, 9.912765602096101, 0.0 ], [ 11.216373746194073, 9.912752304742682, 0.0 ], [ 11.216367607899981, 9.912747441157896, 0.0 ], [ 11.216363979739059, 9.912744703951399, 0.0 ], [ 11.216355513149653, 9.912738728681871, 0.0 ], [ 11.216346681945348, 9.91273329720968, 0.0 ], [ 11.216340877727973, 9.91273012789005, 0.0 ], [ 11.216336839995835, 9.912728026967576, 0.0 ], [ 11.216326926830561, 9.912723282315765, 0.0 ], [ 11.216316714618218, 9.912719207563075, 0.0 ], [ 11.216311607262092, 9.912717458965785, 0.0 ], [ 11.2163072733875, 9.912716053230163, 0.0 ], [ 11.216294114980572, 9.912712379351373, 0.0 ], [ 11.212639972377909, 9.911853196674718, 0.0 ], [ 11.20880993062406, 9.910965598142401, 0.0 ], [ 11.207597196958799, 9.910249937128135, 0.0 ], [ 11.20624839684729, 9.908600590427097, 0.0 ], [ 11.206246640759622, 9.90859847978353, 0.0 ], [ 11.206239481346042, 9.908590559605308, 0.0 ], [ 11.206236377897421, 9.908587345206584, 0.0 ], [ 11.206223307119673, 9.908575205953321, 0.0 ], [ 11.206216234564346, 9.908569642385304, 0.0 ], [ 11.2062126434429, 9.908566974392064, 0.0 ], [ 11.206196280597444, 9.908556266747123, 0.0 ], [ 11.206189818842098, 9.908552757178597, 0.0 ], [ 11.206185835328364, 9.90855070727063, 0.0 ], [ 11.206176240893198, 9.908546155391798, 0.0 ], [ 11.206166368970434, 9.908542228977451, 0.0 ], [ 11.206161012305035, 9.90854039868656, 0.0 ], [ 11.206156743420372, 9.908539022197683, 0.0 ], [ 11.206145701749703, 9.908535879859047, 0.0 ], [ 11.206134465618307, 9.908533510666782, 0.0 ], [ 11.206130512477818, 9.908532867817758, 0.0 ], [ 11.206126075155382, 9.908532202843938, 0.0 ], [ 11.206113836602968, 9.908530830834538, 0.0 ], [ 11.206101527586306, 9.908530372153566, 0.0 ], [ 11.206099205971771, 9.90853038831672, 0.0 ], [ 11.206094718822682, 9.908530451251073, 0.0 ], [ 11.206081578979349, 9.908531159448449, 0.0 ], [ 11.206068211295007, 9.908532965485572, 0.0 ], [ 11.206063466875026, 9.908533814632733, 0.0 ], [ 11.206050321690673, 9.908536723683989, 0.0 ], [ 11.206037460705115, 9.908540692864184, 0.0 ], [ 11.206033233810336, 9.908542188461473, 0.0 ], [ 11.206032261682015, 9.908542535593778, 0.0 ], [ 11.20602025994334, 9.908547407472639, 0.0 ], [ 11.206008683698888, 9.908553203881624, 0.0 ], [ 11.206004761150224, 9.908555364503014, 0.0 ], [ 11.206002409970557, 9.908556685082978, 0.0 ], [ 11.205992146662423, 9.908563072099973, 0.0 ], [ 11.205982386875148, 9.908570192426836, 0.0 ], [ 11.205978872210283, 9.908572961354645, 0.0 ], [ 11.205975459598452, 9.908575724188729, 0.0 ], [ 11.205967063223422, 9.908583213354335, 0.0 ], [ 11.205959205633475, 9.908591256640337, 0.0 ], [ 11.205956195876656, 9.908594557315476, 0.0 ], [ 11.205952220775462, 9.908599083598524, 0.0 ], [ 11.205945766696757, 9.90860722160018, 0.0 ], [ 11.205939847575122, 9.908615750154683, 0.0 ], [ 11.205937422359455, 9.908619495286439, 0.0 ], [ 11.205933385256953, 9.908626064627155, 0.0 ], [ 11.205924768254135, 9.908643094238323, 0.0 ], [ 11.205922993443441, 9.908647182165177, 0.0 ], [ 11.205919520114289, 9.908655861853255, 0.0 ], [ 11.205914414404294, 9.908672481549049, 0.0 ], [ 11.205913337571772, 9.908676801691433, 0.0 ], [ 11.205911038687139, 9.908687581386669, 0.0 ], [ 11.205910442784639, 9.908691164460294, 0.0 ], [ 11.205248153287384, 9.912971752988751, 0.0 ], [ 11.204120713494056, 9.91495987901958, 0.0 ], [ 11.204114495570762, 9.914972002253874, 0.0 ], [ 11.204112599648195, 9.91497611538086, 0.0 ], [ 11.204107650568687, 9.914988092895786, 0.0 ], [ 11.204103346353047, 9.915001627988733, 0.0 ], [ 11.204102165898714, 9.915005996717012, 0.0 ], [ 11.204099065339857, 9.915019861932679, 0.0 ], [ 11.204097305578081, 9.915032753953327, 0.0 ], [ 11.204096874420898, 9.915037256947642, 0.0 ], [ 11.20409614122376, 9.915052624135431, 0.0 ], [ 11.204096568829407, 9.915064364767099, 0.0 ], [ 11.204096897979829, 9.915068876322941, 0.0 ], [ 11.204098963708246, 9.915085394673065, 0.0 ], [ 11.204101152198779, 9.915095730934572, 0.0 ], [ 11.204102234430566, 9.915100124563381, 0.0 ], [ 11.204107450559315, 9.915117189816383, 0.0 ], [ 11.20411091683431, 9.915125853733498, 0.0 ], [ 11.20411272034608, 9.915130008531174, 0.0 ], [ 11.204121344709828, 9.915147054099647, 0.0 ], [ 11.204125594978526, 9.915153951303456, 0.0 ], [ 11.204128068856901, 9.91515775101057, 0.0 ], [ 11.204140229049223, 9.915174090953691, 0.0 ], [ 11.204144797778781, 9.915179263367721, 0.0 ], [ 11.204147874775213, 9.915182602678149, 0.0 ], [ 11.204157529824318, 9.915192238214749, 0.0 ], [ 11.20510191754372, 9.916059179351278, 0.0 ], [ 11.204038828641679, 9.917104837410822, 0.0 ], [ 11.204029612778724, 9.917114681918591, 0.0 ], [ 11.204026679304159, 9.917118087841919, 0.0 ], [ 11.204025755815026, 9.917119169466739, 0.0 ], [ 11.204017883358821, 9.917129248275264, 0.0 ], [ 11.204010830648883, 9.917139908280923, 0.0 ], [ 11.204008503523561, 9.9171437458645, 0.0 ], [ 11.204007017944225, 9.91714624386692, 0.0 ], [ 11.204001352369305, 9.917156861314675, 0.0 ], [ 11.203996491556715, 9.917167863927375, 0.0 ], [ 11.203994832981993, 9.91717202882222, 0.0 ], [ 11.203993268711656, 9.917176118983381, 0.0 ], [ 11.203989755975705, 9.917186827126876, 0.0 ], [ 11.203986998561021, 9.917197751744366, 0.0 ], [ 11.203986054270231, 9.917202130671438, 0.0 ], [ 11.20398491962716, 9.917207898225939, 0.0 ], [ 11.203983417576969, 9.917218295795845, 0.0 ], [ 11.203982595153622, 9.917228768436186, 0.0 ], [ 11.203982389872477, 9.917233241927656, 0.0 ], [ 11.203982220490285, 9.917240630933279, 0.0 ], [ 11.203983403755149, 9.917260135905861, 0.0 ], [ 11.203983945783589, 9.917264581890334, 0.0 ], [ 11.203985255900983, 9.917273335895526, 0.0 ], [ 11.203989393151739, 9.917290866473834, 0.0 ], [ 11.203990664355066, 9.917295163053611, 0.0 ], [ 11.203993931797779, 9.917305033076655, 0.0 ], [ 11.204000429314434, 9.917320274110937, 0.0 ], [ 11.204002397009592, 9.917324304906844, 0.0 ], [ 11.204007990241474, 9.917334773343756, 0.0 ], [ 11.204016176116859, 9.91734744092828, 0.0 ], [ 11.204018786697654, 9.917351096025467, 0.0 ], [ 11.204027010507794, 9.917361665574836, 0.0 ], [ 11.204036205838934, 9.917371656615577, 0.0 ], [ 11.204039386623251, 9.91737483616669, 0.0 ], [ 11.204050422030026, 9.917384903688706, 0.0 ], [ 11.204060022129672, 9.917392308023324, 0.0 ], [ 11.204063686840803, 9.917394924020098, 0.0 ], [ 11.204077522792902, 9.917403790927569, 0.0 ], [ 11.204086908860292, 9.917408768985268, 0.0 ], [ 11.204090958580784, 9.917410751579151, 0.0 ], [ 11.204107502272095, 9.91741776230219, 0.0 ], [ 11.204116177749986, 9.917420624648219, 0.0 ], [ 11.204120501815035, 9.917421919432936, 0.0 ], [ 11.204139461584909, 9.917426398920673, 0.0 ], [ 11.204146998837334, 9.917427538819661, 0.0 ], [ 11.20415147850516, 9.917428110422502, 0.0 ], [ 11.204162294984664, 9.917428883505801, 0.0 ], [ 11.204172450669242, 9.917429262343681, 0.0 ], [ 11.204176956967499, 9.91742931768527, 0.0 ], [ 11.204178570129171, 9.917429268217916, 0.0 ], [ 11.204183083959627, 9.917429086706933, 0.0 ], [ 11.204191258595648, 9.917428619024411, 0.0 ], [ 11.204194305737035, 9.917428307060002, 0.0 ], [ 11.204205457954979, 9.917426803903531, 0.0 ], [ 11.204209997586922, 9.91742584583424, 0.0 ], [ 11.204211203682226, 9.917425584834994, 0.0 ], [ 11.204212711894373, 9.917427971874151, 0.0 ], [ 11.204215207232236, 9.917431705455886, 0.0 ], [ 11.204226307570886, 9.91744643900844, 0.0 ], [ 11.204231979073986, 9.91745279721863, 0.0 ], [ 11.204235058403011, 9.917456072336101, 0.0 ], [ 11.204249616742205, 9.917469772678743, 0.0 ], [ 11.20425512464492, 9.917474158003051, 0.0 ], [ 11.204258707157576, 9.917476886612143, 0.0 ], [ 11.204267474466413, 9.917483121436558, 0.0 ], [ 11.204276635320403, 9.917488772512431, 0.0 ], [ 11.204281490925192, 9.917491443946474, 0.0 ], [ 11.20428547584463, 9.917493550787912, 0.0 ], [ 11.204297702630422, 9.917499382360504, 0.0 ], [ 11.207118663275812, 9.918705309661126, 0.0 ], [ 11.207123589249417, 9.918707321692525, 0.0 ], [ 11.207125234383239, 9.918707962522666, 0.0 ], [ 11.207129154914078, 9.918709434357075, 0.0 ], [ 11.207136840277466, 9.918711996731975, 0.0 ], [ 11.207139083713939, 9.918712683334297, 0.0 ], [ 11.207145882398709, 9.918714608020961, 0.0 ], [ 11.2109308437488, 9.919699153167992, 0.0 ], [ 11.210942622457653, 9.919701762565266, 0.0 ], [ 11.210946582678428, 9.919702489335934, 0.0 ], [ 11.210947952603068, 9.919702734276836, 0.0 ], [ 11.2109592594791, 9.919704311002384, 0.0 ], [ 11.210970649530346, 9.919705105371161, 0.0 ], [ 11.210974674188048, 9.919705246038506, 0.0 ], [ 11.210980478900845, 9.91970534785268, 0.0 ], [ 11.210998814881693, 9.91970432943994, 0.0 ], [ 11.211002747816146, 9.919703570502971, 0.0 ], [ 11.211012947345573, 9.919702190889703, 0.0 ], [ 11.211016893417371, 9.919701487903051, 0.0 ], [ 11.211026564872622, 9.919699388712472, 0.0 ], [ 11.21103002592856, 9.919698541600793, 0.0 ], [ 11.211042017877501, 9.919694889702395, 0.0 ], [ 11.211044514688123, 9.919694073352622, 0.0 ] ], [ [ 11.207257028436414, 9.918350964817817, 0.0 ], [ 11.204509714350577, 9.917176521520052, 0.0 ], [ 11.205513462116357, 9.916189231177906, 0.0 ], [ 11.205522474376979, 9.916179622073688, 0.0 ], [ 11.205525341877497, 9.916176305151001, 0.0 ], [ 11.205526468888037, 9.916174988093951, 0.0 ], [ 11.205534052243289, 9.916165308849067, 0.0 ], [ 11.205540879949861, 9.916155091372863, 0.0 ], [ 11.205543174031133, 9.916151359748753, 0.0 ], [ 11.205545172646639, 9.916148019617214, 0.0 ], [ 11.205550477558164, 9.916138141147906, 0.0 ], [ 11.205555083766857, 9.916127924722595, 0.0 ], [ 11.205556743097667, 9.916123876413803, 0.0 ], [ 11.205558923405537, 9.916118262865277, 0.0 ], [ 11.20556469517488, 9.916098864926848, 0.0 ], [ 11.205565677608583, 9.916094604150706, 0.0 ], [ 11.205567310495915, 9.916086602674616, 0.0 ], [ 11.20556947472684, 9.916068637526148, 0.0 ], [ 11.205569753673331, 9.916064277435956, 0.0 ], [ 11.205570082255017, 9.916053982488437, 0.0 ], [ 11.205569296713188, 9.916038073060674, 0.0 ], [ 11.20556886562402, 9.916033724870218, 0.0 ], [ 11.205567158587886, 9.916021374447725, 0.0 ], [ 11.205564167964068, 9.916007919854321, 0.0 ], [ 11.205563038533498, 9.916003696465083, 0.0 ], [ 11.205558623487454, 9.915989751421787, 0.0 ], [ 11.205554232516947, 9.915978996730908, 0.0 ], [ 11.205552433734141, 9.915975007315296, 0.0 ], [ 11.205544733919851, 9.91596005260452, 0.0 ], [ 11.205539698963214, 9.915951961208345, 0.0 ], [ 11.205537276200699, 9.915948311215713, 0.0 ], [ 11.20552590147269, 9.915933165558572, 0.0 ], [ 11.205521026023879, 9.915927660771061, 0.0 ], [ 11.205518044629235, 9.915924443769656, 0.0 ], [ 11.205508695287801, 9.915915138883785, 0.0 ], [ 11.204528573134125, 9.915015393542696, 0.0 ], [ 11.205599036610572, 9.913127735573893, 0.0 ], [ 11.205605342501439, 9.913115420139874, 0.0 ], [ 11.205607264354679, 9.913111235437349, 0.0 ], [ 11.205612124414035, 9.91309945192077, 0.0 ], [ 11.205616875762825, 9.91308422553595, 0.0 ], [ 11.205618113587175, 9.913079442477377, 0.0 ], [ 11.205620765954121, 9.913067267656022, 0.0 ], [ 11.205621361863368, 9.913063685485186, 0.0 ], [ 11.206223347760556, 9.909172838947992, 0.0 ], [ 11.20732122714508, 9.910515354377708, 0.0 ], [ 11.207322982339782, 9.910517465017719, 0.0 ], [ 11.20732752807187, 9.91052261223672, 0.0 ], [ 11.207329694170259, 9.910524964207086, 0.0 ], [ 11.207343492174457, 9.910538281716786, 0.0 ], [ 11.207345921740535, 9.910540365325136, 0.0 ], [ 11.207347808387164, 9.910541959015276, 0.0 ], [ 11.207361229940721, 9.910552009859121, 0.0 ], [ 11.207363889060897, 9.910553797309849, 0.0 ], [ 11.207372025288358, 9.910558925429601, 0.0 ], [ 11.208639787481612, 9.911307057295577, 0.0 ], [ 11.20864166439312, 9.911308148513015, 0.0 ], [ 11.208654577401935, 9.911314801540302, 0.0 ], [ 11.208659146549577, 9.911316906302318, 0.0 ], [ 11.208672162853196, 9.911322240870765, 0.0 ], [ 11.208681992666971, 9.911325444403401, 0.0 ], [ 11.208684950979469, 9.91132630706521, 0.0 ], [ 11.208693899914989, 9.911328646915102, 0.0 ], [ 11.209365323598497, 9.911484246357588, 0.0 ], [ 11.2084037380732, 9.912588495386791, 0.0 ], [ 11.208395784012414, 9.912597379025215, 0.0 ], [ 11.208394228597836, 9.912599105628697, 0.0 ], [ 11.208385511993322, 9.912610368636994, 0.0 ], [ 11.208377819274093, 9.912622342543656, 0.0 ], [ 11.208371207254938, 9.912634935688363, 0.0 ], [ 11.20836572816283, 9.912648051921861, 0.0 ], [ 11.208361422356816, 9.912661592461474, 0.0 ], [ 11.208358322861438, 9.91267545224607, 0.0 ], [ 11.208356454509628, 9.912689528076006, 0.0 ], [ 11.208355829336741, 9.912703711412954, 0.0 ], [ 11.208356453921082, 9.912717895562093, 0.0 ], [ 11.208358322973018, 9.912731971195297, 0.0 ], [ 11.208361422105829, 9.912745831755723, 0.0 ], [ 11.208365727823631, 9.912759371650314, 0.0 ], [ 11.208371207533416, 9.912772488057369, 0.0 ], [ 11.208377818633581, 9.912785080932549, 0.0 ], [ 11.208385512172086, 9.912797054792417, 0.0 ], [ 11.208394229194333, 9.912808317834704, 0.0 ], [ 11.208403902584344, 9.912818784637645, 0.0 ], [ 11.208414458887793, 9.912828376147955, 0.0 ], [ 11.208417340795972, 9.912830623069803, 0.0 ], [ 11.208425711641976, 9.912837153245443, 0.0 ], [ 11.209390800572196, 9.913604480091101, 0.0 ], [ 11.209605882128923, 9.913775487184736, 0.0 ], [ 11.209615913140402, 9.913782857788927, 0.0 ], [ 11.20962648131983, 9.913789450276404, 0.0 ], [ 11.209639181403286, 9.913796006125766, 0.0 ], [ 11.209652410872366, 9.913801438648248, 0.0 ], [ 11.209666066452209, 9.913805707851918, 0.0 ], [ 11.209680045827907, 9.913808780969131, 0.0 ], [ 11.209694242187476, 9.913810634300159, 0.0 ], [ 11.209708546956435, 9.913811253195155, 0.0 ], [ 11.209722851632959, 9.913810633849689, 0.0 ], [ 11.209737047769744, 9.913808780593442, 0.0 ], [ 11.209751026992155, 9.913805708601505, 0.0 ], [ 11.209764682791018, 9.913801439363498, 0.0 ], [ 11.20977791147048, 9.913796006100258, 0.0 ], [ 11.209790612123772, 9.913789450148652, 0.0 ], [ 11.209803564025689, 9.913781210523149, 0.0 ], [ 11.209963825850373, 9.913668394148349, 0.0 ], [ 11.209974310626482, 9.913660363285036, 0.0 ], [ 11.209984866986272, 9.913650771948015, 0.0 ], [ 11.209994540555051, 9.913640305196871, 0.0 ], [ 11.210003257108767, 9.913629041249601, 0.0 ], [ 11.210010950693734, 9.913617068211778, 0.0 ], [ 11.210016008093717, 9.91360768844133, 0.0 ], [ 11.210828298203506, 9.91197444713972, 0.0 ], [ 11.210833147015588, 9.911964961185594, 0.0 ], [ 11.210834674181465, 9.91196174254577, 0.0 ], [ 11.210840232687238, 9.911948659212698, 0.0 ], [ 11.210844538387578, 9.911935119568588, 0.0 ], [ 11.210847636855656, 9.911921258886851, 0.0 ], [ 11.210849506012382, 9.911907183060439, 0.0 ], [ 11.210850131082969, 9.911892999741811, 0.0 ], [ 11.210849506407765, 9.911878816523362, 0.0 ], [ 11.210847637265349, 9.911864740925418, 0.0 ], [ 11.210844538049487, 9.91185088040818, 0.0 ], [ 11.21084023225696, 9.911837340564258, 0.0 ], [ 11.210835010938288, 9.911824840727876, 0.0 ], [ 11.211047848553887, 9.911874165433547, 0.0 ], [ 11.212552211863565, 9.912222795713021, 0.0 ], [ 11.216031765589332, 9.913040927819132, 0.0 ], [ 11.215651281311855, 9.915314037036843, 0.0 ], [ 11.215649575767831, 9.915327874062701, 0.0 ], [ 11.215649207545468, 9.915332494119832, 0.0 ], [ 11.215648698345833, 9.915345301020903, 0.0 ], [ 11.215649018171847, 9.915355456055979, 0.0 ], [ 11.215649208952376, 9.915358479886846, 0.0 ], [ 11.215650039304119, 9.915367556905659, 0.0 ], [ 11.216001305898583, 9.918293968359633, 0.0 ], [ 11.213475726583244, 9.918465424252858, 0.0 ], [ 11.213466514672907, 9.918466308443664, 0.0 ], [ 11.213463455249231, 9.918466689264308, 0.0 ], [ 11.213455376774469, 9.918467896772114, 0.0 ], [ 11.213442148155968, 9.918470771483461, 0.0 ], [ 11.21343813604471, 9.91847181747935, 0.0 ], [ 11.213426206696383, 9.918475412094883, 0.0 ], [ 11.212024204303928, 9.918956281532635, 0.0 ], [ 11.211988790813548, 9.9189684275501, 0.0 ], [ 11.21196755812956, 9.918973827873682, 0.0 ], [ 11.211952203226572, 9.918978538668307, 0.0 ], [ 11.211943788723804, 9.91898183890417, 0.0 ], [ 11.211918831482382, 9.918992423724358, 0.0 ], [ 11.21153406944291, 9.919124391970811, 0.0 ], [ 11.210971783479435, 9.919317248869241, 0.0 ], [ 11.207257028436414, 9.918350964817817, 0.0 ] ] ] } },
{ "type": "Feature", "properties": { "OBJECTID": 103, "ActivityID": "GOM23", "Stra_Catch": "Gongola", "Micr_Catch": "BOGO", "State": "Gombe", "LGA": "Akko", "Site_Name": "Gadawo community", "Interv_Typ": "Afforestation (Tree Planting)", "Component": "A - Dryland Management", "Comments": null, "Implemnter": "SPMU", "Start_Date": "2024-09-08T00:00:00", "End_Date": "2024/11/08", "No_Trees_P": 1000, "Sub_compon": "A2-1", "Lon": 11.1471039097, "Lat": 10.084974, "Female_pop": 808, "Buffer_Mtr": 0, "Area_Impac": 0.276152740048, "Male_pop": 792, "Area_Intev": 0.27615232088500002, "Netsize_Ha": 0.27615201473200002, "Indicator": "Area under improved catchment management", "Benefi_pop": 1600.0, "Perct_NDVI": 0.0, "parent_micro_name": "Kaltungo" }, "geometry": { "type": "Polygon", "coordinates": [ [ [ 11.146860617716815, 10.085349827016945, 0.0 ], [ 11.147265157155571, 10.085373658060561, 0.0 ], [ 11.147364941233986, 10.085088273521096, 0.0 ], [ 11.147338074812549, 10.084916028503969, 0.0 ], [ 11.146953491747354, 10.084835120363028, 0.0 ], [ 11.146865846957652, 10.084910509650959, 0.0 ], [ 11.146860617716815, 10.085349827016945, 0.0 ] ] ] } },
{ "type": "Feature", "properties": { "OBJECTID": 106, "ActivityID": "GOM26", "Stra_Catch": "Gongola", "Micr_Catch": "FCE-T", "State": "Gombe", "LGA": "Akko", "Site_Name": "Police College kumo", "Interv_Typ": "Afforestation (Institutional Planting)", "Component": "A - Dryland Management", "Comments": null, "Implemnter": "SPMU", "Start_Date": "2024-08-17T00:00:00", "End_Date": "2024/08/17", "No_Trees_P": 360, "Sub_compon": "A2-1", "Lon": 11.202009692200001, "Lat": 10.057562, "Female_pop": 75, "Buffer_Mtr": 0, "Area_Impac": 15.382253910499999, "Male_pop": 483, "Area_Intev": 15.382256745299999, "Netsize_Ha": 0.0, "Indicator": "Area under improved catchment management", "Benefi_pop": 558.0, "Perct_NDVI": 0.0, "parent_micro_name": "Kaltungo" }, "geometry": { "type": "Polygon", "coordinates": [ [ [ 11.202922900264216, 10.059016020011278, 0.0 ], [ 11.204097293021746, 10.059144137196649, 0.0 ], [ 11.204453766141054, 10.056683734404109, 0.0 ], [ 11.203733853160772, 10.055605609848376, 0.0 ], [ 11.202554046641891, 10.054292947478032, 0.0 ], [ 11.19966848301628, 10.052139193269491, 0.0 ], [ 11.199047251488924, 10.052514143597877, 0.0 ], [ 11.202652107491181, 10.057446331410999, 0.0 ], [ 11.202922900264216, 10.059016020011278, 0.0 ] ] ] } },
{ "type": "Feature", "properties": { "OBJECTID": 109, "ActivityID": "GOM29", "Stra_Catch": "Gali-Lamurde", "Micr_Catch": "Billiri", "State": "Gombe", "LGA": "Billiri", "Site_Name": "Plantation at COE Billiri", "Interv_Typ": "Afforestation (Institutional Planting)", "Component": "A - Dryland Management", "Comments": null, "Implemnter": "SPMU", "Start_Date": "2023-07-30T00:00:00", "End_Date": "2023/08/01", "No_Trees_P": 950, "Sub_compon": "A2-1", "Lon": 11.2116857439, "Lat": 10.290046, "Female_pop": 355, "Buffer_Mtr": 0, "Area_Impac": 1.9515523784, "Male_pop": 595, "Area_Intev": 1.9515530329299999, "Netsize_Ha": 1.95155000687, "Indicator": "Area under improved catchment management", "Benefi_pop": 950.0, "Perct_NDVI": 0.0, "parent_micro_name": "Kaltungo" }, "geometry": { "type": "MultiPolygon", "coordinates": [ [ [ [ 11.21260363801346, 9.916138467875422, 0.0 ], [ 11.212326089206552, 9.915663679145805, 0.0 ], [ 11.211630487752101, 9.915936418415015, 0.0 ], [ 11.211435217741432, 9.916161080648633, 0.0 ], [ 11.211945168504101, 9.916847457428466, 0.0 ], [ 11.212559091030116, 9.916346924025367, 0.0 ], [ 11.21260363801346, 9.916138467875422, 0.0 ] ] ], [ [ [ 11.211992311037848, 9.918505156767498, 0.0 ], [ 11.210799294436827, 9.918441534778463, 0.0 ], [ 11.210721091929482, 9.919122068815689, 0.0 ], [ 11.21153406944291, 9.919124391970811, 0.0 ], [ 11.211965170205564, 9.919125623629144, 0.0 ], [ 11.211998574043143, 9.919122088942133, 0.0 ], [ 11.21203565391297, 9.919118229027273, 0.0 ], [ 11.212024204303928, 9.918956281532635, 0.0 ], [ 11.211992311037848, 9.918505156767498, 0.0 ] ] ] ] } },
{ "type": "Feature", "properties": { "OBJECTID": 111, "ActivityID": "GOM31", "Stra_Catch": "Hawal-Kilunga", "Micr_Catch": "Kaltungo", "State": "Gombe", "LGA": "Kaltungo", "Site_Name": "NTA Kalarin permanent site", "Interv_Typ": "Afforestation (Tree Planting)", "Component": "A - Dryland Management", "Comments": null, "Implemnter": "SPMU", "Start_Date": "2023-02-09T00:00:00", "End_Date": "2023/02/09", "No_Trees_P": 128, "Sub_compon": "A2-1", "Lon": 11.3109672386, "Lat": 9.805042, "Female_pop": 18, "Buffer_Mtr": 0, "Area_Impac": 0.43678098494299999, "Male_pop": 17, "Area_Intev": 0.43678089901900002, "Netsize_Ha": 0.43678098917000002, "Indicator": "Area under improved catchment management", "Benefi_pop": 35.0, "Perct_NDVI": 0.0, "parent_micro_name": "Kaltungo" }, "geometry": { "type": "Polygon", "coordinates": [ [ [ 11.311219333149744, 9.804603744811782, 0.0 ], [ 11.311281777390867, 9.804450349706014, 0.0 ], [ 11.311283062428863, 9.804446308323522, 0.0 ], [ 11.311283696757943, 9.804442119543523, 0.0 ], [ 11.311283665577291, 9.804437882881619, 0.0 ], [ 11.311282968702207, 9.804433703176421, 0.0 ], [ 11.311281625063573, 9.804429682424868, 0.0 ], [ 11.311279665399736, 9.804425917120843, 0.0 ], [ 11.311277139570905, 9.804422501820286, 0.0 ], [ 11.311274107372308, 9.804419518358641, 0.0 ], [ 11.311244117161184, 9.80439429974391, 0.0 ], [ 11.31124006941795, 9.804391512092602, 0.0 ], [ 11.311238069541798, 9.804390490908554, 0.0 ], [ 11.311106054565164, 9.804329742828058, 0.0 ], [ 11.311101610496936, 9.804328145430265, 0.0 ], [ 11.311096956805368, 9.804327330318802, 0.0 ], [ 11.311092231250827, 9.804327321860187, 0.0 ], [ 11.311087574176874, 9.80432812271289, 0.0 ], [ 11.311083125726714, 9.804329706616064, 0.0 ], [ 11.311079018603969, 9.804332025669153, 0.0 ], [ 11.311075377174111, 9.804335012145451, 0.0 ], [ 11.311072307429137, 9.804338576753018, 0.0 ], [ 11.311069902479588, 9.804342612212286, 0.0 ], [ 11.310989562969814, 9.804508755849554, 0.0 ], [ 11.310926729803116, 9.80446650356954, 0.0 ], [ 11.310704162923258, 9.804733489526377, 0.0 ], [ 11.310635244666802, 9.80486839780645, 0.0 ], [ 11.310669177256958, 9.805109515741373, 0.0 ], [ 11.310913550318228, 9.805308978765796, 0.0 ], [ 11.31131429777305, 9.804782168637416, 0.0 ], [ 11.311203995956278, 9.804652950294184, 0.0 ], [ 11.311181825128683, 9.804638041906758, 0.0 ], [ 11.311211096423218, 9.804614738387446, 0.0 ], [ 11.311214460413543, 9.80461155768246, 0.0 ], [ 11.311217233079617, 9.80460785772553, 0.0 ], [ 11.311219333149744, 9.804603744811782, 0.0 ] ], [ [ 11.311044963466257, 9.804519577747609, 0.0 ], [ 11.311107526800031, 9.804390196830541, 0.0 ], [ 11.311211707838693, 9.804438136620988, 0.0 ], [ 11.311223687975676, 9.80444821062048, 0.0 ], [ 11.311171309743118, 9.804576880445106, 0.0 ], [ 11.311156836766221, 9.804588403662734, 0.0 ], [ 11.311044963466257, 9.804519577747609, 0.0 ] ] ] } },
{ "type": "Feature", "properties": { "OBJECTID": 112, "ActivityID": "GOM32", "Stra_Catch": "Hawal-Kilunga", "Micr_Catch": "Kaltungo", "State": "Gombe", "LGA": "Kaltungo", "Site_Name": "Tree planting at Mai Tula Palace Tula", "Interv_Typ": "Afforestation (Tree Planting)", "Component": "A - Dryland Management", "Comments": null, "Implemnter": "SPMU", "Start_Date": "2024-07-10T00:00:00", "End_Date": "2024/07/10", "No_Trees_P": 260, "Sub_compon": "A2-1", "Lon": 11.473917271199999, "Lat": 9.847741, "Female_pop": 103, "Buffer_Mtr": 0, "Area_Impac": 6.95482180584, "Male_pop": 420, "Area_Intev": 6.9548216721999996, "Netsize_Ha": 6.9548201561000003, "Indicator": "Area under improved catchment management", "Benefi_pop": 523.0, "Perct_NDVI": 0.0, "parent_micro_name": "Kaltungo" }, "geometry": { "type": "Polygon", "coordinates": [ [ [ 11.472225858577035, 9.846223943246649, 0.0 ], [ 11.473612357252701, 9.847217834525368, 0.0 ], [ 11.473889951256169, 9.848295684865295, 0.0 ], [ 11.474461641616777, 9.848898854251894, 0.0 ], [ 11.475118782953974, 9.848260750956563, 0.0 ], [ 11.475399447032498, 9.846782640922818, 0.0 ], [ 11.474566124888886, 9.845866197731532, 0.0 ], [ 11.473390040718817, 9.845471704425572, 0.0 ], [ 11.472256289938406, 9.845627068345774, 0.0 ], [ 11.472225858577035, 9.846223943246649, 0.0 ] ] ] } },
{ "type": "Feature", "properties": { "OBJECTID": 117, "ActivityID": "GOM37", "Stra_Catch": "Hawal-Kilunga", "Micr_Catch": "Balanga", "State": "Gombe", "LGA": "Kaltungo", "Site_Name": "Fed Polytechnic Kaltungo Youlead360", "Interv_Typ": "Afforestation (Institutional Planting)", "Component": "A - Dryland Management", "Comments": null, "Implemnter": "SPMU", "Start_Date": "2024-09-18T00:00:00", "End_Date": "2024/09/18", "No_Trees_P": 404, "Sub_compon": "A2-1", "Lon": 11.3265267389, "Lat": 9.821375, "Female_pop": 619, "Buffer_Mtr": 0, "Area_Impac": 9.3831131705999997, "Male_pop": 653, "Area_Intev": 9.3831127298299997, "Netsize_Ha": 0.0, "Indicator": "Area under improved catchment management", "Benefi_pop": 1272.0, "Perct_NDVI": 0.0, "parent_micro_name": "Kaltungo" }, "geometry": { "type": "Polygon", "coordinates": [ [ [ 11.325545099590469, 9.821959400422807, 0.0 ], [ 11.326446478031466, 9.822112497321454, 0.0 ], [ 11.326450433752836, 9.821754278338357, 0.0 ], [ 11.328594071472152, 9.820631116920437, 0.0 ], [ 11.327244904966859, 9.818502723025494, 0.0 ], [ 11.324441261828106, 9.820514360860805, 0.0 ], [ 11.325545099590469, 9.821959400422807, 0.0 ] ] ] } },
{ "type": "Feature", "properties": { "OBJECTID": 124, "ActivityID": "GOM44", "Stra_Catch": "Gali-Lamurde", "Micr_Catch": "Kaltungo", "State": "Gombe", "LGA": "Kaltungo", "Site_Name": "Orchard Plantation at NTA Kaltungo", "Interv_Typ": "Afforestation (Orchard)", "Component": "A - Dryland Management", "Comments": null, "Implemnter": "SPMU", "Start_Date": "2023-08-07T00:00:00", "End_Date": "2023/09/07", "No_Trees_P": 120, "Sub_compon": "A2-1", "Lon": 11.2684171996, "Lat": 9.848293, "Female_pop": 52, "Buffer_Mtr": 0, "Area_Impac": 12.2263599834, "Male_pop": 264, "Area_Intev": 12.226359310599999, "Netsize_Ha": 12.226400375400001, "Indicator": "Area under improved catchment management", "Benefi_pop": 316.0, "Perct_NDVI": 0.0, "parent_micro_name": "Kaltungo" }, "geometry": { "type": "Polygon", "coordinates": [ [ [ 11.267298692726794, 9.849041247635579, 0.0 ], [ 11.269784496536973, 9.847903490850696, 0.0 ], [ 11.269250817719245, 9.846351384204638, 0.0 ], [ 11.269628501862055, 9.845789555997824, 0.0 ], [ 11.269989203368331, 9.845376333170252, 0.0 ], [ 11.270149475334682, 9.84516634587302, 0.0 ], [ 11.270283037505203, 9.844752614410302, 0.0 ], [ 11.270324199864746, 9.844447810119934, 0.0 ], [ 11.270503928968958, 9.843987929765566, 0.0 ], [ 11.269947649787238, 9.843787793058473, 0.0 ], [ 11.269309298811244, 9.84359243556105, 0.0 ], [ 11.269033563514039, 9.844832009921904, 0.0 ], [ 11.26896806673998, 9.845247473815654, 0.0 ], [ 11.268898347800617, 9.845485663467603, 0.0 ], [ 11.268795476079648, 9.845375797148591, 0.0 ], [ 11.266291662166211, 9.846450886664138, 0.0 ], [ 11.267298692726794, 9.849041247635579, 0.0 ] ] ] } },
{ "type": "Feature", "properties": { "OBJECTID": 192, "ActivityID": null, "Stra_Catch": "Hawal-Kilunga", "Micr_Catch": "Balanga", "State": "Gombe", "LGA": "Kaltungo", "Site_Name": "Kaltungo Locus Bean", "Interv_Typ": "Afforestation (Woodlot)", "Component": "A - Dryland Management", "Comments": null, "Implemnter": "SPMU", "Start_Date": "2024-09-16T00:00:00", "End_Date": "2025/12/03", "No_Trees_P": 1010, "Sub_compon": "A2-1", "Lon": 11.281945455800001, "Lat": 9.957758, "Female_pop": 197, "Buffer_Mtr": 0, "Area_Impac": 9.9637724293600005, "Male_pop": 216, "Area_Intev": 10.154191816699999, "Netsize_Ha": 10.1541996002, "Indicator": "Area under improved catchment management", "Benefi_pop": 413.0, "Perct_NDVI": 0.0, "parent_micro_name": "Kaltungo" }, "geometry": { "type": "Polygon", "coordinates": [ [ [ 11.279869417149907, 9.853675496415443, 0.0 ], [ 11.281560729976636, 9.854980586670417, 0.0 ], [ 11.284036535191383, 9.85181420532918, 0.0 ], [ 11.28228868857278, 9.85071676336208, 0.0 ], [ 11.279869417149907, 9.853675496415443, 0.0 ] ] ] } },
{ "type": "Feature", "properties": { "OBJECTID": 964, "ActivityID": null, "Stra_Catch": "Gongola", "Micr_Catch": "FCE-T", "State": "Gombe", "LGA": "Gombe", "Site_Name": "FCE-T Gully Erosion Control", "Interv_Typ": "Civil Works (Gully Erosion Control)", "Component": "A - Dryland Management", "Comments": null, "Implemnter": "SPMU", "Start_Date": "2024-09-30T00:00:00", "End_Date": "2025/11/12", "No_Trees_P": 0, "Sub_compon": "A2-2", "Lon": 11.1519581606, "Lat": 10.3433690986, "Female_pop": 0, "Buffer_Mtr": 0, "Area_Impac": 57453.830746, "Male_pop": 0, "Area_Intev": 0.0, "Netsize_Ha": 57453.830746, "Indicator": "Area under improved catchment management", "Benefi_pop": 0.0, "Perct_NDVI": 0.0, "parent_micro_name": "FCE-T. Gombe" }, "geometry": { "type": "Polygon", "coordinates": [ [ [ 11.154583333383371, 10.485416666685085, 0.0 ], [ 11.160416666434326, 10.483749999612307, 0.0 ], [ 11.168750000002797, 10.48458333318507, 0.0 ], [ 11.170416666312194, 10.482083333759055, 0.0 ], [ 11.169583333170317, 10.480416666295289, 0.0 ], [ 11.171249999832604, 10.476249999925846, 0.0 ], [ 11.177916666380739, 10.473749999931663, 0.0 ], [ 11.177916666864554, 10.472083333438322, 0.0 ], [ 11.181249999845914, 10.468749999690639, 0.0 ], [ 11.181250000086798, 10.466250000365827, 0.0 ], [ 11.18291666653144, 10.466250000089248, 0.0 ], [ 11.183750000181295, 10.462083333739223, 0.0 ], [ 11.187083333722853, 10.461250000086476, 0.0 ], [ 11.189583333415419, 10.456250000166172, 0.0 ], [ 11.192916666827022, 10.454583333446752, 0.0 ], [ 11.18958333305698, 10.448750000078601, 0.0 ], [ 11.182083333764707, 10.442083333386652, 0.0 ], [ 11.182916666846371, 10.438749999672996, 0.0 ], [ 11.180416666882671, 10.436250000255949, 0.0 ], [ 11.181249999870161, 10.435416666880503, 0.0 ], [ 11.179583333024985, 10.433749999707461, 0.0 ], [ 11.180416666478731, 10.430416666563159, 0.0 ], [ 11.177916666303817, 10.42791666655385, 0.0 ], [ 11.17791666672905, 10.424583333387758, 0.0 ], [ 11.176249999915001, 10.42374999967798, 0.0 ], [ 11.175416666344448, 10.416249999716873, 0.0 ], [ 11.171249999853661, 10.412916666648412, 0.0 ], [ 11.171249999560645, 10.411249999563829, 0.0 ], [ 11.172916666917118, 10.41041666670837, 0.0 ], [ 11.17208333378167, 10.403749999852227, 0.0 ], [ 11.174583333513837, 10.401250000346268, 0.0 ], [ 11.173749999731008, 10.398749999590393, 0.0 ], [ 11.172083333484927, 10.397916666387797, 0.0 ], [ 11.171249999923941, 10.390416666562034, 0.0 ], [ 11.173749999876947, 10.385416666745561, 0.0 ], [ 11.175416666242002, 10.384583333394918, 0.0 ], [ 11.174583333713358, 10.382916666479712, 0.0 ], [ 11.177083333622285, 10.379583333749538, 0.0 ], [ 11.180416666811455, 10.376249999693155, 0.0 ], [ 11.183749999816873, 10.376249999741242, 0.0 ], [ 11.183749999869537, 10.374583333376524, 0.0 ], [ 11.185416666329735, 10.374583333434703, 0.0 ], [ 11.187083333247443, 10.37125000042467, 0.0 ], [ 11.19125000025462, 10.372083333345035, 0.0 ], [ 11.19291666704776, 10.369583332937932, 0.0 ], [ 11.194583332990764, 10.369583333046165, 0.0 ], [ 11.196250000431682, 10.372083333016548, 0.0 ], [ 11.198749999833469, 10.3712500002604, 0.0 ], [ 11.200416666583834, 10.373749999855523, 0.0 ], [ 11.202916667084663, 10.372916666762007, 0.0 ], [ 11.204583332909422, 10.374583333750545, 0.0 ], [ 11.20624999967912, 10.372916666604521, 0.0 ], [ 11.208750000217504, 10.372916666773136, 0.0 ], [ 11.216250000060231, 10.366249999633668, 0.0 ], [ 11.221249999548693, 10.367083333027013, 0.0 ], [ 11.222916666722931, 10.365416666507606, 0.0 ], [ 11.223750000265873, 10.366249999749487, 0.0 ], [ 11.227916666765141, 10.365416667029294, 0.0 ], [ 11.231250000120927, 10.360416666652398, 0.0 ], [ 11.234583333663613, 10.358750000422932, 0.0 ], [ 11.237083333328291, 10.359583333037168, 0.0 ], [ 11.237916666906955, 10.362916666373827, 0.0 ], [ 11.243750000277435, 10.364583333138064, 0.0 ], [ 11.246250000016914, 10.363750000338658, 0.0 ], [ 11.24625000023919, 10.362083333096601, 0.0 ], [ 11.247916666604544, 10.361250000068956, 0.0 ], [ 11.256250000389784, 10.362083333643406, 0.0 ], [ 11.257916666905045, 10.36125000013385, 0.0 ], [ 11.25875000042039, 10.358750000352654, 0.0 ], [ 11.265416666494675, 10.364583333652735, 0.0 ], [ 11.268750000248671, 10.365416666757083, 0.0 ], [ 11.271249999783944, 10.364583332898976, 0.0 ], [ 11.272083333059074, 10.366250000424428, 0.0 ], [ 11.285416666957872, 10.365416666952212, 0.0 ], [ 11.286249999597249, 10.367083333210719, 0.0 ], [ 11.287916667087577, 10.366250000363427, 0.0 ], [ 11.293750000395228, 10.367083333064182, 0.0 ], [ 11.29624999979065, 10.363749999615209, 0.0 ], [ 11.299583333590544, 10.362916666384436, 0.0 ], [ 11.301250000085034, 10.359583333341797, 0.0 ], [ 11.303749999228705, 10.359583333761231, 0.0 ], [ 11.303749999794096, 10.357916667260582, 0.0 ], [ 11.30708333318583, 10.355416666709814, 0.0 ], [ 11.306249999864486, 10.353750000452919, 0.0 ], [ 11.309583332716382, 10.352083333786561, 0.0 ], [ 11.309583333010876, 10.347916666828358, 0.0 ], [ 11.31208333351522, 10.346250000382389, 0.0 ], [ 11.312916666783513, 10.342083333457435, 0.0 ], [ 11.316249999924599, 10.339583333779192, 0.0 ], [ 11.31541666707861, 10.338749999574006, 0.0 ], [ 11.316249999747949, 10.337083333580495, 0.0 ], [ 11.315416666554814, 10.334583333224037, 0.0 ], [ 11.313749999960994, 10.333749999646615, 0.0 ], [ 11.312083333554423, 10.327083333211037, 0.0 ], [ 11.310416666812468, 10.326249999910608, 0.0 ], [ 11.311250000333292, 10.323749999850499, 0.0 ], [ 11.309583333461406, 10.322083333127148, 0.0 ], [ 11.310416666681922, 10.319583332898, 0.0 ], [ 11.307916666442809, 10.318750000411931, 0.0 ], [ 11.307083333298456, 10.315416666318166, 0.0 ], [ 11.305416666881598, 10.31458333345193, 0.0 ], [ 11.305416666705073, 10.312083333741922, 0.0 ], [ 11.303749999718011, 10.312083333192069, 0.0 ], [ 11.302916666687429, 10.309583333192949, 0.0 ], [ 11.297083332977444, 10.307083333428205, 0.0 ], [ 11.296249999746324, 10.30291666656786, 0.0 ], [ 11.28374999997664, 10.302083333486948, 0.0 ], [ 11.277083333040313, 10.303749999676372, 0.0 ], [ 11.274583333427305, 10.300416666808758, 0.0 ], [ 11.272083333702851, 10.300416667012717, 0.0 ], [ 11.267083333576842, 10.296250000097388, 0.0 ], [ 11.267083333506147, 10.294583333208845, 0.0 ], [ 11.262083332982753, 10.290416667080207, 0.0 ], [ 11.26208333304643, 10.288749999687898, 0.0 ], [ 11.258750000085373, 10.287916666707668, 0.0 ], [ 11.255416666502226, 10.281250000273374, 0.0 ], [ 11.252916667021012, 10.282083332975445, 0.0 ], [ 11.240416666926565, 10.281249999621235, 0.0 ], [ 11.240416666773131, 10.277916667012608, 0.0 ], [ 11.237083333711213, 10.27708333352548, 0.0 ], [ 11.237083333604879, 10.274583333191812, 0.0 ], [ 11.235416666583451, 10.27458333309888, 0.0 ], [ 11.233750000159551, 10.268749999741578, 0.0 ], [ 11.231249999931041, 10.267916666994243, 0.0 ], [ 11.230416666375513, 10.2654166665777, 0.0 ], [ 11.22791666693192, 10.265416667038471, 0.0 ], [ 11.228749999716831, 10.262916666767667, 0.0 ], [ 11.227083333256308, 10.257083333151707, 0.0 ], [ 11.227916666523063, 10.245416666484669, 0.0 ], [ 11.225416667102346, 10.2387499997749, 0.0 ], [ 11.225416666695322, 10.233750000206321, 0.0 ], [ 11.223749999667907, 10.233750000417862, 0.0 ], [ 11.224583333413607, 10.229583333061603, 0.0 ], [ 11.222083333016638, 10.228750000428423, 0.0 ], [ 11.221250000376415, 10.227083333457809, 0.0 ], [ 11.212916666677719, 10.227916666783051, 0.0 ], [ 11.208749999661459, 10.22458333355196, 0.0 ], [ 11.205416666858433, 10.22458333372694, 0.0 ], [ 11.202083333059518, 10.22541666692419, 0.0 ], [ 11.201250000075136, 10.227083333575976, 0.0 ], [ 11.195416666472635, 10.227083333337195, 0.0 ], [ 11.193749999876973, 10.22875000042133, 0.0 ], [ 11.189583333452248, 10.226250000144695, 0.0 ], [ 11.189583333456884, 10.228750000069384, 0.0 ], [ 11.186249999756519, 10.232916667068213, 0.0 ], [ 11.182083333102106, 10.23291666636503, 0.0 ], [ 11.181249999612435, 10.234583333098501, 0.0 ], [ 11.177083333294004, 10.236249999781728, 0.0 ], [ 11.177083332909865, 10.237916666286337, 0.0 ], [ 11.170416666833052, 10.23708333288412, 0.0 ], [ 11.168750000014413, 10.238750000447107, 0.0 ], [ 11.163750000356174, 10.239583333663257, 0.0 ], [ 11.161249999642248, 10.237916666603196, 0.0 ], [ 11.155416666498187, 10.237916666993236, 0.0 ], [ 11.142916666526759, 10.225416666251665, 0.0 ], [ 11.140416666983642, 10.225416666901326, 0.0 ], [ 11.140416666557192, 10.223750000252853, 0.0 ], [ 11.135416666685273, 10.222083333700208, 0.0 ], [ 11.135416666863058, 10.218750000268155, 0.0 ], [ 11.131250000017713, 10.208750000256737, 0.0 ], [ 11.128749999994337, 10.208750000427292, 0.0 ], [ 11.118750000124589, 10.197916667083009, 0.0 ], [ 11.116250000076429, 10.197916666826849, 0.0 ], [ 11.116249999878308, 10.199583333278969, 0.0 ], [ 11.114583333351922, 10.200416666289456, 0.0 ], [ 11.113749999871292, 10.206249999885632, 0.0 ], [ 11.111249999985599, 10.207916666391984, 0.0 ], [ 11.107916667103765, 10.221250000433674, 0.0 ], [ 11.104583333076334, 10.227916666722226, 0.0 ], [ 11.107916666621332, 10.247916666720942, 0.0 ], [ 11.109583333730486, 10.249583333542521, 0.0 ], [ 11.112083333759225, 10.249583333695183, 0.0 ], [ 11.112083333549224, 10.252083333721565, 0.0 ], [ 11.113749999678936, 10.252916666269664, 0.0 ], [ 11.114583333238132, 10.256249999676044, 0.0 ], [ 11.113750000345101, 10.257083333561196, 0.0 ], [ 11.114583333305818, 10.26458333307761, 0.0 ], [ 11.112083333628473, 10.26958333364964, 0.0 ], [ 11.1087499996943, 10.270416666409158, 0.0 ], [ 11.107916666925119, 10.268750000006532, 0.0 ], [ 11.082916666918205, 10.272916666585008, 0.0 ], [ 11.079583333443326, 10.267083333534563, 0.0 ], [ 11.077916666306125, 10.267083333277204, 0.0 ], [ 11.077916666873561, 10.265416666821761, 0.0 ], [ 11.076250000270964, 10.264583333059274, 0.0 ], [ 11.065416666619328, 10.266249999977623, 0.0 ], [ 11.057083333593512, 10.262083333025569, 0.0 ], [ 11.055416666792068, 10.264583333153753, 0.0 ], [ 11.048749999808591, 10.267083333141965, 0.0 ], [ 11.047083333241565, 10.267083333234053, 0.0 ], [ 11.046249999988301, 10.265416666239991, 0.0 ], [ 11.045416666421724, 10.266249999904392, 0.0 ], [ 11.042916666865333, 10.265416666805745, 0.0 ], [ 11.042916666770374, 10.267916666701211, 0.0 ], [ 11.040416666301297, 10.270416666868957, 0.0 ], [ 11.027083333464493, 10.269583333334062, 0.0 ], [ 11.024583333610657, 10.273749999976877, 0.0 ], [ 11.025416666332257, 10.276250000032329, 0.0 ], [ 11.022916666880223, 10.27875000011009, 0.0 ], [ 11.022083333075463, 10.284583332948264, 0.0 ], [ 11.02041666622323, 10.285416666400447, 0.0 ], [ 11.021249999568608, 10.291250000259943, 0.0 ], [ 11.019583333335508, 10.292916666792856, 0.0 ], [ 11.019583333560059, 10.296249999681184, 0.0 ], [ 11.022083333615383, 10.298750000416335, 0.0 ], [ 11.022916666293559, 10.302916667110457, 0.0 ], [ 11.022083333141783, 10.303750000191886, 0.0 ], [ 11.022916666868833, 10.310416666818142, 0.0 ], [ 11.021250000210827, 10.314583333578987, 0.0 ], [ 11.018750000161379, 10.316249999760958, 0.0 ], [ 11.018749999812469, 10.318750000028936, 0.0 ], [ 11.016249999883447, 10.320416666643812, 0.0 ], [ 11.017083333648856, 10.322916666908789, 0.0 ], [ 11.015416666323663, 10.323749999607342, 0.0 ], [ 11.013750000116616, 10.332083333405691, 0.0 ], [ 11.01958333311063, 10.343749999748402, 0.0 ], [ 11.018749999908726, 10.345416666255758, 0.0 ], [ 11.019583332947507, 10.347083333416725, 0.0 ], [ 11.017916666506178, 10.349583332975755, 0.0 ], [ 11.018750000065472, 10.353749999852171, 0.0 ], [ 11.016250000280642, 10.355416666969665, 0.0 ], [ 11.016249999789808, 10.357916666455212, 0.0 ], [ 11.0145833330418, 10.357916666394619, 0.0 ], [ 11.014583333178891, 10.360416667042475, 0.0 ], [ 11.01708333339343, 10.367083332886978, 0.0 ], [ 11.016249999607416, 10.369583333450066, 0.0 ], [ 11.017916666393674, 10.370416667052721, 0.0 ], [ 11.018750000282433, 10.372916666738698, 0.0 ], [ 11.018749999637683, 10.376250000356363, 0.0 ], [ 11.023750000275534, 10.383749999983824, 0.0 ], [ 11.023749999780593, 10.387916666386049, 0.0 ], [ 11.022083333143952, 10.388749999911564, 0.0 ], [ 11.021249999868658, 10.391250000187519, 0.0 ], [ 11.022083333738898, 10.403749999703056, 0.0 ], [ 11.026249999929705, 10.407916666699832, 0.0 ], [ 11.026249999929492, 10.409583333099222, 0.0 ], [ 11.028749999983706, 10.41041666630041, 0.0 ], [ 11.029583333281275, 10.412916666874862, 0.0 ], [ 11.028749999903649, 10.422083333777218, 0.0 ], [ 11.027083333071682, 10.422083333358716, 0.0 ], [ 11.027916666299477, 10.425416666924505, 0.0 ], [ 11.02541666703195, 10.427083333284425, 0.0 ], [ 11.02375000011622, 10.430416666952615, 0.0 ], [ 11.024583333383983, 10.435416666753888, 0.0 ], [ 11.022916666698338, 10.43625000008875, 0.0 ], [ 11.023749999838198, 10.438750000204898, 0.0 ], [ 11.022916666778228, 10.442083333185261, 0.0 ], [ 11.024583332917805, 10.442083333316399, 0.0 ], [ 11.026250000296344, 10.444583333160208, 0.0 ], [ 11.027083333498849, 10.453749999722152, 0.0 ], [ 11.025416666811918, 10.454583332903685, 0.0 ], [ 11.025416666276689, 10.456250000385511, 0.0 ], [ 11.027916666494708, 10.457916666767032, 0.0 ], [ 11.027916666294356, 10.459583333330631, 0.0 ], [ 11.031249999892083, 10.459583333531212, 0.0 ], [ 11.031249999614458, 10.457916666586137, 0.0 ], [ 11.0345833335553, 10.454583333425422, 0.0 ], [ 11.041249999659394, 10.452083333526209, 0.0 ], [ 11.04124999991739, 10.453750000316097, 0.0 ], [ 11.04291666695344, 10.454583333692932, 0.0 ], [ 11.045416666227736, 10.453750000321213, 0.0 ], [ 11.048750000230399, 10.455416666814411, 0.0 ], [ 11.05041666655697, 10.457083333552305, 0.0 ], [ 11.049583333784479, 10.458750000347965, 0.0 ], [ 11.052916666613417, 10.462083333098567, 0.0 ], [ 11.05791666632609, 10.461250000047439, 0.0 ], [ 11.061250000074585, 10.462916666988409, 0.0 ], [ 11.065416666850641, 10.462916666361735, 0.0 ], [ 11.06708333361186, 10.463750000086907, 0.0 ], [ 11.06708333345512, 10.465416666687711, 0.0 ], [ 11.071249999962927, 10.466249999592041, 0.0 ], [ 11.073749999843384, 10.468749999845633, 0.0 ], [ 11.073750000447724, 10.471249999963517, 0.0 ], [ 11.077916666966853, 10.475416666806144, 0.0 ], [ 11.079583333304177, 10.475416666977933, 0.0 ], [ 11.082083333293877, 10.472083333650192, 0.0 ], [ 11.084583333204305, 10.472916666836596, 0.0 ], [ 11.084583333156361, 10.474583333335485, 0.0 ], [ 11.087916666641851, 10.47458333344226, 0.0 ], [ 11.089583333199524, 10.477083333608864, 0.0 ], [ 11.09374999971009, 10.477083333041877, 0.0 ], [ 11.094583333315901, 10.47541666627459, 0.0 ], [ 11.096249999735349, 10.477083333029576, 0.0 ], [ 11.098749999661379, 10.477083333219035, 0.0 ], [ 11.098749999711135, 10.475416666633931, 0.0 ], [ 11.101250000127813, 10.473749999876283, 0.0 ], [ 11.101482278102063, 10.473285447342739, 0.0 ], [ 11.102020370538833, 10.472209266901151, 0.0 ], [ 11.102916667034027, 10.470416666680748, 0.0 ], [ 11.106249999556754, 10.470416666232909, 0.0 ], [ 11.107916666544597, 10.468750000332316, 0.0 ], [ 11.116249999643086, 10.469583333631665, 0.0 ], [ 11.120416666485383, 10.467916666674469, 0.0 ], [ 11.122083333217207, 10.465416666259905, 0.0 ], [ 11.126250000116462, 10.466249999926001, 0.0 ], [ 11.127916666299926, 10.463750000055569, 0.0 ], [ 11.130416666428001, 10.463749999914505, 0.0 ], [ 11.131250000245648, 10.4620833337194, 0.0 ], [ 11.13375000020811, 10.46291666680958, 0.0 ], [ 11.135416666448588, 10.46041666641219, 0.0 ], [ 11.14041666680996, 10.460416667053034, 0.0 ], [ 11.143750000433901, 10.464583333651904, 0.0 ], [ 11.142083332933666, 10.466249999950948, 0.0 ], [ 11.142083333459553, 10.4704166669608, 0.0 ], [ 11.143749999706319, 10.472083332932479, 0.0 ], [ 11.145416666935271, 10.479583332962301, 0.0 ], [ 11.147916666401503, 10.482083333040979, 0.0 ], [ 11.150416666313172, 10.482083333572689, 0.0 ], [ 11.154583333383371, 10.485416666685085, 0.0 ] ] ] } },
{ "type": "Feature", "properties": { "OBJECTID": 184, "ActivityID": null, "Stra_Catch": "Gongola", "Micr_Catch": "Bajoga", "State": "Gombe", "LGA": "Funakaye", "Site_Name": "Bozonshilwa", "Interv_Typ": "CRF Activity", "Component": "B - Community Climate Resilience", "Comments": null, "Implemnter": "SPMU", "Start_Date": "2024-07-31T00:00:00", "End_Date": "2024/07/31", "No_Trees_P": 0, "Sub_compon": "B2-1", "Lon": 10.923852116600001, "Lat": 10.749051, "Female_pop": 129, "Buffer_Mtr": 0, "Area_Impac": 51.822210313699998, "Male_pop": 221, "Area_Intev": 52.739180695400002, "Netsize_Ha": 52.739200592000003, "Indicator": "Area under community-led landscape restoration", "Benefi_pop": 350.0, "Perct_NDVI": 0.0, "parent_micro_name": "Akko_Kumo" }, "geometry": { "type": "Polygon", "coordinates": [ [ [ 10.918449568540415, 10.748080222403765, 0.0 ], [ 10.920730500717418, 10.750295491346145, 0.0 ], [ 10.927263533181316, 10.751242071181244, 0.0 ], [ 10.929178429486951, 10.747048751215178, 0.0 ], [ 10.925986549184092, 10.745954472855175, 0.0 ], [ 10.923485272957182, 10.745448857964501, 0.0 ], [ 10.921865652255647, 10.746192346394322, 0.0 ], [ 10.919799859845526, 10.745684810937217, 0.0 ], [ 10.918449568540415, 10.748080222403765, 0.0 ] ] ] } },
{ "type": "Feature", "properties": { "OBJECTID": 964, "ActivityID": null, "Stra_Catch": "Gongola", "Micr_Catch": "FCE-T", "State": "Gombe", "LGA": "Gombe", "Site_Name": "FCE-T Gully Erosion Control", "Interv_Typ": "Civil Works (Gully Erosion Control)", "Component": "A - Dryland Management", "Comments": null, "Implemnter": "SPMU", "Start_Date": "2024-09-30T00:00:00", "End_Date": "2025/11/12", "No_Trees_P": 0, "Sub_compon": "A2-2", "Lon": 11.1519581606, "Lat": 10.3433690986, "Female_pop": 0, "Buffer_Mtr": 0, "Area_Impac": 57453.830746, "Male_pop": 0, "Area_Intev": 0.0, "Netsize_Ha": 57453.830746, "Indicator": "Area under improved catchment management", "Benefi_pop": 0.0, "Perct_NDVI": 0.0, "parent_micro_name": "Akko_Kumo" }, "geometry": { "type": "Polygon", "coordinates": [ [ [ 11.154583333383371, 10.485416666685085, 0.0 ], [ 11.160416666434326, 10.483749999612307, 0.0 ], [ 11.168750000002797, 10.48458333318507, 0.0 ], [ 11.170416666312194, 10.482083333759055, 0.0 ], [ 11.169583333170317, 10.480416666295289, 0.0 ], [ 11.171249999832604, 10.476249999925846, 0.0 ], [ 11.177916666380739, 10.473749999931663, 0.0 ], [ 11.177916666864554, 10.472083333438322, 0.0 ], [ 11.181249999845914, 10.468749999690639, 0.0 ], [ 11.181250000086798, 10.466250000365827, 0.0 ], [ 11.18291666653144, 10.466250000089248, 0.0 ], [ 11.183750000181295, 10.462083333739223, 0.0 ], [ 11.187083333722853, 10.461250000086476, 0.0 ], [ 11.189583333415419, 10.456250000166172, 0.0 ], [ 11.192916666827022, 10.454583333446752, 0.0 ], [ 11.18958333305698, 10.448750000078601, 0.0 ], [ 11.182083333764707, 10.442083333386652, 0.0 ], [ 11.182916666846371, 10.438749999672996, 0.0 ], [ 11.180416666882671, 10.436250000255949, 0.0 ], [ 11.181249999870161, 10.435416666880503, 0.0 ], [ 11.179583333024985, 10.433749999707461, 0.0 ], [ 11.180416666478731, 10.430416666563159, 0.0 ], [ 11.177916666303817, 10.42791666655385, 0.0 ], [ 11.17791666672905, 10.424583333387758, 0.0 ], [ 11.176249999915001, 10.42374999967798, 0.0 ], [ 11.175416666344448, 10.416249999716873, 0.0 ], [ 11.171249999853661, 10.412916666648412, 0.0 ], [ 11.171249999560645, 10.411249999563829, 0.0 ], [ 11.172916666917118, 10.41041666670837, 0.0 ], [ 11.17208333378167, 10.403749999852227, 0.0 ], [ 11.174583333513837, 10.401250000346268, 0.0 ], [ 11.173749999731008, 10.398749999590393, 0.0 ], [ 11.172083333484927, 10.397916666387797, 0.0 ], [ 11.171249999923941, 10.390416666562034, 0.0 ], [ 11.173749999876947, 10.385416666745561, 0.0 ], [ 11.175416666242002, 10.384583333394918, 0.0 ], [ 11.174583333713358, 10.382916666479712, 0.0 ], [ 11.177083333622285, 10.379583333749538, 0.0 ], [ 11.180416666811455, 10.376249999693155, 0.0 ], [ 11.183749999816873, 10.376249999741242, 0.0 ], [ 11.183749999869537, 10.374583333376524, 0.0 ], [ 11.185416666329735, 10.374583333434703, 0.0 ], [ 11.187083333247443, 10.37125000042467, 0.0 ], [ 11.19125000025462, 10.372083333345035, 0.0 ], [ 11.19291666704776, 10.369583332937932, 0.0 ], [ 11.194583332990764, 10.369583333046165, 0.0 ], [ 11.196250000431682, 10.372083333016548, 0.0 ], [ 11.198749999833469, 10.3712500002604, 0.0 ], [ 11.200416666583834, 10.373749999855523, 0.0 ], [ 11.202916667084663, 10.372916666762007, 0.0 ], [ 11.204583332909422, 10.374583333750545, 0.0 ], [ 11.20624999967912, 10.372916666604521, 0.0 ], [ 11.208750000217504, 10.372916666773136, 0.0 ], [ 11.216250000060231, 10.366249999633668, 0.0 ], [ 11.221249999548693, 10.367083333027013, 0.0 ], [ 11.222916666722931, 10.365416666507606, 0.0 ], [ 11.223750000265873, 10.366249999749487, 0.0 ], [ 11.227916666765141, 10.365416667029294, 0.0 ], [ 11.231250000120927, 10.360416666652398, 0.0 ], [ 11.234583333663613, 10.358750000422932, 0.0 ], [ 11.237083333328291, 10.359583333037168, 0.0 ], [ 11.237916666906955, 10.362916666373827, 0.0 ], [ 11.243750000277435, 10.364583333138064, 0.0 ], [ 11.246250000016914, 10.363750000338658, 0.0 ], [ 11.24625000023919, 10.362083333096601, 0.0 ], [ 11.247916666604544, 10.361250000068956, 0.0 ], [ 11.256250000389784, 10.362083333643406, 0.0 ], [ 11.257916666905045, 10.36125000013385, 0.0 ], [ 11.25875000042039, 10.358750000352654, 0.0 ], [ 11.265416666494675, 10.364583333652735, 0.0 ], [ 11.268750000248671, 10.365416666757083, 0.0 ], [ 11.271249999783944, 10.364583332898976, 0.0 ], [ 11.272083333059074, 10.366250000424428, 0.0 ], [ 11.285416666957872, 10.365416666952212, 0.0 ], [ 11.286249999597249, 10.367083333210719, 0.0 ], [ 11.287916667087577, 10.366250000363427, 0.0 ], [ 11.293750000395228, 10.367083333064182, 0.0 ], [ 11.29624999979065, 10.363749999615209, 0.0 ], [ 11.299583333590544, 10.362916666384436, 0.0 ], [ 11.301250000085034, 10.359583333341797, 0.0 ], [ 11.303749999228705, 10.359583333761231, 0.0 ], [ 11.303749999794096, 10.357916667260582, 0.0 ], [ 11.30708333318583, 10.355416666709814, 0.0 ], [ 11.306249999864486, 10.353750000452919, 0.0 ], [ 11.309583332716382, 10.352083333786561, 0.0 ], [ 11.309583333010876, 10.347916666828358, 0.0 ], [ 11.31208333351522, 10.346250000382389, 0.0 ], [ 11.312916666783513, 10.342083333457435, 0.0 ], [ 11.316249999924599, 10.339583333779192, 0.0 ], [ 11.31541666707861, 10.338749999574006, 0.0 ], [ 11.316249999747949, 10.337083333580495, 0.0 ], [ 11.315416666554814, 10.334583333224037, 0.0 ], [ 11.313749999960994, 10.333749999646615, 0.0 ], [ 11.312083333554423, 10.327083333211037, 0.0 ], [ 11.310416666812468, 10.326249999910608, 0.0 ], [ 11.311250000333292, 10.323749999850499, 0.0 ], [ 11.309583333461406, 10.322083333127148, 0.0 ], [ 11.310416666681922, 10.319583332898, 0.0 ], [ 11.307916666442809, 10.318750000411931, 0.0 ], [ 11.307083333298456, 10.315416666318166, 0.0 ], [ 11.305416666881598, 10.31458333345193, 0.0 ], [ 11.305416666705073, 10.312083333741922, 0.0 ], [ 11.303749999718011, 10.312083333192069, 0.0 ], [ 11.302916666687429, 10.309583333192949, 0.0 ], [ 11.297083332977444, 10.307083333428205, 0.0 ], [ 11.296249999746324, 10.30291666656786, 0.0 ], [ 11.28374999997664, 10.302083333486948, 0.0 ], [ 11.277083333040313, 10.303749999676372, 0.0 ], [ 11.274583333427305, 10.300416666808758, 0.0 ], [ 11.272083333702851, 10.300416667012717, 0.0 ], [ 11.267083333576842, 10.296250000097388, 0.0 ], [ 11.267083333506147, 10.294583333208845, 0.0 ], [ 11.262083332982753, 10.290416667080207, 0.0 ], [ 11.26208333304643, 10.288749999687898, 0.0 ], [ 11.258750000085373, 10.287916666707668, 0.0 ], [ 11.255416666502226, 10.281250000273374, 0.0 ], [ 11.252916667021012, 10.282083332975445, 0.0 ], [ 11.240416666926565, 10.281249999621235, 0.0 ], [ 11.240416666773131, 10.277916667012608, 0.0 ], [ 11.237083333711213, 10.27708333352548, 0.0 ], [ 11.237083333604879, 10.274583333191812, 0.0 ], [ 11.235416666583451, 10.27458333309888, 0.0 ], [ 11.233750000159551, 10.268749999741578, 0.0 ], [ 11.231249999931041, 10.267916666994243, 0.0 ], [ 11.230416666375513, 10.2654166665777, 0.0 ], [ 11.22791666693192, 10.265416667038471, 0.0 ], [ 11.228749999716831, 10.262916666767667, 0.0 ], [ 11.227083333256308, 10.257083333151707, 0.0 ], [ 11.227916666523063, 10.245416666484669, 0.0 ], [ 11.225416667102346, 10.2387499997749, 0.0 ], [ 11.225416666695322, 10.233750000206321, 0.0 ], [ 11.223749999667907, 10.233750000417862, 0.0 ], [ 11.224583333413607, 10.229583333061603, 0.0 ], [ 11.222083333016638, 10.228750000428423, 0.0 ], [ 11.221250000376415, 10.227083333457809, 0.0 ], [ 11.212916666677719, 10.227916666783051, 0.0 ], [ 11.208749999661459, 10.22458333355196, 0.0 ], [ 11.205416666858433, 10.22458333372694, 0.0 ], [ 11.202083333059518, 10.22541666692419, 0.0 ], [ 11.201250000075136, 10.227083333575976, 0.0 ], [ 11.195416666472635, 10.227083333337195, 0.0 ], [ 11.193749999876973, 10.22875000042133, 0.0 ], [ 11.189583333452248, 10.226250000144695, 0.0 ], [ 11.189583333456884, 10.228750000069384, 0.0 ], [ 11.186249999756519, 10.232916667068213, 0.0 ], [ 11.182083333102106, 10.23291666636503, 0.0 ], [ 11.181249999612435, 10.234583333098501, 0.0 ], [ 11.177083333294004, 10.236249999781728, 0.0 ], [ 11.177083332909865, 10.237916666286337, 0.0 ], [ 11.170416666833052, 10.23708333288412, 0.0 ], [ 11.168750000014413, 10.238750000447107, 0.0 ], [ 11.163750000356174, 10.239583333663257, 0.0 ], [ 11.161249999642248, 10.237916666603196, 0.0 ], [ 11.155416666498187, 10.237916666993236, 0.0 ], [ 11.142916666526759, 10.225416666251665, 0.0 ], [ 11.140416666983642, 10.225416666901326, 0.0 ], [ 11.140416666557192, 10.223750000252853, 0.0 ], [ 11.135416666685273, 10.222083333700208, 0.0 ], [ 11.135416666863058, 10.218750000268155, 0.0 ], [ 11.131250000017713, 10.208750000256737, 0.0 ], [ 11.128749999994337, 10.208750000427292, 0.0 ], [ 11.118750000124589, 10.197916667083009, 0.0 ], [ 11.116250000076429, 10.197916666826849, 0.0 ], [ 11.116249999878308, 10.199583333278969, 0.0 ], [ 11.114583333351922, 10.200416666289456, 0.0 ], [ 11.113749999871292, 10.206249999885632, 0.0 ], [ 11.111249999985599, 10.207916666391984, 0.0 ], [ 11.107916667103765, 10.221250000433674, 0.0 ], [ 11.104583333076334, 10.227916666722226, 0.0 ], [ 11.107916666621332, 10.247916666720942, 0.0 ], [ 11.109583333730486, 10.249583333542521, 0.0 ], [ 11.112083333759225, 10.249583333695183, 0.0 ], [ 11.112083333549224, 10.252083333721565, 0.0 ], [ 11.113749999678936, 10.252916666269664, 0.0 ], [ 11.114583333238132, 10.256249999676044, 0.0 ], [ 11.113750000345101, 10.257083333561196, 0.0 ], [ 11.114583333305818, 10.26458333307761, 0.0 ], [ 11.112083333628473, 10.26958333364964, 0.0 ], [ 11.1087499996943, 10.270416666409158, 0.0 ], [ 11.107916666925119, 10.268750000006532, 0.0 ], [ 11.082916666918205, 10.272916666585008, 0.0 ], [ 11.079583333443326, 10.267083333534563, 0.0 ], [ 11.077916666306125, 10.267083333277204, 0.0 ], [ 11.077916666873561, 10.265416666821761, 0.0 ], [ 11.076250000270964, 10.264583333059274, 0.0 ], [ 11.065416666619328, 10.266249999977623, 0.0 ], [ 11.057083333593512, 10.262083333025569, 0.0 ], [ 11.055416666792068, 10.264583333153753, 0.0 ], [ 11.048749999808591, 10.267083333141965, 0.0 ], [ 11.047083333241565, 10.267083333234053, 0.0 ], [ 11.046249999988301, 10.265416666239991, 0.0 ], [ 11.045416666421724, 10.266249999904392, 0.0 ], [ 11.042916666865333, 10.265416666805745, 0.0 ], [ 11.042916666770374, 10.267916666701211, 0.0 ], [ 11.040416666301297, 10.270416666868957, 0.0 ], [ 11.027083333464493, 10.269583333334062, 0.0 ], [ 11.024583333610657, 10.273749999976877, 0.0 ], [ 11.025416666332257, 10.276250000032329, 0.0 ], [ 11.022916666880223, 10.27875000011009, 0.0 ], [ 11.022083333075463, 10.284583332948264, 0.0 ], [ 11.02041666622323, 10.285416666400447, 0.0 ], [ 11.021249999568608, 10.291250000259943, 0.0 ], [ 11.019583333335508, 10.292916666792856, 0.0 ], [ 11.019583333560059, 10.296249999681184, 0.0 ], [ 11.022083333615383, 10.298750000416335, 0.0 ], [ 11.022916666293559, 10.302916667110457, 0.0 ], [ 11.022083333141783, 10.303750000191886, 0.0 ], [ 11.022916666868833, 10.310416666818142, 0.0 ], [ 11.021250000210827, 10.314583333578987, 0.0 ], [ 11.018750000161379, 10.316249999760958, 0.0 ], [ 11.018749999812469, 10.318750000028936, 0.0 ], [ 11.016249999883447, 10.320416666643812, 0.0 ], [ 11.017083333648856, 10.322916666908789, 0.0 ], [ 11.015416666323663, 10.323749999607342, 0.0 ], [ 11.013750000116616, 10.332083333405691, 0.0 ], [ 11.01958333311063, 10.343749999748402, 0.0 ], [ 11.018749999908726, 10.345416666255758, 0.0 ], [ 11.019583332947507, 10.347083333416725, 0.0 ], [ 11.017916666506178, 10.349583332975755, 0.0 ], [ 11.018750000065472, 10.353749999852171, 0.0 ], [ 11.016250000280642, 10.355416666969665, 0.0 ], [ 11.016249999789808, 10.357916666455212, 0.0 ], [ 11.0145833330418, 10.357916666394619, 0.0 ], [ 11.014583333178891, 10.360416667042475, 0.0 ], [ 11.01708333339343, 10.367083332886978, 0.0 ], [ 11.016249999607416, 10.369583333450066, 0.0 ], [ 11.017916666393674, 10.370416667052721, 0.0 ], [ 11.018750000282433, 10.372916666738698, 0.0 ], [ 11.018749999637683, 10.376250000356363, 0.0 ], [ 11.023750000275534, 10.383749999983824, 0.0 ], [ 11.023749999780593, 10.387916666386049, 0.0 ], [ 11.022083333143952, 10.388749999911564, 0.0 ], [ 11.021249999868658, 10.391250000187519, 0.0 ], [ 11.022083333738898, 10.403749999703056, 0.0 ], [ 11.026249999929705, 10.407916666699832, 0.0 ], [ 11.026249999929492, 10.409583333099222, 0.0 ], [ 11.028749999983706, 10.41041666630041, 0.0 ], [ 11.029583333281275, 10.412916666874862, 0.0 ], [ 11.028749999903649, 10.422083333777218, 0.0 ], [ 11.027083333071682, 10.422083333358716, 0.0 ], [ 11.027916666299477, 10.425416666924505, 0.0 ], [ 11.02541666703195, 10.427083333284425, 0.0 ], [ 11.02375000011622, 10.430416666952615, 0.0 ], [ 11.024583333383983, 10.435416666753888, 0.0 ], [ 11.022916666698338, 10.43625000008875, 0.0 ], [ 11.023749999838198, 10.438750000204898, 0.0 ], [ 11.022916666778228, 10.442083333185261, 0.0 ], [ 11.024583332917805, 10.442083333316399, 0.0 ], [ 11.026250000296344, 10.444583333160208, 0.0 ], [ 11.027083333498849, 10.453749999722152, 0.0 ], [ 11.025416666811918, 10.454583332903685, 0.0 ], [ 11.025416666276689, 10.456250000385511, 0.0 ], [ 11.027916666494708, 10.457916666767032, 0.0 ], [ 11.027916666294356, 10.459583333330631, 0.0 ], [ 11.031249999892083, 10.459583333531212, 0.0 ], [ 11.031249999614458, 10.457916666586137, 0.0 ], [ 11.0345833335553, 10.454583333425422, 0.0 ], [ 11.041249999659394, 10.452083333526209, 0.0 ], [ 11.04124999991739, 10.453750000316097, 0.0 ], [ 11.04291666695344, 10.454583333692932, 0.0 ], [ 11.045416666227736, 10.453750000321213, 0.0 ], [ 11.048750000230399, 10.455416666814411, 0.0 ], [ 11.05041666655697, 10.457083333552305, 0.0 ], [ 11.049583333784479, 10.458750000347965, 0.0 ], [ 11.052916666613417, 10.462083333098567, 0.0 ], [ 11.05791666632609, 10.461250000047439, 0.0 ], [ 11.061250000074585, 10.462916666988409, 0.0 ], [ 11.065416666850641, 10.462916666361735, 0.0 ], [ 11.06708333361186, 10.463750000086907, 0.0 ], [ 11.06708333345512, 10.465416666687711, 0.0 ], [ 11.071249999962927, 10.466249999592041, 0.0 ], [ 11.073749999843384, 10.468749999845633, 0.0 ], [ 11.073750000447724, 10.471249999963517, 0.0 ], [ 11.077916666966853, 10.475416666806144, 0.0 ], [ 11.079583333304177, 10.475416666977933, 0.0 ], [ 11.082083333293877, 10.472083333650192, 0.0 ], [ 11.084583333204305, 10.472916666836596, 0.0 ], [ 11.084583333156361, 10.474583333335485, 0.0 ], [ 11.087916666641851, 10.47458333344226, 0.0 ], [ 11.089583333199524, 10.477083333608864, 0.0 ], [ 11.09374999971009, 10.477083333041877, 0.0 ], [ 11.094583333315901, 10.47541666627459, 0.0 ], [ 11.096249999735349, 10.477083333029576, 0.0 ], [ 11.098749999661379, 10.477083333219035, 0.0 ], [ 11.098749999711135, 10.475416666633931, 0.0 ], [ 11.101250000127813, 10.473749999876283, 0.0 ], [ 11.101482278102063, 10.473285447342739, 0.0 ], [ 11.102020370538833, 10.472209266901151, 0.0 ], [ 11.102916667034027, 10.470416666680748, 0.0 ], [ 11.106249999556754, 10.470416666232909, 0.0 ], [ 11.107916666544597, 10.468750000332316, 0.0 ], [ 11.116249999643086, 10.469583333631665, 0.0 ], [ 11.120416666485383, 10.467916666674469, 0.0 ], [ 11.122083333217207, 10.465416666259905, 0.0 ], [ 11.126250000116462, 10.466249999926001, 0.0 ], [ 11.127916666299926, 10.463750000055569, 0.0 ], [ 11.130416666428001, 10.463749999914505, 0.0 ], [ 11.131250000245648, 10.4620833337194, 0.0 ], [ 11.13375000020811, 10.46291666680958, 0.0 ], [ 11.135416666448588, 10.46041666641219, 0.0 ], [ 11.14041666680996, 10.460416667053034, 0.0 ], [ 11.143750000433901, 10.464583333651904, 0.0 ], [ 11.142083332933666, 10.466249999950948, 0.0 ], [ 11.142083333459553, 10.4704166669608, 0.0 ], [ 11.143749999706319, 10.472083332932479, 0.0 ], [ 11.145416666935271, 10.479583332962301, 0.0 ], [ 11.147916666401503, 10.482083333040979, 0.0 ], [ 11.150416666313172, 10.482083333572689, 0.0 ], [ 11.154583333383371, 10.485416666685085, 0.0 ] ] ] } },
{ "type": "Feature", "properties": { "OBJECTID": 964, "ActivityID": null, "Stra_Catch": "Gongola", "Micr_Catch": "FCE-T", "State": "Gombe", "LGA": "Gombe", "Site_Name": "FCE-T Gully Erosion Control", "Interv_Typ": "Civil Works (Gully Erosion Control)", "Component": "A - Dryland Management", "Comments": null, "Implemnter": "SPMU", "Start_Date": "2024-09-30T00:00:00", "End_Date": "2025/11/12", "No_Trees_P": 0, "Sub_compon": "A2-2", "Lon": 11.1519581606, "Lat": 10.3433690986, "Female_pop": 0, "Buffer_Mtr": 0, "Area_Impac": 57453.830746, "Male_pop": 0, "Area_Intev": 0.0, "Netsize_Ha": 57453.830746, "Indicator": "Area under improved catchment management", "Benefi_pop": 0.0, "Perct_NDVI": 0.0, "parent_micro_name": "Barunde/Doma" }, "geometry": { "type": "Polygon", "coordinates": [ [ [ 11.154583333383371, 10.485416666685085, 0.0 ], [ 11.160416666434326, 10.483749999612307, 0.0 ], [ 11.168750000002797, 10.48458333318507, 0.0 ], [ 11.170416666312194, 10.482083333759055, 0.0 ], [ 11.169583333170317, 10.480416666295289, 0.0 ], [ 11.171249999832604, 10.476249999925846, 0.0 ], [ 11.177916666380739, 10.473749999931663, 0.0 ], [ 11.177916666864554, 10.472083333438322, 0.0 ], [ 11.181249999845914, 10.468749999690639, 0.0 ], [ 11.181250000086798, 10.466250000365827, 0.0 ], [ 11.18291666653144, 10.466250000089248, 0.0 ], [ 11.183750000181295, 10.462083333739223, 0.0 ], [ 11.187083333722853, 10.461250000086476, 0.0 ], [ 11.189583333415419, 10.456250000166172, 0.0 ], [ 11.192916666827022, 10.454583333446752, 0.0 ], [ 11.18958333305698, 10.448750000078601, 0.0 ], [ 11.182083333764707, 10.442083333386652, 0.0 ], [ 11.182916666846371, 10.438749999672996, 0.0 ], [ 11.180416666882671, 10.436250000255949, 0.0 ], [ 11.181249999870161, 10.435416666880503, 0.0 ], [ 11.179583333024985, 10.433749999707461, 0.0 ], [ 11.180416666478731, 10.430416666563159, 0.0 ], [ 11.177916666303817, 10.42791666655385, 0.0 ], [ 11.17791666672905, 10.424583333387758, 0.0 ], [ 11.176249999915001, 10.42374999967798, 0.0 ], [ 11.175416666344448, 10.416249999716873, 0.0 ], [ 11.171249999853661, 10.412916666648412, 0.0 ], [ 11.171249999560645, 10.411249999563829, 0.0 ], [ 11.172916666917118, 10.41041666670837, 0.0 ], [ 11.17208333378167, 10.403749999852227, 0.0 ], [ 11.174583333513837, 10.401250000346268, 0.0 ], [ 11.173749999731008, 10.398749999590393, 0.0 ], [ 11.172083333484927, 10.397916666387797, 0.0 ], [ 11.171249999923941, 10.390416666562034, 0.0 ], [ 11.173749999876947, 10.385416666745561, 0.0 ], [ 11.175416666242002, 10.384583333394918, 0.0 ], [ 11.174583333713358, 10.382916666479712, 0.0 ], [ 11.177083333622285, 10.379583333749538, 0.0 ], [ 11.180416666811455, 10.376249999693155, 0.0 ], [ 11.183749999816873, 10.376249999741242, 0.0 ], [ 11.183749999869537, 10.374583333376524, 0.0 ], [ 11.185416666329735, 10.374583333434703, 0.0 ], [ 11.187083333247443, 10.37125000042467, 0.0 ], [ 11.19125000025462, 10.372083333345035, 0.0 ], [ 11.19291666704776, 10.369583332937932, 0.0 ], [ 11.194583332990764, 10.369583333046165, 0.0 ], [ 11.196250000431682, 10.372083333016548, 0.0 ], [ 11.198749999833469, 10.3712500002604, 0.0 ], [ 11.200416666583834, 10.373749999855523, 0.0 ], [ 11.202916667084663, 10.372916666762007, 0.0 ], [ 11.204583332909422, 10.374583333750545, 0.0 ], [ 11.20624999967912, 10.372916666604521, 0.0 ], [ 11.208750000217504, 10.372916666773136, 0.0 ], [ 11.216250000060231, 10.366249999633668, 0.0 ], [ 11.221249999548693, 10.367083333027013, 0.0 ], [ 11.222916666722931, 10.365416666507606, 0.0 ], [ 11.223750000265873, 10.366249999749487, 0.0 ], [ 11.227916666765141, 10.365416667029294, 0.0 ], [ 11.231250000120927, 10.360416666652398, 0.0 ], [ 11.234583333663613, 10.358750000422932, 0.0 ], [ 11.237083333328291, 10.359583333037168, 0.0 ], [ 11.237916666906955, 10.362916666373827, 0.0 ], [ 11.243750000277435, 10.364583333138064, 0.0 ], [ 11.246250000016914, 10.363750000338658, 0.0 ], [ 11.24625000023919, 10.362083333096601, 0.0 ], [ 11.247916666604544, 10.361250000068956, 0.0 ], [ 11.256250000389784, 10.362083333643406, 0.0 ], [ 11.257916666905045, 10.36125000013385, 0.0 ], [ 11.25875000042039, 10.358750000352654, 0.0 ], [ 11.265416666494675, 10.364583333652735, 0.0 ], [ 11.268750000248671, 10.365416666757083, 0.0 ], [ 11.271249999783944, 10.364583332898976, 0.0 ], [ 11.272083333059074, 10.366250000424428, 0.0 ], [ 11.285416666957872, 10.365416666952212, 0.0 ], [ 11.286249999597249, 10.367083333210719, 0.0 ], [ 11.287916667087577, 10.366250000363427, 0.0 ], [ 11.293750000395228, 10.367083333064182, 0.0 ], [ 11.29624999979065, 10.363749999615209, 0.0 ], [ 11.299583333590544, 10.362916666384436, 0.0 ], [ 11.301250000085034, 10.359583333341797, 0.0 ], [ 11.303749999228705, 10.359583333761231, 0.0 ], [ 11.303749999794096, 10.357916667260582, 0.0 ], [ 11.30708333318583, 10.355416666709814, 0.0 ], [ 11.306249999864486, 10.353750000452919, 0.0 ], [ 11.309583332716382, 10.352083333786561, 0.0 ], [ 11.309583333010876, 10.347916666828358, 0.0 ], [ 11.31208333351522, 10.346250000382389, 0.0 ], [ 11.312916666783513, 10.342083333457435, 0.0 ], [ 11.316249999924599, 10.339583333779192, 0.0 ], [ 11.31541666707861, 10.338749999574006, 0.0 ], [ 11.316249999747949, 10.337083333580495, 0.0 ], [ 11.315416666554814, 10.334583333224037, 0.0 ], [ 11.313749999960994, 10.333749999646615, 0.0 ], [ 11.312083333554423, 10.327083333211037, 0.0 ], [ 11.310416666812468, 10.326249999910608, 0.0 ], [ 11.311250000333292, 10.323749999850499, 0.0 ], [ 11.309583333461406, 10.322083333127148, 0.0 ], [ 11.310416666681922, 10.319583332898, 0.0 ], [ 11.307916666442809, 10.318750000411931, 0.0 ], [ 11.307083333298456, 10.315416666318166, 0.0 ], [ 11.305416666881598, 10.31458333345193, 0.0 ], [ 11.305416666705073, 10.312083333741922, 0.0 ], [ 11.303749999718011, 10.312083333192069, 0.0 ], [ 11.302916666687429, 10.309583333192949, 0.0 ], [ 11.297083332977444, 10.307083333428205, 0.0 ], [ 11.296249999746324, 10.30291666656786, 0.0 ], [ 11.28374999997664, 10.302083333486948, 0.0 ], [ 11.277083333040313, 10.303749999676372, 0.0 ], [ 11.274583333427305, 10.300416666808758, 0.0 ], [ 11.272083333702851, 10.300416667012717, 0.0 ], [ 11.267083333576842, 10.296250000097388, 0.0 ], [ 11.267083333506147, 10.294583333208845, 0.0 ], [ 11.262083332982753, 10.290416667080207, 0.0 ], [ 11.26208333304643, 10.288749999687898, 0.0 ], [ 11.258750000085373, 10.287916666707668, 0.0 ], [ 11.255416666502226, 10.281250000273374, 0.0 ], [ 11.252916667021012, 10.282083332975445, 0.0 ], [ 11.240416666926565, 10.281249999621235, 0.0 ], [ 11.240416666773131, 10.277916667012608, 0.0 ], [ 11.237083333711213, 10.27708333352548, 0.0 ], [ 11.237083333604879, 10.274583333191812, 0.0 ], [ 11.235416666583451, 10.27458333309888, 0.0 ], [ 11.233750000159551, 10.268749999741578, 0.0 ], [ 11.231249999931041, 10.267916666994243, 0.0 ], [ 11.230416666375513, 10.2654166665777, 0.0 ], [ 11.22791666693192, 10.265416667038471, 0.0 ], [ 11.228749999716831, 10.262916666767667, 0.0 ], [ 11.227083333256308, 10.257083333151707, 0.0 ], [ 11.227916666523063, 10.245416666484669, 0.0 ], [ 11.225416667102346, 10.2387499997749, 0.0 ], [ 11.225416666695322, 10.233750000206321, 0.0 ], [ 11.223749999667907, 10.233750000417862, 0.0 ], [ 11.224583333413607, 10.229583333061603, 0.0 ], [ 11.222083333016638, 10.228750000428423, 0.0 ], [ 11.221250000376415, 10.227083333457809, 0.0 ], [ 11.212916666677719, 10.227916666783051, 0.0 ], [ 11.208749999661459, 10.22458333355196, 0.0 ], [ 11.205416666858433, 10.22458333372694, 0.0 ], [ 11.202083333059518, 10.22541666692419, 0.0 ], [ 11.201250000075136, 10.227083333575976, 0.0 ], [ 11.195416666472635, 10.227083333337195, 0.0 ], [ 11.193749999876973, 10.22875000042133, 0.0 ], [ 11.189583333452248, 10.226250000144695, 0.0 ], [ 11.189583333456884, 10.228750000069384, 0.0 ], [ 11.186249999756519, 10.232916667068213, 0.0 ], [ 11.182083333102106, 10.23291666636503, 0.0 ], [ 11.181249999612435, 10.234583333098501, 0.0 ], [ 11.177083333294004, 10.236249999781728, 0.0 ], [ 11.177083332909865, 10.237916666286337, 0.0 ], [ 11.170416666833052, 10.23708333288412, 0.0 ], [ 11.168750000014413, 10.238750000447107, 0.0 ], [ 11.163750000356174, 10.239583333663257, 0.0 ], [ 11.161249999642248, 10.237916666603196, 0.0 ], [ 11.155416666498187, 10.237916666993236, 0.0 ], [ 11.142916666526759, 10.225416666251665, 0.0 ], [ 11.140416666983642, 10.225416666901326, 0.0 ], [ 11.140416666557192, 10.223750000252853, 0.0 ], [ 11.135416666685273, 10.222083333700208, 0.0 ], [ 11.135416666863058, 10.218750000268155, 0.0 ], [ 11.131250000017713, 10.208750000256737, 0.0 ], [ 11.128749999994337, 10.208750000427292, 0.0 ], [ 11.118750000124589, 10.197916667083009, 0.0 ], [ 11.116250000076429, 10.197916666826849, 0.0 ], [ 11.116249999878308, 10.199583333278969, 0.0 ], [ 11.114583333351922, 10.200416666289456, 0.0 ], [ 11.113749999871292, 10.206249999885632, 0.0 ], [ 11.111249999985599, 10.207916666391984, 0.0 ], [ 11.107916667103765, 10.221250000433674, 0.0 ], [ 11.104583333076334, 10.227916666722226, 0.0 ], [ 11.107916666621332, 10.247916666720942, 0.0 ], [ 11.109583333730486, 10.249583333542521, 0.0 ], [ 11.112083333759225, 10.249583333695183, 0.0 ], [ 11.112083333549224, 10.252083333721565, 0.0 ], [ 11.113749999678936, 10.252916666269664, 0.0 ], [ 11.114583333238132, 10.256249999676044, 0.0 ], [ 11.113750000345101, 10.257083333561196, 0.0 ], [ 11.114583333305818, 10.26458333307761, 0.0 ], [ 11.112083333628473, 10.26958333364964, 0.0 ], [ 11.1087499996943, 10.270416666409158, 0.0 ], [ 11.107916666925119, 10.268750000006532, 0.0 ], [ 11.082916666918205, 10.272916666585008, 0.0 ], [ 11.079583333443326, 10.267083333534563, 0.0 ], [ 11.077916666306125, 10.267083333277204, 0.0 ], [ 11.077916666873561, 10.265416666821761, 0.0 ], [ 11.076250000270964, 10.264583333059274, 0.0 ], [ 11.065416666619328, 10.266249999977623, 0.0 ], [ 11.057083333593512, 10.262083333025569, 0.0 ], [ 11.055416666792068, 10.264583333153753, 0.0 ], [ 11.048749999808591, 10.267083333141965, 0.0 ], [ 11.047083333241565, 10.267083333234053, 0.0 ], [ 11.046249999988301, 10.265416666239991, 0.0 ], [ 11.045416666421724, 10.266249999904392, 0.0 ], [ 11.042916666865333, 10.265416666805745, 0.0 ], [ 11.042916666770374, 10.267916666701211, 0.0 ], [ 11.040416666301297, 10.270416666868957, 0.0 ], [ 11.027083333464493, 10.269583333334062, 0.0 ], [ 11.024583333610657, 10.273749999976877, 0.0 ], [ 11.025416666332257, 10.276250000032329, 0.0 ], [ 11.022916666880223, 10.27875000011009, 0.0 ], [ 11.022083333075463, 10.284583332948264, 0.0 ], [ 11.02041666622323, 10.285416666400447, 0.0 ], [ 11.021249999568608, 10.291250000259943, 0.0 ], [ 11.019583333335508, 10.292916666792856, 0.0 ], [ 11.019583333560059, 10.296249999681184, 0.0 ], [ 11.022083333615383, 10.298750000416335, 0.0 ], [ 11.022916666293559, 10.302916667110457, 0.0 ], [ 11.022083333141783, 10.303750000191886, 0.0 ], [ 11.022916666868833, 10.310416666818142, 0.0 ], [ 11.021250000210827, 10.314583333578987, 0.0 ], [ 11.018750000161379, 10.316249999760958, 0.0 ], [ 11.018749999812469, 10.318750000028936, 0.0 ], [ 11.016249999883447, 10.320416666643812, 0.0 ], [ 11.017083333648856, 10.322916666908789, 0.0 ], [ 11.015416666323663, 10.323749999607342, 0.0 ], [ 11.013750000116616, 10.332083333405691, 0.0 ], [ 11.01958333311063, 10.343749999748402, 0.0 ], [ 11.018749999908726, 10.345416666255758, 0.0 ], [ 11.019583332947507, 10.347083333416725, 0.0 ], [ 11.017916666506178, 10.349583332975755, 0.0 ], [ 11.018750000065472, 10.353749999852171, 0.0 ], [ 11.016250000280642, 10.355416666969665, 0.0 ], [ 11.016249999789808, 10.357916666455212, 0.0 ], [ 11.0145833330418, 10.357916666394619, 0.0 ], [ 11.014583333178891, 10.360416667042475, 0.0 ], [ 11.01708333339343, 10.367083332886978, 0.0 ], [ 11.016249999607416, 10.369583333450066, 0.0 ], [ 11.017916666393674, 10.370416667052721, 0.0 ], [ 11.018750000282433, 10.372916666738698, 0.0 ], [ 11.018749999637683, 10.376250000356363, 0.0 ], [ 11.023750000275534, 10.383749999983824, 0.0 ], [ 11.023749999780593, 10.387916666386049, 0.0 ], [ 11.022083333143952, 10.388749999911564, 0.0 ], [ 11.021249999868658, 10.391250000187519, 0.0 ], [ 11.022083333738898, 10.403749999703056, 0.0 ], [ 11.026249999929705, 10.407916666699832, 0.0 ], [ 11.026249999929492, 10.409583333099222, 0.0 ], [ 11.028749999983706, 10.41041666630041, 0.0 ], [ 11.029583333281275, 10.412916666874862, 0.0 ], [ 11.028749999903649, 10.422083333777218, 0.0 ], [ 11.027083333071682, 10.422083333358716, 0.0 ], [ 11.027916666299477, 10.425416666924505, 0.0 ], [ 11.02541666703195, 10.427083333284425, 0.0 ], [ 11.02375000011622, 10.430416666952615, 0.0 ], [ 11.024583333383983, 10.435416666753888, 0.0 ], [ 11.022916666698338, 10.43625000008875, 0.0 ], [ 11.023749999838198, 10.438750000204898, 0.0 ], [ 11.022916666778228, 10.442083333185261, 0.0 ], [ 11.024583332917805, 10.442083333316399, 0.0 ], [ 11.026250000296344, 10.444583333160208, 0.0 ], [ 11.027083333498849, 10.453749999722152, 0.0 ], [ 11.025416666811918, 10.454583332903685, 0.0 ], [ 11.025416666276689, 10.456250000385511, 0.0 ], [ 11.027916666494708, 10.457916666767032, 0.0 ], [ 11.027916666294356, 10.459583333330631, 0.0 ], [ 11.031249999892083, 10.459583333531212, 0.0 ], [ 11.031249999614458, 10.457916666586137, 0.0 ], [ 11.0345833335553, 10.454583333425422, 0.0 ], [ 11.041249999659394, 10.452083333526209, 0.0 ], [ 11.04124999991739, 10.453750000316097, 0.0 ], [ 11.04291666695344, 10.454583333692932, 0.0 ], [ 11.045416666227736, 10.453750000321213, 0.0 ], [ 11.048750000230399, 10.455416666814411, 0.0 ], [ 11.05041666655697, 10.457083333552305, 0.0 ], [ 11.049583333784479, 10.458750000347965, 0.0 ], [ 11.052916666613417, 10.462083333098567, 0.0 ], [ 11.05791666632609, 10.461250000047439, 0.0 ], [ 11.061250000074585, 10.462916666988409, 0.0 ], [ 11.065416666850641, 10.462916666361735, 0.0 ], [ 11.06708333361186, 10.463750000086907, 0.0 ], [ 11.06708333345512, 10.465416666687711, 0.0 ], [ 11.071249999962927, 10.466249999592041, 0.0 ], [ 11.073749999843384, 10.468749999845633, 0.0 ], [ 11.073750000447724, 10.471249999963517, 0.0 ], [ 11.077916666966853, 10.475416666806144, 0.0 ], [ 11.079583333304177, 10.475416666977933, 0.0 ], [ 11.082083333293877, 10.472083333650192, 0.0 ], [ 11.084583333204305, 10.472916666836596, 0.0 ], [ 11.084583333156361, 10.474583333335485, 0.0 ], [ 11.087916666641851, 10.47458333344226, 0.0 ], [ 11.089583333199524, 10.477083333608864, 0.0 ], [ 11.09374999971009, 10.477083333041877, 0.0 ], [ 11.094583333315901, 10.47541666627459, 0.0 ], [ 11.096249999735349, 10.477083333029576, 0.0 ], [ 11.098749999661379, 10.477083333219035, 0.0 ], [ 11.098749999711135, 10.475416666633931, 0.0 ], [ 11.101250000127813, 10.473749999876283, 0.0 ], [ 11.101482278102063, 10.473285447342739, 0.0 ], [ 11.102020370538833, 10.472209266901151, 0.0 ], [ 11.102916667034027, 10.470416666680748, 0.0 ], [ 11.106249999556754, 10.470416666232909, 0.0 ], [ 11.107916666544597, 10.468750000332316, 0.0 ], [ 11.116249999643086, 10.469583333631665, 0.0 ], [ 11.120416666485383, 10.467916666674469, 0.0 ], [ 11.122083333217207, 10.465416666259905, 0.0 ], [ 11.126250000116462, 10.466249999926001, 0.0 ], [ 11.127916666299926, 10.463750000055569, 0.0 ], [ 11.130416666428001, 10.463749999914505, 0.0 ], [ 11.131250000245648, 10.4620833337194, 0.0 ], [ 11.13375000020811, 10.46291666680958, 0.0 ], [ 11.135416666448588, 10.46041666641219, 0.0 ], [ 11.14041666680996, 10.460416667053034, 0.0 ], [ 11.143750000433901, 10.464583333651904, 0.0 ], [ 11.142083332933666, 10.466249999950948, 0.0 ], [ 11.142083333459553, 10.4704166669608, 0.0 ], [ 11.143749999706319, 10.472083332932479, 0.0 ], [ 11.145416666935271, 10.479583332962301, 0.0 ], [ 11.147916666401503, 10.482083333040979, 0.0 ], [ 11.150416666313172, 10.482083333572689, 0.0 ], [ 11.154583333383371, 10.485416666685085, 0.0 ] ] ] } },
{ "type": "Feature", "properties": { "OBJECTID": 184, "ActivityID": null, "Stra_Catch": "Gongola", "Micr_Catch": "Bajoga", "State": "Gombe", "LGA": "Funakaye", "Site_Name": "Bozonshilwa", "Interv_Typ": "CRF Activity", "Component": "B - Community Climate Resilience", "Comments": null, "Implemnter": "SPMU", "Start_Date": "2024-07-31T00:00:00", "End_Date": "2024/07/31", "No_Trees_P": 0, "Sub_compon": "B2-1", "Lon": 10.923852116600001, "Lat": 10.749051, "Female_pop": 129, "Buffer_Mtr": 0, "Area_Impac": 51.822210313699998, "Male_pop": 221, "Area_Intev": 52.739180695400002, "Netsize_Ha": 52.739200592000003, "Indicator": "Area under community-led landscape restoration", "Benefi_pop": 350.0, "Perct_NDVI": 0.0, "parent_micro_name": "Dukku/Gombe_Abba" }, "geometry": { "type": "Polygon", "coordinates": [ [ [ 10.918449568540415, 10.748080222403765, 0.0 ], [ 10.920730500717418, 10.750295491346145, 0.0 ], [ 10.927263533181316, 10.751242071181244, 0.0 ], [ 10.929178429486951, 10.747048751215178, 0.0 ], [ 10.925986549184092, 10.745954472855175, 0.0 ], [ 10.923485272957182, 10.745448857964501, 0.0 ], [ 10.921865652255647, 10.746192346394322, 0.0 ], [ 10.919799859845526, 10.745684810937217, 0.0 ], [ 10.918449568540415, 10.748080222403765, 0.0 ] ] ] } },
{ "type": "Feature", "properties": { "OBJECTID": 964, "ActivityID": null, "Stra_Catch": "Gongola", "Micr_Catch": "FCE-T", "State": "Gombe", "LGA": "Gombe", "Site_Name": "FCE-T Gully Erosion Control", "Interv_Typ": "Civil Works (Gully Erosion Control)", "Component": "A - Dryland Management", "Comments": null, "Implemnter": "SPMU", "Start_Date": "2024-09-30T00:00:00", "End_Date": "2025/11/12", "No_Trees_P": 0, "Sub_compon": "A2-2", "Lon": 11.1519581606, "Lat": 10.3433690986, "Female_pop": 0, "Buffer_Mtr": 0, "Area_Impac": 57453.830746, "Male_pop": 0, "Area_Intev": 0.0, "Netsize_Ha": 57453.830746, "Indicator": "Area under improved catchment management", "Benefi_pop": 0.0, "Perct_NDVI": 0.0, "parent_micro_name": "Kwami" }, "geometry": { "type": "Polygon", "coordinates": [ [ [ 11.154583333383371, 10.485416666685085, 0.0 ], [ 11.160416666434326, 10.483749999612307, 0.0 ], [ 11.168750000002797, 10.48458333318507, 0.0 ], [ 11.170416666312194, 10.482083333759055, 0.0 ], [ 11.169583333170317, 10.480416666295289, 0.0 ], [ 11.171249999832604, 10.476249999925846, 0.0 ], [ 11.177916666380739, 10.473749999931663, 0.0 ], [ 11.177916666864554, 10.472083333438322, 0.0 ], [ 11.181249999845914, 10.468749999690639, 0.0 ], [ 11.181250000086798, 10.466250000365827, 0.0 ], [ 11.18291666653144, 10.466250000089248, 0.0 ], [ 11.183750000181295, 10.462083333739223, 0.0 ], [ 11.187083333722853, 10.461250000086476, 0.0 ], [ 11.189583333415419, 10.456250000166172, 0.0 ], [ 11.192916666827022, 10.454583333446752, 0.0 ], [ 11.18958333305698, 10.448750000078601, 0.0 ], [ 11.182083333764707, 10.442083333386652, 0.0 ], [ 11.182916666846371, 10.438749999672996, 0.0 ], [ 11.180416666882671, 10.436250000255949, 0.0 ], [ 11.181249999870161, 10.435416666880503, 0.0 ], [ 11.179583333024985, 10.433749999707461, 0.0 ], [ 11.180416666478731, 10.430416666563159, 0.0 ], [ 11.177916666303817, 10.42791666655385, 0.0 ], [ 11.17791666672905, 10.424583333387758, 0.0 ], [ 11.176249999915001, 10.42374999967798, 0.0 ], [ 11.175416666344448, 10.416249999716873, 0.0 ], [ 11.171249999853661, 10.412916666648412, 0.0 ], [ 11.171249999560645, 10.411249999563829, 0.0 ], [ 11.172916666917118, 10.41041666670837, 0.0 ], [ 11.17208333378167, 10.403749999852227, 0.0 ], [ 11.174583333513837, 10.401250000346268, 0.0 ], [ 11.173749999731008, 10.398749999590393, 0.0 ], [ 11.172083333484927, 10.397916666387797, 0.0 ], [ 11.171249999923941, 10.390416666562034, 0.0 ], [ 11.173749999876947, 10.385416666745561, 0.0 ], [ 11.175416666242002, 10.384583333394918, 0.0 ], [ 11.174583333713358, 10.382916666479712, 0.0 ], [ 11.177083333622285, 10.379583333749538, 0.0 ], [ 11.180416666811455, 10.376249999693155, 0.0 ], [ 11.183749999816873, 10.376249999741242, 0.0 ], [ 11.183749999869537, 10.374583333376524, 0.0 ], [ 11.185416666329735, 10.374583333434703, 0.0 ], [ 11.187083333247443, 10.37125000042467, 0.0 ], [ 11.19125000025462, 10.372083333345035, 0.0 ], [ 11.19291666704776, 10.369583332937932, 0.0 ], [ 11.194583332990764, 10.369583333046165, 0.0 ], [ 11.196250000431682, 10.372083333016548, 0.0 ], [ 11.198749999833469, 10.3712500002604, 0.0 ], [ 11.200416666583834, 10.373749999855523, 0.0 ], [ 11.202916667084663, 10.372916666762007, 0.0 ], [ 11.204583332909422, 10.374583333750545, 0.0 ], [ 11.20624999967912, 10.372916666604521, 0.0 ], [ 11.208750000217504, 10.372916666773136, 0.0 ], [ 11.216250000060231, 10.366249999633668, 0.0 ], [ 11.221249999548693, 10.367083333027013, 0.0 ], [ 11.222916666722931, 10.365416666507606, 0.0 ], [ 11.223750000265873, 10.366249999749487, 0.0 ], [ 11.227916666765141, 10.365416667029294, 0.0 ], [ 11.231250000120927, 10.360416666652398, 0.0 ], [ 11.234583333663613, 10.358750000422932, 0.0 ], [ 11.237083333328291, 10.359583333037168, 0.0 ], [ 11.237916666906955, 10.362916666373827, 0.0 ], [ 11.243750000277435, 10.364583333138064, 0.0 ], [ 11.246250000016914, 10.363750000338658, 0.0 ], [ 11.24625000023919, 10.362083333096601, 0.0 ], [ 11.247916666604544, 10.361250000068956, 0.0 ], [ 11.256250000389784, 10.362083333643406, 0.0 ], [ 11.257916666905045, 10.36125000013385, 0.0 ], [ 11.25875000042039, 10.358750000352654, 0.0 ], [ 11.265416666494675, 10.364583333652735, 0.0 ], [ 11.268750000248671, 10.365416666757083, 0.0 ], [ 11.271249999783944, 10.364583332898976, 0.0 ], [ 11.272083333059074, 10.366250000424428, 0.0 ], [ 11.285416666957872, 10.365416666952212, 0.0 ], [ 11.286249999597249, 10.367083333210719, 0.0 ], [ 11.287916667087577, 10.366250000363427, 0.0 ], [ 11.293750000395228, 10.367083333064182, 0.0 ], [ 11.29624999979065, 10.363749999615209, 0.0 ], [ 11.299583333590544, 10.362916666384436, 0.0 ], [ 11.301250000085034, 10.359583333341797, 0.0 ], [ 11.303749999228705, 10.359583333761231, 0.0 ], [ 11.303749999794096, 10.357916667260582, 0.0 ], [ 11.30708333318583, 10.355416666709814, 0.0 ], [ 11.306249999864486, 10.353750000452919, 0.0 ], [ 11.309583332716382, 10.352083333786561, 0.0 ], [ 11.309583333010876, 10.347916666828358, 0.0 ], [ 11.31208333351522, 10.346250000382389, 0.0 ], [ 11.312916666783513, 10.342083333457435, 0.0 ], [ 11.316249999924599, 10.339583333779192, 0.0 ], [ 11.31541666707861, 10.338749999574006, 0.0 ], [ 11.316249999747949, 10.337083333580495, 0.0 ], [ 11.315416666554814, 10.334583333224037, 0.0 ], [ 11.313749999960994, 10.333749999646615, 0.0 ], [ 11.312083333554423, 10.327083333211037, 0.0 ], [ 11.310416666812468, 10.326249999910608, 0.0 ], [ 11.311250000333292, 10.323749999850499, 0.0 ], [ 11.309583333461406, 10.322083333127148, 0.0 ], [ 11.310416666681922, 10.319583332898, 0.0 ], [ 11.307916666442809, 10.318750000411931, 0.0 ], [ 11.307083333298456, 10.315416666318166, 0.0 ], [ 11.305416666881598, 10.31458333345193, 0.0 ], [ 11.305416666705073, 10.312083333741922, 0.0 ], [ 11.303749999718011, 10.312083333192069, 0.0 ], [ 11.302916666687429, 10.309583333192949, 0.0 ], [ 11.297083332977444, 10.307083333428205, 0.0 ], [ 11.296249999746324, 10.30291666656786, 0.0 ], [ 11.28374999997664, 10.302083333486948, 0.0 ], [ 11.277083333040313, 10.303749999676372, 0.0 ], [ 11.274583333427305, 10.300416666808758, 0.0 ], [ 11.272083333702851, 10.300416667012717, 0.0 ], [ 11.267083333576842, 10.296250000097388, 0.0 ], [ 11.267083333506147, 10.294583333208845, 0.0 ], [ 11.262083332982753, 10.290416667080207, 0.0 ], [ 11.26208333304643, 10.288749999687898, 0.0 ], [ 11.258750000085373, 10.287916666707668, 0.0 ], [ 11.255416666502226, 10.281250000273374, 0.0 ], [ 11.252916667021012, 10.282083332975445, 0.0 ], [ 11.240416666926565, 10.281249999621235, 0.0 ], [ 11.240416666773131, 10.277916667012608, 0.0 ], [ 11.237083333711213, 10.27708333352548, 0.0 ], [ 11.237083333604879, 10.274583333191812, 0.0 ], [ 11.235416666583451, 10.27458333309888, 0.0 ], [ 11.233750000159551, 10.268749999741578, 0.0 ], [ 11.231249999931041, 10.267916666994243, 0.0 ], [ 11.230416666375513, 10.2654166665777, 0.0 ], [ 11.22791666693192, 10.265416667038471, 0.0 ], [ 11.228749999716831, 10.262916666767667, 0.0 ], [ 11.227083333256308, 10.257083333151707, 0.0 ], [ 11.227916666523063, 10.245416666484669, 0.0 ], [ 11.225416667102346, 10.2387499997749, 0.0 ], [ 11.225416666695322, 10.233750000206321, 0.0 ], [ 11.223749999667907, 10.233750000417862, 0.0 ], [ 11.224583333413607, 10.229583333061603, 0.0 ], [ 11.222083333016638, 10.228750000428423, 0.0 ], [ 11.221250000376415, 10.227083333457809, 0.0 ], [ 11.212916666677719, 10.227916666783051, 0.0 ], [ 11.208749999661459, 10.22458333355196, 0.0 ], [ 11.205416666858433, 10.22458333372694, 0.0 ], [ 11.202083333059518, 10.22541666692419, 0.0 ], [ 11.201250000075136, 10.227083333575976, 0.0 ], [ 11.195416666472635, 10.227083333337195, 0.0 ], [ 11.193749999876973, 10.22875000042133, 0.0 ], [ 11.189583333452248, 10.226250000144695, 0.0 ], [ 11.189583333456884, 10.228750000069384, 0.0 ], [ 11.186249999756519, 10.232916667068213, 0.0 ], [ 11.182083333102106, 10.23291666636503, 0.0 ], [ 11.181249999612435, 10.234583333098501, 0.0 ], [ 11.177083333294004, 10.236249999781728, 0.0 ], [ 11.177083332909865, 10.237916666286337, 0.0 ], [ 11.170416666833052, 10.23708333288412, 0.0 ], [ 11.168750000014413, 10.238750000447107, 0.0 ], [ 11.163750000356174, 10.239583333663257, 0.0 ], [ 11.161249999642248, 10.237916666603196, 0.0 ], [ 11.155416666498187, 10.237916666993236, 0.0 ], [ 11.142916666526759, 10.225416666251665, 0.0 ], [ 11.140416666983642, 10.225416666901326, 0.0 ], [ 11.140416666557192, 10.223750000252853, 0.0 ], [ 11.135416666685273, 10.222083333700208, 0.0 ], [ 11.135416666863058, 10.218750000268155, 0.0 ], [ 11.131250000017713, 10.208750000256737, 0.0 ], [ 11.128749999994337, 10.208750000427292, 0.0 ], [ 11.118750000124589, 10.197916667083009, 0.0 ], [ 11.116250000076429, 10.197916666826849, 0.0 ], [ 11.116249999878308, 10.199583333278969, 0.0 ], [ 11.114583333351922, 10.200416666289456, 0.0 ], [ 11.113749999871292, 10.206249999885632, 0.0 ], [ 11.111249999985599, 10.207916666391984, 0.0 ], [ 11.107916667103765, 10.221250000433674, 0.0 ], [ 11.104583333076334, 10.227916666722226, 0.0 ], [ 11.107916666621332, 10.247916666720942, 0.0 ], [ 11.109583333730486, 10.249583333542521, 0.0 ], [ 11.112083333759225, 10.249583333695183, 0.0 ], [ 11.112083333549224, 10.252083333721565, 0.0 ], [ 11.113749999678936, 10.252916666269664, 0.0 ], [ 11.114583333238132, 10.256249999676044, 0.0 ], [ 11.113750000345101, 10.257083333561196, 0.0 ], [ 11.114583333305818, 10.26458333307761, 0.0 ], [ 11.112083333628473, 10.26958333364964, 0.0 ], [ 11.1087499996943, 10.270416666409158, 0.0 ], [ 11.107916666925119, 10.268750000006532, 0.0 ], [ 11.082916666918205, 10.272916666585008, 0.0 ], [ 11.079583333443326, 10.267083333534563, 0.0 ], [ 11.077916666306125, 10.267083333277204, 0.0 ], [ 11.077916666873561, 10.265416666821761, 0.0 ], [ 11.076250000270964, 10.264583333059274, 0.0 ], [ 11.065416666619328, 10.266249999977623, 0.0 ], [ 11.057083333593512, 10.262083333025569, 0.0 ], [ 11.055416666792068, 10.264583333153753, 0.0 ], [ 11.048749999808591, 10.267083333141965, 0.0 ], [ 11.047083333241565, 10.267083333234053, 0.0 ], [ 11.046249999988301, 10.265416666239991, 0.0 ], [ 11.045416666421724, 10.266249999904392, 0.0 ], [ 11.042916666865333, 10.265416666805745, 0.0 ], [ 11.042916666770374, 10.267916666701211, 0.0 ], [ 11.040416666301297, 10.270416666868957, 0.0 ], [ 11.027083333464493, 10.269583333334062, 0.0 ], [ 11.024583333610657, 10.273749999976877, 0.0 ], [ 11.025416666332257, 10.276250000032329, 0.0 ], [ 11.022916666880223, 10.27875000011009, 0.0 ], [ 11.022083333075463, 10.284583332948264, 0.0 ], [ 11.02041666622323, 10.285416666400447, 0.0 ], [ 11.021249999568608, 10.291250000259943, 0.0 ], [ 11.019583333335508, 10.292916666792856, 0.0 ], [ 11.019583333560059, 10.296249999681184, 0.0 ], [ 11.022083333615383, 10.298750000416335, 0.0 ], [ 11.022916666293559, 10.302916667110457, 0.0 ], [ 11.022083333141783, 10.303750000191886, 0.0 ], [ 11.022916666868833, 10.310416666818142, 0.0 ], [ 11.021250000210827, 10.314583333578987, 0.0 ], [ 11.018750000161379, 10.316249999760958, 0.0 ], [ 11.018749999812469, 10.318750000028936, 0.0 ], [ 11.016249999883447, 10.320416666643812, 0.0 ], [ 11.017083333648856, 10.322916666908789, 0.0 ], [ 11.015416666323663, 10.323749999607342, 0.0 ], [ 11.013750000116616, 10.332083333405691, 0.0 ], [ 11.01958333311063, 10.343749999748402, 0.0 ], [ 11.018749999908726, 10.345416666255758, 0.0 ], [ 11.019583332947507, 10.347083333416725, 0.0 ], [ 11.017916666506178, 10.349583332975755, 0.0 ], [ 11.018750000065472, 10.353749999852171, 0.0 ], [ 11.016250000280642, 10.355416666969665, 0.0 ], [ 11.016249999789808, 10.357916666455212, 0.0 ], [ 11.0145833330418, 10.357916666394619, 0.0 ], [ 11.014583333178891, 10.360416667042475, 0.0 ], [ 11.01708333339343, 10.367083332886978, 0.0 ], [ 11.016249999607416, 10.369583333450066, 0.0 ], [ 11.017916666393674, 10.370416667052721, 0.0 ], [ 11.018750000282433, 10.372916666738698, 0.0 ], [ 11.018749999637683, 10.376250000356363, 0.0 ], [ 11.023750000275534, 10.383749999983824, 0.0 ], [ 11.023749999780593, 10.387916666386049, 0.0 ], [ 11.022083333143952, 10.388749999911564, 0.0 ], [ 11.021249999868658, 10.391250000187519, 0.0 ], [ 11.022083333738898, 10.403749999703056, 0.0 ], [ 11.026249999929705, 10.407916666699832, 0.0 ], [ 11.026249999929492, 10.409583333099222, 0.0 ], [ 11.028749999983706, 10.41041666630041, 0.0 ], [ 11.029583333281275, 10.412916666874862, 0.0 ], [ 11.028749999903649, 10.422083333777218, 0.0 ], [ 11.027083333071682, 10.422083333358716, 0.0 ], [ 11.027916666299477, 10.425416666924505, 0.0 ], [ 11.02541666703195, 10.427083333284425, 0.0 ], [ 11.02375000011622, 10.430416666952615, 0.0 ], [ 11.024583333383983, 10.435416666753888, 0.0 ], [ 11.022916666698338, 10.43625000008875, 0.0 ], [ 11.023749999838198, 10.438750000204898, 0.0 ], [ 11.022916666778228, 10.442083333185261, 0.0 ], [ 11.024583332917805, 10.442083333316399, 0.0 ], [ 11.026250000296344, 10.444583333160208, 0.0 ], [ 11.027083333498849, 10.453749999722152, 0.0 ], [ 11.025416666811918, 10.454583332903685, 0.0 ], [ 11.025416666276689, 10.456250000385511, 0.0 ], [ 11.027916666494708, 10.457916666767032, 0.0 ], [ 11.027916666294356, 10.459583333330631, 0.0 ], [ 11.031249999892083, 10.459583333531212, 0.0 ], [ 11.031249999614458, 10.457916666586137, 0.0 ], [ 11.0345833335553, 10.454583333425422, 0.0 ], [ 11.041249999659394, 10.452083333526209, 0.0 ], [ 11.04124999991739, 10.453750000316097, 0.0 ], [ 11.04291666695344, 10.454583333692932, 0.0 ], [ 11.045416666227736, 10.453750000321213, 0.0 ], [ 11.048750000230399, 10.455416666814411, 0.0 ], [ 11.05041666655697, 10.457083333552305, 0.0 ], [ 11.049583333784479, 10.458750000347965, 0.0 ], [ 11.052916666613417, 10.462083333098567, 0.0 ], [ 11.05791666632609, 10.461250000047439, 0.0 ], [ 11.061250000074585, 10.462916666988409, 0.0 ], [ 11.065416666850641, 10.462916666361735, 0.0 ], [ 11.06708333361186, 10.463750000086907, 0.0 ], [ 11.06708333345512, 10.465416666687711, 0.0 ], [ 11.071249999962927, 10.466249999592041, 0.0 ], [ 11.073749999843384, 10.468749999845633, 0.0 ], [ 11.073750000447724, 10.471249999963517, 0.0 ], [ 11.077916666966853, 10.475416666806144, 0.0 ], [ 11.079583333304177, 10.475416666977933, 0.0 ], [ 11.082083333293877, 10.472083333650192, 0.0 ], [ 11.084583333204305, 10.472916666836596, 0.0 ], [ 11.084583333156361, 10.474583333335485, 0.0 ], [ 11.087916666641851, 10.47458333344226, 0.0 ], [ 11.089583333199524, 10.477083333608864, 0.0 ], [ 11.09374999971009, 10.477083333041877, 0.0 ], [ 11.094583333315901, 10.47541666627459, 0.0 ], [ 11.096249999735349, 10.477083333029576, 0.0 ], [ 11.098749999661379, 10.477083333219035, 0.0 ], [ 11.098749999711135, 10.475416666633931, 0.0 ], [ 11.101250000127813, 10.473749999876283, 0.0 ], [ 11.101482278102063, 10.473285447342739, 0.0 ], [ 11.102020370538833, 10.472209266901151, 0.0 ], [ 11.102916667034027, 10.470416666680748, 0.0 ], [ 11.106249999556754, 10.470416666232909, 0.0 ], [ 11.107916666544597, 10.468750000332316, 0.0 ], [ 11.116249999643086, 10.469583333631665, 0.0 ], [ 11.120416666485383, 10.467916666674469, 0.0 ], [ 11.122083333217207, 10.465416666259905, 0.0 ], [ 11.126250000116462, 10.466249999926001, 0.0 ], [ 11.127916666299926, 10.463750000055569, 0.0 ], [ 11.130416666428001, 10.463749999914505, 0.0 ], [ 11.131250000245648, 10.4620833337194, 0.0 ], [ 11.13375000020811, 10.46291666680958, 0.0 ], [ 11.135416666448588, 10.46041666641219, 0.0 ], [ 11.14041666680996, 10.460416667053034, 0.0 ], [ 11.143750000433901, 10.464583333651904, 0.0 ], [ 11.142083332933666, 10.466249999950948, 0.0 ], [ 11.142083333459553, 10.4704166669608, 0.0 ], [ 11.143749999706319, 10.472083332932479, 0.0 ], [ 11.145416666935271, 10.479583332962301, 0.0 ], [ 11.147916666401503, 10.482083333040979, 0.0 ], [ 11.150416666313172, 10.482083333572689, 0.0 ], [ 11.154583333383371, 10.485416666685085, 0.0 ] ] ] } }
]
}
