{
"type": "FeatureCollection",
"name": "Gombe_strategic_catchments",
"crs": { "type": "name", "properties": { "name": "urn:ogc:def:crs:OGC:1.3:CRS84" } },
"features": [
{ "type": "Feature", "properties": { "Id": 50, "gridcode": 13, "Shape_Leng": 113.113885165, "Shape_Area": 615.38545312799999, "NUMB": 16.0, "NAME": "Gongola", "source_state": "Gombe" }, "geometry": { "type": "MultiPolygon", "coordinates": [ [ [ [ 11.613048290465585, 10.218878725895724 ], [ 11.611466983981408, 10.217398414503212 ], [ 11.611106298941188, 10.215641480528493 ], [ 11.610274613553084, 10.215111301484423 ], [ 11.610002929283715, 10.214566046077929 ], [ 11.608130873669628, 10.21412995717813 ], [ 11.607535950856461, 10.213008087761395 ], [ 11.607093400702897, 10.211694931537437 ], [ 11.605324726575903, 10.211350644375708 ], [ 11.603948010941741, 10.211095868102271 ], [ 11.603674135574456, 10.210279551885542 ], [ 11.603389727723748, 10.209744978516952 ], [ 11.60311585569163, 10.208928661131463 ], [ 11.60256002894149, 10.208667322572014 ], [ 11.602196353771106, 10.207585945294241 ], [ 11.601187448352411, 10.208130838438159 ], [ 11.600186244495246, 10.209492585884307 ], [ 11.599831440389568, 10.20950229727411 ], [ 11.598466402496641, 10.209236811880652 ], [ 11.597089694564444, 10.208982002982356 ], [ 11.596740903465902, 10.20828380823801 ], [ 11.594932429056817, 10.207379101108735 ], [ 11.592708845921544, 10.207351781946931 ], [ 11.588805474593899, 10.207923344649911 ], [ 11.588335730975555, 10.209317378284631 ], [ 11.588355128733856, 10.209997553336731 ], [ 11.588340412313038, 10.211217496881957 ], [ 11.588386513163963, 10.212819741805109 ], [ 11.587554303575638, 10.214202889192078 ], [ 11.58730247552363, 10.216107692461186 ], [ 11.587024576660022, 10.216375676444498 ], [ 11.586241402876311, 10.218007800827648 ], [ 11.585946434832449, 10.218015966376841 ], [ 11.585672754280116, 10.218012843319391 ], [ 11.585399159305874, 10.218020309273472 ], [ 11.5851254786401, 10.21801718575534 ], [ 11.584715085947838, 10.21802838301377 ], [ 11.584066160984879, 10.218020823884597 ], [ 11.582830518613981, 10.218428230742733 ], [ 11.582392458059841, 10.21885207864946 ], [ 11.58212216699631, 10.21913641316104 ], [ 11.581574798112523, 10.219129632274198 ], [ 11.581039471335169, 10.21995239046843 ], [ 11.579940640927388, 10.220226873489256 ], [ 11.579687722539619, 10.222134337419297 ], [ 11.579139254728966, 10.221859665018068 ], [ 11.578309769790312, 10.221600452542548 ], [ 11.577941749495166, 10.220504242989374 ], [ 11.576936069342091, 10.220532847720627 ], [ 11.576251853693627, 10.220524494304401 ], [ 11.575592440194892, 10.220542944225507 ], [ 11.575015137569194, 10.220271138828293 ], [ 11.573949340062066, 10.219737410818302 ], [ 11.573371059676569, 10.220007759628666 ], [ 11.572850585695146, 10.220554021704254 ], [ 11.572005071892235, 10.220294917687806 ], [ 11.571730185318954, 10.219743817574352 ], [ 11.570419907370907, 10.219780630545886 ], [ 11.568559412325516, 10.219324097580966 ], [ 11.565947506239084, 10.220076374521387 ], [ 11.564897861251366, 10.220622029975051 ], [ 11.563813798205537, 10.220608855727511 ], [ 11.563399304836018, 10.221043088339343 ], [ 11.562983482342382, 10.221445034956288 ], [ 11.562992111833591, 10.22172133965547 ], [ 11.56236958799969, 10.223275403768577 ], [ 11.56287366707196, 10.223747411639879 ], [ 11.563278912283039, 10.224158780113481 ], [ 11.56383038797992, 10.224675415199945 ], [ 11.563558209507008, 10.225260480132873 ], [ 11.562741406838947, 10.226049964159316 ], [ 11.56195481372961, 10.226874681652056 ], [ 11.56138293412303, 10.2266133985861 ], [ 11.560564008431985, 10.226072389178576 ], [ 11.559185043474038, 10.225546369334102 ], [ 11.558915593486818, 10.225272113620557 ], [ 11.558633401901815, 10.225008547817001 ], [ 11.558355271518554, 10.223650045853049 ], [ 11.558073082041801, 10.223386479079522 ], [ 11.557803635065218, 10.223112221737853 ], [ 11.55724779850806, 10.222850802963707 ], [ 11.556719978614851, 10.221280889833096 ], [ 11.554383960379489, 10.220848123564663 ], [ 11.553944523317167, 10.220437008300209 ], [ 11.553275259395413, 10.218152903008088 ], [ 11.552659193405828, 10.217576391468654 ], [ 11.552268015489634, 10.216112342174078 ], [ 11.552278699995307, 10.215308019958497 ], [ 11.551717383569304, 10.215027568848706 ], [ 11.551170187082779, 10.215042971156022 ], [ 11.550401775684691, 10.214262217144583 ], [ 11.549512135811012, 10.21369471958821 ], [ 11.549519661784482, 10.213163617948581 ], [ 11.548981899646444, 10.212618779600929 ], [ 11.548406770455852, 10.21234796013891 ], [ 11.547863700662464, 10.212075828960987 ], [ 11.546760607924677, 10.211818661902091 ], [ 11.546206808416384, 10.211541317008649 ], [ 11.545667094262884, 10.211556120770638 ], [ 11.543811166958839, 10.211533014448671 ], [ 11.543205426742158, 10.211848531391711 ], [ 11.542933846792614, 10.211572154875814 ], [ 11.542651679878409, 10.211308568892274 ], [ 11.542376865261955, 10.211028511220835 ], [ 11.54157210560315, 10.211051198307247 ], [ 11.541533485131222, 10.209688147706865 ], [ 11.541550668422838, 10.208352194061163 ], [ 11.540770452751392, 10.207560910368908 ], [ 11.539890404557839, 10.207120373058428 ], [ 11.537965488600911, 10.206213569397896 ], [ 11.537949370114061, 10.205663586605665 ], [ 11.538226072310993, 10.205373937956505 ], [ 11.538694959691878, 10.20492077939422 ], [ 11.537946030414323, 10.204568163586925 ], [ 11.537676616466953, 10.204293881285798 ], [ 11.536448894444213, 10.203143912836241 ], [ 11.535451032696727, 10.201862433947339 ], [ 11.535463516441485, 10.200873836259944 ], [ 11.534078647092917, 10.19998980470155 ], [ 11.533794020196183, 10.199142759911604 ], [ 11.532723556621155, 10.198139267675481 ], [ 11.532417559307875, 10.197562941498468 ], [ 11.532143871799986, 10.196746517182689 ], [ 11.531861727569428, 10.196482916342367 ], [ 11.531871753294594, 10.195722532724789 ], [ 11.531565437066442, 10.194022689057407 ], [ 11.532654900821361, 10.192969086865812 ], [ 11.532667562759052, 10.192001134004402 ], [ 11.531638640999189, 10.191516711188777 ], [ 11.530864252565937, 10.189965035981819 ], [ 11.529682291765887, 10.189998015698007 ], [ 11.530205597724683, 10.187907354570287 ], [ 11.529873573878627, 10.187281453666365 ], [ 11.52959776972415, 10.18619395497535 ], [ 11.529172414708198, 10.185795915039353 ], [ 11.52958496903584, 10.184570723188214 ], [ 11.529295305169665, 10.183487037202408 ], [ 11.529859489132408, 10.182649298637557 ], [ 11.529821123389619, 10.181307937890473 ], [ 11.530371646693062, 10.180229399618181 ], [ 11.530619575423952, 10.177782424962862 ], [ 11.530897507937953, 10.177514485149898 ], [ 11.531162531259341, 10.17723605473425 ], [ 11.532239291129171, 10.176880923500526 ], [ 11.532258473426225, 10.1753829287544 ], [ 11.531693691243362, 10.173702552832443 ], [ 11.530861312081118, 10.172922211683463 ], [ 11.531085630766999, 10.167477606369429 ], [ 11.531363555982294, 10.167209668256872 ], [ 11.531620031425073, 10.165846967444827 ], [ 11.532163136785776, 10.165321778115159 ], [ 11.531668356544557, 10.164790317512802 ], [ 11.530245615796924, 10.164231081908346 ], [ 11.529131988075209, 10.163971246494629 ], [ 11.529152428814697, 10.16235781546378 ], [ 11.528433147811317, 10.161683007873911 ], [ 11.527487175307844, 10.160722977831524 ], [ 11.526924038886875, 10.160195740435359 ], [ 11.526518930483869, 10.159784294448997 ], [ 11.526096847843258, 10.159388862392644 ], [ 11.52582209996382, 10.159108775749161 ], [ 11.525005706150932, 10.159132011002658 ], [ 11.524730959272597, 10.158851923156716 ], [ 11.523080316441435, 10.157575919540111 ], [ 11.523070206706675, 10.157240845229746 ], [ 11.523077777605714, 10.156707085743459 ], [ 11.52252302269005, 10.156429150639267 ], [ 11.520967296026519, 10.155942363847775 ], [ 11.520321489090126, 10.155638122510215 ], [ 11.519947948641535, 10.154888622579152 ], [ 11.51874670497647, 10.154491224457342 ], [ 11.515937503699652, 10.154853245168855 ], [ 11.514880476384713, 10.155403532587503 ], [ 11.514845263796596, 10.155137480523367 ], [ 11.514856078141724, 10.154333134671937 ], [ 11.51429596745924, 10.154052576416996 ], [ 11.512391012339142, 10.153324865577964 ], [ 11.512033206255072, 10.152260725821071 ], [ 11.509871505202515, 10.151912475646061 ], [ 11.509087172408588, 10.151934362667067 ], [ 11.508520773056247, 10.151120134398264 ], [ 11.508174998392221, 10.150089251364209 ], [ 11.507446673979629, 10.150851964902381 ], [ 11.507148563462698, 10.150588450070895 ], [ 11.506825615149944, 10.147272189327186 ], [ 11.505746822854928, 10.14626172681078 ], [ 11.505454768180355, 10.145676772147585 ], [ 11.504631137245951, 10.144904206571853 ], [ 11.504644558254078, 10.143881162776346 ], [ 11.504352409425069, 10.142458580620639 ], [ 11.503797951953745, 10.141939162448816 ], [ 11.503298527976259, 10.140936972897315 ], [ 11.502421633052325, 10.140046730259574 ], [ 11.501865979217538, 10.139785170441559 ], [ 11.501314540428348, 10.138964981152538 ], [ 11.500631744793855, 10.138983948930411 ], [ 11.499671898897235, 10.13897219856692 ], [ 11.499134395954531, 10.139534887052791 ], [ 11.498582865773546, 10.139804881506901 ], [ 11.497769558514344, 10.140360138047358 ], [ 11.497020647053176, 10.139985142998981 ], [ 11.495996522767403, 10.141058237948778 ], [ 11.494796470494261, 10.13984003485197 ], [ 11.49367414489662, 10.139825794627731 ], [ 11.493140870566945, 10.140384208508047 ], [ 11.49257016819988, 10.140663870650055 ], [ 11.492301941107867, 10.140944942108213 ], [ 11.49202939675353, 10.140667976791002 ], [ 11.490965286637236, 10.140166167358768 ], [ 11.490379632654811, 10.139617835498695 ], [ 11.490363577318098, 10.139061475756863 ], [ 11.491355917183611, 10.13774560558603 ], [ 11.490149564694333, 10.137368238341756 ], [ 11.489728407853478, 10.136114978883061 ], [ 11.487526799475701, 10.135706491848278 ], [ 11.48801847747297, 10.134742820535811 ], [ 11.487602687430124, 10.134737498548684 ], [ 11.48652667066488, 10.134767356313816 ], [ 11.484800830042838, 10.133408534246929 ], [ 11.484285721124369, 10.133690407963925 ], [ 11.483771523540915, 10.134229602318058 ], [ 11.482672805237243, 10.134503708675373 ], [ 11.482684506292163, 10.134912909672741 ], [ 11.482672595921031, 10.135864478150895 ], [ 11.483510154021328, 10.136650248158583 ], [ 11.483086673950334, 10.138005746496559 ], [ 11.481882417513798, 10.138039208259674 ], [ 11.481064721367098, 10.138028974700962 ], [ 11.480668134857881, 10.138853198168318 ], [ 11.479836800467035, 10.13887642240006 ], [ 11.479015895420806, 10.13886620843647 ], [ 11.478583127240444, 10.138877947844872 ], [ 11.47696300543379, 10.138342159704612 ], [ 11.4757705801802, 10.137968867359387 ], [ 11.475033155303942, 10.137277625756763 ], [ 11.474763853024184, 10.137003264240903 ], [ 11.473106464518338, 10.136484149087593 ], [ 11.472019611931447, 10.135939549989631 ], [ 11.469828967913868, 10.135428136412376 ], [ 11.469291455483202, 10.134880983018599 ], [ 11.468997456446568, 10.135148995129191 ], [ 11.468476866342479, 10.135695103056538 ], [ 11.467358018913691, 10.135437709415054 ], [ 11.466829128308182, 10.134899487589875 ], [ 11.466261534189439, 10.135169552716951 ], [ 11.465721806022977, 10.135449998734666 ], [ 11.465309219166272, 10.135445154055381 ], [ 11.464403079808884, 10.135469957982945 ], [ 11.463525646555912, 10.135195382714887 ], [ 11.461923764774149, 10.134665198253142 ], [ 11.460049780578322, 10.135032410214954 ], [ 11.459312280814222, 10.136568689792595 ], [ 11.456197405852096, 10.136655014034787 ], [ 11.455738548277161, 10.136188786636252 ], [ 11.455079021573862, 10.136879939565281 ], [ 11.454507362007094, 10.136618408888845 ], [ 11.453700549751066, 10.136214081859135 ], [ 11.453402724947519, 10.138790169522251 ], [ 11.452606626059266, 10.138530313161816 ], [ 11.452063739126777, 10.138257972519147 ], [ 11.449389422274436, 10.137954415222374 ], [ 11.449043858424496, 10.136925008457405 ], [ 11.448004130696596, 10.136953412332447 ], [ 11.445780078158922, 10.13640660254862 ], [ 11.443294564827038, 10.13647540876984 ], [ 11.442966790985219, 10.134264552504163 ], [ 11.440811021835838, 10.134546387344722 ], [ 11.440545928806564, 10.134824755483493 ], [ 11.439994332894269, 10.135094661172539 ], [ 11.439554270619523, 10.135555945885175 ], [ 11.439171528264426, 10.134834965978573 ], [ 11.438900201526234, 10.134289479624272 ], [ 11.438618181717041, 10.134025766282068 ], [ 11.438348906687173, 10.1337513668842 ], [ 11.437785938198044, 10.133223929615257 ], [ 11.437796766182503, 10.132394125413194 ], [ 11.43682757135095, 10.132420908170909 ], [ 11.436301231735323, 10.131365284809366 ], [ 11.434261431279554, 10.132426166541636 ], [ 11.432415670330288, 10.131866390412062 ], [ 11.431758032069149, 10.130546977759648 ], [ 11.43147602065315, 10.130283256096723 ], [ 11.430940730658289, 10.12973918286575 ], [ 11.430138237093438, 10.129761534365375 ], [ 11.429552683812176, 10.129213064747919 ], [ 11.429283419733801, 10.128938655100473 ], [ 11.428727816865001, 10.128676952691739 ], [ 11.428192533759159, 10.128132873229225 ], [ 11.427640085266802, 10.12814807453106 ], [ 11.426929865971674, 10.127791670329698 ], [ 11.423396016891562, 10.128587646246521 ], [ 11.422984311245242, 10.128985162151414 ], [ 11.422716021047094, 10.129266718413001 ], [ 11.421890233314864, 10.128179908886471 ], [ 11.420745687699871, 10.127912470191676 ], [ 11.419120859043964, 10.126024039431735 ], [ 11.419131917984622, 10.125218050653094 ], [ 11.418847888341405, 10.124683222682526 ], [ 11.418576604648772, 10.124137709228416 ], [ 11.418021015384818, 10.12387598468997 ], [ 11.417751764420094, 10.123601562188474 ], [ 11.417469769039444, 10.123337824318389 ], [ 11.417484095273533, 10.122253820011359 ], [ 11.415594316899845, 10.122229583472189 ], [ 11.414462605017185, 10.122817706270654 ], [ 11.412586506426983, 10.123194719969936 ], [ 11.412229026231877, 10.124700087014332 ], [ 11.410643268706584, 10.124743489440878 ], [ 11.410369634070124, 10.124740200236365 ], [ 11.409822526749286, 10.124755331227504 ], [ 11.409273115465377, 10.124748238255876 ], [ 11.408751341404143, 10.125293749761024 ], [ 11.408184999853836, 10.125309548752197 ], [ 11.407910481361501, 10.12475822193835 ], [ 11.407063168220297, 10.124216914241476 ], [ 11.407077584164513, 10.123140314963811 ], [ 11.40706915059342, 10.122869267615346 ], [ 11.40707352160941, 10.122595478690217 ], [ 11.405898318574717, 10.12222706887785 ], [ 11.404862915820882, 10.121256106700777 ], [ 11.404870632863981, 10.120713831204364 ], [ 11.403767870294805, 10.120456079378448 ], [ 11.402796441979646, 10.119175935573223 ], [ 11.40075155704478, 10.11884615443811 ], [ 11.400475867558615, 10.118853462212943 ], [ 11.400202236048356, 10.118850163360463 ], [ 11.399111233746893, 10.118879833271906 ], [ 11.399102666174254, 10.11858972242651 ], [ 11.39910706444048, 10.118318579701665 ], [ 11.399098638596822, 10.118047530503933 ], [ 11.399104961317226, 10.11760375216047 ], [ 11.397231070941535, 10.116983585242021 ], [ 11.395185825028515, 10.116603464726678 ], [ 11.393888695983236, 10.11564283383289 ], [ 11.393166893925052, 10.115302840952568 ], [ 11.392779928400023, 10.114571747246099 ], [ 11.392247248328728, 10.113502821070563 ], [ 11.391270304549993, 10.113490329780962 ], [ 11.390723203908987, 10.113504894341952 ], [ 11.390310623107052, 10.113499948627673 ], [ 11.389074027941602, 10.113929364990208 ], [ 11.388328839062391, 10.113171740006493 ], [ 11.386525113441841, 10.113798535357567 ], [ 11.386203740486867, 10.113263935304456 ], [ 11.385766611909405, 10.111960783419061 ], [ 11.385097373816546, 10.111645275301314 ], [ 11.384575574713494, 10.11059849130142 ], [ 11.384095304513723, 10.110110047081411 ], [ 11.382621080469903, 10.109765412927885 ], [ 11.382351867403436, 10.109490951566054 ], [ 11.381805159242438, 10.108978096237907 ], [ 11.381395113170395, 10.108156071283515 ], [ 11.380423521666858, 10.108143504411949 ], [ 11.379739655109169, 10.10816221496526 ], [ 11.379192402594958, 10.108155580058078 ], [ 11.377702851031211, 10.108195992698706 ], [ 11.377678522773529, 10.107358466169098 ], [ 11.377696361181549, 10.106005411266683 ], [ 11.377123357097664, 10.106275366895082 ], [ 11.375908550111031, 10.106906851483245 ], [ 11.375205929782927, 10.106555022217005 ], [ 11.373854224704196, 10.106591774619879 ], [ 11.372754232430433, 10.104956592631469 ], [ 11.372171671519652, 10.105235610935678 ], [ 11.371520454471691, 10.105917031423049 ], [ 11.370843387874126, 10.10657163233641 ], [ 11.370442298475117, 10.107404812859238 ], [ 11.370021291468749, 10.107416315689887 ], [ 11.369486860672248, 10.107409571095832 ], [ 11.368415479959316, 10.107781591632993 ], [ 11.368041134087667, 10.106722057409774 ], [ 11.368467866212464, 10.10588710636021 ], [ 11.367548833868254, 10.105024763791931 ], [ 11.367179536769592, 10.103923887987674 ], [ 11.363971378618285, 10.103664161235701 ], [ 11.363696241086362, 10.102576370078486 ], [ 11.362589584743638, 10.101776251286486 ], [ 11.362189721775257, 10.100584505931199 ], [ 11.36176332801387, 10.100150172599259 ], [ 11.360108802914587, 10.099842192664628 ], [ 11.360118385525036, 10.099104491990104 ], [ 11.359574989467209, 10.098013319372237 ], [ 11.358487313161223, 10.097467748187476 ], [ 11.357908955697413, 10.09773770892825 ], [ 11.357364891398914, 10.098020662300932 ], [ 11.357085215359026, 10.097186007367647 ], [ 11.356420190189663, 10.096561681711002 ], [ 11.355972662933507, 10.093955890205818 ], [ 11.355141605533637, 10.093424885162646 ], [ 11.35486704206005, 10.093144606582134 ], [ 11.354057109617365, 10.093166805268698 ], [ 11.353767794331539, 10.092621336873419 ], [ 11.353439181253144, 10.091962299057922 ], [ 11.352171117513032, 10.092621080114629 ], [ 11.351569544144812, 10.092637550301097 ], [ 11.351034435675455, 10.092093300630346 ], [ 11.350085385011299, 10.09179558488111 ], [ 11.349268605452556, 10.090579245887962 ], [ 11.348582350823071, 10.09129741221987 ], [ 11.347516498200969, 10.090808829406901 ], [ 11.347186156578779, 10.09049928607871 ], [ 11.346806579458557, 10.089736812194989 ], [ 11.345810408227223, 10.089424590260155 ], [ 11.345541240391144, 10.0891500875352 ], [ 11.345259326191432, 10.088886266903506 ], [ 11.344513209038464, 10.088126924083074 ], [ 11.342817416289995, 10.087276360594425 ], [ 11.341065574589809, 10.086950423407472 ], [ 11.340595092488217, 10.086472414329858 ], [ 11.339774240695577, 10.086757301366672 ], [ 11.338555433036234, 10.085951516378898 ], [ 11.33812668121039, 10.086220381252584 ], [ 11.337856209332026, 10.086504540712072 ], [ 11.336783116180207, 10.086490431883057 ], [ 11.336489128515256, 10.086774226574834 ], [ 11.336097449681056, 10.087590368218608 ], [ 11.33375729221253, 10.087341103363244 ], [ 11.332666329767724, 10.087072399444752 ], [ 11.332253882137566, 10.087083258300966 ], [ 11.331577320222882, 10.087074802158389 ], [ 11.33102791383385, 10.087360398951555 ], [ 11.328310861877917, 10.087905947170142 ], [ 11.327232267245467, 10.088466396422007 ], [ 11.325829324465005, 10.088210462148476 ], [ 11.325556946633576, 10.087933314697526 ], [ 11.325032930751679, 10.08848190470748 ], [ 11.323914255947745, 10.088223958304923 ], [ 11.323099279506584, 10.087394611444731 ], [ 11.322550641448915, 10.088236208484483 ], [ 11.321719503624237, 10.087686570125761 ], [ 11.321177760582486, 10.087700973221745 ], [ 11.320360103732913, 10.087690309324611 ], [ 11.319248478563543, 10.088267384226036 ], [ 11.317101185924409, 10.088239050729275 ], [ 11.316658835689219, 10.088702330013454 ], [ 11.314872124287085, 10.088284353661114 ], [ 11.314092692433924, 10.087491268961767 ], [ 11.313105090094945, 10.087478602147348 ], [ 11.311642269775641, 10.087517979436145 ], [ 11.311046199526139, 10.086958719518273 ], [ 11.310257089863152, 10.08615562921648 ], [ 11.309121691051402, 10.085799249157287 ], [ 11.30764522587873, 10.084822503518291 ], [ 11.306638387354228, 10.084809419494682 ], [ 11.305589219654488, 10.08590708907229 ], [ 11.305017720657521, 10.085645249486223 ], [ 11.304748583704999, 10.085370704942607 ], [ 11.304193116220851, 10.085108751599924 ], [ 11.303491001578321, 10.084062500237781 ], [ 11.302541988680368, 10.083764632372208 ], [ 11.302010191533673, 10.083223436193574 ], [ 11.300621141690849, 10.082964640261265 ], [ 11.300350086421174, 10.082418974925021 ], [ 11.298574323914115, 10.081580359339187 ], [ 11.297874402542059, 10.080538310953054 ], [ 11.295130306556482, 10.080291565263861 ], [ 11.292996612262382, 10.07976518952275 ], [ 11.29239379496423, 10.07975719546854 ], [ 11.291844575139546, 10.079772129242089 ], [ 11.290475780762208, 10.079504142496106 ], [ 11.289934853421476, 10.079785380156624 ], [ 11.288003505390348, 10.080066194126472 ], [ 11.287477292904397, 10.080615810859545 ], [ 11.286225693315997, 10.080599591658949 ], [ 11.281728585863702, 10.080921429338364 ], [ 11.280930772404618, 10.081756756977558 ], [ 11.280098525809164, 10.082559488999145 ], [ 11.279580787670211, 10.08310109492931 ], [ 11.27847949099406, 10.083639844577453 ], [ 11.278199405938013, 10.083933564357004 ], [ 11.27792127563243, 10.084201321251324 ], [ 11.277656043243255, 10.084479581262013 ], [ 11.277377912017705, 10.084747337891185 ], [ 11.27685698528043, 10.085292669586567 ], [ 11.275880328496637, 10.085319000728507 ], [ 11.275410942990153, 10.084376977084514 ], [ 11.274089188666123, 10.083961911230347 ], [ 11.273416017576855, 10.082610878750721 ], [ 11.27216643590171, 10.082885321046748 ], [ 11.271495901676138, 10.083586836615289 ], [ 11.270573402796506, 10.082647920649501 ], [ 11.26915824466511, 10.082629055812705 ], [ 11.268598326747984, 10.082644555235627 ], [ 11.26780393139726, 10.081836079318956 ], [ 11.267239966961816, 10.082648062583614 ], [ 11.266435131724119, 10.08401456248933 ], [ 11.265443465798166, 10.084340696304622 ], [ 11.264820881225768, 10.085636041009469 ], [ 11.26384755876836, 10.086141037523163 ], [ 11.263032165157068, 10.084927578655327 ], [ 11.261096254871266, 10.084566977054154 ], [ 11.260681449325658, 10.083782888199611 ], [ 11.260143806938542, 10.082702024836726 ], [ 11.257666255762469, 10.082984820818293 ], [ 11.257677693402314, 10.08339939124402 ], [ 11.256312194180659, 10.084068037512742 ], [ 11.256587034732023, 10.085166593276343 ], [ 11.257137847425328, 10.085683917052313 ], [ 11.256876479842504, 10.086520298581508 ], [ 11.256598326155995, 10.086788041780688 ], [ 11.255572579849995, 10.088363096762977 ], [ 11.255250019623935, 10.088700517041001 ], [ 11.254167818509774, 10.08922953493051 ], [ 11.253872847892918, 10.089538698551589 ], [ 11.252790641028188, 10.090067712989926 ], [ 11.251983840251077, 10.091163069471831 ], [ 11.250681821726333, 10.091591373258222 ], [ 11.250343339724468, 10.092253522666146 ], [ 11.250079957515174, 10.092802892147379 ], [ 11.249254593133076, 10.093074364825222 ], [ 11.248442125062724, 10.093356340252491 ], [ 11.247069555774079, 10.093631538920064 ], [ 11.246804285421153, 10.093909781409225 ], [ 11.246511253386769, 10.094191919394611 ], [ 11.245737908762253, 10.095800718578374 ], [ 11.245301550104079, 10.096222049903229 ], [ 11.245997613641258, 10.096876619953907 ], [ 11.24470250530603, 10.096919334129806 ], [ 11.243038202130027, 10.096896770927922 ], [ 11.242442750006154, 10.097187848497734 ], [ 11.241673431369248, 10.09799273116254 ], [ 11.241082235638675, 10.09828165947682 ], [ 11.240818833411517, 10.098831025823799 ], [ 11.240542532250345, 10.099369887305466 ], [ 11.24028100561001, 10.10019038047195 ], [ 11.24000282583793, 10.100458114965665 ], [ 11.23973754384375, 10.100736354175405 ], [ 11.238912146296475, 10.101007807053955 ], [ 11.238373254032069, 10.101287904492779 ], [ 11.236179806609632, 10.101568641999107 ], [ 11.235705640393755, 10.102554214158188 ], [ 11.234000439230249, 10.103115477467959 ], [ 11.234010484307534, 10.103486638937897 ], [ 11.233200552201406, 10.105071313423881 ], [ 11.233473698945662, 10.105930545712365 ], [ 11.234322263164579, 10.107152866425784 ], [ 11.234308307467272, 10.108226931831974 ], [ 11.234319686757377, 10.108636213630907 ], [ 11.233764372119131, 10.109171671046573 ], [ 11.233159493570758, 10.109804905744356 ], [ 11.229123074767303, 10.109750704895898 ], [ 11.2286009535395, 10.110296522675611 ], [ 11.226513843946533, 10.109733409562983 ], [ 11.226106643418786, 10.108962984493049 ], [ 11.22583380225363, 10.108146106563057 ], [ 11.225550076604152, 10.107611036386704 ], [ 11.224999891672349, 10.106253746852563 ], [ 11.22359788503533, 10.105992073123776 ], [ 11.222537649304931, 10.104914129183387 ], [ 11.221977674298824, 10.104929558144114 ], [ 11.221428230036533, 10.104922142754829 ], [ 11.220611737061061, 10.106028637111818 ], [ 11.219256292923038, 10.106010235908402 ], [ 11.218980373825881, 10.106299655100003 ], [ 11.218154934298838, 10.106571062609859 ], [ 11.217633827459899, 10.108202492217481 ], [ 11.2170628267671, 10.108481717889907 ], [ 11.216540125597843, 10.109569811542332 ], [ 11.214920689883993, 10.111585162214887 ], [ 11.214897274743118, 10.113315451020567 ], [ 11.215274434524742, 10.11438371922848 ], [ 11.21173393950151, 10.114806305896945 ], [ 11.208714319324637, 10.114339902430565 ], [ 11.208076318676264, 10.113420595895338 ], [ 11.208903280200442, 10.111803534870687 ], [ 11.208609828594904, 10.11124997483056 ], [ 11.208102450882102, 10.10973560136895 ], [ 11.206043298616557, 10.109351689771108 ], [ 11.205306005515302, 10.108289522773052 ], [ 11.205033214154698, 10.107472616248643 ], [ 11.203969459401188, 10.10696975086454 ], [ 11.203513338841189, 10.106541722607913 ], [ 11.20285247264381, 10.105869867373608 ], [ 11.202277706937629, 10.105598328692853 ], [ 11.202008618350121, 10.105323685199679 ], [ 11.200944873993196, 10.104820807483371 ], [ 11.200628611635063, 10.10452476517424 ], [ 11.200633143625137, 10.104248292033713 ], [ 11.200349148291629, 10.103981690820921 ], [ 11.200629490443431, 10.10371131988189 ], [ 11.200893462036856, 10.102605905426255 ], [ 11.201976586512535, 10.101560157086794 ], [ 11.201985665834547, 10.100852573630492 ], [ 11.201967158949914, 10.100174831565907 ], [ 11.20198598664998, 10.098857634274085 ], [ 11.201680650042784, 10.09828136955462 ], [ 11.201406037082883, 10.097193321719228 ], [ 11.201117572336573, 10.096111191735407 ], [ 11.202200799425208, 10.095397494734534 ], [ 11.202210291613532, 10.094750280964512 ], [ 11.202194847210027, 10.094208091442683 ], [ 11.202206433727028, 10.093397223212451 ], [ 11.201649266366211, 10.093666793789236 ], [ 11.200588290438496, 10.095294930667201 ], [ 11.200021906741739, 10.095309832158534 ], [ 11.199228753803162, 10.095299236512782 ], [ 11.198380679980772, 10.095857777525863 ], [ 11.198113234363525, 10.096138122827064 ], [ 11.197565188362782, 10.095863214507562 ], [ 11.197021243211397, 10.095877431848701 ], [ 11.196177342650962, 10.095319047436439 ], [ 11.194861838111819, 10.095354816830277 ], [ 11.193505339858852, 10.095019613535603 ], [ 11.191810313495084, 10.095359229423341 ], [ 11.190604868463547, 10.096180686058524 ], [ 11.189379038734531, 10.095727559638611 ], [ 11.188801486754205, 10.094565772775475 ], [ 11.188514285483384, 10.094296530539077 ], [ 11.188525924249294, 10.093488303653364 ], [ 11.188238723393114, 10.093219060916885 ], [ 11.187351203687607, 10.091896743453985 ], [ 11.184807666515914, 10.092733406221846 ], [ 11.184409953277944, 10.093510298989486 ], [ 11.184432691616886, 10.094345839814347 ], [ 11.183055890079183, 10.094327419470483 ], [ 11.181830204384019, 10.095162750744382 ], [ 11.18061480461877, 10.095145900950323 ], [ 11.179755116906128, 10.095732017050397 ], [ 11.17788658230236, 10.095706235008329 ], [ 11.177308871633373, 10.096263473718986 ], [ 11.176518128898884, 10.097090091240387 ], [ 11.175132609894657, 10.097367739247908 ], [ 11.174867262743877, 10.09764593754012 ], [ 11.173771807107803, 10.098461320576762 ], [ 11.173372714572995, 10.098878623089281 ], [ 11.172956413144668, 10.099280151124315 ], [ 11.17168376553011, 10.100610932695847 ], [ 11.170547002988343, 10.101167081405046 ], [ 11.169982010409612, 10.101711517149623 ], [ 11.16926150830008, 10.102816226877446 ], [ 11.168331742170215, 10.102840883364339 ], [ 11.167921254258729, 10.102835640874195 ], [ 11.165088137943108, 10.102911467262647 ], [ 11.164231172539157, 10.10167572643001 ], [ 11.164211455382858, 10.100965139356491 ], [ 11.16455531682085, 10.098520388927133 ], [ 11.164090693973648, 10.097132192933149 ], [ 11.160700839285708, 10.097223277682232 ], [ 11.160080001895603, 10.09692971314395 ], [ 11.159515884445252, 10.096646367806844 ], [ 11.158711164104025, 10.09666752622244 ], [ 11.158167425594753, 10.096394636056399 ], [ 11.157338382566016, 10.096134205014099 ], [ 11.156795714667171, 10.095861305154139 ], [ 11.156240292652294, 10.095599080714775 ], [ 11.155926849718846, 10.093472675758878 ], [ 11.154920027296471, 10.094443655347066 ], [ 11.154057750507558, 10.095613347861015 ], [ 11.153446206336264, 10.095912329287053 ], [ 11.152425046291118, 10.09697978517899 ], [ 11.152146780007932, 10.09724746025949 ], [ 11.151856723364325, 10.098153380521174 ], [ 11.150788689048863, 10.0977986342872 ], [ 11.148317911720696, 10.097548888121523 ], [ 11.147501623549276, 10.097277755030737 ], [ 11.146672581037404, 10.097017295844299 ], [ 11.145879459711024, 10.096209521809639 ], [ 11.145315041473289, 10.096202073306438 ], [ 11.143793239895698, 10.096729394046838 ], [ 11.14188027585935, 10.096780489396362 ], [ 11.139831221697694, 10.095971852207882 ], [ 11.138406328502548, 10.095637385175069 ], [ 11.137628701698654, 10.094906808206437 ], [ 11.137266688644491, 10.093824525692078 ], [ 11.134274862778046, 10.094143659757945 ], [ 11.133800960032625, 10.096031062788736 ], [ 11.133844703863165, 10.097640249885609 ], [ 11.130365169557676, 10.098084322731697 ], [ 11.129725032138269, 10.098754175361979 ], [ 11.129162460999845, 10.09902896866318 ], [ 11.128639442712522, 10.100116981833519 ], [ 11.128361150372267, 10.100384641373115 ], [ 11.128095753112675, 10.10066281075955 ], [ 11.125006391099207, 10.100954965697346 ], [ 11.123992463266733, 10.102328950695862 ], [ 11.12290458759734, 10.102860274262406 ], [ 11.122365551553013, 10.103140203436201 ], [ 11.121813618921841, 10.103409621658404 ], [ 11.120682062571982, 10.104942711931413 ], [ 11.119910633426482, 10.105319992918648 ], [ 11.119378746646154, 10.10587632837615 ], [ 11.118823203068544, 10.106411630663587 ], [ 11.118550081660214, 10.108449737924577 ], [ 11.11756359494048, 10.108961330930381 ], [ 11.115272645621596, 10.109419870258117 ], [ 11.114245988405207, 10.110492041724784 ], [ 11.113353300207841, 10.110801241304586 ], [ 11.111474984141395, 10.110775160878035 ], [ 11.110940276570078, 10.111885479061781 ], [ 11.107637744385144, 10.111640775047114 ], [ 11.107227747996292, 10.111222886133616 ], [ 11.106662911328739, 10.111813313227001 ], [ 11.105184914998574, 10.11219879476501 ], [ 11.104085662777125, 10.112471688848212 ], [ 11.103275984236616, 10.112891551641662 ], [ 11.099986301604419, 10.113311356682637 ], [ 11.099643512815019, 10.114023229401734 ], [ 11.097396063456896, 10.114279593799665 ], [ 11.096718402615295, 10.11577266400073 ], [ 11.096432219105516, 10.11697248078481 ], [ 11.096753315884007, 10.119339939062895 ], [ 11.09750334990529, 10.12076035516338 ], [ 11.098401926424206, 10.121185201248572 ], [ 11.098877425848931, 10.122140771921648 ], [ 11.100329829624423, 10.12307103677805 ], [ 11.101210205443662, 10.123654344908491 ], [ 11.101996856355205, 10.124454861260469 ], [ 11.101981254073527, 10.125506246313014 ], [ 11.102292740859767, 10.126389240145315 ], [ 11.102270904409785, 10.127960216980094 ], [ 11.10293440005897, 10.129216984161884 ], [ 11.103656070231819, 10.129557673732913 ], [ 11.104651354522817, 10.130217555909972 ], [ 11.105282318331682, 10.132711700938474 ], [ 11.105606003090907, 10.135787209748989 ], [ 11.105995077951611, 10.137251743688195 ], [ 11.106445769408023, 10.137674661260755 ], [ 11.10673299012055, 10.140401383991138 ], [ 11.107568783074582, 10.141187260981312 ], [ 11.108131409041908, 10.142867815223395 ], [ 11.109223219049762, 10.143893543960383 ], [ 11.109514837162932, 10.146143049873746 ], [ 11.109494654181159, 10.147631917880128 ], [ 11.109824714588061, 10.148567737274869 ], [ 11.110355930653455, 10.150670585236393 ], [ 11.111202892930002, 10.15364260705514 ], [ 11.111479258285563, 10.155028408643783 ], [ 11.110663352320119, 10.155815367739848 ], [ 11.110158282051955, 10.160147132230296 ], [ 11.109874325633871, 10.160701344415784 ], [ 11.109619785698193, 10.162643478967086 ], [ 11.1101775528938, 10.164224483027354 ], [ 11.110456344886181, 10.165326396273445 ], [ 11.111009292001487, 10.165846088002757 ], [ 11.111324581669523, 10.166481177335038 ], [ 11.111838224453583, 10.168015324884028 ], [ 11.112674604555398, 10.168550661378383 ], [ 11.112658663078737, 10.169703725434486 ], [ 11.111859573249635, 10.171263816341103 ], [ 11.111592726342485, 10.172957643439101 ], [ 11.111606589109114, 10.17344002893053 ], [ 11.111306981872207, 10.17372848091566 ], [ 11.111355109331367, 10.175519842619533 ], [ 11.111076882937187, 10.178410132598074 ], [ 11.111106776308926, 10.179541716504481 ], [ 11.111097335808482, 10.180219678594607 ], [ 11.111119917339533, 10.181052080382464 ], [ 11.112223539401727, 10.181573504570071 ], [ 11.112208208366514, 10.18265559715821 ], [ 11.112763774964723, 10.182917871516107 ], [ 11.113040023555341, 10.184277183584616 ], [ 11.113572569635275, 10.184777399301959 ], [ 11.114972024321048, 10.186705129094026 ], [ 11.115253895880613, 10.186969168184767 ], [ 11.115658633537169, 10.187381232199787 ], [ 11.116080373967639, 10.187777297277043 ], [ 11.116354006051139, 10.18873676511233 ], [ 11.115260524446741, 10.189271334976111 ], [ 11.11527482808911, 10.189818857413089 ], [ 11.115265561276521, 10.190521178358452 ], [ 11.114726890747308, 10.1910399742502 ], [ 11.11446320892774, 10.191589296906285 ], [ 11.113640663456643, 10.192676610359703 ], [ 11.114477480430303, 10.193753185683022 ], [ 11.11503104435573, 10.195653015792171 ], [ 11.115590216756033, 10.196457575943576 ], [ 11.115864709922239, 10.197545731988141 ], [ 11.116622153424288, 10.198257382329619 ], [ 11.115778726703565, 10.199907282352026 ], [ 11.115061434943836, 10.20025723471911 ], [ 11.114794044554262, 10.201379089162593 ], [ 11.114254605781076, 10.202431738171381 ], [ 11.113982224863053, 10.203284054397754 ], [ 11.113996287160127, 10.2037945063107 ], [ 11.113717908163261, 10.204062172502857 ], [ 11.113452533594941, 10.204356235780702 ], [ 11.114148668958848, 10.205011089102399 ], [ 11.113726857331509, 10.205417912914072 ], [ 11.113461377033969, 10.205696088929049 ], [ 11.112652805564101, 10.206475083473491 ], [ 11.111561428770823, 10.208148829909529 ], [ 11.11127560867342, 10.208423958573777 ], [ 11.11075993030626, 10.211136778008921 ], [ 11.110483331209434, 10.21167559168998 ], [ 11.110505769421279, 10.212483631018715 ], [ 11.110216757986452, 10.212761957367057 ], [ 11.109940162749959, 10.213625952572762 ], [ 11.10940809129602, 10.214665311547698 ], [ 11.10914617615094, 10.215485783616232 ], [ 11.108869571787706, 10.216024597092536 ], [ 11.108606055329489, 10.217413351140772 ], [ 11.108048634096439, 10.218501598575923 ], [ 11.108092231402566, 10.220086439784874 ], [ 11.107533087744605, 10.220914129635597 ], [ 11.107274740543721, 10.222276899748186 ], [ 11.106733142389057, 10.223333797169429 ], [ 11.10646961673786, 10.224722551973064 ], [ 11.106193002573796, 10.225261365394145 ], [ 11.105865380998191, 10.226984718683045 ], [ 11.105114126418592, 10.227708787531379 ], [ 11.104853982264599, 10.228800409119494 ], [ 11.104578107964143, 10.229614615640058 ], [ 11.104861094238956, 10.229879709588358 ], [ 11.105148116604731, 10.232865918126091 ], [ 11.105725232155981, 10.233138641058551 ], [ 11.105706335922985, 10.234489270439539 ], [ 11.10598825165861, 10.234753309915334 ], [ 11.10626814075116, 10.236654918241685 ], [ 11.106550059131656, 10.236918956722853 ], [ 11.106824585971927, 10.23800711708145 ], [ 11.107132726285601, 10.23916496686229 ], [ 11.107095511729412, 10.241788365231308 ], [ 11.107698390716905, 10.242073095562713 ], [ 11.108241008730731, 10.242624609214575 ], [ 11.108224348590566, 10.243825341529261 ], [ 11.108242730410545, 10.244503122365174 ], [ 11.108230997836165, 10.245316678457622 ], [ 11.108253485113279, 10.246130012584882 ], [ 11.108241567773613, 10.246915500235772 ], [ 11.108714539064882, 10.248253402683824 ], [ 11.109364634621734, 10.248560593704561 ], [ 11.109907563666306, 10.248833525591179 ], [ 11.110737013370489, 10.249094002189327 ], [ 11.111006185950165, 10.249368709870085 ], [ 11.111572608157184, 10.249636189150721 ], [ 11.11213187596055, 10.250760619576477 ], [ 11.112116130350428, 10.251934862366905 ], [ 11.112131614147128, 10.252496146327738 ], [ 11.113501560117795, 10.253143419738898 ], [ 11.113782576034675, 10.253429168008525 ], [ 11.113759869019152, 10.255003839134901 ], [ 11.114065273085785, 10.255580181779692 ], [ 11.114349797957047, 10.258166519751214 ], [ 11.113045031674714, 10.258804187491663 ], [ 11.11429324439143, 10.260602021464505 ], [ 11.114651426050621, 10.262360630979746 ], [ 11.115216149298414, 10.263173074318562 ], [ 11.115208080153579, 10.263729214423796 ], [ 11.114663998725582, 10.264253363192639 ], [ 11.114098966368989, 10.264843849479158 ], [ 11.11358977299308, 10.266434928912435 ], [ 11.113306038029451, 10.266707936052129 ], [ 11.11333157179714, 10.267654177363715 ], [ 11.11331878753658, 10.268627678372447 ], [ 11.112780007268588, 10.269146495786195 ], [ 11.112514484270134, 10.269424680801212 ], [ 11.111962282244825, 10.26969413924626 ], [ 11.111696758034496, 10.269972323816468 ], [ 11.111402394261036, 10.270255991742168 ], [ 11.108625758596087, 10.27021791702945 ], [ 11.108135836793467, 10.269719032620843 ], [ 11.105937449454917, 10.269467450702939 ], [ 11.105119637858335, 10.269196302719376 ], [ 11.104706887739146, 10.269206925334347 ], [ 11.103885449869541, 10.269195836605252 ], [ 11.102223763778412, 10.269240505598045 ], [ 11.101827076976386, 10.270063973787888 ], [ 11.099928561494384, 10.270038139011742 ], [ 11.098913877191999, 10.270564256391616 ], [ 11.09607498515196, 10.269521272818936 ], [ 11.09554389992557, 10.270077090713791 ], [ 11.094991676638207, 10.270346523311636 ], [ 11.094592293890649, 10.270763789830028 ], [ 11.092533013958274, 10.271175882402984 ], [ 11.092261591579353, 10.27202395716373 ], [ 11.08994056269399, 10.271992317878539 ], [ 11.088024345759397, 10.272043323609163 ], [ 11.085159946822257, 10.272003497317172 ], [ 11.084614035590999, 10.273401486951217 ], [ 11.084065347991277, 10.274213208053702 ], [ 11.08407357632885, 10.274489615411964 ], [ 11.083787631119694, 10.274757320269964 ], [ 11.083239754494317, 10.272591531985212 ], [ 11.082403147305914, 10.271246383362495 ], [ 11.082121119495557, 10.2693346881846 ], [ 11.080467167063279, 10.268276003016464 ], [ 11.079941757088186, 10.267741280211553 ], [ 11.079347419108402, 10.267460156167953 ], [ 11.078686359069499, 10.266788070347724 ], [ 11.077999808001959, 10.266142626012739 ], [ 11.077718045117983, 10.265576679422718 ], [ 11.076614781806649, 10.265317874052279 ], [ 11.076053185012375, 10.264480432387842 ], [ 11.074559369932677, 10.264520173684515 ], [ 11.074011745584336, 10.264513082471552 ], [ 11.073427904611405, 10.264528464529263 ], [ 11.071000220244775, 10.266181024769761 ], [ 11.070050422717477, 10.266168019373078 ], [ 11.069247329080289, 10.267005706870584 ], [ 11.06896417549957, 10.266717280061384 ], [ 11.068542357071436, 10.266321164786307 ], [ 11.068137547689904, 10.265909051805982 ], [ 11.067565802495537, 10.2656468260842 ], [ 11.06704422303689, 10.266192482021843 ], [ 11.065928368747516, 10.266465458794677 ], [ 11.065399745921841, 10.2659264910705 ], [ 11.065117823958323, 10.265662415625757 ], [ 11.064848666720623, 10.265387665033055 ], [ 11.064544146680094, 10.265102017666473 ], [ 11.063337961613238, 10.265134052277288 ], [ 11.06151109680771, 10.265109120318957 ], [ 11.061010473924814, 10.264598564794948 ], [ 11.060180996421925, 10.264337961246456 ], [ 11.059908334789792, 10.263520892605692 ], [ 11.059352639815808, 10.26325854838778 ], [ 11.059004744799553, 10.262218454728572 ], [ 11.057679811947859, 10.261913319007194 ], [ 11.056071951467615, 10.263008180747798 ], [ 11.055519692381948, 10.263277550359431 ], [ 11.055135989677934, 10.264475345516317 ], [ 11.052885120470851, 10.265371420538555 ], [ 11.0525302975961, 10.265742285636131 ], [ 11.051430464300987, 10.266015113149098 ], [ 11.051095825012528, 10.266365193654959 ], [ 11.050055105279375, 10.266019569444227 ], [ 11.049523925775414, 10.266574796977217 ], [ 11.048424085149151, 10.266847615334646 ], [ 11.048158496801877, 10.267125758341825 ], [ 11.047782684368773, 10.267394003292507 ], [ 11.047058092126626, 10.266313897833895 ], [ 11.046148236957, 10.266027812307795 ], [ 11.044726028152036, 10.26606537740672 ], [ 11.04384895049694, 10.266053426561278 ], [ 11.043490192330115, 10.264980538077028 ], [ 11.043022198977702, 10.264717611502277 ], [ 11.042674096531378, 10.265804484156769 ], [ 11.042395601746319, 10.266072110761243 ], [ 11.04240678469216, 10.266481444304606 ], [ 11.042395090931588, 10.26732574708312 ], [ 11.041589904372568, 10.268517715470704 ], [ 11.040681186662445, 10.269910534999193 ], [ 11.038608255410056, 10.269881729818964 ], [ 11.038047544691386, 10.270172313334424 ], [ 11.036920937378767, 10.270445264914542 ], [ 11.036111370042793, 10.269620415930236 ], [ 11.034768266681914, 10.269655855743675 ], [ 11.033888314503193, 10.269363721373526 ], [ 11.031142223177712, 10.26943654079396 ], [ 11.030642874961023, 10.269958707082868 ], [ 11.029826748428443, 10.269947397022955 ], [ 11.026524857986454, 10.27024663258525 ], [ 11.025971306762518, 10.270824214410327 ], [ 11.025463568611571, 10.271878180933861 ], [ 11.024911259422572, 10.272147506222201 ], [ 11.024616236695872, 10.274022666916972 ], [ 11.024694713903127, 10.276940994548253 ], [ 11.023575080128897, 10.277308137732506 ], [ 11.023302417574916, 10.278160434288525 ], [ 11.023359736607844, 10.280275968346752 ], [ 11.02250231982253, 10.280840086332963 ], [ 11.022219690612673, 10.281135268930221 ], [ 11.022241855161488, 10.281929053727787 ], [ 11.022232265722151, 10.282607046828753 ], [ 11.022264631443422, 10.283827124554463 ], [ 11.022252818219526, 10.284659785198707 ], [ 11.021570327801964, 10.28531761580904 ], [ 11.021170815747482, 10.285734813778753 ], [ 11.02047666414196, 10.286073344664647 ], [ 11.021179409504178, 10.287085330246232 ], [ 11.021455462111202, 10.288444770778703 ], [ 11.021811646646611, 10.289117831601013 ], [ 11.021464059390974, 10.289795286782587 ], [ 11.021500443280503, 10.291141922214759 ], [ 11.020449139526363, 10.291833834997988 ], [ 11.020102886544484, 10.292553652227337 ], [ 11.020126883639756, 10.293467123847543 ], [ 11.020121104540829, 10.2939035801655 ], [ 11.019110090242512, 10.294877533651425 ], [ 11.019890695147518, 10.296355112294664 ], [ 11.020700974926584, 10.2971164356518 ], [ 11.021247271536433, 10.298750655408435 ], [ 11.021529199299868, 10.299014769927753 ], [ 11.021798360346171, 10.299289557738495 ], [ 11.022080289041989, 10.299553671590314 ], [ 11.022366672639116, 10.299845299391146 ], [ 11.022335456076485, 10.301995281878657 ], [ 11.022387137528494, 10.303893169476789 ], [ 11.022374642745165, 10.304785152648344 ], [ 11.021845693152613, 10.306881048037727 ], [ 11.022128706356893, 10.307146213087661 ], [ 11.022425865630021, 10.307448893735089 ], [ 11.022379900694657, 10.310638640868206 ], [ 11.022701662196306, 10.310940636880028 ], [ 11.022423799771888, 10.311483132800106 ], [ 11.022087284591732, 10.312891948364342 ], [ 11.020983597620415, 10.313430608791691 ], [ 11.020530366035615, 10.315324769638753 ], [ 11.019181214117292, 10.316624987834558 ], [ 11.01890851896739, 10.317476228087815 ], [ 11.018631691977987, 10.31801500847747 ], [ 11.018362486762912, 10.318574927918922 ], [ 11.017022035253047, 10.319229459414535 ], [ 11.016740309829625, 10.321015033632992 ], [ 11.016459349485405, 10.322417146568561 ], [ 11.016487323735275, 10.323449761792441 ], [ 11.015651420823243, 10.324555037600748 ], [ 11.015133552559352, 10.326719717560691 ], [ 11.014853928553968, 10.327828933160811 ], [ 11.01429467331876, 10.32836735843868 ], [ 11.014334008862649, 10.329840561266026 ], [ 11.014317177993949, 10.331060948638333 ], [ 11.014353627692685, 10.332416590042113 ], [ 11.014341644429901, 10.33322224180098 ], [ 11.014631834294054, 10.333770720826701 ], [ 11.014182771955575, 10.334647426413161 ], [ 11.015844110449233, 10.336659721979666 ], [ 11.016455298995938, 10.337888361558957 ], [ 11.016867925670075, 10.339516526625722 ], [ 11.016856673683101, 10.340267620537112 ], [ 11.017138642230632, 10.340531731936927 ], [ 11.017412820848367, 10.341083484505177 ], [ 11.017963665399943, 10.341068912536691 ], [ 11.018238064144631, 10.342157183062458 ], [ 11.018702196457047, 10.343472005963234 ], [ 11.019075329467652, 10.344608382144113 ], [ 11.018387414782403, 10.345272088530347 ], [ 11.019319460658309, 10.346148087866863 ], [ 11.01963574781373, 10.346591526672526 ], [ 11.018551750756775, 10.348386898923314 ], [ 11.018287810660206, 10.348936196217146 ], [ 11.018010965297517, 10.349474980509349 ], [ 11.017747934373277, 10.350166743554158 ], [ 11.01857204159381, 10.350556154834432 ], [ 11.019115487502598, 10.350887476240064 ], [ 11.018552586634511, 10.35370283553814 ], [ 11.017766578446896, 10.35408645286817 ], [ 11.017500899993232, 10.354364588382868 ], [ 11.01696075405488, 10.354884897781794 ], [ 11.016675668735108, 10.355474578720404 ], [ 11.016135519618413, 10.355994887315354 ], [ 11.015867728061444, 10.357114624910775 ], [ 11.015052178776328, 10.357899886735982 ], [ 11.014788227255915, 10.358449183507494 ], [ 11.01450963792629, 10.358716804652966 ], [ 11.014245921760967, 10.35930317370376 ], [ 11.014814681121047, 10.360915000281141 ], [ 11.014792219561398, 10.362422483101849 ], [ 11.016695799845909, 10.363640892685151 ], [ 11.015970618108778, 10.36433873208561 ], [ 11.016757316817513, 10.366566737702597 ], [ 11.016747765057628, 10.367247378380279 ], [ 11.016773096957886, 10.368196324602639 ], [ 11.016764816933968, 10.368741370798968 ], [ 11.017046815482335, 10.369005477050157 ], [ 11.017319517608589, 10.369822580715129 ], [ 11.017608672069837, 10.370368406919274 ], [ 11.017596683838661, 10.371169289604575 ], [ 11.018437054699397, 10.372250819958195 ], [ 11.018745254500143, 10.373764166696494 ], [ 11.019838791670102, 10.374281100215496 ], [ 11.019811367291837, 10.376176830409582 ], [ 11.019844873137629, 10.377396894984692 ], [ 11.019806665016301, 10.380112565764593 ], [ 11.020675288345734, 10.380089622030402 ], [ 11.02151631447301, 10.380101275915473 ], [ 11.022331573766143, 10.380931371706849 ], [ 11.022313145909987, 10.382225909338777 ], [ 11.022903191108922, 10.383637898496097 ], [ 11.022891154274346, 10.384428185872414 ], [ 11.022899317151355, 10.384699306111523 ], [ 11.022889509817382, 10.385337045326379 ], [ 11.024275732254589, 10.385772664457384 ], [ 11.024546037278013, 10.386211083024207 ], [ 11.023189448279803, 10.388220059755216 ], [ 11.022914927259057, 10.38878955647094 ], [ 11.022374743891172, 10.389309883395349 ], [ 11.022097349675288, 10.389599222386556 ], [ 11.022126688034126, 10.39066730582339 ], [ 11.021537054477056, 10.391817677116311 ], [ 11.02159750345573, 10.394062937327305 ], [ 11.021566141610775, 10.396339494399648 ], [ 11.022579985052896, 10.398258311769359 ], [ 11.02215430892128, 10.399947345977155 ], [ 11.022196459754962, 10.401508435250701 ], [ 11.021907215396352, 10.401786728110057 ], [ 11.021936500832336, 10.402845277611302 ], [ 11.021503244722195, 10.403690126947286 ], [ 11.021995015232083, 10.404620764713899 ], [ 11.023471388358148, 10.405084402945022 ], [ 11.023871391377892, 10.40588691545412 ], [ 11.024684164289319, 10.406650273070886 ], [ 11.024955187039261, 10.407196198575244 ], [ 11.025785051529983, 10.407456824388815 ], [ 11.026059578186299, 10.408545067979475 ], [ 11.026871774593515, 10.409714118018776 ], [ 11.028745958711511, 10.410302848251421 ], [ 11.029362457843671, 10.410991167523276 ], [ 11.028545775162566, 10.411778076086202 ], [ 11.028283815173383, 10.412635617647352 ], [ 11.029396982084251, 10.413681465628194 ], [ 11.029385091575271, 10.414489755767631 ], [ 11.029668901936818, 10.415024999508447 ], [ 11.02994180068324, 10.415857964617247 ], [ 11.028844372983095, 10.416915709137376 ], [ 11.029491102973713, 10.418139288211856 ], [ 11.029139217046678, 10.418824741655541 ], [ 11.028848275474804, 10.42165215986965 ], [ 11.027506072277559, 10.422092849116256 ], [ 11.027555228217368, 10.423901751987161 ], [ 11.026994898599957, 10.426441701685384 ], [ 11.026178364348871, 10.426430459357942 ], [ 11.025778174308115, 10.427260277349232 ], [ 11.025363932005924, 10.428068469783573 ], [ 11.025099964748375, 10.4286177805098 ], [ 11.024821335157785, 10.428885419589999 ], [ 11.024544419875298, 10.429749412734237 ], [ 11.02399596808503, 10.430820092044691 ], [ 11.024036471852121, 10.432285323057588 ], [ 11.023202290042379, 10.432692065682627 ], [ 11.023216119022127, 10.433176060702655 ], [ 11.02458363171344, 10.433496827905536 ], [ 11.024574122809693, 10.434177463346847 ], [ 11.024595435046018, 10.43499084033955 ], [ 11.024589594609578, 10.435411403418476 ], [ 11.023497256537338, 10.435944248109028 ], [ 11.023233281712036, 10.436493558903059 ], [ 11.022765343925013, 10.436943530832082 ], [ 11.02326368539093, 10.437885764480361 ], [ 11.023798779284572, 10.438388171642453 ], [ 11.023789235386399, 10.439063510568594 ], [ 11.023800444031842, 10.439472844077116 ], [ 11.022981550552039, 10.440260826615939 ], [ 11.022720539159799, 10.441930817531658 ], [ 11.024096648125852, 10.442581484890688 ], [ 11.025112288273935, 10.443091432422699 ], [ 11.025465744681686, 10.443801012171345 ], [ 11.026023458628584, 10.444323924450957 ], [ 11.026018880908859, 10.444608364166886 ], [ 11.026030076890848, 10.445015048557526 ], [ 11.026024161864774, 10.445423430619783 ], [ 11.026338048794139, 10.448282495211924 ], [ 11.026057556214843, 10.450575983176464 ], [ 11.02647962753929, 10.450972642632518 ], [ 11.026884677789056, 10.45138476856107 ], [ 11.027182925471042, 10.451664636015151 ], [ 11.027166143206744, 10.452871766529146 ], [ 11.027198638482618, 10.454086529006839 ], [ 11.026630041718457, 10.454363960743594 ], [ 11.026367822449904, 10.455184434350604 ], [ 11.026090933596844, 10.455723237328938 ], [ 11.025828781069196, 10.456554303280971 ], [ 11.026928007927404, 10.457073766926712 ], [ 11.027199094800551, 10.457619679965143 ], [ 11.02775514832703, 10.457882016425874 ], [ 11.028030388878324, 10.459067162996593 ], [ 11.026629093151566, 10.459990215217211 ], [ 11.025406332382227, 10.460390973375679 ], [ 11.025036746740282, 10.461158636633751 ], [ 11.024696453425419, 10.461822835735257 ], [ 11.023382877605391, 10.462248526804546 ], [ 11.022842891054864, 10.461163566064096 ], [ 11.022567576631792, 10.46145131354543 ], [ 11.021481233312095, 10.46143596242969 ], [ 11.02120378606458, 10.461725311587385 ], [ 11.020927654080236, 10.461721766030438 ], [ 11.020639821155324, 10.461729417858548 ], [ 11.020116042600497, 10.462816892920479 ], [ 11.019839137658019, 10.463355693511602 ], [ 11.019037746505141, 10.465535438641602 ], [ 11.01875908382493, 10.46580307898776 ], [ 11.018300922491191, 10.466282120895169 ], [ 11.017831207510984, 10.469773779112499 ], [ 11.016870773974331, 10.470698244333944 ], [ 11.017432516687416, 10.471506080637813 ], [ 11.0174205873218, 10.472309078054005 ], [ 11.018520332616419, 10.473892588687667 ], [ 11.019064660937349, 10.4749844131419 ], [ 11.019652353651123, 10.475830740917747 ], [ 11.019926700238276, 10.476382463917206 ], [ 11.021039559973353, 10.476352624608239 ], [ 11.021570897461828, 10.476924427823175 ], [ 11.021026333481847, 10.477449042376188 ], [ 11.020414669978173, 10.479014806563285 ], [ 11.020999375042502, 10.479563497309176 ], [ 11.020225509926325, 10.480708176164381 ], [ 11.019961506002659, 10.481257490968559 ], [ 11.019684590456654, 10.481796293950595 ], [ 11.019420584935867, 10.482345608620397 ], [ 11.019141910363226, 10.482613251781498 ], [ 11.018883175291908, 10.483976045382652 ], [ 11.018527167696488, 10.48502750339706 ], [ 11.016954825741928, 10.48534148857531 ], [ 11.016417959199913, 10.485901005981274 ], [ 11.016433170442872, 10.486432130282768 ], [ 11.016154489812381, 10.486699771919396 ], [ 11.015894908040311, 10.48793387052145 ], [ 11.016719409175334, 10.488323215910132 ], [ 11.01713196924819, 10.489556757799624 ], [ 11.016307641933798, 10.490351667287234 ], [ 11.016798288974783, 10.491743073223471 ], [ 11.016364953037279, 10.492590054611131 ], [ 11.015646905492741, 10.492939929452572 ], [ 11.015384642471272, 10.493760403609604 ], [ 11.015076011618048, 10.494362433337498 ], [ 11.013826189321016, 10.495566266357207 ], [ 11.014590114160844, 10.497011024384827 ], [ 11.013702913856317, 10.498182898836095 ], [ 11.013183829301967, 10.498682455099042 ], [ 11.011906683401213, 10.499305980519747 ], [ 11.011590894910732, 10.500292567619629 ], [ 11.011312199147136, 10.500560207868222 ], [ 11.011323409078246, 10.500969542981599 ], [ 11.011315983926718, 10.501476448029056 ], [ 11.009784371308246, 10.501979234783946 ], [ 11.0094147138176, 10.502746894369688 ], [ 11.008539957240247, 10.503033665157654 ], [ 11.006448318192692, 10.503004520779667 ], [ 11.005844523701187, 10.503317642048948 ], [ 11.004616069090059, 10.502700433198868 ], [ 11.003893857433855, 10.503074677139796 ], [ 11.002372756551633, 10.503053026647486 ], [ 11.002011529750648, 10.501974848604386 ], [ 11.001413883840607, 10.501414555238012 ], [ 10.999806192270551, 10.500909349434755 ], [ 10.999260696673295, 10.500635255414315 ], [ 10.998154743166502, 10.500922923173132 ], [ 10.997373640058459, 10.500128086763382 ], [ 10.996952234059206, 10.499842614659732 ], [ 10.995688805085226, 10.501777376390191 ], [ 10.994900552320344, 10.502537063226738 ], [ 10.991892921993996, 10.502879556371754 ], [ 10.989720027628634, 10.504707195139055 ], [ 10.989339749713174, 10.505496621961436 ], [ 10.988603495159451, 10.505855564064463 ], [ 10.988206308303681, 10.506679522782903 ], [ 10.987770753371933, 10.507529674054046 ], [ 10.987247352573549, 10.50803346146991 ], [ 10.986847559599736, 10.508450672639663 ], [ 10.986142245357399, 10.50913037947044 ], [ 10.986171908917036, 10.510254618696916 ], [ 10.985358774803942, 10.512655269312202 ], [ 10.985096420234303, 10.513475735277561 ], [ 10.984547142728724, 10.514287402845362 ], [ 10.984291715753351, 10.516192528351153 ], [ 10.983714870020764, 10.517046209623583 ], [ 10.983207790049281, 10.518097540718076 ], [ 10.982929052035303, 10.518365163170659 ], [ 10.982663225167251, 10.518643298653249 ], [ 10.98183818734614, 10.519185512558018 ], [ 10.981263639999048, 10.520065660082768 ], [ 10.980478490683689, 10.520821067711024 ], [ 10.980214558481093, 10.521396848486372 ], [ 10.98076931284348, 10.522446307655068 ], [ 10.98075658561277, 10.523303346442894 ], [ 10.97995121629735, 10.524078477688136 ], [ 10.97950961795406, 10.524994339028213 ], [ 10.978589762215393, 10.52544286430207 ], [ 10.977508943627722, 10.526837274544588 ], [ 10.978063702868242, 10.527886738011379 ], [ 10.978356481666967, 10.52847599021376 ], [ 10.978341698723163, 10.529514709209348 ], [ 10.978349867626495, 10.529788483128897 ], [ 10.978038860028967, 10.530705116719497 ], [ 10.976711359424717, 10.531691654007139 ], [ 10.976192424692281, 10.532233009900944 ], [ 10.974776320808381, 10.532924024094299 ], [ 10.974816896988177, 10.534420541161584 ], [ 10.974531090857637, 10.5352623370649 ], [ 10.973996985567437, 10.535776243047787 ], [ 10.973730066710498, 10.536054381589706 ], [ 10.972397202477202, 10.536035678066968 ], [ 10.971814640957266, 10.536337497046283 ], [ 10.97063101730954, 10.536725682206301 ], [ 10.97103625919142, 10.537493260343103 ], [ 10.970714969003007, 10.539322001343841 ], [ 10.969670906517591, 10.538259151791154 ], [ 10.969372477726344, 10.540149189498571 ], [ 10.968545636910873, 10.540420215601031 ], [ 10.968281502491029, 10.540969511527956 ], [ 10.968002732237428, 10.541237126544376 ], [ 10.9677226557477, 10.543321430782168 ], [ 10.966653632814054, 10.544903771674282 ], [ 10.966664830252206, 10.545318413677208 ], [ 10.966250320379027, 10.546126580625032 ], [ 10.965853037161802, 10.546950529503549 ], [ 10.964724342673216, 10.547230311802034 ], [ 10.964788771457641, 10.549622847097895 ], [ 10.964420981543437, 10.550709316108273 ], [ 10.965886582553356, 10.551558229328561 ], [ 10.965329486211125, 10.551829693636602 ], [ 10.965071862552184, 10.553743313731555 ], [ 10.963974741548039, 10.554278719185104 ], [ 10.963434921157686, 10.55457443834835 ], [ 10.963986328542591, 10.555092182002737 ], [ 10.964431560766526, 10.55642253085651 ], [ 10.963176686730611, 10.558080175398795 ], [ 10.96291253264093, 10.558629470697271 ], [ 10.962084338783072, 10.55903343922453 ], [ 10.96100660343107, 10.55959096361728 ], [ 10.960744178587495, 10.562439439187363 ], [ 10.960007755431345, 10.56279834407173 ], [ 10.959654826268595, 10.563530916744989 ], [ 10.958818897239972, 10.564913183855163 ], [ 10.958883312708295, 10.56730625598215 ], [ 10.958547059381234, 10.567630367615688 ], [ 10.958873872128933, 10.570038758702557 ], [ 10.959157193838633, 10.572509388090689 ], [ 10.958615738869772, 10.573565685874005 ], [ 10.958363606780052, 10.576013157710117 ], [ 10.95808373630825, 10.576281836650328 ], [ 10.958371551221406, 10.577096764177629 ], [ 10.957545258116326, 10.577640014629393 ], [ 10.957553434619273, 10.577916439806195 ], [ 10.956988085130742, 10.578752023691679 ], [ 10.95701731045393, 10.579815371852577 ], [ 10.9569875549233, 10.581876410781936 ], [ 10.956164630471845, 10.582277694124036 ], [ 10.955136108433667, 10.583350254383705 ], [ 10.954294181452795, 10.583626125584653 ], [ 10.953757636623894, 10.584448287317631 ], [ 10.953478819101173, 10.584715898113375 ], [ 10.953105390916454, 10.586274317294114 ], [ 10.9522312155361, 10.586700804208222 ], [ 10.951089387633536, 10.585945183761867 ], [ 10.950235476331642, 10.587714198544866 ], [ 10.94946269365466, 10.588091324010998 ], [ 10.950222023770733, 10.588803767691669 ], [ 10.950496577062021, 10.589892084137517 ], [ 10.95091879008339, 10.590288294352785 ], [ 10.951335822281541, 10.590711547203728 ], [ 10.951320002589458, 10.591764585162677 ], [ 10.951614748133485, 10.592320477615301 ], [ 10.951887594320082, 10.593137622296698 ], [ 10.952447308866326, 10.593942393733958 ], [ 10.952718441197071, 10.594488368236355 ], [ 10.954653757051135, 10.596098137251037 ], [ 10.954923175136166, 10.59637294040791 ], [ 10.955755271476647, 10.596904832842815 ], [ 10.95602469120994, 10.597179634741703 ], [ 10.957278208419876, 10.597473740859979 ], [ 10.959711691987531, 10.598281138923104 ], [ 10.960151542532319, 10.599594567896926 ], [ 10.962307295819953, 10.599996904590618 ], [ 10.963231710108902, 10.60241055212815 ], [ 10.964539035924542, 10.603247174085775 ], [ 10.964842207335058, 10.604446511765705 ], [ 10.967317170456218, 10.604696923546491 ], [ 10.968048678296, 10.60506415760883 ], [ 10.968546457821695, 10.604545170530081 ], [ 10.968957074265839, 10.604963137109864 ], [ 10.969239292008504, 10.605227250215007 ], [ 10.969923581990102, 10.606246763875632 ], [ 10.970629179102492, 10.606579725340955 ], [ 10.970617361193526, 10.607409747638778 ], [ 10.970061863454285, 10.607944458233783 ], [ 10.970084167710331, 10.608752552033005 ], [ 10.969807084492858, 10.609291344003939 ], [ 10.969542916101602, 10.609840648950426 ], [ 10.969264095898072, 10.610108274993213 ], [ 10.968985905854069, 10.610976511658748 ], [ 10.969013922562297, 10.61200807837961 ], [ 10.968459475330921, 10.612541193150493 ], [ 10.96820018206305, 10.614187885162679 ], [ 10.967924826996791, 10.614997842670125 ], [ 10.967663298207079, 10.615960781126555 ], [ 10.968488133609782, 10.616350198245739 ], [ 10.968819902337955, 10.617662161124167 ], [ 10.96833675117823, 10.618127036395229 ], [ 10.969327810328418, 10.619056702259297 ], [ 10.96960421199201, 10.620416148682898 ], [ 10.970160554002138, 10.62067853923341 ], [ 10.970442177181091, 10.622851479948967 ], [ 10.970998524427305, 10.623113868056581 ], [ 10.971685028943011, 10.624136002629717 ], [ 10.971000795788285, 10.624469734601846 ], [ 10.97073662163962, 10.625019042012919 ], [ 10.969638933831058, 10.625834161558299 ], [ 10.969361782520014, 10.626698156877694 ], [ 10.968563317487186, 10.628256602579908 ], [ 10.968299776650879, 10.62974125163206 ], [ 10.969411554809172, 10.630453001375912 ], [ 10.969398336360882, 10.631397434081585 ], [ 10.969409528026507, 10.631806776761916 ], [ 10.968484675414411, 10.633027576547398 ], [ 10.967220553943546, 10.633442269510976 ], [ 10.966701461256541, 10.633983640348115 ], [ 10.966129286890146, 10.634262639915843 ], [ 10.965589241370942, 10.634542497621373 ], [ 10.962511954406093, 10.635421902460305 ], [ 10.96203433913929, 10.635920636554854 ], [ 10.961441872145368, 10.636209289500849 ], [ 10.96041747875706, 10.63727709950631 ], [ 10.959661678242288, 10.637645687860209 ], [ 10.959308694882152, 10.638378272362388 ], [ 10.959029842727061, 10.638645895079396 ], [ 10.958763906868569, 10.638924030966239 ], [ 10.958485053740198, 10.639191653362625 ], [ 10.958154540028223, 10.640928832630079 ], [ 10.956045582681819, 10.643545729507524 ], [ 10.955781369257434, 10.644095031398711 ], [ 10.955009531750571, 10.644471127196908 ], [ 10.954693488195725, 10.645457708724059 ], [ 10.95410099496906, 10.645746352130622 ], [ 10.953278671320819, 10.64660367828945 ], [ 10.953618645108508, 10.648195791016473 ], [ 10.953609746448409, 10.648816061394466 ], [ 10.952211950965276, 10.649274442828014 ], [ 10.949479879521752, 10.649236371061466 ], [ 10.949524806919893, 10.650912422617285 ], [ 10.948144035364169, 10.651187953855086 ], [ 10.947513025878564, 10.652496398052056 ], [ 10.946509539392576, 10.652825190972267 ], [ 10.946220393346692, 10.654342309693563 ], [ 10.944516499442374, 10.655173318212356 ], [ 10.944069383223633, 10.65609980031309 ], [ 10.943231529683892, 10.65637459182104 ], [ 10.943310028828932, 10.659295113796043 ], [ 10.942715884190953, 10.660173780757964 ], [ 10.943072481790713, 10.66050789361066 ], [ 10.942726607496871, 10.661526435396373 ], [ 10.942755977955748, 10.662610972528928 ], [ 10.942094963615185, 10.66324747606822 ], [ 10.942647938365186, 10.665837200916252 ], [ 10.943584743010485, 10.666131162594345 ], [ 10.943857670274594, 10.666948302815749 ], [ 10.944424833232485, 10.667215957537701 ], [ 10.944990017888662, 10.668351714829887 ], [ 10.944961887361607, 10.670328533702735 ], [ 10.944991272172773, 10.671413068507134 ], [ 10.94498548619741, 10.671850592764475 ], [ 10.944443854797358, 10.672905311440465 ], [ 10.944180219031495, 10.673551531862724 ], [ 10.945559176942155, 10.673984679334295 ], [ 10.945550853099524, 10.674528149049802 ], [ 10.945559124866929, 10.674818344332822 ], [ 10.946375805298995, 10.675584955785961 ], [ 10.946657864003869, 10.676150980507506 ], [ 10.946940142868295, 10.676415104336177 ], [ 10.947213092705869, 10.677232237924386 ], [ 10.948293755104238, 10.6777424377118 ], [ 10.94969845383965, 10.678849640593803 ], [ 10.950776755493099, 10.678820666211776 ], [ 10.951849061520246, 10.679530049891399 ], [ 10.952699620415412, 10.681236547363831 ], [ 10.95383780811853, 10.682700254178284 ], [ 10.953831071446157, 10.683154201064065 ], [ 10.953846475904868, 10.683720823954047 ], [ 10.954392749054509, 10.68423274993884 ], [ 10.954667463324714, 10.685321038726615 ], [ 10.955089834472757, 10.685717216787737 ], [ 10.955757134458121, 10.68639574878911 ], [ 10.956875878718616, 10.686657798830346 ], [ 10.957411663531555, 10.687202622068337 ], [ 10.957698647050924, 10.687194996260548 ], [ 10.958090673285716, 10.687200482791537 ], [ 10.958531884472817, 10.689364484764257 ], [ 10.95881592530001, 10.689899759770388 ], [ 10.959092505159532, 10.691275095150321 ], [ 10.95852089537123, 10.691825802637917 ], [ 10.958571479279923, 10.693700420195372 ], [ 10.958555896323004, 10.694777281335515 ], [ 10.959130219521219, 10.69531602983642 ], [ 10.958831919534585, 10.695897861453933 ], [ 10.957207935413509, 10.696689275116855 ], [ 10.956650697297958, 10.69697771881917 ], [ 10.956683083420769, 10.698186690381627 ], [ 10.956661816317414, 10.699713784603361 ], [ 10.955995444790142, 10.700355125005611 ], [ 10.955595400033047, 10.700772344178407 ], [ 10.954498841936417, 10.701306743236001 ], [ 10.953963840384693, 10.703228994168747 ], [ 10.953414331369089, 10.703221314367955 ], [ 10.953120906066644, 10.703228979158112 ], [ 10.952412301913881, 10.703968032941994 ], [ 10.95287959486927, 10.704851730023107 ], [ 10.953322456511263, 10.706602606053901 ], [ 10.952826389951868, 10.70708027505847 ], [ 10.954708509897687, 10.708284009666695 ], [ 10.955096415887311, 10.70947962969324 ], [ 10.954255446888302, 10.710289962347218 ], [ 10.953743961684761, 10.711370464558943 ], [ 10.954863443098782, 10.711899441205333 ], [ 10.955652635093735, 10.712701134902384 ], [ 10.957044598280659, 10.712960922615681 ], [ 10.957315881958703, 10.713506869092381 ], [ 10.957599951010657, 10.71404214082993 ], [ 10.957872305649362, 10.714754387014514 ], [ 10.95595533064639, 10.715137179848055 ], [ 10.955133932628341, 10.715994532707432 ], [ 10.952947584132295, 10.715963759238083 ], [ 10.952546948976766, 10.716793574139917 ], [ 10.952132249052054, 10.717601762026193 ], [ 10.95183373300655, 10.720159694665378 ], [ 10.950506171664793, 10.720594907022555 ], [ 10.950240168862569, 10.720873048269256 ], [ 10.949138643346908, 10.721145827642959 ], [ 10.947796259862331, 10.721609724651953 ], [ 10.947509192089903, 10.722614137979887 ], [ 10.948883020254467, 10.723045674105602 ], [ 10.949152736022349, 10.72334694255186 ], [ 10.94741958011301, 10.72501504974422 ], [ 10.948636790892936, 10.726579945679937 ], [ 10.948627244280686, 10.727263776225971 ], [ 10.947809286832843, 10.727662423303727 ], [ 10.947497358709429, 10.729301508103063 ], [ 10.946833171898506, 10.729291894914706 ], [ 10.946110160080611, 10.731137995161625 ], [ 10.945295156021476, 10.73367532745455 ], [ 10.945667155501637, 10.734726463748684 ], [ 10.945942087458826, 10.735841235698427 ], [ 10.945379236650094, 10.736939005011623 ], [ 10.945426776974939, 10.738676472280426 ], [ 10.946243357948516, 10.739061708731313 ], [ 10.94681697481081, 10.739644962948864 ], [ 10.947347733853416, 10.741229512394936 ], [ 10.94768181206484, 10.741542027612864 ], [ 10.950865462452553, 10.743045311559579 ], [ 10.951209434087412, 10.744730595103858 ], [ 10.951631897937856, 10.745126762717577 ], [ 10.952037326101827, 10.745538925785457 ], [ 10.953421263199226, 10.746192279491121 ], [ 10.953415394845049, 10.746612322501051 ], [ 10.953437728563442, 10.747419887100156 ], [ 10.952056463392037, 10.748516457239706 ], [ 10.95206466749082, 10.748792879794012 ], [ 10.951529540797532, 10.750369282261603 ], [ 10.951261263652498, 10.751796767408562 ], [ 10.951935936872042, 10.752430216573952 ], [ 10.950992672501798, 10.753675509766921 ], [ 10.95068076057597, 10.755314596857877 ], [ 10.949640473453341, 10.755299947963545 ], [ 10.948815270485516, 10.756415793058327 ], [ 10.946604544722527, 10.757140449890645 ], [ 10.94525509465039, 10.75669341766775 ], [ 10.944546123366266, 10.757060137645905 ], [ 10.943336278177703, 10.75616414111099 ], [ 10.942231216360673, 10.755905177252385 ], [ 10.941433776813859, 10.755504987787489 ], [ 10.941128535851869, 10.7540085281027 ], [ 10.940023482700843, 10.753749554646506 ], [ 10.939479680070573, 10.753476476796727 ], [ 10.938374629300574, 10.753217496875392 ], [ 10.937841969504646, 10.752675815469681 ], [ 10.936044400064496, 10.752340111821072 ], [ 10.935308733785616, 10.752721278497212 ], [ 10.933443506033766, 10.752695295181086 ], [ 10.932622188651107, 10.753253362344889 ], [ 10.932068989251873, 10.753522688841231 ], [ 10.931804669213109, 10.754071991078154 ], [ 10.931237124709499, 10.754612585893568 ], [ 10.930437067495033, 10.753798725667911 ], [ 10.927768578189319, 10.752960984078939 ], [ 10.927137533823892, 10.75328745897818 ], [ 10.924739368529812, 10.753688452249543 ], [ 10.924402076663876, 10.754389153171914 ], [ 10.923558562137353, 10.754660265791255 ], [ 10.923029151197552, 10.754121183372494 ], [ 10.922720024305965, 10.753857213925924 ], [ 10.921638370881498, 10.754416868241831 ], [ 10.920731994639414, 10.754404469830925 ], [ 10.920279940419167, 10.753053475613763 ], [ 10.919518136452268, 10.752693786212395 ], [ 10.918637996596285, 10.753611289005647 ], [ 10.91731297500024, 10.754481750292721 ], [ 10.916273591236596, 10.753424625662195 ], [ 10.914325941802685, 10.754431861095945 ], [ 10.911972291248375, 10.755103669229447 ], [ 10.911240435492333, 10.754736358307392 ], [ 10.909662969981731, 10.754480181195769 ], [ 10.909334457383848, 10.756922852749092 ], [ 10.904798316300033, 10.757216615086998 ], [ 10.904394704569192, 10.756405539850764 ], [ 10.904112369271816, 10.756141385174088 ], [ 10.903842822508963, 10.755866557444534 ], [ 10.901915052830836, 10.755612489433735 ], [ 10.900343681110868, 10.754448392681638 ], [ 10.899996710289251, 10.754810684458906 ], [ 10.898072272138103, 10.755088346355114 ], [ 10.897210673880858, 10.755385985979984 ], [ 10.895715019661493, 10.755364933582682 ], [ 10.894506970141521, 10.754565639178294 ], [ 10.893416213402107, 10.755394856134791 ], [ 10.892592828945181, 10.755121805772617 ], [ 10.891727366383776, 10.755144560591525 ], [ 10.890895019717357, 10.756011920211401 ], [ 10.889120071223932, 10.754837876906457 ], [ 10.888205009621124, 10.755153826800166 ], [ 10.887909307584444, 10.755149798637722 ], [ 10.887374559506368, 10.754605381188535 ], [ 10.886691185779176, 10.754623306503417 ], [ 10.886008175339025, 10.754613686380734 ], [ 10.885230628954766, 10.755424025790688 ], [ 10.884343063840088, 10.755856323669505 ], [ 10.882994922790402, 10.755180180932351 ], [ 10.882399143512067, 10.75489883646234 ], [ 10.881076323267335, 10.753553566679388 ], [ 10.880232058732764, 10.752761537775404 ], [ 10.879685875649441, 10.751665263620483 ], [ 10.879409657118229, 10.751952953954605 ], [ 10.878267271005047, 10.752235821685192 ], [ 10.877743899581811, 10.75222839402357 ], [ 10.876720812171024, 10.751187963395074 ], [ 10.875830804612599, 10.750618655389033 ], [ 10.875558538537307, 10.75007262596494 ], [ 10.874961585780529, 10.749512137995602 ], [ 10.873337051220451, 10.749001810239319 ], [ 10.872670823100263, 10.748324678699142 ], [ 10.872225808721575, 10.747906806359747 ], [ 10.871152025061161, 10.747934994107228 ], [ 10.870323229285038, 10.747387014108407 ], [ 10.869780177283374, 10.747400877236048 ], [ 10.869503229229446, 10.747397247069156 ], [ 10.868961812195616, 10.747676992037078 ], [ 10.868409617142106, 10.747946206584565 ], [ 10.868131791710805, 10.748235486954288 ], [ 10.867314333171624, 10.748223983257246 ], [ 10.866772912120698, 10.748503724978958 ], [ 10.865977723570428, 10.748891453544642 ], [ 10.865687620783719, 10.750408575656936 ], [ 10.865398474624541, 10.75068679903419 ], [ 10.864452441683625, 10.750673412602925 ], [ 10.862709193415844, 10.750719362894145 ], [ 10.862118697453594, 10.750422582978585 ], [ 10.861849913707173, 10.750702800364406 ], [ 10.860479234780716, 10.752020887406873 ], [ 10.858677677405431, 10.752343652974078 ], [ 10.85628236500132, 10.751399810141825 ], [ 10.855003809798378, 10.752370922895246 ], [ 10.854013122604858, 10.75285354460696 ], [ 10.853642525949835, 10.75400620274751 ], [ 10.852817711646173, 10.754548212948727 ], [ 10.85200367091371, 10.75510075168652 ], [ 10.851451443269504, 10.755369940702808 ], [ 10.850471519761715, 10.756390636281669 ], [ 10.849262586664389, 10.755783951657815 ], [ 10.848445066011262, 10.756206733299404 ], [ 10.847335247802535, 10.756570340624911 ], [ 10.847362187576415, 10.757563845467718 ], [ 10.846939345589336, 10.757970503274711 ], [ 10.846517771411273, 10.758409462101563 ], [ 10.844400104830109, 10.758379682624028 ], [ 10.842766223500046, 10.758804124484438 ], [ 10.842175840622696, 10.760026409844318 ], [ 10.841587358964903, 10.760591887989722 ], [ 10.840926821542984, 10.760582566745418 ], [ 10.840490316262168, 10.760593631373878 ], [ 10.838879221410718, 10.761687429307267 ], [ 10.837775246064929, 10.762048853732187 ], [ 10.837805735477447, 10.763190652463081 ], [ 10.836398377648004, 10.763875913209036 ], [ 10.835878832940885, 10.764417139851624 ], [ 10.835322822762825, 10.764952224919234 ], [ 10.834788365752567, 10.765508369250263 ], [ 10.834236100237899, 10.765777533095569 ], [ 10.833858143866113, 10.766170669556287 ], [ 10.833045200105778, 10.768244921726787 ], [ 10.830459218594196, 10.768208291853263 ], [ 10.829594946538093, 10.76879497950817 ], [ 10.829044198816781, 10.768518559631204 ], [ 10.827764676403032, 10.769179727226348 ], [ 10.82659614215571, 10.767991660828745 ], [ 10.826298345683009, 10.767999242221926 ], [ 10.825612606571942, 10.767989508607574 ], [ 10.823310579625181, 10.768049667247301 ], [ 10.823008208541795, 10.767742112281368 ], [ 10.822178465650481, 10.767481091403329 ], [ 10.821622889899507, 10.767202566285331 ], [ 10.820303696299311, 10.767236797840217 ], [ 10.819437907040708, 10.76694949561549 ], [ 10.818351700505595, 10.766977584773098 ], [ 10.818064967594161, 10.766686352331586 ], [ 10.817208446245864, 10.766425473994937 ], [ 10.815870691779921, 10.767117128784749 ], [ 10.814860558258102, 10.766609782050343 ], [ 10.814501206443376, 10.766983721336818 ], [ 10.814223177992886, 10.767251247757113 ], [ 10.813955925191705, 10.767529305720043 ], [ 10.812246100343932, 10.767814738404283 ], [ 10.811478388964629, 10.767803864149485 ], [ 10.810943880317103, 10.768360504954703 ], [ 10.810343370449258, 10.768629912091557 ], [ 10.808138419337642, 10.76808502351783 ], [ 10.806833671527089, 10.768118584520392 ], [ 10.805771965301544, 10.767585552283487 ], [ 10.804898222660087, 10.767310966585111 ], [ 10.804626590316015, 10.767034993401005 ], [ 10.803257452206589, 10.7673205132925 ], [ 10.802949940507041, 10.767316474409887 ], [ 10.801758751910732, 10.766717969284642 ], [ 10.801326819129264, 10.76542804678698 ], [ 10.80058934553781, 10.764735264418718 ], [ 10.799395208494795, 10.764359761955705 ], [ 10.798907276315314, 10.763380025378014 ], [ 10.797726027519678, 10.76300867758461 ], [ 10.796924630392088, 10.762193366957598 ], [ 10.796330232820678, 10.762500849524189 ], [ 10.795827109498939, 10.76302444506344 ], [ 10.795549064842001, 10.763291956876612 ], [ 10.7952817951294, 10.763570001011354 ], [ 10.794735820809853, 10.764094901920416 ], [ 10.794467029686533, 10.764930714577936 ], [ 10.794190586905472, 10.765469416086521 ], [ 10.793904955997666, 10.766356705748871 ], [ 10.793327600930187, 10.766830407070941 ], [ 10.790974605959061, 10.76624863818784 ], [ 10.789318160228303, 10.76750614567244 ], [ 10.788812107946349, 10.769080121732612 ], [ 10.788036643253882, 10.76957296776191 ], [ 10.787632760509142, 10.768761695204969 ], [ 10.786772394492775, 10.768211011666324 ], [ 10.786232926006839, 10.767662184021999 ], [ 10.786252941858322, 10.766331489640532 ], [ 10.786235019320031, 10.765653590761794 ], [ 10.786240657919933, 10.76524675700024 ], [ 10.786229647041324, 10.764832603589884 ], [ 10.783762135209185, 10.7644500680283 ], [ 10.783488409820063, 10.76363274097584 ], [ 10.782650696341417, 10.762284198569784 ], [ 10.783024085215883, 10.761557436914543 ], [ 10.782645943550577, 10.761202068975503 ], [ 10.782281663134432, 10.760470540288022 ], [ 10.781526450768832, 10.760123693408561 ], [ 10.780981774121898, 10.760690940708191 ], [ 10.779340289554208, 10.760667518614076 ], [ 10.778798862550953, 10.759049237847249 ], [ 10.77726642516865, 10.758161780700876 ], [ 10.776311335660342, 10.75771012507505 ], [ 10.776323701858647, 10.756894328244218 ], [ 10.77411681406633, 10.756640516779431 ], [ 10.773297774349096, 10.756368697332077 ], [ 10.770601143287198, 10.755632987699563 ], [ 10.76974863984214, 10.754765973551718 ], [ 10.768617381077807, 10.754231073740781 ], [ 10.768336089579851, 10.753945052275744 ], [ 10.76834690765121, 10.753227254195771 ], [ 10.769437608981951, 10.752870382724636 ], [ 10.769704805577954, 10.752576468219896 ], [ 10.769131171238222, 10.752037860358081 ], [ 10.769155012429287, 10.750429573148034 ], [ 10.768301181354344, 10.749883024434677 ], [ 10.76831687217642, 10.748806066150149 ], [ 10.768309936895127, 10.748534902051176 ], [ 10.768315603023538, 10.748128064404725 ], [ 10.768305184415343, 10.747718669568142 ], [ 10.768590621139824, 10.746878008374651 ], [ 10.768554863170918, 10.745520605656878 ], [ 10.768015177366992, 10.745013581354783 ], [ 10.767609423188935, 10.744601139175963 ], [ 10.767187693333133, 10.744204677888479 ], [ 10.766639788205888, 10.743388884550205 ], [ 10.765806687948983, 10.742994759419723 ], [ 10.764968630322867, 10.741746790793092 ], [ 10.764999050616598, 10.739698285293176 ], [ 10.763586245091487, 10.737987441001684 ], [ 10.763312606629624, 10.737170082373666 ], [ 10.762814336632324, 10.736226340940533 ], [ 10.763301627956441, 10.735277010900337 ], [ 10.763567337990192, 10.734727797592562 ], [ 10.76384382050267, 10.734189118139293 ], [ 10.76409528051574, 10.731183254923376 ], [ 10.763520624424405, 10.730643574597094 ], [ 10.762446828705693, 10.730671378264473 ], [ 10.761595666785684, 10.730388574154862 ], [ 10.760941011284068, 10.729722743570569 ], [ 10.760519312461387, 10.72932626821455 ], [ 10.760244124517136, 10.728237707778536 ], [ 10.759951684710677, 10.727962860388372 ], [ 10.759397920555166, 10.727977116065075 ], [ 10.758874539857919, 10.728521955716634 ], [ 10.758129958762433, 10.728792071754178 ], [ 10.757222822408199, 10.72744116938709 ], [ 10.756393223055344, 10.727179945220966 ], [ 10.755987509927303, 10.726767481143179 ], [ 10.75542525822126, 10.726238835286251 ], [ 10.755019547663451, 10.725826369516021 ], [ 10.754632868885549, 10.725463058468762 ], [ 10.752902567950574, 10.726356876465829 ], [ 10.752548307066546, 10.725297883670343 ], [ 10.751714736684024, 10.724903712605663 ], [ 10.751725281901159, 10.724222989812995 ], [ 10.751438239206349, 10.723953398868742 ], [ 10.750753444148049, 10.723256457729025 ], [ 10.750308285293762, 10.722874929196998 ], [ 10.74920441698084, 10.723445264476707 ], [ 10.748514363779138, 10.724163177977301 ], [ 10.7481434106588, 10.722339383090056 ], [ 10.747039596955798, 10.722079670265172 ], [ 10.745927661433232, 10.721804636707343 ], [ 10.745381994876123, 10.720707506663279 ], [ 10.744818159257203, 10.720177787193636 ], [ 10.744833979304877, 10.719106111742207 ], [ 10.744826424939445, 10.718815877337361 ], [ 10.744275517999764, 10.718298267247672 ], [ 10.74396224663511, 10.715877694926418 ], [ 10.744265344321065, 10.71558625067423 ], [ 10.744804445287455, 10.714885084143084 ], [ 10.743429546687526, 10.714234892236092 ], [ 10.742604438020614, 10.712878172949308 ], [ 10.742049111761535, 10.712615368253804 ], [ 10.741502201332235, 10.710450882113461 ], [ 10.741185711979933, 10.710179323656474 ], [ 10.740385450622071, 10.711012778914005 ], [ 10.739300637313365, 10.711540593033943 ], [ 10.738516338130449, 10.712357006028213 ], [ 10.737227326083152, 10.712675661167008 ], [ 10.73665559715004, 10.713857439799654 ], [ 10.736023020070666, 10.712914913202429 ], [ 10.734531337413237, 10.712445428136919 ], [ 10.734095719379876, 10.711569601901328 ], [ 10.733262741058613, 10.711175368448943 ], [ 10.73244574204516, 10.71076515255694 ], [ 10.731890425794354, 10.710502327735666 ], [ 10.731557252821048, 10.708235450110534 ], [ 10.731876796438888, 10.706971916639409 ], [ 10.731044652644334, 10.706438887862479 ], [ 10.729122740035116, 10.705088208227522 ], [ 10.728018996637063, 10.704828415359959 ], [ 10.727737274488847, 10.704262131122054 ], [ 10.726973191069979, 10.70354437341363 ], [ 10.724940605427417, 10.70477924788954 ], [ 10.723907193031005, 10.705117089205542 ], [ 10.72322628514795, 10.705468871324491 ], [ 10.722541443080575, 10.705124637605202 ], [ 10.720548209883219, 10.705175901844106 ], [ 10.718416144303413, 10.704827987263455 ], [ 10.718439544678954, 10.703277400029204 ], [ 10.71752236684047, 10.702095904093412 ], [ 10.716750766054364, 10.701370212600832 ], [ 10.715939512637165, 10.700545151549374 ], [ 10.715377374583781, 10.700016414984358 ], [ 10.714844621368695, 10.699474272301112 ], [ 10.713453281110425, 10.699213354848387 ], [ 10.713089676492498, 10.698843495092673 ], [ 10.712361767446792, 10.6992193482742 ], [ 10.711535251232489, 10.699489798415534 ], [ 10.710993721680582, 10.699769278892074 ], [ 10.709474693691178, 10.700043521754663 ], [ 10.709071126480001, 10.699232096167021 ], [ 10.708777176210539, 10.698674860698583 ], [ 10.707694353548048, 10.698702508591969 ], [ 10.706871608805899, 10.698690590156641 ], [ 10.7052554034248, 10.6987317410376 ], [ 10.704668346060455, 10.698436720974863 ], [ 10.7046842929789, 10.697360257472484 ], [ 10.70356932347628, 10.697097783032694 ], [ 10.703298919047221, 10.696822748472663 ], [ 10.703017863337408, 10.696558367130118 ], [ 10.702741167913057, 10.695731405760533 ], [ 10.701598947236013, 10.695190971406213 ], [ 10.700790971434675, 10.694367963274392 ], [ 10.698086616914381, 10.694437249608539 ], [ 10.696684335042969, 10.692588225346347 ], [ 10.695321108976378, 10.693622220868209 ], [ 10.694764048375809, 10.69361412191391 ], [ 10.694234728263414, 10.69416525194271 ], [ 10.693370710631973, 10.69443585791374 ], [ 10.692042980783709, 10.693084337977938 ], [ 10.690590523269593, 10.693386730609031 ], [ 10.689277677750585, 10.693367352965867 ], [ 10.689296129633515, 10.692152611990878 ], [ 10.688457341680726, 10.69175562519141 ], [ 10.68818674932354, 10.691443496097222 ], [ 10.688726412877799, 10.689855663628071 ], [ 10.688989241457509, 10.688764083613611 ], [ 10.689273200066443, 10.688491332388111 ], [ 10.689248854569549, 10.687575583265643 ], [ 10.688059935961382, 10.686813922521257 ], [ 10.687056310273274, 10.686338892135028 ], [ 10.686769769121314, 10.686046975653843 ], [ 10.686781437684335, 10.685250217138352 ], [ 10.686486531349537, 10.684412736537768 ], [ 10.686508446041312, 10.68294900799663 ], [ 10.686441929271814, 10.680406191095242 ], [ 10.685359345518336, 10.679010926733843 ], [ 10.685383309907929, 10.677431707757538 ], [ 10.684603930096447, 10.675560705302575 ], [ 10.684236878704832, 10.675234257665149 ], [ 10.6837128865357, 10.675779512300117 ], [ 10.683016531668372, 10.676049180487052 ], [ 10.682522629933183, 10.675055437905353 ], [ 10.681226944813375, 10.674442106718429 ], [ 10.680683237758995, 10.67334956949235 ], [ 10.680109931394849, 10.672522579644133 ], [ 10.67809008521629, 10.672574214815825 ], [ 10.676835532909898, 10.671742925907784 ], [ 10.676280325263537, 10.671479983177392 ], [ 10.675735770576289, 10.671206386684227 ], [ 10.673419235105969, 10.670573590683812 ], [ 10.673805595956464, 10.66904804336261 ], [ 10.673517594350441, 10.6687773073185 ], [ 10.673525873864802, 10.668234828052764 ], [ 10.672694997781702, 10.667702134562601 ], [ 10.671874776552068, 10.667158785911171 ], [ 10.669857397303717, 10.665988809180567 ], [ 10.669128422986596, 10.666365093969411 ], [ 10.667883681530808, 10.666637652461045 ], [ 10.667480274408604, 10.665826147855961 ], [ 10.666925083760608, 10.665563185572259 ], [ 10.666654739714776, 10.66528810947117 ], [ 10.665821420300544, 10.664893664976841 ], [ 10.665832162253611, 10.664210264535415 ], [ 10.665817325238475, 10.663648836126692 ], [ 10.66499588110492, 10.662876632578387 ], [ 10.664698634925053, 10.661986688005559 ], [ 10.664123546810425, 10.661509816328746 ], [ 10.662356345407032, 10.662118854851727 ], [ 10.661607214660377, 10.661741960606996 ], [ 10.660140808574727, 10.662121608748643 ], [ 10.65950650161078, 10.661784358940128 ], [ 10.660085091900504, 10.661228787156251 ], [ 10.660007361212362, 10.65825002457813 ], [ 10.658930844886672, 10.657740307351467 ], [ 10.658518741205004, 10.656106697223402 ], [ 10.657561872678759, 10.656131362644915 ], [ 10.657280774643425, 10.655845209143628 ], [ 10.65697301939713, 10.655580915633307 ], [ 10.655890509541772, 10.656139675868893 ], [ 10.655083393251195, 10.65612805001502 ], [ 10.654648836604558, 10.656580084482851 ], [ 10.653965725725127, 10.657218835784141 ], [ 10.652898178355626, 10.656682032145692 ], [ 10.650122736677837, 10.656430746844068 ], [ 10.649061035836205, 10.656978781208421 ], [ 10.647960357208003, 10.657250498841041 ], [ 10.647427264139774, 10.657805281248832 ], [ 10.646414887031179, 10.657468401924252 ], [ 10.644081920696493, 10.658937415686051 ], [ 10.64359035528549, 10.659448536918321 ], [ 10.642177980995507, 10.659721872403177 ], [ 10.641118243529226, 10.658642542339971 ], [ 10.640563082339966, 10.658379527805639 ], [ 10.639906878935799, 10.658049234978343 ], [ 10.638591331246975, 10.658502685129115 ], [ 10.637370220607243, 10.657888759155249 ], [ 10.636994688009, 10.656764514404815 ], [ 10.635363629705806, 10.657103589183109 ], [ 10.634936402414253, 10.655824398992177 ], [ 10.632869822751781, 10.655436292519475 ], [ 10.632325326044869, 10.65516261008581 ], [ 10.630781985432874, 10.654675880248208 ], [ 10.630396877277827, 10.655470894867037 ], [ 10.630410344603126, 10.655988903574459 ], [ 10.630406029724307, 10.656285046625715 ], [ 10.628771958497946, 10.656260706530997 ], [ 10.628219718946928, 10.656545396662169 ], [ 10.62381051109211, 10.656835276849172 ], [ 10.622740202265751, 10.657387511753855 ], [ 10.622460626789218, 10.657383662574238 ], [ 10.621919060666844, 10.657662990368189 ], [ 10.621350661506781, 10.657931860477117 ], [ 10.620820826332681, 10.657392154830879 ], [ 10.620258917382937, 10.656863208893723 ], [ 10.619710947883711, 10.655222274663986 ], [ 10.618887394308757, 10.655243484268235 ], [ 10.618040093582783, 10.65523038151831 ], [ 10.617304587964576, 10.65448142572841 ], [ 10.615314480557632, 10.654171205140223 ], [ 10.615044187725804, 10.653896075862427 ], [ 10.614204150182408, 10.653634478750707 ], [ 10.613677547727175, 10.654722093413431 ], [ 10.612413160060198, 10.65513544341457 ], [ 10.611448290706242, 10.654151918613779 ], [ 10.61066074942917, 10.652567816154253 ], [ 10.610094879467642, 10.652299499272004 ], [ 10.609823168185319, 10.651753145994851 ], [ 10.608993849892842, 10.651491478322386 ], [ 10.608715818190449, 10.650658567888259 ], [ 10.608164168892097, 10.650139607842419 ], [ 10.607893885656889, 10.649864470865328 ], [ 10.607612948701924, 10.649599984142567 ], [ 10.607336979456248, 10.648239970858484 ], [ 10.606781858451948, 10.647976889205356 ], [ 10.606507316052015, 10.646888093369375 ], [ 10.606166405241394, 10.64662391214231 ], [ 10.60532399250746, 10.648768373912747 ], [ 10.603771135391577, 10.647987012878586 ], [ 10.60321601699742, 10.647723924389117 ], [ 10.602420798606856, 10.646913781011074 ], [ 10.601000795132592, 10.646650340510096 ], [ 10.600475079007547, 10.647197598793179 ], [ 10.599926776453438, 10.646905861822876 ], [ 10.600472428469596, 10.646381811846414 ], [ 10.600737656775724, 10.645690205317202 ], [ 10.599872780268276, 10.645280893537986 ], [ 10.599069499886848, 10.644462304692215 ], [ 10.598534726507618, 10.642860446265992 ], [ 10.597983107776301, 10.642341463493018 ], [ 10.597690967421366, 10.641465171356435 ], [ 10.597145779342686, 10.640431774210544 ], [ 10.596511057069012, 10.638863262360623 ], [ 10.595490824203374, 10.638541603435415 ], [ 10.595217743357338, 10.63772401074983 ], [ 10.594388471510928, 10.63746229686169 ], [ 10.594118211736586, 10.637187144367122 ], [ 10.593563120011611, 10.636924034564373 ], [ 10.59329286141771, 10.636648881173457 ], [ 10.592994730346032, 10.636368572825262 ], [ 10.592055018378229, 10.636391883294523 ], [ 10.590799132693526, 10.636373356223736 ], [ 10.590269877966938, 10.635308077137729 ], [ 10.589810307726861, 10.63487548748377 ], [ 10.58763260385258, 10.635439566089367 ], [ 10.587241757928508, 10.635041057842473 ], [ 10.587249721526783, 10.634509683712267 ], [ 10.586185835983541, 10.633508549768003 ], [ 10.582572201394804, 10.632368772309041 ], [ 10.582297763960925, 10.631279939760981 ], [ 10.582016865076566, 10.631015424132995 ], [ 10.581746621350876, 10.630740258448489 ], [ 10.580166943115655, 10.630443081394327 ], [ 10.578943955272715, 10.629632367757697 ], [ 10.578985362048613, 10.626956940743819 ], [ 10.577333614984191, 10.62669931049833 ], [ 10.577337550114837, 10.626422762429256 ], [ 10.575989662350665, 10.626104796155435 ], [ 10.57563227669201, 10.623662336263425 ], [ 10.574830551646516, 10.622914646047565 ], [ 10.574306412577272, 10.623459734905095 ], [ 10.573195034379985, 10.623731236319284 ], [ 10.572150230071987, 10.621628600994381 ], [ 10.570451608758844, 10.621309183406979 ], [ 10.569072599721249, 10.620764075848442 ], [ 10.569088610064579, 10.619703968513566 ], [ 10.568773365235552, 10.619105867187038 ], [ 10.568244436436999, 10.61860789466866 ], [ 10.567974215854429, 10.618332713586277 ], [ 10.567403111962104, 10.618069629242825 ], [ 10.566877369103665, 10.618616833747192 ], [ 10.566205017623107, 10.618278404399405 ], [ 10.5694783, 10.6278642 ], [ 10.5625778, 10.64226 ], [ 10.5379504, 10.6493984 ], [ 10.5285718, 10.6496711 ], [ 10.5253033, 10.6627448 ], [ 10.4972257, 10.6870153 ], [ 10.4942811, 10.688328 ], [ 10.4968352, 10.6909138 ], [ 10.4999548, 10.6976285 ], [ 10.5001033, 10.7068243 ], [ 10.4996646, 10.7120264 ], [ 10.5026287, 10.7132466 ], [ 10.5053689, 10.7144785 ], [ 10.5069376, 10.7165103 ], [ 10.506491, 10.7177714 ], [ 10.5089341, 10.7192426 ], [ 10.5109306, 10.7198732 ], [ 10.5119541, 10.7213061 ], [ 10.5122141, 10.7234462 ], [ 10.5142819, 10.7255479 ], [ 10.5164923, 10.7252677 ], [ 10.5185602, 10.7254779 ], [ 10.5202715, 10.7269491 ], [ 10.5211271, 10.7296113 ], [ 10.5214123, 10.7325537 ], [ 10.522981, 10.7336746 ], [ 10.5266768, 10.7369667 ], [ 10.5267155, 10.737043 ], [ 10.5325949, 10.7487031 ], [ 10.5358624, 10.7547782 ], [ 10.5687404, 10.8107894 ], [ 10.5764996, 10.8071265 ], [ 10.586874, 10.8181672 ], [ 10.5955353, 10.8269236 ], [ 10.6098121, 10.8487956 ], [ 10.6199548, 10.851306 ], [ 10.6247137, 10.8587418 ], [ 10.6364623, 10.8675161 ], [ 10.6426599, 10.8759927 ], [ 10.6520051, 10.881438 ], [ 10.6466594, 10.893217 ], [ 10.6634995, 10.913358 ], [ 10.6772225, 10.9308715 ], [ 10.6746011, 10.9386146 ], [ 10.6627038, 10.9463479 ], [ 10.6571121, 10.9517017 ], [ 10.6410887, 10.9608162 ], [ 10.6426709, 10.9770346 ], [ 10.6596952, 10.9848838 ], [ 10.6647396, 10.9944017 ], [ 10.6624553, 11.0106962 ], [ 10.6646714, 11.028261 ], [ 10.6694507, 11.0398203 ], [ 10.6790123, 11.0457755 ], [ 10.6898719, 11.047219 ], [ 10.7079121, 11.0847983 ], [ 10.7383692, 11.1009787 ], [ 10.7669227, 11.0681421 ], [ 10.7724045, 11.0603407 ], [ 10.786754, 11.0638194 ], [ 10.7871063, 11.0640792 ], [ 10.7890436, 11.0728356 ], [ 10.7991325, 11.084257 ], [ 10.8204525, 11.0840667 ], [ 10.8533842, 11.0850185 ], [ 10.8642345, 11.0884449 ], [ 10.8821281, 11.0859702 ], [ 10.9103009, 11.0882545 ], [ 10.9219127, 11.0920617 ], [ 10.9295657, 11.0907351 ], [ 10.9292672, 11.09448 ], [ 10.9373806, 11.0961528 ], [ 10.9589047, 11.1128004 ], [ 10.9893331, 11.1363348 ], [ 11.0085317, 11.1490932 ], [ 10.981716, 11.17882 ], [ 11.0774435, 11.2867177 ], [ 11.0918664, 11.2260974 ], [ 11.1337863, 11.2077738 ], [ 11.1651277, 11.2011534 ], [ 11.1818959, 11.1990211 ], [ 11.198166, 11.1799281 ], [ 11.2008758, 11.1750904 ], [ 11.2237558, 11.1648305 ], [ 11.2485632, 11.1835739 ], [ 11.2754502, 11.1723213 ], [ 11.3097457, 11.1690764 ], [ 11.3114452, 11.1689156 ], [ 11.3193819, 11.1862312 ], [ 11.3415572, 11.1637591 ], [ 11.347949, 11.1527213 ], [ 11.3548763, 11.1441517 ], [ 11.3571352, 11.134843 ], [ 11.3599965, 11.127455 ], [ 11.3650214, 11.1223827 ], [ 11.3686801, 11.1185228 ], [ 11.3732114, 11.1139513 ], [ 11.3734685, 11.1117402 ], [ 11.3744051, 11.110678 ], [ 11.3749533, 11.1101412 ], [ 11.3746449, 11.1094559 ], [ 11.3727004, 11.1061087 ], [ 11.3741626, 11.1050346 ], [ 11.3743375, 11.104306 ], [ 11.3745469, 11.1037692 ], [ 11.3742328, 11.1027794 ], [ 11.3743184, 11.1017229 ], [ 11.3738235, 11.1015197 ], [ 11.3730621, 11.1008249 ], [ 11.3725862, 11.0998826 ], [ 11.3715012, 11.0989917 ], [ 11.3711963, 11.0984317 ], [ 11.3750146, 11.0967712 ], [ 11.3781049, 11.0943743 ], [ 11.3830364, 11.0924051 ], [ 11.3867292, 11.0908432 ], [ 11.3907535, 11.0902717 ], [ 11.3911402, 11.0901644 ], [ 11.3943548, 11.0919743 ], [ 11.4001389, 11.0890875 ], [ 11.4024563, 11.0879307 ], [ 11.4071913, 11.0833998 ], [ 11.4121199, 11.0802097 ], [ 11.4172525, 11.0737724 ], [ 11.4207973, 11.0708084 ], [ 11.4274654, 11.0640841 ], [ 11.4348536, 11.0559082 ], [ 11.4432592, 11.0505943 ], [ 11.4485617, 11.0466566 ], [ 11.4521828, 11.0422049 ], [ 11.4568968, 11.0364094 ], [ 11.4705458, 11.0216455 ], [ 11.4734156, 11.0175359 ], [ 11.4793563, 11.0080872 ], [ 11.4825411, 11.0027819 ], [ 11.4884834, 10.9959593 ], [ 11.4949703, 10.9908895 ], [ 11.5045739, 10.9790063 ], [ 11.5084942, 10.9741716 ], [ 11.5085267, 10.974134 ], [ 11.5092602, 10.9732399 ], [ 11.5109836, 10.9710982 ], [ 11.5131205, 10.9683379 ], [ 11.5149925, 10.9659198 ], [ 11.5170269, 10.9623985 ], [ 11.519599, 10.9568434 ], [ 11.5213421, 10.9532841 ], [ 11.5273066, 10.9423361 ], [ 11.5303621, 10.9348669 ], [ 11.5304526, 10.9341847 ], [ 11.5310516, 10.9296618 ], [ 11.5315056, 10.9232721 ], [ 11.5318737, 10.9180803 ], [ 11.531004, 10.9041405 ], [ 11.529788, 10.8979206 ], [ 11.5289049, 10.8934011 ], [ 11.5273771, 10.8915854 ], [ 11.5277872, 10.8869133 ], [ 11.5281286, 10.8830299 ], [ 11.5284176, 10.8797379 ], [ 11.5286741, 10.8768234 ], [ 11.5313902, 10.8710699 ], [ 11.5364885, 10.8636637 ], [ 11.5390749, 10.8509626 ], [ 11.538146, 10.83992 ], [ 11.5365885, 10.8372397 ], [ 11.5362962, 10.8367432 ], [ 11.5344105, 10.83354 ], [ 11.5364399, 10.8287745 ], [ 11.5361776, 10.8230534 ], [ 11.534791, 10.8161316 ], [ 11.5340767, 10.8125639 ], [ 11.5321782, 10.807074 ], [ 11.5321127, 10.8068846 ], [ 11.5326777, 10.8041353 ], [ 11.5302963, 10.7991352 ], [ 11.528739, 10.7903976 ], [ 11.5285091, 10.7825022 ], [ 11.5284798, 10.781492 ], [ 11.5284014, 10.7787905 ], [ 11.5269623, 10.7734833 ], [ 11.5265179, 10.757864 ], [ 11.5198269, 10.7449484 ], [ 11.5185642, 10.7399015 ], [ 11.5166149, 10.7321129 ], [ 11.5168571, 10.7205172 ], [ 11.5154686, 10.7036638 ], [ 11.5150709, 10.6949539 ], [ 11.5164604, 10.6839657 ], [ 11.5180923, 10.678103 ], [ 11.5227194, 10.66148 ], [ 11.5241852, 10.6600065 ], [ 11.5226609, 10.6485285 ], [ 11.521451, 10.6394176 ], [ 11.5170294, 10.6214369 ], [ 11.5134201, 10.6073294 ], [ 11.5123978, 10.5998373 ], [ 11.5133734, 10.5949774 ], [ 11.5127211, 10.5852709 ], [ 11.5165138, 10.5702782 ], [ 11.52185, 10.5690049 ], [ 11.5218735, 10.5689993 ], [ 11.5275898, 10.5676346 ], [ 11.5327358, 10.5712347 ], [ 11.5372763, 10.5759802 ], [ 11.5449944, 10.5824413 ], [ 11.5515289, 10.5879116 ], [ 11.5613117, 10.5916185 ], [ 11.5728951, 10.5924673 ], [ 11.5833073, 10.5938692 ], [ 11.5756423, 10.5798083 ], [ 11.572779, 10.5725882 ], [ 11.5998363, 10.5342096 ], [ 11.6323665, 10.5208149 ], [ 11.6376777, 10.5186279 ], [ 11.6551556, 10.5034297 ], [ 11.662757, 10.4968198 ], [ 11.6621227, 10.4958501 ], [ 11.6595053, 10.4933755 ], [ 11.6568403, 10.4897111 ], [ 11.6610834, 10.4862921 ], [ 11.6569272, 10.4732069 ], [ 11.6566781, 10.4681943 ], [ 11.6564729, 10.4606077 ], [ 11.6552082, 10.4564426 ], [ 11.6494845, 10.4543502 ], [ 11.6364318, 10.4493591 ], [ 11.619695, 10.4422439 ], [ 11.6025106, 10.4272551 ], [ 11.6007481, 10.4222114 ], [ 11.5981541, 10.4176202 ], [ 11.5990713, 10.4127726 ], [ 11.5989255, 10.4063804 ], [ 11.597733, 10.4011621 ], [ 11.5970039, 10.3950116 ], [ 11.5924621, 10.3914312 ], [ 11.5898247, 10.3906171 ], [ 11.5869134, 10.3897185 ], [ 11.5854217, 10.3892581 ], [ 11.5830522, 10.3883639 ], [ 11.5786181, 10.3866906 ], [ 11.5740639, 10.3853075 ], [ 11.5699378, 10.385135 ], [ 11.5687019, 10.3846488 ], [ 11.5685555, 10.3835223 ], [ 11.5674487, 10.3820707 ], [ 11.5657184, 10.3812197 ], [ 11.5629028, 10.3756532 ], [ 11.5608803, 10.3705373 ], [ 11.5524332, 10.3685148 ], [ 11.5491019, 10.3597108 ], [ 11.5479122, 10.3528104 ], [ 11.5446086, 10.3434334 ], [ 11.5434839, 10.3420716 ], [ 11.5442626, 10.3385821 ], [ 11.5439165, 10.3343265 ], [ 11.5447194, 10.3323215 ], [ 11.5453809, 10.3306696 ], [ 11.5461659, 10.3287091 ], [ 11.5463236, 10.3274059 ], [ 11.5407749, 10.3272817 ], [ 11.5407064, 10.3272797 ], [ 11.5396898, 10.3272569 ], [ 11.535726, 10.3271035 ], [ 11.5346158, 10.3260883 ], [ 11.5345349, 10.3254017 ], [ 11.5341189, 10.323911 ], [ 11.533202, 10.3222518 ], [ 11.5325591, 10.321274 ], [ 11.5318907, 10.3202574 ], [ 11.5313559, 10.3193513 ], [ 11.5307023, 10.3187959 ], [ 11.5303458, 10.318036 ], [ 11.5302885, 10.3177061 ], [ 11.530278, 10.3176455 ], [ 11.5301571, 10.3169487 ], [ 11.5301378, 10.3168375 ], [ 11.5299892, 10.315493 ], [ 11.5296535, 10.3146979 ], [ 11.5293356, 10.3136223 ], [ 11.529811, 10.3140315 ], [ 11.5307023, 10.314353 ], [ 11.5333168, 10.3149961 ], [ 11.5333571, 10.3150078 ], [ 11.5351699, 10.3155373 ], [ 11.5352182, 10.3155514 ], [ 11.5370899, 10.3161653 ], [ 11.5389845, 10.3165674 ], [ 11.5423783, 10.3174806 ], [ 11.5447768, 10.3181249 ], [ 11.5442626, 10.3149204 ], [ 11.5459767, 10.3078372 ], [ 11.5463346, 10.3028275 ], [ 11.5464763, 10.3007767 ], [ 11.5496265, 10.2964494 ], [ 11.5514759, 10.2901107 ], [ 11.5565477, 10.2962792 ], [ 11.5612196, 10.2973858 ], [ 11.5642476, 10.2967048 ], [ 11.5678813, 10.2932999 ], [ 11.5699576, 10.2886181 ], [ 11.571861, 10.2899801 ], [ 11.5751486, 10.2921082 ], [ 11.5785227, 10.2897247 ], [ 11.5814642, 10.2866602 ], [ 11.5866551, 10.2858941 ], [ 11.5897697, 10.2825742 ], [ 11.5926247, 10.2753384 ], [ 11.594528, 10.2704861 ], [ 11.5950471, 10.2639311 ], [ 11.5954797, 10.2604407 ], [ 11.59721, 10.2570354 ], [ 11.5994594, 10.2549071 ], [ 11.6039582, 10.2525233 ], [ 11.6085435, 10.2509058 ], [ 11.6123763, 10.2490909 ], [ 11.6141066, 10.2448341 ], [ 11.6131549, 10.2410029 ], [ 11.6139335, 10.2370866 ], [ 11.6157504, 10.2341919 ], [ 11.6179133, 10.2316377 ], [ 11.6179133, 10.2300201 ], [ 11.616702, 10.2285727 ], [ 11.6140201, 10.2284875 ], [ 11.6117707, 10.2279767 ], [ 11.6099538, 10.2241453 ], [ 11.6119437, 10.2199734 ], [ 11.613112764928379, 10.219132618107992 ], [ 11.613048290465585, 10.218878725895724 ] ] ], [ [ [ 10.566400105026325, 10.616486441191016 ], [ 10.565071619371151, 10.615235962863951 ], [ 10.564641036639349, 10.614797076656206 ], [ 10.565976004840428, 10.617732503227515 ], [ 10.566400105026325, 10.616486441191016 ] ] ] ] } },
{ "type": "Feature", "properties": { "Id": 60, "gridcode": 12, "Shape_Leng": 170.209827542, "Shape_Area": 1214.5913977499999, "NUMB": 19.0, "NAME": "Hawal-Kilunga", "source_state": "Gombe" }, "geometry": { "type": "Polygon", "coordinates": [ [ [ 11.832969791751685, 9.769049816270943 ], [ 11.832406204721471, 9.769042863921278 ], [ 11.83187762090985, 9.768505741467996 ], [ 11.830636283495549, 9.76811747367444 ], [ 11.830231507316674, 9.767706361117858 ], [ 11.828337095753044, 9.767456383759761 ], [ 11.828013123798595, 9.771050190525376 ], [ 11.827525096897102, 9.771523252703648 ], [ 11.826698908288552, 9.77264864006022 ], [ 11.826737793301243, 9.773966401089814 ], [ 11.826159125975449, 9.774828760172058 ], [ 11.82541446226843, 9.776382774471577 ], [ 11.823197190579327, 9.776708751970595 ], [ 11.822939574833201, 9.777800299657283 ], [ 11.822388982338129, 9.778070607247452 ], [ 11.822420545265501, 9.779154459317223 ], [ 11.821532871897849, 9.779448212053799 ], [ 11.820762182697189, 9.779439258858787 ], [ 11.819953495551292, 9.779860455117234 ], [ 11.818309006252342, 9.780272703474132 ], [ 11.818044519729971, 9.780551220889146 ], [ 11.815308157074377, 9.780839642418389 ], [ 11.813805468420655, 9.781235345458096 ], [ 11.812867023430483, 9.78222030960611 ], [ 11.811769967070955, 9.782495128756743 ], [ 11.811514592536456, 9.783857691186894 ], [ 11.810690752898482, 9.784130246757019 ], [ 11.8100668552462, 9.786094033480945 ], [ 11.809061285620798, 9.786588304676409 ], [ 11.808521079143448, 9.787716600955822 ], [ 11.807721726974174, 9.788491311656164 ], [ 11.80745950277581, 9.789040837877447 ], [ 11.806908874631031, 9.789311128877921 ], [ 11.80665575975787, 9.790944707214848 ], [ 11.806109683068966, 9.79175702426784 ], [ 11.805852010101246, 9.792848577018216 ], [ 11.805482378545349, 9.793573150392632 ], [ 11.806052581365043, 9.794106793550206 ], [ 11.805590551573738, 9.795013701245352 ], [ 11.805328321310894, 9.795563228041884 ], [ 11.804473578584293, 9.795846091075164 ], [ 11.803698019122022, 9.796660835148936 ], [ 11.803420611611374, 9.796928866212696 ], [ 11.802901096419781, 9.797474166721804 ], [ 11.802184000386196, 9.797752182395584 ], [ 11.801509810021283, 9.796402586931592 ], [ 11.801208871836941, 9.796410895697035 ], [ 11.801251243299278, 9.797898050760736 ], [ 11.801233547365117, 9.799350235316163 ], [ 11.80161206330428, 9.800063333702674 ], [ 11.801012451588631, 9.801240293366019 ], [ 11.802250469963553, 9.804012912984712 ], [ 11.803234236439986, 9.805869715327971 ], [ 11.803223990529586, 9.806682368005724 ], [ 11.803513577953714, 9.807227330459854 ], [ 11.803802609709724, 9.808086737830052 ], [ 11.804349272339921, 9.809117640815913 ], [ 11.80462419914522, 9.810076153099882 ], [ 11.803416573351225, 9.810669503320307 ], [ 11.803009387626854, 9.812388000389078 ], [ 11.801910843749015, 9.812118117019255 ], [ 11.801099975839819, 9.812673241681296 ], [ 11.800278333894051, 9.813216807906237 ], [ 11.800013809961555, 9.813495322262451 ], [ 11.798096882018983, 9.813776905160267 ], [ 11.797832355465463, 9.814055418432016 ], [ 11.797554931333369, 9.814323449784361 ], [ 11.797115809284859, 9.814784975998764 ], [ 11.795648990635835, 9.81515229204302 ], [ 11.794881836801119, 9.815957964453405 ], [ 11.794291819875173, 9.81624763178457 ], [ 11.794034109334913, 9.81733919018029 ], [ 11.793462164082433, 9.817620237915353 ], [ 11.793581147283261, 9.821749883565404 ], [ 11.794075005866901, 9.822212175686319 ], [ 11.794663950807065, 9.822810786674626 ], [ 11.794638149477283, 9.82495015824361 ], [ 11.793814335574691, 9.825748361412618 ], [ 11.792474483628961, 9.825732427490133 ], [ 11.79219407076987, 9.826027481404495 ], [ 11.791916633512583, 9.826295511985204 ], [ 11.791659138252829, 9.827413538826939 ], [ 11.792214499136556, 9.828461330028592 ], [ 11.792487149977399, 9.829148840756021 ], [ 11.791670664142567, 9.829549958820778 ], [ 11.791406121951537, 9.829828471797347 ], [ 11.790539566464091, 9.830115129440902 ], [ 11.789478818373462, 9.830668070477982 ], [ 11.788379157474782, 9.83065490762419 ], [ 11.787855885855167, 9.830123503943971 ], [ 11.78675418594727, 9.829866844529194 ], [ 11.786411501851884, 9.828846402684229 ], [ 11.785269467974501, 9.828489488714242 ], [ 11.784824984058227, 9.82716708300082 ], [ 11.784189442919949, 9.826867928968852 ], [ 11.782898523082745, 9.825556720092454 ], [ 11.782616631905293, 9.825293296620602 ], [ 11.782347461437253, 9.825019179659558 ], [ 11.781748365016098, 9.824737188784464 ], [ 11.780683243176894, 9.824767650197943 ], [ 11.78016365467237, 9.825313465821543 ], [ 11.779341938756478, 9.82585699887909 ], [ 11.779077385594841, 9.826135504288521 ], [ 11.777984662064602, 9.82695229940167 ], [ 11.777722369846435, 9.827501823466163 ], [ 11.776968587823632, 9.82787222083374 ], [ 11.776106411245154, 9.830092600060741 ], [ 11.774856121383527, 9.830707406210653 ], [ 11.773719783803728, 9.830138126419184 ], [ 11.773229072610926, 9.829156460594236 ], [ 11.77154597397795, 9.829204669249096 ], [ 11.77035537116641, 9.828912152686655 ], [ 11.769253673107773, 9.828655431326581 ], [ 11.768979995085488, 9.827839259112332 ], [ 11.768698109259015, 9.827575821554198 ], [ 11.768395571791697, 9.827268084086667 ], [ 11.768415276957008, 9.825659153408948 ], [ 11.768957482514004, 9.825134340922373 ], [ 11.768948800711367, 9.824860725129426 ], [ 11.768981444173079, 9.822240583554054 ], [ 11.768442428559254, 9.821223301114109 ], [ 11.769458914577372, 9.819709443671464 ], [ 11.769720035183655, 9.819017531930726 ], [ 11.768896968860506, 9.818629882205293 ], [ 11.768625560137092, 9.81808472820258 ], [ 11.768341431844037, 9.817550266372008 ], [ 11.767807321968817, 9.816479472877184 ], [ 11.767398490359753, 9.816096370333048 ], [ 11.76555134832841, 9.81566572868326 ], [ 11.76450117890378, 9.815695479174085 ], [ 11.763955360044395, 9.815141442731189 ], [ 11.761471395708559, 9.814895962129095 ], [ 11.760789861528407, 9.815611944693774 ], [ 11.758257940589406, 9.814990442766677 ], [ 11.757952637276871, 9.816279850517173 ], [ 11.756855381347602, 9.816554534775889 ], [ 11.756317546202677, 9.816835250693403 ], [ 11.755525473008678, 9.81722444043033 ], [ 11.755240188876337, 9.818741319425909 ], [ 11.75332312303691, 9.819022667094469 ], [ 11.753058546244622, 9.819301156709402 ], [ 11.75220366679917, 9.819583916373372 ], [ 11.751427906778027, 9.820398590090827 ], [ 11.750861151188927, 9.820668946463506 ], [ 11.750332553265586, 9.820131155066703 ], [ 11.749615590991196, 9.819793411558488 ], [ 11.750045897775033, 9.818512515627431 ], [ 11.75003723309365, 9.818238894953783 ], [ 11.750045513881878, 9.817561217992772 ], [ 11.750010891709017, 9.816341801714412 ], [ 11.750024423019543, 9.815265456868687 ], [ 11.749734898808111, 9.814720426668364 ], [ 11.749461285303347, 9.813904221825117 ], [ 11.74913423475236, 9.813597717656453 ], [ 11.748074851949783, 9.811476075813101 ], [ 11.747246473475709, 9.811217045045494 ], [ 11.74697733895596, 9.810942888611345 ], [ 11.745141063822517, 9.810661848033375 ], [ 11.743317470481868, 9.809457445481874 ], [ 11.742858344439712, 9.808536855012312 ], [ 11.741805223610433, 9.808207630030088 ], [ 11.741478670942355, 9.806921745552446 ], [ 11.741196822872395, 9.80665827399004 ], [ 11.740645526897229, 9.805302208084058 ], [ 11.740363681020192, 9.805038735253563 ], [ 11.740094557058706, 9.804764570355028 ], [ 11.739266197539925, 9.80450551372471 ], [ 11.738994848712244, 9.803960319149109 ], [ 11.737916937537106, 9.80294995557921 ], [ 11.73761521470484, 9.802345183305805 ], [ 11.737233566768097, 9.801626709173684 ], [ 11.737606360450307, 9.80126636225781 ], [ 11.737864270300491, 9.800174798609751 ], [ 11.738141747536314, 9.799906806050505 ], [ 11.738720660590744, 9.799298629023657 ], [ 11.738659583842098, 9.79718951171097 ], [ 11.738666877149539, 9.796647359668512 ], [ 11.738635795888515, 9.795591482046836 ], [ 11.738919243801842, 9.794750643614856 ], [ 11.73944367878393, 9.792837967174933 ], [ 11.737904780376947, 9.792881619983067 ], [ 11.736414380418546, 9.792591360386979 ], [ 11.736437392970196, 9.79071025597043 ], [ 11.736144804319315, 9.790436273910998 ], [ 11.735875698016581, 9.790162101302547 ], [ 11.734500885541982, 9.789907426134727 ], [ 11.733955319901355, 9.789633890943993 ], [ 11.733414303117176, 9.789916177404464 ], [ 11.732317085777415, 9.790190764353671 ], [ 11.731459173905506, 9.790489893175499 ], [ 11.730409772143123, 9.790477160006288 ], [ 11.729437552830206, 9.790504566849181 ], [ 11.729053421648704, 9.791306508295182 ], [ 11.728742048046271, 9.791607059714995 ], [ 11.726901675097606, 9.79251123117435 ], [ 11.724381020630718, 9.791678092000321 ], [ 11.721733219202539, 9.790960300953158 ], [ 11.721372946891297, 9.790238976552313 ], [ 11.720420974102378, 9.789345575522546 ], [ 11.720016263708505, 9.788934301573502 ], [ 11.718352191240829, 9.788681873618117 ], [ 11.717565791143906, 9.789507146003398 ], [ 11.716992511537647, 9.789500087697263 ], [ 11.716464021405642, 9.788962743704122 ], [ 11.71527903805719, 9.788686348788792 ], [ 11.710631343242021, 9.788817721916251 ], [ 11.710181500745939, 9.789289303031785 ], [ 11.709084245530997, 9.789563819399174 ], [ 11.70882403558865, 9.790384349521899 ], [ 11.708342119509117, 9.790850361311575 ], [ 11.706895397988644, 9.791207600599968 ], [ 11.706106444185904, 9.790405495995739 ], [ 11.705263145109157, 9.790141693531302 ], [ 11.704994057765825, 9.789867489473544 ], [ 11.703612653917116, 9.788799572314106 ], [ 11.703330525629799, 9.788232710791123 ], [ 11.703345403321562, 9.787037200730563 ], [ 11.703299373861192, 9.785438241383655 ], [ 11.702213506069723, 9.784744894466169 ], [ 11.701932595638407, 9.784459663330619 ], [ 11.701940043247763, 9.783928611802997 ], [ 11.700848310957088, 9.782904957037363 ], [ 11.700558467035503, 9.782042215051245 ], [ 11.699810544739945, 9.781689753508306 ], [ 11.700278693446977, 9.781236568688122 ], [ 11.700813227987306, 9.780544623933231 ], [ 11.699170546570418, 9.780161153436625 ], [ 11.698802729695217, 9.779423437281229 ], [ 11.697520132114706, 9.778818982031686 ], [ 11.697251061127632, 9.778544767507872 ], [ 11.696934851925482, 9.77824922239348 ], [ 11.695864413918274, 9.777744190807475 ], [ 11.695314310825092, 9.775578516948483 ], [ 11.694929526181475, 9.774852574705573 ], [ 11.693097258900844, 9.774517156647672 ], [ 11.692574369508318, 9.775066058005322 ], [ 11.6920211881577, 9.77450397271139 ], [ 11.69079392234409, 9.774538040933093 ], [ 11.690364775670266, 9.774532966667037 ], [ 11.689836347355248, 9.77399556287758 ], [ 11.687772010578188, 9.773206656414962 ], [ 11.687248016402679, 9.772157273116196 ], [ 11.685987161136795, 9.771862823610839 ], [ 11.685715928886495, 9.771317554839795 ], [ 11.684878102984277, 9.770531642689685 ], [ 11.684891675012913, 9.769429302106488 ], [ 11.684838341827211, 9.767570961986459 ], [ 11.685134695716844, 9.766990506320012 ], [ 11.68539538238166, 9.766221861712733 ], [ 11.683702092671469, 9.76590751603853 ], [ 11.683210130903234, 9.765921454800585 ], [ 11.682896281894832, 9.765917576832964 ], [ 11.681697439329399, 9.764699848841397 ], [ 11.680979769761695, 9.765453034217911 ], [ 11.68048528378208, 9.766485049616614 ], [ 11.680174215666606, 9.767095265789024 ], [ 11.676251084120125, 9.767046735491592 ], [ 11.675420822449809, 9.767070206592079 ], [ 11.674954651760943, 9.768041642810186 ], [ 11.673264035712288, 9.768464699888776 ], [ 11.671750280246883, 9.768445885368251 ], [ 11.67148780974507, 9.768995363735785 ], [ 11.670910354909578, 9.769265664835061 ], [ 11.669846142357969, 9.76873189634137 ], [ 11.669275121144299, 9.768470610595754 ], [ 11.668755369848437, 9.769016811946095 ], [ 11.668177911515512, 9.769287108997363 ], [ 11.66738478543795, 9.76848014324691 ], [ 11.666556531680628, 9.768220869126189 ], [ 11.666141140477093, 9.76779847212277 ], [ 11.665472116848113, 9.768500429877655 ], [ 11.664079234639592, 9.769319234201904 ], [ 11.662992524264665, 9.76877450042036 ], [ 11.66245991266832, 9.767705534394777 ], [ 11.662175995262324, 9.767170924690399 ], [ 11.661836468985856, 9.766489040877936 ], [ 11.660799002516299, 9.765826379256374 ], [ 11.659755983646615, 9.765136226650482 ], [ 11.656943611843825, 9.764769071089601 ], [ 11.65560186876027, 9.764097118236895 ], [ 11.654770439898556, 9.763704949037756 ], [ 11.654237768941606, 9.763162738052365 ], [ 11.649495735659015, 9.762689319031557 ], [ 11.647955412586704, 9.764305465677522 ], [ 11.647241432835443, 9.764997156641494 ], [ 11.646039437584085, 9.765394045081202 ], [ 11.645774778712472, 9.765672464318182 ], [ 11.644129906480643, 9.766083908630845 ], [ 11.642502231559906, 9.766511095166518 ], [ 11.637032946202677, 9.76681930059152 ], [ 11.63676827714429, 9.767097715063223 ], [ 11.635932494614062, 9.76750814664573 ], [ 11.635043002872091, 9.767062373821503 ], [ 11.633767854948244, 9.767934161674216 ], [ 11.630331385364562, 9.767891392304319 ], [ 11.629329366772939, 9.76738876381622 ], [ 11.627205599642554, 9.767448583713518 ], [ 11.626931200731574, 9.767168513649342 ], [ 11.625689900156187, 9.766779430791669 ], [ 11.625278934990277, 9.765554841901437 ], [ 11.624986439226364, 9.765280733453952 ], [ 11.623678029730121, 9.765317295611489 ], [ 11.622753351517899, 9.765010997352299 ], [ 11.619312635449742, 9.765107383526262 ], [ 11.619000544706013, 9.766421731980174 ], [ 11.618178578591492, 9.766964907226962 ], [ 11.617922368688577, 9.768327535057475 ], [ 11.617646907400497, 9.768866504420005 ], [ 11.617322366203778, 9.769545094972027 ], [ 11.614376305720185, 9.769975947578265 ], [ 11.613817088765389, 9.770267202392189 ], [ 11.612717479572046, 9.770253413698097 ], [ 11.612735800371325, 9.768771370198147 ], [ 11.612656159887074, 9.765952713068126 ], [ 11.610490236085674, 9.765673908110292 ], [ 11.609433464404486, 9.766224161494119 ], [ 11.609127074453855, 9.766220686493423 ], [ 11.607732853325144, 9.765521392458394 ], [ 11.606421287195678, 9.76597776152164 ], [ 11.606149095203024, 9.765430813372573 ], [ 11.605854419155971, 9.764875037248464 ], [ 11.604748733992132, 9.764352999910463 ], [ 11.604223659502155, 9.763819102993615 ], [ 11.602576931021545, 9.763042298350568 ], [ 11.598996557100104, 9.762754105681461 ], [ 11.598468482065973, 9.7616944798762 ], [ 11.596808225175588, 9.76040947561876 ], [ 11.593804202389865, 9.760108881812723 ], [ 11.593522625346289, 9.758208190082758 ], [ 11.592392374634588, 9.757679935858432 ], [ 11.59161199656752, 9.758499108670868 ], [ 11.590761203772285, 9.758771365439198 ], [ 11.589968248108802, 9.757964163128591 ], [ 11.588825073792451, 9.757697012324101 ], [ 11.586692755409205, 9.757756629931185 ], [ 11.586391220258751, 9.756860441892297 ], [ 11.585299853191305, 9.755836297881373 ], [ 11.585030874044588, 9.755561965079972 ], [ 11.584186654695225, 9.755302586516027 ], [ 11.583666744597284, 9.755848689140018 ], [ 11.582064375744523, 9.756248928158369 ], [ 11.580948830346884, 9.757766853763195 ], [ 11.579859801495989, 9.75912521100763 ], [ 11.579464578222389, 9.762557476414733 ], [ 11.576996844926159, 9.764674924590167 ], [ 11.575823685451034, 9.766480246224434 ], [ 11.575276969939214, 9.767292332239025 ], [ 11.574705158820151, 9.768172908609792 ], [ 11.57392315704138, 9.768929063959344 ], [ 11.572846959582018, 9.770297907302616 ], [ 11.572569331569035, 9.770565793542694 ], [ 11.572308760493378, 9.771386303963599 ], [ 11.571484595731285, 9.771658322923329 ], [ 11.571226104601109, 9.772749899339251 ], [ 11.570349006885349, 9.773913922317108 ], [ 11.569681427307223, 9.774559611771025 ], [ 11.567412612382308, 9.775213159365746 ], [ 11.566810798535158, 9.775526907579527 ], [ 11.566055724390161, 9.776318853304128 ], [ 11.565374571807279, 9.776310228744144 ], [ 11.562798087588966, 9.776381549665308 ], [ 11.562504271438993, 9.775792357249326 ], [ 11.561949284866133, 9.775530751728304 ], [ 11.561407027107171, 9.775258458845302 ], [ 11.559469665005818, 9.775007260658313 ], [ 11.558800351329936, 9.775709070008439 ], [ 11.558426065670922, 9.778555094352409 ], [ 11.558976604810921, 9.779071938918937 ], [ 11.559520393887111, 9.781216926322401 ], [ 11.559903852985201, 9.781940986934684 ], [ 11.559846099980188, 9.78638730318503 ], [ 11.559888480560593, 9.787877944733886 ], [ 11.55985692642628, 9.790307876898716 ], [ 11.559108003610213, 9.793301271188186 ], [ 11.558262442778556, 9.793715859946358 ], [ 11.557285219173693, 9.794224625435419 ], [ 11.556150917732788, 9.795970335950546 ], [ 11.556928392864403, 9.796700958563493 ], [ 11.556363681590545, 9.798380430770436 ], [ 11.555576281446434, 9.799142435869729 ], [ 11.555310441243739, 9.79997834189615 ], [ 11.555032776915322, 9.800246223246003 ], [ 11.554770079187085, 9.800795666775521 ], [ 11.55449448940305, 9.801334617039174 ], [ 11.553784113333947, 9.802815579961743 ], [ 11.554657303551979, 9.803634963546383 ], [ 11.555068115413144, 9.804859690200844 ], [ 11.555701808203496, 9.805771941320224 ], [ 11.554805160273499, 9.806211799885915 ], [ 11.55454673546336, 9.807319265151667 ], [ 11.555372626737455, 9.808094524871187 ], [ 11.555368725426593, 9.808421231840988 ], [ 11.554834243340125, 9.810006764571352 ], [ 11.554571532788231, 9.811112144603785 ], [ 11.554026798579722, 9.811639360178306 ], [ 11.553766172259868, 9.812459874356877 ], [ 11.552386302594355, 9.813794460417819 ], [ 11.552418315684372, 9.814907150371415 ], [ 11.552406624296552, 9.815750143729385 ], [ 11.551875658170427, 9.816264017559757 ], [ 11.551615025430266, 9.817084532138503 ], [ 11.551307507867365, 9.817081024753355 ], [ 11.550244286826887, 9.8165473933909 ], [ 11.548956845862069, 9.816291297021268 ], [ 11.548610694298684, 9.8173782453276 ], [ 11.547759700708871, 9.817650440667885 ], [ 11.546656825072386, 9.817096976350188 ], [ 11.544217739075556, 9.816332232365037 ], [ 11.543067713799473, 9.815755281292319 ], [ 11.541867943508711, 9.814535396431644 ], [ 11.541458271198769, 9.81331699103449 ], [ 11.540520149148717, 9.811543958817564 ], [ 11.539810803746279, 9.811209359135686 ], [ 11.538988987477483, 9.810125873143983 ], [ 11.538433945355779, 9.809864239398101 ], [ 11.538162875953311, 9.809318799090063 ], [ 11.537831409413513, 9.808693332786047 ], [ 11.537290973881127, 9.808246272055491 ], [ 11.535699037934044, 9.808800364242684 ], [ 11.534826810767568, 9.809088038567168 ], [ 11.534038798790153, 9.809078047524384 ], [ 11.533495425876776, 9.808525107989189 ], [ 11.531863527796295, 9.807755276457778 ], [ 11.531495987599582, 9.807017291565554 ], [ 11.530756655532965, 9.806668596752932 ], [ 11.530488634654093, 9.8065228749363 ], [ 11.531305555313279, 9.806122319257403 ], [ 11.531839544303887, 9.805299768210023 ], [ 11.532117235331649, 9.805031900179122 ], [ 11.532377797555363, 9.80419550724794 ], [ 11.531827237049864, 9.803678620235074 ], [ 11.53183156454689, 9.803404851073809 ], [ 11.531815521591458, 9.802838436885612 ], [ 11.531270346274658, 9.802327331865763 ], [ 11.530993126741345, 9.80096865895835 ], [ 11.530521809008819, 9.799637378463055 ], [ 11.529334628137004, 9.799359789576021 ], [ 11.528241633437165, 9.798549373291749 ], [ 11.527411264928022, 9.798018676336598 ], [ 11.527058919871939, 9.797310219002338 ], [ 11.526096597938421, 9.796130835811979 ], [ 11.525773773257228, 9.797488691652669 ], [ 11.524949482468587, 9.797760623118316 ], [ 11.524140130748469, 9.798314123151512 ], [ 11.52358913583228, 9.798584018318659 ], [ 11.523324330793299, 9.798862374546072 ], [ 11.522500033376108, 9.799134301384504 ], [ 11.522237275950017, 9.799683733010207 ], [ 11.522089823752262, 9.799950625375537 ], [ 11.521686536154519, 9.799140350287018 ], [ 11.520198990227533, 9.798673819620092 ], [ 11.519763194149672, 9.79779918557962 ], [ 11.519481482197753, 9.797535481568211 ], [ 11.519076943681142, 9.797123905951818 ], [ 11.518655444802565, 9.796728339689317 ], [ 11.518386465166074, 9.796453949141206 ], [ 11.516191659158739, 9.796204436556733 ], [ 11.514935116366454, 9.795788052512181 ], [ 11.514552099319694, 9.795398018261894 ], [ 11.513450495025227, 9.795140382533782 ], [ 11.512570651087678, 9.794558117793619 ], [ 11.512082203692955, 9.794060846814034 ], [ 11.511527201445793, 9.793799156744832 ], [ 11.510984930664076, 9.793526780635821 ], [ 11.509856643303083, 9.793269328434551 ], [ 11.508758076920119, 9.793841346962418 ], [ 11.508228426266506, 9.794395921641501 ], [ 11.506617952248906, 9.795185628826017 ], [ 11.505623742659761, 9.795865413457246 ], [ 11.504996796916139, 9.79682946361846 ], [ 11.503763102241123, 9.79775086774754 ], [ 11.501942249006653, 9.796401413214252 ], [ 11.498986084865605, 9.795851886159882 ], [ 11.498565854595165, 9.794196636875645 ], [ 11.49731558975042, 9.793904033944134 ], [ 11.49704054444299, 9.792816377640458 ], [ 11.494283127947345, 9.792570851881182 ], [ 11.4936559977768, 9.793228845892337 ], [ 11.493230559811813, 9.795018457802847 ], [ 11.491275645735421, 9.795298617780031 ], [ 11.488810748938894, 9.79448170400534 ], [ 11.488302965577141, 9.793964940586768 ], [ 11.487766458029482, 9.793461624288129 ], [ 11.485089727067679, 9.793157188102029 ], [ 11.483920886070679, 9.79318904184051 ], [ 11.483645407268803, 9.7931857624183 ], [ 11.482749902096499, 9.793650853084561 ], [ 11.481994545956338, 9.794011136631125 ], [ 11.481330781596421, 9.793335595542912 ], [ 11.480909321577201, 9.792939969947843 ], [ 11.480365569832715, 9.79131628829143 ], [ 11.479802012321201, 9.791050365190438 ], [ 11.479031757569741, 9.790266518796257 ], [ 11.47756813297757, 9.789418896104198 ], [ 11.475420468833541, 9.789477979970657 ], [ 11.47375584525261, 9.789456225049156 ], [ 11.473233029473452, 9.788924185850991 ], [ 11.472131445936814, 9.788666402563795 ], [ 11.471848951073678, 9.787281712577656 ], [ 11.471293490893162, 9.786232590902454 ], [ 11.470992214821498, 9.784472624117052 ], [ 11.469895536981669, 9.782709438081046 ], [ 11.469904454543318, 9.782037972928276 ], [ 11.469843473986275, 9.779853188739853 ], [ 11.468237133476928, 9.779477268426843 ], [ 11.467063806951044, 9.778607352570804 ], [ 11.466593724603484, 9.77812839294926 ], [ 11.466038768946794, 9.777866612850447 ], [ 11.465450364074181, 9.777267254271637 ], [ 11.46456395125937, 9.775488746333842 ], [ 11.463528111069106, 9.775163728646765 ], [ 11.462420171482231, 9.774035980618326 ], [ 11.461909789772617, 9.773011389653666 ], [ 11.461311074618097, 9.771878890209759 ], [ 11.460798294026549, 9.771398108943117 ], [ 11.46052539007964, 9.770581477011387 ], [ 11.459756712944538, 9.769127736548528 ], [ 11.458584088392971, 9.767618665966472 ], [ 11.458204834844842, 9.766856278181898 ], [ 11.457209687911133, 9.766544177281608 ], [ 11.456378150150208, 9.766268486122708 ], [ 11.454755744164418, 9.766313022341956 ], [ 11.454475225426961, 9.765474197048917 ], [ 11.453988255599162, 9.765016513282443 ], [ 11.452000207049855, 9.764551112317841 ], [ 11.451142991247568, 9.764120976931924 ], [ 11.450635309986922, 9.763604130671563 ], [ 11.450080387283188, 9.763342315339763 ], [ 11.449538197673821, 9.76306981606502 ], [ 11.448436703494361, 9.762811930198149 ], [ 11.448150824092554, 9.760360263895253 ], [ 11.447048488976685, 9.759839742930403 ], [ 11.446779591239798, 9.759565273242531 ], [ 11.44471850924994, 9.759181359031803 ], [ 11.443534328088207, 9.757976761057657 ], [ 11.442660123509153, 9.757702393696679 ], [ 11.442280455116217, 9.757315929327218 ], [ 11.440753542345513, 9.757716062263663 ], [ 11.437196374590888, 9.758007348193546 ], [ 11.436916670944129, 9.75830110916238 ], [ 11.435835860783657, 9.758830406885691 ], [ 11.435570988662612, 9.75910870550317 ], [ 11.435293229293796, 9.759376504869099 ], [ 11.435028356297199, 9.75965480327045 ], [ 11.434734698673861, 9.759938602135206 ], [ 11.434786846759883, 9.761825928944088 ], [ 11.433994621737337, 9.761815708614726 ], [ 11.432586488814971, 9.762112237632822 ], [ 11.430631377196393, 9.762505331498506 ], [ 11.4295637352414, 9.763234676368478 ], [ 11.428461870403352, 9.763220298920261 ], [ 11.427263733732252, 9.762001436105686 ], [ 11.42656181730851, 9.761341902640472 ], [ 11.426264967603656, 9.761039019161672 ], [ 11.424600200295375, 9.760542546024274 ], [ 11.423015450502152, 9.761367159760853 ], [ 11.420004766428251, 9.76165438852799 ], [ 11.419196426360426, 9.762074743407329 ], [ 11.41818790802402, 9.762569062916267 ], [ 11.417365401092267, 9.764281533320927 ], [ 11.416184179454998, 9.764663757957788 ], [ 11.415656097836509, 9.764125281912088 ], [ 11.407839545804157, 9.763899492809619 ], [ 11.407172259018481, 9.762558703320998 ], [ 11.406890649373098, 9.762294876305221 ], [ 11.406619826770804, 9.761749267197025 ], [ 11.406045639610905, 9.761477975739949 ], [ 11.405217532343896, 9.760635535719034 ], [ 11.405245613138751, 9.7585982733119 ], [ 11.405184325526234, 9.758240221663661 ], [ 11.403592233395923, 9.758793690734198 ], [ 11.402494130430403, 9.759155688656895 ], [ 11.40141259637992, 9.759893527309334 ], [ 11.400345958463094, 9.759879866473797 ], [ 11.39975456777276, 9.760186922013101 ], [ 11.398528838485317, 9.760171199362597 ], [ 11.398130217531948, 9.759369132532333 ], [ 11.3956355756645, 9.759120870887788 ], [ 11.394721075012074, 9.760078856761421 ], [ 11.394102932893791, 9.760677329576096 ], [ 11.392669538330775, 9.761034243723097 ], [ 11.392389784763164, 9.761327978045319 ], [ 11.391269497371791, 9.761876493097178 ], [ 11.390501215462935, 9.762681472154471 ], [ 11.389660727902136, 9.76309298963907 ], [ 11.387913149387662, 9.762661509528721 ], [ 11.385804520603539, 9.761602942647677 ], [ 11.385294774486734, 9.761084400707333 ], [ 11.384478994433946, 9.761368116633536 ], [ 11.383654585346848, 9.761639711791153 ], [ 11.383388590571194, 9.761917988159341 ], [ 11.382839779015447, 9.761910709361521 ], [ 11.382279384607747, 9.761926281063552 ], [ 11.381754412977521, 9.763019723576797 ], [ 11.381205598096949, 9.763012442569117 ], [ 11.380123550970914, 9.763838662364293 ], [ 11.379572431715809, 9.764108338697463 ], [ 11.379215296285874, 9.764482565687313 ], [ 11.378442773030258, 9.764094523830726 ], [ 11.37793517759831, 9.763577541975726 ], [ 11.377105057606141, 9.763046396827203 ], [ 11.376624350731742, 9.762556760202356 ], [ 11.374639579829584, 9.76225024423263 ], [ 11.373819842272971, 9.761977957148357 ], [ 11.373296312453643, 9.762525964952982 ], [ 11.372290807885918, 9.762857047026703 ], [ 11.371817353759122, 9.763843157758204 ], [ 11.370826755340811, 9.764169366548956 ], [ 11.370497445038488, 9.764856346539139 ], [ 11.369469828596912, 9.765534419614371 ], [ 11.369071345395421, 9.76595181806301 ], [ 11.368632345096511, 9.766376912531976 ], [ 11.36758038969362, 9.767992955843761 ], [ 11.366413359709798, 9.768283844975633 ], [ 11.364827866087365, 9.769943839694749 ], [ 11.364311230015579, 9.771018149355735 ], [ 11.363761928869351, 9.771549383947127 ], [ 11.363791908171477, 9.772619365860958 ], [ 11.363631570523335, 9.772895308328494 ], [ 11.362416209346122, 9.772090386628573 ], [ 11.361521718157197, 9.771667674913797 ], [ 11.359928286765824, 9.771299586572846 ], [ 11.359407906413853, 9.771845441931644 ], [ 11.357936457447739, 9.772121472999824 ], [ 11.35748693451654, 9.770753087974228 ], [ 11.358029886326779, 9.770228260680039 ], [ 11.358324245753177, 9.767000281347466 ], [ 11.357938277548103, 9.764497185563004 ], [ 11.356739587948573, 9.763930939265361 ], [ 11.355572640816929, 9.764537924010325 ], [ 11.354705576832467, 9.764823519757501 ], [ 11.354167311054352, 9.765103662865407 ], [ 11.35306954349506, 9.765377082166692 ], [ 11.352806487818969, 9.765926444676314 ], [ 11.352255332893989, 9.766196082699823 ], [ 11.351717062204607, 9.766476222906842 ], [ 11.350951314564206, 9.766747342143635 ], [ 11.349153010696062, 9.765327354407054 ], [ 11.348684160659539, 9.764849767658331 ], [ 11.347595812333687, 9.76433567872837 ], [ 11.347010808224633, 9.764041581177727 ], [ 11.3465032502334, 9.763524540942063 ], [ 11.346221675335906, 9.763260652555784 ], [ 11.345147425049056, 9.762166607830586 ], [ 11.344033004461121, 9.762197052540484 ], [ 11.343623305897472, 9.761779416773253 ], [ 11.34320201622095, 9.761383570892084 ], [ 11.342927494845998, 9.760295660661757 ], [ 11.342099314324624, 9.760035527963923 ], [ 11.340729894819663, 9.759019747760046 ], [ 11.340431771288978, 9.755161422772403 ], [ 11.340148316226436, 9.754626413035455 ], [ 11.339877598839244, 9.754080723360101 ], [ 11.339322736536337, 9.753818702753364 ], [ 11.338784022146472, 9.753269556373276 ], [ 11.337092814058373, 9.752186060720062 ], [ 11.335495940186417, 9.752229310298494 ], [ 11.33521636671486, 9.751943682927884 ], [ 11.334789725229623, 9.751542562921093 ], [ 11.335210740388577, 9.751135635332945 ], [ 11.335466872653278, 9.749588136237717 ], [ 11.334340199058722, 9.749233644366807 ], [ 11.333518713653808, 9.748396760114629 ], [ 11.332992496159662, 9.7473391509373 ], [ 11.331784254844061, 9.746768091514744 ], [ 11.328625769260764, 9.746853751624796 ], [ 11.328346205879624, 9.746568116123591 ], [ 11.326980262656965, 9.745578182175336 ], [ 11.326687624938792, 9.743868147280123 ], [ 11.326130981243089, 9.743345573062443 ], [ 11.326138820480756, 9.742782078863254 ], [ 11.325566055442582, 9.742243725753905 ], [ 11.325033418822676, 9.742257947730057 ], [ 11.324623422091628, 9.742252798752491 ], [ 11.323044723834922, 9.742295326085083 ], [ 11.32203412934849, 9.742820636952018 ], [ 11.32078585377984, 9.743094966216956 ], [ 11.319546017271827, 9.742273592551781 ], [ 11.319016602365224, 9.741209086157303 ], [ 11.318470714661087, 9.740695953685188 ], [ 11.318189230416042, 9.740130186611468 ], [ 11.317001074338286, 9.739369347255462 ], [ 11.315715734595651, 9.739067754987255 ], [ 11.315443201759386, 9.738250914784393 ], [ 11.314341792278141, 9.737992550773983 ], [ 11.314067396203802, 9.736904589677408 ], [ 11.313239283600385, 9.736644367824333 ], [ 11.312956730833852, 9.736076482364087 ], [ 11.311284117669134, 9.736121703772419 ], [ 11.310239471474558, 9.736664685687725 ], [ 11.308595135746772, 9.736941647977092 ], [ 11.308297285944539, 9.737253982670133 ], [ 11.307791011338418, 9.738308045091731 ], [ 11.307150466094903, 9.738621636472018 ], [ 11.305603795403936, 9.739130931992095 ], [ 11.305338802405272, 9.739409151486109 ], [ 11.304241037051002, 9.739682403389756 ], [ 11.30397790261341, 9.740231742838127 ], [ 11.302880132589571, 9.740504991221981 ], [ 11.302620714169407, 9.741596572061029 ], [ 11.300429742619265, 9.741877190880892 ], [ 11.300168458042862, 9.742697650505846 ], [ 11.299601260898312, 9.742967312542149 ], [ 11.299073366051827, 9.742428602864292 ], [ 11.298518541444112, 9.742166503758563 ], [ 11.298249754861066, 9.741891884332022 ], [ 11.296875033630331, 9.741635304682585 ], [ 11.296600685165782, 9.740547317370666 ], [ 11.295772566523603, 9.740287052086957 ], [ 11.295124151214775, 9.738983400366488 ], [ 11.290594135300314, 9.740376400881676 ], [ 11.290305557923157, 9.739233954811843 ], [ 11.289204145404678, 9.738975505882381 ], [ 11.28893167229081, 9.738158629607796 ], [ 11.288007267178564, 9.737867743718008 ], [ 11.284351337697, 9.737966374016949 ], [ 11.28401786551361, 9.73901025856647 ], [ 11.282920068023694, 9.739283445494346 ], [ 11.282660581128583, 9.740375025880089 ], [ 11.282109380263, 9.740644554022982 ], [ 11.281637641523194, 9.741138615656396 ], [ 11.281327240008512, 9.74526441427129 ], [ 11.280760016555895, 9.745534049365043 ], [ 11.279721477498518, 9.744475508086392 ], [ 11.279127025820959, 9.744194575055083 ], [ 11.27794945234619, 9.743413917995477 ], [ 11.275992543673263, 9.743111359339734 ], [ 11.273930230347263, 9.743166949564438 ], [ 11.272563518075602, 9.743148520159492 ], [ 11.272153613857082, 9.743159194328486 ], [ 11.271090140993875, 9.743145094401431 ], [ 11.270380562862982, 9.743205422418274 ], [ 11.271013020984116, 9.745001745591042 ], [ 11.270390376779288, 9.745603244306571 ], [ 11.270136600449119, 9.747545273707232 ], [ 11.270693942180046, 9.749126031393049 ], [ 11.270681516823426, 9.749971835776533 ], [ 11.270150089720604, 9.750485349278753 ], [ 11.269812388883514, 9.751543029290783 ], [ 11.27043898353231, 9.751839120537468 ], [ 11.270712398377878, 9.752798466034223 ], [ 11.269889808178728, 9.753201122612332 ], [ 11.269905222241677, 9.753743298246514 ], [ 11.269893524567571, 9.754538788168507 ], [ 11.270187697419106, 9.755094463739757 ], [ 11.270183163576306, 9.755370929282034 ], [ 11.270480807239396, 9.755650676439734 ], [ 11.270462306261402, 9.75701761514183 ], [ 11.269652946054377, 9.757798827421437 ], [ 11.269695579700088, 9.75936447751573 ], [ 11.269396223837537, 9.760251381225522 ], [ 11.269411658903936, 9.760796204783503 ], [ 11.269403587107481, 9.761338536865146 ], [ 11.269419054923498, 9.761888125883697 ], [ 11.26873096630367, 9.763235698636445 ], [ 11.26833508584928, 9.764059698058094 ], [ 11.267503428905592, 9.764862240679612 ], [ 11.266470780708671, 9.765942555580745 ], [ 11.264903794227569, 9.767111686318925 ], [ 11.264534224236387, 9.767880963878417 ], [ 11.264256289113227, 9.768148657129473 ], [ 11.263936338108483, 9.769150614854848 ], [ 11.261774034117476, 9.770078506998574 ], [ 11.26068621677987, 9.771216371903154 ], [ 11.260190276372786, 9.772248095804789 ], [ 11.259162338930624, 9.772925892755888 ], [ 11.258727468460778, 9.773831171380076 ], [ 11.257721739674849, 9.774161948280334 ], [ 11.257189482357777, 9.774718885134515 ], [ 11.255557297674422, 9.775256110315395 ], [ 11.255297715867426, 9.776347694218535 ], [ 11.254199758210726, 9.776620820946651 ], [ 11.253940171689681, 9.777712404965055 ], [ 11.252842207692805, 9.777985528539451 ], [ 11.252589921733636, 9.780161631755297 ], [ 11.251765287699122, 9.78043294204055 ], [ 11.251503866896586, 9.78125339647516 ], [ 11.251227735833995, 9.781792213710721 ], [ 11.250953945623511, 9.782361731277476 ], [ 11.250415013373892, 9.782882165859331 ], [ 11.250160889392738, 9.784787140925605 ], [ 11.249338066221991, 9.785329578531934 ], [ 11.249067583130074, 9.787660441140686 ], [ 11.249114344343361, 9.789372246389844 ], [ 11.248822399214555, 9.789942414041976 ], [ 11.248301590759759, 9.791571129926076 ], [ 11.246762045266893, 9.792719379788155 ], [ 11.24639241411303, 9.793488652270737 ], [ 11.245279334949995, 9.794222595324317 ], [ 11.245326135276535, 9.795941819147966 ], [ 11.244763336647559, 9.795934421184663 ], [ 11.242924546441136, 9.796414726094641 ], [ 11.242587344314702, 9.796767535108799 ], [ 11.242036013728434, 9.797037025671244 ], [ 11.241765622134572, 9.797321077187704 ], [ 11.240393316941118, 9.797302073498086 ], [ 11.239460162365964, 9.798277891620147 ], [ 11.238780913123133, 9.801446604686436 ], [ 11.235242773787284, 9.801397918189231 ], [ 11.23494786927721, 9.802009407523272 ], [ 11.234146814568906, 9.802783105426004 ], [ 11.233789449205984, 9.803157225440648 ], [ 11.232860484560096, 9.802690427794673 ], [ 11.232515292689266, 9.803128545411351 ], [ 11.233358914499073, 9.80552198749063 ], [ 11.232440823012498, 9.807318544254468 ], [ 11.232011731250745, 9.80958108966702 ], [ 11.231673371443085, 9.810243175027182 ], [ 11.230372341159613, 9.810671168221367 ], [ 11.230107229001019, 9.810949354890559 ], [ 11.229058727188152, 9.811294126688566 ], [ 11.228737749897679, 9.81264031513018 ], [ 11.225532688538703, 9.812596775908304 ], [ 11.225108827928393, 9.81437048387664 ], [ 11.223020313003165, 9.815057826108255 ], [ 11.222755190738306, 9.815336009079465 ], [ 11.22246657518642, 9.815614345191737 ], [ 11.222547028331745, 9.818549297740281 ], [ 11.222225514764167, 9.81885909531751 ], [ 11.221978281936623, 9.822138839785762 ], [ 11.221434326082106, 9.823202635624558 ], [ 11.220914405678984, 9.824828162951542 ], [ 11.219887250046972, 9.825819929261618 ], [ 11.22049295276873, 9.826966740065094 ], [ 11.220014483242853, 9.829363598611977 ], [ 11.220390627524187, 9.829717009813582 ], [ 11.220809563242771, 9.830561063301692 ], [ 11.22151911482014, 9.835900427857576 ], [ 11.2198541853673, 9.836228056386942 ], [ 11.218790106506638, 9.835692748896825 ], [ 11.217794086937879, 9.835433434424051 ], [ 11.217434036690889, 9.837333827298899 ], [ 11.217095750658888, 9.838334313366079 ], [ 11.216638316853714, 9.841006420892761 ], [ 11.217461137008572, 9.841395561361002 ], [ 11.218140735691197, 9.842088032960682 ], [ 11.217735364548558, 9.842478349862043 ], [ 11.217484699447212, 9.844925616227719 ], [ 11.217201363362884, 9.845198623671239 ], [ 11.217226903534785, 9.846144822893709 ], [ 11.217217750821906, 9.846853466449952 ], [ 11.21667796655384, 9.847908235681732 ], [ 11.216155922840468, 9.849541194861363 ], [ 11.215323621854509, 9.849815157121457 ], [ 11.215063898107005, 9.850906747862258 ], [ 11.213965645873625, 9.851179804736434 ], [ 11.212612294241444, 9.85227856737192 ], [ 11.212060846439989, 9.85254803389134 ], [ 11.21179930416905, 9.853368488608076 ], [ 11.211521261024286, 9.853636162560882 ], [ 11.211202833544267, 9.856017680508181 ], [ 11.210172284617485, 9.856356483555535 ], [ 11.209704545897884, 9.860374873539165 ], [ 11.208567934913816, 9.861789960608244 ], [ 11.208304575270219, 9.862339279014332 ], [ 11.207753107475934, 9.86260874275129 ], [ 11.207489745989614, 9.863158060931692 ], [ 11.206391443679417, 9.863431103157131 ], [ 11.205603346316041, 9.864255533138955 ], [ 11.2053042576309, 9.864251663874125 ], [ 11.205038019161554, 9.864529851019656 ], [ 11.203939708762428, 9.864802886658065 ], [ 11.203679944768766, 9.865894478465773 ], [ 11.203128466256294, 9.866163936683195 ], [ 11.202863292554699, 9.8664421158288 ], [ 11.201764972800914, 9.866715146112536 ], [ 11.200952957145338, 9.866996896373932 ], [ 11.199581212079782, 9.867271705911556 ], [ 11.19931603409942, 9.867549883085646 ], [ 11.199022053996163, 9.867833543657957 ], [ 11.197678265086486, 9.867815300986296 ], [ 11.197135856301793, 9.868648706287312 ], [ 11.195995933353585, 9.868932053907834 ], [ 11.19549174353026, 9.868925277186781 ], [ 11.194506009539039, 9.869266930624102 ], [ 11.195058984038203, 9.870833036895716 ], [ 11.194145110740136, 9.872187858993296 ], [ 11.193901051450716, 9.875655095092947 ], [ 11.195270384834103, 9.875976635116844 ], [ 11.195544204138924, 9.877000137581151 ], [ 11.19417924659451, 9.877339501012081 ], [ 11.193335224156534, 9.877632040207279 ], [ 11.191723262487281, 9.877609702939903 ], [ 11.190358429925235, 9.877646654318772 ], [ 11.189573397626951, 9.876846250321034 ], [ 11.188978724846288, 9.876565196498936 ], [ 11.188687527341173, 9.875979770530289 ], [ 11.187830898249691, 9.875173471177293 ], [ 11.18427785591728, 9.875268561612652 ], [ 11.183527862695597, 9.876053519032743 ], [ 11.182687992596401, 9.876329587550405 ], [ 11.182426366721476, 9.877150038217634 ], [ 11.182114312666837, 9.877450223238109 ], [ 11.181058122331089, 9.877967067266917 ], [ 11.180775941048932, 9.878262291937904 ], [ 11.180813736796415, 9.879621518694435 ], [ 11.179431788828452, 9.880954989808236 ], [ 11.179817927521743, 9.881684920604407 ], [ 11.179444307171549, 9.882044817112337 ], [ 11.179172448656512, 9.882610598108569 ], [ 11.177276295166868, 9.882584741064765 ], [ 11.17672889368286, 9.883157599436508 ], [ 11.17562688826475, 9.883696442170409 ], [ 11.174816580513857, 9.884249285274811 ], [ 11.173991601242411, 9.884520474620173 ], [ 11.173731732132964, 9.885612066760098 ], [ 11.172906748233345, 9.88588325434025 ], [ 11.172651189294218, 9.887794106777095 ], [ 11.171562613964657, 9.887778894380665 ], [ 11.171286786336745, 9.888068247198095 ], [ 11.170461793431439, 9.888339430478174 ], [ 11.169940888878779, 9.88888404289383 ], [ 11.16923022545806, 9.889160840989941 ], [ 11.168827540854268, 9.888349973640075 ], [ 11.166631839273197, 9.888098267709315 ], [ 11.166087405837967, 9.887824264293879 ], [ 11.165239056689108, 9.888118358464384 ], [ 11.164217382137437, 9.889186255064709 ], [ 11.161995661756464, 9.890020898913658 ], [ 11.161309004212237, 9.890376969260192 ], [ 11.159541744577076, 9.889488529529029 ], [ 11.158987447540071, 9.889503210710902 ], [ 11.158440481990713, 9.889495600044901 ], [ 11.157619184539055, 9.889517818032347 ], [ 11.15734286107956, 9.888423841599572 ], [ 11.156766394217481, 9.888151086387827 ], [ 11.156096756057215, 9.888169149409855 ], [ 11.155446490860419, 9.889520629718126 ], [ 11.154884273346527, 9.889795390213873 ], [ 11.154362278189589, 9.890341579238331 ], [ 11.153522334202023, 9.890617587612439 ], [ 11.152203943247388, 9.891074604291562 ], [ 11.151895146554651, 9.891717932990122 ], [ 11.151068847436582, 9.892122013571003 ], [ 11.150258671695999, 9.892541877443641 ], [ 11.149952070222664, 9.892538012127829 ], [ 11.148888926840602, 9.892003022858933 ], [ 11.148055098837505, 9.891742489801389 ], [ 11.1480703549393, 9.892282060726995 ], [ 11.148058533495565, 9.893092962996381 ], [ 11.148624289534446, 9.893360505551327 ], [ 11.148897582050923, 9.894319993582055 ], [ 11.147549500731905, 9.894978965864379 ], [ 11.14726939843769, 9.895272569012803 ], [ 11.146714196647441, 9.895807840489132 ], [ 11.145916312016457, 9.896642300293847 ], [ 11.144795028585055, 9.897190717157411 ], [ 11.144277246575728, 9.89773210313038 ], [ 11.143999107155704, 9.897999740331519 ], [ 11.143733853838086, 9.898277888450496 ], [ 11.141541515355417, 9.898557731996329 ], [ 11.141276259203011, 9.898835878695152 ], [ 11.140177743032195, 9.899108741133642 ], [ 11.13991248515628, 9.899386887081128 ], [ 11.134985541801536, 9.89968409785547 ], [ 11.13472553611175, 9.900775688729707 ], [ 11.134447385215584, 9.901043320137649 ], [ 11.134187377544317, 9.902134911110879 ], [ 11.133909225205691, 9.902402542384351 ], [ 11.13338717288846, 9.902948709929101 ], [ 11.132547170298679, 9.903224676083704 ], [ 11.132295913035637, 9.905672015620167 ], [ 11.132017756456843, 9.905939646219318 ], [ 11.131754339914798, 9.906504825546495 ], [ 11.132304637266364, 9.907022467536375 ], [ 11.132584897115724, 9.909063925862563 ], [ 11.130126252939002, 9.909476747188839 ], [ 11.129860978417994, 9.909754888554035 ], [ 11.129444803562752, 9.910156327108725 ], [ 11.129045822040254, 9.910573544509692 ], [ 11.128767658960884, 9.910841173756827 ], [ 11.128504131666896, 9.911390464763398 ], [ 11.128023193749131, 9.911854806749576 ], [ 11.126588640874756, 9.91221079773195 ], [ 11.126323361063685, 9.912488937338798 ], [ 11.125784022927094, 9.91300925699672 ], [ 11.125488851426409, 9.913622300534064 ], [ 11.125517032010627, 9.914679758854989 ], [ 11.126067334702954, 9.915196880395975 ], [ 11.12633665962351, 9.915545777172103 ], [ 11.124548363343719, 9.916878493552659 ], [ 11.123609450352713, 9.916566672272927 ], [ 11.123346599189558, 9.917388707686849 ], [ 11.121657023935036, 9.918792814878596 ], [ 11.121171003214595, 9.919300612517743 ], [ 11.120892826487726, 9.919568237968006 ], [ 11.120354362728605, 9.920393605145938 ], [ 11.120082289376107, 9.9201156892283 ], [ 11.119800691360698, 9.919851603755971 ], [ 11.119531844520642, 9.919576843923645 ], [ 11.117742911195226, 9.919322281241723 ], [ 11.118370262369567, 9.921687815942391 ], [ 11.118727097244172, 9.922022395731597 ], [ 11.118998656826161, 9.922718711932438 ], [ 11.11817005702243, 9.92394788983475 ], [ 11.118213447107427, 9.925545463712227 ], [ 11.117924648164024, 9.925823747827 ], [ 11.117659453191694, 9.926117771862756 ], [ 11.11822482051214, 9.926649639323042 ], [ 11.119206515832914, 9.928624719970973 ], [ 11.12150730299618, 9.929055032755778 ], [ 11.121787983918976, 9.929340835284579 ], [ 11.121779637944414, 9.92986944298614 ], [ 11.12180194222427, 9.930678022220013 ], [ 11.120881726331268, 9.931284962228357 ], [ 11.119317496981321, 9.932920250664658 ], [ 11.119352597136833, 9.934223409401426 ], [ 11.119337113147827, 9.935302861851314 ], [ 11.11993187232426, 9.935584558045901 ], [ 11.120727738221936, 9.936402537546424 ], [ 11.120168189196569, 9.93694311091207 ], [ 11.120210395580129, 9.938518974887067 ], [ 11.119653086986231, 9.940734173590471 ], [ 11.120499036213848, 9.941529589419757 ], [ 11.12048302408831, 9.942691663702595 ], [ 11.119684307366542, 9.944251671581002 ], [ 11.119162438964979, 9.94533592118821 ], [ 11.11772911015832, 9.946403699142637 ], [ 11.1169633876855, 9.945624716648744 ], [ 11.116497643921795, 9.945637197455463 ], [ 11.116150970786352, 9.946719806330938 ], [ 11.114762737545071, 9.946994454322915 ], [ 11.114234680627327, 9.946455466752617 ], [ 11.113132554546494, 9.946196565754368 ], [ 11.112314940617193, 9.945654106929606 ], [ 11.111486318834976, 9.945393472213759 ], [ 11.110756375444073, 9.94502628863553 ], [ 11.110398723323584, 9.945400336454876 ], [ 11.110120518341986, 9.945667958947935 ], [ 11.109855200843743, 9.945946093468599 ], [ 11.109006338722308, 9.946360841046609 ], [ 11.109053938822182, 9.948117811605918 ], [ 11.109034844627939, 9.94947110401823 ], [ 11.109943772147474, 9.949757188489658 ], [ 11.110970351994887, 9.94973005266629 ], [ 11.111517433295955, 9.949737720115051 ], [ 11.112123125336604, 9.949721713497693 ], [ 11.11374074382862, 9.95171926344867 ], [ 11.113708588618611, 9.954028061130634 ], [ 11.114729944783702, 9.955345108431448 ], [ 11.117039006499578, 9.955702805862604 ], [ 11.117027948321358, 9.956473465030944 ], [ 11.117048699780351, 9.957206320484399 ], [ 11.118418020627869, 9.957637749692301 ], [ 11.118382962933447, 9.960152579182616 ], [ 11.117601184433777, 9.960534621719383 ], [ 11.117346463506074, 9.962455559346051 ], [ 11.117948453954284, 9.963021606560124 ], [ 11.119543197464939, 9.963776248364821 ], [ 11.119834671858245, 9.964073629718678 ], [ 11.119817817621477, 9.965268544578331 ], [ 11.119844592621053, 9.966270403271787 ], [ 11.120418978565153, 9.967357757844388 ], [ 11.120937808374626, 9.968940652176267 ], [ 11.120394139285324, 9.969465245965635 ], [ 11.120014193331782, 9.969862752091062 ], [ 11.12041391955006, 9.971367490825516 ], [ 11.119575047145446, 9.972176774181403 ], [ 11.119604565309745, 9.973271827072816 ], [ 11.119328103694833, 9.973810611035734 ], [ 11.119064530776306, 9.974359906447086 ], [ 11.118777519802114, 9.974919942302098 ], [ 11.117697473103908, 9.975447941484374 ], [ 11.117221996046208, 9.975945090495699 ], [ 11.117716149439618, 9.977345958629151 ], [ 11.118014895171369, 9.97909655331445 ], [ 11.118000246581607, 9.980136277566583 ], [ 11.116640157620592, 9.981149064109815 ], [ 11.116156206908711, 9.982155226465549 ], [ 11.116758136948409, 9.983862586457073 ], [ 11.116320926775261, 9.985157092376648 ], [ 11.118058326334609, 9.985481826897773 ], [ 11.118041641952546, 9.98670163255726 ], [ 11.1180529106365, 9.98712207358923 ], [ 11.119704589158012, 9.98790333944453 ], [ 11.120243487280449, 9.988452825492699 ], [ 11.120798691827488, 9.988715155731049 ], [ 11.1213411442387, 9.988988159455603 ], [ 11.121896350280892, 9.989250487485453 ], [ 11.122670362860772, 9.989639586991586 ], [ 11.123161812663916, 9.991109304092996 ], [ 11.122728136755503, 9.991956799326653 ], [ 11.122464221545469, 9.992783087564375 ], [ 11.121644563563081, 9.992771364176955 ], [ 11.121240187453326, 9.993194452499848 ], [ 11.12062109613203, 9.99379262160315 ], [ 11.119168051608703, 9.994153007929233 ], [ 11.11836566552306, 9.995818981300978 ], [ 11.115917357418674, 9.995785300381135 ], [ 11.114567983075204, 9.995820886130433 ], [ 11.113498075436473, 9.995283237467852 ], [ 11.112626489574769, 9.995009133734738 ], [ 11.112350410939671, 9.994452671698065 ], [ 11.111251776173406, 9.99393320345593 ], [ 11.110982861293941, 9.993658448928992 ], [ 11.109945068187512, 9.993127997965724 ], [ 11.109581919170779, 9.994644470814466 ], [ 11.108098076366041, 9.995369912785367 ], [ 11.107371228303712, 9.995004312681436 ], [ 11.106609681780681, 9.994228477687935 ], [ 11.106301302812572, 9.993964561840098 ], [ 11.105258983975341, 9.995054751804926 ], [ 11.102502823173221, 9.995339628554666 ], [ 11.102788793114616, 9.995608456900165 ], [ 11.103335009526155, 9.996466164982269 ], [ 11.102524527403034, 9.99805060648729 ], [ 11.101996229021747, 9.999149194625616 ], [ 11.101444282719127, 10.000226746743602 ], [ 11.101199839950958, 10.003758727318282 ], [ 11.099981046586999, 10.004665717602093 ], [ 11.100139054993347, 10.006471777904506 ], [ 11.100660236791743, 10.005926156411094 ], [ 11.101228073861803, 10.00565670093979 ], [ 11.101864870176172, 10.006306225334356 ], [ 11.102395579255262, 10.008403864203929 ], [ 11.102330927042708, 10.012968518775459 ], [ 11.102363362326837, 10.014188552735602 ], [ 11.102337609688629, 10.015997360386187 ], [ 11.101554886160187, 10.016753310674298 ], [ 11.101290567553745, 10.017858706787742 ], [ 11.100913800854473, 10.018595140398176 ], [ 11.100196848350015, 10.018944985720667 ], [ 11.099374382602164, 10.019505226406958 ], [ 11.099389561665598, 10.02003739685008 ], [ 11.099383630073982, 10.02044418133103 ], [ 11.099424235594581, 10.021937978475698 ], [ 11.09857987999326, 10.022751513976786 ], [ 11.098317991002443, 10.023571960436753 ], [ 11.097492582480236, 10.023843044883844 ], [ 11.0972289464012, 10.02439233724103 ], [ 11.096950674630065, 10.024659963509087 ], [ 11.09662610584752, 10.026370036226909 ], [ 11.096143909705347, 10.026834380063919 ], [ 11.095879854367073, 10.027319060703425 ], [ 11.097249841970919, 10.027640887539862 ], [ 11.097520526286587, 10.028186803128516 ], [ 11.09780222170923, 10.028450890384145 ], [ 11.09807126474119, 10.028741539260443 ], [ 11.097527471620854, 10.02926612182852 ], [ 11.09725327587986, 10.029835606616221 ], [ 11.096713727510398, 10.030355925101942 ], [ 11.096721917769152, 10.030632335039698 ], [ 11.095335789394181, 10.03228979790126 ], [ 11.094267235705832, 10.032811866259767 ], [ 11.093292518451383, 10.035464001334386 ], [ 11.092374833939779, 10.036348962749216 ], [ 11.092111658892218, 10.036972398071443 ], [ 11.0934860258344, 10.037968940818972 ], [ 11.093756716638303, 10.038514858704161 ], [ 11.095406331659303, 10.038770303686443 ], [ 11.096499519641545, 10.039582182873369 ], [ 11.09733013838389, 10.040113960790464 ], [ 11.097599090505319, 10.04038872019418 ], [ 11.097903381456652, 10.040674376958901 ], [ 11.099703565212721, 10.041240790147063 ], [ 11.100078829352203, 10.043084659331841 ], [ 11.100506195429761, 10.043892794468858 ], [ 11.100089293253408, 10.044706281499852 ], [ 11.09982589158113, 10.045292648976737 ], [ 11.100384393150261, 10.046878490830501 ], [ 11.099356292906918, 10.047380730384623 ], [ 11.099848368554662, 10.048775271698425 ], [ 11.100121105956042, 10.049634700736719 ], [ 11.099310527913456, 10.051219159786928 ], [ 11.099046882573683, 10.051768456628489 ], [ 11.098770343908235, 10.052307241672723 ], [ 11.098510197078729, 10.053398844894001 ], [ 11.097958312515207, 10.053668210773688 ], [ 11.098008669476389, 10.055509373533399 ], [ 11.097512594751175, 10.056478011603467 ], [ 11.097985724030853, 10.056922009702763 ], [ 11.098254693438793, 10.057196765381498 ], [ 11.098810016601545, 10.057459111088731 ], [ 11.099344720714102, 10.058003873785092 ], [ 11.099918559183028, 10.057988580480846 ], [ 11.099906968905403, 10.058841337464347 ], [ 11.098903220728754, 10.06080252565177 ], [ 11.099827999860892, 10.061671584323287 ], [ 11.098500525297315, 10.062659801306435 ], [ 11.097467049663381, 10.063164727429143 ], [ 11.097489402838788, 10.063978078717909 ], [ 11.09747752188777, 10.064786351266491 ], [ 11.098192805138936, 10.065817744632078 ], [ 11.098866074941867, 10.066136008389613 ], [ 11.099410583249441, 10.066706656963934 ], [ 11.09794901069545, 10.068117302760236 ], [ 11.098336389844945, 10.068851012130722 ], [ 11.098856179206621, 10.069895825160041 ], [ 11.099444172538011, 10.070743714370511 ], [ 11.099032004995507, 10.071962333999375 ], [ 11.098506063599411, 10.073603250513589 ], [ 11.098089675477818, 10.074004696976724 ], [ 11.09782426409312, 10.074282843296739 ], [ 11.097545958673164, 10.074550477876333 ], [ 11.096740331903741, 10.07591671039256 ], [ 11.096188410813667, 10.076186081022701 ], [ 11.095926500168918, 10.077006533079444 ], [ 11.094553732583906, 10.077281109595338 ], [ 11.093786416707305, 10.078458551028262 ], [ 11.093481472999857, 10.079733687973864 ], [ 11.092382307576235, 10.080006523226846 ], [ 11.092125634564464, 10.081640436332059 ], [ 11.090800907825921, 10.082075701482978 ], [ 11.091316988350359, 10.083538418781725 ], [ 11.091286773083279, 10.085647554969153 ], [ 11.090510701789436, 10.086797508590534 ], [ 11.089793466938529, 10.088287105563136 ], [ 11.091630863371668, 10.089773224586079 ], [ 11.091933214599903, 10.090081664615626 ], [ 11.092454119591924, 10.091129124359147 ], [ 11.093293781006578, 10.09221057382296 ], [ 11.093278914266909, 10.093218002296002 ], [ 11.093585348511212, 10.095479645619132 ], [ 11.094360747347892, 10.096208241468476 ], [ 11.093863663208078, 10.098185285562977 ], [ 11.093877997622902, 10.098748708576517 ], [ 11.096155763943395, 10.102032686240765 ], [ 11.096638653026849, 10.10248614369214 ], [ 11.096616516160729, 10.104018467437099 ], [ 11.09712271313901, 10.105922924544821 ], [ 11.096383206832648, 10.106284064483201 ], [ 11.096121288025032, 10.107104520115485 ], [ 11.095589273167043, 10.108143837377174 ], [ 11.095296943902399, 10.109055579544313 ], [ 11.095317923407082, 10.109818624629268 ], [ 11.095302321126077, 10.110874780435946 ], [ 11.095602094965956, 10.111441151673542 ], [ 11.095874634060765, 10.112258205188919 ], [ 11.096413471565082, 10.112764795165075 ], [ 11.097396063456896, 10.114279593799665 ], [ 11.099643512815019, 10.114023229401734 ], [ 11.099986301604419, 10.113311356682637 ], [ 11.103275984236616, 10.112891551641662 ], [ 11.104085662777125, 10.112471688848212 ], [ 11.105184914998574, 10.11219879476501 ], [ 11.106662911328739, 10.111813313227001 ], [ 11.107227747996292, 10.111222886133616 ], [ 11.107637744385144, 10.111640775047114 ], [ 11.110940276570078, 10.111885479061781 ], [ 11.111474984141395, 10.110775160878035 ], [ 11.113353300207841, 10.110801241304586 ], [ 11.114245988405207, 10.110492041724784 ], [ 11.115272645621596, 10.109419870258117 ], [ 11.11756359494048, 10.108961330930381 ], [ 11.118550081660214, 10.108449737924577 ], [ 11.118823203068544, 10.106411630663587 ], [ 11.119378746646154, 10.10587632837615 ], [ 11.119910633426482, 10.105319992918648 ], [ 11.120682062571982, 10.104942711931413 ], [ 11.121813618921841, 10.103409621658404 ], [ 11.122365551553013, 10.103140203436201 ], [ 11.12290458759734, 10.102860274262406 ], [ 11.123992463266733, 10.102328950695862 ], [ 11.125006391099207, 10.100954965697346 ], [ 11.128095753112675, 10.10066281075955 ], [ 11.128361150372267, 10.100384641373115 ], [ 11.128639442712522, 10.100116981833519 ], [ 11.129162460999845, 10.09902896866318 ], [ 11.129725032138269, 10.098754175361979 ], [ 11.130365169557676, 10.098084322731697 ], [ 11.133844703863165, 10.097640249885609 ], [ 11.133800960032625, 10.096031062788736 ], [ 11.134274862778046, 10.094143659757945 ], [ 11.137266688644491, 10.093824525692078 ], [ 11.137628701698654, 10.094906808206437 ], [ 11.138406328502548, 10.095637385175069 ], [ 11.139831221697694, 10.095971852207882 ], [ 11.14188027585935, 10.096780489396362 ], [ 11.143793239895698, 10.096729394046838 ], [ 11.145315041473289, 10.096202073306438 ], [ 11.145879459711024, 10.096209521809639 ], [ 11.146672581037404, 10.097017295844299 ], [ 11.147501623549276, 10.097277755030737 ], [ 11.148317911720696, 10.097548888121523 ], [ 11.150788689048863, 10.0977986342872 ], [ 11.151856723364325, 10.098153380521174 ], [ 11.152146780007932, 10.09724746025949 ], [ 11.152425046291118, 10.09697978517899 ], [ 11.153446206336264, 10.095912329287053 ], [ 11.154057750507558, 10.095613347861015 ], [ 11.154920027296471, 10.094443655347066 ], [ 11.155926849718846, 10.093472675758878 ], [ 11.156240292652294, 10.095599080714775 ], [ 11.156795714667171, 10.095861305154139 ], [ 11.157338382566016, 10.096134205014099 ], [ 11.158167425594753, 10.096394636056399 ], [ 11.158711164104025, 10.09666752622244 ], [ 11.159515884445252, 10.096646367806844 ], [ 11.160080001895603, 10.09692971314395 ], [ 11.160700839285708, 10.097223277682232 ], [ 11.164090693973648, 10.097132192933149 ], [ 11.16455531682085, 10.098520388927133 ], [ 11.164211455382858, 10.100965139356491 ], [ 11.164231172539157, 10.10167572643001 ], [ 11.165088137943108, 10.102911467262647 ], [ 11.167921254258729, 10.102835640874195 ], [ 11.168331742170215, 10.102840883364339 ], [ 11.16926150830008, 10.102816226877446 ], [ 11.169982010409612, 10.101711517149623 ], [ 11.170547002988343, 10.101167081405046 ], [ 11.17168376553011, 10.100610932695847 ], [ 11.172956413144668, 10.099280151124315 ], [ 11.173372714572995, 10.098878623089281 ], [ 11.173771807107803, 10.098461320576762 ], [ 11.174867262743877, 10.09764593754012 ], [ 11.175132609894657, 10.097367739247908 ], [ 11.176518128898884, 10.097090091240387 ], [ 11.177308871633373, 10.096263473718986 ], [ 11.17788658230236, 10.095706235008329 ], [ 11.179755116906128, 10.095732017050397 ], [ 11.18061480461877, 10.095145900950323 ], [ 11.181830204384019, 10.095162750744382 ], [ 11.183055890079183, 10.094327419470483 ], [ 11.184432691616886, 10.094345839814347 ], [ 11.184409953277944, 10.093510298989486 ], [ 11.184807666515914, 10.092733406221846 ], [ 11.187351203687607, 10.091896743453985 ], [ 11.188238723393114, 10.093219060916885 ], [ 11.188525924249294, 10.093488303653364 ], [ 11.188514285483384, 10.094296530539077 ], [ 11.188801486754205, 10.094565772775475 ], [ 11.189379038734531, 10.095727559638611 ], [ 11.190604868463547, 10.096180686058524 ], [ 11.191810313495084, 10.095359229423341 ], [ 11.193505339858852, 10.095019613535603 ], [ 11.194861838111819, 10.095354816830277 ], [ 11.196177342650962, 10.095319047436439 ], [ 11.197021243211397, 10.095877431848701 ], [ 11.197565188362782, 10.095863214507562 ], [ 11.198113234363525, 10.096138122827064 ], [ 11.198380679980772, 10.095857777525863 ], [ 11.199228753803162, 10.095299236512782 ], [ 11.200021906741739, 10.095309832158534 ], [ 11.200588290438496, 10.095294930667201 ], [ 11.201649266366211, 10.093666793789236 ], [ 11.202206433727028, 10.093397223212451 ], [ 11.202194847210027, 10.094208091442683 ], [ 11.202210291613532, 10.094750280964512 ], [ 11.202200799425208, 10.095397494734534 ], [ 11.201117572336573, 10.096111191735407 ], [ 11.201406037082883, 10.097193321719228 ], [ 11.201680650042784, 10.09828136955462 ], [ 11.20198598664998, 10.098857634274085 ], [ 11.201967158949914, 10.100174831565907 ], [ 11.201985665834547, 10.100852573630492 ], [ 11.201976586512535, 10.101560157086794 ], [ 11.200893462036856, 10.102605905426255 ], [ 11.200629490443431, 10.10371131988189 ], [ 11.200349148291629, 10.103981690820921 ], [ 11.200633143625137, 10.104248292033713 ], [ 11.200628611635063, 10.10452476517424 ], [ 11.200944873993196, 10.104820807483371 ], [ 11.202008618350121, 10.105323685199679 ], [ 11.202277706937629, 10.105598328692853 ], [ 11.20285247264381, 10.105869867373608 ], [ 11.203513338841189, 10.106541722607913 ], [ 11.203969459401188, 10.10696975086454 ], [ 11.205033214154698, 10.107472616248643 ], [ 11.205306005515302, 10.108289522773052 ], [ 11.206043298616557, 10.109351689771108 ], [ 11.208102450882102, 10.10973560136895 ], [ 11.208609828594904, 10.11124997483056 ], [ 11.208903280200442, 10.111803534870687 ], [ 11.208076318676264, 10.113420595895338 ], [ 11.208714319324637, 10.114339902430565 ], [ 11.21173393950151, 10.114806305896945 ], [ 11.215274434524742, 10.11438371922848 ], [ 11.214897274743118, 10.113315451020567 ], [ 11.214920689883993, 10.111585162214887 ], [ 11.216540125597843, 10.109569811542332 ], [ 11.2170628267671, 10.108481717889907 ], [ 11.217633827459899, 10.108202492217481 ], [ 11.218154934298838, 10.106571062609859 ], [ 11.218980373825881, 10.106299655100003 ], [ 11.219256292923038, 10.106010235908402 ], [ 11.220611737061061, 10.106028637111818 ], [ 11.221428230036533, 10.104922142754829 ], [ 11.221977674298824, 10.104929558144114 ], [ 11.222537649304931, 10.104914129183387 ], [ 11.22359788503533, 10.105992073123776 ], [ 11.224999891672349, 10.106253746852563 ], [ 11.225550076604152, 10.107611036386704 ], [ 11.22583380225363, 10.108146106563057 ], [ 11.226106643418786, 10.108962984493049 ], [ 11.226513843946533, 10.109733409562983 ], [ 11.2286009535395, 10.110296522675611 ], [ 11.229123074767303, 10.109750704895898 ], [ 11.233159493570758, 10.109804905744356 ], [ 11.233764372119131, 10.109171671046573 ], [ 11.234319686757377, 10.108636213630907 ], [ 11.234308307467272, 10.108226931831974 ], [ 11.234322263164579, 10.107152866425784 ], [ 11.233473698945662, 10.105930545712365 ], [ 11.233200552201406, 10.105071313423881 ], [ 11.234010484307534, 10.103486638937897 ], [ 11.234000439230249, 10.103115477467959 ], [ 11.235705640393755, 10.102554214158188 ], [ 11.236179806609632, 10.101568641999107 ], [ 11.238373254032069, 10.101287904492779 ], [ 11.238912146296475, 10.101007807053955 ], [ 11.23973754384375, 10.100736354175405 ], [ 11.24000282583793, 10.100458114965665 ], [ 11.24028100561001, 10.10019038047195 ], [ 11.240542532250345, 10.099369887305466 ], [ 11.240818833411517, 10.098831025823799 ], [ 11.241082235638675, 10.09828165947682 ], [ 11.241673431369248, 10.09799273116254 ], [ 11.242442750006154, 10.097187848497734 ], [ 11.243038202130027, 10.096896770927922 ], [ 11.24470250530603, 10.096919334129806 ], [ 11.245997613641258, 10.096876619953907 ], [ 11.245301550104079, 10.096222049903229 ], [ 11.245737908762253, 10.095800718578374 ], [ 11.246511253386769, 10.094191919394611 ], [ 11.246804285421153, 10.093909781409225 ], [ 11.247069555774079, 10.093631538920064 ], [ 11.248442125062724, 10.093356340252491 ], [ 11.249254593133076, 10.093074364825222 ], [ 11.250079957515174, 10.092802892147379 ], [ 11.250343339724468, 10.092253522666146 ], [ 11.250681821726333, 10.091591373258222 ], [ 11.251983840251077, 10.091163069471831 ], [ 11.252790641028188, 10.090067712989926 ], [ 11.253872847892918, 10.089538698551589 ], [ 11.254167818509774, 10.08922953493051 ], [ 11.255250019623935, 10.088700517041001 ], [ 11.255572579849995, 10.088363096762977 ], [ 11.256598326155995, 10.086788041780688 ], [ 11.256876479842504, 10.086520298581508 ], [ 11.257137847425328, 10.085683917052313 ], [ 11.256587034732023, 10.085166593276343 ], [ 11.256312194180659, 10.084068037512742 ], [ 11.257677693402314, 10.08339939124402 ], [ 11.257666255762469, 10.082984820818293 ], [ 11.260143806938542, 10.082702024836726 ], [ 11.260681449325658, 10.083782888199611 ], [ 11.261096254871266, 10.084566977054154 ], [ 11.263032165157068, 10.084927578655327 ], [ 11.26384755876836, 10.086141037523163 ], [ 11.264820881225768, 10.085636041009469 ], [ 11.265443465798166, 10.084340696304622 ], [ 11.266435131724119, 10.08401456248933 ], [ 11.267239966961816, 10.082648062583614 ], [ 11.26780393139726, 10.081836079318956 ], [ 11.268598326747984, 10.082644555235627 ], [ 11.26915824466511, 10.082629055812705 ], [ 11.270573402796506, 10.082647920649501 ], [ 11.271495901676138, 10.083586836615289 ], [ 11.27216643590171, 10.082885321046748 ], [ 11.273416017576855, 10.082610878750721 ], [ 11.274089188666123, 10.083961911230347 ], [ 11.275410942990153, 10.084376977084514 ], [ 11.275880328496637, 10.085319000728507 ], [ 11.27685698528043, 10.085292669586567 ], [ 11.277377912017705, 10.084747337891185 ], [ 11.277656043243255, 10.084479581262013 ], [ 11.27792127563243, 10.084201321251324 ], [ 11.278199405938013, 10.083933564357004 ], [ 11.27847949099406, 10.083639844577453 ], [ 11.279580787670211, 10.08310109492931 ], [ 11.280098525809164, 10.082559488999145 ], [ 11.280930772404618, 10.081756756977558 ], [ 11.281728585863702, 10.080921429338364 ], [ 11.286225693315997, 10.080599591658949 ], [ 11.287477292904397, 10.080615810859545 ], [ 11.288003505390348, 10.080066194126472 ], [ 11.289934853421476, 10.079785380156624 ], [ 11.290475780762208, 10.079504142496106 ], [ 11.291844575139546, 10.079772129242089 ], [ 11.29239379496423, 10.07975719546854 ], [ 11.292996612262382, 10.07976518952275 ], [ 11.295130306556482, 10.080291565263861 ], [ 11.297874402542059, 10.080538310953054 ], [ 11.298574323914115, 10.081580359339187 ], [ 11.300350086421174, 10.082418974925021 ], [ 11.300621141690849, 10.082964640261265 ], [ 11.302010191533673, 10.083223436193574 ], [ 11.302541988680368, 10.083764632372208 ], [ 11.303491001578321, 10.084062500237781 ], [ 11.304193116220851, 10.085108751599924 ], [ 11.304748583704999, 10.085370704942607 ], [ 11.305017720657521, 10.085645249486223 ], [ 11.305589219654488, 10.08590708907229 ], [ 11.306638387354228, 10.084809419494682 ], [ 11.30764522587873, 10.084822503518291 ], [ 11.309121691051402, 10.085799249157287 ], [ 11.310257089863152, 10.08615562921648 ], [ 11.311046199526139, 10.086958719518273 ], [ 11.311642269775641, 10.087517979436145 ], [ 11.313105090094945, 10.087478602147348 ], [ 11.314092692433924, 10.087491268961767 ], [ 11.314872124287085, 10.088284353661114 ], [ 11.316658835689219, 10.088702330013454 ], [ 11.317101185924409, 10.088239050729275 ], [ 11.319248478563543, 10.088267384226036 ], [ 11.320360103732913, 10.087690309324611 ], [ 11.321177760582486, 10.087700973221745 ], [ 11.321719503624237, 10.087686570125761 ], [ 11.322550641448915, 10.088236208484483 ], [ 11.323099279506584, 10.087394611444731 ], [ 11.323914255947745, 10.088223958304923 ], [ 11.325032930751679, 10.08848190470748 ], [ 11.325556946633576, 10.087933314697526 ], [ 11.325829324465005, 10.088210462148476 ], [ 11.327232267245467, 10.088466396422007 ], [ 11.328310861877917, 10.087905947170142 ], [ 11.33102791383385, 10.087360398951555 ], [ 11.331577320222882, 10.087074802158389 ], [ 11.332253882137566, 10.087083258300966 ], [ 11.332666329767724, 10.087072399444752 ], [ 11.33375729221253, 10.087341103363244 ], [ 11.336097449681056, 10.087590368218608 ], [ 11.336489128515256, 10.086774226574834 ], [ 11.336783116180207, 10.086490431883057 ], [ 11.337856209332026, 10.086504540712072 ], [ 11.33812668121039, 10.086220381252584 ], [ 11.338555433036234, 10.085951516378898 ], [ 11.339774240695577, 10.086757301366672 ], [ 11.340595092488217, 10.086472414329858 ], [ 11.341065574589809, 10.086950423407472 ], [ 11.342817416289995, 10.087276360594425 ], [ 11.344513209038464, 10.088126924083074 ], [ 11.345259326191432, 10.088886266903506 ], [ 11.345541240391144, 10.0891500875352 ], [ 11.345810408227223, 10.089424590260155 ], [ 11.346806579458557, 10.089736812194989 ], [ 11.347186156578779, 10.09049928607871 ], [ 11.347516498200969, 10.090808829406901 ], [ 11.348582350823071, 10.09129741221987 ], [ 11.349268605452556, 10.090579245887962 ], [ 11.350085385011299, 10.09179558488111 ], [ 11.351034435675455, 10.092093300630346 ], [ 11.351569544144812, 10.092637550301097 ], [ 11.352171117513032, 10.092621080114629 ], [ 11.353439181253144, 10.091962299057922 ], [ 11.353767794331539, 10.092621336873419 ], [ 11.354057109617365, 10.093166805268698 ], [ 11.35486704206005, 10.093144606582134 ], [ 11.355141605533637, 10.093424885162646 ], [ 11.355972662933507, 10.093955890205818 ], [ 11.356420190189663, 10.096561681711002 ], [ 11.357085215359026, 10.097186007367647 ], [ 11.357364891398914, 10.098020662300932 ], [ 11.357908955697413, 10.09773770892825 ], [ 11.358487313161223, 10.097467748187476 ], [ 11.359574989467209, 10.098013319372237 ], [ 11.360118385525036, 10.099104491990104 ], [ 11.360108802914587, 10.099842192664628 ], [ 11.36176332801387, 10.100150172599259 ], [ 11.362189721775257, 10.100584505931199 ], [ 11.362589584743638, 10.101776251286486 ], [ 11.363696241086362, 10.102576370078486 ], [ 11.363971378618285, 10.103664161235701 ], [ 11.367179536769592, 10.103923887987674 ], [ 11.367548833868254, 10.105024763791931 ], [ 11.368467866212464, 10.10588710636021 ], [ 11.368041134087667, 10.106722057409774 ], [ 11.368415479959316, 10.107781591632993 ], [ 11.369486860672248, 10.107409571095832 ], [ 11.370021291468749, 10.107416315689887 ], [ 11.370442298475117, 10.107404812859238 ], [ 11.370843387874126, 10.10657163233641 ], [ 11.371520454471691, 10.105917031423049 ], [ 11.372171671519652, 10.105235610935678 ], [ 11.372754232430433, 10.104956592631469 ], [ 11.373854224704196, 10.106591774619879 ], [ 11.375205929782927, 10.106555022217005 ], [ 11.375908550111031, 10.106906851483245 ], [ 11.377123357097664, 10.106275366895082 ], [ 11.377696361181549, 10.106005411266683 ], [ 11.377678522773529, 10.107358466169098 ], [ 11.377702851031211, 10.108195992698706 ], [ 11.379192402594958, 10.108155580058078 ], [ 11.379739655109169, 10.10816221496526 ], [ 11.380423521666858, 10.108143504411949 ], [ 11.381395113170395, 10.108156071283515 ], [ 11.381805159242438, 10.108978096237907 ], [ 11.382351867403436, 10.109490951566054 ], [ 11.382621080469903, 10.109765412927885 ], [ 11.384095304513723, 10.110110047081411 ], [ 11.384575574713494, 10.11059849130142 ], [ 11.385097373816546, 10.111645275301314 ], [ 11.385766611909405, 10.111960783419061 ], [ 11.386203740486867, 10.113263935304456 ], [ 11.386525113441841, 10.113798535357567 ], [ 11.388328839062391, 10.113171740006493 ], [ 11.389074027941602, 10.113929364990208 ], [ 11.390310623107052, 10.113499948627673 ], [ 11.390723203908987, 10.113504894341952 ], [ 11.391270304549993, 10.113490329780962 ], [ 11.392247248328728, 10.113502821070563 ], [ 11.392779928400023, 10.114571747246099 ], [ 11.393166893925052, 10.115302840952568 ], [ 11.393888695983236, 10.11564283383289 ], [ 11.395185825028515, 10.116603464726678 ], [ 11.397231070941535, 10.116983585242021 ], [ 11.399104961317226, 10.11760375216047 ], [ 11.399098638596822, 10.118047530503933 ], [ 11.39910706444048, 10.118318579701665 ], [ 11.399102666174254, 10.11858972242651 ], [ 11.399111233746893, 10.118879833271906 ], [ 11.400202236048356, 10.118850163360463 ], [ 11.400475867558615, 10.118853462212943 ], [ 11.40075155704478, 10.11884615443811 ], [ 11.402796441979646, 10.119175935573223 ], [ 11.403767870294805, 10.120456079378448 ], [ 11.404870632863981, 10.120713831204364 ], [ 11.404862915820882, 10.121256106700777 ], [ 11.405898318574717, 10.12222706887785 ], [ 11.40707352160941, 10.122595478690217 ], [ 11.40706915059342, 10.122869267615346 ], [ 11.407077584164513, 10.123140314963811 ], [ 11.407063168220297, 10.124216914241476 ], [ 11.407910481361501, 10.12475822193835 ], [ 11.408184999853836, 10.125309548752197 ], [ 11.408751341404143, 10.125293749761024 ], [ 11.409273115465377, 10.124748238255876 ], [ 11.409822526749286, 10.124755331227504 ], [ 11.410369634070124, 10.124740200236365 ], [ 11.410643268706584, 10.124743489440878 ], [ 11.412229026231877, 10.124700087014332 ], [ 11.412586506426983, 10.123194719969936 ], [ 11.414462605017185, 10.122817706270654 ], [ 11.415594316899845, 10.122229583472189 ], [ 11.417484095273533, 10.122253820011359 ], [ 11.417469769039444, 10.123337824318389 ], [ 11.417751764420094, 10.123601562188474 ], [ 11.418021015384818, 10.12387598468997 ], [ 11.418576604648772, 10.124137709228416 ], [ 11.418847888341405, 10.124683222682526 ], [ 11.419131917984622, 10.125218050653094 ], [ 11.419120859043964, 10.126024039431735 ], [ 11.420745687699871, 10.127912470191676 ], [ 11.421890233314864, 10.128179908886471 ], [ 11.422716021047094, 10.129266718413001 ], [ 11.422984311245242, 10.128985162151414 ], [ 11.423396016891562, 10.128587646246521 ], [ 11.426929865971674, 10.127791670329698 ], [ 11.427640085266802, 10.12814807453106 ], [ 11.428192533759159, 10.128132873229225 ], [ 11.428727816865001, 10.128676952691739 ], [ 11.429283419733801, 10.128938655100473 ], [ 11.429552683812176, 10.129213064747919 ], [ 11.430138237093438, 10.129761534365375 ], [ 11.430940730658289, 10.12973918286575 ], [ 11.43147602065315, 10.130283256096723 ], [ 11.431758032069149, 10.130546977759648 ], [ 11.432415670330288, 10.131866390412062 ], [ 11.434261431279554, 10.132426166541636 ], [ 11.436301231735323, 10.131365284809366 ], [ 11.43682757135095, 10.132420908170909 ], [ 11.437796766182503, 10.132394125413194 ], [ 11.437785938198044, 10.133223929615257 ], [ 11.438348906687173, 10.1337513668842 ], [ 11.438618181717041, 10.134025766282068 ], [ 11.438900201526234, 10.134289479624272 ], [ 11.439171528264426, 10.134834965978573 ], [ 11.439554270619523, 10.135555945885175 ], [ 11.439994332894269, 10.135094661172539 ], [ 11.440545928806564, 10.134824755483493 ], [ 11.440811021835838, 10.134546387344722 ], [ 11.442966790985219, 10.134264552504163 ], [ 11.443294564827038, 10.13647540876984 ], [ 11.445780078158922, 10.13640660254862 ], [ 11.448004130696596, 10.136953412332447 ], [ 11.449043858424496, 10.136925008457405 ], [ 11.449389422274436, 10.137954415222374 ], [ 11.452063739126777, 10.138257972519147 ], [ 11.452606626059266, 10.138530313161816 ], [ 11.453402724947519, 10.138790169522251 ], [ 11.453700549751066, 10.136214081859135 ], [ 11.454507362007094, 10.136618408888845 ], [ 11.455079021573862, 10.136879939565281 ], [ 11.455738548277161, 10.136188786636252 ], [ 11.456197405852096, 10.136655014034787 ], [ 11.459312280814222, 10.136568689792595 ], [ 11.460049780578322, 10.135032410214954 ], [ 11.461923764774149, 10.134665198253142 ], [ 11.463525646555912, 10.135195382714887 ], [ 11.464403079808884, 10.135469957982945 ], [ 11.465309219166272, 10.135445154055381 ], [ 11.465721806022977, 10.135449998734666 ], [ 11.466261534189439, 10.135169552716951 ], [ 11.466829128308182, 10.134899487589875 ], [ 11.467358018913691, 10.135437709415054 ], [ 11.468476866342479, 10.135695103056538 ], [ 11.468997456446568, 10.135148995129191 ], [ 11.469291455483202, 10.134880983018599 ], [ 11.469828967913868, 10.135428136412376 ], [ 11.472019611931447, 10.135939549989631 ], [ 11.473106464518338, 10.136484149087593 ], [ 11.474763853024184, 10.137003264240903 ], [ 11.475033155303942, 10.137277625756763 ], [ 11.4757705801802, 10.137968867359387 ], [ 11.47696300543379, 10.138342159704612 ], [ 11.478583127240444, 10.138877947844872 ], [ 11.479015895420806, 10.13886620843647 ], [ 11.479836800467035, 10.13887642240006 ], [ 11.480668134857881, 10.138853198168318 ], [ 11.481064721367098, 10.138028974700962 ], [ 11.481882417513798, 10.138039208259674 ], [ 11.483086673950334, 10.138005746496559 ], [ 11.483510154021328, 10.136650248158583 ], [ 11.482672595921031, 10.135864478150895 ], [ 11.482684506292163, 10.134912909672741 ], [ 11.482672805237243, 10.134503708675373 ], [ 11.483771523540915, 10.134229602318058 ], [ 11.484285721124369, 10.133690407963925 ], [ 11.484800830042838, 10.133408534246929 ], [ 11.48652667066488, 10.134767356313816 ], [ 11.487602687430124, 10.134737498548684 ], [ 11.48801847747297, 10.134742820535811 ], [ 11.487526799475701, 10.135706491848278 ], [ 11.489728407853478, 10.136114978883061 ], [ 11.490149564694333, 10.137368238341756 ], [ 11.491355917183611, 10.13774560558603 ], [ 11.490363577318098, 10.139061475756863 ], [ 11.490379632654811, 10.139617835498695 ], [ 11.490965286637236, 10.140166167358768 ], [ 11.49202939675353, 10.140667976791002 ], [ 11.492301941107867, 10.140944942108213 ], [ 11.49257016819988, 10.140663870650055 ], [ 11.493140870566945, 10.140384208508047 ], [ 11.49367414489662, 10.139825794627731 ], [ 11.494796470494261, 10.13984003485197 ], [ 11.495996522767403, 10.141058237948778 ], [ 11.497020647053176, 10.139985142998981 ], [ 11.497769558514344, 10.140360138047358 ], [ 11.498582865773546, 10.139804881506901 ], [ 11.499134395954531, 10.139534887052791 ], [ 11.499671898897235, 10.13897219856692 ], [ 11.500631744793855, 10.138983948930411 ], [ 11.501314540428348, 10.138964981152538 ], [ 11.501865979217538, 10.139785170441559 ], [ 11.502421633052325, 10.140046730259574 ], [ 11.503298527976259, 10.140936972897315 ], [ 11.503797951953745, 10.141939162448816 ], [ 11.504352409425069, 10.142458580620639 ], [ 11.504644558254078, 10.143881162776346 ], [ 11.504631137245951, 10.144904206571853 ], [ 11.505454768180355, 10.145676772147585 ], [ 11.505746822854928, 10.14626172681078 ], [ 11.506825615149944, 10.147272189327186 ], [ 11.507148563462698, 10.150588450070895 ], [ 11.507446673979629, 10.150851964902381 ], [ 11.508174998392221, 10.150089251364209 ], [ 11.508520773056247, 10.151120134398264 ], [ 11.509087172408588, 10.151934362667067 ], [ 11.509871505202515, 10.151912475646061 ], [ 11.512033206255072, 10.152260725821071 ], [ 11.512391012339142, 10.153324865577964 ], [ 11.51429596745924, 10.154052576416996 ], [ 11.514856078141724, 10.154333134671937 ], [ 11.514845263796596, 10.155137480523367 ], [ 11.514880476384713, 10.155403532587503 ], [ 11.515937503699652, 10.154853245168855 ], [ 11.51874670497647, 10.154491224457342 ], [ 11.519947948641535, 10.154888622579152 ], [ 11.520321489090126, 10.155638122510215 ], [ 11.520967296026519, 10.155942363847775 ], [ 11.52252302269005, 10.156429150639267 ], [ 11.523077777605714, 10.156707085743459 ], [ 11.523070206706675, 10.157240845229746 ], [ 11.523080316441435, 10.157575919540111 ], [ 11.524730959272597, 10.158851923156716 ], [ 11.525005706150932, 10.159132011002658 ], [ 11.52582209996382, 10.159108775749161 ], [ 11.526096847843258, 10.159388862392644 ], [ 11.526518930483869, 10.159784294448997 ], [ 11.526924038886875, 10.160195740435359 ], [ 11.527487175307844, 10.160722977831524 ], [ 11.528433147811317, 10.161683007873911 ], [ 11.529152428814697, 10.16235781546378 ], [ 11.529131988075209, 10.163971246494629 ], [ 11.530245615796924, 10.164231081908346 ], [ 11.531668356544557, 10.164790317512802 ], [ 11.532163136785776, 10.165321778115159 ], [ 11.531620031425073, 10.165846967444827 ], [ 11.531363555982294, 10.167209668256872 ], [ 11.531085630766999, 10.167477606369429 ], [ 11.530861312081118, 10.172922211683463 ], [ 11.531693691243362, 10.173702552832443 ], [ 11.532258473426225, 10.1753829287544 ], [ 11.532239291129171, 10.176880923500526 ], [ 11.531162531259341, 10.17723605473425 ], [ 11.530897507937953, 10.177514485149898 ], [ 11.530619575423952, 10.177782424962862 ], [ 11.530371646693062, 10.180229399618181 ], [ 11.529821123389619, 10.181307937890473 ], [ 11.529859489132408, 10.182649298637557 ], [ 11.529295305169665, 10.183487037202408 ], [ 11.52958496903584, 10.184570723188214 ], [ 11.529172414708198, 10.185795915039353 ], [ 11.52959776972415, 10.18619395497535 ], [ 11.529873573878627, 10.187281453666365 ], [ 11.530205597724683, 10.187907354570287 ], [ 11.529682291765887, 10.189998015698007 ], [ 11.530864252565937, 10.189965035981819 ], [ 11.531638640999189, 10.191516711188777 ], [ 11.532667562759052, 10.192001134004402 ], [ 11.532654900821361, 10.192969086865812 ], [ 11.531565437066442, 10.194022689057407 ], [ 11.531871753294594, 10.195722532724789 ], [ 11.531861727569428, 10.196482916342367 ], [ 11.532143871799986, 10.196746517182689 ], [ 11.532417559307875, 10.197562941498468 ], [ 11.532723556621155, 10.198139267675481 ], [ 11.533794020196183, 10.199142759911604 ], [ 11.534078647092917, 10.19998980470155 ], [ 11.535463516441485, 10.200873836259944 ], [ 11.535451032696727, 10.201862433947339 ], [ 11.536448894444213, 10.203143912836241 ], [ 11.537676616466953, 10.204293881285798 ], [ 11.537946030414323, 10.204568163586925 ], [ 11.538694959691878, 10.20492077939422 ], [ 11.538226072310993, 10.205373937956505 ], [ 11.537949370114061, 10.205663586605665 ], [ 11.537965488600911, 10.206213569397896 ], [ 11.539890404557839, 10.207120373058428 ], [ 11.540770452751392, 10.207560910368908 ], [ 11.541550668422838, 10.208352194061163 ], [ 11.541533485131222, 10.209688147706865 ], [ 11.54157210560315, 10.211051198307247 ], [ 11.542376865261955, 10.211028511220835 ], [ 11.542651679878409, 10.211308568892274 ], [ 11.542933846792614, 10.211572154875814 ], [ 11.543205426742158, 10.211848531391711 ], [ 11.543811166958839, 10.211533014448671 ], [ 11.545667094262884, 10.211556120770638 ], [ 11.546206808416384, 10.211541317008649 ], [ 11.546760607924677, 10.211818661902091 ], [ 11.547863700662464, 10.212075828960987 ], [ 11.548406770455852, 10.21234796013891 ], [ 11.548981899646444, 10.212618779600929 ], [ 11.549519661784482, 10.213163617948581 ], [ 11.549512135811012, 10.21369471958821 ], [ 11.550401775684691, 10.214262217144583 ], [ 11.551170187082779, 10.215042971156022 ], [ 11.551717383569304, 10.215027568848706 ], [ 11.552278699995307, 10.215308019958497 ], [ 11.552268015489634, 10.216112342174078 ], [ 11.552659193405828, 10.217576391468654 ], [ 11.553275259395413, 10.218152903008088 ], [ 11.553944523317167, 10.220437008300209 ], [ 11.554383960379489, 10.220848123564663 ], [ 11.556719978614851, 10.221280889833096 ], [ 11.55724779850806, 10.222850802963707 ], [ 11.557803635065218, 10.223112221737853 ], [ 11.558073082041801, 10.223386479079522 ], [ 11.558355271518554, 10.223650045853049 ], [ 11.558633401901815, 10.225008547817001 ], [ 11.558915593486818, 10.225272113620557 ], [ 11.559185043474038, 10.225546369334102 ], [ 11.560564008431985, 10.226072389178576 ], [ 11.56138293412303, 10.2266133985861 ], [ 11.56195481372961, 10.226874681652056 ], [ 11.562741406838947, 10.226049964159316 ], [ 11.563558209507008, 10.225260480132873 ], [ 11.56383038797992, 10.224675415199945 ], [ 11.563278912283039, 10.224158780113481 ], [ 11.56287366707196, 10.223747411639879 ], [ 11.56236958799969, 10.223275403768577 ], [ 11.562992111833591, 10.22172133965547 ], [ 11.562983482342382, 10.221445034956288 ], [ 11.563399304836018, 10.221043088339343 ], [ 11.563813798205537, 10.220608855727511 ], [ 11.564897861251366, 10.220622029975051 ], [ 11.565947506239084, 10.220076374521387 ], [ 11.568559412325516, 10.219324097580966 ], [ 11.570419907370907, 10.219780630545886 ], [ 11.571730185318954, 10.219743817574352 ], [ 11.572005071892235, 10.220294917687806 ], [ 11.572850585695146, 10.220554021704254 ], [ 11.573371059676569, 10.220007759628666 ], [ 11.573949340062066, 10.219737410818302 ], [ 11.575015137569194, 10.220271138828293 ], [ 11.575592440194892, 10.220542944225507 ], [ 11.576251853693627, 10.220524494304401 ], [ 11.576936069342091, 10.220532847720627 ], [ 11.577941749495166, 10.220504242989374 ], [ 11.578309769790312, 10.221600452542548 ], [ 11.579139254728966, 10.221859665018068 ], [ 11.579687722539619, 10.222134337419297 ], [ 11.579940640927388, 10.220226873489256 ], [ 11.581039471335169, 10.21995239046843 ], [ 11.581574798112523, 10.219129632274198 ], [ 11.58212216699631, 10.21913641316104 ], [ 11.582392458059841, 10.21885207864946 ], [ 11.582830518613981, 10.218428230742733 ], [ 11.584066160984879, 10.218020823884597 ], [ 11.584715085947838, 10.21802838301377 ], [ 11.5851254786401, 10.21801718575534 ], [ 11.585399159305874, 10.218020309273472 ], [ 11.585672754280116, 10.218012843319391 ], [ 11.585946434832449, 10.218015966376841 ], [ 11.586241402876311, 10.218007800827648 ], [ 11.587024576660022, 10.216375676444498 ], [ 11.58730247552363, 10.216107692461186 ], [ 11.587554303575638, 10.214202889192078 ], [ 11.588386513163963, 10.212819741805109 ], [ 11.588340412313038, 10.211217496881957 ], [ 11.588355128733856, 10.209997553336731 ], [ 11.588335730975555, 10.209317378284631 ], [ 11.588805474593899, 10.207923344649911 ], [ 11.592708845921544, 10.207351781946931 ], [ 11.594932429056817, 10.207379101108735 ], [ 11.596740903465902, 10.20828380823801 ], [ 11.597089694564444, 10.208982002982356 ], [ 11.598466402496641, 10.209236811880652 ], [ 11.599831440389568, 10.20950229727411 ], [ 11.600186244495246, 10.209492585884307 ], [ 11.601187448352411, 10.208130838438159 ], [ 11.602196353771106, 10.207585945294241 ], [ 11.60256002894149, 10.208667322572014 ], [ 11.60311585569163, 10.208928661131463 ], [ 11.603389727723748, 10.209744978516952 ], [ 11.603674135574456, 10.210279551885542 ], [ 11.603948010941741, 10.211095868102271 ], [ 11.605324726575903, 10.211350644375708 ], [ 11.607093400702897, 10.211694931537437 ], [ 11.607535950856461, 10.213008087761395 ], [ 11.608130873669628, 10.21412995717813 ], [ 11.610002929283715, 10.214566046077929 ], [ 11.610274613553084, 10.215111301484423 ], [ 11.611106298941188, 10.215641480528493 ], [ 11.611466983981408, 10.217398414503212 ], [ 11.613048290465585, 10.218878725895724 ], [ 11.613112764928379, 10.219132618107992 ], [ 11.6164425, 10.2167379 ], [ 11.6212008, 10.2127362 ], [ 11.6231042, 10.2096709 ], [ 11.6285547, 10.2084789 ], [ 11.6308041, 10.2080532 ], [ 11.6337456, 10.2081383 ], [ 11.6366006, 10.2062651 ], [ 11.6384174, 10.2041364 ], [ 11.6395421, 10.2031147 ], [ 11.6423106, 10.2037958 ], [ 11.6462903, 10.2033701 ], [ 11.6481071, 10.2011563 ], [ 11.650874, 10.2006369 ], [ 11.6546823, 10.2002197 ], [ 11.6564991, 10.2009008 ], [ 11.6585315, 10.20011 ], [ 11.6602193, 10.1994533 ], [ 11.6672702, 10.1980489 ], [ 11.6710485, 10.1972963 ], [ 11.686826, 10.1899245 ], [ 11.6956926, 10.1878066 ], [ 11.710892, 10.1732686 ], [ 11.7257907, 10.1501594 ], [ 11.7275277, 10.1461619 ], [ 11.7314011, 10.1431456 ], [ 11.736041, 10.1178043 ], [ 11.7501072, 10.1041129 ], [ 11.7516611, 10.1019017 ], [ 11.7514893, 10.1007615 ], [ 11.7520376, 10.0991611 ], [ 11.7537654, 10.096751 ], [ 11.7537276, 10.095599 ], [ 11.7543553, 10.0932546 ], [ 11.7546475, 10.0916363 ], [ 11.7554154, 10.0882416 ], [ 11.7562344, 10.08341 ], [ 11.76065, 10.0789574 ], [ 11.7646043, 10.076872 ], [ 11.7667301, 10.0768786 ], [ 11.7728191, 10.069067 ], [ 11.7802588, 10.0595226 ], [ 11.7824331, 10.0538709 ], [ 11.7833749, 10.051773 ], [ 11.784484, 10.0489608 ], [ 11.7851205, 10.0457789 ], [ 11.7899341, 10.0393047 ], [ 11.8017624, 10.035845 ], [ 11.8135407, 10.0352502 ], [ 11.8208203, 10.0351693 ], [ 11.8242483, 10.0351312 ], [ 11.8319816, 10.0345363 ], [ 11.8357254, 10.0338945 ], [ 11.8357763, 10.0338858 ], [ 11.8354581, 10.0285262 ], [ 11.8296285, 10.0163909 ], [ 11.8253454, 9.9948568 ], [ 11.8248015, 9.9817749 ], [ 11.8226695, 9.9698967 ], [ 11.8237297, 9.9557679 ], [ 11.8332355, 9.9490446 ], [ 11.8331843, 9.9490419 ], [ 11.8335862, 9.9430742 ], [ 11.8347283, 9.929654 ], [ 11.8293031, 9.9153773 ], [ 11.8193094, 9.9028137 ], [ 11.816454, 9.8913923 ], [ 11.8090335, 9.8763758 ], [ 11.8058206, 9.8652513 ], [ 11.8038105, 9.8551779 ], [ 11.8015799, 9.8459257 ], [ 11.8011608, 9.8406847 ], [ 11.8034379, 9.83234 ], [ 11.8263544, 9.8228813 ], [ 11.8444089, 9.8192828 ], [ 11.8518033, 9.8140487 ], [ 11.8519641, 9.813113 ], [ 11.8534785, 9.8043024 ], [ 11.8542399, 9.7997339 ], [ 11.8545445, 9.7934902 ], [ 11.8531933, 9.7898092 ], [ 11.8508635, 9.7863817 ], [ 11.8473749, 9.782958 ], [ 11.8403988, 9.7761087 ], [ 11.8357534, 9.772687 ], [ 11.833377036304395, 9.768621191755955 ], [ 11.832969791751685, 9.769049816270943 ] ] ] } },
{ "type": "Feature", "properties": { "Id": 102, "gridcode": 11, "Shape_Leng": 170.15467912899999, "Shape_Area": 1214.03343937, "NUMB": 15.0, "NAME": "Gali-Lamurde", "source_state": "Gombe" }, "geometry": { "type": "Polygon", "coordinates": [ [ [ 10.565071619371151, 10.615235962863951 ], [ 10.566400105026325, 10.616486441191016 ], [ 10.565976004840428, 10.617732503227515 ], [ 10.566147, 10.6181085 ], [ 10.566205017623107, 10.618278404399405 ], [ 10.566877369103665, 10.618616833747192 ], [ 10.567403111962104, 10.618069629242825 ], [ 10.567974215854429, 10.618332713586277 ], [ 10.568244436436999, 10.61860789466866 ], [ 10.568773365235552, 10.619105867187038 ], [ 10.569088610064579, 10.619703968513566 ], [ 10.569072599721249, 10.620764075848442 ], [ 10.570451608758844, 10.621309183406979 ], [ 10.572150230071987, 10.621628600994381 ], [ 10.573195034379985, 10.623731236319284 ], [ 10.574306412577272, 10.623459734905095 ], [ 10.574830551646516, 10.622914646047565 ], [ 10.57563227669201, 10.623662336263425 ], [ 10.575989662350665, 10.626104796155435 ], [ 10.577337550114837, 10.626422762429256 ], [ 10.577333614984191, 10.62669931049833 ], [ 10.578985362048613, 10.626956940743819 ], [ 10.578943955272715, 10.629632367757697 ], [ 10.580166943115655, 10.630443081394327 ], [ 10.581746621350876, 10.630740258448489 ], [ 10.582016865076566, 10.631015424132995 ], [ 10.582297763960925, 10.631279939760981 ], [ 10.582572201394804, 10.632368772309041 ], [ 10.586185835983541, 10.633508549768003 ], [ 10.587249721526783, 10.634509683712267 ], [ 10.587241757928508, 10.635041057842473 ], [ 10.58763260385258, 10.635439566089367 ], [ 10.589810307726861, 10.63487548748377 ], [ 10.590269877966938, 10.635308077137729 ], [ 10.590799132693526, 10.636373356223736 ], [ 10.592055018378229, 10.636391883294523 ], [ 10.592994730346032, 10.636368572825262 ], [ 10.59329286141771, 10.636648881173457 ], [ 10.593563120011611, 10.636924034564373 ], [ 10.594118211736586, 10.637187144367122 ], [ 10.594388471510928, 10.63746229686169 ], [ 10.595217743357338, 10.63772401074983 ], [ 10.595490824203374, 10.638541603435415 ], [ 10.596511057069012, 10.638863262360623 ], [ 10.597145779342686, 10.640431774210544 ], [ 10.597690967421366, 10.641465171356435 ], [ 10.597983107776301, 10.642341463493018 ], [ 10.598534726507618, 10.642860446265992 ], [ 10.599069499886848, 10.644462304692215 ], [ 10.599872780268276, 10.645280893537986 ], [ 10.600737656775724, 10.645690205317202 ], [ 10.600472428469596, 10.646381811846414 ], [ 10.599926776453438, 10.646905861822876 ], [ 10.600475079007547, 10.647197598793179 ], [ 10.601000795132592, 10.646650340510096 ], [ 10.602420798606856, 10.646913781011074 ], [ 10.60321601699742, 10.647723924389117 ], [ 10.603771135391577, 10.647987012878586 ], [ 10.60532399250746, 10.648768373912747 ], [ 10.606166405241394, 10.64662391214231 ], [ 10.606507316052015, 10.646888093369375 ], [ 10.606781858451948, 10.647976889205356 ], [ 10.607336979456248, 10.648239970858484 ], [ 10.607612948701924, 10.649599984142567 ], [ 10.607893885656889, 10.649864470865328 ], [ 10.608164168892097, 10.650139607842419 ], [ 10.608715818190449, 10.650658567888259 ], [ 10.608993849892842, 10.651491478322386 ], [ 10.609823168185319, 10.651753145994851 ], [ 10.610094879467642, 10.652299499272004 ], [ 10.61066074942917, 10.652567816154253 ], [ 10.611448290706242, 10.654151918613779 ], [ 10.612413160060198, 10.65513544341457 ], [ 10.613677547727175, 10.654722093413431 ], [ 10.614204150182408, 10.653634478750707 ], [ 10.615044187725804, 10.653896075862427 ], [ 10.615314480557632, 10.654171205140223 ], [ 10.617304587964576, 10.65448142572841 ], [ 10.618040093582783, 10.65523038151831 ], [ 10.618887394308757, 10.655243484268235 ], [ 10.619710947883711, 10.655222274663986 ], [ 10.620258917382937, 10.656863208893723 ], [ 10.620820826332681, 10.657392154830879 ], [ 10.621350661506781, 10.657931860477117 ], [ 10.621919060666844, 10.657662990368189 ], [ 10.622460626789218, 10.657383662574238 ], [ 10.622740202265751, 10.657387511753855 ], [ 10.62381051109211, 10.656835276849172 ], [ 10.628219718946928, 10.656545396662169 ], [ 10.628771958497946, 10.656260706530997 ], [ 10.630406029724307, 10.656285046625715 ], [ 10.630410344603126, 10.655988903574459 ], [ 10.630396877277827, 10.655470894867037 ], [ 10.630781985432874, 10.654675880248208 ], [ 10.632325326044869, 10.65516261008581 ], [ 10.632869822751781, 10.655436292519475 ], [ 10.634936402414253, 10.655824398992177 ], [ 10.635363629705806, 10.657103589183109 ], [ 10.636994688009, 10.656764514404815 ], [ 10.637370220607243, 10.657888759155249 ], [ 10.638591331246975, 10.658502685129115 ], [ 10.639906878935799, 10.658049234978343 ], [ 10.640563082339966, 10.658379527805639 ], [ 10.641118243529226, 10.658642542339971 ], [ 10.642177980995507, 10.659721872403177 ], [ 10.64359035528549, 10.659448536918321 ], [ 10.644081920696493, 10.658937415686051 ], [ 10.646414887031179, 10.657468401924252 ], [ 10.647427264139774, 10.657805281248832 ], [ 10.647960357208003, 10.657250498841041 ], [ 10.649061035836205, 10.656978781208421 ], [ 10.650122736677837, 10.656430746844068 ], [ 10.652898178355626, 10.656682032145692 ], [ 10.653965725725127, 10.657218835784141 ], [ 10.654648836604558, 10.656580084482851 ], [ 10.655083393251195, 10.65612805001502 ], [ 10.655890509541772, 10.656139675868893 ], [ 10.65697301939713, 10.655580915633307 ], [ 10.657280774643425, 10.655845209143628 ], [ 10.657561872678759, 10.656131362644915 ], [ 10.658518741205004, 10.656106697223402 ], [ 10.658930844886672, 10.657740307351467 ], [ 10.660007361212362, 10.65825002457813 ], [ 10.660085091900504, 10.661228787156251 ], [ 10.65950650161078, 10.661784358940128 ], [ 10.660140808574727, 10.662121608748643 ], [ 10.661607214660377, 10.661741960606996 ], [ 10.662356345407032, 10.662118854851727 ], [ 10.664123546810425, 10.661509816328746 ], [ 10.664698634925053, 10.661986688005559 ], [ 10.66499588110492, 10.662876632578387 ], [ 10.665817325238475, 10.663648836126692 ], [ 10.665832162253611, 10.664210264535415 ], [ 10.665821420300544, 10.664893664976841 ], [ 10.666654739714776, 10.66528810947117 ], [ 10.666925083760608, 10.665563185572259 ], [ 10.667480274408604, 10.665826147855961 ], [ 10.667883681530808, 10.666637652461045 ], [ 10.669128422986596, 10.666365093969411 ], [ 10.669857397303717, 10.665988809180567 ], [ 10.671874776552068, 10.667158785911171 ], [ 10.672694997781702, 10.667702134562601 ], [ 10.673525873864802, 10.668234828052764 ], [ 10.673517594350441, 10.6687773073185 ], [ 10.673805595956464, 10.66904804336261 ], [ 10.673419235105969, 10.670573590683812 ], [ 10.675735770576289, 10.671206386684227 ], [ 10.676280325263537, 10.671479983177392 ], [ 10.676835532909898, 10.671742925907784 ], [ 10.67809008521629, 10.672574214815825 ], [ 10.680109931394849, 10.672522579644133 ], [ 10.680683237758995, 10.67334956949235 ], [ 10.681226944813375, 10.674442106718429 ], [ 10.682522629933183, 10.675055437905353 ], [ 10.683016531668372, 10.676049180487052 ], [ 10.6837128865357, 10.675779512300117 ], [ 10.684236878704832, 10.675234257665149 ], [ 10.684603930096447, 10.675560705302575 ], [ 10.685383309907929, 10.677431707757538 ], [ 10.685359345518336, 10.679010926733843 ], [ 10.686441929271814, 10.680406191095242 ], [ 10.686508446041312, 10.68294900799663 ], [ 10.686486531349537, 10.684412736537768 ], [ 10.686781437684335, 10.685250217138352 ], [ 10.686769769121314, 10.686046975653843 ], [ 10.687056310273274, 10.686338892135028 ], [ 10.688059935961382, 10.686813922521257 ], [ 10.689248854569549, 10.687575583265643 ], [ 10.689273200066443, 10.688491332388111 ], [ 10.688989241457509, 10.688764083613611 ], [ 10.688726412877799, 10.689855663628071 ], [ 10.68818674932354, 10.691443496097222 ], [ 10.688457341680726, 10.69175562519141 ], [ 10.689296129633515, 10.692152611990878 ], [ 10.689277677750585, 10.693367352965867 ], [ 10.690590523269593, 10.693386730609031 ], [ 10.692042980783709, 10.693084337977938 ], [ 10.693370710631973, 10.69443585791374 ], [ 10.694234728263414, 10.69416525194271 ], [ 10.694764048375809, 10.69361412191391 ], [ 10.695321108976378, 10.693622220868209 ], [ 10.696684335042969, 10.692588225346347 ], [ 10.698086616914381, 10.694437249608539 ], [ 10.700790971434675, 10.694367963274392 ], [ 10.701598947236013, 10.695190971406213 ], [ 10.702741167913057, 10.695731405760533 ], [ 10.703017863337408, 10.696558367130118 ], [ 10.703298919047221, 10.696822748472663 ], [ 10.70356932347628, 10.697097783032694 ], [ 10.7046842929789, 10.697360257472484 ], [ 10.704668346060455, 10.698436720974863 ], [ 10.7052554034248, 10.6987317410376 ], [ 10.706871608805899, 10.698690590156641 ], [ 10.707694353548048, 10.698702508591969 ], [ 10.708777176210539, 10.698674860698583 ], [ 10.709071126480001, 10.699232096167021 ], [ 10.709474693691178, 10.700043521754663 ], [ 10.710993721680582, 10.699769278892074 ], [ 10.711535251232489, 10.699489798415534 ], [ 10.712361767446792, 10.6992193482742 ], [ 10.713089676492498, 10.698843495092673 ], [ 10.713453281110425, 10.699213354848387 ], [ 10.714844621368695, 10.699474272301112 ], [ 10.715377374583781, 10.700016414984358 ], [ 10.715939512637165, 10.700545151549374 ], [ 10.716750766054364, 10.701370212600832 ], [ 10.71752236684047, 10.702095904093412 ], [ 10.718439544678954, 10.703277400029204 ], [ 10.718416144303413, 10.704827987263455 ], [ 10.720548209883219, 10.705175901844106 ], [ 10.722541443080575, 10.705124637605202 ], [ 10.72322628514795, 10.705468871324491 ], [ 10.723907193031005, 10.705117089205542 ], [ 10.724940605427417, 10.70477924788954 ], [ 10.726973191069979, 10.70354437341363 ], [ 10.727737274488847, 10.704262131122054 ], [ 10.728018996637063, 10.704828415359959 ], [ 10.729122740035116, 10.705088208227522 ], [ 10.731044652644334, 10.706438887862479 ], [ 10.731876796438888, 10.706971916639409 ], [ 10.731557252821048, 10.708235450110534 ], [ 10.731890425794354, 10.710502327735666 ], [ 10.73244574204516, 10.71076515255694 ], [ 10.733262741058613, 10.711175368448943 ], [ 10.734095719379876, 10.711569601901328 ], [ 10.734531337413237, 10.712445428136919 ], [ 10.736023020070666, 10.712914913202429 ], [ 10.73665559715004, 10.713857439799654 ], [ 10.737227326083152, 10.712675661167008 ], [ 10.738516338130449, 10.712357006028213 ], [ 10.739300637313365, 10.711540593033943 ], [ 10.740385450622071, 10.711012778914005 ], [ 10.741185711979933, 10.710179323656474 ], [ 10.741502201332235, 10.710450882113461 ], [ 10.742049111761535, 10.712615368253804 ], [ 10.742604438020614, 10.712878172949308 ], [ 10.743429546687526, 10.714234892236092 ], [ 10.744804445287455, 10.714885084143084 ], [ 10.744265344321065, 10.71558625067423 ], [ 10.74396224663511, 10.715877694926418 ], [ 10.744275517999764, 10.718298267247672 ], [ 10.744826424939445, 10.718815877337361 ], [ 10.744833979304877, 10.719106111742207 ], [ 10.744818159257203, 10.720177787193636 ], [ 10.745381994876123, 10.720707506663279 ], [ 10.745927661433232, 10.721804636707343 ], [ 10.747039596955798, 10.722079670265172 ], [ 10.7481434106588, 10.722339383090056 ], [ 10.748514363779138, 10.724163177977301 ], [ 10.74920441698084, 10.723445264476707 ], [ 10.750308285293762, 10.722874929196998 ], [ 10.750753444148049, 10.723256457729025 ], [ 10.751438239206349, 10.723953398868742 ], [ 10.751725281901159, 10.724222989812995 ], [ 10.751714736684024, 10.724903712605663 ], [ 10.752548307066546, 10.725297883670343 ], [ 10.752902567950574, 10.726356876465829 ], [ 10.754632868885549, 10.725463058468762 ], [ 10.755019547663451, 10.725826369516021 ], [ 10.75542525822126, 10.726238835286251 ], [ 10.755987509927303, 10.726767481143179 ], [ 10.756393223055344, 10.727179945220966 ], [ 10.757222822408199, 10.72744116938709 ], [ 10.758129958762433, 10.728792071754178 ], [ 10.758874539857919, 10.728521955716634 ], [ 10.759397920555166, 10.727977116065075 ], [ 10.759951684710677, 10.727962860388372 ], [ 10.760244124517136, 10.728237707778536 ], [ 10.760519312461387, 10.72932626821455 ], [ 10.760941011284068, 10.729722743570569 ], [ 10.761595666785684, 10.730388574154862 ], [ 10.762446828705693, 10.730671378264473 ], [ 10.763520624424405, 10.730643574597094 ], [ 10.76409528051574, 10.731183254923376 ], [ 10.76384382050267, 10.734189118139293 ], [ 10.763567337990192, 10.734727797592562 ], [ 10.763301627956441, 10.735277010900337 ], [ 10.762814336632324, 10.736226340940533 ], [ 10.763312606629624, 10.737170082373666 ], [ 10.763586245091487, 10.737987441001684 ], [ 10.764999050616598, 10.739698285293176 ], [ 10.764968630322867, 10.741746790793092 ], [ 10.765806687948983, 10.742994759419723 ], [ 10.766639788205888, 10.743388884550205 ], [ 10.767187693333133, 10.744204677888479 ], [ 10.767609423188935, 10.744601139175963 ], [ 10.768015177366992, 10.745013581354783 ], [ 10.768554863170918, 10.745520605656878 ], [ 10.768590621139824, 10.746878008374651 ], [ 10.768305184415343, 10.747718669568142 ], [ 10.768315603023538, 10.748128064404725 ], [ 10.768309936895127, 10.748534902051176 ], [ 10.76831687217642, 10.748806066150149 ], [ 10.768301181354344, 10.749883024434677 ], [ 10.769155012429287, 10.750429573148034 ], [ 10.769131171238222, 10.752037860358081 ], [ 10.769704805577954, 10.752576468219896 ], [ 10.769437608981951, 10.752870382724636 ], [ 10.76834690765121, 10.753227254195771 ], [ 10.768336089579851, 10.753945052275744 ], [ 10.768617381077807, 10.754231073740781 ], [ 10.76974863984214, 10.754765973551718 ], [ 10.770601143287198, 10.755632987699563 ], [ 10.773297774349096, 10.756368697332077 ], [ 10.77411681406633, 10.756640516779431 ], [ 10.776323701858647, 10.756894328244218 ], [ 10.776311335660342, 10.75771012507505 ], [ 10.77726642516865, 10.758161780700876 ], [ 10.778798862550953, 10.759049237847249 ], [ 10.779340289554208, 10.760667518614076 ], [ 10.780981774121898, 10.760690940708191 ], [ 10.781526450768832, 10.760123693408561 ], [ 10.782281663134432, 10.760470540288022 ], [ 10.782645943550577, 10.761202068975503 ], [ 10.783024085215883, 10.761557436914543 ], [ 10.782650696341417, 10.762284198569784 ], [ 10.783488409820063, 10.76363274097584 ], [ 10.783762135209185, 10.7644500680283 ], [ 10.786229647041324, 10.764832603589884 ], [ 10.786240657919933, 10.76524675700024 ], [ 10.786235019320031, 10.765653590761794 ], [ 10.786252941858322, 10.766331489640532 ], [ 10.786232926006839, 10.767662184021999 ], [ 10.786772394492775, 10.768211011666324 ], [ 10.787632760509142, 10.768761695204969 ], [ 10.788036643253882, 10.76957296776191 ], [ 10.788812107946349, 10.769080121732612 ], [ 10.789318160228303, 10.76750614567244 ], [ 10.790974605959061, 10.76624863818784 ], [ 10.793327600930187, 10.766830407070941 ], [ 10.793904955997666, 10.766356705748871 ], [ 10.794190586905472, 10.765469416086521 ], [ 10.794467029686533, 10.764930714577936 ], [ 10.794735820809853, 10.764094901920416 ], [ 10.7952817951294, 10.763570001011354 ], [ 10.795549064842001, 10.763291956876612 ], [ 10.795827109498939, 10.76302444506344 ], [ 10.796330232820678, 10.762500849524189 ], [ 10.796924630392088, 10.762193366957598 ], [ 10.797726027519678, 10.76300867758461 ], [ 10.798907276315314, 10.763380025378014 ], [ 10.799395208494795, 10.764359761955705 ], [ 10.80058934553781, 10.764735264418718 ], [ 10.801326819129264, 10.76542804678698 ], [ 10.801758751910732, 10.766717969284642 ], [ 10.802949940507041, 10.767316474409887 ], [ 10.803257452206589, 10.7673205132925 ], [ 10.804626590316015, 10.767034993401005 ], [ 10.804898222660087, 10.767310966585111 ], [ 10.805771965301544, 10.767585552283487 ], [ 10.806833671527089, 10.768118584520392 ], [ 10.808138419337642, 10.76808502351783 ], [ 10.810343370449258, 10.768629912091557 ], [ 10.810943880317103, 10.768360504954703 ], [ 10.811478388964629, 10.767803864149485 ], [ 10.812246100343932, 10.767814738404283 ], [ 10.813955925191705, 10.767529305720043 ], [ 10.814223177992886, 10.767251247757113 ], [ 10.814501206443376, 10.766983721336818 ], [ 10.814860558258102, 10.766609782050343 ], [ 10.815870691779921, 10.767117128784749 ], [ 10.817208446245864, 10.766425473994937 ], [ 10.818064967594161, 10.766686352331586 ], [ 10.818351700505595, 10.766977584773098 ], [ 10.819437907040708, 10.76694949561549 ], [ 10.820303696299311, 10.767236797840217 ], [ 10.821622889899507, 10.767202566285331 ], [ 10.822178465650481, 10.767481091403329 ], [ 10.823008208541795, 10.767742112281368 ], [ 10.823310579625181, 10.768049667247301 ], [ 10.825612606571942, 10.767989508607574 ], [ 10.826298345683009, 10.767999242221926 ], [ 10.82659614215571, 10.767991660828745 ], [ 10.827764676403032, 10.769179727226348 ], [ 10.829044198816781, 10.768518559631204 ], [ 10.829594946538093, 10.76879497950817 ], [ 10.830459218594196, 10.768208291853263 ], [ 10.833045200105778, 10.768244921726787 ], [ 10.833858143866113, 10.766170669556287 ], [ 10.834236100237899, 10.765777533095569 ], [ 10.834788365752567, 10.765508369250263 ], [ 10.835322822762825, 10.764952224919234 ], [ 10.835878832940885, 10.764417139851624 ], [ 10.836398377648004, 10.763875913209036 ], [ 10.837805735477447, 10.763190652463081 ], [ 10.837775246064929, 10.762048853732187 ], [ 10.838879221410718, 10.761687429307267 ], [ 10.840490316262168, 10.760593631373878 ], [ 10.840926821542984, 10.760582566745418 ], [ 10.841587358964903, 10.760591887989722 ], [ 10.842175840622696, 10.760026409844318 ], [ 10.842766223500046, 10.758804124484438 ], [ 10.844400104830109, 10.758379682624028 ], [ 10.846517771411273, 10.758409462101563 ], [ 10.846939345589336, 10.757970503274711 ], [ 10.847362187576415, 10.757563845467718 ], [ 10.847335247802535, 10.756570340624911 ], [ 10.848445066011262, 10.756206733299404 ], [ 10.849262586664389, 10.755783951657815 ], [ 10.850471519761715, 10.756390636281669 ], [ 10.851451443269504, 10.755369940702808 ], [ 10.85200367091371, 10.75510075168652 ], [ 10.852817711646173, 10.754548212948727 ], [ 10.853642525949835, 10.75400620274751 ], [ 10.854013122604858, 10.75285354460696 ], [ 10.855003809798378, 10.752370922895246 ], [ 10.85628236500132, 10.751399810141825 ], [ 10.858677677405431, 10.752343652974078 ], [ 10.860479234780716, 10.752020887406873 ], [ 10.861849913707173, 10.750702800364406 ], [ 10.862118697453594, 10.750422582978585 ], [ 10.862709193415844, 10.750719362894145 ], [ 10.864452441683625, 10.750673412602925 ], [ 10.865398474624541, 10.75068679903419 ], [ 10.865687620783719, 10.750408575656936 ], [ 10.865977723570428, 10.748891453544642 ], [ 10.866772912120698, 10.748503724978958 ], [ 10.867314333171624, 10.748223983257246 ], [ 10.868131791710805, 10.748235486954288 ], [ 10.868409617142106, 10.747946206584565 ], [ 10.868961812195616, 10.747676992037078 ], [ 10.869503229229446, 10.747397247069156 ], [ 10.869780177283374, 10.747400877236048 ], [ 10.870323229285038, 10.747387014108407 ], [ 10.871152025061161, 10.747934994107228 ], [ 10.872225808721575, 10.747906806359747 ], [ 10.872670823100263, 10.748324678699142 ], [ 10.873337051220451, 10.749001810239319 ], [ 10.874961585780529, 10.749512137995602 ], [ 10.875558538537307, 10.75007262596494 ], [ 10.875830804612599, 10.750618655389033 ], [ 10.876720812171024, 10.751187963395074 ], [ 10.877743899581811, 10.75222839402357 ], [ 10.878267271005047, 10.752235821685192 ], [ 10.879409657118229, 10.751952953954605 ], [ 10.879685875649441, 10.751665263620483 ], [ 10.880232058732764, 10.752761537775404 ], [ 10.881076323267335, 10.753553566679388 ], [ 10.882399143512067, 10.75489883646234 ], [ 10.882994922790402, 10.755180180932351 ], [ 10.884343063840088, 10.755856323669505 ], [ 10.885230628954766, 10.755424025790688 ], [ 10.886008175339025, 10.754613686380734 ], [ 10.886691185779176, 10.754623306503417 ], [ 10.887374559506368, 10.754605381188535 ], [ 10.887909307584444, 10.755149798637722 ], [ 10.888205009621124, 10.755153826800166 ], [ 10.889120071223932, 10.754837876906457 ], [ 10.890895019717357, 10.756011920211401 ], [ 10.891727366383776, 10.755144560591525 ], [ 10.892592828945181, 10.755121805772617 ], [ 10.893416213402107, 10.755394856134791 ], [ 10.894506970141521, 10.754565639178294 ], [ 10.895715019661493, 10.755364933582682 ], [ 10.897210673880858, 10.755385985979984 ], [ 10.898072272138103, 10.755088346355114 ], [ 10.899996710289251, 10.754810684458906 ], [ 10.900343681110868, 10.754448392681638 ], [ 10.901915052830836, 10.755612489433735 ], [ 10.903842822508963, 10.755866557444534 ], [ 10.904112369271816, 10.756141385174088 ], [ 10.904394704569192, 10.756405539850764 ], [ 10.904798316300033, 10.757216615086998 ], [ 10.909334457383848, 10.756922852749092 ], [ 10.909662969981731, 10.754480181195769 ], [ 10.911240435492333, 10.754736358307392 ], [ 10.911972291248375, 10.755103669229447 ], [ 10.914325941802685, 10.754431861095945 ], [ 10.916273591236596, 10.753424625662195 ], [ 10.91731297500024, 10.754481750292721 ], [ 10.918637996596285, 10.753611289005647 ], [ 10.919518136452268, 10.752693786212395 ], [ 10.920279940419167, 10.753053475613763 ], [ 10.920731994639414, 10.754404469830925 ], [ 10.921638370881498, 10.754416868241831 ], [ 10.922720024305965, 10.753857213925924 ], [ 10.923029151197552, 10.754121183372494 ], [ 10.923558562137353, 10.754660265791255 ], [ 10.924402076663876, 10.754389153171914 ], [ 10.924739368529812, 10.753688452249543 ], [ 10.927137533823892, 10.75328745897818 ], [ 10.927768578189319, 10.752960984078939 ], [ 10.930437067495033, 10.753798725667911 ], [ 10.931237124709499, 10.754612585893568 ], [ 10.931804669213109, 10.754071991078154 ], [ 10.932068989251873, 10.753522688841231 ], [ 10.932622188651107, 10.753253362344889 ], [ 10.933443506033766, 10.752695295181086 ], [ 10.935308733785616, 10.752721278497212 ], [ 10.936044400064496, 10.752340111821072 ], [ 10.937841969504646, 10.752675815469681 ], [ 10.938374629300574, 10.753217496875392 ], [ 10.939479680070573, 10.753476476796727 ], [ 10.940023482700843, 10.753749554646506 ], [ 10.941128535851869, 10.7540085281027 ], [ 10.941433776813859, 10.755504987787489 ], [ 10.942231216360673, 10.755905177252385 ], [ 10.943336278177703, 10.75616414111099 ], [ 10.944546123366266, 10.757060137645905 ], [ 10.94525509465039, 10.75669341766775 ], [ 10.946604544722527, 10.757140449890645 ], [ 10.948815270485516, 10.756415793058327 ], [ 10.949640473453341, 10.755299947963545 ], [ 10.95068076057597, 10.755314596857877 ], [ 10.950992672501798, 10.753675509766921 ], [ 10.951935936872042, 10.752430216573952 ], [ 10.951261263652498, 10.751796767408562 ], [ 10.951529540797532, 10.750369282261603 ], [ 10.95206466749082, 10.748792879794012 ], [ 10.952056463392037, 10.748516457239706 ], [ 10.953437728563442, 10.747419887100156 ], [ 10.953415394845049, 10.746612322501051 ], [ 10.953421263199226, 10.746192279491121 ], [ 10.952037326101827, 10.745538925785457 ], [ 10.951631897937856, 10.745126762717577 ], [ 10.951209434087412, 10.744730595103858 ], [ 10.950865462452553, 10.743045311559579 ], [ 10.94768181206484, 10.741542027612864 ], [ 10.947347733853416, 10.741229512394936 ], [ 10.94681697481081, 10.739644962948864 ], [ 10.946243357948516, 10.739061708731313 ], [ 10.945426776974939, 10.738676472280426 ], [ 10.945379236650094, 10.736939005011623 ], [ 10.945942087458826, 10.735841235698427 ], [ 10.945667155501637, 10.734726463748684 ], [ 10.945295156021476, 10.73367532745455 ], [ 10.946110160080611, 10.731137995161625 ], [ 10.946833171898506, 10.729291894914706 ], [ 10.947497358709429, 10.729301508103063 ], [ 10.947809286832843, 10.727662423303727 ], [ 10.948627244280686, 10.727263776225971 ], [ 10.948636790892936, 10.726579945679937 ], [ 10.94741958011301, 10.72501504974422 ], [ 10.949152736022349, 10.72334694255186 ], [ 10.948883020254467, 10.723045674105602 ], [ 10.947509192089903, 10.722614137979887 ], [ 10.947796259862331, 10.721609724651953 ], [ 10.949138643346908, 10.721145827642959 ], [ 10.950240168862569, 10.720873048269256 ], [ 10.950506171664793, 10.720594907022555 ], [ 10.95183373300655, 10.720159694665378 ], [ 10.952132249052054, 10.717601762026193 ], [ 10.952546948976766, 10.716793574139917 ], [ 10.952947584132295, 10.715963759238083 ], [ 10.955133932628341, 10.715994532707432 ], [ 10.95595533064639, 10.715137179848055 ], [ 10.957872305649362, 10.714754387014514 ], [ 10.957599951010657, 10.71404214082993 ], [ 10.957315881958703, 10.713506869092381 ], [ 10.957044598280659, 10.712960922615681 ], [ 10.955652635093735, 10.712701134902384 ], [ 10.954863443098782, 10.711899441205333 ], [ 10.953743961684761, 10.711370464558943 ], [ 10.954255446888302, 10.710289962347218 ], [ 10.955096415887311, 10.70947962969324 ], [ 10.954708509897687, 10.708284009666695 ], [ 10.952826389951868, 10.70708027505847 ], [ 10.953322456511263, 10.706602606053901 ], [ 10.95287959486927, 10.704851730023107 ], [ 10.952412301913881, 10.703968032941994 ], [ 10.953120906066644, 10.703228979158112 ], [ 10.953414331369089, 10.703221314367955 ], [ 10.953963840384693, 10.703228994168747 ], [ 10.954498841936417, 10.701306743236001 ], [ 10.955595400033047, 10.700772344178407 ], [ 10.955995444790142, 10.700355125005611 ], [ 10.956661816317414, 10.699713784603361 ], [ 10.956683083420769, 10.698186690381627 ], [ 10.956650697297958, 10.69697771881917 ], [ 10.957207935413509, 10.696689275116855 ], [ 10.958831919534585, 10.695897861453933 ], [ 10.959130219521219, 10.69531602983642 ], [ 10.958555896323004, 10.694777281335515 ], [ 10.958571479279923, 10.693700420195372 ], [ 10.95852089537123, 10.691825802637917 ], [ 10.959092505159532, 10.691275095150321 ], [ 10.95881592530001, 10.689899759770388 ], [ 10.958531884472817, 10.689364484764257 ], [ 10.958090673285716, 10.687200482791537 ], [ 10.957698647050924, 10.687194996260548 ], [ 10.957411663531555, 10.687202622068337 ], [ 10.956875878718616, 10.686657798830346 ], [ 10.955757134458121, 10.68639574878911 ], [ 10.955089834472757, 10.685717216787737 ], [ 10.954667463324714, 10.685321038726615 ], [ 10.954392749054509, 10.68423274993884 ], [ 10.953846475904868, 10.683720823954047 ], [ 10.953831071446157, 10.683154201064065 ], [ 10.95383780811853, 10.682700254178284 ], [ 10.952699620415412, 10.681236547363831 ], [ 10.951849061520246, 10.679530049891399 ], [ 10.950776755493099, 10.678820666211776 ], [ 10.94969845383965, 10.678849640593803 ], [ 10.948293755104238, 10.6777424377118 ], [ 10.947213092705869, 10.677232237924386 ], [ 10.946940142868295, 10.676415104336177 ], [ 10.946657864003869, 10.676150980507506 ], [ 10.946375805298995, 10.675584955785961 ], [ 10.945559124866929, 10.674818344332822 ], [ 10.945550853099524, 10.674528149049802 ], [ 10.945559176942155, 10.673984679334295 ], [ 10.944180219031495, 10.673551531862724 ], [ 10.944443854797358, 10.672905311440465 ], [ 10.94498548619741, 10.671850592764475 ], [ 10.944991272172773, 10.671413068507134 ], [ 10.944961887361607, 10.670328533702735 ], [ 10.944990017888662, 10.668351714829887 ], [ 10.944424833232485, 10.667215957537701 ], [ 10.943857670274594, 10.666948302815749 ], [ 10.943584743010485, 10.666131162594345 ], [ 10.942647938365186, 10.665837200916252 ], [ 10.942094963615185, 10.66324747606822 ], [ 10.942755977955748, 10.662610972528928 ], [ 10.942726607496871, 10.661526435396373 ], [ 10.943072481790713, 10.66050789361066 ], [ 10.942715884190953, 10.660173780757964 ], [ 10.943310028828932, 10.659295113796043 ], [ 10.943231529683892, 10.65637459182104 ], [ 10.944069383223633, 10.65609980031309 ], [ 10.944516499442374, 10.655173318212356 ], [ 10.946220393346692, 10.654342309693563 ], [ 10.946509539392576, 10.652825190972267 ], [ 10.947513025878564, 10.652496398052056 ], [ 10.948144035364169, 10.651187953855086 ], [ 10.949524806919893, 10.650912422617285 ], [ 10.949479879521752, 10.649236371061466 ], [ 10.952211950965276, 10.649274442828014 ], [ 10.953609746448409, 10.648816061394466 ], [ 10.953618645108508, 10.648195791016473 ], [ 10.953278671320819, 10.64660367828945 ], [ 10.95410099496906, 10.645746352130622 ], [ 10.954693488195725, 10.645457708724059 ], [ 10.955009531750571, 10.644471127196908 ], [ 10.955781369257434, 10.644095031398711 ], [ 10.956045582681819, 10.643545729507524 ], [ 10.958154540028223, 10.640928832630079 ], [ 10.958485053740198, 10.639191653362625 ], [ 10.958763906868569, 10.638924030966239 ], [ 10.959029842727061, 10.638645895079396 ], [ 10.959308694882152, 10.638378272362388 ], [ 10.959661678242288, 10.637645687860209 ], [ 10.96041747875706, 10.63727709950631 ], [ 10.961441872145368, 10.636209289500849 ], [ 10.96203433913929, 10.635920636554854 ], [ 10.962511954406093, 10.635421902460305 ], [ 10.965589241370942, 10.634542497621373 ], [ 10.966129286890146, 10.634262639915843 ], [ 10.966701461256541, 10.633983640348115 ], [ 10.967220553943546, 10.633442269510976 ], [ 10.968484675414411, 10.633027576547398 ], [ 10.969409528026507, 10.631806776761916 ], [ 10.969398336360882, 10.631397434081585 ], [ 10.969411554809172, 10.630453001375912 ], [ 10.968299776650879, 10.62974125163206 ], [ 10.968563317487186, 10.628256602579908 ], [ 10.969361782520014, 10.626698156877694 ], [ 10.969638933831058, 10.625834161558299 ], [ 10.97073662163962, 10.625019042012919 ], [ 10.971000795788285, 10.624469734601846 ], [ 10.971685028943011, 10.624136002629717 ], [ 10.970998524427305, 10.623113868056581 ], [ 10.970442177181091, 10.622851479948967 ], [ 10.970160554002138, 10.62067853923341 ], [ 10.96960421199201, 10.620416148682898 ], [ 10.969327810328418, 10.619056702259297 ], [ 10.96833675117823, 10.618127036395229 ], [ 10.968819902337955, 10.617662161124167 ], [ 10.968488133609782, 10.616350198245739 ], [ 10.967663298207079, 10.615960781126555 ], [ 10.967924826996791, 10.614997842670125 ], [ 10.96820018206305, 10.614187885162679 ], [ 10.968459475330921, 10.612541193150493 ], [ 10.969013922562297, 10.61200807837961 ], [ 10.968985905854069, 10.610976511658748 ], [ 10.969264095898072, 10.610108274993213 ], [ 10.969542916101602, 10.609840648950426 ], [ 10.969807084492858, 10.609291344003939 ], [ 10.970084167710331, 10.608752552033005 ], [ 10.970061863454285, 10.607944458233783 ], [ 10.970617361193526, 10.607409747638778 ], [ 10.970629179102492, 10.606579725340955 ], [ 10.969923581990102, 10.606246763875632 ], [ 10.969239292008504, 10.605227250215007 ], [ 10.968957074265839, 10.604963137109864 ], [ 10.968546457821695, 10.604545170530081 ], [ 10.968048678296, 10.60506415760883 ], [ 10.967317170456218, 10.604696923546491 ], [ 10.964842207335058, 10.604446511765705 ], [ 10.964539035924542, 10.603247174085775 ], [ 10.963231710108902, 10.60241055212815 ], [ 10.962307295819953, 10.599996904590618 ], [ 10.960151542532319, 10.599594567896926 ], [ 10.959711691987531, 10.598281138923104 ], [ 10.957278208419876, 10.597473740859979 ], [ 10.95602469120994, 10.597179634741703 ], [ 10.955755271476647, 10.596904832842815 ], [ 10.954923175136166, 10.59637294040791 ], [ 10.954653757051135, 10.596098137251037 ], [ 10.952718441197071, 10.594488368236355 ], [ 10.952447308866326, 10.593942393733958 ], [ 10.951887594320082, 10.593137622296698 ], [ 10.951614748133485, 10.592320477615301 ], [ 10.951320002589458, 10.591764585162677 ], [ 10.951335822281541, 10.590711547203728 ], [ 10.95091879008339, 10.590288294352785 ], [ 10.950496577062021, 10.589892084137517 ], [ 10.950222023770733, 10.588803767691669 ], [ 10.94946269365466, 10.588091324010998 ], [ 10.950235476331642, 10.587714198544866 ], [ 10.951089387633536, 10.585945183761867 ], [ 10.9522312155361, 10.586700804208222 ], [ 10.953105390916454, 10.586274317294114 ], [ 10.953478819101173, 10.584715898113375 ], [ 10.953757636623894, 10.584448287317631 ], [ 10.954294181452795, 10.583626125584653 ], [ 10.955136108433667, 10.583350254383705 ], [ 10.956164630471845, 10.582277694124036 ], [ 10.9569875549233, 10.581876410781936 ], [ 10.95701731045393, 10.579815371852577 ], [ 10.956988085130742, 10.578752023691679 ], [ 10.957553434619273, 10.577916439806195 ], [ 10.957545258116326, 10.577640014629393 ], [ 10.958371551221406, 10.577096764177629 ], [ 10.95808373630825, 10.576281836650328 ], [ 10.958363606780052, 10.576013157710117 ], [ 10.958615738869772, 10.573565685874005 ], [ 10.959157193838633, 10.572509388090689 ], [ 10.958873872128933, 10.570038758702557 ], [ 10.958547059381234, 10.567630367615688 ], [ 10.958883312708295, 10.56730625598215 ], [ 10.958818897239972, 10.564913183855163 ], [ 10.959654826268595, 10.563530916744989 ], [ 10.960007755431345, 10.56279834407173 ], [ 10.960744178587495, 10.562439439187363 ], [ 10.96100660343107, 10.55959096361728 ], [ 10.962084338783072, 10.55903343922453 ], [ 10.96291253264093, 10.558629470697271 ], [ 10.963176686730611, 10.558080175398795 ], [ 10.964431560766526, 10.55642253085651 ], [ 10.963986328542591, 10.555092182002737 ], [ 10.963434921157686, 10.55457443834835 ], [ 10.963974741548039, 10.554278719185104 ], [ 10.965071862552184, 10.553743313731555 ], [ 10.965329486211125, 10.551829693636602 ], [ 10.965886582553356, 10.551558229328561 ], [ 10.964420981543437, 10.550709316108273 ], [ 10.964788771457641, 10.549622847097895 ], [ 10.964724342673216, 10.547230311802034 ], [ 10.965853037161802, 10.546950529503549 ], [ 10.966250320379027, 10.546126580625032 ], [ 10.966664830252206, 10.545318413677208 ], [ 10.966653632814054, 10.544903771674282 ], [ 10.9677226557477, 10.543321430782168 ], [ 10.968002732237428, 10.541237126544376 ], [ 10.968281502491029, 10.540969511527956 ], [ 10.968545636910873, 10.540420215601031 ], [ 10.969372477726344, 10.540149189498571 ], [ 10.969670906517591, 10.538259151791154 ], [ 10.970714969003007, 10.539322001343841 ], [ 10.97103625919142, 10.537493260343103 ], [ 10.97063101730954, 10.536725682206301 ], [ 10.971814640957266, 10.536337497046283 ], [ 10.972397202477202, 10.536035678066968 ], [ 10.973730066710498, 10.536054381589706 ], [ 10.973996985567437, 10.535776243047787 ], [ 10.974531090857637, 10.5352623370649 ], [ 10.974816896988177, 10.534420541161584 ], [ 10.974776320808381, 10.532924024094299 ], [ 10.976192424692281, 10.532233009900944 ], [ 10.976711359424717, 10.531691654007139 ], [ 10.978038860028967, 10.530705116719497 ], [ 10.978349867626495, 10.529788483128897 ], [ 10.978341698723163, 10.529514709209348 ], [ 10.978356481666967, 10.52847599021376 ], [ 10.978063702868242, 10.527886738011379 ], [ 10.977508943627722, 10.526837274544588 ], [ 10.978589762215393, 10.52544286430207 ], [ 10.97950961795406, 10.524994339028213 ], [ 10.97995121629735, 10.524078477688136 ], [ 10.98075658561277, 10.523303346442894 ], [ 10.98076931284348, 10.522446307655068 ], [ 10.980214558481093, 10.521396848486372 ], [ 10.980478490683689, 10.520821067711024 ], [ 10.981263639999048, 10.520065660082768 ], [ 10.98183818734614, 10.519185512558018 ], [ 10.982663225167251, 10.518643298653249 ], [ 10.982929052035303, 10.518365163170659 ], [ 10.983207790049281, 10.518097540718076 ], [ 10.983714870020764, 10.517046209623583 ], [ 10.984291715753351, 10.516192528351153 ], [ 10.984547142728724, 10.514287402845362 ], [ 10.985096420234303, 10.513475735277561 ], [ 10.985358774803942, 10.512655269312202 ], [ 10.986171908917036, 10.510254618696916 ], [ 10.986142245357399, 10.50913037947044 ], [ 10.986847559599736, 10.508450672639663 ], [ 10.987247352573549, 10.50803346146991 ], [ 10.987770753371933, 10.507529674054046 ], [ 10.988206308303681, 10.506679522782903 ], [ 10.988603495159451, 10.505855564064463 ], [ 10.989339749713174, 10.505496621961436 ], [ 10.989720027628634, 10.504707195139055 ], [ 10.991892921993996, 10.502879556371754 ], [ 10.994900552320344, 10.502537063226738 ], [ 10.995688805085226, 10.501777376390191 ], [ 10.996952234059206, 10.499842614659732 ], [ 10.997373640058459, 10.500128086763382 ], [ 10.998154743166502, 10.500922923173132 ], [ 10.999260696673295, 10.500635255414315 ], [ 10.999806192270551, 10.500909349434755 ], [ 11.001413883840607, 10.501414555238012 ], [ 11.002011529750648, 10.501974848604386 ], [ 11.002372756551633, 10.503053026647486 ], [ 11.003893857433855, 10.503074677139796 ], [ 11.004616069090059, 10.502700433198868 ], [ 11.005844523701187, 10.503317642048948 ], [ 11.006448318192692, 10.503004520779667 ], [ 11.008539957240247, 10.503033665157654 ], [ 11.0094147138176, 10.502746894369688 ], [ 11.009784371308246, 10.501979234783946 ], [ 11.011315983926718, 10.501476448029056 ], [ 11.011323409078246, 10.500969542981599 ], [ 11.011312199147136, 10.500560207868222 ], [ 11.011590894910732, 10.500292567619629 ], [ 11.011906683401213, 10.499305980519747 ], [ 11.013183829301967, 10.498682455099042 ], [ 11.013702913856317, 10.498182898836095 ], [ 11.014590114160844, 10.497011024384827 ], [ 11.013826189321016, 10.495566266357207 ], [ 11.015076011618048, 10.494362433337498 ], [ 11.015384642471272, 10.493760403609604 ], [ 11.015646905492741, 10.492939929452572 ], [ 11.016364953037279, 10.492590054611131 ], [ 11.016798288974783, 10.491743073223471 ], [ 11.016307641933798, 10.490351667287234 ], [ 11.01713196924819, 10.489556757799624 ], [ 11.016719409175334, 10.488323215910132 ], [ 11.015894908040311, 10.48793387052145 ], [ 11.016154489812381, 10.486699771919396 ], [ 11.016433170442872, 10.486432130282768 ], [ 11.016417959199913, 10.485901005981274 ], [ 11.016954825741928, 10.48534148857531 ], [ 11.018527167696488, 10.48502750339706 ], [ 11.018883175291908, 10.483976045382652 ], [ 11.019141910363226, 10.482613251781498 ], [ 11.019420584935867, 10.482345608620397 ], [ 11.019684590456654, 10.481796293950595 ], [ 11.019961506002659, 10.481257490968559 ], [ 11.020225509926325, 10.480708176164381 ], [ 11.020999375042502, 10.479563497309176 ], [ 11.020414669978173, 10.479014806563285 ], [ 11.021026333481847, 10.477449042376188 ], [ 11.021570897461828, 10.476924427823175 ], [ 11.021039559973353, 10.476352624608239 ], [ 11.019926700238276, 10.476382463917206 ], [ 11.019652353651123, 10.475830740917747 ], [ 11.019064660937349, 10.4749844131419 ], [ 11.018520332616419, 10.473892588687667 ], [ 11.0174205873218, 10.472309078054005 ], [ 11.017432516687416, 10.471506080637813 ], [ 11.016870773974331, 10.470698244333944 ], [ 11.017831207510984, 10.469773779112499 ], [ 11.018300922491191, 10.466282120895169 ], [ 11.01875908382493, 10.46580307898776 ], [ 11.019037746505141, 10.465535438641602 ], [ 11.019839137658019, 10.463355693511602 ], [ 11.020116042600497, 10.462816892920479 ], [ 11.020639821155324, 10.461729417858548 ], [ 11.020927654080236, 10.461721766030438 ], [ 11.02120378606458, 10.461725311587385 ], [ 11.021481233312095, 10.46143596242969 ], [ 11.022567576631792, 10.46145131354543 ], [ 11.022842891054864, 10.461163566064096 ], [ 11.023382877605391, 10.462248526804546 ], [ 11.024696453425419, 10.461822835735257 ], [ 11.025036746740282, 10.461158636633751 ], [ 11.025406332382227, 10.460390973375679 ], [ 11.026629093151566, 10.459990215217211 ], [ 11.028030388878324, 10.459067162996593 ], [ 11.02775514832703, 10.457882016425874 ], [ 11.027199094800551, 10.457619679965143 ], [ 11.026928007927404, 10.457073766926712 ], [ 11.025828781069196, 10.456554303280971 ], [ 11.026090933596844, 10.455723237328938 ], [ 11.026367822449904, 10.455184434350604 ], [ 11.026630041718457, 10.454363960743594 ], [ 11.027198638482618, 10.454086529006839 ], [ 11.027166143206744, 10.452871766529146 ], [ 11.027182925471042, 10.451664636015151 ], [ 11.026884677789056, 10.45138476856107 ], [ 11.02647962753929, 10.450972642632518 ], [ 11.026057556214843, 10.450575983176464 ], [ 11.026338048794139, 10.448282495211924 ], [ 11.026024161864774, 10.445423430619783 ], [ 11.026030076890848, 10.445015048557526 ], [ 11.026018880908859, 10.444608364166886 ], [ 11.026023458628584, 10.444323924450957 ], [ 11.025465744681686, 10.443801012171345 ], [ 11.025112288273935, 10.443091432422699 ], [ 11.024096648125852, 10.442581484890688 ], [ 11.022720539159799, 10.441930817531658 ], [ 11.022981550552039, 10.440260826615939 ], [ 11.023800444031842, 10.439472844077116 ], [ 11.023789235386399, 10.439063510568594 ], [ 11.023798779284572, 10.438388171642453 ], [ 11.02326368539093, 10.437885764480361 ], [ 11.022765343925013, 10.436943530832082 ], [ 11.023233281712036, 10.436493558903059 ], [ 11.023497256537338, 10.435944248109028 ], [ 11.024589594609578, 10.435411403418476 ], [ 11.024595435046018, 10.43499084033955 ], [ 11.024574122809693, 10.434177463346847 ], [ 11.02458363171344, 10.433496827905536 ], [ 11.023216119022127, 10.433176060702655 ], [ 11.023202290042379, 10.432692065682627 ], [ 11.024036471852121, 10.432285323057588 ], [ 11.02399596808503, 10.430820092044691 ], [ 11.024544419875298, 10.429749412734237 ], [ 11.024821335157785, 10.428885419589999 ], [ 11.025099964748375, 10.4286177805098 ], [ 11.025363932005924, 10.428068469783573 ], [ 11.025778174308115, 10.427260277349232 ], [ 11.026178364348871, 10.426430459357942 ], [ 11.026994898599957, 10.426441701685384 ], [ 11.027555228217368, 10.423901751987161 ], [ 11.027506072277559, 10.422092849116256 ], [ 11.028848275474804, 10.42165215986965 ], [ 11.029139217046678, 10.418824741655541 ], [ 11.029491102973713, 10.418139288211856 ], [ 11.028844372983095, 10.416915709137376 ], [ 11.02994180068324, 10.415857964617247 ], [ 11.029668901936818, 10.415024999508447 ], [ 11.029385091575271, 10.414489755767631 ], [ 11.029396982084251, 10.413681465628194 ], [ 11.028283815173383, 10.412635617647352 ], [ 11.028545775162566, 10.411778076086202 ], [ 11.029362457843671, 10.410991167523276 ], [ 11.028745958711511, 10.410302848251421 ], [ 11.026871774593515, 10.409714118018776 ], [ 11.026059578186299, 10.408545067979475 ], [ 11.025785051529983, 10.407456824388815 ], [ 11.024955187039261, 10.407196198575244 ], [ 11.024684164289319, 10.406650273070886 ], [ 11.023871391377892, 10.40588691545412 ], [ 11.023471388358148, 10.405084402945022 ], [ 11.021995015232083, 10.404620764713899 ], [ 11.021503244722195, 10.403690126947286 ], [ 11.021936500832336, 10.402845277611302 ], [ 11.021907215396352, 10.401786728110057 ], [ 11.022196459754962, 10.401508435250701 ], [ 11.02215430892128, 10.399947345977155 ], [ 11.022579985052896, 10.398258311769359 ], [ 11.021566141610775, 10.396339494399648 ], [ 11.02159750345573, 10.394062937327305 ], [ 11.021537054477056, 10.391817677116311 ], [ 11.022126688034126, 10.39066730582339 ], [ 11.022097349675288, 10.389599222386556 ], [ 11.022374743891172, 10.389309883395349 ], [ 11.022914927259057, 10.38878955647094 ], [ 11.023189448279803, 10.388220059755216 ], [ 11.024546037278013, 10.386211083024207 ], [ 11.024275732254589, 10.385772664457384 ], [ 11.022889509817382, 10.385337045326379 ], [ 11.022899317151355, 10.384699306111523 ], [ 11.022891154274346, 10.384428185872414 ], [ 11.022903191108922, 10.383637898496097 ], [ 11.022313145909987, 10.382225909338777 ], [ 11.022331573766143, 10.380931371706849 ], [ 11.02151631447301, 10.380101275915473 ], [ 11.020675288345734, 10.380089622030402 ], [ 11.019806665016301, 10.380112565764593 ], [ 11.019844873137629, 10.377396894984692 ], [ 11.019811367291837, 10.376176830409582 ], [ 11.019838791670102, 10.374281100215496 ], [ 11.018745254500143, 10.373764166696494 ], [ 11.018437054699397, 10.372250819958195 ], [ 11.017596683838661, 10.371169289604575 ], [ 11.017608672069837, 10.370368406919274 ], [ 11.017319517608589, 10.369822580715129 ], [ 11.017046815482335, 10.369005477050157 ], [ 11.016764816933968, 10.368741370798968 ], [ 11.016773096957886, 10.368196324602639 ], [ 11.016747765057628, 10.367247378380279 ], [ 11.016757316817513, 10.366566737702597 ], [ 11.015970618108778, 10.36433873208561 ], [ 11.016695799845909, 10.363640892685151 ], [ 11.014792219561398, 10.362422483101849 ], [ 11.014814681121047, 10.360915000281141 ], [ 11.014245921760967, 10.35930317370376 ], [ 11.01450963792629, 10.358716804652966 ], [ 11.014788227255915, 10.358449183507494 ], [ 11.015052178776328, 10.357899886735982 ], [ 11.015867728061444, 10.357114624910775 ], [ 11.016135519618413, 10.355994887315354 ], [ 11.016675668735108, 10.355474578720404 ], [ 11.01696075405488, 10.354884897781794 ], [ 11.017500899993232, 10.354364588382868 ], [ 11.017766578446896, 10.35408645286817 ], [ 11.018552586634511, 10.35370283553814 ], [ 11.019115487502598, 10.350887476240064 ], [ 11.01857204159381, 10.350556154834432 ], [ 11.017747934373277, 10.350166743554158 ], [ 11.018010965297517, 10.349474980509349 ], [ 11.018287810660206, 10.348936196217146 ], [ 11.018551750756775, 10.348386898923314 ], [ 11.01963574781373, 10.346591526672526 ], [ 11.019319460658309, 10.346148087866863 ], [ 11.018387414782403, 10.345272088530347 ], [ 11.019075329467652, 10.344608382144113 ], [ 11.018702196457047, 10.343472005963234 ], [ 11.018238064144631, 10.342157183062458 ], [ 11.017963665399943, 10.341068912536691 ], [ 11.017412820848367, 10.341083484505177 ], [ 11.017138642230632, 10.340531731936927 ], [ 11.016856673683101, 10.340267620537112 ], [ 11.016867925670075, 10.339516526625722 ], [ 11.016455298995938, 10.337888361558957 ], [ 11.015844110449233, 10.336659721979666 ], [ 11.014182771955575, 10.334647426413161 ], [ 11.014631834294054, 10.333770720826701 ], [ 11.014341644429901, 10.33322224180098 ], [ 11.014353627692685, 10.332416590042113 ], [ 11.014317177993949, 10.331060948638333 ], [ 11.014334008862649, 10.329840561266026 ], [ 11.01429467331876, 10.32836735843868 ], [ 11.014853928553968, 10.327828933160811 ], [ 11.015133552559352, 10.326719717560691 ], [ 11.015651420823243, 10.324555037600748 ], [ 11.016487323735275, 10.323449761792441 ], [ 11.016459349485405, 10.322417146568561 ], [ 11.016740309829625, 10.321015033632992 ], [ 11.017022035253047, 10.319229459414535 ], [ 11.018362486762912, 10.318574927918922 ], [ 11.018631691977987, 10.31801500847747 ], [ 11.01890851896739, 10.317476228087815 ], [ 11.019181214117292, 10.316624987834558 ], [ 11.020530366035615, 10.315324769638753 ], [ 11.020983597620415, 10.313430608791691 ], [ 11.022087284591732, 10.312891948364342 ], [ 11.022423799771888, 10.311483132800106 ], [ 11.022701662196306, 10.310940636880028 ], [ 11.022379900694657, 10.310638640868206 ], [ 11.022425865630021, 10.307448893735089 ], [ 11.022128706356893, 10.307146213087661 ], [ 11.021845693152613, 10.306881048037727 ], [ 11.022374642745165, 10.304785152648344 ], [ 11.022387137528494, 10.303893169476789 ], [ 11.022335456076485, 10.301995281878657 ], [ 11.022366672639116, 10.299845299391146 ], [ 11.022080289041989, 10.299553671590314 ], [ 11.021798360346171, 10.299289557738495 ], [ 11.021529199299868, 10.299014769927753 ], [ 11.021247271536433, 10.298750655408435 ], [ 11.020700974926584, 10.2971164356518 ], [ 11.019890695147518, 10.296355112294664 ], [ 11.019110090242512, 10.294877533651425 ], [ 11.020121104540829, 10.2939035801655 ], [ 11.020126883639756, 10.293467123847543 ], [ 11.020102886544484, 10.292553652227337 ], [ 11.020449139526363, 10.291833834997988 ], [ 11.021500443280503, 10.291141922214759 ], [ 11.021464059390974, 10.289795286782587 ], [ 11.021811646646611, 10.289117831601013 ], [ 11.021455462111202, 10.288444770778703 ], [ 11.021179409504178, 10.287085330246232 ], [ 11.02047666414196, 10.286073344664647 ], [ 11.021170815747482, 10.285734813778753 ], [ 11.021570327801964, 10.28531761580904 ], [ 11.022252818219526, 10.284659785198707 ], [ 11.022264631443422, 10.283827124554463 ], [ 11.022232265722151, 10.282607046828753 ], [ 11.022241855161488, 10.281929053727787 ], [ 11.022219690612673, 10.281135268930221 ], [ 11.02250231982253, 10.280840086332963 ], [ 11.023359736607844, 10.280275968346752 ], [ 11.023302417574916, 10.278160434288525 ], [ 11.023575080128897, 10.277308137732506 ], [ 11.024694713903127, 10.276940994548253 ], [ 11.024616236695872, 10.274022666916972 ], [ 11.024911259422572, 10.272147506222201 ], [ 11.025463568611571, 10.271878180933861 ], [ 11.025971306762518, 10.270824214410327 ], [ 11.026524857986454, 10.27024663258525 ], [ 11.029826748428443, 10.269947397022955 ], [ 11.030642874961023, 10.269958707082868 ], [ 11.031142223177712, 10.26943654079396 ], [ 11.033888314503193, 10.269363721373526 ], [ 11.034768266681914, 10.269655855743675 ], [ 11.036111370042793, 10.269620415930236 ], [ 11.036920937378767, 10.270445264914542 ], [ 11.038047544691386, 10.270172313334424 ], [ 11.038608255410056, 10.269881729818964 ], [ 11.040681186662445, 10.269910534999193 ], [ 11.041589904372568, 10.268517715470704 ], [ 11.042395090931588, 10.26732574708312 ], [ 11.04240678469216, 10.266481444304606 ], [ 11.042395601746319, 10.266072110761243 ], [ 11.042674096531378, 10.265804484156769 ], [ 11.043022198977702, 10.264717611502277 ], [ 11.043490192330115, 10.264980538077028 ], [ 11.04384895049694, 10.266053426561278 ], [ 11.044726028152036, 10.26606537740672 ], [ 11.046148236957, 10.266027812307795 ], [ 11.047058092126626, 10.266313897833895 ], [ 11.047782684368773, 10.267394003292507 ], [ 11.048158496801877, 10.267125758341825 ], [ 11.048424085149151, 10.266847615334646 ], [ 11.049523925775414, 10.266574796977217 ], [ 11.050055105279375, 10.266019569444227 ], [ 11.051095825012528, 10.266365193654959 ], [ 11.051430464300987, 10.266015113149098 ], [ 11.0525302975961, 10.265742285636131 ], [ 11.052885120470851, 10.265371420538555 ], [ 11.055135989677934, 10.264475345516317 ], [ 11.055519692381948, 10.263277550359431 ], [ 11.056071951467615, 10.263008180747798 ], [ 11.057679811947859, 10.261913319007194 ], [ 11.059004744799553, 10.262218454728572 ], [ 11.059352639815808, 10.26325854838778 ], [ 11.059908334789792, 10.263520892605692 ], [ 11.060180996421925, 10.264337961246456 ], [ 11.061010473924814, 10.264598564794948 ], [ 11.06151109680771, 10.265109120318957 ], [ 11.063337961613238, 10.265134052277288 ], [ 11.064544146680094, 10.265102017666473 ], [ 11.064848666720623, 10.265387665033055 ], [ 11.065117823958323, 10.265662415625757 ], [ 11.065399745921841, 10.2659264910705 ], [ 11.065928368747516, 10.266465458794677 ], [ 11.06704422303689, 10.266192482021843 ], [ 11.067565802495537, 10.2656468260842 ], [ 11.068137547689904, 10.265909051805982 ], [ 11.068542357071436, 10.266321164786307 ], [ 11.06896417549957, 10.266717280061384 ], [ 11.069247329080289, 10.267005706870584 ], [ 11.070050422717477, 10.266168019373078 ], [ 11.071000220244775, 10.266181024769761 ], [ 11.073427904611405, 10.264528464529263 ], [ 11.074011745584336, 10.264513082471552 ], [ 11.074559369932677, 10.264520173684515 ], [ 11.076053185012375, 10.264480432387842 ], [ 11.076614781806649, 10.265317874052279 ], [ 11.077718045117983, 10.265576679422718 ], [ 11.077999808001959, 10.266142626012739 ], [ 11.078686359069499, 10.266788070347724 ], [ 11.079347419108402, 10.267460156167953 ], [ 11.079941757088186, 10.267741280211553 ], [ 11.080467167063279, 10.268276003016464 ], [ 11.082121119495557, 10.2693346881846 ], [ 11.082403147305914, 10.271246383362495 ], [ 11.083239754494317, 10.272591531985212 ], [ 11.083787631119694, 10.274757320269964 ], [ 11.08407357632885, 10.274489615411964 ], [ 11.084065347991277, 10.274213208053702 ], [ 11.084614035590999, 10.273401486951217 ], [ 11.085159946822257, 10.272003497317172 ], [ 11.088024345759397, 10.272043323609163 ], [ 11.08994056269399, 10.271992317878539 ], [ 11.092261591579353, 10.27202395716373 ], [ 11.092533013958274, 10.271175882402984 ], [ 11.094592293890649, 10.270763789830028 ], [ 11.094991676638207, 10.270346523311636 ], [ 11.09554389992557, 10.270077090713791 ], [ 11.09607498515196, 10.269521272818936 ], [ 11.098913877191999, 10.270564256391616 ], [ 11.099928561494384, 10.270038139011742 ], [ 11.101827076976386, 10.270063973787888 ], [ 11.102223763778412, 10.269240505598045 ], [ 11.103885449869541, 10.269195836605252 ], [ 11.104706887739146, 10.269206925334347 ], [ 11.105119637858335, 10.269196302719376 ], [ 11.105937449454917, 10.269467450702939 ], [ 11.108135836793467, 10.269719032620843 ], [ 11.108625758596087, 10.27021791702945 ], [ 11.111402394261036, 10.270255991742168 ], [ 11.111696758034496, 10.269972323816468 ], [ 11.111962282244825, 10.26969413924626 ], [ 11.112514484270134, 10.269424680801212 ], [ 11.112780007268588, 10.269146495786195 ], [ 11.11331878753658, 10.268627678372447 ], [ 11.11333157179714, 10.267654177363715 ], [ 11.113306038029451, 10.266707936052129 ], [ 11.11358977299308, 10.266434928912435 ], [ 11.114098966368989, 10.264843849479158 ], [ 11.114663998725582, 10.264253363192639 ], [ 11.115208080153579, 10.263729214423796 ], [ 11.115216149298414, 10.263173074318562 ], [ 11.114651426050621, 10.262360630979746 ], [ 11.11429324439143, 10.260602021464505 ], [ 11.113045031674714, 10.258804187491663 ], [ 11.114349797957047, 10.258166519751214 ], [ 11.114065273085785, 10.255580181779692 ], [ 11.113759869019152, 10.255003839134901 ], [ 11.113782576034675, 10.253429168008525 ], [ 11.113501560117795, 10.253143419738898 ], [ 11.112131614147128, 10.252496146327738 ], [ 11.112116130350428, 10.251934862366905 ], [ 11.11213187596055, 10.250760619576477 ], [ 11.111572608157184, 10.249636189150721 ], [ 11.111006185950165, 10.249368709870085 ], [ 11.110737013370489, 10.249094002189327 ], [ 11.109907563666306, 10.248833525591179 ], [ 11.109364634621734, 10.248560593704561 ], [ 11.108714539064882, 10.248253402683824 ], [ 11.108241567773613, 10.246915500235772 ], [ 11.108253485113279, 10.246130012584882 ], [ 11.108230997836165, 10.245316678457622 ], [ 11.108242730410545, 10.244503122365174 ], [ 11.108224348590566, 10.243825341529261 ], [ 11.108241008730731, 10.242624609214575 ], [ 11.107698390716905, 10.242073095562713 ], [ 11.107095511729412, 10.241788365231308 ], [ 11.107132726285601, 10.23916496686229 ], [ 11.106824585971927, 10.23800711708145 ], [ 11.106550059131656, 10.236918956722853 ], [ 11.10626814075116, 10.236654918241685 ], [ 11.10598825165861, 10.234753309915334 ], [ 11.105706335922985, 10.234489270439539 ], [ 11.105725232155981, 10.233138641058551 ], [ 11.105148116604731, 10.232865918126091 ], [ 11.104861094238956, 10.229879709588358 ], [ 11.104578107964143, 10.229614615640058 ], [ 11.104853982264599, 10.228800409119494 ], [ 11.105114126418592, 10.227708787531379 ], [ 11.105865380998191, 10.226984718683045 ], [ 11.106193002573796, 10.225261365394145 ], [ 11.10646961673786, 10.224722551973064 ], [ 11.106733142389057, 10.223333797169429 ], [ 11.107274740543721, 10.222276899748186 ], [ 11.107533087744605, 10.220914129635597 ], [ 11.108092231402566, 10.220086439784874 ], [ 11.108048634096439, 10.218501598575923 ], [ 11.108606055329489, 10.217413351140772 ], [ 11.108869571787706, 10.216024597092536 ], [ 11.10914617615094, 10.215485783616232 ], [ 11.10940809129602, 10.214665311547698 ], [ 11.109940162749959, 10.213625952572762 ], [ 11.110216757986452, 10.212761957367057 ], [ 11.110505769421279, 10.212483631018715 ], [ 11.110483331209434, 10.21167559168998 ], [ 11.11075993030626, 10.211136778008921 ], [ 11.11127560867342, 10.208423958573777 ], [ 11.111561428770823, 10.208148829909529 ], [ 11.112652805564101, 10.206475083473491 ], [ 11.113461377033969, 10.205696088929049 ], [ 11.113726857331509, 10.205417912914072 ], [ 11.114148668958848, 10.205011089102399 ], [ 11.113452533594941, 10.204356235780702 ], [ 11.113717908163261, 10.204062172502857 ], [ 11.113996287160127, 10.2037945063107 ], [ 11.113982224863053, 10.203284054397754 ], [ 11.114254605781076, 10.202431738171381 ], [ 11.114794044554262, 10.201379089162593 ], [ 11.115061434943836, 10.20025723471911 ], [ 11.115778726703565, 10.199907282352026 ], [ 11.116622153424288, 10.198257382329619 ], [ 11.115864709922239, 10.197545731988141 ], [ 11.115590216756033, 10.196457575943576 ], [ 11.11503104435573, 10.195653015792171 ], [ 11.114477480430303, 10.193753185683022 ], [ 11.113640663456643, 10.192676610359703 ], [ 11.11446320892774, 10.191589296906285 ], [ 11.114726890747308, 10.1910399742502 ], [ 11.115265561276521, 10.190521178358452 ], [ 11.11527482808911, 10.189818857413089 ], [ 11.115260524446741, 10.189271334976111 ], [ 11.116354006051139, 10.18873676511233 ], [ 11.116080373967639, 10.187777297277043 ], [ 11.115658633537169, 10.187381232199787 ], [ 11.115253895880613, 10.186969168184767 ], [ 11.114972024321048, 10.186705129094026 ], [ 11.113572569635275, 10.184777399301959 ], [ 11.113040023555341, 10.184277183584616 ], [ 11.112763774964723, 10.182917871516107 ], [ 11.112208208366514, 10.18265559715821 ], [ 11.112223539401727, 10.181573504570071 ], [ 11.111119917339533, 10.181052080382464 ], [ 11.111097335808482, 10.180219678594607 ], [ 11.111106776308926, 10.179541716504481 ], [ 11.111076882937187, 10.178410132598074 ], [ 11.111355109331367, 10.175519842619533 ], [ 11.111306981872207, 10.17372848091566 ], [ 11.111606589109114, 10.17344002893053 ], [ 11.111592726342485, 10.172957643439101 ], [ 11.111859573249635, 10.171263816341103 ], [ 11.112658663078737, 10.169703725434486 ], [ 11.112674604555398, 10.168550661378383 ], [ 11.111838224453583, 10.168015324884028 ], [ 11.111324581669523, 10.166481177335038 ], [ 11.111009292001487, 10.165846088002757 ], [ 11.110456344886181, 10.165326396273445 ], [ 11.1101775528938, 10.164224483027354 ], [ 11.109619785698193, 10.162643478967086 ], [ 11.109874325633871, 10.160701344415784 ], [ 11.110158282051955, 10.160147132230296 ], [ 11.110663352320119, 10.155815367739848 ], [ 11.111479258285563, 10.155028408643783 ], [ 11.111202892930002, 10.15364260705514 ], [ 11.110355930653455, 10.150670585236393 ], [ 11.109824714588061, 10.148567737274869 ], [ 11.109494654181159, 10.147631917880128 ], [ 11.109514837162932, 10.146143049873746 ], [ 11.109223219049762, 10.143893543960383 ], [ 11.108131409041908, 10.142867815223395 ], [ 11.107568783074582, 10.141187260981312 ], [ 11.10673299012055, 10.140401383991138 ], [ 11.106445769408023, 10.137674661260755 ], [ 11.105995077951611, 10.137251743688195 ], [ 11.105606003090907, 10.135787209748989 ], [ 11.105282318331682, 10.132711700938474 ], [ 11.104651354522817, 10.130217555909972 ], [ 11.103656070231819, 10.129557673732913 ], [ 11.10293440005897, 10.129216984161884 ], [ 11.102270904409785, 10.127960216980094 ], [ 11.102292740859767, 10.126389240145315 ], [ 11.101981254073527, 10.125506246313014 ], [ 11.101996856355205, 10.124454861260469 ], [ 11.101210205443662, 10.123654344908491 ], [ 11.100329829624423, 10.12307103677805 ], [ 11.098877425848931, 10.122140771921648 ], [ 11.098401926424206, 10.121185201248572 ], [ 11.09750334990529, 10.12076035516338 ], [ 11.096753315884007, 10.119339939062895 ], [ 11.096432219105516, 10.11697248078481 ], [ 11.096718402615295, 10.11577266400073 ], [ 11.097396063456896, 10.114279593799665 ], [ 11.096413471565082, 10.112764795165075 ], [ 11.095874634060765, 10.112258205188919 ], [ 11.095602094965956, 10.111441151673542 ], [ 11.095302321126077, 10.110874780435946 ], [ 11.095317923407082, 10.109818624629268 ], [ 11.095296943902399, 10.109055579544313 ], [ 11.095589273167043, 10.108143837377174 ], [ 11.096121288025032, 10.107104520115485 ], [ 11.096383206832648, 10.106284064483201 ], [ 11.09712271313901, 10.105922924544821 ], [ 11.096616516160729, 10.104018467437099 ], [ 11.096638653026849, 10.10248614369214 ], [ 11.096155763943395, 10.102032686240765 ], [ 11.093877997622902, 10.098748708576517 ], [ 11.093863663208078, 10.098185285562977 ], [ 11.094360747347892, 10.096208241468476 ], [ 11.093585348511212, 10.095479645619132 ], [ 11.093278914266909, 10.093218002296002 ], [ 11.093293781006578, 10.09221057382296 ], [ 11.092454119591924, 10.091129124359147 ], [ 11.091933214599903, 10.090081664615626 ], [ 11.091630863371668, 10.089773224586079 ], [ 11.089793466938529, 10.088287105563136 ], [ 11.090510701789436, 10.086797508590534 ], [ 11.091286773083279, 10.085647554969153 ], [ 11.091316988350359, 10.083538418781725 ], [ 11.090800907825921, 10.082075701482978 ], [ 11.092125634564464, 10.081640436332059 ], [ 11.092382307576235, 10.080006523226846 ], [ 11.093481472999857, 10.079733687973864 ], [ 11.093786416707305, 10.078458551028262 ], [ 11.094553732583906, 10.077281109595338 ], [ 11.095926500168918, 10.077006533079444 ], [ 11.096188410813667, 10.076186081022701 ], [ 11.096740331903741, 10.07591671039256 ], [ 11.097545958673164, 10.074550477876333 ], [ 11.09782426409312, 10.074282843296739 ], [ 11.098089675477818, 10.074004696976724 ], [ 11.098506063599411, 10.073603250513589 ], [ 11.099032004995507, 10.071962333999375 ], [ 11.099444172538011, 10.070743714370511 ], [ 11.098856179206621, 10.069895825160041 ], [ 11.098336389844945, 10.068851012130722 ], [ 11.09794901069545, 10.068117302760236 ], [ 11.099410583249441, 10.066706656963934 ], [ 11.098866074941867, 10.066136008389613 ], [ 11.098192805138936, 10.065817744632078 ], [ 11.09747752188777, 10.064786351266491 ], [ 11.097489402838788, 10.063978078717909 ], [ 11.097467049663381, 10.063164727429143 ], [ 11.098500525297315, 10.062659801306435 ], [ 11.099827999860892, 10.061671584323287 ], [ 11.098903220728754, 10.06080252565177 ], [ 11.099906968905403, 10.058841337464347 ], [ 11.099918559183028, 10.057988580480846 ], [ 11.099344720714102, 10.058003873785092 ], [ 11.098810016601545, 10.057459111088731 ], [ 11.098254693438793, 10.057196765381498 ], [ 11.097985724030853, 10.056922009702763 ], [ 11.097512594751175, 10.056478011603467 ], [ 11.098008669476389, 10.055509373533399 ], [ 11.097958312515207, 10.053668210773688 ], [ 11.098510197078729, 10.053398844894001 ], [ 11.098770343908235, 10.052307241672723 ], [ 11.099046882573683, 10.051768456628489 ], [ 11.099310527913456, 10.051219159786928 ], [ 11.100121105956042, 10.049634700736719 ], [ 11.099848368554662, 10.048775271698425 ], [ 11.099356292906918, 10.047380730384623 ], [ 11.100384393150261, 10.046878490830501 ], [ 11.09982589158113, 10.045292648976737 ], [ 11.100089293253408, 10.044706281499852 ], [ 11.100506195429761, 10.043892794468858 ], [ 11.100078829352203, 10.043084659331841 ], [ 11.099703565212721, 10.041240790147063 ], [ 11.097903381456652, 10.040674376958901 ], [ 11.097599090505319, 10.04038872019418 ], [ 11.09733013838389, 10.040113960790464 ], [ 11.096499519641545, 10.039582182873369 ], [ 11.095406331659303, 10.038770303686443 ], [ 11.093756716638303, 10.038514858704161 ], [ 11.0934860258344, 10.037968940818972 ], [ 11.092111658892218, 10.036972398071443 ], [ 11.092374833939779, 10.036348962749216 ], [ 11.093292518451383, 10.035464001334386 ], [ 11.094267235705832, 10.032811866259767 ], [ 11.095335789394181, 10.03228979790126 ], [ 11.096721917769152, 10.030632335039698 ], [ 11.096713727510398, 10.030355925101942 ], [ 11.09725327587986, 10.029835606616221 ], [ 11.097527471620854, 10.02926612182852 ], [ 11.09807126474119, 10.028741539260443 ], [ 11.09780222170923, 10.028450890384145 ], [ 11.097520526286587, 10.028186803128516 ], [ 11.097249841970919, 10.027640887539862 ], [ 11.095879854367073, 10.027319060703425 ], [ 11.096143909705347, 10.026834380063919 ], [ 11.09662610584752, 10.026370036226909 ], [ 11.096950674630065, 10.024659963509087 ], [ 11.0972289464012, 10.02439233724103 ], [ 11.097492582480236, 10.023843044883844 ], [ 11.098317991002443, 10.023571960436753 ], [ 11.09857987999326, 10.022751513976786 ], [ 11.099424235594581, 10.021937978475698 ], [ 11.099383630073982, 10.02044418133103 ], [ 11.099389561665598, 10.02003739685008 ], [ 11.099374382602164, 10.019505226406958 ], [ 11.100196848350015, 10.018944985720667 ], [ 11.100913800854473, 10.018595140398176 ], [ 11.101290567553745, 10.017858706787742 ], [ 11.101554886160187, 10.016753310674298 ], [ 11.102337609688629, 10.015997360386187 ], [ 11.102363362326837, 10.014188552735602 ], [ 11.102330927042708, 10.012968518775459 ], [ 11.102395579255262, 10.008403864203929 ], [ 11.101864870176172, 10.006306225334356 ], [ 11.101228073861803, 10.00565670093979 ], [ 11.100660236791743, 10.005926156411094 ], [ 11.100139054993347, 10.006471777904506 ], [ 11.099981046586999, 10.004665717602093 ], [ 11.101199839950958, 10.003758727318282 ], [ 11.101444282719127, 10.000226746743602 ], [ 11.101996229021747, 9.999149194625616 ], [ 11.102524527403034, 9.99805060648729 ], [ 11.103335009526155, 9.996466164982269 ], [ 11.102788793114616, 9.995608456900165 ], [ 11.102502823173221, 9.995339628554666 ], [ 11.105258983975341, 9.995054751804926 ], [ 11.106301302812572, 9.993964561840098 ], [ 11.106609681780681, 9.994228477687935 ], [ 11.107371228303712, 9.995004312681436 ], [ 11.108098076366041, 9.995369912785367 ], [ 11.109581919170779, 9.994644470814466 ], [ 11.109945068187512, 9.993127997965724 ], [ 11.110982861293941, 9.993658448928992 ], [ 11.111251776173406, 9.99393320345593 ], [ 11.112350410939671, 9.994452671698065 ], [ 11.112626489574769, 9.995009133734738 ], [ 11.113498075436473, 9.995283237467852 ], [ 11.114567983075204, 9.995820886130433 ], [ 11.115917357418674, 9.995785300381135 ], [ 11.11836566552306, 9.995818981300978 ], [ 11.119168051608703, 9.994153007929233 ], [ 11.12062109613203, 9.99379262160315 ], [ 11.121240187453326, 9.993194452499848 ], [ 11.121644563563081, 9.992771364176955 ], [ 11.122464221545469, 9.992783087564375 ], [ 11.122728136755503, 9.991956799326653 ], [ 11.123161812663916, 9.991109304092996 ], [ 11.122670362860772, 9.989639586991586 ], [ 11.121896350280892, 9.989250487485453 ], [ 11.1213411442387, 9.988988159455603 ], [ 11.120798691827488, 9.988715155731049 ], [ 11.120243487280449, 9.988452825492699 ], [ 11.119704589158012, 9.98790333944453 ], [ 11.1180529106365, 9.98712207358923 ], [ 11.118041641952546, 9.98670163255726 ], [ 11.118058326334609, 9.985481826897773 ], [ 11.116320926775261, 9.985157092376648 ], [ 11.116758136948409, 9.983862586457073 ], [ 11.116156206908711, 9.982155226465549 ], [ 11.116640157620592, 9.981149064109815 ], [ 11.118000246581607, 9.980136277566583 ], [ 11.118014895171369, 9.97909655331445 ], [ 11.117716149439618, 9.977345958629151 ], [ 11.117221996046208, 9.975945090495699 ], [ 11.117697473103908, 9.975447941484374 ], [ 11.118777519802114, 9.974919942302098 ], [ 11.119064530776306, 9.974359906447086 ], [ 11.119328103694833, 9.973810611035734 ], [ 11.119604565309745, 9.973271827072816 ], [ 11.119575047145446, 9.972176774181403 ], [ 11.12041391955006, 9.971367490825516 ], [ 11.120014193331782, 9.969862752091062 ], [ 11.120394139285324, 9.969465245965635 ], [ 11.120937808374626, 9.968940652176267 ], [ 11.120418978565153, 9.967357757844388 ], [ 11.119844592621053, 9.966270403271787 ], [ 11.119817817621477, 9.965268544578331 ], [ 11.119834671858245, 9.964073629718678 ], [ 11.119543197464939, 9.963776248364821 ], [ 11.117948453954284, 9.963021606560124 ], [ 11.117346463506074, 9.962455559346051 ], [ 11.117601184433777, 9.960534621719383 ], [ 11.118382962933447, 9.960152579182616 ], [ 11.118418020627869, 9.957637749692301 ], [ 11.117048699780351, 9.957206320484399 ], [ 11.117027948321358, 9.956473465030944 ], [ 11.117039006499578, 9.955702805862604 ], [ 11.114729944783702, 9.955345108431448 ], [ 11.113708588618611, 9.954028061130634 ], [ 11.11374074382862, 9.95171926344867 ], [ 11.112123125336604, 9.949721713497693 ], [ 11.111517433295955, 9.949737720115051 ], [ 11.110970351994887, 9.94973005266629 ], [ 11.109943772147474, 9.949757188489658 ], [ 11.109034844627939, 9.94947110401823 ], [ 11.109053938822182, 9.948117811605918 ], [ 11.109006338722308, 9.946360841046609 ], [ 11.109855200843743, 9.945946093468599 ], [ 11.110120518341986, 9.945667958947935 ], [ 11.110398723323584, 9.945400336454876 ], [ 11.110756375444073, 9.94502628863553 ], [ 11.111486318834976, 9.945393472213759 ], [ 11.112314940617193, 9.945654106929606 ], [ 11.113132554546494, 9.946196565754368 ], [ 11.114234680627327, 9.946455466752617 ], [ 11.114762737545071, 9.946994454322915 ], [ 11.116150970786352, 9.946719806330938 ], [ 11.116497643921795, 9.945637197455463 ], [ 11.1169633876855, 9.945624716648744 ], [ 11.11772911015832, 9.946403699142637 ], [ 11.119162438964979, 9.94533592118821 ], [ 11.119684307366542, 9.944251671581002 ], [ 11.12048302408831, 9.942691663702595 ], [ 11.120499036213848, 9.941529589419757 ], [ 11.119653086986231, 9.940734173590471 ], [ 11.120210395580129, 9.938518974887067 ], [ 11.120168189196569, 9.93694311091207 ], [ 11.120727738221936, 9.936402537546424 ], [ 11.11993187232426, 9.935584558045901 ], [ 11.119337113147827, 9.935302861851314 ], [ 11.119352597136833, 9.934223409401426 ], [ 11.119317496981321, 9.932920250664658 ], [ 11.120881726331268, 9.931284962228357 ], [ 11.12180194222427, 9.930678022220013 ], [ 11.121779637944414, 9.92986944298614 ], [ 11.121787983918976, 9.929340835284579 ], [ 11.12150730299618, 9.929055032755778 ], [ 11.119206515832914, 9.928624719970973 ], [ 11.11822482051214, 9.926649639323042 ], [ 11.117659453191694, 9.926117771862756 ], [ 11.117924648164024, 9.925823747827 ], [ 11.118213447107427, 9.925545463712227 ], [ 11.11817005702243, 9.92394788983475 ], [ 11.118998656826161, 9.922718711932438 ], [ 11.118727097244172, 9.922022395731597 ], [ 11.118370262369567, 9.921687815942391 ], [ 11.117742911195226, 9.919322281241723 ], [ 11.119531844520642, 9.919576843923645 ], [ 11.119800691360698, 9.919851603755971 ], [ 11.120082289376107, 9.9201156892283 ], [ 11.120354362728605, 9.920393605145938 ], [ 11.120892826487726, 9.919568237968006 ], [ 11.121171003214595, 9.919300612517743 ], [ 11.121657023935036, 9.918792814878596 ], [ 11.123346599189558, 9.917388707686849 ], [ 11.123609450352713, 9.916566672272927 ], [ 11.124548363343719, 9.916878493552659 ], [ 11.12633665962351, 9.915545777172103 ], [ 11.126067334702954, 9.915196880395975 ], [ 11.125517032010627, 9.914679758854989 ], [ 11.125488851426409, 9.913622300534064 ], [ 11.125784022927094, 9.91300925699672 ], [ 11.126323361063685, 9.912488937338798 ], [ 11.126588640874756, 9.91221079773195 ], [ 11.128023193749131, 9.911854806749576 ], [ 11.128504131666896, 9.911390464763398 ], [ 11.128767658960884, 9.910841173756827 ], [ 11.129045822040254, 9.910573544509692 ], [ 11.129444803562752, 9.910156327108725 ], [ 11.129860978417994, 9.909754888554035 ], [ 11.130126252939002, 9.909476747188839 ], [ 11.132584897115724, 9.909063925862563 ], [ 11.132304637266364, 9.907022467536375 ], [ 11.131754339914798, 9.906504825546495 ], [ 11.132017756456843, 9.905939646219318 ], [ 11.132295913035637, 9.905672015620167 ], [ 11.132547170298679, 9.903224676083704 ], [ 11.13338717288846, 9.902948709929101 ], [ 11.133909225205691, 9.902402542384351 ], [ 11.134187377544317, 9.902134911110879 ], [ 11.134447385215584, 9.901043320137649 ], [ 11.13472553611175, 9.900775688729707 ], [ 11.134985541801536, 9.89968409785547 ], [ 11.13991248515628, 9.899386887081128 ], [ 11.140177743032195, 9.899108741133642 ], [ 11.141276259203011, 9.898835878695152 ], [ 11.141541515355417, 9.898557731996329 ], [ 11.143733853838086, 9.898277888450496 ], [ 11.143999107155704, 9.897999740331519 ], [ 11.144277246575728, 9.89773210313038 ], [ 11.144795028585055, 9.897190717157411 ], [ 11.145916312016457, 9.896642300293847 ], [ 11.146714196647441, 9.895807840489132 ], [ 11.14726939843769, 9.895272569012803 ], [ 11.147549500731905, 9.894978965864379 ], [ 11.148897582050923, 9.894319993582055 ], [ 11.148624289534446, 9.893360505551327 ], [ 11.148058533495565, 9.893092962996381 ], [ 11.1480703549393, 9.892282060726995 ], [ 11.148055098837505, 9.891742489801389 ], [ 11.148888926840602, 9.892003022858933 ], [ 11.149952070222664, 9.892538012127829 ], [ 11.150258671695999, 9.892541877443641 ], [ 11.151068847436582, 9.892122013571003 ], [ 11.151895146554651, 9.891717932990122 ], [ 11.152203943247388, 9.891074604291562 ], [ 11.153522334202023, 9.890617587612439 ], [ 11.154362278189589, 9.890341579238331 ], [ 11.154884273346527, 9.889795390213873 ], [ 11.155446490860419, 9.889520629718126 ], [ 11.156096756057215, 9.888169149409855 ], [ 11.156766394217481, 9.888151086387827 ], [ 11.15734286107956, 9.888423841599572 ], [ 11.157619184539055, 9.889517818032347 ], [ 11.158440481990713, 9.889495600044901 ], [ 11.158987447540071, 9.889503210710902 ], [ 11.159541744577076, 9.889488529529029 ], [ 11.161309004212237, 9.890376969260192 ], [ 11.161995661756464, 9.890020898913658 ], [ 11.164217382137437, 9.889186255064709 ], [ 11.165239056689108, 9.888118358464384 ], [ 11.166087405837967, 9.887824264293879 ], [ 11.166631839273197, 9.888098267709315 ], [ 11.168827540854268, 9.888349973640075 ], [ 11.16923022545806, 9.889160840989941 ], [ 11.169940888878779, 9.88888404289383 ], [ 11.170461793431439, 9.888339430478174 ], [ 11.171286786336745, 9.888068247198095 ], [ 11.171562613964657, 9.887778894380665 ], [ 11.172651189294218, 9.887794106777095 ], [ 11.172906748233345, 9.88588325434025 ], [ 11.173731732132964, 9.885612066760098 ], [ 11.173991601242411, 9.884520474620173 ], [ 11.174816580513857, 9.884249285274811 ], [ 11.17562688826475, 9.883696442170409 ], [ 11.17672889368286, 9.883157599436508 ], [ 11.177276295166868, 9.882584741064765 ], [ 11.179172448656512, 9.882610598108569 ], [ 11.179444307171549, 9.882044817112337 ], [ 11.179817927521743, 9.881684920604407 ], [ 11.179431788828452, 9.880954989808236 ], [ 11.180813736796415, 9.879621518694435 ], [ 11.180775941048932, 9.878262291937904 ], [ 11.181058122331089, 9.877967067266917 ], [ 11.182114312666837, 9.877450223238109 ], [ 11.182426366721476, 9.877150038217634 ], [ 11.182687992596401, 9.876329587550405 ], [ 11.183527862695597, 9.876053519032743 ], [ 11.18427785591728, 9.875268561612652 ], [ 11.187830898249691, 9.875173471177293 ], [ 11.188687527341173, 9.875979770530289 ], [ 11.188978724846288, 9.876565196498936 ], [ 11.189573397626951, 9.876846250321034 ], [ 11.190358429925235, 9.877646654318772 ], [ 11.191723262487281, 9.877609702939903 ], [ 11.193335224156534, 9.877632040207279 ], [ 11.19417924659451, 9.877339501012081 ], [ 11.195544204138924, 9.877000137581151 ], [ 11.195270384834103, 9.875976635116844 ], [ 11.193901051450716, 9.875655095092947 ], [ 11.194145110740136, 9.872187858993296 ], [ 11.195058984038203, 9.870833036895716 ], [ 11.194506009539039, 9.869266930624102 ], [ 11.19549174353026, 9.868925277186781 ], [ 11.195995933353585, 9.868932053907834 ], [ 11.197135856301793, 9.868648706287312 ], [ 11.197678265086486, 9.867815300986296 ], [ 11.199022053996163, 9.867833543657957 ], [ 11.19931603409942, 9.867549883085646 ], [ 11.199581212079782, 9.867271705911556 ], [ 11.200952957145338, 9.866996896373932 ], [ 11.201764972800914, 9.866715146112536 ], [ 11.202863292554699, 9.8664421158288 ], [ 11.203128466256294, 9.866163936683195 ], [ 11.203679944768766, 9.865894478465773 ], [ 11.203939708762428, 9.864802886658065 ], [ 11.205038019161554, 9.864529851019656 ], [ 11.2053042576309, 9.864251663874125 ], [ 11.205603346316041, 9.864255533138955 ], [ 11.206391443679417, 9.863431103157131 ], [ 11.207489745989614, 9.863158060931692 ], [ 11.207753107475934, 9.86260874275129 ], [ 11.208304575270219, 9.862339279014332 ], [ 11.208567934913816, 9.861789960608244 ], [ 11.209704545897884, 9.860374873539165 ], [ 11.210172284617485, 9.856356483555535 ], [ 11.211202833544267, 9.856017680508181 ], [ 11.211521261024286, 9.853636162560882 ], [ 11.21179930416905, 9.853368488608076 ], [ 11.212060846439989, 9.85254803389134 ], [ 11.212612294241444, 9.85227856737192 ], [ 11.213965645873625, 9.851179804736434 ], [ 11.215063898107005, 9.850906747862258 ], [ 11.215323621854509, 9.849815157121457 ], [ 11.216155922840468, 9.849541194861363 ], [ 11.21667796655384, 9.847908235681732 ], [ 11.217217750821906, 9.846853466449952 ], [ 11.217226903534785, 9.846144822893709 ], [ 11.217201363362884, 9.845198623671239 ], [ 11.217484699447212, 9.844925616227719 ], [ 11.217735364548558, 9.842478349862043 ], [ 11.218140735691197, 9.842088032960682 ], [ 11.217461137008572, 9.841395561361002 ], [ 11.216638316853714, 9.841006420892761 ], [ 11.217095750658888, 9.838334313366079 ], [ 11.217434036690889, 9.837333827298899 ], [ 11.217794086937879, 9.835433434424051 ], [ 11.218790106506638, 9.835692748896825 ], [ 11.2198541853673, 9.836228056386942 ], [ 11.22151911482014, 9.835900427857576 ], [ 11.220809563242771, 9.830561063301692 ], [ 11.220390627524187, 9.829717009813582 ], [ 11.220014483242853, 9.829363598611977 ], [ 11.22049295276873, 9.826966740065094 ], [ 11.219887250046972, 9.825819929261618 ], [ 11.220914405678984, 9.824828162951542 ], [ 11.221434326082106, 9.823202635624558 ], [ 11.221978281936623, 9.822138839785762 ], [ 11.222225514764167, 9.81885909531751 ], [ 11.222547028331745, 9.818549297740281 ], [ 11.22246657518642, 9.815614345191737 ], [ 11.222755190738306, 9.815336009079465 ], [ 11.223020313003165, 9.815057826108255 ], [ 11.225108827928393, 9.81437048387664 ], [ 11.225532688538703, 9.812596775908304 ], [ 11.228737749897679, 9.81264031513018 ], [ 11.229058727188152, 9.811294126688566 ], [ 11.230107229001019, 9.810949354890559 ], [ 11.230372341159613, 9.810671168221367 ], [ 11.231673371443085, 9.810243175027182 ], [ 11.232011731250745, 9.80958108966702 ], [ 11.232440823012498, 9.807318544254468 ], [ 11.233358914499073, 9.80552198749063 ], [ 11.232515292689266, 9.803128545411351 ], [ 11.232860484560096, 9.802690427794673 ], [ 11.233789449205984, 9.803157225440648 ], [ 11.234146814568906, 9.802783105426004 ], [ 11.23494786927721, 9.802009407523272 ], [ 11.235242773787284, 9.801397918189231 ], [ 11.238780913123133, 9.801446604686436 ], [ 11.239460162365964, 9.798277891620147 ], [ 11.240393316941118, 9.797302073498086 ], [ 11.241765622134572, 9.797321077187704 ], [ 11.242036013728434, 9.797037025671244 ], [ 11.242587344314702, 9.796767535108799 ], [ 11.242924546441136, 9.796414726094641 ], [ 11.244763336647559, 9.795934421184663 ], [ 11.245326135276535, 9.795941819147966 ], [ 11.245279334949995, 9.794222595324317 ], [ 11.24639241411303, 9.793488652270737 ], [ 11.246762045266893, 9.792719379788155 ], [ 11.248301590759759, 9.791571129926076 ], [ 11.248822399214555, 9.789942414041976 ], [ 11.249114344343361, 9.789372246389844 ], [ 11.249067583130074, 9.787660441140686 ], [ 11.249338066221991, 9.785329578531934 ], [ 11.250160889392738, 9.784787140925605 ], [ 11.250415013373892, 9.782882165859331 ], [ 11.250953945623511, 9.782361731277476 ], [ 11.251227735833995, 9.781792213710721 ], [ 11.251503866896586, 9.78125339647516 ], [ 11.251765287699122, 9.78043294204055 ], [ 11.252589921733636, 9.780161631755297 ], [ 11.252842207692805, 9.777985528539451 ], [ 11.253940171689681, 9.777712404965055 ], [ 11.254199758210726, 9.776620820946651 ], [ 11.255297715867426, 9.776347694218535 ], [ 11.255557297674422, 9.775256110315395 ], [ 11.257189482357777, 9.774718885134515 ], [ 11.257721739674849, 9.774161948280334 ], [ 11.258727468460778, 9.773831171380076 ], [ 11.259162338930624, 9.772925892755888 ], [ 11.260190276372786, 9.772248095804789 ], [ 11.26068621677987, 9.771216371903154 ], [ 11.261774034117476, 9.770078506998574 ], [ 11.263936338108483, 9.769150614854848 ], [ 11.264256289113227, 9.768148657129473 ], [ 11.264534224236387, 9.767880963878417 ], [ 11.264903794227569, 9.767111686318925 ], [ 11.266470780708671, 9.765942555580745 ], [ 11.267503428905592, 9.764862240679612 ], [ 11.26833508584928, 9.764059698058094 ], [ 11.26873096630367, 9.763235698636445 ], [ 11.269419054923498, 9.761888125883697 ], [ 11.269403587107481, 9.761338536865146 ], [ 11.269411658903936, 9.760796204783503 ], [ 11.269396223837537, 9.760251381225522 ], [ 11.269695579700088, 9.75936447751573 ], [ 11.269652946054377, 9.757798827421437 ], [ 11.270462306261402, 9.75701761514183 ], [ 11.270480807239396, 9.755650676439734 ], [ 11.270183163576306, 9.755370929282034 ], [ 11.270187697419106, 9.755094463739757 ], [ 11.269893524567571, 9.754538788168507 ], [ 11.269905222241677, 9.753743298246514 ], [ 11.269889808178728, 9.753201122612332 ], [ 11.270712398377878, 9.752798466034223 ], [ 11.27043898353231, 9.751839120537468 ], [ 11.269812388883514, 9.751543029290783 ], [ 11.270150089720604, 9.750485349278753 ], [ 11.270681516823426, 9.749971835776533 ], [ 11.270693942180046, 9.749126031393049 ], [ 11.270136600449119, 9.747545273707232 ], [ 11.270390376779288, 9.745603244306571 ], [ 11.271013020984116, 9.745001745591042 ], [ 11.270380562862982, 9.743205422418274 ], [ 11.271090140993875, 9.743145094401431 ], [ 11.272153613857082, 9.743159194328486 ], [ 11.272563518075602, 9.743148520159492 ], [ 11.273930230347263, 9.743166949564438 ], [ 11.275992543673263, 9.743111359339734 ], [ 11.27794945234619, 9.743413917995477 ], [ 11.279127025820959, 9.744194575055083 ], [ 11.279721477498518, 9.744475508086392 ], [ 11.280760016555895, 9.745534049365043 ], [ 11.281327240008512, 9.74526441427129 ], [ 11.281637641523194, 9.741138615656396 ], [ 11.282109380263, 9.740644554022982 ], [ 11.282660581128583, 9.740375025880089 ], [ 11.282920068023694, 9.739283445494346 ], [ 11.28401786551361, 9.73901025856647 ], [ 11.284351337697, 9.737966374016949 ], [ 11.288007267178564, 9.737867743718008 ], [ 11.28893167229081, 9.738158629607796 ], [ 11.289204145404678, 9.738975505882381 ], [ 11.290305557923157, 9.739233954811843 ], [ 11.290594135300314, 9.740376400881676 ], [ 11.295124151214775, 9.738983400366488 ], [ 11.295772566523603, 9.740287052086957 ], [ 11.296600685165782, 9.740547317370666 ], [ 11.296875033630331, 9.741635304682585 ], [ 11.298249754861066, 9.741891884332022 ], [ 11.298518541444112, 9.742166503758563 ], [ 11.299073366051827, 9.742428602864292 ], [ 11.299601260898312, 9.742967312542149 ], [ 11.300168458042862, 9.742697650505846 ], [ 11.300429742619265, 9.741877190880892 ], [ 11.302620714169407, 9.741596572061029 ], [ 11.302880132589571, 9.740504991221981 ], [ 11.30397790261341, 9.740231742838127 ], [ 11.304241037051002, 9.739682403389756 ], [ 11.305338802405272, 9.739409151486109 ], [ 11.305603795403936, 9.739130931992095 ], [ 11.307150466094903, 9.738621636472018 ], [ 11.307791011338418, 9.738308045091731 ], [ 11.308297285944539, 9.737253982670133 ], [ 11.308595135746772, 9.736941647977092 ], [ 11.310239471474558, 9.736664685687725 ], [ 11.311284117669134, 9.736121703772419 ], [ 11.312956730833852, 9.736076482364087 ], [ 11.313239283600385, 9.736644367824333 ], [ 11.314067396203802, 9.736904589677408 ], [ 11.314341792278141, 9.737992550773983 ], [ 11.315443201759386, 9.738250914784393 ], [ 11.315715734595651, 9.739067754987255 ], [ 11.317001074338286, 9.739369347255462 ], [ 11.318189230416042, 9.740130186611468 ], [ 11.318470714661087, 9.740695953685188 ], [ 11.319016602365224, 9.741209086157303 ], [ 11.319546017271827, 9.742273592551781 ], [ 11.32078585377984, 9.743094966216956 ], [ 11.32203412934849, 9.742820636952018 ], [ 11.323044723834922, 9.742295326085083 ], [ 11.324623422091628, 9.742252798752491 ], [ 11.325033418822676, 9.742257947730057 ], [ 11.325566055442582, 9.742243725753905 ], [ 11.326138820480756, 9.742782078863254 ], [ 11.326130981243089, 9.743345573062443 ], [ 11.326687624938792, 9.743868147280123 ], [ 11.326980262656965, 9.745578182175336 ], [ 11.328346205879624, 9.746568116123591 ], [ 11.328625769260764, 9.746853751624796 ], [ 11.331784254844061, 9.746768091514744 ], [ 11.332992496159662, 9.7473391509373 ], [ 11.333518713653808, 9.748396760114629 ], [ 11.334340199058722, 9.749233644366807 ], [ 11.335466872653278, 9.749588136237717 ], [ 11.335210740388577, 9.751135635332945 ], [ 11.334789725229623, 9.751542562921093 ], [ 11.33521636671486, 9.751943682927884 ], [ 11.335495940186417, 9.752229310298494 ], [ 11.337092814058373, 9.752186060720062 ], [ 11.338784022146472, 9.753269556373276 ], [ 11.339322736536337, 9.753818702753364 ], [ 11.339877598839244, 9.754080723360101 ], [ 11.340148316226436, 9.754626413035455 ], [ 11.340431771288978, 9.755161422772403 ], [ 11.340729894819663, 9.759019747760046 ], [ 11.342099314324624, 9.760035527963923 ], [ 11.342927494845998, 9.760295660661757 ], [ 11.34320201622095, 9.761383570892084 ], [ 11.343623305897472, 9.761779416773253 ], [ 11.344033004461121, 9.762197052540484 ], [ 11.345147425049056, 9.762166607830586 ], [ 11.346221675335906, 9.763260652555784 ], [ 11.3465032502334, 9.763524540942063 ], [ 11.347010808224633, 9.764041581177727 ], [ 11.347595812333687, 9.76433567872837 ], [ 11.348684160659539, 9.764849767658331 ], [ 11.349153010696062, 9.765327354407054 ], [ 11.350951314564206, 9.766747342143635 ], [ 11.351717062204607, 9.766476222906842 ], [ 11.352255332893989, 9.766196082699823 ], [ 11.352806487818969, 9.765926444676314 ], [ 11.35306954349506, 9.765377082166692 ], [ 11.354167311054352, 9.765103662865407 ], [ 11.354705576832467, 9.764823519757501 ], [ 11.355572640816929, 9.764537924010325 ], [ 11.356739587948573, 9.763930939265361 ], [ 11.357938277548103, 9.764497185563004 ], [ 11.358324245753177, 9.767000281347466 ], [ 11.358029886326779, 9.770228260680039 ], [ 11.35748693451654, 9.770753087974228 ], [ 11.357936457447739, 9.772121472999824 ], [ 11.359407906413853, 9.771845441931644 ], [ 11.359928286765824, 9.771299586572846 ], [ 11.361521718157197, 9.771667674913797 ], [ 11.362416209346122, 9.772090386628573 ], [ 11.363631570523335, 9.772895308328494 ], [ 11.363791908171477, 9.772619365860958 ], [ 11.363761928869351, 9.771549383947127 ], [ 11.364311230015579, 9.771018149355735 ], [ 11.364827866087365, 9.769943839694749 ], [ 11.366413359709798, 9.768283844975633 ], [ 11.36758038969362, 9.767992955843761 ], [ 11.368632345096511, 9.766376912531976 ], [ 11.369071345395421, 9.76595181806301 ], [ 11.369469828596912, 9.765534419614371 ], [ 11.370497445038488, 9.764856346539139 ], [ 11.370826755340811, 9.764169366548956 ], [ 11.371817353759122, 9.763843157758204 ], [ 11.372290807885918, 9.762857047026703 ], [ 11.373296312453643, 9.762525964952982 ], [ 11.373819842272971, 9.761977957148357 ], [ 11.374639579829584, 9.76225024423263 ], [ 11.376624350731742, 9.762556760202356 ], [ 11.377105057606141, 9.763046396827203 ], [ 11.37793517759831, 9.763577541975726 ], [ 11.378442773030258, 9.764094523830726 ], [ 11.379215296285874, 9.764482565687313 ], [ 11.379572431715809, 9.764108338697463 ], [ 11.380123550970914, 9.763838662364293 ], [ 11.381205598096949, 9.763012442569117 ], [ 11.381754412977521, 9.763019723576797 ], [ 11.382279384607747, 9.761926281063552 ], [ 11.382839779015447, 9.761910709361521 ], [ 11.383388590571194, 9.761917988159341 ], [ 11.383654585346848, 9.761639711791153 ], [ 11.384478994433946, 9.761368116633536 ], [ 11.385294774486734, 9.761084400707333 ], [ 11.385804520603539, 9.761602942647677 ], [ 11.387913149387662, 9.762661509528721 ], [ 11.389660727902136, 9.76309298963907 ], [ 11.390501215462935, 9.762681472154471 ], [ 11.391269497371791, 9.761876493097178 ], [ 11.392389784763164, 9.761327978045319 ], [ 11.392669538330775, 9.761034243723097 ], [ 11.394102932893791, 9.760677329576096 ], [ 11.394721075012074, 9.760078856761421 ], [ 11.3956355756645, 9.759120870887788 ], [ 11.398130217531948, 9.759369132532333 ], [ 11.398528838485317, 9.760171199362597 ], [ 11.39975456777276, 9.760186922013101 ], [ 11.400345958463094, 9.759879866473797 ], [ 11.40141259637992, 9.759893527309334 ], [ 11.402494130430403, 9.759155688656895 ], [ 11.403592233395923, 9.758793690734198 ], [ 11.405184325526234, 9.758240221663661 ], [ 11.405245613138751, 9.7585982733119 ], [ 11.405217532343896, 9.760635535719034 ], [ 11.406045639610905, 9.761477975739949 ], [ 11.406619826770804, 9.761749267197025 ], [ 11.406890649373098, 9.762294876305221 ], [ 11.407172259018481, 9.762558703320998 ], [ 11.407839545804157, 9.763899492809619 ], [ 11.415656097836509, 9.764125281912088 ], [ 11.416184179454998, 9.764663757957788 ], [ 11.417365401092267, 9.764281533320927 ], [ 11.41818790802402, 9.762569062916267 ], [ 11.419196426360426, 9.762074743407329 ], [ 11.420004766428251, 9.76165438852799 ], [ 11.423015450502152, 9.761367159760853 ], [ 11.424600200295375, 9.760542546024274 ], [ 11.426264967603656, 9.761039019161672 ], [ 11.42656181730851, 9.761341902640472 ], [ 11.427263733732252, 9.762001436105686 ], [ 11.428461870403352, 9.763220298920261 ], [ 11.4295637352414, 9.763234676368478 ], [ 11.430631377196393, 9.762505331498506 ], [ 11.432586488814971, 9.762112237632822 ], [ 11.433994621737337, 9.761815708614726 ], [ 11.434786846759883, 9.761825928944088 ], [ 11.434734698673861, 9.759938602135206 ], [ 11.435028356297199, 9.75965480327045 ], [ 11.435293229293796, 9.759376504869099 ], [ 11.435570988662612, 9.75910870550317 ], [ 11.435835860783657, 9.758830406885691 ], [ 11.436916670944129, 9.75830110916238 ], [ 11.437196374590888, 9.758007348193546 ], [ 11.440753542345513, 9.757716062263663 ], [ 11.442280455116217, 9.757315929327218 ], [ 11.442660123509153, 9.757702393696679 ], [ 11.443534328088207, 9.757976761057657 ], [ 11.44471850924994, 9.759181359031803 ], [ 11.446779591239798, 9.759565273242531 ], [ 11.447048488976685, 9.759839742930403 ], [ 11.448150824092554, 9.760360263895253 ], [ 11.448436703494361, 9.762811930198149 ], [ 11.449538197673821, 9.76306981606502 ], [ 11.450080387283188, 9.763342315339763 ], [ 11.450635309986922, 9.763604130671563 ], [ 11.451142991247568, 9.764120976931924 ], [ 11.452000207049855, 9.764551112317841 ], [ 11.453988255599162, 9.765016513282443 ], [ 11.454475225426961, 9.765474197048917 ], [ 11.454755744164418, 9.766313022341956 ], [ 11.456378150150208, 9.766268486122708 ], [ 11.457209687911133, 9.766544177281608 ], [ 11.458204834844842, 9.766856278181898 ], [ 11.458584088392971, 9.767618665966472 ], [ 11.459756712944538, 9.769127736548528 ], [ 11.46052539007964, 9.770581477011387 ], [ 11.460798294026549, 9.771398108943117 ], [ 11.461311074618097, 9.771878890209759 ], [ 11.461909789772617, 9.773011389653666 ], [ 11.462420171482231, 9.774035980618326 ], [ 11.463528111069106, 9.775163728646765 ], [ 11.46456395125937, 9.775488746333842 ], [ 11.465450364074181, 9.777267254271637 ], [ 11.466038768946794, 9.777866612850447 ], [ 11.466593724603484, 9.77812839294926 ], [ 11.467063806951044, 9.778607352570804 ], [ 11.468237133476928, 9.779477268426843 ], [ 11.469843473986275, 9.779853188739853 ], [ 11.469904454543318, 9.782037972928276 ], [ 11.469895536981669, 9.782709438081046 ], [ 11.470992214821498, 9.784472624117052 ], [ 11.471293490893162, 9.786232590902454 ], [ 11.471848951073678, 9.787281712577656 ], [ 11.472131445936814, 9.788666402563795 ], [ 11.473233029473452, 9.788924185850991 ], [ 11.47375584525261, 9.789456225049156 ], [ 11.475420468833541, 9.789477979970657 ], [ 11.47756813297757, 9.789418896104198 ], [ 11.479031757569741, 9.790266518796257 ], [ 11.479802012321201, 9.791050365190438 ], [ 11.480365569832715, 9.79131628829143 ], [ 11.480909321577201, 9.792939969947843 ], [ 11.481330781596421, 9.793335595542912 ], [ 11.481994545956338, 9.794011136631125 ], [ 11.482749902096499, 9.793650853084561 ], [ 11.483645407268803, 9.7931857624183 ], [ 11.483920886070679, 9.79318904184051 ], [ 11.485089727067679, 9.793157188102029 ], [ 11.487766458029482, 9.793461624288129 ], [ 11.488302965577141, 9.793964940586768 ], [ 11.488810748938894, 9.79448170400534 ], [ 11.491275645735421, 9.795298617780031 ], [ 11.493230559811813, 9.795018457802847 ], [ 11.4936559977768, 9.793228845892337 ], [ 11.494283127947345, 9.792570851881182 ], [ 11.49704054444299, 9.792816377640458 ], [ 11.49731558975042, 9.793904033944134 ], [ 11.498565854595165, 9.794196636875645 ], [ 11.498986084865605, 9.795851886159882 ], [ 11.501942249006653, 9.796401413214252 ], [ 11.503763102241123, 9.79775086774754 ], [ 11.504996796916139, 9.79682946361846 ], [ 11.505623742659761, 9.795865413457246 ], [ 11.506617952248906, 9.795185628826017 ], [ 11.508228426266506, 9.794395921641501 ], [ 11.508758076920119, 9.793841346962418 ], [ 11.509856643303083, 9.793269328434551 ], [ 11.510984930664076, 9.793526780635821 ], [ 11.511527201445793, 9.793799156744832 ], [ 11.512082203692955, 9.794060846814034 ], [ 11.512570651087678, 9.794558117793619 ], [ 11.513450495025227, 9.795140382533782 ], [ 11.514552099319694, 9.795398018261894 ], [ 11.514935116366454, 9.795788052512181 ], [ 11.516191659158739, 9.796204436556733 ], [ 11.518386465166074, 9.796453949141206 ], [ 11.518655444802565, 9.796728339689317 ], [ 11.519076943681142, 9.797123905951818 ], [ 11.519481482197753, 9.797535481568211 ], [ 11.519763194149672, 9.79779918557962 ], [ 11.520198990227533, 9.798673819620092 ], [ 11.521686536154519, 9.799140350287018 ], [ 11.522089823752262, 9.799950625375537 ], [ 11.522237275950017, 9.799683733010207 ], [ 11.522500033376108, 9.799134301384504 ], [ 11.523324330793299, 9.798862374546072 ], [ 11.52358913583228, 9.798584018318659 ], [ 11.524140130748469, 9.798314123151512 ], [ 11.524949482468587, 9.797760623118316 ], [ 11.525773773257228, 9.797488691652669 ], [ 11.526096597938421, 9.796130835811979 ], [ 11.527058919871939, 9.797310219002338 ], [ 11.527411264928022, 9.798018676336598 ], [ 11.528241633437165, 9.798549373291749 ], [ 11.529334628137004, 9.799359789576021 ], [ 11.530521809008819, 9.799637378463055 ], [ 11.530993126741345, 9.80096865895835 ], [ 11.531270346274658, 9.802327331865763 ], [ 11.531815521591458, 9.802838436885612 ], [ 11.53183156454689, 9.803404851073809 ], [ 11.531827237049864, 9.803678620235074 ], [ 11.532377797555363, 9.80419550724794 ], [ 11.532117235331649, 9.805031900179122 ], [ 11.531839544303887, 9.805299768210023 ], [ 11.531305555313279, 9.806122319257403 ], [ 11.530488634654093, 9.8065228749363 ], [ 11.530756655532965, 9.806668596752932 ], [ 11.531495987599582, 9.807017291565554 ], [ 11.531863527796295, 9.807755276457778 ], [ 11.533495425876776, 9.808525107989189 ], [ 11.534038798790153, 9.809078047524384 ], [ 11.534826810767568, 9.809088038567168 ], [ 11.535699037934044, 9.808800364242684 ], [ 11.537290973881127, 9.808246272055491 ], [ 11.537831409413513, 9.808693332786047 ], [ 11.538162875953311, 9.809318799090063 ], [ 11.538433945355779, 9.809864239398101 ], [ 11.538988987477483, 9.810125873143983 ], [ 11.539810803746279, 9.811209359135686 ], [ 11.540520149148717, 9.811543958817564 ], [ 11.541458271198769, 9.81331699103449 ], [ 11.541867943508711, 9.814535396431644 ], [ 11.543067713799473, 9.815755281292319 ], [ 11.544217739075556, 9.816332232365037 ], [ 11.546656825072386, 9.817096976350188 ], [ 11.547759700708871, 9.817650440667885 ], [ 11.548610694298684, 9.8173782453276 ], [ 11.548956845862069, 9.816291297021268 ], [ 11.550244286826887, 9.8165473933909 ], [ 11.551307507867365, 9.817081024753355 ], [ 11.551615025430266, 9.817084532138503 ], [ 11.551875658170427, 9.816264017559757 ], [ 11.552406624296552, 9.815750143729385 ], [ 11.552418315684372, 9.814907150371415 ], [ 11.552386302594355, 9.813794460417819 ], [ 11.553766172259868, 9.812459874356877 ], [ 11.554026798579722, 9.811639360178306 ], [ 11.554571532788231, 9.811112144603785 ], [ 11.554834243340125, 9.810006764571352 ], [ 11.555368725426593, 9.808421231840988 ], [ 11.555372626737455, 9.808094524871187 ], [ 11.55454673546336, 9.807319265151667 ], [ 11.554805160273499, 9.806211799885915 ], [ 11.555701808203496, 9.805771941320224 ], [ 11.555068115413144, 9.804859690200844 ], [ 11.554657303551979, 9.803634963546383 ], [ 11.553784113333947, 9.802815579961743 ], [ 11.55449448940305, 9.801334617039174 ], [ 11.554770079187085, 9.800795666775521 ], [ 11.555032776915322, 9.800246223246003 ], [ 11.555310441243739, 9.79997834189615 ], [ 11.555576281446434, 9.799142435869729 ], [ 11.556363681590545, 9.798380430770436 ], [ 11.556928392864403, 9.796700958563493 ], [ 11.556150917732788, 9.795970335950546 ], [ 11.557285219173693, 9.794224625435419 ], [ 11.558262442778556, 9.793715859946358 ], [ 11.559108003610213, 9.793301271188186 ], [ 11.55985692642628, 9.790307876898716 ], [ 11.559888480560593, 9.787877944733886 ], [ 11.559846099980188, 9.78638730318503 ], [ 11.559903852985201, 9.781940986934684 ], [ 11.559520393887111, 9.781216926322401 ], [ 11.558976604810921, 9.779071938918937 ], [ 11.558426065670922, 9.778555094352409 ], [ 11.558800351329936, 9.775709070008439 ], [ 11.559469665005818, 9.775007260658313 ], [ 11.561407027107171, 9.775258458845302 ], [ 11.561949284866133, 9.775530751728304 ], [ 11.562504271438993, 9.775792357249326 ], [ 11.562798087588966, 9.776381549665308 ], [ 11.565374571807279, 9.776310228744144 ], [ 11.566055724390161, 9.776318853304128 ], [ 11.566810798535158, 9.775526907579527 ], [ 11.567412612382308, 9.775213159365746 ], [ 11.569681427307223, 9.774559611771025 ], [ 11.570349006885349, 9.773913922317108 ], [ 11.571226104601109, 9.772749899339251 ], [ 11.571484595731285, 9.771658322923329 ], [ 11.572308760493378, 9.771386303963599 ], [ 11.572569331569035, 9.770565793542694 ], [ 11.572846959582018, 9.770297907302616 ], [ 11.57392315704138, 9.768929063959344 ], [ 11.574705158820151, 9.768172908609792 ], [ 11.575276969939214, 9.767292332239025 ], [ 11.575823685451034, 9.766480246224434 ], [ 11.576996844926159, 9.764674924590167 ], [ 11.579464578222389, 9.762557476414733 ], [ 11.579859801495989, 9.75912521100763 ], [ 11.580948830346884, 9.757766853763195 ], [ 11.582064375744523, 9.756248928158369 ], [ 11.583666744597284, 9.755848689140018 ], [ 11.584186654695225, 9.755302586516027 ], [ 11.585030874044588, 9.755561965079972 ], [ 11.585299853191305, 9.755836297881373 ], [ 11.586391220258751, 9.756860441892297 ], [ 11.586692755409205, 9.757756629931185 ], [ 11.588825073792451, 9.757697012324101 ], [ 11.589968248108802, 9.757964163128591 ], [ 11.590761203772285, 9.758771365439198 ], [ 11.59161199656752, 9.758499108670868 ], [ 11.592392374634588, 9.757679935858432 ], [ 11.593522625346289, 9.758208190082758 ], [ 11.593804202389865, 9.760108881812723 ], [ 11.596808225175588, 9.76040947561876 ], [ 11.598468482065973, 9.7616944798762 ], [ 11.598996557100104, 9.762754105681461 ], [ 11.602576931021545, 9.763042298350568 ], [ 11.604223659502155, 9.763819102993615 ], [ 11.604748733992132, 9.764352999910463 ], [ 11.605854419155971, 9.764875037248464 ], [ 11.606149095203024, 9.765430813372573 ], [ 11.606421287195678, 9.76597776152164 ], [ 11.607732853325144, 9.765521392458394 ], [ 11.609127074453855, 9.766220686493423 ], [ 11.609433464404486, 9.766224161494119 ], [ 11.610490236085674, 9.765673908110292 ], [ 11.612656159887074, 9.765952713068126 ], [ 11.612735800371325, 9.768771370198147 ], [ 11.612717479572046, 9.770253413698097 ], [ 11.613817088765389, 9.770267202392189 ], [ 11.614376305720185, 9.769975947578265 ], [ 11.617322366203778, 9.769545094972027 ], [ 11.617646907400497, 9.768866504420005 ], [ 11.617922368688577, 9.768327535057475 ], [ 11.618178578591492, 9.766964907226962 ], [ 11.619000544706013, 9.766421731980174 ], [ 11.619312635449742, 9.765107383526262 ], [ 11.622753351517899, 9.765010997352299 ], [ 11.623678029730121, 9.765317295611489 ], [ 11.624986439226364, 9.765280733453952 ], [ 11.625278934990277, 9.765554841901437 ], [ 11.625689900156187, 9.766779430791669 ], [ 11.626931200731574, 9.767168513649342 ], [ 11.627205599642554, 9.767448583713518 ], [ 11.629329366772939, 9.76738876381622 ], [ 11.630331385364562, 9.767891392304319 ], [ 11.633767854948244, 9.767934161674216 ], [ 11.635043002872091, 9.767062373821503 ], [ 11.635932494614062, 9.76750814664573 ], [ 11.63676827714429, 9.767097715063223 ], [ 11.637032946202677, 9.76681930059152 ], [ 11.642502231559906, 9.766511095166518 ], [ 11.644129906480643, 9.766083908630845 ], [ 11.645774778712472, 9.765672464318182 ], [ 11.646039437584085, 9.765394045081202 ], [ 11.647241432835443, 9.764997156641494 ], [ 11.647955412586704, 9.764305465677522 ], [ 11.649495735659015, 9.762689319031557 ], [ 11.654237768941606, 9.763162738052365 ], [ 11.654770439898556, 9.763704949037756 ], [ 11.65560186876027, 9.764097118236895 ], [ 11.656943611843825, 9.764769071089601 ], [ 11.659755983646615, 9.765136226650482 ], [ 11.660799002516299, 9.765826379256374 ], [ 11.661836468985856, 9.766489040877936 ], [ 11.662175995262324, 9.767170924690399 ], [ 11.66245991266832, 9.767705534394777 ], [ 11.662992524264665, 9.76877450042036 ], [ 11.664079234639592, 9.769319234201904 ], [ 11.665472116848113, 9.768500429877655 ], [ 11.666141140477093, 9.76779847212277 ], [ 11.666556531680628, 9.768220869126189 ], [ 11.66738478543795, 9.76848014324691 ], [ 11.668177911515512, 9.769287108997363 ], [ 11.668755369848437, 9.769016811946095 ], [ 11.669275121144299, 9.768470610595754 ], [ 11.669846142357969, 9.76873189634137 ], [ 11.670910354909578, 9.769265664835061 ], [ 11.67148780974507, 9.768995363735785 ], [ 11.671750280246883, 9.768445885368251 ], [ 11.673264035712288, 9.768464699888776 ], [ 11.674954651760943, 9.768041642810186 ], [ 11.675420822449809, 9.767070206592079 ], [ 11.676251084120125, 9.767046735491592 ], [ 11.680174215666606, 9.767095265789024 ], [ 11.68048528378208, 9.766485049616614 ], [ 11.680979769761695, 9.765453034217911 ], [ 11.681697439329399, 9.764699848841397 ], [ 11.682896281894832, 9.765917576832964 ], [ 11.683210130903234, 9.765921454800585 ], [ 11.683702092671469, 9.76590751603853 ], [ 11.68539538238166, 9.766221861712733 ], [ 11.685134695716844, 9.766990506320012 ], [ 11.684838341827211, 9.767570961986459 ], [ 11.684891675012913, 9.769429302106488 ], [ 11.684878102984277, 9.770531642689685 ], [ 11.685715928886495, 9.771317554839795 ], [ 11.685987161136795, 9.771862823610839 ], [ 11.687248016402679, 9.772157273116196 ], [ 11.687772010578188, 9.773206656414962 ], [ 11.689836347355248, 9.77399556287758 ], [ 11.690364775670266, 9.774532966667037 ], [ 11.69079392234409, 9.774538040933093 ], [ 11.6920211881577, 9.77450397271139 ], [ 11.692574369508318, 9.775066058005322 ], [ 11.693097258900844, 9.774517156647672 ], [ 11.694929526181475, 9.774852574705573 ], [ 11.695314310825092, 9.775578516948483 ], [ 11.695864413918274, 9.777744190807475 ], [ 11.696934851925482, 9.77824922239348 ], [ 11.697251061127632, 9.778544767507872 ], [ 11.697520132114706, 9.778818982031686 ], [ 11.698802729695217, 9.779423437281229 ], [ 11.699170546570418, 9.780161153436625 ], [ 11.700813227987306, 9.780544623933231 ], [ 11.700278693446977, 9.781236568688122 ], [ 11.699810544739945, 9.781689753508306 ], [ 11.700558467035503, 9.782042215051245 ], [ 11.700848310957088, 9.782904957037363 ], [ 11.701940043247763, 9.783928611802997 ], [ 11.701932595638407, 9.784459663330619 ], [ 11.702213506069723, 9.784744894466169 ], [ 11.703299373861192, 9.785438241383655 ], [ 11.703345403321562, 9.787037200730563 ], [ 11.703330525629799, 9.788232710791123 ], [ 11.703612653917116, 9.788799572314106 ], [ 11.704994057765825, 9.789867489473544 ], [ 11.705263145109157, 9.790141693531302 ], [ 11.706106444185904, 9.790405495995739 ], [ 11.706895397988644, 9.791207600599968 ], [ 11.708342119509117, 9.790850361311575 ], [ 11.70882403558865, 9.790384349521899 ], [ 11.709084245530997, 9.789563819399174 ], [ 11.710181500745939, 9.789289303031785 ], [ 11.710631343242021, 9.788817721916251 ], [ 11.71527903805719, 9.788686348788792 ], [ 11.716464021405642, 9.788962743704122 ], [ 11.716992511537647, 9.789500087697263 ], [ 11.717565791143906, 9.789507146003398 ], [ 11.718352191240829, 9.788681873618117 ], [ 11.720016263708505, 9.788934301573502 ], [ 11.720420974102378, 9.789345575522546 ], [ 11.721372946891297, 9.790238976552313 ], [ 11.721733219202539, 9.790960300953158 ], [ 11.724381020630718, 9.791678092000321 ], [ 11.726901675097606, 9.79251123117435 ], [ 11.728742048046271, 9.791607059714995 ], [ 11.729053421648704, 9.791306508295182 ], [ 11.729437552830206, 9.790504566849181 ], [ 11.730409772143123, 9.790477160006288 ], [ 11.731459173905506, 9.790489893175499 ], [ 11.732317085777415, 9.790190764353671 ], [ 11.733414303117176, 9.789916177404464 ], [ 11.733955319901355, 9.789633890943993 ], [ 11.734500885541982, 9.789907426134727 ], [ 11.735875698016581, 9.790162101302547 ], [ 11.736144804319315, 9.790436273910998 ], [ 11.736437392970196, 9.79071025597043 ], [ 11.736414380418546, 9.792591360386979 ], [ 11.737904780376947, 9.792881619983067 ], [ 11.73944367878393, 9.792837967174933 ], [ 11.738919243801842, 9.794750643614856 ], [ 11.738635795888515, 9.795591482046836 ], [ 11.738666877149539, 9.796647359668512 ], [ 11.738659583842098, 9.79718951171097 ], [ 11.738720660590744, 9.799298629023657 ], [ 11.738141747536314, 9.799906806050505 ], [ 11.737864270300491, 9.800174798609751 ], [ 11.737606360450307, 9.80126636225781 ], [ 11.737233566768097, 9.801626709173684 ], [ 11.73761521470484, 9.802345183305805 ], [ 11.737916937537106, 9.80294995557921 ], [ 11.738994848712244, 9.803960319149109 ], [ 11.739266197539925, 9.80450551372471 ], [ 11.740094557058706, 9.804764570355028 ], [ 11.740363681020192, 9.805038735253563 ], [ 11.740645526897229, 9.805302208084058 ], [ 11.741196822872395, 9.80665827399004 ], [ 11.741478670942355, 9.806921745552446 ], [ 11.741805223610433, 9.808207630030088 ], [ 11.742858344439712, 9.808536855012312 ], [ 11.743317470481868, 9.809457445481874 ], [ 11.745141063822517, 9.810661848033375 ], [ 11.74697733895596, 9.810942888611345 ], [ 11.747246473475709, 9.811217045045494 ], [ 11.748074851949783, 9.811476075813101 ], [ 11.74913423475236, 9.813597717656453 ], [ 11.749461285303347, 9.813904221825117 ], [ 11.749734898808111, 9.814720426668364 ], [ 11.750024423019543, 9.815265456868687 ], [ 11.750010891709017, 9.816341801714412 ], [ 11.750045513881878, 9.817561217992772 ], [ 11.75003723309365, 9.818238894953783 ], [ 11.750045897775033, 9.818512515627431 ], [ 11.749615590991196, 9.819793411558488 ], [ 11.750332553265586, 9.820131155066703 ], [ 11.750861151188927, 9.820668946463506 ], [ 11.751427906778027, 9.820398590090827 ], [ 11.75220366679917, 9.819583916373372 ], [ 11.753058546244622, 9.819301156709402 ], [ 11.75332312303691, 9.819022667094469 ], [ 11.755240188876337, 9.818741319425909 ], [ 11.755525473008678, 9.81722444043033 ], [ 11.756317546202677, 9.816835250693403 ], [ 11.756855381347602, 9.816554534775889 ], [ 11.757952637276871, 9.816279850517173 ], [ 11.758257940589406, 9.814990442766677 ], [ 11.760789861528407, 9.815611944693774 ], [ 11.761471395708559, 9.814895962129095 ], [ 11.763955360044395, 9.815141442731189 ], [ 11.76450117890378, 9.815695479174085 ], [ 11.76555134832841, 9.81566572868326 ], [ 11.767398490359753, 9.816096370333048 ], [ 11.767807321968817, 9.816479472877184 ], [ 11.768341431844037, 9.817550266372008 ], [ 11.768625560137092, 9.81808472820258 ], [ 11.768896968860506, 9.818629882205293 ], [ 11.769720035183655, 9.819017531930726 ], [ 11.769458914577372, 9.819709443671464 ], [ 11.768442428559254, 9.821223301114109 ], [ 11.768981444173079, 9.822240583554054 ], [ 11.768948800711367, 9.824860725129426 ], [ 11.768957482514004, 9.825134340922373 ], [ 11.768415276957008, 9.825659153408948 ], [ 11.768395571791697, 9.827268084086667 ], [ 11.768698109259015, 9.827575821554198 ], [ 11.768979995085488, 9.827839259112332 ], [ 11.769253673107773, 9.828655431326581 ], [ 11.77035537116641, 9.828912152686655 ], [ 11.77154597397795, 9.829204669249096 ], [ 11.773229072610926, 9.829156460594236 ], [ 11.773719783803728, 9.830138126419184 ], [ 11.774856121383527, 9.830707406210653 ], [ 11.776106411245154, 9.830092600060741 ], [ 11.776968587823632, 9.82787222083374 ], [ 11.777722369846435, 9.827501823466163 ], [ 11.777984662064602, 9.82695229940167 ], [ 11.779077385594841, 9.826135504288521 ], [ 11.779341938756478, 9.82585699887909 ], [ 11.78016365467237, 9.825313465821543 ], [ 11.780683243176894, 9.824767650197943 ], [ 11.781748365016098, 9.824737188784464 ], [ 11.782347461437253, 9.825019179659558 ], [ 11.782616631905293, 9.825293296620602 ], [ 11.782898523082745, 9.825556720092454 ], [ 11.784189442919949, 9.826867928968852 ], [ 11.784824984058227, 9.82716708300082 ], [ 11.785269467974501, 9.828489488714242 ], [ 11.786411501851884, 9.828846402684229 ], [ 11.78675418594727, 9.829866844529194 ], [ 11.787855885855167, 9.830123503943971 ], [ 11.788379157474782, 9.83065490762419 ], [ 11.789478818373462, 9.830668070477982 ], [ 11.790539566464091, 9.830115129440902 ], [ 11.791406121951537, 9.829828471797347 ], [ 11.791670664142567, 9.829549958820778 ], [ 11.792487149977399, 9.829148840756021 ], [ 11.792214499136556, 9.828461330028592 ], [ 11.791659138252829, 9.827413538826939 ], [ 11.791916633512583, 9.826295511985204 ], [ 11.79219407076987, 9.826027481404495 ], [ 11.792474483628961, 9.825732427490133 ], [ 11.793814335574691, 9.825748361412618 ], [ 11.794638149477283, 9.82495015824361 ], [ 11.794663950807065, 9.822810786674626 ], [ 11.794075005866901, 9.822212175686319 ], [ 11.793581147283261, 9.821749883565404 ], [ 11.793462164082433, 9.817620237915353 ], [ 11.794034109334913, 9.81733919018029 ], [ 11.794291819875173, 9.81624763178457 ], [ 11.794881836801119, 9.815957964453405 ], [ 11.795648990635835, 9.81515229204302 ], [ 11.797115809284859, 9.814784975998764 ], [ 11.797554931333369, 9.814323449784361 ], [ 11.797832355465463, 9.814055418432016 ], [ 11.798096882018983, 9.813776905160267 ], [ 11.800013809961555, 9.813495322262451 ], [ 11.800278333894051, 9.813216807906237 ], [ 11.801099975839819, 9.812673241681296 ], [ 11.801910843749015, 9.812118117019255 ], [ 11.803009387626854, 9.812388000389078 ], [ 11.803416573351225, 9.810669503320307 ], [ 11.80462419914522, 9.810076153099882 ], [ 11.804349272339921, 9.809117640815913 ], [ 11.803802609709724, 9.808086737830052 ], [ 11.803513577953714, 9.807227330459854 ], [ 11.803223990529586, 9.806682368005724 ], [ 11.803234236439986, 9.805869715327971 ], [ 11.802250469963553, 9.804012912984712 ], [ 11.801012451588631, 9.801240293366019 ], [ 11.80161206330428, 9.800063333702674 ], [ 11.801233547365117, 9.799350235316163 ], [ 11.801251243299278, 9.797898050760736 ], [ 11.801208871836941, 9.796410895697035 ], [ 11.801509810021283, 9.796402586931592 ], [ 11.802184000386196, 9.797752182395584 ], [ 11.802901096419781, 9.797474166721804 ], [ 11.803420611611374, 9.796928866212696 ], [ 11.803698019122022, 9.796660835148936 ], [ 11.804473578584293, 9.795846091075164 ], [ 11.805328321310894, 9.795563228041884 ], [ 11.805590551573738, 9.795013701245352 ], [ 11.806052581365043, 9.794106793550206 ], [ 11.805482378545349, 9.793573150392632 ], [ 11.805852010101246, 9.792848577018216 ], [ 11.806109683068966, 9.79175702426784 ], [ 11.80665575975787, 9.790944707214848 ], [ 11.806908874631031, 9.789311128877921 ], [ 11.80745950277581, 9.789040837877447 ], [ 11.807721726974174, 9.788491311656164 ], [ 11.808521079143448, 9.787716600955822 ], [ 11.809061285620798, 9.786588304676409 ], [ 11.8100668552462, 9.786094033480945 ], [ 11.810690752898482, 9.784130246757019 ], [ 11.811514592536456, 9.783857691186894 ], [ 11.811769967070955, 9.782495128756743 ], [ 11.812867023430483, 9.78222030960611 ], [ 11.813805468420655, 9.781235345458096 ], [ 11.815308157074377, 9.780839642418389 ], [ 11.818044519729971, 9.780551220889146 ], [ 11.818309006252342, 9.780272703474132 ], [ 11.819953495551292, 9.779860455117234 ], [ 11.820762182697189, 9.779439258858787 ], [ 11.821532871897849, 9.779448212053799 ], [ 11.822420545265501, 9.779154459317223 ], [ 11.822388982338129, 9.778070607247452 ], [ 11.822939574833201, 9.777800299657283 ], [ 11.823197190579327, 9.776708751970595 ], [ 11.82541446226843, 9.776382774471577 ], [ 11.826159125975449, 9.774828760172058 ], [ 11.826737793301243, 9.773966401089814 ], [ 11.826698908288552, 9.77264864006022 ], [ 11.827525096897102, 9.771523252703648 ], [ 11.828013123798595, 9.771050190525376 ], [ 11.828337095753044, 9.767456383759761 ], [ 11.830231507316674, 9.767706361117858 ], [ 11.830636283495549, 9.76811747367444 ], [ 11.83187762090985, 9.768505741467996 ], [ 11.832406204721471, 9.769042863921278 ], [ 11.832969791751685, 9.769049816270943 ], [ 11.833377036304395, 9.768621191755955 ], [ 11.8247347, 9.7538347 ], [ 11.8171632, 9.7408803 ], [ 11.7961595, 9.7309391 ], [ 11.7760874, 9.707141 ], [ 11.765813, 9.712197 ], [ 11.756588, 9.7186747 ], [ 11.7556334, 9.7168055 ], [ 11.7498093, 9.7088099 ], [ 11.7486544, 9.7076758 ], [ 11.7463217, 9.7053852 ], [ 11.7381926, 9.6996832 ], [ 11.7359293, 9.6996888 ], [ 11.735878, 9.6996889 ], [ 11.7312279, 9.6951227 ], [ 11.7265768, 9.6905565 ], [ 11.7244234, 9.6890459 ], [ 11.7185049, 9.6847763 ], [ 11.7165155, 9.683507 ], [ 11.7116194, 9.6800976 ], [ 11.7068653, 9.6767874 ], [ 11.7008553, 9.6738148 ], [ 11.6990395, 9.671814 ], [ 11.6963835, 9.6688862 ], [ 11.688261, 9.6643286 ], [ 11.6836262, 9.6631947 ], [ 11.6778173, 9.6586313 ], [ 11.6720152, 9.6552124 ], [ 11.6638813, 9.648366 ], [ 11.6603823, 9.6426535 ], [ 11.6545696, 9.6369457 ], [ 11.6452885, 9.63239 ], [ 11.636014, 9.6289787 ], [ 11.6344697, 9.6274628 ], [ 11.6136128, 9.6563297 ], [ 11.5983026, 9.649286 ], [ 11.586154, 9.6338193 ], [ 11.5817247, 9.6197603 ], [ 11.5763591, 9.6152866 ], [ 11.5670522, 9.6107906 ], [ 11.5629872, 9.6051189 ], [ 11.5627848, 9.6051192 ], [ 11.5456257, 9.6051588 ], [ 11.5273228, 9.6082373 ], [ 11.5165287, 9.6075757 ], [ 11.5155439, 9.6075153 ], [ 11.5062847, 9.6075363 ], [ 11.5017066, 9.6075467 ], [ 11.5016556, 9.6075468 ], [ 11.4912227, 9.6041385 ], [ 11.4843297, 9.6041545 ], [ 11.4842787, 9.6041546 ], [ 11.4738445, 9.6007462 ], [ 11.4680481, 9.5984707 ], [ 11.4610777, 9.5927658 ], [ 11.452939, 9.5847759 ], [ 11.4478836, 9.5791321 ], [ 11.4444656, 9.5761528 ], [ 11.4428597, 9.5697346 ], [ 11.4418936, 9.5604315 ], [ 11.4339466, 9.5521269 ], [ 11.4295988, 9.5496254 ], [ 11.4276419, 9.5485001 ], [ 11.4201536, 9.5460062 ], [ 11.4056845, 9.5445099 ], [ 11.3934717, 9.5459671 ], [ 11.3812971, 9.5456848 ], [ 11.3738518, 9.5468025 ], [ 11.3679142, 9.5476942 ], [ 11.3534193, 9.5473576 ], [ 11.3464384, 9.5483561 ], [ 11.3377295, 9.5487347 ], [ 11.3290329, 9.5485325 ], [ 11.3203249, 9.5489101 ], [ 11.3107931, 9.5486811 ], [ 11.3080446, 9.5486734 ], [ 11.2982931, 9.548399 ], [ 11.2930756, 9.5482779 ], [ 11.289086, 9.548156 ], [ 11.2780142, 9.5478178 ], [ 11.2745113, 9.5484276 ], [ 11.2692814, 9.5488863 ], [ 11.2546663, 9.554347 ], [ 11.2440615, 9.5622215 ], [ 11.2278224, 9.5690801 ], [ 11.2270899, 9.5693684 ], [ 11.2224522, 9.5692616 ], [ 11.2103491, 9.5655003 ], [ 11.1988392, 9.5611725 ], [ 11.1919422, 9.5581131 ], [ 11.1821346, 9.5555649 ], [ 11.1711674, 9.55299 ], [ 11.1619418, 9.5511416 ], [ 11.161859, 9.551125 ], [ 11.1613474, 9.5510225 ], [ 11.1509123, 9.5507803 ], [ 11.1444235, 9.5457538 ], [ 11.136235, 9.5406808 ], [ 11.1339863, 9.5392877 ], [ 11.1314504, 9.5377487 ], [ 11.1280236, 9.5356749 ], [ 11.1248239, 9.5333355 ], [ 11.1239049, 9.5326636 ], [ 11.1142382, 9.5255958 ], [ 11.0945108, 9.5330966 ], [ 11.0835775, 9.5466914 ], [ 11.0764081, 9.5513718 ], [ 11.0708561, 9.5512428 ], [ 11.0621357, 9.5522003 ], [ 11.0479828, 9.5503296 ], [ 11.0355263, 9.5486832 ], [ 11.0273981, 9.5490742 ], [ 11.0204287, 9.5494928 ], [ 11.008193, 9.5521088 ], [ 10.9923821, 9.5592833 ], [ 10.9847116, 9.565485 ], [ 10.9799528, 9.5711756 ], [ 10.9781408, 9.5746136 ], [ 10.9775, 9.578269 ], [ 10.9755068, 9.5896339 ], [ 10.9748936, 9.5928907 ], [ 10.9743202, 9.5959367 ], [ 10.9691343, 9.6153535 ], [ 10.9693164, 9.6154984 ], [ 10.9780078, 9.622412 ], [ 10.9822213, 9.6257636 ], [ 10.98817, 9.6302251 ], [ 10.9898945, 9.6405537 ], [ 10.9850205, 9.6418285 ], [ 10.9640515, 9.6625001 ], [ 10.9569131, 9.6685974 ], [ 10.9564899, 9.6709254 ], [ 10.9563183, 9.6718692 ], [ 10.9605414, 9.6754384 ], [ 10.9600655, 9.6792456 ], [ 10.9603035, 9.6847183 ], [ 10.9607793, 9.6957828 ], [ 10.957805, 9.7032781 ], [ 10.9567045, 9.711389 ], [ 10.9618201, 9.7167954 ], [ 10.96439, 9.723791 ], [ 10.9663887, 9.7310722 ], [ 10.9662459, 9.7382106 ], [ 10.9646755, 9.7454917 ], [ 10.9655321, 9.7523446 ], [ 10.971669, 9.7608803 ], [ 10.9726208, 9.762822 ], [ 10.9746766, 9.7669337 ], [ 10.9785218, 9.769751 ], [ 10.9786741, 9.7721875 ], [ 10.9816294, 9.7747791 ], [ 10.9776008, 9.8101824 ], [ 10.9773173, 9.8126734 ], [ 10.9702402, 9.8117111 ], [ 10.9657279, 9.8140516 ], [ 10.9612307, 9.8234029 ], [ 10.9592319, 9.8281142 ], [ 10.9577329, 9.8344674 ], [ 10.9580898, 9.839036 ], [ 10.9586609, 9.8426052 ], [ 10.9578756, 9.8453177 ], [ 10.9583039, 9.84853 ], [ 10.9590892, 9.8521706 ], [ 10.957947, 9.8540979 ], [ 10.9550203, 9.8561681 ], [ 10.9525932, 9.8608794 ], [ 10.9448838, 9.8704448 ], [ 10.9455262, 9.8726577 ], [ 10.9454549, 9.8759414 ], [ 10.9451693, 9.8785112 ], [ 10.9452509, 9.8791403 ], [ 10.9454198, 9.880443 ], [ 10.9439239, 9.8817771 ], [ 10.9184558, 9.8996999 ], [ 10.9053688, 9.9144525 ], [ 10.8944637, 9.9264842 ], [ 10.89062, 9.930725 ], [ 10.8835479, 9.935212 ], [ 10.8774072, 9.9391081 ], [ 10.8751783, 9.9405222 ], [ 10.8658819, 9.9498568 ], [ 10.8635125, 9.9515595 ], [ 10.8577232, 9.9557199 ], [ 10.8413572, 9.9628401 ], [ 10.8249903, 9.9699602 ], [ 10.8121719, 9.9793386 ], [ 10.8028994, 9.9909773 ], [ 10.7947769, 10.0002966 ], [ 10.7884455, 10.0061255 ], [ 10.787178, 10.0067364 ], [ 10.7752619, 10.0124798 ], [ 10.7635088, 10.0197477 ], [ 10.7629173, 10.0201231 ], [ 10.7511644, 10.0275812 ], [ 10.7400036, 10.0342827 ], [ 10.7276716, 10.0415373 ], [ 10.7244273, 10.0441835 ], [ 10.7174759, 10.0498533 ], [ 10.7169402, 10.063492 ], [ 10.7157292, 10.0646508 ], [ 10.7156077, 10.0648562 ], [ 10.7115442, 10.0762105 ], [ 10.7127728, 10.0786206 ], [ 10.7134044, 10.0888332 ], [ 10.7159028, 10.0945439 ], [ 10.7211979, 10.0951475 ], [ 10.7250922, 10.102786 ], [ 10.7260569, 10.1046783 ], [ 10.7264771, 10.1055024 ], [ 10.7334711, 10.114576 ], [ 10.7383888, 10.1209559 ], [ 10.7492146, 10.119913 ], [ 10.7746061, 10.1376069 ], [ 10.7867414, 10.1347515 ], [ 10.8003043, 10.1347515 ], [ 10.8074427, 10.1379638 ], [ 10.8186407, 10.1573362 ], [ 10.8172264, 10.1694851 ], [ 10.8180076, 10.1729142 ], [ 10.8198833, 10.1811476 ], [ 10.8237963, 10.188199 ], [ 10.8302908, 10.1969223 ], [ 10.8356295, 10.2040939 ], [ 10.8356875, 10.2042678 ], [ 10.8393269, 10.2151699 ], [ 10.8511667, 10.2242355 ], [ 10.8571596, 10.2356815 ], [ 10.8569492, 10.2362577 ], [ 10.855281, 10.2408248 ], [ 10.8628708, 10.26827 ], [ 10.8558752, 10.2765506 ], [ 10.8473092, 10.2864015 ], [ 10.8301195, 10.3034157 ], [ 10.8220889, 10.3097807 ], [ 10.8191896, 10.3129517 ], [ 10.82225, 10.3207636 ], [ 10.8234397, 10.3311143 ], [ 10.8221905, 10.3430116 ], [ 10.8282581, 10.3509828 ], [ 10.8338642, 10.3650084 ], [ 10.8340298, 10.3807373 ], [ 10.834034, 10.3811359 ], [ 10.8348421, 10.3920043 ], [ 10.8350725, 10.3951025 ], [ 10.8354034, 10.3995514 ], [ 10.8041358, 10.4244696 ], [ 10.8135115, 10.4377343 ], [ 10.8102564, 10.4477737 ], [ 10.800434, 10.4506633 ], [ 10.7926048, 10.4406563 ], [ 10.7907392, 10.4351458 ], [ 10.7424915, 10.4735961 ], [ 10.7301849, 10.4874063 ], [ 10.7215617, 10.4900903 ], [ 10.7054472, 10.4803828 ], [ 10.701444, 10.4874064 ], [ 10.6894301, 10.4930529 ], [ 10.681792, 10.4932314 ], [ 10.6748321, 10.4933028 ], [ 10.6696183, 10.4930553 ], [ 10.6655237, 10.49089 ], [ 10.661893, 10.4913927 ], [ 10.6123916, 10.5566208 ], [ 10.5933559, 10.5713735 ], [ 10.569973, 10.5867537 ], [ 10.5581912, 10.6006147 ], [ 10.564641036639349, 10.614797076656206 ], [ 10.565071619371151, 10.615235962863951 ] ] ] } }
]
}
