{
"type": "FeatureCollection",
"name": "Kano_strategic_catchments",
"crs": { "type": "name", "properties": { "name": "urn:ogc:def:crs:OGC:1.3:CRS84" } },
"features": [
{ "type": "Feature", "properties": { "Id": 1, "gridcode": 0, "Shape_Leng": 113.169419209, "Shape_Area": 616.01928209100004, "NUMB": 1.0, "NAME": "Rima", "source_state": "Kano" }, "geometry": { "type": "Polygon", "coordinates": [ [ [ 7.923788073041577, 12.33726822525459 ], [ 7.92485598793415, 12.335569435009457 ], [ 7.925191569383855, 12.334540585639896 ], [ 7.925481500788845, 12.333738568787629 ], [ 7.925752172803751, 12.332372782515995 ], [ 7.926040995075618, 12.331842011758402 ], [ 7.926535886493617, 12.330326382049954 ], [ 7.927420123663103, 12.329395312489094 ], [ 7.928522916811064, 12.329442557957448 ], [ 7.928136371832643, 12.327768762066315 ], [ 7.926716491172572, 12.326859363036849 ], [ 7.927223803582711, 12.324802863619349 ], [ 7.927857548110158, 12.324780453530256 ], [ 7.928541730231681, 12.324809894431228 ], [ 7.928280025602058, 12.32397392048467 ], [ 7.926628691686665, 12.323010634542207 ], [ 7.927436427732631, 12.321805095766608 ], [ 7.928461452399183, 12.321490452911753 ], [ 7.928923311748965, 12.320537319936449 ], [ 7.929674736488275, 12.32019245984783 ], [ 7.929942069139611, 12.31964040838953 ], [ 7.930781500840648, 12.319383039454163 ], [ 7.931878065136215, 12.31856271406336 ], [ 7.932988896388602, 12.318610234377875 ], [ 7.933296071519993, 12.314728604871691 ], [ 7.934966605365671, 12.314800286800942 ], [ 7.936024987812567, 12.313686288707332 ], [ 7.936599822654709, 12.313166947638669 ], [ 7.93686604137365, 12.312886135835127 ], [ 7.938743332542063, 12.312454237898079 ], [ 7.939088014133979, 12.311820356382109 ], [ 7.939365641177098, 12.311246876116206 ], [ 7.94098713507466, 12.311316475715893 ], [ 7.941024486794428, 12.310466305271026 ], [ 7.940977902047011, 12.309184029660621 ], [ 7.942314753072635, 12.30740645889699 ], [ 7.944897353131289, 12.307763454105119 ], [ 7.945264316044196, 12.308156386901235 ], [ 7.945716308124963, 12.307224107187562 ], [ 7.946035999418274, 12.306635945837332 ], [ 7.945973363145518, 12.304913879579688 ], [ 7.946290265605947, 12.303943197571176 ], [ 7.946877496938111, 12.303412224197251 ], [ 7.946819272045392, 12.30179851672818 ], [ 7.948314956218505, 12.30111130463303 ], [ 7.948222739590046, 12.298558938166286 ], [ 7.948984875202269, 12.298208761160653 ], [ 7.949341771082254, 12.297472660440729 ], [ 7.950449829967731, 12.297520092500662 ], [ 7.950748430560462, 12.295723384495005 ], [ 7.951672014062947, 12.294328270429819 ], [ 7.952398130996053, 12.293954103052767 ], [ 7.952663146443208, 12.294512460325684 ], [ 7.952948732560797, 12.294774212576735 ], [ 7.953293552590726, 12.295860549536126 ], [ 7.955703906470373, 12.295609101803407 ], [ 7.955970087201399, 12.295328267944809 ], [ 7.957087402986779, 12.294529360649511 ], [ 7.957556998891202, 12.294034733298869 ], [ 7.959792634166438, 12.293956090395234 ], [ 7.960122782892978, 12.294259064035025 ], [ 7.960625490040653, 12.294797125933016 ], [ 7.961747827652025, 12.295323235985617 ], [ 7.96218347815691, 12.295788989209228 ], [ 7.963413053019006, 12.296723706220144 ], [ 7.964161506049435, 12.29669740311007 ], [ 7.965795870428519, 12.297040006830473 ], [ 7.967830545625413, 12.296968487922079 ], [ 7.96951015173337, 12.297040249936119 ], [ 7.971698670765915, 12.296754712908914 ], [ 7.9719648370575, 12.29647386223777 ], [ 7.972252471368268, 12.296214282420028 ], [ 7.972544601993297, 12.295906508831107 ], [ 7.973608564784628, 12.297044532538422 ], [ 7.974692719917886, 12.297006479486596 ], [ 7.976062725180335, 12.29772577784081 ], [ 7.976468380493966, 12.29648333247159 ], [ 7.978038637982664, 12.296550394051952 ], [ 7.978317684891667, 12.29432761180631 ], [ 7.979424940466251, 12.293326452448058 ], [ 7.979162272996803, 12.292703225687553 ], [ 7.978877707478434, 12.292170246330086 ], [ 7.97860677187286, 12.291316791061815 ], [ 7.977792897426673, 12.290569651695439 ], [ 7.977753937981614, 12.289497460199346 ], [ 7.978061743609831, 12.289172784541242 ], [ 7.978627254453481, 12.288661785691321 ], [ 7.97859656485568, 12.287819028230929 ], [ 7.979326965928143, 12.287158710220085 ], [ 7.97979096119213, 12.283909333095075 ], [ 7.981265095479566, 12.283456281772631 ], [ 7.981923248423493, 12.282245225787733 ], [ 7.981124117692868, 12.281870864349223 ], [ 7.980861682157709, 12.280208439894155 ], [ 7.98027759839148, 12.279672494105117 ], [ 7.979768312523903, 12.278600140692314 ], [ 7.979218592451337, 12.278095578812248 ], [ 7.979489023392864, 12.276700302972971 ], [ 7.980032337499171, 12.276209348558877 ], [ 7.980514440689592, 12.27398439952513 ], [ 7.978967551640024, 12.274038771481372 ], [ 7.97815312459741, 12.273167926600955 ], [ 7.977624564685843, 12.273186616850177 ], [ 7.977021207529827, 12.272904101960723 ], [ 7.976132755463134, 12.271953505386543 ], [ 7.974565375179484, 12.271459172244075 ], [ 7.974289547632265, 12.268814448857047 ], [ 7.974005017131713, 12.268280672471944 ], [ 7.974039299503171, 12.2674959046151 ], [ 7.973536562907422, 12.266552307034651 ], [ 7.974290160221519, 12.265870628425189 ], [ 7.97403052131672, 12.2644733746273 ], [ 7.973469130062376, 12.264210612439376 ], [ 7.972958936925816, 12.263664600457695 ], [ 7.972093220654057, 12.263391689191156 ], [ 7.97182498244473, 12.262826714392334 ], [ 7.971002811617823, 12.262855683502439 ], [ 7.971273190066579, 12.261479224193831 ], [ 7.97181533795956, 12.259477031288194 ], [ 7.971890364538772, 12.257770304076701 ], [ 7.971300789581142, 12.257139223924593 ], [ 7.970830570666813, 12.25670779392512 ], [ 7.970480739410991, 12.255237352827763 ], [ 7.970050765699147, 12.254430711670024 ], [ 7.970746480024037, 12.251859297728689 ], [ 7.969782054945598, 12.251352902197901 ], [ 7.968830422972591, 12.251991973524063 ], [ 7.968422745563924, 12.251133758809024 ], [ 7.967433059306268, 12.251168712686004 ], [ 7.96690948772244, 12.25060913111346 ], [ 7.966029680087505, 12.25106276885526 ], [ 7.965248700293063, 12.250345659207513 ], [ 7.964984774876666, 12.250062812844524 ], [ 7.964401917531117, 12.249789623572552 ], [ 7.964449221942317, 12.248709810143396 ], [ 7.964374303734459, 12.24664835141162 ], [ 7.964745416098507, 12.24596498794175 ], [ 7.96470940226554, 12.244977575320462 ], [ 7.965107374372692, 12.243758950913401 ], [ 7.966656102021288, 12.243046906344672 ], [ 7.966393313997961, 12.242472941764783 ], [ 7.965570548793685, 12.241287335918873 ], [ 7.965841517408595, 12.239758300827702 ], [ 7.966947387137732, 12.239061802828333 ], [ 7.966482735395685, 12.237900857923012 ], [ 7.965527929394862, 12.237567466056237 ], [ 7.964747319273152, 12.23759498929328 ], [ 7.964483924884447, 12.237040623906239 ], [ 7.963579147093673, 12.235343979518341 ], [ 7.964207523262393, 12.23360331442503 ], [ 7.964234743396891, 12.232976136499929 ], [ 7.964215310587343, 12.23243355039773 ], [ 7.964228924056848, 12.232119166640164 ], [ 7.963392182418581, 12.231350719814772 ], [ 7.963118083518991, 12.231057238343896 ], [ 7.962137094178868, 12.231091681812238 ], [ 7.961460207962471, 12.229666354945383 ], [ 7.959816621530962, 12.228895909502846 ], [ 7.959298420944776, 12.227804156426165 ], [ 7.958443057604716, 12.22753442975691 ], [ 7.957903387671043, 12.227250533959515 ], [ 7.956937249397095, 12.226797868482095 ], [ 7.957360359396978, 12.225624647671353 ], [ 7.956535542446525, 12.224435304642368 ], [ 7.957127842433075, 12.223657424813036 ], [ 7.957907831652279, 12.222952042367174 ], [ 7.957943274648743, 12.222153772153048 ], [ 7.957375221033363, 12.221280898693495 ], [ 7.957089703173613, 12.221019155740876 ], [ 7.956829015797278, 12.219369174555839 ], [ 7.956025836318349, 12.219397386329423 ], [ 7.955718319478905, 12.219115162072988 ], [ 7.955457625516146, 12.218018553308276 ], [ 7.954896350107925, 12.217755761677347 ], [ 7.954358833730359, 12.216929356820989 ], [ 7.952431304832275, 12.216620042443388 ], [ 7.952983182191066, 12.216120954686998 ], [ 7.953249278797339, 12.215840115629303 ], [ 7.953802774179595, 12.215339707476032 ], [ 7.953375903098419, 12.213496775931954 ], [ 7.952720104223526, 12.212894287408055 ], [ 7.952987379225502, 12.212312792709847 ], [ 7.953809683441648, 12.2119349946508 ], [ 7.953828614800269, 12.211503017228443 ], [ 7.953283807384198, 12.210479762808003 ], [ 7.953232758336481, 12.209078785539697 ], [ 7.954195338870719, 12.208636353817742 ], [ 7.955768137099776, 12.206406577141184 ], [ 7.955507608734233, 12.205269703743733 ], [ 7.95422252645571, 12.204864301277428 ], [ 7.95356278002072, 12.203625514469213 ], [ 7.953597693037565, 12.202826447751942 ], [ 7.952642939947618, 12.202378585791886 ], [ 7.951385597756861, 12.201223878770652 ], [ 7.951114821187485, 12.200370405408361 ], [ 7.950831464994351, 12.199566154013199 ], [ 7.950575072806797, 12.197384534458067 ], [ 7.950283239906129, 12.196271909185819 ], [ 7.950316369997984, 12.195517074621192 ], [ 7.949826190341176, 12.194992298509288 ], [ 7.94920705088979, 12.194666763189849 ], [ 7.947633184405675, 12.194170168549871 ], [ 7.946994613321845, 12.193583893864949 ], [ 7.946731830698305, 12.193029783284782 ], [ 7.946447423099847, 12.192496780398431 ], [ 7.946187855883899, 12.191128914328292 ], [ 7.94565929943922, 12.190643454789557 ], [ 7.945352537241734, 12.189772090672152 ], [ 7.945786541679144, 12.189379846726508 ], [ 7.946667499170759, 12.188451830157774 ], [ 7.947310074350574, 12.188156272433657 ], [ 7.946754691208252, 12.187646342283157 ], [ 7.946717298863404, 12.186613360940511 ], [ 7.947129952793555, 12.185760903012605 ], [ 7.948140402120159, 12.185450587668537 ], [ 7.948409674824033, 12.184355994494892 ], [ 7.949283250223572, 12.183244363748038 ], [ 7.949245393063028, 12.182189923574605 ], [ 7.949533984532283, 12.18165831025993 ], [ 7.949809254921574, 12.180268375571433 ], [ 7.950480495589693, 12.179661131864165 ], [ 7.949279156310278, 12.177713529027164 ], [ 7.949245644210396, 12.1767865204686 ], [ 7.949961441886933, 12.176761164313 ], [ 7.950380342226551, 12.176779180913167 ], [ 7.950651725464819, 12.175141813664561 ], [ 7.951082993980618, 12.174752196477318 ], [ 7.951482073442641, 12.17433119848527 ], [ 7.953256694647936, 12.174004952908353 ], [ 7.953987786691146, 12.173234747296272 ], [ 7.955869589891056, 12.173315246458728 ], [ 7.956364274915202, 12.172404272552978 ], [ 7.955906232175086, 12.171103474577796 ], [ 7.955645567701105, 12.170006866008899 ], [ 7.954532962698031, 12.169741995610314 ], [ 7.954273365651779, 12.168374133349074 ], [ 7.953165018685028, 12.167023717989915 ], [ 7.953199306668472, 12.166243454674021 ], [ 7.952648570935757, 12.165654350724735 ], [ 7.952166545454531, 12.165671331265331 ], [ 7.952638174944618, 12.163495911758536 ], [ 7.952909523118161, 12.161858803427549 ], [ 7.953201334222055, 12.161321897782409 ], [ 7.952153953707596, 12.159812242068112 ], [ 7.952958465028326, 12.159397543860541 ], [ 7.955117985716214, 12.159489687607476 ], [ 7.955422103278635, 12.158557065828941 ], [ 7.956436424069468, 12.157639310750273 ], [ 7.955982677424835, 12.154275226736202 ], [ 7.955421438039956, 12.153759996368594 ], [ 7.955466344345442, 12.152739508092411 ], [ 7.95504922380823, 12.151860584441799 ], [ 7.953489893484923, 12.15156171085968 ], [ 7.95352238524966, 12.150825942989819 ], [ 7.953183331656169, 12.149401354077076 ], [ 7.952412373992783, 12.149368237757741 ], [ 7.951591095429731, 12.149397179393517 ], [ 7.951551711773334, 12.148315975936701 ], [ 7.952412251008635, 12.14802281291233 ], [ 7.953641969211415, 12.147644950864253 ], [ 7.953237153790054, 12.146100644392909 ], [ 7.953266101735265, 12.145444597126684 ], [ 7.951593556749282, 12.144227940325825 ], [ 7.951887516214375, 12.143962564326342 ], [ 7.952158838976309, 12.142325453213612 ], [ 7.952446311780792, 12.142065879332915 ], [ 7.952712328549153, 12.141785033316296 ], [ 7.953665486749887, 12.141347049714021 ], [ 7.953236337093742, 12.138865965361862 ], [ 7.953552089546198, 12.13853312077654 ], [ 7.954132968654746, 12.138008164587157 ], [ 7.953830904810199, 12.137730997410397 ], [ 7.953567093778453, 12.137448147892917 ], [ 7.953138948781891, 12.13705527254613 ], [ 7.952742695578777, 12.136630994411158 ], [ 7.952210102446374, 12.136649641519751 ], [ 7.9513658996305, 12.13635479218857 ], [ 7.950500613483577, 12.136081846826929 ], [ 7.949970853724531, 12.135514807420243 ], [ 7.949153388574111, 12.135543494694002 ], [ 7.948863308544382, 12.135233256692599 ], [ 7.947777657213519, 12.134724235531603 ], [ 7.947346852419632, 12.133366313703801 ], [ 7.946954929957693, 12.133625485733404 ], [ 7.946443451628638, 12.13416446506853 ], [ 7.945648070361456, 12.134192431504067 ], [ 7.945024094603141, 12.133899990807659 ], [ 7.944521697567222, 12.133361921632817 ], [ 7.943924597537756, 12.133082030872201 ], [ 7.943664006862612, 12.131985415147458 ], [ 7.943102918596759, 12.131722613752048 ], [ 7.94213459966254, 12.130412701624872 ], [ 7.941187188939656, 12.130901529097018 ], [ 7.940072702502764, 12.131157928872721 ], [ 7.939039500649417, 12.131690923446049 ], [ 7.934878883091941, 12.13200290353366 ], [ 7.933741939832052, 12.13140489268944 ], [ 7.932486821284414, 12.131008804426042 ], [ 7.9320911488351, 12.130584767016622 ], [ 7.931519329234193, 12.130316604273306 ], [ 7.931567274067145, 12.129228851819697 ], [ 7.929032391956114, 12.128953638853792 ], [ 7.928496258695144, 12.1283799159227 ], [ 7.926896919150717, 12.128435978465687 ], [ 7.925251691812668, 12.127312528794546 ], [ 7.924100034686156, 12.127038128674421 ], [ 7.923227942192487, 12.12673328860429 ], [ 7.921678692557649, 12.126787661850532 ], [ 7.92108069711208, 12.126473285480285 ], [ 7.920519646002061, 12.126210441070766 ], [ 7.920255883128617, 12.125927563479703 ], [ 7.919343350108148, 12.125639506783179 ], [ 7.919460595097844, 12.12299708305307 ], [ 7.918895810753449, 12.121390662484309 ], [ 7.919441050890157, 12.12022803450558 ], [ 7.920098042363747, 12.119926226830863 ], [ 7.921378292550153, 12.118336790920948 ], [ 7.922760092435837, 12.117466409555705 ], [ 7.922203347963026, 12.116402801168194 ], [ 7.921663709693249, 12.115907199115963 ], [ 7.921383957038203, 12.115317774196713 ], [ 7.920580409653189, 12.114579027978399 ], [ 7.921222540673744, 12.112610951382299 ], [ 7.922237769202225, 12.112654631319669 ], [ 7.923633897521117, 12.112096613739824 ], [ 7.924434883556117, 12.112130977566769 ], [ 7.924447896859592, 12.111839110933527 ], [ 7.924010182177342, 12.111436887912486 ], [ 7.924445278723246, 12.109668526397801 ], [ 7.925578356033875, 12.109320335598978 ], [ 7.925506107025882, 12.107326697205247 ], [ 7.926110310572176, 12.106213284555103 ], [ 7.926160008795142, 12.105093221997661 ], [ 7.925842992624399, 12.104801931791702 ], [ 7.925448992703783, 12.103971010891421 ], [ 7.924849437102178, 12.102845786834227 ], [ 7.925910186673325, 12.101728047672607 ], [ 7.927438103234049, 12.102261631360539 ], [ 7.92813890598397, 12.100814812987025 ], [ 7.929168046632793, 12.100464084230683 ], [ 7.930359293769084, 12.10009808112542 ], [ 7.931651710762798, 12.098929024882512 ], [ 7.931667111189474, 12.098575709391845 ], [ 7.9310878488607, 12.097487660574151 ], [ 7.931673535856538, 12.096957996202461 ], [ 7.931939523890288, 12.096677167308769 ], [ 7.933030385319475, 12.09569063730344 ], [ 7.929287918565366, 12.09523544744698 ], [ 7.928092466412708, 12.093689127033239 ], [ 7.927736654529246, 12.092192931941995 ], [ 7.92673468916689, 12.091271985023976 ], [ 7.927041356469994, 12.088213590325671 ], [ 7.928733840746149, 12.087147278335074 ], [ 7.928598501855399, 12.083412742659496 ], [ 7.928964729534339, 12.082289128126595 ], [ 7.929382841131535, 12.081519617269494 ], [ 7.92893013184612, 12.07961748914863 ], [ 7.927878424727633, 12.079572378348024 ], [ 7.927355098985013, 12.079590757473987 ], [ 7.927320180524894, 12.078626126398278 ], [ 7.927359823599014, 12.077728007306606 ], [ 7.927056945572439, 12.076867242270007 ], [ 7.926796459708014, 12.07577061670121 ], [ 7.925986028122302, 12.075026302447519 ], [ 7.92594580803157, 12.073907214674286 ], [ 7.926254914465535, 12.073337815129406 ], [ 7.926596064530979, 12.072291456456556 ], [ 7.928179070291889, 12.071926698769985 ], [ 7.927917256677281, 12.071163576053616 ], [ 7.927621191423135, 12.070891708841964 ], [ 7.927655523352839, 12.070109859007941 ], [ 7.927371432997863, 12.069805190392108 ], [ 7.92655511840568, 12.069055028651587 ], [ 7.926275480927129, 12.068173426314775 ], [ 7.924905171463413, 12.06717609196134 ], [ 7.924873139050111, 12.066299417591477 ], [ 7.925665141520853, 12.065176389235848 ], [ 7.924912585833689, 12.064370576612127 ], [ 7.9240937571943, 12.063986489930615 ], [ 7.924021956856475, 12.062013775031872 ], [ 7.924361429490697, 12.061655883818002 ], [ 7.924890319672827, 12.061177663256696 ], [ 7.92492877673173, 12.060307089018131 ], [ 7.924919091548883, 12.060035795086122 ], [ 7.924932692181424, 12.059729624230187 ], [ 7.922718566525074, 12.058690880189168 ], [ 7.922731570849047, 12.058399806340079 ], [ 7.922706825302538, 12.057721569626093 ], [ 7.922760052932153, 12.056523108594709 ], [ 7.921902700439877, 12.055413839974673 ], [ 7.922194436855816, 12.054876693480749 ], [ 7.922461471143921, 12.054324617857519 ], [ 7.923053692667755, 12.053484792797484 ], [ 7.922654166740889, 12.050953199484015 ], [ 7.921938745050554, 12.050295338570152 ], [ 7.921898002528789, 12.04917492330703 ], [ 7.923342683767641, 12.048909248990364 ], [ 7.923307755043397, 12.047949384599889 ], [ 7.924156000177305, 12.046746572462935 ], [ 7.924427340149839, 12.045109483124646 ], [ 7.924715804639687, 12.044578677032534 ], [ 7.924983900986096, 12.04375534457958 ], [ 7.925537947159651, 12.042220003159121 ], [ 7.925616022493377, 12.040452100858921 ], [ 7.92515673509171, 12.039003980770428 ], [ 7.924494960425466, 12.038396136449263 ], [ 7.925095859996567, 12.036174355908381 ], [ 7.924207380711215, 12.036136230830234 ], [ 7.923674443283513, 12.036697617418687 ], [ 7.922808392655502, 12.036433614608999 ], [ 7.922544706807799, 12.03615074468032 ], [ 7.921537318177139, 12.035832683494888 ], [ 7.921171168668963, 12.035060412066597 ], [ 7.920076781028166, 12.033481884323825 ], [ 7.919528635952086, 12.031516861720597 ], [ 7.918148427175391, 12.031565291975713 ], [ 7.916908564182309, 12.031512007909049 ], [ 7.914925455577491, 12.031581658553653 ], [ 7.914419235137313, 12.031116648235736 ], [ 7.914023726305884, 12.030692597031001 ], [ 7.912911741164288, 12.030427609144418 ], [ 7.912372505462691, 12.030143657937661 ], [ 7.911811656683257, 12.029880812074891 ], [ 7.910908060513423, 12.028657432203472 ], [ 7.910123546956907, 12.027936497332488 ], [ 7.910193972312953, 12.026352944750748 ], [ 7.909624616613923, 12.025532186239124 ], [ 7.909364234063585, 12.024435550730123 ], [ 7.909078960009357, 12.024173776191775 ], [ 7.908815300482767, 12.023890895315375 ], [ 7.908530027536598, 12.023629120302123 ], [ 7.907870341644387, 12.022922443475007 ], [ 7.907157706013665, 12.022267476604901 ], [ 7.906645430480689, 12.020110791067761 ], [ 7.906069162343963, 12.01980787596559 ], [ 7.905585410658377, 12.020317765510994 ], [ 7.905141667290336, 12.018918689825966 ], [ 7.90470385431149, 12.018449693978081 ], [ 7.904156388459756, 12.017946625630227 ], [ 7.904145254022846, 12.017639035048141 ], [ 7.904167791107501, 12.017123631892165 ], [ 7.903873596910711, 12.016808309200442 ], [ 7.902798129207937, 12.016845943646983 ], [ 7.902477117568292, 12.016242835232557 ], [ 7.902523315669036, 12.015201437838776 ], [ 7.901690757357205, 12.014000299448497 ], [ 7.901967238464772, 12.011115057267109 ], [ 7.903066301132178, 12.009364155442935 ], [ 7.902265632969974, 12.008132416794846 ], [ 7.901723017150876, 12.007633602385118 ], [ 7.901201135104323, 12.006534345699649 ], [ 7.900334824973329, 12.006497034744491 ], [ 7.898020712873862, 12.006884480502082 ], [ 7.897067940423559, 12.006008417587859 ], [ 7.897906947548123, 12.004818094716615 ], [ 7.896616771621689, 12.003936462811284 ], [ 7.89511103231844, 12.004318595854555 ], [ 7.893935729043482, 12.003908129418667 ], [ 7.892627376578261, 12.00458294630875 ], [ 7.892275218894133, 12.003840104178174 ], [ 7.891019391702169, 12.003250766406325 ], [ 7.89042981296457, 12.002399963271261 ], [ 7.889551140655789, 12.001048681103041 ], [ 7.88892536936228, 12.001021562164922 ], [ 7.888512001390495, 12.00103607944634 ], [ 7.886888652581509, 12.000966317816028 ], [ 7.886519971282633, 12.004253016544023 ], [ 7.884996198676429, 12.00430628532629 ], [ 7.884096600503237, 12.003991710536093 ], [ 7.882158152662104, 12.003723314157183 ], [ 7.881855111940705, 12.003083703376754 ], [ 7.879635111099065, 12.003491505807036 ], [ 7.879134651049537, 12.004524980328274 ], [ 7.878819722413742, 12.004809542222144 ], [ 7.87830242889909, 12.005877913634311 ], [ 7.877728204334892, 12.006397191662389 ], [ 7.877195781758789, 12.006958488706953 ], [ 7.876908398990625, 12.007217993454498 ], [ 7.876640206741836, 12.008041272253113 ], [ 7.876164291008602, 12.008471670729262 ], [ 7.875255346720529, 12.009760709444356 ], [ 7.875519404300821, 12.00993554248107 ], [ 7.87661945140227, 12.010452007492983 ], [ 7.87631116975248, 12.011727037995763 ], [ 7.875228976240107, 12.012224399130144 ], [ 7.873919463396131, 12.012899910830001 ], [ 7.873578743588, 12.012911782818312 ], [ 7.873184482811398, 12.012080541256502 ], [ 7.872758341367541, 12.011280693113447 ], [ 7.872232311976574, 12.010171573958536 ], [ 7.871661222392332, 12.010191521340603 ], [ 7.871367610864703, 12.009876965226375 ], [ 7.869478336285254, 12.009942976203089 ], [ 7.868405110469904, 12.008291516694168 ], [ 7.867678708139676, 12.008260232918424 ], [ 7.866488633101669, 12.008302034739982 ], [ 7.866148202696481, 12.007988873603427 ], [ 7.866171997648426, 12.007446729767798 ], [ 7.865582496022754, 12.006595350817923 ], [ 7.865640691998707, 12.005291508316171 ], [ 7.864333246672797, 12.004834557927015 ], [ 7.862084374865653, 12.006344327638436 ], [ 7.861448889875565, 12.006066251035712 ], [ 7.860689188002431, 12.005252580759457 ], [ 7.860385617411502, 12.005263264112102 ], [ 7.85872333121595, 12.004913828650974 ], [ 7.8597359, 12.008163 ], [ 7.8629914, 12.0176964 ], [ 7.8655785, 12.0213919 ], [ 7.8698658, 12.027516 ], [ 7.8797908, 12.0443407 ], [ 7.87771, 12.0501611 ], [ 7.8757369, 12.0616 ], [ 7.8756421, 12.0650835 ], [ 7.8723622, 12.0756821 ], [ 7.8682251, 12.0826333 ], [ 7.8699364, 12.0863983 ], [ 7.8698175, 12.0902099 ], [ 7.8670367, 12.0930685 ], [ 7.8671793, 12.0947418 ], [ 7.869, 12.0955 ], [ 7.869461, 12.0963454 ], [ 7.8673219, 12.1013652 ], [ 7.8676159, 12.1042238 ], [ 7.8691758, 12.1070821 ], [ 7.8698175, 12.1096617 ], [ 7.8713177, 12.1128372 ], [ 7.8708871, 12.1143327 ], [ 7.8696036, 12.1155179 ], [ 7.8663236, 12.1174002 ], [ 7.8642114, 12.1183306 ], [ 7.8632171, 12.1216087 ], [ 7.8631863, 12.1319703 ], [ 7.8648392, 12.1349437 ], [ 7.865468, 12.139987 ], [ 7.8627852, 12.1410359 ], [ 7.8594785, 12.1443786 ], [ 7.8571254, 12.1451454 ], [ 7.8552002, 12.1470972 ], [ 7.8552675, 12.1501235 ], [ 7.8565985, 12.1507741 ], [ 7.8542217, 12.1551423 ], [ 7.8543201, 12.1566666 ], [ 7.8585421, 12.1593371 ], [ 7.8599775, 12.1629175 ], [ 7.8596286, 12.169507 ], [ 7.855838, 12.1727905 ], [ 7.8555085, 12.1767674 ], [ 7.859509, 12.1787976 ], [ 7.8601745, 12.1825613 ], [ 7.8616481, 12.1892058 ], [ 7.8609801, 12.1933073 ], [ 7.8628841, 12.197151 ], [ 7.8642626, 12.2015185 ], [ 7.8641873, 12.2072715 ], [ 7.8644027, 12.2096852 ], [ 7.8683283, 12.214145 ], [ 7.8695701, 12.2159516 ], [ 7.8707585, 12.2199471 ], [ 7.8707844, 12.2237299 ], [ 7.867523, 12.2265723 ], [ 7.8658644, 12.2291654 ], [ 7.8631549, 12.23258 ], [ 7.8674616, 12.2339394 ], [ 7.8764047, 12.2352413 ], [ 7.8764535, 12.2357532 ], [ 7.8781365, 12.2534248 ], [ 7.8736764, 12.2606461 ], [ 7.8701415, 12.2663691 ], [ 7.8645375, 12.2806802 ], [ 7.8769626, 12.2895763 ], [ 7.8850038, 12.2985213 ], [ 7.8866479, 12.3098188 ], [ 7.8923544, 12.3302649 ], [ 7.9027291, 12.3324752 ], [ 7.9185619, 12.3358483 ], [ 7.9226051, 12.3367097 ], [ 7.923381209368205, 12.337250768301391 ], [ 7.923788073041577, 12.33726822525459 ] ] ] } },
{ "type": "Feature", "properties": { "Id": 6, "gridcode": 20, "Shape_Leng": 113.170372238, "Shape_Area": 616.03033875000006, "NUMB": 7.0, "NAME": "Hadejia", "source_state": "Kano" }, "geometry": { "type": "Polygon", "coordinates": [ [ [ 8.710056022709988, 10.544246363637644 ], [ 8.710609527111282, 10.544512895367721 ], [ 8.711173723370266, 10.544801163607717 ], [ 8.711709322373022, 10.545895960580522 ], [ 8.712252957862432, 10.546413668595349 ], [ 8.71279925353916, 10.547530201207728 ], [ 8.713622206122459, 10.548314185445022 ], [ 8.714318524662316, 10.549366729108252 ], [ 8.71551673997417, 10.549753069751008 ], [ 8.715808576155927, 10.552132193978881 ], [ 8.716360255409109, 10.55265785132581 ], [ 8.716628853422838, 10.552934716934949 ], [ 8.716908172135378, 10.553200992163985 ], [ 8.717175283544547, 10.55510580521886 ], [ 8.717733967333716, 10.556181535165997 ], [ 8.717722215982588, 10.556734243228508 ], [ 8.71882367704259, 10.557543899743825 ], [ 8.719308181768026, 10.559518325407286 ], [ 8.718163210235163, 10.560605254435346 ], [ 8.718546010296912, 10.561342199964349 ], [ 8.718814124302911, 10.56216171292507 ], [ 8.719735416180011, 10.564414738876975 ], [ 8.720181516316396, 10.566232798595365 ], [ 8.72046060453436, 10.566770395363532 ], [ 8.720894301989778, 10.568096136984837 ], [ 8.720453286027933, 10.56894098657035 ], [ 8.720472730499559, 10.569944163496892 ], [ 8.720135152276967, 10.571891890381758 ], [ 8.720455696310378, 10.572196884676547 ], [ 8.720724069340235, 10.572745071412305 ], [ 8.721278214072765, 10.573555825290839 ], [ 8.720996828324445, 10.574367960534419 ], [ 8.720656160735937, 10.576766655938385 ], [ 8.720159432506026, 10.578197559392738 ], [ 8.719621758186205, 10.578707934452439 ], [ 8.719352632805162, 10.578984319490178 ], [ 8.718515651529929, 10.579385260518462 ], [ 8.718534593856136, 10.580345511882379 ], [ 8.717971716848476, 10.580879709015262 ], [ 8.718253737276413, 10.581148635596048 ], [ 8.718522113711058, 10.581696823994283 ], [ 8.719075691978468, 10.581963342202304 ], [ 8.720040496600724, 10.582958350211364 ], [ 8.721542561317063, 10.583322152604946 ], [ 8.722008648131508, 10.583802681588196 ], [ 8.722358193588159, 10.585227443041838 ], [ 8.722637545826842, 10.585493713534552 ], [ 8.723700913398854, 10.587101397361801 ], [ 8.723999480545874, 10.589841399925763 ], [ 8.724429383211392, 10.590669527263687 ], [ 8.725648489065769, 10.590645684422986 ], [ 8.726054264981165, 10.592712766247931 ], [ 8.724987458459911, 10.593725064183865 ], [ 8.725775629450341, 10.595242942005166 ], [ 8.727290678648147, 10.595536778601796 ], [ 8.727559376753009, 10.596358933189743 ], [ 8.728107578481154, 10.596080133663037 ], [ 8.72880848536033, 10.595744232413635 ], [ 8.730005094715795, 10.596355210485161 ], [ 8.731951897548297, 10.596626078007199 ], [ 8.732220311386827, 10.597174255151414 ], [ 8.732533935697436, 10.597472872775571 ], [ 8.734301345238441, 10.59832331709897 ], [ 8.734686193259106, 10.599889587203212 ], [ 8.735239818473266, 10.600156077867279 ], [ 8.735601720919085, 10.601629059755272 ], [ 8.736448422707129, 10.60243526429378 ], [ 8.737051627872871, 10.606121965387782 ], [ 8.737707257275952, 10.608021783405032 ], [ 8.737688860007557, 10.608867536797085 ], [ 8.737135075488585, 10.609393295457201 ], [ 8.737156124971827, 10.610462712612561 ], [ 8.736870684838163, 10.611010421556294 ], [ 8.736876326329103, 10.611303478241148 ], [ 8.737423864359862, 10.611824856830982 ], [ 8.737999198107612, 10.612417799542964 ], [ 8.737962382692404, 10.614134212514106 ], [ 8.737975204069272, 10.614804585000721 ], [ 8.737688688350785, 10.615353883540811 ], [ 8.737983938752249, 10.616498248954217 ], [ 8.73796217287563, 10.617525765537588 ], [ 8.737967298151275, 10.617797094034604 ], [ 8.737961710634918, 10.618068413596321 ], [ 8.737966833650168, 10.618342392015521 ], [ 8.73768108837915, 10.618613477870223 ], [ 8.737713964800029, 10.620263177176817 ], [ 8.738972294955769, 10.620868345399277 ], [ 8.739346087015493, 10.621632284947465 ], [ 8.739305376512171, 10.623526750464436 ], [ 8.741251012539319, 10.623489144456991 ], [ 8.74179954323923, 10.62350072456843 ], [ 8.742652365408834, 10.623484466552771 ], [ 8.74341958765814, 10.622696028024698 ], [ 8.743917469207441, 10.622417161069013 ], [ 8.745907898555707, 10.623913709671653 ], [ 8.747570334163029, 10.624316207389018 ], [ 8.748474132725487, 10.626162679224233 ], [ 8.749485248490945, 10.626487804868377 ], [ 8.749467442075048, 10.627302823521523 ], [ 8.749483920668769, 10.628116809508185 ], [ 8.749448843861416, 10.629744727077334 ], [ 8.749495157968401, 10.632073806662179 ], [ 8.750235787059427, 10.635666263288455 ], [ 8.750568738203107, 10.635983425678054 ], [ 8.750836998085036, 10.636802911124592 ], [ 8.75111642129691, 10.637069157163081 ], [ 8.751658966623429, 10.637888859355192 ], [ 8.752078104623894, 10.638288228158949 ], [ 8.752481159694652, 10.638703481514597 ], [ 8.752900299877716, 10.639102849248351 ], [ 8.753437709484054, 10.63965651830236 ], [ 8.753856852213708, 10.640055884791035 ], [ 8.754125546192794, 10.640348617313295 ], [ 8.753306886401639, 10.64112538150904 ], [ 8.753032464547807, 10.641959805556324 ], [ 8.752752388064009, 10.642496933218821 ], [ 8.752483015712359, 10.643044668767091 ], [ 8.751380292522207, 10.643309820701838 ], [ 8.75083640826918, 10.644128661007661 ], [ 8.749459391009621, 10.644393587982654 ], [ 8.748915605103193, 10.645083651755698 ], [ 8.749738151492224, 10.645479106537596 ], [ 8.75000596167841, 10.646857137681923 ], [ 8.749456953643481, 10.647378149671811 ], [ 8.749095034373982, 10.647749871554359 ], [ 8.747915859806621, 10.647147454703767 ], [ 8.747267079913005, 10.648466987292517 ], [ 8.746163883923931, 10.649274767577971 ], [ 8.745635740019079, 10.649817517063825 ], [ 8.744613295221923, 10.650144712472299 ], [ 8.744206571237422, 10.652196266820066 ], [ 8.744520543319338, 10.652800641580743 ], [ 8.744788778518709, 10.653646627846351 ], [ 8.744181354001718, 10.654809856193776 ], [ 8.74451805589802, 10.65578520052892 ], [ 8.744509133749345, 10.656205427531628 ], [ 8.743689121319704, 10.656598494407442 ], [ 8.743403860804605, 10.656891842101343 ], [ 8.743419787690657, 10.657705296117243 ], [ 8.744082512206862, 10.658335924203044 ], [ 8.743412549791858, 10.659311504374136 ], [ 8.743421787723847, 10.659795867099019 ], [ 8.744805879743339, 10.660130853702464 ], [ 8.744781932998064, 10.661223017573244 ], [ 8.744236549506988, 10.661211443754601 ], [ 8.742982873935082, 10.661235853748877 ], [ 8.742592716525591, 10.662029367188156 ], [ 8.74217254512428, 10.662835043191363 ], [ 8.741768430569021, 10.663656629534337 ], [ 8.741488313872104, 10.664193745478254 ], [ 8.741218204372785, 10.665566567404316 ], [ 8.742464396721516, 10.665542688714117 ], [ 8.742035098153597, 10.666364784457087 ], [ 8.741307608030334, 10.668183959297467 ], [ 8.742038626495312, 10.668535374954983 ], [ 8.742815345980897, 10.669336206847044 ], [ 8.743409268379496, 10.66962179573197 ], [ 8.74367796855632, 10.66992513581858 ], [ 8.742854376671058, 10.670706633833955 ], [ 8.74257529999052, 10.671274487680698 ], [ 8.742030525068749, 10.671791249095989 ], [ 8.741760648843785, 10.672881619700544 ], [ 8.741316138703112, 10.673303605142344 ], [ 8.742582454601012, 10.674233614049875 ], [ 8.742849333299995, 10.676707539922086 ], [ 8.742294443127342, 10.677771178625841 ], [ 8.742305233078136, 10.67831913390947 ], [ 8.741750256830185, 10.678845423818828 ], [ 8.741464730438134, 10.67942598956682 ], [ 8.741500189004123, 10.681212936405025 ], [ 8.742576288806012, 10.681559337506373 ], [ 8.742844779042228, 10.682123402546573 ], [ 8.741850097960791, 10.683067443777006 ], [ 8.739826095279383, 10.683456322188572 ], [ 8.738764236813346, 10.683995963449435 ], [ 8.737630807697927, 10.684268455906853 ], [ 8.737350687606197, 10.685400676869182 ], [ 8.735891601399157, 10.686784677397345 ], [ 8.73378719533172, 10.687792403313873 ], [ 8.73351798429932, 10.688068796523657 ], [ 8.732651667537624, 10.68860540218609 ], [ 8.730344143091967, 10.687822306268394 ], [ 8.728579364718712, 10.688878512578981 ], [ 8.726927799898903, 10.689143095907843 ], [ 8.726137127488052, 10.690751263296693 ], [ 8.723906999271865, 10.692667634832981 ], [ 8.723637284054014, 10.693486663924471 ], [ 8.722896024565069, 10.69375202964623 ], [ 8.722540699290818, 10.692666423663235 ], [ 8.72168579918525, 10.692399640030311 ], [ 8.720620125777117, 10.692941333441928 ], [ 8.719517196933813, 10.693206367272586 ], [ 8.718968811951559, 10.693485145500492 ], [ 8.718700058680394, 10.692662987065845 ], [ 8.717597621315699, 10.692395969209848 ], [ 8.717330410366195, 10.690491169966407 ], [ 8.71684540402504, 10.690029164839455 ], [ 8.715405500137706, 10.689680754022286 ], [ 8.714377793018848, 10.689156248440417 ], [ 8.713215075963715, 10.690906590180861 ], [ 8.712350173861381, 10.690464895749395 ], [ 8.711844334736696, 10.689943511170036 ], [ 8.711000708854405, 10.689671939210223 ], [ 8.709756732035133, 10.688388894031453 ], [ 8.708827747453016, 10.688860723627808 ], [ 8.70795093000585, 10.689125927502321 ], [ 8.706634172621138, 10.687768081803343 ], [ 8.70443445865957, 10.687499985657503 ], [ 8.703497663005756, 10.687181671590642 ], [ 8.701474542663615, 10.687692713783534 ], [ 8.700872776245363, 10.688310561895674 ], [ 8.700452857549301, 10.68870919391181 ], [ 8.70004363258502, 10.689129562169686 ], [ 8.699104399677374, 10.689109581153936 ], [ 8.698641119060538, 10.686750963302448 ], [ 8.697577373874497, 10.686408133611694 ], [ 8.697308680148284, 10.686131251406209 ], [ 8.697018545233838, 10.685864947836675 ], [ 8.696483280149602, 10.686953425769914 ], [ 8.695936796178781, 10.686390113473957 ], [ 8.69510844655291, 10.686405733782047 ], [ 8.694565430159136, 10.686128581433318 ], [ 8.693673231554754, 10.685699528182766 ], [ 8.693177148697281, 10.686708020274713 ], [ 8.693192438084651, 10.687489146121838 ], [ 8.69234776055834, 10.68775433753151 ], [ 8.691362925217726, 10.686738558428225 ], [ 8.68951909152702, 10.686380621234445 ], [ 8.689075763563263, 10.685025160433591 ], [ 8.688261581849174, 10.685862161475713 ], [ 8.687487916379473, 10.68584602085452 ], [ 8.687157396435746, 10.687354388166872 ], [ 8.687979970944991, 10.687750005070004 ], [ 8.688702513851712, 10.689566781176296 ], [ 8.689075067071119, 10.689921672339263 ], [ 8.689343603324161, 10.690349059930558 ], [ 8.688364853365821, 10.691773584476572 ], [ 8.689070932218872, 10.694509763267527 ], [ 8.689060797633051, 10.69499092612239 ], [ 8.690165773814796, 10.696434481040624 ], [ 8.69070770450613, 10.697796927388486 ], [ 8.690987128329972, 10.698063226169566 ], [ 8.69125472269134, 10.699431228701645 ], [ 8.690434408802172, 10.699413458355172 ], [ 8.689694433729816, 10.6994280910301 ], [ 8.689333249579292, 10.70052520721949 ], [ 8.688235920797691, 10.700502385235229 ], [ 8.687177309856725, 10.701911986615199 ], [ 8.687690659449384, 10.70240109154461 ], [ 8.687958525660282, 10.703491945978818 ], [ 8.688517361211327, 10.704567722318481 ], [ 8.68850218233745, 10.705264028773117 ], [ 8.687497017781208, 10.705745254817861 ], [ 8.687048131418967, 10.706658395033559 ], [ 8.686206468692541, 10.707060822556629 ], [ 8.684317101028647, 10.706580393075072 ], [ 8.683569653426515, 10.708099989829783 ], [ 8.682790705568332, 10.708472795270646 ], [ 8.682221260101644, 10.707308500667853 ], [ 8.681371524552294, 10.706198501438704 ], [ 8.681097766408918, 10.705639151158772 ], [ 8.680236141875806, 10.705655756471083 ], [ 8.679181570743127, 10.706738898921314 ], [ 8.678874798233444, 10.707004604699687 ], [ 8.677799437072744, 10.706455023881931 ], [ 8.676980876344626, 10.707295697261987 ], [ 8.675749035928236, 10.707270042336326 ], [ 8.674925988068685, 10.707285612987381 ], [ 8.67423746475637, 10.707271115840449 ], [ 8.673415744831736, 10.707547937268204 ], [ 8.67259705355387, 10.706998076577227 ], [ 8.672021027453372, 10.707009129917852 ], [ 8.671484607301808, 10.707560216331659 ], [ 8.670375405803199, 10.708090559288468 ], [ 8.669695217756612, 10.708789339608124 ], [ 8.669301694307283, 10.709984430893213 ], [ 8.66873098625673, 10.710521167230329 ], [ 8.668204317233538, 10.709977965060974 ], [ 8.667785196054936, 10.709578485973507 ], [ 8.6671134840182, 10.708886219227754 ], [ 8.666414953606674, 10.708220417802142 ], [ 8.666011929312415, 10.707805056042503 ], [ 8.665592813995515, 10.70740557412849 ], [ 8.665055451744454, 10.706851757584074 ], [ 8.664496634680715, 10.706319112665403 ], [ 8.663819584895119, 10.705621004483993 ], [ 8.663544626579547, 10.706179777500402 ], [ 8.663253380243944, 10.706445484297117 ], [ 8.663273715565012, 10.705498532768985 ], [ 8.663266127533428, 10.705091543106631 ], [ 8.663271784908385, 10.704820228229186 ], [ 8.66326672944429, 10.704546251879192 ], [ 8.663801000958848, 10.703522485592208 ], [ 8.662445202605433, 10.70319405873648 ], [ 8.662087549058176, 10.702462906394722 ], [ 8.661349049512202, 10.702107586718858 ], [ 8.66025679736938, 10.701374044145931 ], [ 8.65803141433627, 10.701018683996356 ], [ 8.657099627303227, 10.701975763161943 ], [ 8.656437590176036, 10.701292492777979 ], [ 8.655830304225093, 10.701000366050909 ], [ 8.654600580365184, 10.701023913428221 ], [ 8.653398904832441, 10.701827534370732 ], [ 8.652844568507609, 10.702092938969555 ], [ 8.652300934821488, 10.702368954075624 ], [ 8.651169512900376, 10.702640601610327 ], [ 8.650351963569861, 10.703480143721094 ], [ 8.650385872908155, 10.705217270611385 ], [ 8.647902412339768, 10.705614567875726 ], [ 8.647600385279981, 10.705924762156425 ], [ 8.647083170937188, 10.706975544315997 ], [ 8.646802848375717, 10.707512568147385 ], [ 8.646517319789872, 10.708379198558394 ], [ 8.646534495659042, 10.709278497070727 ], [ 8.646522601624586, 10.709831723183564 ], [ 8.645702324673062, 10.710224524093851 ], [ 8.645137760963044, 10.710511100818707 ], [ 8.644302955031886, 10.710493720936748 ], [ 8.643513555240961, 10.709679388078339 ], [ 8.642627967716965, 10.7091034083432 ], [ 8.640479780013179, 10.709144392284529 ], [ 8.640495440964258, 10.709949892460665 ], [ 8.640488641960943, 10.710263068717204 ], [ 8.639913643540119, 10.710760531878936 ], [ 8.637866400468509, 10.709714743258463 ], [ 8.63498347465837, 10.709401377033139 ], [ 8.633772708562958, 10.70878259801864 ], [ 8.633089109172902, 10.709129953131409 ], [ 8.631711382871368, 10.709665668986052 ], [ 8.631167717556377, 10.709941646062141 ], [ 8.630613348214531, 10.710207009902243 ], [ 8.630209365186015, 10.710621459700247 ], [ 8.629789325544339, 10.711019992317915 ], [ 8.629512013557131, 10.712137798569071 ], [ 8.627870262001139, 10.712102986817001 ], [ 8.627324234133331, 10.712113463056692 ], [ 8.627050233282532, 10.711830686812949 ], [ 8.626199657585746, 10.711563647843862 ], [ 8.626236448374661, 10.713460280922204 ], [ 8.626212612684139, 10.714545531571842 ], [ 8.626225712213067, 10.715223846770508 ], [ 8.626192204475107, 10.716767467768531 ], [ 8.625207786627302, 10.717700536583527 ], [ 8.624846439947399, 10.719158974976272 ], [ 8.624566066953131, 10.719695976730327 ], [ 8.624275084848545, 10.720579004646224 ], [ 8.624299760234813, 10.721860913844578 ], [ 8.623991989397252, 10.722450344177807 ], [ 8.62323608792093, 10.723166944170076 ], [ 8.622871758281756, 10.725722841380136 ], [ 8.622357266586755, 10.726210275321275 ], [ 8.622373407620248, 10.727021603452862 ], [ 8.622349570962637, 10.728093604757829 ], [ 8.622913882321848, 10.72891884508698 ], [ 8.623678737051467, 10.730074998522204 ], [ 8.623180869792446, 10.730547085158141 ], [ 8.622911522448655, 10.730823378070475 ], [ 8.622357107786721, 10.73108872533861 ], [ 8.622086074259983, 10.732721612323953 ], [ 8.621805683161032, 10.733258610536566 ], [ 8.621436070429544, 10.734009058941767 ], [ 8.622622695780844, 10.735139231726093 ], [ 8.622900090298003, 10.7357235405268 ], [ 8.621802647252832, 10.73570048078226 ], [ 8.621532910197336, 10.736285184904069 ], [ 8.622080743847539, 10.737874553024813 ], [ 8.621784771108016, 10.738440677967178 ], [ 8.619947824892879, 10.738401344414035 ], [ 8.619607968711763, 10.739772892284453 ], [ 8.619312347788565, 10.740052858328532 ], [ 8.618783154454778, 10.741128477748694 ], [ 8.618231072951819, 10.741651891102347 ], [ 8.617957650661356, 10.743026697955459 ], [ 8.617537549363833, 10.743425211153385 ], [ 8.617101844964679, 10.743872456926242 ], [ 8.615210208877254, 10.743831966087876 ], [ 8.614644832196049, 10.743842394218703 ], [ 8.614114004590558, 10.744921182491645 ], [ 8.613833587656412, 10.745458172224474 ], [ 8.613493802319933, 10.747166741278134 ], [ 8.613007695098057, 10.747627695692756 ], [ 8.612593983848775, 10.748468162646367 ], [ 8.613619322658501, 10.750442330725599 ], [ 8.613130936736688, 10.751846539142401 ], [ 8.611101177785404, 10.752495274929515 ], [ 8.610048831602418, 10.753198748106501 ], [ 8.610535302509504, 10.754136255367916 ], [ 8.610922348066763, 10.755714840161534 ], [ 8.610242396671731, 10.756040417995333 ], [ 8.609708307529401, 10.757125021387631 ], [ 8.609428220035619, 10.75739068793861 ], [ 8.60888374980116, 10.758209257805134 ], [ 8.608397617561581, 10.758670203814264 ], [ 8.606796344121873, 10.759053960885824 ], [ 8.60641215247276, 10.759834044421703 ], [ 8.605837293074133, 10.760108872194637 ], [ 8.605313538766906, 10.760646604444986 ], [ 8.605016810130245, 10.760928143900991 ], [ 8.605047435630002, 10.762514758544732 ], [ 8.604641292905555, 10.76368271254281 ], [ 8.605225058857952, 10.764806352837473 ], [ 8.604538763336686, 10.765456218458789 ], [ 8.604209220740787, 10.765826741790967 ], [ 8.60512773299828, 10.766701218069352 ], [ 8.605572338048622, 10.768515164707143 ], [ 8.605884006180252, 10.769114898437634 ], [ 8.605843563444363, 10.770954723798365 ], [ 8.605848569671835, 10.771226048376214 ], [ 8.605835462252571, 10.771826959032916 ], [ 8.605011279586897, 10.77340347691079 ], [ 8.605575283196863, 10.774489467661466 ], [ 8.605545639102896, 10.7758529093744 ], [ 8.603336317157293, 10.776382658024428 ], [ 8.602273901548363, 10.776921812517079 ], [ 8.601996825317311, 10.77691615704706 ], [ 8.60169990329198, 10.77692160528709 ], [ 8.599604223065944, 10.776209344120302 ], [ 8.599255457031187, 10.776917923927057 ], [ 8.598975341810332, 10.777183579726392 ], [ 8.598412010284571, 10.778030718566853 ], [ 8.59787592424402, 10.778538744294053 ], [ 8.597606510512275, 10.778815012105715 ], [ 8.597025188637806, 10.77908027467052 ], [ 8.595960445703922, 10.778536252496894 ], [ 8.594988056423681, 10.778268964998338 ], [ 8.594587685735069, 10.77908239462683 ], [ 8.593731954892444, 10.779347291714807 ], [ 8.592723088740737, 10.778306269734999 ], [ 8.59046770796442, 10.7779917059888 ], [ 8.588931141501069, 10.777600182374414 ], [ 8.588552234652878, 10.77798916852301 ], [ 8.587480906630811, 10.777966547016714 ], [ 8.585827433887889, 10.778805849682248 ], [ 8.58525559391626, 10.778793426265391 ], [ 8.584967245509631, 10.778798869871004 ], [ 8.584433561201887, 10.779882894178547 ], [ 8.583441139365991, 10.781326643733133 ], [ 8.582504748263478, 10.781774222454194 ], [ 8.582224583378292, 10.78206158936799 ], [ 8.582240098504425, 10.782859134760056 ], [ 8.581954059793635, 10.783130066085938 ], [ 8.581575147314647, 10.783899523800889 ], [ 8.582347485717696, 10.78427097764548 ], [ 8.581778938559228, 10.785359188171617 ], [ 8.58002868032453, 10.786383267338508 ], [ 8.579499263276224, 10.787458808625043 ], [ 8.579203558644872, 10.787738732587322 ], [ 8.57892274649029, 10.788870252127538 ], [ 8.578940241639884, 10.789778552248464 ], [ 8.578102502002944, 10.790179087371273 ], [ 8.577831167232045, 10.791811919044624 ], [ 8.577278175083135, 10.792869936085649 ], [ 8.577003364208894, 10.795066591711597 ], [ 8.576711942198479, 10.795342808850913 ], [ 8.576727429335474, 10.796148831951003 ], [ 8.576715389673613, 10.796709466429748 ], [ 8.578321730631592, 10.798239937540259 ], [ 8.578739386650785, 10.801227111080598 ], [ 8.577880133292705, 10.802040949694272 ], [ 8.577460183543396, 10.804150499711172 ], [ 8.577812990119986, 10.804829803551224 ], [ 8.578205290604881, 10.805631571787647 ], [ 8.577477618561391, 10.807397845459876 ], [ 8.577808061150035, 10.808356914055523 ], [ 8.578075609887311, 10.809447845883259 ], [ 8.578359612171367, 10.810272517092825 ], [ 8.578345282672583, 10.810937805777362 ], [ 8.578363251675253, 10.811888498499044 ], [ 8.57642521541883, 10.812153454222383 ], [ 8.576155370836002, 10.81270101695438 ], [ 8.575845798456205, 10.813293037038676 ], [ 8.57402228424405, 10.812921176562693 ], [ 8.572406665554469, 10.813741108294776 ], [ 8.572035760304505, 10.814865868497332 ], [ 8.571231196954427, 10.81525026512978 ], [ 8.570934925137086, 10.817034871774766 ], [ 8.570379535413968, 10.81784274871316 ], [ 8.569653283319306, 10.818934421935522 ], [ 8.56900847326942, 10.818920539125742 ], [ 8.568421040287051, 10.818931574752623 ], [ 8.5683507, 10.8190815 ], [ 8.5680863, 10.8199791 ], [ 8.5675254, 10.8209409 ], [ 8.5674589, 10.8213424 ], [ 8.5675951, 10.8237408 ], [ 8.5674347, 10.8254917 ], [ 8.5669712, 10.8271842 ], [ 8.5674589, 10.8274869 ], [ 8.5677821, 10.8277016 ], [ 8.5684001, 10.8279164 ], [ 8.5700024, 10.8282104 ], [ 8.5704651, 10.8280946 ], [ 8.5724913, 10.8276394 ], [ 8.5749981, 10.827132 ], [ 8.5750107, 10.8272484 ], [ 8.5746664, 10.8291603 ], [ 8.573845, 10.8312847 ], [ 8.573189, 10.8396326 ], [ 8.5739021, 10.8420837 ], [ 8.5755361, 10.845381 ], [ 8.5771999, 10.8484156 ], [ 8.579339, 10.8542514 ], [ 8.5814781, 10.8589199 ], [ 8.5850433, 10.8614876 ], [ 8.583741, 10.8879817 ], [ 8.58077, 10.897901 ], [ 8.58077, 10.9016937 ], [ 8.5780031, 10.9074116 ], [ 8.5684878, 10.9074679 ], [ 8.5704927, 10.9172201 ], [ 8.5714941, 10.9219103 ], [ 8.5735788, 10.9289703 ], [ 8.576827, 10.9360704 ], [ 8.5812798, 10.94205 ], [ 8.5833635, 10.94911 ], [ 8.5865717, 10.9573698 ], [ 8.5885334, 10.9679203 ], [ 8.5918226, 10.9738598 ], [ 8.5939064, 10.9809198 ], [ 8.5949087, 10.98561 ], [ 8.5971146, 10.9891796 ], [ 8.5981569, 10.9927101 ], [ 8.5989952, 11.0020599 ], [ 8.6075102, 11.0114175 ], [ 8.6099108, 11.0139605 ], [ 8.6147594, 11.01774 ], [ 8.6110516, 11.0318775 ], [ 8.6098672, 11.0403331 ], [ 8.6093918, 11.0454653 ], [ 8.6086788, 11.054213 ], [ 8.6079063, 11.0675674 ], [ 8.6073121, 11.0712412 ], [ 8.6015484, 11.0768976 ], [ 8.5954715, 11.0818717 ], [ 8.5946393, 11.0825156 ], [ 8.5932823, 11.0817022 ], [ 8.5924196, 11.0815554 ], [ 8.5915829, 11.0817234 ], [ 8.5906128, 11.0821284 ], [ 8.5899477, 11.0821339 ], [ 8.5896256, 11.0848808 ], [ 8.5892457, 11.08506 ], [ 8.58373, 11.0871533 ], [ 8.5740824, 11.0928303 ], [ 8.5705886, 11.0944164 ], [ 8.5592445, 11.0997661 ], [ 8.5554179, 11.1010722 ], [ 8.5464811, 11.1024949 ], [ 8.5416625, 11.1046015 ], [ 8.5339523, 11.1073276 ], [ 8.5196321, 11.1149074 ], [ 8.5132746, 11.1221569 ], [ 8.5060473, 11.1322356 ], [ 8.50822, 11.1419652 ], [ 8.5099313, 11.1511998 ], [ 8.5129973, 11.1539281 ], [ 8.5147755, 11.1573435 ], [ 8.5187017, 11.1623228 ], [ 8.5146454, 11.1630426 ], [ 8.5109291, 11.1604647 ], [ 8.5090043, 11.1586152 ], [ 8.5061081, 11.1582092 ], [ 8.5020878, 11.158895 ], [ 8.4975957, 11.1626027 ], [ 8.4918201, 11.1625327 ], [ 8.4873992, 11.1616233 ], [ 8.4834062, 11.1616233 ], [ 8.4779158, 11.1649811 ], [ 8.4732811, 11.16666 ], [ 8.4700724, 11.1693183 ], [ 8.4668637, 11.168129 ], [ 8.4646533, 11.1695981 ], [ 8.4618724, 11.1717666 ], [ 8.4574924, 11.1841093 ], [ 8.4512924, 11.1955093 ], [ 8.4505908, 11.1969141 ], [ 8.4478858, 11.2028395 ], [ 8.4475232, 11.2032158 ], [ 8.4471753, 11.2039779 ], [ 8.4460805, 11.2045406 ], [ 8.4434109, 11.2059128 ], [ 8.4377814, 11.2100207 ], [ 8.4378787, 11.2167917 ], [ 8.4338143, 11.2265834 ], [ 8.4280387, 11.2291012 ], [ 8.4211222, 11.2305699 ], [ 8.4169574, 11.2305889 ], [ 8.4168886, 11.230591 ], [ 8.4150704, 11.2306476 ], [ 8.4115182, 11.2299449 ], [ 8.4089481, 11.2296622 ], [ 8.4029274, 11.2278617 ], [ 8.3984388, 11.2277556 ], [ 8.3939261, 11.2276487 ], [ 8.389493, 11.2271605 ], [ 8.3876993, 11.2271063 ], [ 8.3743998, 11.226705 ], [ 8.3729338, 11.2266727 ], [ 8.3726305, 11.226666 ], [ 8.3694986, 11.2265968 ], [ 8.3659619, 11.2268126 ], [ 8.3593068, 11.2265795 ], [ 8.3557416, 11.2269875 ], [ 8.3533945, 11.2273663 ], [ 8.3458482, 11.2302513 ], [ 8.3361721, 11.2332795 ], [ 8.3351617, 11.2317282 ], [ 8.3340208, 11.2294902 ], [ 8.3306695, 11.2279515 ], [ 8.3251791, 11.2271822 ], [ 8.3229687, 11.228511 ], [ 8.3196174, 11.2303994 ], [ 8.3149826, 11.2328472 ], [ 8.3082088, 11.2354349 ], [ 8.2979079, 11.2342239 ], [ 8.2958629, 11.2378383 ], [ 8.2939805, 11.2424821 ], [ 8.2936383, 11.2455033 ], [ 8.2937452, 11.2494989 ], [ 8.2914307, 11.2511478 ], [ 8.2909644, 11.2523661 ], [ 8.2916774, 11.2560026 ], [ 8.289467, 11.2577509 ], [ 8.287827, 11.2589398 ], [ 8.2877557, 11.2620168 ], [ 8.2873718, 11.2646174 ], [ 8.2861157, 11.2682405 ], [ 8.2818375, 11.2719468 ], [ 8.2780239, 11.274904 ], [ 8.2766323, 11.2777508 ], [ 8.2742079, 11.2778906 ], [ 8.2730908, 11.2764921 ], [ 8.2695257, 11.2768417 ], [ 8.2660793, 11.2774245 ], [ 8.2630403, 11.2765368 ], [ 8.2607034, 11.2763228 ], [ 8.257275, 11.279668 ], [ 8.2564193, 11.2845163 ], [ 8.2548982, 11.2916019 ], [ 8.254708, 11.2957973 ], [ 8.2555637, 11.2984078 ], [ 8.2563242, 11.3012046 ], [ 8.2585109, 11.3022301 ], [ 8.260032, 11.3041879 ], [ 8.2621236, 11.3073577 ], [ 8.2634546, 11.3102477 ], [ 8.2644053, 11.3132309 ], [ 8.258606, 11.312858 ], [ 8.255681, 11.3150357 ], [ 8.2542517, 11.3172208 ], [ 8.2529397, 11.3189548 ], [ 8.2511713, 11.3221989 ], [ 8.2506009, 11.323765 ], [ 8.2487755, 11.3257227 ], [ 8.2410177, 11.3265617 ], [ 8.2373669, 11.3270651 ], [ 8.2267569, 11.3259464 ], [ 8.2167279, 11.3228944 ], [ 8.2067808, 11.3187017 ], [ 8.2002428, 11.3243576 ], [ 8.1972491, 11.3283038 ], [ 8.1934557, 11.3338203 ], [ 8.1873913, 11.3406096 ], [ 8.1754646, 11.3483801 ], [ 8.1674486, 11.3543435 ], [ 8.1652462, 11.3629682 ], [ 8.1543243, 11.36953 ], [ 8.1487544, 11.373382 ], [ 8.149932, 11.3753931 ], [ 8.1461338, 11.3773195 ], [ 8.1433301, 11.3779346 ], [ 8.137068, 11.3806931 ], [ 8.1229138, 11.3866728 ], [ 8.1223081, 11.3917381 ], [ 8.1206681, 11.3946738 ], [ 8.1187429, 11.3984483 ], [ 8.1172455, 11.4025023 ], [ 8.1137219, 11.4084843 ], [ 8.1285769, 11.4112801 ], [ 8.1405797, 11.4162891 ], [ 8.1433245, 11.4202676 ], [ 8.1425584, 11.437099 ], [ 8.1403895, 11.4567544 ], [ 8.1428852, 11.4603184 ], [ 8.1487474, 11.4686881 ], [ 8.1538813, 11.477423 ], [ 8.1534535, 11.4857383 ], [ 8.1524552, 11.4890225 ], [ 8.1560917, 11.4923765 ], [ 8.158965, 11.4952243 ], [ 8.1617031, 11.4971528 ], [ 8.1624732, 11.503106 ], [ 8.1617887, 11.5055375 ], [ 8.1583661, 11.5092266 ], [ 8.1500814, 11.5191704 ], [ 8.1209971, 11.5202081 ], [ 8.1144665, 11.5216975 ], [ 8.1139889, 11.5222855 ], [ 8.1118705, 11.5210897 ], [ 8.1099999, 11.5208583 ], [ 8.1085144, 11.5227214 ], [ 8.1068741, 11.5237475 ], [ 8.1054175, 11.5235001 ], [ 8.1040984, 11.5227665 ], [ 8.1029932, 11.5226617 ], [ 8.1021551, 11.5232799 ], [ 8.1015315, 11.5239892 ], [ 8.1007471, 11.5236049 ], [ 8.0994637, 11.5227316 ], [ 8.0983941, 11.5212993 ], [ 8.0975741, 11.5201116 ], [ 8.0963976, 11.519902 ], [ 8.0947932, 11.5196924 ], [ 8.0934028, 11.5195526 ], [ 8.0917985, 11.5194129 ], [ 8.0899802, 11.5190286 ], [ 8.0889463, 11.5186443 ], [ 8.0865933, 11.5173867 ], [ 8.0852218, 11.5159675 ], [ 8.0834986, 11.5138132 ], [ 8.0828665, 11.511569 ], [ 8.0829425, 11.5107492 ], [ 8.0824482, 11.5098921 ], [ 8.0817446, 11.5091095 ], [ 8.0816686, 11.5084202 ], [ 8.0818587, 11.507414 ], [ 8.082277, 11.5066501 ], [ 8.082239, 11.5059607 ], [ 8.0819158, 11.5055135 ], [ 8.0812503, 11.5054017 ], [ 8.0800578, 11.5052481 ], [ 8.0785122, 11.5051782 ], [ 8.0766112, 11.5049246 ], [ 8.0746523, 11.5048987 ], [ 8.0734924, 11.5046192 ], [ 8.0726748, 11.5041906 ], [ 8.0721424, 11.5036503 ], [ 8.0714388, 11.5028305 ], [ 8.0688453, 11.5023127 ], [ 8.0684079, 11.5021858 ], [ 8.0679611, 11.5018504 ], [ 8.0677001, 11.5012484 ], [ 8.0671744, 11.5003808 ], [ 8.0664685, 11.50022 ], [ 8.0657768, 11.5000663 ], [ 8.065185, 11.5000454 ], [ 8.0643365, 11.5003249 ], [ 8.063545, 11.5007092 ], [ 8.0625753, 11.5010445 ], [ 8.0618908, 11.5009188 ], [ 8.0613845, 11.5005834 ], [ 8.0611064, 11.4999755 ], [ 8.061085, 11.4994095 ], [ 8.0611349, 11.4989484 ], [ 8.0611563, 11.4985082 ], [ 8.0609353, 11.4981658 ], [ 8.0606786, 11.4977116 ], [ 8.0601296, 11.4974612 ], [ 8.0596104, 11.4973943 ], [ 8.0588643, 11.4975296 ], [ 8.0584611, 11.4975171 ], [ 8.0580665, 11.4974519 ], [ 8.057767, 11.4972935 ], [ 8.057363, 11.4970699 ], [ 8.0568353, 11.4966787 ], [ 8.0566547, 11.4962361 ], [ 8.0565596, 11.4957796 ], [ 8.0565501, 11.4953837 ], [ 8.0565216, 11.4949644 ], [ 8.0565113, 11.4945716 ], [ 8.0565826, 11.4942106 ], [ 8.0564994, 11.4939078 ], [ 8.0560122, 11.4933139 ], [ 8.0556913, 11.4931392 ], [ 8.0554655, 11.4929295 ], [ 8.0551209, 11.4926384 ], [ 8.0549426, 11.4922657 ], [ 8.0548356, 11.4918931 ], [ 8.0547643, 11.4913807 ], [ 8.0547604, 11.49092 ], [ 8.0544273, 11.4905282 ], [ 8.0540988, 11.4903558 ], [ 8.0538968, 11.4902161 ], [ 8.0535165, 11.4902394 ], [ 8.05316, 11.4902277 ], [ 8.0529104, 11.4900763 ], [ 8.0527559, 11.4899133 ], [ 8.0526728, 11.4897852 ], [ 8.05234, 11.4896687 ], [ 8.0519478, 11.489529 ], [ 8.0516745, 11.4894358 ], [ 8.0514368, 11.4892611 ], [ 8.0512942, 11.4890864 ], [ 8.05132, 11.4889108 ], [ 8.0513655, 11.4885041 ], [ 8.0513655, 11.4881664 ], [ 8.0511516, 11.4879568 ], [ 8.0507951, 11.4878054 ], [ 8.0502603, 11.4878753 ], [ 8.0498087, 11.4879801 ], [ 8.0495473, 11.4881082 ], [ 8.0489768, 11.4880267 ], [ 8.0486441, 11.4879684 ], [ 8.048347, 11.4878986 ], [ 8.0480499, 11.4878054 ], [ 8.0478479, 11.487654 ], [ 8.0477053, 11.4874327 ], [ 8.04742, 11.4870717 ], [ 8.0473844, 11.4868038 ], [ 8.0473, 11.4866 ], [ 8.0469566, 11.4864777 ], [ 8.0466713, 11.486536 ], [ 8.0463742, 11.4867922 ], [ 8.0460534, 11.4869203 ], [ 8.0458038, 11.487095 ], [ 8.045685, 11.4871882 ], [ 8.0454489, 11.4874557 ], [ 8.0446511, 11.4878636 ], [ 8.0442224, 11.4877437 ], [ 8.0440093, 11.4877937 ], [ 8.0437241, 11.4877006 ], [ 8.0431061, 11.4875608 ], [ 8.0425476, 11.4875026 ], [ 8.0424942, 11.4874874 ], [ 8.0421792, 11.4873978 ], [ 8.0417989, 11.4875375 ], [ 8.0415493, 11.4874909 ], [ 8.0413386, 11.487313 ], [ 8.0412028, 11.4871086 ], [ 8.0408363, 11.4869436 ], [ 8.0405511, 11.4870368 ], [ 8.0402302, 11.4871532 ], [ 8.0401233, 11.4873978 ], [ 8.0399688, 11.4877239 ], [ 8.0398618, 11.4880965 ], [ 8.0396717, 11.4885041 ], [ 8.0395647, 11.4891097 ], [ 8.0394696, 11.4897037 ], [ 8.0391725, 11.4908333 ], [ 8.0391, 11.4917 ], [ 8.0358303, 11.4933791 ], [ 8.0334523, 11.4935193 ], [ 8.0302864, 11.4941063 ], [ 8.027805, 11.4930162 ], [ 8.0256659, 11.4906684 ], [ 8.0225, 11.4888 ], [ 8.0199971, 11.4893266 ], [ 8.0123178, 11.4918423 ], [ 8.0090867, 11.4908271 ], [ 8.005986, 11.4919262 ], [ 8.0009, 11.4921 ], [ 7.9994831, 11.4895784 ], [ 7.9976007, 11.4893268 ], [ 7.996657, 11.4914107 ], [ 7.9957183, 11.4915908 ], [ 7.9949482, 11.4900815 ], [ 7.9954616, 11.4880691 ], [ 7.994777, 11.4868952 ], [ 7.9910122, 11.4876498 ], [ 7.9886149, 11.4847353 ], [ 7.9858783, 11.4845473 ], [ 7.9825413, 11.483038 ], [ 7.980231, 11.4842958 ], [ 7.9786909, 11.4832896 ], [ 7.9779208, 11.4790131 ], [ 7.974926, 11.4783423 ], [ 7.9737738, 11.4784017 ], [ 7.9713696, 11.4785257 ], [ 7.9684231, 11.4786777 ], [ 7.967653, 11.4763298 ], [ 7.9668023, 11.4754816 ], [ 7.964823, 11.4735085 ], [ 7.9626903, 11.4713823 ], [ 7.9591821, 11.4693698 ], [ 7.9568719, 11.4676088 ], [ 7.9564853, 11.4674136 ], [ 7.955983, 11.4671601 ], [ 7.9540482, 11.4661832 ], [ 7.9487432, 11.4661832 ], [ 7.9448533, 11.4643321 ], [ 7.9447952, 11.4643962 ], [ 7.944663, 11.464257 ], [ 7.9445346, 11.4640893 ], [ 7.9445275, 11.4639006 ], [ 7.9446074, 11.4638209 ], [ 7.9449197, 11.4635093 ], [ 7.9450552, 11.4632996 ], [ 7.9450266, 11.4631319 ], [ 7.9447771, 11.4630551 ], [ 7.9444419, 11.4630061 ], [ 7.9441211, 11.4631319 ], [ 7.9430559, 11.4630847 ], [ 7.9426807, 11.4631878 ], [ 7.9424953, 11.4631878 ], [ 7.9422376, 11.4629478 ], [ 7.9418262, 11.4616483 ], [ 7.9417623, 11.4609387 ], [ 7.9420132, 11.4603422 ], [ 7.9418811, 11.4596866 ], [ 7.9410184, 11.4592201 ], [ 7.9405304, 11.4590914 ], [ 7.9397948, 11.4591361 ], [ 7.9392002, 11.458699 ], [ 7.9383157, 11.4581348 ], [ 7.9376769, 11.4573658 ], [ 7.9376681, 11.4571141 ], [ 7.9376588, 11.4568472 ], [ 7.9372015, 11.4564438 ], [ 7.9369339, 11.4563545 ], [ 7.9367016, 11.456277 ], [ 7.9366662, 11.4560776 ], [ 7.9365514, 11.4554308 ], [ 7.9358203, 11.4551841 ], [ 7.9357711, 11.455179 ], [ 7.9351813, 11.4551181 ], [ 7.9346182, 11.4553388 ], [ 7.9333232, 11.454695 ], [ 7.9331918, 11.4543823 ], [ 7.9333841, 11.4540068 ], [ 7.932952, 11.4535729 ], [ 7.9326366, 11.4535098 ], [ 7.93139, 11.4532602 ], [ 7.9312586, 11.4530026 ], [ 7.9315401, 11.4526531 ], [ 7.9314946, 11.4525895 ], [ 7.9312838, 11.452295 ], [ 7.930658, 11.4514206 ], [ 7.9308081, 11.4507952 ], [ 7.930997, 11.4503273 ], [ 7.930829, 11.449175 ], [ 7.9301512, 11.4484406 ], [ 7.9294029, 11.4485635 ], [ 7.927486, 11.4475576 ], [ 7.9271535, 11.4471449 ], [ 7.9272125, 11.4470191 ], [ 7.927486, 11.4464355 ], [ 7.9272233, 11.4461412 ], [ 7.9265254, 11.4463292 ], [ 7.926191, 11.4463251 ], [ 7.9260479, 11.4460546 ], [ 7.9253678, 11.4456289 ], [ 7.9249851, 11.4455111 ], [ 7.9242928, 11.4447197 ], [ 7.9241511, 11.4444191 ], [ 7.9240138, 11.4439889 ], [ 7.9238532, 11.4439285 ], [ 7.9234353, 11.4437715 ], [ 7.9230213, 11.4434984 ], [ 7.9229431, 11.4432362 ], [ 7.9228232, 11.442835 ], [ 7.9223914, 11.4426523 ], [ 7.9216148, 11.4420682 ], [ 7.92144, 11.4416748 ], [ 7.9206699, 11.4410598 ], [ 7.9204949, 11.4409143 ], [ 7.9201444, 11.4407449 ], [ 7.9193489, 11.440434 ], [ 7.9191457, 11.4403967 ], [ 7.9191206, 11.4404259 ], [ 7.9189393, 11.4406367 ], [ 7.9187161, 11.4408362 ], [ 7.9184309, 11.4407383 ], [ 7.9183454, 11.4404588 ], [ 7.9184994, 11.4400315 ], [ 7.9184592, 11.4398791 ], [ 7.9182313, 11.4398158 ], [ 7.9180463, 11.4401049 ], [ 7.9179033, 11.4401653 ], [ 7.9177036, 11.4401094 ], [ 7.9176038, 11.4396481 ], [ 7.9177534, 11.4393755 ], [ 7.917739, 11.4391967 ], [ 7.9176142, 11.4390226 ], [ 7.9176766, 11.4389144 ], [ 7.9178782, 11.4388767 ], [ 7.9180791, 11.4388405 ], [ 7.9181613, 11.4384011 ], [ 7.9181903, 11.4382462 ], [ 7.9180917, 11.4379066 ], [ 7.9177822, 11.4376156 ], [ 7.9172085, 11.4373134 ], [ 7.9168412, 11.4369474 ], [ 7.9166871, 11.4365662 ], [ 7.9169248, 11.4361586 ], [ 7.9169842, 11.4355762 ], [ 7.9168412, 11.4353474 ], [ 7.9166871, 11.435285 ], [ 7.9158916, 11.4353271 ], [ 7.9152468, 11.4349971 ], [ 7.9146661, 11.4347 ], [ 7.9144984, 11.4342378 ], [ 7.9141015, 11.4340459 ], [ 7.913984, 11.4341233 ], [ 7.9139371, 11.4341541 ], [ 7.913341, 11.4345467 ], [ 7.9126755, 11.4344535 ], [ 7.9118911, 11.4338595 ], [ 7.9118174, 11.4337414 ], [ 7.9115346, 11.4332887 ], [ 7.9112665, 11.4333252 ], [ 7.9109892, 11.4334562 ], [ 7.9109567, 11.4334716 ], [ 7.9107027, 11.4335916 ], [ 7.9101576, 11.4333445 ], [ 7.909907, 11.4331583 ], [ 7.90955, 11.43351 ], [ 7.9093955, 11.4335217 ], [ 7.9088146, 11.4327931 ], [ 7.9082546, 11.4321123 ], [ 7.9077555, 11.4318677 ], [ 7.9072682, 11.4317512 ], [ 7.9069117, 11.4313901 ], [ 7.9066503, 11.4313784 ], [ 7.906674, 11.431658 ], [ 7.9065314, 11.4317628 ], [ 7.9058184, 11.4315415 ], [ 7.9054856, 11.4319259 ], [ 7.9051424, 11.4321409 ], [ 7.9049746, 11.4320307 ], [ 7.9039455, 11.4323275 ], [ 7.9033109, 11.4323126 ], [ 7.9033297, 11.4320817 ], [ 7.9033489, 11.4318467 ], [ 7.9029078, 11.4319132 ], [ 7.9026073, 11.4319585 ], [ 7.9019172, 11.4316694 ], [ 7.901915, 11.431611 ], [ 7.9019038, 11.4313062 ], [ 7.9015996, 11.4313062 ], [ 7.9014797, 11.4314921 ], [ 7.9014271, 11.4315736 ], [ 7.9006738, 11.4314263 ], [ 7.9004777, 11.4315858 ], [ 7.9000594, 11.4313062 ], [ 7.8998801, 11.4310551 ], [ 7.8996601, 11.4307471 ], [ 7.8995301, 11.4307811 ], [ 7.899354, 11.4308271 ], [ 7.8986143, 11.4310826 ], [ 7.8984052, 11.4309335 ], [ 7.8985514, 11.4304421 ], [ 7.8982994, 11.4303212 ], [ 7.8976446, 11.4302625 ], [ 7.8972833, 11.4298339 ], [ 7.8974417, 11.4291698 ], [ 7.8973248, 11.4288496 ], [ 7.8974806, 11.4286467 ], [ 7.8967889, 11.4276533 ], [ 7.8966368, 11.4275787 ], [ 7.8963706, 11.4279329 ], [ 7.8959523, 11.4279701 ], [ 7.8956291, 11.4277651 ], [ 7.895572, 11.4274856 ], [ 7.8951347, 11.4273365 ], [ 7.8947164, 11.4275042 ], [ 7.8942981, 11.427206 ], [ 7.8937847, 11.4272433 ], [ 7.8936706, 11.427001 ], [ 7.8930241, 11.4263673 ], [ 7.8930241, 11.4260691 ], [ 7.892948, 11.4251559 ], [ 7.8931002, 11.4241867 ], [ 7.8937657, 11.4230125 ], [ 7.8943171, 11.4222297 ], [ 7.8947074, 11.4212972 ], [ 7.8951917, 11.4208319 ], [ 7.8956671, 11.4200305 ], [ 7.8965616, 11.419073 ], [ 7.8966343, 11.418941 ], [ 7.8961855, 11.4183636 ], [ 7.8961434, 11.418276 ], [ 7.8956861, 11.4171789 ], [ 7.8949539, 11.416086 ], [ 7.8941927, 11.4137457 ], [ 7.8941485, 11.4136096 ], [ 7.8937738, 11.4131218 ], [ 7.8924532, 11.4107682 ], [ 7.8917401, 11.4107794 ], [ 7.8905755, 11.4090553 ], [ 7.8906364, 11.4083457 ], [ 7.8902917, 11.4076118 ], [ 7.8898806, 11.4070409 ], [ 7.8896821, 11.4066352 ], [ 7.8894212, 11.4061744 ], [ 7.8893, 11.4056 ], [ 7.8891182, 11.4052366 ], [ 7.8884249, 11.4044623 ], [ 7.8879511, 11.4040644 ], [ 7.8870029, 11.4032679 ], [ 7.8865474, 11.4025495 ], [ 7.8860462, 11.4020389 ], [ 7.8854282, 11.4012875 ], [ 7.8852991, 11.4017503 ], [ 7.8852559, 11.4019049 ], [ 7.8851133, 11.4021428 ], [ 7.8846018, 11.4015516 ], [ 7.883503, 11.4000177 ], [ 7.8833485, 11.3997905 ], [ 7.8826528, 11.3994601 ], [ 7.8828203, 11.398991 ], [ 7.8828558, 11.3988023 ], [ 7.882868, 11.3987376 ], [ 7.8829475, 11.3985777 ], [ 7.88304, 11.3984216 ], [ 7.8830083, 11.3982195 ], [ 7.8830271, 11.3980319 ], [ 7.8830112, 11.3977551 ], [ 7.8829063, 11.3975677 ], [ 7.8828211, 11.3972896 ], [ 7.8827929, 11.3972077 ], [ 7.8825925, 11.3967612 ], [ 7.8824489, 11.3961043 ], [ 7.8823129, 11.3956413 ], [ 7.8822978, 11.395564 ], [ 7.8822708, 11.3952029 ], [ 7.8822503, 11.3951082 ], [ 7.8820578, 11.3948356 ], [ 7.8816513, 11.394556 ], [ 7.8811665, 11.3941157 ], [ 7.8806032, 11.3935774 ], [ 7.8801539, 11.3930043 ], [ 7.8798616, 11.3923053 ], [ 7.879823047151497, 11.392093664868108 ], [ 7.879565674574404, 11.391961478784966 ], [ 7.876643221548957, 11.392009134683931 ], [ 7.875821175682758, 11.391989567972759 ], [ 7.875544047836565, 11.392547461379015 ], [ 7.8752037452827, 11.393193591017559 ], [ 7.871553747654517, 11.393765309157159 ], [ 7.871133928618867, 11.393330574948726 ], [ 7.870496649227549, 11.393979797185612 ], [ 7.869191197978339, 11.393309862356951 ], [ 7.867837372207558, 11.393331936323872 ], [ 7.867559324974032, 11.39276105191508 ], [ 7.867579085578384, 11.391974356959414 ], [ 7.867194447531785, 11.391607304416729 ], [ 7.866189900660348, 11.392112846116886 ], [ 7.866196386075869, 11.392508905391402 ], [ 7.866184897186986, 11.392969003090313 ], [ 7.86427244840258, 11.393573287675874 ], [ 7.863991543090616, 11.393859359908873 ], [ 7.863453084398697, 11.394365632366604 ], [ 7.862886424014595, 11.395211403694853 ], [ 7.862051982550914, 11.395607121754265 ], [ 7.861233584982626, 11.396018793612686 ], [ 7.859602307847697, 11.396534065936395 ], [ 7.858102704441467, 11.397423622675591 ], [ 7.857074162214902, 11.397071803172224 ], [ 7.856140276440438, 11.397086976748497 ], [ 7.85545245834229, 11.397070523654971 ], [ 7.854889491321773, 11.398461995676653 ], [ 7.854898175668659, 11.398975414930797 ], [ 7.85487064207716, 11.400084994314351 ], [ 7.85337364402177, 11.400048956252144 ], [ 7.852965995866848, 11.400869364268054 ], [ 7.852379959676283, 11.401715300174144 ], [ 7.852410640839717, 11.4035702824015 ], [ 7.852095915060316, 11.404115815093332 ], [ 7.851098021150707, 11.403082759126464 ], [ 7.850753409129705, 11.404115862975443 ], [ 7.850469856813178, 11.404653833409819 ], [ 7.850803989298828, 11.405960325604704 ], [ 7.850464392485782, 11.406279530474809 ], [ 7.849835835255805, 11.407544901769855 ], [ 7.848637092841145, 11.408112925621923 ], [ 7.848258066211141, 11.409286554492464 ], [ 7.848803713357257, 11.410341953485432 ], [ 7.849064525696498, 11.412518370439056 ], [ 7.849569680970519, 11.413495993632067 ], [ 7.848784131721746, 11.413868281362507 ], [ 7.84769230176462, 11.414417645497103 ], [ 7.847115597429003, 11.414403723958175 ], [ 7.846497385300912, 11.413763936018844 ], [ 7.845721424540426, 11.414154531301573 ], [ 7.845211842748043, 11.414673327592263 ], [ 7.844380545768629, 11.414936017433531 ], [ 7.844108747630573, 11.415482768276139 ], [ 7.84382625167304, 11.416018879312604 ], [ 7.843527379369817, 11.416620092325177 ], [ 7.843557585523491, 11.418443543324537 ], [ 7.843242070649615, 11.419042570587019 ], [ 7.842115382545985, 11.42010224266053 ], [ 7.84096678757083, 11.420074394358645 ], [ 7.84023629379594, 11.421164232595704 ], [ 7.839939344880843, 11.421156964626219 ], [ 7.839413654163736, 11.420612892624163 ], [ 7.838309544887855, 11.420342558846839 ], [ 7.837003696227538, 11.419895789799925 ], [ 7.836272490225065, 11.418786124113542 ], [ 7.833368116951872, 11.418424120580275 ], [ 7.833099664377238, 11.418146493701189 ], [ 7.832509095665149, 11.417582285750628 ], [ 7.832840750894238, 11.415404250656445 ], [ 7.832821445853577, 11.414214760157845 ], [ 7.832861392125101, 11.412587356295345 ], [ 7.832018871304531, 11.412179762920502 ], [ 7.831442790225482, 11.411884221772546 ], [ 7.830657302209787, 11.410270220080228 ], [ 7.829828187902628, 11.410000954134565 ], [ 7.829559746189677, 11.409723324977088 ], [ 7.828731746759948, 11.40918280045392 ], [ 7.82846330690264, 11.408905170459118 ], [ 7.827205449105679, 11.408296700803767 ], [ 7.826529034643262, 11.408637045740235 ], [ 7.826553081879395, 11.410104170915677 ], [ 7.824610221628886, 11.409703282070991 ], [ 7.824022159091783, 11.409712847626171 ], [ 7.823232666469869, 11.410517105100242 ], [ 7.822945350115972, 11.410781914026693 ], [ 7.822969119078636, 11.40983524996112 ], [ 7.822957962093296, 11.409154406821287 ], [ 7.823559508971131, 11.408869399653049 ], [ 7.824061148300574, 11.408329155049993 ], [ 7.822984929049679, 11.407300995860949 ], [ 7.822435396018568, 11.406171369330039 ], [ 7.821596649378821, 11.405899129048379 ], [ 7.820960576963928, 11.405572600369936 ], [ 7.819677442458033, 11.405891420293131 ], [ 7.817755252687975, 11.406345674905014 ], [ 7.816392395487195, 11.405426009213752 ], [ 7.81611111934553, 11.403972950068056 ], [ 7.815831437875009, 11.403431953528768 ], [ 7.816115590906128, 11.402893230183151 ], [ 7.816387491384569, 11.402330615191705 ], [ 7.815824266294338, 11.401792713919475 ], [ 7.815166149562531, 11.400440122786268 ], [ 7.814749034437992, 11.399632609877154 ], [ 7.814249593384925, 11.398606750697299 ], [ 7.813125823579309, 11.396761413619265 ], [ 7.813949022335239, 11.396371623457849 ], [ 7.813930120933954, 11.395231676801169 ], [ 7.816152644924156, 11.393941825337661 ], [ 7.816424469270947, 11.39339510284476 ], [ 7.816705865548056, 11.393130275078496 ], [ 7.816998674780907, 11.392832379383593 ], [ 7.816978916836594, 11.391636798191577 ], [ 7.816995681750875, 11.390958717107393 ], [ 7.816986167691185, 11.390402385407235 ], [ 7.815897656451809, 11.390419989810685 ], [ 7.815343605751782, 11.390135637281087 ], [ 7.813965843852604, 11.389592862761646 ], [ 7.813646139749657, 11.388606668918298 ], [ 7.812871776328393, 11.388232151928518 ], [ 7.812603370943751, 11.3879545105373 ], [ 7.811774341407718, 11.387685201344873 ], [ 7.811323083928409, 11.387217946025732 ], [ 7.809858944679365, 11.387954541910471 ], [ 7.808482306857831, 11.387921152124967 ], [ 7.808058310593003, 11.388774535116994 ], [ 7.80668113179942, 11.388741399270872 ], [ 7.805225148856341, 11.389706612519896 ], [ 7.804895366299185, 11.390369908483732 ], [ 7.803508600090503, 11.391986518552807 ], [ 7.803227005372578, 11.392553054062596 ], [ 7.802679286962717, 11.39306817420853 ], [ 7.802405167222805, 11.394157388225194 ], [ 7.801459915800795, 11.394455785994936 ], [ 7.799099613694963, 11.394398734228128 ], [ 7.798552783245524, 11.394955438407814 ], [ 7.796552499713542, 11.395222749553747 ], [ 7.79607195609484, 11.395210979871612 ], [ 7.795235785326693, 11.39548967165118 ], [ 7.794148519977158, 11.395463490877113 ], [ 7.793871026535674, 11.396835061902419 ], [ 7.792473785358974, 11.397095281794414 ], [ 7.791947698554845, 11.396550605275198 ], [ 7.791393597739606, 11.39628236831283 ], [ 7.791400706127077, 11.395997895083083 ], [ 7.79029732998545, 11.395464086671192 ], [ 7.789693887396282, 11.394547964647952 ], [ 7.789211052152192, 11.393555516833299 ], [ 7.78838318443178, 11.393014890319067 ], [ 7.78811480112991, 11.392737228603067 ], [ 7.785911172653677, 11.392462176948817 ], [ 7.785645162072597, 11.391626116173805 ], [ 7.786200453336805, 11.391103909598874 ], [ 7.785196424553607, 11.39044837603843 ], [ 7.785798616219268, 11.389882125491974 ], [ 7.785373990324003, 11.389476136013137 ], [ 7.784832996435351, 11.38865483254828 ], [ 7.784278918216013, 11.388386584274109 ], [ 7.783774817890961, 11.387350599456985 ], [ 7.780435833000269, 11.387014389403657 ], [ 7.77999083539197, 11.386099438648941 ], [ 7.77888216142682, 11.385563185644676 ], [ 7.778526062136124, 11.384831116944067 ], [ 7.777605203093002, 11.383318165386191 ], [ 7.776331356934756, 11.383742269887998 ], [ 7.775500109620635, 11.384004767984605 ], [ 7.774492965575704, 11.384340173063315 ], [ 7.773582243838844, 11.383725522435018 ], [ 7.772818780653498, 11.383456381418958 ], [ 7.772405811248689, 11.385097554753719 ], [ 7.771236989460214, 11.385069098375045 ], [ 7.770279538019195, 11.38508443374959 ], [ 7.769731128096908, 11.384251951273582 ], [ 7.769450917786669, 11.383984027743521 ], [ 7.769758925384703, 11.382531027514959 ], [ 7.769731779548147, 11.380850403850321 ], [ 7.768682089998036, 11.380342442163245 ], [ 7.768350460891799, 11.3789757 ], [ 7.7683219, 11.3789757 ], [ 7.7675708, 11.3791528 ], [ 7.7669814, 11.3794697 ], [ 7.7666581, 11.379479 ], [ 7.7659356, 11.3793486 ], [ 7.7652226, 11.3793486 ], [ 7.7648042, 11.3792833 ], [ 7.7630264, 11.3778014 ], [ 7.7600052, 11.3754064 ], [ 7.7570876, 11.3771132 ], [ 7.7562676, 11.3757268 ], [ 7.7555902, 11.3741889 ], [ 7.7548164, 11.3724302 ], [ 7.7543186, 11.3724996 ], [ 7.7540222, 11.3724667 ], [ 7.7537517, 11.3723749 ], [ 7.7529037, 11.3720842 ], [ 7.7524875, 11.3719108 ], [ 7.7520713, 11.3716558 ], [ 7.7518423, 11.3715282 ], [ 7.7516238, 11.3714925 ], [ 7.7511764, 11.3714976 ], [ 7.7508747, 11.3714466 ], [ 7.7506579, 11.3714445 ], [ 7.7504481, 11.3716776 ], [ 7.7501914, 11.3720691 ], [ 7.7494256, 11.3732526 ], [ 7.7493414, 11.3733612 ], [ 7.749505, 11.3735243 ], [ 7.7495525, 11.373734 ], [ 7.7498853, 11.3743165 ], [ 7.7502893, 11.3767515 ], [ 7.7506478, 11.3791159 ], [ 7.7503626, 11.3817256 ], [ 7.7498872, 11.3843819 ], [ 7.748984, 11.3858731 ], [ 7.7481759, 11.3875973 ], [ 7.7450385, 11.3891817 ], [ 7.7399932, 11.3913674 ], [ 7.7309483, 11.3981947 ], [ 7.7195149, 11.4087761 ], [ 7.7223487, 11.4155199 ], [ 7.7056921, 11.4260284 ], [ 7.700968, 11.4238651 ], [ 7.6966405, 11.4215571 ], [ 7.6944776, 11.4203227 ], [ 7.6947716, 11.4241269 ], [ 7.6949498, 11.4302423 ], [ 7.6952076, 11.4314901 ], [ 7.6930618, 11.4339968 ], [ 7.6931156, 11.4351839 ], [ 7.6939674, 11.4539771 ], [ 7.6934144, 11.4557593 ], [ 7.6921072, 11.4605347 ], [ 7.6894762, 11.466146 ], [ 7.6874004, 11.4696057 ], [ 7.6862677, 11.4710404 ], [ 7.6827783, 11.4757569 ], [ 7.6751709, 11.4832521 ], [ 7.6793544, 11.4921789 ], [ 7.6800509, 11.5065518 ], [ 7.6826422, 11.5106752 ], [ 7.682048, 11.5144598 ], [ 7.6822966, 11.516549 ], [ 7.6817428, 11.5178867 ], [ 7.6807975, 11.5203506 ], [ 7.6796049, 11.5237403 ], [ 7.697987, 11.5353798 ], [ 7.7002753, 11.5395627 ], [ 7.7112035, 11.5490043 ], [ 7.7168767, 11.563395 ], [ 7.7170308, 11.5639155 ], [ 7.7185399, 11.569013 ], [ 7.7168684, 11.5716712 ], [ 7.7131929, 11.5732365 ], [ 7.7111649, 11.5758693 ], [ 7.7092706, 11.5783162 ], [ 7.7068237, 11.5821838 ], [ 7.7053068, 11.5860445 ], [ 7.7049562, 11.5912955 ], [ 7.7048767, 11.5924871 ], [ 7.7068712, 11.5950218 ], [ 7.7105891, 11.5974013 ], [ 7.7150279, 11.5982391 ], [ 7.7181403, 11.5996479 ], [ 7.7214916, 11.5997178 ], [ 7.7219831, 11.6034162 ], [ 7.7282157, 11.6053679 ], [ 7.7364617, 11.6085535 ], [ 7.7395447, 11.616753 ], [ 7.7455343, 11.6194071 ], [ 7.758155, 11.6237373 ], [ 7.7668541, 11.6286262 ], [ 7.779247, 11.6300924 ], [ 7.7837575, 11.6293753 ], [ 7.786824, 11.6298243 ], [ 7.7897629, 11.6284677 ], [ 7.7915941, 11.6271187 ], [ 7.7932754, 11.6255086 ], [ 7.7965471, 11.6253599 ], [ 7.7969933, 11.6266984 ], [ 7.7969731, 11.6285082 ], [ 7.7978856, 11.630565 ], [ 7.8012609, 11.6326143 ], [ 7.805024, 11.6344316 ], [ 7.8079172, 11.6345228 ], [ 7.8108239, 11.6363649 ], [ 7.8133774, 11.6377432 ], [ 7.8143931, 11.6381495 ], [ 7.8166238, 11.6375547 ], [ 7.8201668, 11.6349089 ], [ 7.8282125, 11.6358855 ], [ 7.8304384, 11.634559 ], [ 7.831198, 11.6327957 ], [ 7.83191, 11.6322617 ], [ 7.8323878, 11.6319034 ], [ 7.8356595, 11.6319034 ], [ 7.8396749, 11.6322009 ], [ 7.841162, 11.6329445 ], [ 7.8420543, 11.6354726 ], [ 7.843244, 11.6378521 ], [ 7.8438389, 11.6397854 ], [ 7.844856, 11.6418448 ], [ 7.8478085, 11.6444442 ], [ 7.8515722, 11.6455853 ], [ 7.8524645, 11.6464776 ], [ 7.8538029, 11.6482622 ], [ 7.8558849, 11.649452 ], [ 7.8578182, 11.6497494 ], [ 7.8605891, 11.64954 ], [ 7.8631262, 11.649044 ], [ 7.8659976, 11.6488571 ], [ 7.8667766, 11.6499649 ], [ 7.8658489, 11.6513853 ], [ 7.8659976, 11.6527237 ], [ 7.8671874, 11.6542109 ], [ 7.8678952, 11.6553907 ], [ 7.8689571, 11.6570646 ], [ 7.8698643, 11.658375 ], [ 7.8709053, 11.6592672 ], [ 7.8716204, 11.658895 ], [ 7.8726899, 11.6585237 ], [ 7.8736463, 11.6575672 ], [ 7.8752639, 11.6563501 ], [ 7.878936, 11.6543596 ], [ 7.8817616, 11.653616 ], [ 7.8851561, 11.6539442 ], [ 7.8891974, 11.6551032 ], [ 7.8917256, 11.6549545 ], [ 7.8933614, 11.6534673 ], [ 7.8956717, 11.650914 ], [ 7.8970265, 11.6488887 ], [ 7.901047, 11.649647 ], [ 7.902303, 11.6532185 ], [ 7.9009482, 11.6615286 ], [ 7.8928909, 11.6647409 ], [ 7.8918926, 11.6675341 ], [ 7.8968839, 11.6730507 ], [ 7.8976682, 11.6745171 ], [ 7.8965987, 11.6756344 ], [ 7.894443, 11.6789821 ], [ 7.8953152, 11.6833 ], [ 7.8935316, 11.6870974 ], [ 7.8916074, 11.6910661 ], [ 7.8923917, 11.6924625 ], [ 7.8944595, 11.692672 ], [ 7.8960985, 11.6943592 ], [ 7.8965976, 11.6966634 ], [ 7.8949577, 11.6983391 ], [ 7.8936029, 11.7001545 ], [ 7.8922962, 11.702261 ], [ 7.8883264, 11.7072065 ], [ 7.8865918, 11.7077536 ], [ 7.8825508, 11.7083934 ], [ 7.8805543, 11.7093011 ], [ 7.8778447, 11.711256 ], [ 7.8772746, 11.7123374 ], [ 7.8768465, 11.7180983 ], [ 7.8753451, 11.7212723 ], [ 7.8708789, 11.7337951 ], [ 7.8691806, 11.7385566 ], [ 7.8675017, 11.7432637 ], [ 7.8690466, 11.7455326 ], [ 7.8694031, 11.7500121 ], [ 7.8676205, 11.7564113 ], [ 7.8608467, 11.7619959 ], [ 7.8605825, 11.7679928 ], [ 7.8593295, 11.777216 ], [ 7.857506, 11.7949432 ], [ 7.8549752, 11.8019025 ], [ 7.8555321, 11.8109368 ], [ 7.8553231, 11.8172553 ], [ 7.8530009, 11.8243443 ], [ 7.8544732, 11.8323024 ], [ 7.8549188, 11.833262 ], [ 7.852334, 11.8359954 ], [ 7.855178, 11.8425236 ], [ 7.8555844, 11.8456234 ], [ 7.8603618, 11.8634879 ], [ 7.8651053, 11.873463 ], [ 7.8628416, 11.8742466 ], [ 7.8598724, 11.8768633 ], [ 7.8553689, 11.8814963 ], [ 7.8482096, 11.8861293 ], [ 7.84769, 11.8933413 ], [ 7.843712, 11.9019466 ], [ 7.8295268, 11.9220496 ], [ 7.8286425, 11.9309384 ], [ 7.8286495, 11.9388948 ], [ 7.8279867, 11.942976 ], [ 7.8262163, 11.9533294 ], [ 7.8317985, 11.9639925 ], [ 7.8333958, 11.9697403 ], [ 7.8293491, 11.9686467 ], [ 7.8346769, 11.9801906 ], [ 7.8448, 11.995 ], [ 7.855597, 12.0002312 ], [ 7.8567056, 12.0012279 ], [ 7.858478, 12.0041266 ], [ 7.85872333121595, 12.004913828650974 ], [ 7.860385617411502, 12.005263264112102 ], [ 7.860689188002431, 12.005252580759457 ], [ 7.861448889875565, 12.006066251035712 ], [ 7.862084374865653, 12.006344327638436 ], [ 7.864333246672797, 12.004834557927015 ], [ 7.865640691998707, 12.005291508316171 ], [ 7.865582496022754, 12.006595350817923 ], [ 7.866171997648426, 12.007446729767798 ], [ 7.866148202696481, 12.007988873603427 ], [ 7.866488633101669, 12.008302034739982 ], [ 7.867678708139676, 12.008260232918424 ], [ 7.868405110469904, 12.008291516694168 ], [ 7.869478336285254, 12.009942976203089 ], [ 7.871367610864703, 12.009876965226375 ], [ 7.871661222392332, 12.010191521340603 ], [ 7.872232311976574, 12.010171573958536 ], [ 7.872758341367541, 12.011280693113447 ], [ 7.873184482811398, 12.012080541256502 ], [ 7.873578743588, 12.012911782818312 ], [ 7.873919463396131, 12.012899910830001 ], [ 7.875228976240107, 12.012224399130144 ], [ 7.87631116975248, 12.011727037995763 ], [ 7.87661945140227, 12.010452007492983 ], [ 7.875519404300821, 12.00993554248107 ], [ 7.875255346720529, 12.009760709444356 ], [ 7.876164291008602, 12.008471670729262 ], [ 7.876640206741836, 12.008041272253113 ], [ 7.876908398990625, 12.007217993454498 ], [ 7.877195781758789, 12.006958488706953 ], [ 7.877728204334892, 12.006397191662389 ], [ 7.87830242889909, 12.005877913634311 ], [ 7.878819722413742, 12.004809542222144 ], [ 7.879134651049537, 12.004524980328274 ], [ 7.879635111099065, 12.003491505807036 ], [ 7.881855111940705, 12.003083703376754 ], [ 7.882158152662104, 12.003723314157183 ], [ 7.884096600503237, 12.003991710536093 ], [ 7.884996198676429, 12.00430628532629 ], [ 7.886519971282633, 12.004253016544023 ], [ 7.886888652581509, 12.000966317816028 ], [ 7.888512001390495, 12.00103607944634 ], [ 7.88892536936228, 12.001021562164922 ], [ 7.889551140655789, 12.001048681103041 ], [ 7.89042981296457, 12.002399963271261 ], [ 7.891019391702169, 12.003250766406325 ], [ 7.892275218894133, 12.003840104178174 ], [ 7.892627376578261, 12.00458294630875 ], [ 7.893935729043482, 12.003908129418667 ], [ 7.89511103231844, 12.004318595854555 ], [ 7.896616771621689, 12.003936462811284 ], [ 7.897906947548123, 12.004818094716615 ], [ 7.897067940423559, 12.006008417587859 ], [ 7.898020712873862, 12.006884480502082 ], [ 7.900334824973329, 12.006497034744491 ], [ 7.901201135104323, 12.006534345699649 ], [ 7.901723017150876, 12.007633602385118 ], [ 7.902265632969974, 12.008132416794846 ], [ 7.903066301132178, 12.009364155442935 ], [ 7.901967238464772, 12.011115057267109 ], [ 7.901690757357205, 12.014000299448497 ], [ 7.902523315669036, 12.015201437838776 ], [ 7.902477117568292, 12.016242835232557 ], [ 7.902798129207937, 12.016845943646983 ], [ 7.903873596910711, 12.016808309200442 ], [ 7.904167791107501, 12.017123631892165 ], [ 7.904145254022846, 12.017639035048141 ], [ 7.904156388459756, 12.017946625630227 ], [ 7.90470385431149, 12.018449693978081 ], [ 7.905141667290336, 12.018918689825966 ], [ 7.905585410658377, 12.020317765510994 ], [ 7.906069162343963, 12.01980787596559 ], [ 7.906645430480689, 12.020110791067761 ], [ 7.907157706013665, 12.022267476604901 ], [ 7.907870341644387, 12.022922443475007 ], [ 7.908530027536598, 12.023629120302123 ], [ 7.908815300482767, 12.023890895315375 ], [ 7.909078960009357, 12.024173776191775 ], [ 7.909364234063585, 12.024435550730123 ], [ 7.909624616613923, 12.025532186239124 ], [ 7.910193972312953, 12.026352944750748 ], [ 7.910123546956907, 12.027936497332488 ], [ 7.910908060513423, 12.028657432203472 ], [ 7.911811656683257, 12.029880812074891 ], [ 7.912372505462691, 12.030143657937661 ], [ 7.912911741164288, 12.030427609144418 ], [ 7.914023726305884, 12.030692597031001 ], [ 7.914419235137313, 12.031116648235736 ], [ 7.914925455577491, 12.031581658553653 ], [ 7.916908564182309, 12.031512007909049 ], [ 7.918148427175391, 12.031565291975713 ], [ 7.919528635952086, 12.031516861720597 ], [ 7.920076781028166, 12.033481884323825 ], [ 7.921171168668963, 12.035060412066597 ], [ 7.921537318177139, 12.035832683494888 ], [ 7.922544706807799, 12.03615074468032 ], [ 7.922808392655502, 12.036433614608999 ], [ 7.923674443283513, 12.036697617418687 ], [ 7.924207380711215, 12.036136230830234 ], [ 7.925095859996567, 12.036174355908381 ], [ 7.924494960425466, 12.038396136449263 ], [ 7.92515673509171, 12.039003980770428 ], [ 7.925616022493377, 12.040452100858921 ], [ 7.925537947159651, 12.042220003159121 ], [ 7.924983900986096, 12.04375534457958 ], [ 7.924715804639687, 12.044578677032534 ], [ 7.924427340149839, 12.045109483124646 ], [ 7.924156000177305, 12.046746572462935 ], [ 7.923307755043397, 12.047949384599889 ], [ 7.923342683767641, 12.048909248990364 ], [ 7.921898002528789, 12.04917492330703 ], [ 7.921938745050554, 12.050295338570152 ], [ 7.922654166740889, 12.050953199484015 ], [ 7.923053692667755, 12.053484792797484 ], [ 7.922461471143921, 12.054324617857519 ], [ 7.922194436855816, 12.054876693480749 ], [ 7.921902700439877, 12.055413839974673 ], [ 7.922760052932153, 12.056523108594709 ], [ 7.922706825302538, 12.057721569626093 ], [ 7.922731570849047, 12.058399806340079 ], [ 7.922718566525074, 12.058690880189168 ], [ 7.924932692181424, 12.059729624230187 ], [ 7.924919091548883, 12.060035795086122 ], [ 7.92492877673173, 12.060307089018131 ], [ 7.924890319672827, 12.061177663256696 ], [ 7.924361429490697, 12.061655883818002 ], [ 7.924021956856475, 12.062013775031872 ], [ 7.9240937571943, 12.063986489930615 ], [ 7.924912585833689, 12.064370576612127 ], [ 7.925665141520853, 12.065176389235848 ], [ 7.924873139050111, 12.066299417591477 ], [ 7.924905171463413, 12.06717609196134 ], [ 7.926275480927129, 12.068173426314775 ], [ 7.92655511840568, 12.069055028651587 ], [ 7.927371432997863, 12.069805190392108 ], [ 7.927655523352839, 12.070109859007941 ], [ 7.927621191423135, 12.070891708841964 ], [ 7.927917256677281, 12.071163576053616 ], [ 7.928179070291889, 12.071926698769985 ], [ 7.926596064530979, 12.072291456456556 ], [ 7.926254914465535, 12.073337815129406 ], [ 7.92594580803157, 12.073907214674286 ], [ 7.925986028122302, 12.075026302447519 ], [ 7.926796459708014, 12.07577061670121 ], [ 7.927056945572439, 12.076867242270007 ], [ 7.927359823599014, 12.077728007306606 ], [ 7.927320180524894, 12.078626126398278 ], [ 7.927355098985013, 12.079590757473987 ], [ 7.927878424727633, 12.079572378348024 ], [ 7.92893013184612, 12.07961748914863 ], [ 7.929382841131535, 12.081519617269494 ], [ 7.928964729534339, 12.082289128126595 ], [ 7.928598501855399, 12.083412742659496 ], [ 7.928733840746149, 12.087147278335074 ], [ 7.927041356469994, 12.088213590325671 ], [ 7.92673468916689, 12.091271985023976 ], [ 7.927736654529246, 12.092192931941995 ], [ 7.928092466412708, 12.093689127033239 ], [ 7.929287918565366, 12.09523544744698 ], [ 7.933030385319475, 12.09569063730344 ], [ 7.931939523890288, 12.096677167308769 ], [ 7.931673535856538, 12.096957996202461 ], [ 7.9310878488607, 12.097487660574151 ], [ 7.931667111189474, 12.098575709391845 ], [ 7.931651710762798, 12.098929024882512 ], [ 7.930359293769084, 12.10009808112542 ], [ 7.929168046632793, 12.100464084230683 ], [ 7.92813890598397, 12.100814812987025 ], [ 7.927438103234049, 12.102261631360539 ], [ 7.925910186673325, 12.101728047672607 ], [ 7.924849437102178, 12.102845786834227 ], [ 7.925448992703783, 12.103971010891421 ], [ 7.925842992624399, 12.104801931791702 ], [ 7.926160008795142, 12.105093221997661 ], [ 7.926110310572176, 12.106213284555103 ], [ 7.925506107025882, 12.107326697205247 ], [ 7.925578356033875, 12.109320335598978 ], [ 7.924445278723246, 12.109668526397801 ], [ 7.924010182177342, 12.111436887912486 ], [ 7.924447896859592, 12.111839110933527 ], [ 7.924434883556117, 12.112130977566769 ], [ 7.923633897521117, 12.112096613739824 ], [ 7.922237769202225, 12.112654631319669 ], [ 7.921222540673744, 12.112610951382299 ], [ 7.920580409653189, 12.114579027978399 ], [ 7.921383957038203, 12.115317774196713 ], [ 7.921663709693249, 12.115907199115963 ], [ 7.922203347963026, 12.116402801168194 ], [ 7.922760092435837, 12.117466409555705 ], [ 7.921378292550153, 12.118336790920948 ], [ 7.920098042363747, 12.119926226830863 ], [ 7.919441050890157, 12.12022803450558 ], [ 7.918895810753449, 12.121390662484309 ], [ 7.919460595097844, 12.12299708305307 ], [ 7.919343350108148, 12.125639506783179 ], [ 7.920255883128617, 12.125927563479703 ], [ 7.920519646002061, 12.126210441070766 ], [ 7.92108069711208, 12.126473285480285 ], [ 7.921678692557649, 12.126787661850532 ], [ 7.923227942192487, 12.12673328860429 ], [ 7.924100034686156, 12.127038128674421 ], [ 7.925251691812668, 12.127312528794546 ], [ 7.926896919150717, 12.128435978465687 ], [ 7.928496258695144, 12.1283799159227 ], [ 7.929032391956114, 12.128953638853792 ], [ 7.931567274067145, 12.129228851819697 ], [ 7.931519329234193, 12.130316604273306 ], [ 7.9320911488351, 12.130584767016622 ], [ 7.932486821284414, 12.131008804426042 ], [ 7.933741939832052, 12.13140489268944 ], [ 7.934878883091941, 12.13200290353366 ], [ 7.939039500649417, 12.131690923446049 ], [ 7.940072702502764, 12.131157928872721 ], [ 7.941187188939656, 12.130901529097018 ], [ 7.94213459966254, 12.130412701624872 ], [ 7.943102918596759, 12.131722613752048 ], [ 7.943664006862612, 12.131985415147458 ], [ 7.943924597537756, 12.133082030872201 ], [ 7.944521697567222, 12.133361921632817 ], [ 7.945024094603141, 12.133899990807659 ], [ 7.945648070361456, 12.134192431504067 ], [ 7.946443451628638, 12.13416446506853 ], [ 7.946954929957693, 12.133625485733404 ], [ 7.947346852419632, 12.133366313703801 ], [ 7.947777657213519, 12.134724235531603 ], [ 7.948863308544382, 12.135233256692599 ], [ 7.949153388574111, 12.135543494694002 ], [ 7.949970853724531, 12.135514807420243 ], [ 7.950500613483577, 12.136081846826929 ], [ 7.9513658996305, 12.13635479218857 ], [ 7.952210102446374, 12.136649641519751 ], [ 7.952742695578777, 12.136630994411158 ], [ 7.953138948781891, 12.13705527254613 ], [ 7.953567093778453, 12.137448147892917 ], [ 7.953830904810199, 12.137730997410397 ], [ 7.954132968654746, 12.138008164587157 ], [ 7.953552089546198, 12.13853312077654 ], [ 7.953236337093742, 12.138865965361862 ], [ 7.953665486749887, 12.141347049714021 ], [ 7.952712328549153, 12.141785033316296 ], [ 7.952446311780792, 12.142065879332915 ], [ 7.952158838976309, 12.142325453213612 ], [ 7.951887516214375, 12.143962564326342 ], [ 7.951593556749282, 12.144227940325825 ], [ 7.953266101735265, 12.145444597126684 ], [ 7.953237153790054, 12.146100644392909 ], [ 7.953641969211415, 12.147644950864253 ], [ 7.952412251008635, 12.14802281291233 ], [ 7.951551711773334, 12.148315975936701 ], [ 7.951591095429731, 12.149397179393517 ], [ 7.952412373992783, 12.149368237757741 ], [ 7.953183331656169, 12.149401354077076 ], [ 7.95352238524966, 12.150825942989819 ], [ 7.953489893484923, 12.15156171085968 ], [ 7.95504922380823, 12.151860584441799 ], [ 7.955466344345442, 12.152739508092411 ], [ 7.955421438039956, 12.153759996368594 ], [ 7.955982677424835, 12.154275226736202 ], [ 7.956436424069468, 12.157639310750273 ], [ 7.955422103278635, 12.158557065828941 ], [ 7.955117985716214, 12.159489687607476 ], [ 7.952958465028326, 12.159397543860541 ], [ 7.952153953707596, 12.159812242068112 ], [ 7.953201334222055, 12.161321897782409 ], [ 7.952909523118161, 12.161858803427549 ], [ 7.952638174944618, 12.163495911758536 ], [ 7.952166545454531, 12.165671331265331 ], [ 7.952648570935757, 12.165654350724735 ], [ 7.953199306668472, 12.166243454674021 ], [ 7.953165018685028, 12.167023717989915 ], [ 7.954273365651779, 12.168374133349074 ], [ 7.954532962698031, 12.169741995610314 ], [ 7.955645567701105, 12.170006866008899 ], [ 7.955906232175086, 12.171103474577796 ], [ 7.956364274915202, 12.172404272552978 ], [ 7.955869589891056, 12.173315246458728 ], [ 7.953987786691146, 12.173234747296272 ], [ 7.953256694647936, 12.174004952908353 ], [ 7.951482073442641, 12.17433119848527 ], [ 7.951082993980618, 12.174752196477318 ], [ 7.950651725464819, 12.175141813664561 ], [ 7.950380342226551, 12.176779180913167 ], [ 7.949961441886933, 12.176761164313 ], [ 7.949245644210396, 12.1767865204686 ], [ 7.949279156310278, 12.177713529027164 ], [ 7.950480495589693, 12.179661131864165 ], [ 7.949809254921574, 12.180268375571433 ], [ 7.949533984532283, 12.18165831025993 ], [ 7.949245393063028, 12.182189923574605 ], [ 7.949283250223572, 12.183244363748038 ], [ 7.948409674824033, 12.184355994494892 ], [ 7.948140402120159, 12.185450587668537 ], [ 7.947129952793555, 12.185760903012605 ], [ 7.946717298863404, 12.186613360940511 ], [ 7.946754691208252, 12.187646342283157 ], [ 7.947310074350574, 12.188156272433657 ], [ 7.946667499170759, 12.188451830157774 ], [ 7.945786541679144, 12.189379846726508 ], [ 7.945352537241734, 12.189772090672152 ], [ 7.94565929943922, 12.190643454789557 ], [ 7.946187855883899, 12.191128914328292 ], [ 7.946447423099847, 12.192496780398431 ], [ 7.946731830698305, 12.193029783284782 ], [ 7.946994613321845, 12.193583893864949 ], [ 7.947633184405675, 12.194170168549871 ], [ 7.94920705088979, 12.194666763189849 ], [ 7.949826190341176, 12.194992298509288 ], [ 7.950316369997984, 12.195517074621192 ], [ 7.950283239906129, 12.196271909185819 ], [ 7.950575072806797, 12.197384534458067 ], [ 7.950831464994351, 12.199566154013199 ], [ 7.951114821187485, 12.200370405408361 ], [ 7.951385597756861, 12.201223878770652 ], [ 7.952642939947618, 12.202378585791886 ], [ 7.953597693037565, 12.202826447751942 ], [ 7.95356278002072, 12.203625514469213 ], [ 7.95422252645571, 12.204864301277428 ], [ 7.955507608734233, 12.205269703743733 ], [ 7.955768137099776, 12.206406577141184 ], [ 7.954195338870719, 12.208636353817742 ], [ 7.953232758336481, 12.209078785539697 ], [ 7.953283807384198, 12.210479762808003 ], [ 7.953828614800269, 12.211503017228443 ], [ 7.953809683441648, 12.2119349946508 ], [ 7.952987379225502, 12.212312792709847 ], [ 7.952720104223526, 12.212894287408055 ], [ 7.953375903098419, 12.213496775931954 ], [ 7.953802774179595, 12.215339707476032 ], [ 7.953249278797339, 12.215840115629303 ], [ 7.952983182191066, 12.216120954686998 ], [ 7.952431304832275, 12.216620042443388 ], [ 7.954358833730359, 12.216929356820989 ], [ 7.954896350107925, 12.217755761677347 ], [ 7.955457625516146, 12.218018553308276 ], [ 7.955718319478905, 12.219115162072988 ], [ 7.956025836318349, 12.219397386329423 ], [ 7.956829015797278, 12.219369174555839 ], [ 7.957089703173613, 12.221019155740876 ], [ 7.957375221033363, 12.221280898693495 ], [ 7.957943274648743, 12.222153772153048 ], [ 7.957907831652279, 12.222952042367174 ], [ 7.957127842433075, 12.223657424813036 ], [ 7.956535542446525, 12.224435304642368 ], [ 7.957360359396978, 12.225624647671353 ], [ 7.956937249397095, 12.226797868482095 ], [ 7.957903387671043, 12.227250533959515 ], [ 7.958443057604716, 12.22753442975691 ], [ 7.959298420944776, 12.227804156426165 ], [ 7.959816621530962, 12.228895909502846 ], [ 7.961460207962471, 12.229666354945383 ], [ 7.962137094178868, 12.231091681812238 ], [ 7.963118083518991, 12.231057238343896 ], [ 7.963392182418581, 12.231350719814772 ], [ 7.964228924056848, 12.232119166640164 ], [ 7.964215310587343, 12.23243355039773 ], [ 7.964234743396891, 12.232976136499929 ], [ 7.964207523262393, 12.23360331442503 ], [ 7.963579147093673, 12.235343979518341 ], [ 7.964483924884447, 12.237040623906239 ], [ 7.964747319273152, 12.23759498929328 ], [ 7.965527929394862, 12.237567466056237 ], [ 7.966482735395685, 12.237900857923012 ], [ 7.966947387137732, 12.239061802828333 ], [ 7.965841517408595, 12.239758300827702 ], [ 7.965570548793685, 12.241287335918873 ], [ 7.966393313997961, 12.242472941764783 ], [ 7.966656102021288, 12.243046906344672 ], [ 7.965107374372692, 12.243758950913401 ], [ 7.96470940226554, 12.244977575320462 ], [ 7.964745416098507, 12.24596498794175 ], [ 7.964374303734459, 12.24664835141162 ], [ 7.964449221942317, 12.248709810143396 ], [ 7.964401917531117, 12.249789623572552 ], [ 7.964984774876666, 12.250062812844524 ], [ 7.965248700293063, 12.250345659207513 ], [ 7.966029680087505, 12.25106276885526 ], [ 7.96690948772244, 12.25060913111346 ], [ 7.967433059306268, 12.251168712686004 ], [ 7.968422745563924, 12.251133758809024 ], [ 7.968830422972591, 12.251991973524063 ], [ 7.969782054945598, 12.251352902197901 ], [ 7.970746480024037, 12.251859297728689 ], [ 7.970050765699147, 12.254430711670024 ], [ 7.970480739410991, 12.255237352827763 ], [ 7.970830570666813, 12.25670779392512 ], [ 7.971300789581142, 12.257139223924593 ], [ 7.971890364538772, 12.257770304076701 ], [ 7.97181533795956, 12.259477031288194 ], [ 7.971273190066579, 12.261479224193831 ], [ 7.971002811617823, 12.262855683502439 ], [ 7.97182498244473, 12.262826714392334 ], [ 7.972093220654057, 12.263391689191156 ], [ 7.972958936925816, 12.263664600457695 ], [ 7.973469130062376, 12.264210612439376 ], [ 7.97403052131672, 12.2644733746273 ], [ 7.974290160221519, 12.265870628425189 ], [ 7.973536562907422, 12.266552307034651 ], [ 7.974039299503171, 12.2674959046151 ], [ 7.974005017131713, 12.268280672471944 ], [ 7.974289547632265, 12.268814448857047 ], [ 7.974565375179484, 12.271459172244075 ], [ 7.976132755463134, 12.271953505386543 ], [ 7.977021207529827, 12.272904101960723 ], [ 7.977624564685843, 12.273186616850177 ], [ 7.97815312459741, 12.273167926600955 ], [ 7.978967551640024, 12.274038771481372 ], [ 7.980514440689592, 12.27398439952513 ], [ 7.980032337499171, 12.276209348558877 ], [ 7.979489023392864, 12.276700302972971 ], [ 7.979218592451337, 12.278095578812248 ], [ 7.979768312523903, 12.278600140692314 ], [ 7.98027759839148, 12.279672494105117 ], [ 7.980861682157709, 12.280208439894155 ], [ 7.981124117692868, 12.281870864349223 ], [ 7.981923248423493, 12.282245225787733 ], [ 7.981265095479566, 12.283456281772631 ], [ 7.97979096119213, 12.283909333095075 ], [ 7.979326965928143, 12.287158710220085 ], [ 7.97859656485568, 12.287819028230929 ], [ 7.978627254453481, 12.288661785691321 ], [ 7.978061743609831, 12.289172784541242 ], [ 7.977753937981614, 12.289497460199346 ], [ 7.977792897426673, 12.290569651695439 ], [ 7.97860677187286, 12.291316791061815 ], [ 7.978877707478434, 12.292170246330086 ], [ 7.979162272996803, 12.292703225687553 ], [ 7.979424940466251, 12.293326452448058 ], [ 7.978317684891667, 12.29432761180631 ], [ 7.978038637982664, 12.296550394051952 ], [ 7.976468380493966, 12.29648333247159 ], [ 7.976062725180335, 12.29772577784081 ], [ 7.974692719917886, 12.297006479486596 ], [ 7.973608564784628, 12.297044532538422 ], [ 7.972544601993297, 12.295906508831107 ], [ 7.972252471368268, 12.296214282420028 ], [ 7.9719648370575, 12.29647386223777 ], [ 7.971698670765915, 12.296754712908914 ], [ 7.96951015173337, 12.297040249936119 ], [ 7.967830545625413, 12.296968487922079 ], [ 7.965795870428519, 12.297040006830473 ], [ 7.964161506049435, 12.29669740311007 ], [ 7.963413053019006, 12.296723706220144 ], [ 7.96218347815691, 12.295788989209228 ], [ 7.961747827652025, 12.295323235985617 ], [ 7.960625490040653, 12.294797125933016 ], [ 7.960122782892978, 12.294259064035025 ], [ 7.959792634166438, 12.293956090395234 ], [ 7.957556998891202, 12.294034733298869 ], [ 7.957087402986779, 12.294529360649511 ], [ 7.955970087201399, 12.295328267944809 ], [ 7.955703906470373, 12.295609101803407 ], [ 7.953293552590726, 12.295860549536126 ], [ 7.952948732560797, 12.294774212576735 ], [ 7.952663146443208, 12.294512460325684 ], [ 7.952398130996053, 12.293954103052767 ], [ 7.951672014062947, 12.294328270429819 ], [ 7.950748430560462, 12.295723384495005 ], [ 7.950449829967731, 12.297520092500662 ], [ 7.949341771082254, 12.297472660440729 ], [ 7.948984875202269, 12.298208761160653 ], [ 7.948222739590046, 12.298558938166286 ], [ 7.948314956218505, 12.30111130463303 ], [ 7.946819272045392, 12.30179851672818 ], [ 7.946877496938111, 12.303412224197251 ], [ 7.946290265605947, 12.303943197571176 ], [ 7.945973363145518, 12.304913879579688 ], [ 7.946035999418274, 12.306635945837332 ], [ 7.945716308124963, 12.307224107187562 ], [ 7.945264316044196, 12.308156386901235 ], [ 7.944897353131289, 12.307763454105119 ], [ 7.942314753072635, 12.30740645889699 ], [ 7.940977902047011, 12.309184029660621 ], [ 7.941024486794428, 12.310466305271026 ], [ 7.94098713507466, 12.311316475715893 ], [ 7.939365641177098, 12.311246876116206 ], [ 7.939088014133979, 12.311820356382109 ], [ 7.938743332542063, 12.312454237898079 ], [ 7.93686604137365, 12.312886135835127 ], [ 7.936599822654709, 12.313166947638669 ], [ 7.936024987812567, 12.313686288707332 ], [ 7.934966605365671, 12.314800286800942 ], [ 7.933296071519993, 12.314728604871691 ], [ 7.932988896388602, 12.318610234377875 ], [ 7.931878065136215, 12.31856271406336 ], [ 7.930781500840648, 12.319383039454163 ], [ 7.929942069139611, 12.31964040838953 ], [ 7.929674736488275, 12.32019245984783 ], [ 7.928923311748965, 12.320537319936449 ], [ 7.928461452399183, 12.321490452911753 ], [ 7.927436427732631, 12.321805095766608 ], [ 7.926628691686665, 12.323010634542207 ], [ 7.928280025602058, 12.32397392048467 ], [ 7.928541730231681, 12.324809894431228 ], [ 7.927857548110158, 12.324780453530256 ], [ 7.927223803582711, 12.324802863619349 ], [ 7.926716491172572, 12.326859363036849 ], [ 7.928136371832643, 12.327768762066315 ], [ 7.928522916811064, 12.329442557957448 ], [ 7.927420123663103, 12.329395312489094 ], [ 7.926535886493617, 12.330326382049954 ], [ 7.926040995075618, 12.331842011758402 ], [ 7.925752172803751, 12.332372782515995 ], [ 7.925481500788845, 12.333738568787629 ], [ 7.925191569383855, 12.334540585639896 ], [ 7.92485598793415, 12.335569435009457 ], [ 7.923788073041577, 12.33726822525459 ], [ 7.923381209368205, 12.337250768301391 ], [ 7.9336936, 12.3444401 ], [ 7.9448768, 12.3492343 ], [ 7.9503568, 12.3587664 ], [ 7.9518796, 12.3588616 ], [ 7.953523, 12.3581809 ], [ 7.9557819, 12.3595278 ], [ 7.9568289, 12.3617169 ], [ 7.9599698, 12.3631446 ], [ 7.961683, 12.3645723 ], [ 7.9626348, 12.364953 ], [ 7.9652998, 12.3644771 ], [ 7.967013, 12.3659048 ], [ 7.9677697, 12.3645055 ], [ 7.96806, 12.3627639 ], [ 7.9691069, 12.3630494 ], [ 7.9714938, 12.3654739 ], [ 7.9724382, 12.3685698 ], [ 7.9736184, 12.3694806 ], [ 7.9757854, 12.371153 ], [ 7.979291, 12.3721865 ], [ 7.9807187, 12.3728528 ], [ 7.9805283, 12.3749467 ], [ 7.9811946, 12.3753274 ], [ 7.9828126, 12.3749467 ], [ 7.9825271, 12.3724721 ], [ 7.9837644, 12.371901 ], [ 7.9861439, 12.3728528 ], [ 7.987286, 12.3727576 ], [ 7.987626, 12.3747706 ], [ 7.9891896, 12.3758033 ], [ 7.992616, 12.3804671 ], [ 7.9933774, 12.3813237 ], [ 7.9954714, 12.3818947 ], [ 7.9971335, 12.3829495 ], [ 7.9988436, 12.3840957 ], [ 7.998993, 12.3866537 ], [ 7.9992785, 12.3888428 ], [ 8.0007419, 12.3896518 ], [ 8.001499, 12.3908033 ], [ 8.0012772, 12.392174 ], [ 8.0024194, 12.3936017 ], [ 8.0130447, 12.3947128 ], [ 8.0302484, 12.3954028 ], [ 8.0335712, 12.4043651 ], [ 8.0479431, 12.4126372 ], [ 8.0551685, 12.4171877 ], [ 8.0770237, 12.4174767 ], [ 8.0772023, 12.4174888 ], [ 8.0786519, 12.4175155 ], [ 8.1081604, 12.4163658 ], [ 8.130166, 12.4411506 ], [ 8.1486182, 12.4396494 ], [ 8.155836, 12.4405357 ], [ 8.1567397, 12.4403005 ], [ 8.1587826, 12.4473244 ], [ 8.164964, 12.4514135 ], [ 8.162165, 12.4623929 ], [ 8.1628951, 12.4744828 ], [ 8.1688088, 12.4817463 ], [ 8.1714136, 12.4914843 ], [ 8.1716811, 12.4925364 ], [ 8.1721327, 12.4932093 ], [ 8.1730359, 12.4934414 ], [ 8.1737727, 12.4936966 ], [ 8.1742956, 12.4942071 ], [ 8.1750324, 12.4948105 ], [ 8.175793, 12.4957155 ], [ 8.1768124, 12.496471 ], [ 8.1783115, 12.4962177 ], [ 8.1789779, 12.4964348 ], [ 8.1799762, 12.4976879 ], [ 8.1807605, 12.4990105 ], [ 8.1816161, 12.5000083 ], [ 8.1826619, 12.5011686 ], [ 8.183684, 12.5017719 ], [ 8.1850625, 12.5020735 ], [ 8.1857042, 12.5021431 ], [ 8.1861796, 12.502468 ], [ 8.1863222, 12.503257 ], [ 8.1865836, 12.5036746 ], [ 8.1872967, 12.5039995 ], [ 8.1882236, 12.5044636 ], [ 8.1903865, 12.5051829 ], [ 8.1896022, 12.5060415 ], [ 8.188081, 12.5070392 ], [ 8.187059, 12.5077121 ], [ 8.1862271, 12.5079674 ], [ 8.1851813, 12.507805 ], [ 8.184397, 12.5073409 ], [ 8.1835176, 12.5066216 ], [ 8.1827332, 12.5075033 ], [ 8.1820677, 12.5083618 ], [ 8.182044, 12.5092668 ], [ 8.1813547, 12.5095916 ], [ 8.1806892, 12.5099165 ], [ 8.1801901, 12.5102181 ], [ 8.1798335, 12.5107054 ], [ 8.1805466, 12.5112855 ], [ 8.180808, 12.5119816 ], [ 8.1809506, 12.5127241 ], [ 8.1809031, 12.5133738 ], [ 8.1804822, 12.5140024 ], [ 8.1802138, 12.5144876 ], [ 8.1796149, 12.5149198 ], [ 8.1792096, 12.5154679 ], [ 8.1788823, 12.5161504 ], [ 8.1785976, 12.5169007 ], [ 8.1782411, 12.5175272 ], [ 8.1781816, 12.5180626 ], [ 8.1776231, 12.5181537 ], [ 8.1771478, 12.5179448 ], [ 8.1765298, 12.5175272 ], [ 8.1759594, 12.5173648 ], [ 8.1754875, 12.517471 ], [ 8.1751988, 12.5177128 ], [ 8.1748314, 12.5184806 ], [ 8.1745571, 12.5189426 ], [ 8.1743431, 12.5195458 ], [ 8.1748185, 12.5201306 ], [ 8.1752939, 12.5205018 ], [ 8.1756431, 12.5208504 ], [ 8.1756979, 12.5215691 ], [ 8.1755553, 12.52259 ], [ 8.1757692, 12.5234253 ], [ 8.1762125, 12.524271 ], [ 8.1763872, 12.5250263 ], [ 8.1769339, 12.5255831 ], [ 8.1773141, 12.5260472 ], [ 8.1776469, 12.5266969 ], [ 8.177837, 12.5273233 ], [ 8.1774226, 12.5278809 ], [ 8.1768863, 12.5282746 ], [ 8.1764414, 12.5289624 ], [ 8.1760069, 12.5295786 ], [ 8.1759594, 12.5302282 ], [ 8.176197, 12.5307386 ], [ 8.1767126, 12.531071 ], [ 8.1772904, 12.5315739 ], [ 8.177742, 12.532154 ], [ 8.1779559, 12.5327572 ], [ 8.1778133, 12.5333372 ], [ 8.1775756, 12.5338709 ], [ 8.1771478, 12.5343581 ], [ 8.1766486, 12.5346829 ], [ 8.1760544, 12.5350773 ], [ 8.1757777, 12.5357547 ], [ 8.1756741, 12.5362374 ], [ 8.1756266, 12.5369567 ], [ 8.1758168, 12.5373975 ], [ 8.1761733, 12.5377455 ], [ 8.1767348, 12.5378212 ], [ 8.176977, 12.5383441 ], [ 8.1768603, 12.5395173 ], [ 8.1770874, 12.540371 ], [ 8.1767768, 12.5415686 ], [ 8.1766266, 12.5424969 ], [ 8.1772272, 12.5435229 ], [ 8.1779279, 12.5450081 ], [ 8.1776777, 12.5458875 ], [ 8.1783784, 12.5465226 ], [ 8.1786286, 12.5475974 ], [ 8.1793293, 12.5488676 ], [ 8.1792292, 12.549747 ], [ 8.1792292, 12.5508707 ], [ 8.1792426, 12.5521208 ], [ 8.1805806, 12.5529714 ], [ 8.1803804, 12.5538508 ], [ 8.179688, 12.5547278 ], [ 8.1807808, 12.5570067 ], [ 8.1812312, 12.5580815 ], [ 8.1808809, 12.5591562 ], [ 8.1812112, 12.5605345 ], [ 8.1813503, 12.5617413 ], [ 8.1808308, 12.5624293 ], [ 8.1802302, 12.5630156 ], [ 8.179866, 12.5640881 ], [ 8.1947536, 12.5676073 ], [ 8.2282763, 12.5847341 ], [ 8.2323549, 12.584922 ], [ 8.236084, 12.5912059 ], [ 8.2461996, 12.5944157 ], [ 8.2562899, 12.5962124 ], [ 8.2788003, 12.604604 ], [ 8.2886126, 12.5998581 ], [ 8.2900572, 12.5887953 ], [ 8.2946257, 12.5766505 ], [ 8.2961486, 12.5656098 ], [ 8.2968397, 12.5621541 ], [ 8.2983964, 12.5531381 ], [ 8.299575, 12.5452416 ], [ 8.3008381, 12.5380839 ], [ 8.3012489, 12.5360814 ], [ 8.3004135, 12.5354843 ], [ 8.2983282, 12.534314 ], [ 8.297088, 12.5336125 ], [ 8.2990413, 12.5295344 ], [ 8.3000395, 12.527191 ], [ 8.3028689, 12.5281843 ], [ 8.305414, 12.5228865 ], [ 8.3076399, 12.5168172 ], [ 8.3111438, 12.5076792 ], [ 8.3204096, 12.5046049 ], [ 8.3287097, 12.5015962 ], [ 8.3354199, 12.4991637 ], [ 8.3449149, 12.4891233 ], [ 8.3450345, 12.4890075 ], [ 8.3453047, 12.4887613 ], [ 8.3546794, 12.4796702 ], [ 8.3582402, 12.4379144 ], [ 8.365614, 12.4317051 ], [ 8.3657741, 12.4327126 ], [ 8.3660368, 12.4339461 ], [ 8.3668248, 12.4337748 ], [ 8.3671675, 12.4356593 ], [ 8.3715647, 12.4349626 ], [ 8.3726031, 12.4359337 ], [ 8.3768819, 12.4356157 ], [ 8.379512, 12.4423944 ], [ 8.3812946, 12.4449475 ], [ 8.3838496, 12.4479647 ], [ 8.3848597, 12.4503436 ], [ 8.3848597, 12.4515621 ], [ 8.3848597, 12.453883 ], [ 8.3846221, 12.4559138 ], [ 8.3846815, 12.4571902 ], [ 8.3850974, 12.4591049 ], [ 8.3855728, 12.4631083 ], [ 8.3859887, 12.4642107 ], [ 8.3866423, 12.465255 ], [ 8.3867612, 12.4665895 ], [ 8.3873554, 12.4676918 ], [ 8.387296, 12.4686781 ], [ 8.3874148, 12.4703026 ], [ 8.3890786, 12.4708828 ], [ 8.3916336, 12.4712309 ], [ 8.3939748, 12.4716603 ], [ 8.3961614, 12.4725885 ], [ 8.3973023, 12.4748164 ], [ 8.3972072, 12.4777869 ], [ 8.3972785, 12.4815579 ], [ 8.3978727, 12.4832404 ], [ 8.3989423, 12.4842266 ], [ 8.4002495, 12.4852709 ], [ 8.402151, 12.4870693 ], [ 8.4036959, 12.4886937 ], [ 8.4056567, 12.4920005 ], [ 8.4079741, 12.4958874 ], [ 8.4094596, 12.4993681 ], [ 8.4102488, 12.5046956 ], [ 8.4284703, 12.5355524 ], [ 8.4327999, 12.5428086 ], [ 8.4515739, 12.5742703 ], [ 8.4584273, 12.5869069 ], [ 8.4818331, 12.5969922 ], [ 8.488668, 12.6005008 ], [ 8.4924328, 12.6018926 ], [ 8.4932884, 12.6010575 ], [ 8.4943723, 12.597105 ], [ 8.4959695, 12.5943771 ], [ 8.5077204, 12.5952679 ], [ 8.5319741, 12.6007404 ], [ 8.5430317, 12.601567 ], [ 8.5560186, 12.6025775 ], [ 8.5998162, 12.5971489 ], [ 8.6112248, 12.594588 ], [ 8.6245237, 12.594428 ], [ 8.6323336, 12.5937214 ], [ 8.6407475, 12.5929965 ], [ 8.6486676, 12.5835095 ], [ 8.6480652, 12.5752115 ], [ 8.6469112, 12.5679846 ], [ 8.64619, 12.5635849 ], [ 8.6457446, 12.5598269 ], [ 8.6608197, 12.5588648 ], [ 8.6831745, 12.5619311 ], [ 8.6895779, 12.5693161 ], [ 8.691922, 12.5722098 ], [ 8.7135445, 12.5677675 ], [ 8.7191162, 12.5665903 ], [ 8.7299837, 12.5591054 ], [ 8.7354491, 12.553347 ], [ 8.7375761, 12.5509705 ], [ 8.7281505, 12.5460036 ], [ 8.721849, 12.5400269 ], [ 8.7181065, 12.537965 ], [ 8.7144784, 12.5235025 ], [ 8.7103981, 12.5139992 ], [ 8.7049799, 12.5024589 ], [ 8.7001, 12.4986 ], [ 8.6978873, 12.4960943 ], [ 8.6970878, 12.4951047 ], [ 8.6932136, 12.4945843 ], [ 8.6874871, 12.482754 ], [ 8.6885569, 12.4684685 ], [ 8.6988539, 12.4545779 ], [ 8.6978581, 12.4514207 ], [ 8.6961032, 12.4466915 ], [ 8.6955309, 12.444803 ], [ 8.6955678, 12.4428249 ], [ 8.7018238, 12.4313209 ], [ 8.7034712, 12.429728 ], [ 8.7048973, 12.427314 ], [ 8.705753, 12.4250858 ], [ 8.7098854, 12.4159427 ], [ 8.713192, 12.417972 ], [ 8.7294797, 12.4254982 ], [ 8.7333806, 12.4234119 ], [ 8.7386979, 12.4172368 ], [ 8.7574242, 12.4212661 ], [ 8.7638445, 12.4199313 ], [ 8.7641314, 12.4195145 ], [ 8.7740435, 12.4033438 ], [ 8.7804431, 12.3871347 ], [ 8.7850071, 12.3926088 ], [ 8.7854283, 12.391578 ], [ 8.789, 12.3884 ], [ 8.7920597, 12.3855096 ], [ 8.7938, 12.3837 ], [ 8.795099, 12.3823006 ], [ 8.7945867, 12.3815273 ], [ 8.7934227, 12.3797703 ], [ 8.7911062, 12.3774405 ], [ 8.7864952, 12.37047 ], [ 8.7829576, 12.3662047 ], [ 8.7800275, 12.3411989 ], [ 8.7556305, 12.3439937 ], [ 8.7468644, 12.3319836 ], [ 8.7518082, 12.3285999 ], [ 8.7402334, 12.3157997 ], [ 8.7340369, 12.3058633 ], [ 8.725051, 12.3054909 ], [ 8.7248849, 12.302978 ], [ 8.724457, 12.3023046 ], [ 8.7241956, 12.3010738 ], [ 8.7235408, 12.2948033 ], [ 8.7280573, 12.2948148 ], [ 8.7316485, 12.2948061 ], [ 8.732797, 12.2945456 ], [ 8.7332893, 12.2943828 ], [ 8.7342723, 12.2943793 ], [ 8.7583404, 12.2934226 ], [ 8.7611073, 12.2876736 ], [ 8.7703319, 12.279249 ], [ 8.7746054, 12.2753549 ], [ 8.7879304, 12.2772585 ], [ 8.816008, 12.3020048 ], [ 8.8251451, 12.3023856 ], [ 8.8396232, 12.3081954 ], [ 8.8722491, 12.303997 ], [ 8.9054238, 12.3023008 ], [ 8.9098961, 12.3009879 ], [ 8.9115357, 12.2848709 ], [ 8.9134244, 12.2784885 ], [ 8.9174625, 12.2662737 ], [ 8.9205172, 12.266662 ], [ 8.9352135, 12.2310434 ], [ 8.9344, 12.2146 ], [ 8.9404497, 12.206936 ], [ 8.9437695, 12.2018134 ], [ 8.9445378, 12.1961103 ], [ 8.9522377, 12.1853319 ], [ 8.9521996, 12.1825155 ], [ 8.9506266, 12.1685557 ], [ 8.9466374, 12.1627632 ], [ 8.9431772, 12.1546281 ], [ 8.9420131, 12.1534461 ], [ 8.9312247, 12.155208 ], [ 8.9305401, 12.1479027 ], [ 8.9357881, 12.1420473 ], [ 8.9394771, 12.132868 ], [ 8.9397098, 12.1323378 ], [ 8.9391781, 12.1315423 ], [ 8.9387859, 12.13088 ], [ 8.938572, 12.1301481 ], [ 8.9386789, 12.1289978 ], [ 8.9389285, 12.127743 ], [ 8.9390355, 12.1265927 ], [ 8.9387859, 12.1256167 ], [ 8.9387146, 12.1247105 ], [ 8.9388928, 12.1237693 ], [ 8.9390431, 12.1226511 ], [ 8.9386076, 12.1216431 ], [ 8.9380303, 12.1209593 ], [ 8.9372885, 12.1200396 ], [ 8.9365755, 12.1191334 ], [ 8.9382868, 12.116031 ], [ 8.9384396, 12.1137791 ], [ 8.9364527, 12.1132587 ], [ 8.9340457, 12.1128364 ], [ 8.927834, 12.1103627 ], [ 8.9269, 12.1009 ], [ 8.9252236, 12.0963211 ], [ 8.9226584, 12.0912728 ], [ 8.915, 12.0762 ], [ 8.9239084, 12.0748308 ], [ 8.9457019, 12.0723076 ], [ 8.9488232, 12.0754605 ], [ 8.9573797, 12.0785284 ], [ 8.9628701, 12.0811625 ], [ 8.9665066, 12.0826422 ], [ 8.9724961, 12.0843582 ], [ 8.9779865, 12.0838275 ], [ 8.9819839, 12.0817702 ], [ 8.9850737, 12.0797947 ], [ 8.985945, 12.0744632 ], [ 8.9868563, 12.0706722 ], [ 8.9884682, 12.0684181 ], [ 8.9959551, 12.0644435 ], [ 9.0037272, 12.0629095 ], [ 9.0073884, 12.0627425 ], [ 9.0097924, 12.0641061 ], [ 9.0111515, 12.0662333 ], [ 9.0119315, 12.0685803 ], [ 9.0136547, 12.0696263 ], [ 9.0144866, 12.0699168 ], [ 9.0160599, 12.0695051 ], [ 9.0437865, 12.0757157 ], [ 9.0466386, 12.0740307 ], [ 9.0535908, 12.0739145 ], [ 9.0740855, 12.0735339 ], [ 9.0764702, 12.0604359 ], [ 9.0771452, 12.0596248 ], [ 9.0770072, 12.0584544 ], [ 9.0774826, 12.0559906 ], [ 9.0777678, 12.0539451 ], [ 9.0781006, 12.0516672 ], [ 9.0780055, 12.050319 ], [ 9.0777678, 12.0490174 ], [ 9.0779104, 12.0477622 ], [ 9.0780055, 12.046228 ], [ 9.0795742, 12.0461351 ], [ 9.0815211, 12.0461999 ], [ 9.0831301, 12.040567 ], [ 9.0837176, 12.0385594 ], [ 9.0829968, 12.0376739 ], [ 9.0824739, 12.0365581 ], [ 9.082664, 12.0345125 ], [ 9.0828066, 12.0327923 ], [ 9.0831394, 12.0314906 ], [ 9.0846941, 12.0274269 ], [ 9.0953086, 12.0239123 ], [ 9.0983033, 12.0229359 ], [ 9.1118035, 12.0282361 ], [ 9.1309818, 12.0345579 ], [ 9.1333395, 12.0353128 ], [ 9.1442728, 12.0261888 ], [ 9.1489437, 12.0193735 ], [ 9.1519379, 12.0276417 ], [ 9.1501553, 12.0311286 ], [ 9.146709, 12.0372887 ], [ 9.1454612, 12.0393807 ], [ 9.1454017, 12.041589 ], [ 9.1477191, 12.0455406 ], [ 9.147531, 12.0482286 ], [ 9.1492046, 12.0505963 ], [ 9.1528292, 12.0548383 ], [ 9.1562958, 12.0675327 ], [ 9.1722858, 12.0798107 ], [ 9.181874, 12.0854387 ], [ 9.1878404, 12.0854101 ], [ 9.1937824, 12.0845967 ], [ 9.1987125, 12.0827903 ], [ 9.1991869, 12.081564 ], [ 9.1991198, 12.080152 ], [ 9.1991193, 12.080119 ], [ 9.1991188, 12.080086 ], [ 9.1991184, 12.080053 ], [ 9.1991181, 12.0800201 ], [ 9.1991178, 12.0799871 ], [ 9.1991175, 12.0799541 ], [ 9.1991173, 12.0799164 ], [ 9.1991171, 12.0798787 ], [ 9.199117, 12.079841 ], [ 9.1991169, 12.0798033 ], [ 9.199117, 12.0797656 ], [ 9.1991171, 12.0797279 ], [ 9.1991172, 12.0796949 ], [ 9.1991174, 12.0796619 ], [ 9.1991176, 12.0796289 ], [ 9.1991179, 12.0795959 ], [ 9.1991182, 12.0795629 ], [ 9.1991185, 12.07953 ], [ 9.1991189, 12.0795017 ], [ 9.1991192, 12.0794781 ], [ 9.1991197, 12.0794451 ], [ 9.19912, 12.0794263 ], [ 9.1991203, 12.0794074 ], [ 9.1991207, 12.0793886 ], [ 9.199121, 12.0793698 ], [ 9.1991214, 12.0793509 ], [ 9.1991218, 12.0793321 ], [ 9.1991222, 12.0793132 ], [ 9.1991226, 12.0792944 ], [ 9.199123, 12.0792755 ], [ 9.1991237, 12.0792473 ], [ 9.1991244, 12.079219 ], [ 9.1991252, 12.0791907 ], [ 9.1991269, 12.0791295 ], [ 9.1991288, 12.0790683 ], [ 9.1991309, 12.079007 ], [ 9.1991332, 12.0789458 ], [ 9.1991356, 12.0788846 ], [ 9.1991382, 12.0788234 ], [ 9.1992382, 12.0765234 ], [ 9.1993289, 12.0752544 ], [ 9.1995007, 12.0739371 ], [ 9.1998673, 12.0721345 ], [ 9.2004169, 12.0683 ], [ 9.2139678, 12.0541124 ], [ 9.2185127, 12.0405 ], [ 9.2194014, 12.0366574 ], [ 9.2199006, 12.0340423 ], [ 9.2203284, 12.0320897 ], [ 9.2210414, 12.0305903 ], [ 9.2217188, 12.029614 ], [ 9.222931, 12.0281495 ], [ 9.2239649, 12.0262317 ], [ 9.2279652, 12.014366 ], [ 9.2230181, 11.9896091 ], [ 9.2109302, 11.975583 ], [ 9.209207, 11.9719791 ], [ 9.2079433, 11.9707248 ], [ 9.2051664, 11.9679683 ], [ 9.204394, 11.9658175 ], [ 9.2032056, 11.9644806 ], [ 9.2010461, 11.9619469 ], [ 9.2070146, 11.9565047 ], [ 9.2074556, 11.9463018 ], [ 9.207529, 11.9388318 ], [ 9.2070322, 11.9242406 ], [ 9.2045366, 11.9162872 ], [ 9.2026976, 11.9107693 ], [ 9.202028, 11.9046822 ], [ 9.2047242, 11.9050207 ], [ 9.2061053, 11.905194 ], [ 9.22655, 11.9088213 ], [ 9.2292026, 11.9010516 ], [ 9.2300003, 11.8946583 ], [ 9.2260281, 11.8933132 ], [ 9.2221658, 11.8909874 ], [ 9.2202049, 11.8879639 ], [ 9.212387, 11.8789854 ], [ 9.2155886, 11.8755552 ], [ 9.2123333, 11.8685964 ], [ 9.2060229, 11.8633978 ], [ 9.1982863, 11.8611794 ], [ 9.1965911, 11.8513 ], [ 9.1957194, 11.8484323 ], [ 9.1901927, 11.8376211 ], [ 9.1870672, 11.8345805 ], [ 9.1740449, 11.8292462 ], [ 9.1522982, 11.8294784 ], [ 9.1439349, 11.826556 ], [ 9.1422986, 11.8185142 ], [ 9.1389076, 11.7936994 ], [ 9.1403582, 11.7888523 ], [ 9.1415639, 11.7866655 ], [ 9.1427133, 11.7727691 ], [ 9.1482148, 11.7655526 ], [ 9.1415022, 11.7593646 ], [ 9.1528952, 11.74942 ], [ 9.1571595, 11.7415362 ], [ 9.1573635, 11.719223 ], [ 9.1657192, 11.7065722 ], [ 9.1712193, 11.7026191 ], [ 9.1727814, 11.7027008 ], [ 9.1742819, 11.7027794 ], [ 9.1777642, 11.7046871 ], [ 9.1826057, 11.7073394 ], [ 9.1821424, 11.7090074 ], [ 9.1817803, 11.7100199 ], [ 9.1844872, 11.7112072 ], [ 9.18632, 11.7116765 ], [ 9.1873069, 11.7118698 ], [ 9.1886657, 11.7128178 ], [ 9.1892932, 11.713637 ], [ 9.1902914, 11.7151544 ], [ 9.1904195, 11.7152402 ], [ 9.1908618, 11.7155361 ], [ 9.1911708, 11.7158805 ], [ 9.1915987, 11.7165508 ], [ 9.1921263, 11.7171792 ], [ 9.1929656, 11.7205734 ], [ 9.202529, 11.7304945 ], [ 9.2088643, 11.7318237 ], [ 9.2257546, 11.73574 ], [ 9.2363124, 11.7187875 ], [ 9.2464271, 11.702378 ], [ 9.24888, 11.6966804 ], [ 9.2485948, 11.6902008 ], [ 9.243702, 11.6897127 ], [ 9.2435099, 11.6837507 ], [ 9.2436482, 11.6827181 ], [ 9.2448229, 11.6793242 ], [ 9.2445672, 11.6784531 ], [ 9.2429646, 11.6786339 ], [ 9.2368266, 11.6793261 ], [ 9.2339438, 11.6796512 ], [ 9.2330018, 11.6766377 ], [ 9.2339716, 11.6755763 ], [ 9.2333441, 11.6731184 ], [ 9.2352412, 11.6726318 ], [ 9.2335132, 11.6630599 ], [ 9.2375718, 11.6618997 ], [ 9.2411703, 11.657135 ], [ 9.2413987, 11.6453554 ], [ 9.2544688, 11.6427005 ], [ 9.2739911, 11.6441089 ], [ 9.2777523, 11.6387413 ], [ 9.2688035, 11.6317054 ], [ 9.2675385, 11.6309882 ], [ 9.2691424, 11.6271381 ], [ 9.2795994, 11.6160566 ], [ 9.2819072, 11.6130941 ], [ 9.284308, 11.6112929 ], [ 9.2855152, 11.6102864 ], [ 9.2900361, 11.6068378 ], [ 9.296989, 11.6001715 ], [ 9.3116954, 11.588821 ], [ 9.3189729, 11.5806341 ], [ 9.3273606, 11.5771113 ], [ 9.3536853, 11.5724817 ], [ 9.3547885, 11.5694 ], [ 9.3603115, 11.5608175 ], [ 9.3528396, 11.5481214 ], [ 9.3432017, 11.531744 ], [ 9.3305057, 11.5166361 ], [ 9.3032981, 11.5013401 ], [ 9.2985901, 11.4986933 ], [ 9.2931935, 11.503976 ], [ 9.2907936, 11.5063252 ], [ 9.2901683, 11.5063502 ], [ 9.2900715, 11.5062822 ], [ 9.2899894, 11.506225 ], [ 9.2899744, 11.5062146 ], [ 9.2899594, 11.5062043 ], [ 9.2899444, 11.506194 ], [ 9.2898543, 11.5061322 ], [ 9.2898091, 11.5061015 ], [ 9.289794, 11.5060913 ], [ 9.289779, 11.5060811 ], [ 9.2897639, 11.5060709 ], [ 9.2897488, 11.5060608 ], [ 9.2897337, 11.5060506 ], [ 9.2897186, 11.5060405 ], [ 9.2895365, 11.5059197 ], [ 9.2842374, 11.5025537 ], [ 9.2762258, 11.492135 ], [ 9.2710009, 11.4875938 ], [ 9.2660878, 11.482087 ], [ 9.2604691, 11.4760812 ], [ 9.2525171, 11.4721663 ], [ 9.2501141, 11.464006 ], [ 9.2477318, 11.4572511 ], [ 9.241668, 11.454846 ], [ 9.2374388, 11.4535494 ], [ 9.2348891, 11.4524365 ], [ 9.2315187, 11.4495272 ], [ 9.2315105, 11.4495001 ], [ 9.2315023, 11.4494731 ], [ 9.2314941, 11.449446 ], [ 9.231483, 11.44941 ], [ 9.2314691, 11.449365 ], [ 9.2314608, 11.449338 ], [ 9.2314524, 11.449311 ], [ 9.2314467, 11.4492931 ], [ 9.2314411, 11.4492751 ], [ 9.2314354, 11.4492571 ], [ 9.2314269, 11.4492302 ], [ 9.2314184, 11.4492032 ], [ 9.2314098, 11.4491763 ], [ 9.2314012, 11.4491494 ], [ 9.2313925, 11.4491225 ], [ 9.2313838, 11.4490956 ], [ 9.2313751, 11.4490687 ], [ 9.2313664, 11.4490418 ], [ 9.2313576, 11.449015 ], [ 9.2313517, 11.4489971 ], [ 9.2313458, 11.4489792 ], [ 9.2313399, 11.4489613 ], [ 9.231334, 11.4489434 ], [ 9.2313281, 11.4489255 ], [ 9.2313221, 11.4489076 ], [ 9.2313161, 11.4488898 ], [ 9.2313102, 11.4488719 ], [ 9.2313042, 11.448854 ], [ 9.2312981, 11.4488362 ], [ 9.2312921, 11.4488183 ], [ 9.2312861, 11.4488004 ], [ 9.2312587, 11.4487202 ], [ 9.2312526, 11.4487024 ], [ 9.2312464, 11.4486845 ], [ 9.2312403, 11.4486667 ], [ 9.2312341, 11.4486489 ], [ 9.2312279, 11.4486311 ], [ 9.2312217, 11.4486133 ], [ 9.2312124, 11.4485866 ], [ 9.2312062, 11.4485688 ], [ 9.2311999, 11.4485511 ], [ 9.2311937, 11.4485333 ], [ 9.2311811, 11.4484977 ], [ 9.2311653, 11.4484534 ], [ 9.2311589, 11.4484356 ], [ 9.2311526, 11.4484179 ], [ 9.2311462, 11.4484001 ], [ 9.2311398, 11.4483824 ], [ 9.2311334, 11.4483647 ], [ 9.231127, 11.448347 ], [ 9.2311141, 11.4483115 ], [ 9.2310979, 11.4482673 ], [ 9.2310848, 11.4482319 ], [ 9.2310685, 11.4481877 ], [ 9.2310553, 11.4481524 ], [ 9.2310388, 11.4481082 ], [ 9.2310321, 11.4480906 ], [ 9.2310255, 11.448073 ], [ 9.2310188, 11.4480553 ], [ 9.2310121, 11.4480377 ], [ 9.2310054, 11.4480201 ], [ 9.2309987, 11.4480024 ], [ 9.2309886, 11.447976 ], [ 9.2309819, 11.4479584 ], [ 9.2309751, 11.4479408 ], [ 9.2309683, 11.4479232 ], [ 9.2309342, 11.4478354 ], [ 9.2309273, 11.4478178 ], [ 9.2309204, 11.4478002 ], [ 9.2309135, 11.4477827 ], [ 9.2308962, 11.4477388 ], [ 9.2308858, 11.4477125 ], [ 9.2308753, 11.4476863 ], [ 9.2308648, 11.44766 ], [ 9.2308543, 11.4476337 ], [ 9.2308225, 11.4475551 ], [ 9.2308119, 11.4475289 ], [ 9.2308047, 11.4475114 ], [ 9.2307976, 11.4474939 ], [ 9.2307904, 11.4474765 ], [ 9.2307797, 11.4474503 ], [ 9.2307725, 11.4474329 ], [ 9.2307652, 11.4474155 ], [ 9.230758, 11.447398 ], [ 9.2307508, 11.4473806 ], [ 9.2307435, 11.4473632 ], [ 9.2307363, 11.4473458 ], [ 9.2307199, 11.4473067 ], [ 9.2306924, 11.4472415 ], [ 9.2306819, 11.4472168 ], [ 9.2306702, 11.4471894 ], [ 9.2306255, 11.4470854 ], [ 9.2306143, 11.4470595 ], [ 9.2305345, 11.4468781 ], [ 9.230523, 11.4468523 ], [ 9.2305115, 11.4468264 ], [ 9.2304999, 11.4468006 ], [ 9.2304883, 11.4467748 ], [ 9.2304766, 11.446749 ], [ 9.2304649, 11.4467232 ], [ 9.2304532, 11.4466975 ], [ 9.2304415, 11.4466717 ], [ 9.2304297, 11.446646 ], [ 9.2304179, 11.4466202 ], [ 9.230406, 11.4465945 ], [ 9.2303981, 11.4465774 ], [ 9.2303902, 11.4465603 ], [ 9.2303822, 11.4465431 ], [ 9.2303703, 11.4465175 ], [ 9.2303623, 11.4465004 ], [ 9.2303543, 11.4464833 ], [ 9.2303463, 11.4464662 ], [ 9.2303383, 11.4464491 ], [ 9.2303302, 11.446432 ], [ 9.2303222, 11.446415 ], [ 9.2303141, 11.4463979 ], [ 9.230306, 11.4463808 ], [ 9.230298, 11.4463638 ], [ 9.2302898, 11.4463467 ], [ 9.2302817, 11.4463297 ], [ 9.2302736, 11.4463127 ], [ 9.2302654, 11.4462957 ], [ 9.2302573, 11.4462786 ], [ 9.2302491, 11.4462616 ], [ 9.2302409, 11.4462446 ], [ 9.2302327, 11.4462276 ], [ 9.2302245, 11.4462106 ], [ 9.2302121, 11.4461852 ], [ 9.2301997, 11.4461597 ], [ 9.2301873, 11.4461342 ], [ 9.2301748, 11.4461088 ], [ 9.2301246, 11.4460072 ], [ 9.230112, 11.4459819 ], [ 9.2300951, 11.4459481 ], [ 9.2300782, 11.4459144 ], [ 9.2300697, 11.4458975 ], [ 9.2300527, 11.4458638 ], [ 9.2300442, 11.4458469 ], [ 9.2300228, 11.4458048 ], [ 9.2299841, 11.4457292 ], [ 9.2299711, 11.445704 ], [ 9.2299581, 11.4456788 ], [ 9.22999, 11.4412917 ], [ 9.2294196, 11.4369587 ], [ 9.2297048, 11.4330449 ], [ 9.2285976, 11.4306238 ], [ 9.2287631, 11.4295692 ], [ 9.2286307, 11.428985 ], [ 9.2280017, 11.4272652 ], [ 9.2276375, 11.4261619 ], [ 9.2278858, 11.4256751 ], [ 9.2312735, 11.4235399 ], [ 9.2322004, 11.4211636 ], [ 9.2338404, 11.4196958 ], [ 9.2338404, 11.4159216 ], [ 9.2334126, 11.4134054 ], [ 9.2320578, 11.4124968 ], [ 9.2322717, 11.4094914 ], [ 9.2324856, 11.4056891 ], [ 9.2312022, 11.4020545 ], [ 9.2297761, 11.3991188 ], [ 9.229063, 11.3966025 ], [ 9.22671, 11.3939463 ], [ 9.2248561, 11.3924085 ], [ 9.2244283, 11.3873059 ], [ 9.2245709, 11.3847195 ], [ 9.2222377, 11.3737551 ], [ 9.2221445, 11.3737203 ], [ 9.2161581, 11.3665229 ], [ 9.2084227, 11.3579578 ], [ 9.1995971, 11.3374339 ], [ 9.1949717, 11.3266488 ], [ 9.1946377, 11.3266047 ], [ 9.1887017, 11.3228929 ], [ 9.1867658, 11.320564 ], [ 9.179179, 11.3192216 ], [ 9.178146, 11.3183151 ], [ 9.1823953, 11.3110527 ], [ 9.1813762, 11.3104722 ], [ 9.1818425, 11.3096963 ], [ 9.180609, 11.3089501 ], [ 9.1804263, 11.3085237 ], [ 9.1787969, 11.3084323 ], [ 9.1787402, 11.308501 ], [ 9.174776, 11.3062596 ], [ 9.1694936, 11.3081632 ], [ 9.1614368, 11.3145925 ], [ 9.1429566, 11.3156418 ], [ 9.1415306, 11.316369 ], [ 9.1411313, 11.3175436 ], [ 9.1414165, 11.318886 ], [ 9.1413024, 11.3202843 ], [ 9.1403327, 11.3215708 ], [ 9.1403897, 11.3231369 ], [ 9.1415306, 11.3241437 ], [ 9.1422262, 11.3262063 ], [ 9.1302393, 11.3288097 ], [ 9.1295767, 11.3289536 ], [ 9.1286959, 11.3274996 ], [ 9.1264286, 11.3278546 ], [ 9.1240754, 11.3277234 ], [ 9.1235794, 11.3263052 ], [ 9.1206385, 11.3247058 ], [ 9.1178577, 11.3238669 ], [ 9.1164316, 11.3218393 ], [ 9.1162034, 11.318886 ], [ 9.1148629, 11.3169451 ], [ 9.1112264, 11.3143581 ], [ 9.1068769, 11.3102329 ], [ 9.1018143, 11.3068069 ], [ 9.1005308, 11.308415 ], [ 9.0992473, 11.3104427 ], [ 9.0958247, 11.3116313 ], [ 9.0918317, 11.3132395 ], [ 9.088623, 11.3142183 ], [ 9.0849152, 11.3149175 ], [ 9.0831326, 11.3138687 ], [ 9.08299, 11.3117712 ], [ 9.0825131, 11.3106021 ], [ 9.0819918, 11.309324 ], [ 9.0799693, 11.3074626 ], [ 9.0773974, 11.3067966 ], [ 9.0752854, 11.3062498 ], [ 9.074022, 11.3041562 ], [ 9.0725412, 11.3017022 ], [ 9.0700463, 11.2996019 ], [ 9.068737, 11.2977957 ], [ 9.0655417, 11.2963789 ], [ 9.0625852, 11.2929974 ], [ 9.0558281, 11.2909144 ], [ 9.0536722, 11.2885688 ], [ 9.0511172, 11.2872869 ], [ 9.0475818, 11.2862753 ], [ 9.0448187, 11.2859467 ], [ 9.0420259, 11.2831496 ], [ 9.0403028, 11.2802943 ], [ 9.0378071, 11.27808 ], [ 9.0347767, 11.2769145 ], [ 9.0318651, 11.277439 ], [ 9.0286543, 11.2776182 ], [ 9.0266956, 11.2771476 ], [ 9.0214072, 11.2695138 ], [ 9.0187333, 11.2652597 ], [ 9.018971, 11.2621129 ], [ 9.0182312, 11.2596558 ], [ 9.0186257, 11.2590026 ], [ 9.0193869, 11.2577422 ], [ 9.0172853, 11.2565146 ], [ 9.0150154, 11.2554923 ], [ 9.0140648, 11.2533969 ], [ 9.0122057, 11.251597 ], [ 9.0099747, 11.2508468 ], [ 9.0093208, 11.2488043 ], [ 9.0080193, 11.2465422 ], [ 9.0056464, 11.2452469 ], [ 9.0035869, 11.2442834 ], [ 9.0026719, 11.2423674 ], [ 9.0003131, 11.2400838 ], [ 8.9998498, 11.2359297 ], [ 8.9988504, 11.234651 ], [ 8.9978509, 11.233415 ], [ 8.9965039, 11.2332871 ], [ 8.9957651, 11.2329461 ], [ 8.9956348, 11.2309429 ], [ 8.9955044, 11.2293233 ], [ 8.9956348, 11.2274905 ], [ 8.9937662, 11.2268511 ], [ 8.9918977, 11.2259134 ], [ 8.9897684, 11.2248052 ], [ 8.9882041, 11.2249331 ], [ 8.9868135, 11.2251036 ], [ 8.9852492, 11.2246774 ], [ 8.9847277, 11.2237823 ], [ 8.984467, 11.2223331 ], [ 8.9842063, 11.2208839 ], [ 8.9834241, 11.2205429 ], [ 8.9822943, 11.2208413 ], [ 8.9813383, 11.2214806 ], [ 8.9798174, 11.2216937 ], [ 8.9778619, 11.2206281 ], [ 8.9766945, 11.2193443 ], [ 8.9749939, 11.217474 ], [ 8.9740379, 11.2158542 ], [ 8.9732558, 11.213723 ], [ 8.9736401, 11.2120697 ], [ 8.9718982, 11.2102401 ], [ 8.9703443, 11.208608 ], [ 8.9688234, 11.2087359 ], [ 8.9675198, 11.2083096 ], [ 8.9668245, 11.207926 ], [ 8.9667829, 11.205968 ], [ 8.9653725, 11.2045329 ], [ 8.9641777, 11.2033171 ], [ 8.9632613, 11.2023846 ], [ 8.9613058, 11.202001 ], [ 8.9595242, 11.2014468 ], [ 8.9576122, 11.2013616 ], [ 8.955874, 11.2002959 ], [ 8.9547876, 11.1987613 ], [ 8.953962, 11.1973546 ], [ 8.9532233, 11.1956922 ], [ 8.9523542, 11.195138 ], [ 8.9522238, 11.1941149 ], [ 8.9527887, 11.193646 ], [ 8.9526584, 11.1924951 ], [ 8.9517893, 11.1921114 ], [ 8.9503988, 11.1919409 ], [ 8.9488344, 11.1921967 ], [ 8.9491386, 11.1934329 ], [ 8.948704, 11.1943707 ], [ 8.9464444, 11.1939444 ], [ 8.9446628, 11.1932198 ], [ 8.9433591, 11.1916425 ], [ 8.9418382, 11.1911736 ], [ 8.9402384, 11.1918793 ], [ 8.9381582, 11.19021 ], [ 8.9349724, 11.1885733 ], [ 8.9326159, 11.1857624 ], [ 8.9278355, 11.1819262 ], [ 8.9257601, 11.1802606 ], [ 8.9243261, 11.1800475 ], [ 8.9226314, 11.1788538 ], [ 8.9198938, 11.1774897 ], [ 8.9209367, 11.1738235 ], [ 8.9210236, 11.1722035 ], [ 8.9202849, 11.1710951 ], [ 8.9191877, 11.1702504 ], [ 8.9194158, 11.1693472 ], [ 8.9201111, 11.1686651 ], [ 8.9204587, 11.1676846 ], [ 8.9201545, 11.1666614 ], [ 8.9195363, 11.1650305 ], [ 8.9186771, 11.1637625 ], [ 8.9182743, 11.1633445 ], [ 8.9181127, 11.1628498 ], [ 8.9181733, 11.1621734 ], [ 8.918195, 11.1621385 ], [ 8.918456, 11.1617191 ], [ 8.9188845, 11.1611713 ], [ 8.918244, 11.1605075 ], [ 8.9179916, 11.1600936 ], [ 8.9179613, 11.1597099 ], [ 8.9183349, 11.1593667 ], [ 8.9189204, 11.1590335 ], [ 8.9195565, 11.1589931 ], [ 8.9196978, 11.158771 ], [ 8.9195431, 11.1585373 ], [ 8.9185901, 11.1576234 ], [ 8.9174603, 11.1563444 ], [ 8.9159394, 11.1548522 ], [ 8.9155282, 11.1546014 ], [ 8.9148719, 11.1545408 ], [ 8.9146692, 11.1543985 ], [ 8.9146629, 11.1541965 ], [ 8.9145287, 11.1537937 ], [ 8.9142926, 11.1534867 ], [ 8.9147508, 11.1530567 ], [ 8.9148517, 11.1527538 ], [ 8.914771, 11.1525721 ], [ 8.9146094, 11.1523399 ], [ 8.9143873, 11.1520875 ], [ 8.9142514, 11.1519097 ], [ 8.9141248, 11.1517442 ], [ 8.9137553, 11.1515087 ], [ 8.9131817, 11.1513376 ], [ 8.9129638, 11.1508355 ], [ 8.9129941, 11.1503206 ], [ 8.9131354, 11.1497654 ], [ 8.9125208, 11.1480789 ], [ 8.9123378, 11.1478067 ], [ 8.9123479, 11.1473423 ], [ 8.912247, 11.1466861 ], [ 8.91195, 11.1465128 ], [ 8.911689, 11.1464424 ], [ 8.9111263, 11.1464236 ], [ 8.9106999, 11.1461754 ], [ 8.9101874, 11.1454645 ], [ 8.9097824, 11.1435466 ], [ 8.9080711, 11.1422033 ], [ 8.9068658, 11.1407799 ], [ 8.9059773, 11.1398915 ], [ 8.9055432, 11.1396492 ], [ 8.9048769, 11.1386194 ], [ 8.9033365, 11.1376139 ], [ 8.902148, 11.1369595 ], [ 8.9009977, 11.1353752 ], [ 8.9016225, 11.1336704 ], [ 8.9011498, 11.13142 ], [ 8.8998781, 11.1308533 ], [ 8.8984848, 11.1286032 ], [ 8.8984467, 11.1264525 ], [ 8.8969191, 11.1244236 ], [ 8.8949297, 11.1228619 ], [ 8.8940194, 11.1213919 ], [ 8.8936392, 11.1194328 ], [ 8.8933539, 11.117054 ], [ 8.8910247, 11.1161678 ], [ 8.8889331, 11.1143486 ], [ 8.8885528, 11.1143486 ], [ 8.8876496, 11.1135557 ], [ 8.8864137, 11.1120164 ], [ 8.8848925, 11.1109436 ], [ 8.8837517, 11.1109902 ], [ 8.8832288, 11.1118765 ], [ 8.8826679, 11.1123429 ], [ 8.8814129, 11.112119 ], [ 8.8795305, 11.1109436 ], [ 8.8764168, 11.1098957 ], [ 8.8727447, 11.1066422 ], [ 8.8688515, 11.1025373 ], [ 8.8561807, 11.0984837 ], [ 8.8559811, 11.0993514 ], [ 8.8456338, 11.1008296 ], [ 8.836716, 11.0984461 ], [ 8.8326349, 11.0976115 ], [ 8.8273465, 11.096387 ], [ 8.8245763, 11.0958375 ], [ 8.8225442, 11.0966772 ], [ 8.8207614, 11.0964507 ], [ 8.8190503, 11.0964673 ], [ 8.8177668, 11.0968521 ], [ 8.8171964, 11.0977267 ], [ 8.8157947, 11.0987942 ], [ 8.8142016, 11.0991262 ], [ 8.8133816, 11.0998958 ], [ 8.8123834, 11.1009454 ], [ 8.8116703, 11.1019599 ], [ 8.8111712, 11.1027296 ], [ 8.8106721, 11.1032894 ], [ 8.8086934, 11.104094 ], [ 8.8052708, 11.1036742 ], [ 8.8050569, 11.1001057 ], [ 8.8098343, 11.0984964 ], [ 8.811894, 11.0971261 ], [ 8.8129181, 11.0918492 ], [ 8.8044176, 11.0791258 ], [ 8.8023538, 11.0743124 ], [ 8.8014364, 11.0742228 ], [ 8.8007463, 11.0742228 ], [ 8.7984664, 11.0744871 ], [ 8.7977107, 11.0779673 ], [ 8.795526, 11.0836798 ], [ 8.7940095, 11.0832883 ], [ 8.7926891, 11.0829005 ], [ 8.7926446, 11.0819793 ], [ 8.7931001, 11.0766703 ], [ 8.7933605, 11.0746621 ], [ 8.7942457, 11.0687565 ], [ 8.7904377, 11.0682173 ], [ 8.7918638, 11.0642052 ], [ 8.7938127, 11.0614994 ], [ 8.7919628, 11.0555351 ], [ 8.7884541, 11.05021 ], [ 8.7875558, 11.0474446 ], [ 8.7868453, 11.0452569 ], [ 8.7860649, 11.0428542 ], [ 8.7842445, 11.0372496 ], [ 8.7823955, 11.0276589 ], [ 8.781712, 11.025008 ], [ 8.7803753, 11.0192603 ], [ 8.7798105, 11.011535 ], [ 8.7829004, 10.9998112 ], [ 8.7868221, 10.9938617 ], [ 8.7848612, 10.9855788 ], [ 8.7841148, 10.9743099 ], [ 8.7865464, 10.9640241 ], [ 8.787074, 10.96322 ], [ 8.7882586, 10.9557896 ], [ 8.7897072, 10.9476805 ], [ 8.7886972, 10.9422503 ], [ 8.7772815, 10.9368075 ], [ 8.7732706, 10.938266 ], [ 8.7707475, 10.9418211 ], [ 8.7667174, 10.9417247 ], [ 8.7679228, 10.9363699 ], [ 8.7671801, 10.9300982 ], [ 8.7652489, 10.9265977 ], [ 8.7624265, 10.9245557 ], [ 8.759604, 10.9235347 ], [ 8.7576729, 10.9162417 ], [ 8.7560388, 10.9076357 ], [ 8.7539591, 10.903989 ], [ 8.7523251, 10.8966955 ], [ 8.7499483, 10.8856091 ], [ 8.7493541, 10.876127 ], [ 8.7496512, 10.869854 ], [ 8.7501362, 10.8668746 ], [ 8.7496986, 10.8656419 ], [ 8.7489415, 10.8643947 ], [ 8.7471415, 10.8635834 ], [ 8.7454302, 10.8618328 ], [ 8.7450736, 10.8594519 ], [ 8.7457867, 10.857211 ], [ 8.7661695, 10.8511366 ], [ 8.7663097, 10.8501797 ], [ 8.7678814, 10.8385801 ], [ 8.769371, 10.8292999 ], [ 8.774354, 10.8201399 ], [ 8.776845, 10.8155603 ], [ 8.779417, 10.80865 ], [ 8.7856445, 10.7972002 ], [ 8.791317, 10.7920356 ], [ 8.7921696, 10.7913713 ], [ 8.7976532, 10.7870998 ], [ 8.8072109, 10.7804203 ], [ 8.8156042, 10.7736998 ], [ 8.8215895, 10.7692404 ], [ 8.8289804, 10.7578201 ], [ 8.8308548, 10.7535677 ], [ 8.8311827, 10.7528238 ], [ 8.8320837, 10.7495388 ], [ 8.8341665, 10.7428398 ], [ 8.8379841, 10.7336397 ], [ 8.8464594, 10.7245903 ], [ 8.8512783, 10.7200899 ], [ 8.8552189, 10.7074003 ], [ 8.8548286, 10.7022563 ], [ 8.8544207, 10.6968803 ], [ 8.852459, 10.6863298 ], [ 8.8481753, 10.6799404 ], [ 8.8247466, 10.6752787 ], [ 8.8218802, 10.6722549 ], [ 8.7819053, 10.6010138 ], [ 8.7831768, 10.5969687 ], [ 8.7791945, 10.598132 ], [ 8.7706432, 10.5872848 ], [ 8.7651291, 10.584668 ], [ 8.7603755, 10.5818644 ], [ 8.7584642, 10.5731336 ], [ 8.7497274, 10.565042 ], [ 8.7360371, 10.5609298 ], [ 8.7281008, 10.5550111 ], [ 8.7194946, 10.5485926 ], [ 8.7111282, 10.5433585 ], [ 8.710031477008995, 10.544221060656822 ], [ 8.710056022709988, 10.544246363637644 ] ] ] } },
{ "type": "Feature", "properties": { "Id": 56, "gridcode": 5, "Shape_Leng": 113.139455934, "Shape_Area": 615.68675087899999, "NUMB": 8.0, "NAME": "Sarkin Powa-Kaduna", "source_state": "Kano" }, "geometry": { "type": "MultiPolygon", "coordinates": [ [ [ [ 8.56900847326942, 10.818920539125742 ], [ 8.569653283319306, 10.818934421935522 ], [ 8.570379535413968, 10.81784274871316 ], [ 8.570934925137086, 10.817034871774766 ], [ 8.571231196954427, 10.81525026512978 ], [ 8.572035760304505, 10.814865868497332 ], [ 8.572406665554469, 10.813741108294776 ], [ 8.57402228424405, 10.812921176562693 ], [ 8.575845798456205, 10.813293037038676 ], [ 8.576155370836002, 10.81270101695438 ], [ 8.57642521541883, 10.812153454222383 ], [ 8.578363251675253, 10.811888498499044 ], [ 8.578345282672583, 10.810937805777362 ], [ 8.578359612171367, 10.810272517092825 ], [ 8.578075609887311, 10.809447845883259 ], [ 8.577808061150035, 10.808356914055523 ], [ 8.577477618561391, 10.807397845459876 ], [ 8.578205290604881, 10.805631571787647 ], [ 8.577812990119986, 10.804829803551224 ], [ 8.577460183543396, 10.804150499711172 ], [ 8.577880133292705, 10.802040949694272 ], [ 8.578739386650785, 10.801227111080598 ], [ 8.578321730631592, 10.798239937540259 ], [ 8.576715389673613, 10.796709466429748 ], [ 8.576727429335474, 10.796148831951003 ], [ 8.576711942198479, 10.795342808850913 ], [ 8.577003364208894, 10.795066591711597 ], [ 8.577278175083135, 10.792869936085649 ], [ 8.577831167232045, 10.791811919044624 ], [ 8.578102502002944, 10.790179087371273 ], [ 8.578940241639884, 10.789778552248464 ], [ 8.57892274649029, 10.788870252127538 ], [ 8.579203558644872, 10.787738732587322 ], [ 8.579499263276224, 10.787458808625043 ], [ 8.58002868032453, 10.786383267338508 ], [ 8.581778938559228, 10.785359188171617 ], [ 8.582347485717696, 10.78427097764548 ], [ 8.581575147314647, 10.783899523800889 ], [ 8.581954059793635, 10.783130066085938 ], [ 8.582240098504425, 10.782859134760056 ], [ 8.582224583378292, 10.78206158936799 ], [ 8.582504748263478, 10.781774222454194 ], [ 8.583441139365991, 10.781326643733133 ], [ 8.584433561201887, 10.779882894178547 ], [ 8.584967245509631, 10.778798869871004 ], [ 8.58525559391626, 10.778793426265391 ], [ 8.585827433887889, 10.778805849682248 ], [ 8.587480906630811, 10.777966547016714 ], [ 8.588552234652878, 10.77798916852301 ], [ 8.588931141501069, 10.777600182374414 ], [ 8.59046770796442, 10.7779917059888 ], [ 8.592723088740737, 10.778306269734999 ], [ 8.593731954892444, 10.779347291714807 ], [ 8.594587685735069, 10.77908239462683 ], [ 8.594988056423681, 10.778268964998338 ], [ 8.595960445703922, 10.778536252496894 ], [ 8.597025188637806, 10.77908027467052 ], [ 8.597606510512275, 10.778815012105715 ], [ 8.59787592424402, 10.778538744294053 ], [ 8.598412010284571, 10.778030718566853 ], [ 8.598975341810332, 10.777183579726392 ], [ 8.599255457031187, 10.776917923927057 ], [ 8.599604223065944, 10.776209344120302 ], [ 8.60169990329198, 10.77692160528709 ], [ 8.601996825317311, 10.77691615704706 ], [ 8.602273901548363, 10.776921812517079 ], [ 8.603336317157293, 10.776382658024428 ], [ 8.605545639102896, 10.7758529093744 ], [ 8.605575283196863, 10.774489467661466 ], [ 8.605011279586897, 10.77340347691079 ], [ 8.605835462252571, 10.771826959032916 ], [ 8.605848569671835, 10.771226048376214 ], [ 8.605843563444363, 10.770954723798365 ], [ 8.605884006180252, 10.769114898437634 ], [ 8.605572338048622, 10.768515164707143 ], [ 8.60512773299828, 10.766701218069352 ], [ 8.604209220740787, 10.765826741790967 ], [ 8.604538763336686, 10.765456218458789 ], [ 8.605225058857952, 10.764806352837473 ], [ 8.604641292905555, 10.76368271254281 ], [ 8.605047435630002, 10.762514758544732 ], [ 8.605016810130245, 10.760928143900991 ], [ 8.605313538766906, 10.760646604444986 ], [ 8.605837293074133, 10.760108872194637 ], [ 8.60641215247276, 10.759834044421703 ], [ 8.606796344121873, 10.759053960885824 ], [ 8.608397617561581, 10.758670203814264 ], [ 8.60888374980116, 10.758209257805134 ], [ 8.609428220035619, 10.75739068793861 ], [ 8.609708307529401, 10.757125021387631 ], [ 8.610242396671731, 10.756040417995333 ], [ 8.610922348066763, 10.755714840161534 ], [ 8.610535302509504, 10.754136255367916 ], [ 8.610048831602418, 10.753198748106501 ], [ 8.611101177785404, 10.752495274929515 ], [ 8.613130936736688, 10.751846539142401 ], [ 8.613619322658501, 10.750442330725599 ], [ 8.612593983848775, 10.748468162646367 ], [ 8.613007695098057, 10.747627695692756 ], [ 8.613493802319933, 10.747166741278134 ], [ 8.613833587656412, 10.745458172224474 ], [ 8.614114004590558, 10.744921182491645 ], [ 8.614644832196049, 10.743842394218703 ], [ 8.615210208877254, 10.743831966087876 ], [ 8.617101844964679, 10.743872456926242 ], [ 8.617537549363833, 10.743425211153385 ], [ 8.617957650661356, 10.743026697955459 ], [ 8.618231072951819, 10.741651891102347 ], [ 8.618783154454778, 10.741128477748694 ], [ 8.619312347788565, 10.740052858328532 ], [ 8.619607968711763, 10.739772892284453 ], [ 8.619947824892879, 10.738401344414035 ], [ 8.621784771108016, 10.738440677967178 ], [ 8.622080743847539, 10.737874553024813 ], [ 8.621532910197336, 10.736285184904069 ], [ 8.621802647252832, 10.73570048078226 ], [ 8.622900090298003, 10.7357235405268 ], [ 8.622622695780844, 10.735139231726093 ], [ 8.621436070429544, 10.734009058941767 ], [ 8.621805683161032, 10.733258610536566 ], [ 8.622086074259983, 10.732721612323953 ], [ 8.622357107786721, 10.73108872533861 ], [ 8.622911522448655, 10.730823378070475 ], [ 8.623180869792446, 10.730547085158141 ], [ 8.623678737051467, 10.730074998522204 ], [ 8.622913882321848, 10.72891884508698 ], [ 8.622349570962637, 10.728093604757829 ], [ 8.622373407620248, 10.727021603452862 ], [ 8.622357266586755, 10.726210275321275 ], [ 8.622871758281756, 10.725722841380136 ], [ 8.62323608792093, 10.723166944170076 ], [ 8.623991989397252, 10.722450344177807 ], [ 8.624299760234813, 10.721860913844578 ], [ 8.624275084848545, 10.720579004646224 ], [ 8.624566066953131, 10.719695976730327 ], [ 8.624846439947399, 10.719158974976272 ], [ 8.625207786627302, 10.717700536583527 ], [ 8.626192204475107, 10.716767467768531 ], [ 8.626225712213067, 10.715223846770508 ], [ 8.626212612684139, 10.714545531571842 ], [ 8.626236448374661, 10.713460280922204 ], [ 8.626199657585746, 10.711563647843862 ], [ 8.627050233282532, 10.711830686812949 ], [ 8.627324234133331, 10.712113463056692 ], [ 8.627870262001139, 10.712102986817001 ], [ 8.629512013557131, 10.712137798569071 ], [ 8.629789325544339, 10.711019992317915 ], [ 8.630209365186015, 10.710621459700247 ], [ 8.630613348214531, 10.710207009902243 ], [ 8.631167717556377, 10.709941646062141 ], [ 8.631711382871368, 10.709665668986052 ], [ 8.633089109172902, 10.709129953131409 ], [ 8.633772708562958, 10.70878259801864 ], [ 8.63498347465837, 10.709401377033139 ], [ 8.637866400468509, 10.709714743258463 ], [ 8.639913643540119, 10.710760531878936 ], [ 8.640488641960943, 10.710263068717204 ], [ 8.640495440964258, 10.709949892460665 ], [ 8.640479780013179, 10.709144392284529 ], [ 8.642627967716965, 10.7091034083432 ], [ 8.643513555240961, 10.709679388078339 ], [ 8.644302955031886, 10.710493720936748 ], [ 8.645137760963044, 10.710511100818707 ], [ 8.645702324673062, 10.710224524093851 ], [ 8.646522601624586, 10.709831723183564 ], [ 8.646534495659042, 10.709278497070727 ], [ 8.646517319789872, 10.708379198558394 ], [ 8.646802848375717, 10.707512568147385 ], [ 8.647083170937188, 10.706975544315997 ], [ 8.647600385279981, 10.705924762156425 ], [ 8.647902412339768, 10.705614567875726 ], [ 8.650385872908155, 10.705217270611385 ], [ 8.650351963569861, 10.703480143721094 ], [ 8.651169512900376, 10.702640601610327 ], [ 8.652300934821488, 10.702368954075624 ], [ 8.652844568507609, 10.702092938969555 ], [ 8.653398904832441, 10.701827534370732 ], [ 8.654600580365184, 10.701023913428221 ], [ 8.655830304225093, 10.701000366050909 ], [ 8.656437590176036, 10.701292492777979 ], [ 8.657099627303227, 10.701975763161943 ], [ 8.65803141433627, 10.701018683996356 ], [ 8.66025679736938, 10.701374044145931 ], [ 8.661349049512202, 10.702107586718858 ], [ 8.662087549058176, 10.702462906394722 ], [ 8.662445202605433, 10.70319405873648 ], [ 8.663801000958848, 10.703522485592208 ], [ 8.66326672944429, 10.704546251879192 ], [ 8.663271784908385, 10.704820228229186 ], [ 8.663266127533428, 10.705091543106631 ], [ 8.663273715565012, 10.705498532768985 ], [ 8.663253380243944, 10.706445484297117 ], [ 8.663544626579547, 10.706179777500402 ], [ 8.663819584895119, 10.705621004483993 ], [ 8.664496634680715, 10.706319112665403 ], [ 8.665055451744454, 10.706851757584074 ], [ 8.665592813995515, 10.70740557412849 ], [ 8.666011929312415, 10.707805056042503 ], [ 8.666414953606674, 10.708220417802142 ], [ 8.6671134840182, 10.708886219227754 ], [ 8.667785196054936, 10.709578485973507 ], [ 8.668204317233538, 10.709977965060974 ], [ 8.66873098625673, 10.710521167230329 ], [ 8.669301694307283, 10.709984430893213 ], [ 8.669695217756612, 10.708789339608124 ], [ 8.670375405803199, 10.708090559288468 ], [ 8.671484607301808, 10.707560216331659 ], [ 8.672021027453372, 10.707009129917852 ], [ 8.67259705355387, 10.706998076577227 ], [ 8.673415744831736, 10.707547937268204 ], [ 8.67423746475637, 10.707271115840449 ], [ 8.674925988068685, 10.707285612987381 ], [ 8.675749035928236, 10.707270042336326 ], [ 8.676980876344626, 10.707295697261987 ], [ 8.677799437072744, 10.706455023881931 ], [ 8.678874798233444, 10.707004604699687 ], [ 8.679181570743127, 10.706738898921314 ], [ 8.680236141875806, 10.705655756471083 ], [ 8.681097766408918, 10.705639151158772 ], [ 8.681371524552294, 10.706198501438704 ], [ 8.682221260101644, 10.707308500667853 ], [ 8.682790705568332, 10.708472795270646 ], [ 8.683569653426515, 10.708099989829783 ], [ 8.684317101028647, 10.706580393075072 ], [ 8.686206468692541, 10.707060822556629 ], [ 8.687048131418967, 10.706658395033559 ], [ 8.687497017781208, 10.705745254817861 ], [ 8.68850218233745, 10.705264028773117 ], [ 8.688517361211327, 10.704567722318481 ], [ 8.687958525660282, 10.703491945978818 ], [ 8.687690659449384, 10.70240109154461 ], [ 8.687177309856725, 10.701911986615199 ], [ 8.688235920797691, 10.700502385235229 ], [ 8.689333249579292, 10.70052520721949 ], [ 8.689694433729816, 10.6994280910301 ], [ 8.690434408802172, 10.699413458355172 ], [ 8.69125472269134, 10.699431228701645 ], [ 8.690987128329972, 10.698063226169566 ], [ 8.69070770450613, 10.697796927388486 ], [ 8.690165773814796, 10.696434481040624 ], [ 8.689060797633051, 10.69499092612239 ], [ 8.689070932218872, 10.694509763267527 ], [ 8.688364853365821, 10.691773584476572 ], [ 8.689343603324161, 10.690349059930558 ], [ 8.689075067071119, 10.689921672339263 ], [ 8.688702513851712, 10.689566781176296 ], [ 8.687979970944991, 10.687750005070004 ], [ 8.687157396435746, 10.687354388166872 ], [ 8.687487916379473, 10.68584602085452 ], [ 8.688261581849174, 10.685862161475713 ], [ 8.689075763563263, 10.685025160433591 ], [ 8.68951909152702, 10.686380621234445 ], [ 8.691362925217726, 10.686738558428225 ], [ 8.69234776055834, 10.68775433753151 ], [ 8.693192438084651, 10.687489146121838 ], [ 8.693177148697281, 10.686708020274713 ], [ 8.693673231554754, 10.685699528182766 ], [ 8.694565430159136, 10.686128581433318 ], [ 8.69510844655291, 10.686405733782047 ], [ 8.695936796178781, 10.686390113473957 ], [ 8.696483280149602, 10.686953425769914 ], [ 8.697018545233838, 10.685864947836675 ], [ 8.697308680148284, 10.686131251406209 ], [ 8.697577373874497, 10.686408133611694 ], [ 8.698641119060538, 10.686750963302448 ], [ 8.699104399677374, 10.689109581153936 ], [ 8.70004363258502, 10.689129562169686 ], [ 8.700452857549301, 10.68870919391181 ], [ 8.700872776245363, 10.688310561895674 ], [ 8.701474542663615, 10.687692713783534 ], [ 8.703497663005756, 10.687181671590642 ], [ 8.70443445865957, 10.687499985657503 ], [ 8.706634172621138, 10.687768081803343 ], [ 8.70795093000585, 10.689125927502321 ], [ 8.708827747453016, 10.688860723627808 ], [ 8.709756732035133, 10.688388894031453 ], [ 8.711000708854405, 10.689671939210223 ], [ 8.711844334736696, 10.689943511170036 ], [ 8.712350173861381, 10.690464895749395 ], [ 8.713215075963715, 10.690906590180861 ], [ 8.714377793018848, 10.689156248440417 ], [ 8.715405500137706, 10.689680754022286 ], [ 8.71684540402504, 10.690029164839455 ], [ 8.717330410366195, 10.690491169966407 ], [ 8.717597621315699, 10.692395969209848 ], [ 8.718700058680394, 10.692662987065845 ], [ 8.718968811951559, 10.693485145500492 ], [ 8.719517196933813, 10.693206367272586 ], [ 8.720620125777117, 10.692941333441928 ], [ 8.72168579918525, 10.692399640030311 ], [ 8.722540699290818, 10.692666423663235 ], [ 8.722896024565069, 10.69375202964623 ], [ 8.723637284054014, 10.693486663924471 ], [ 8.723906999271865, 10.692667634832981 ], [ 8.726137127488052, 10.690751263296693 ], [ 8.726927799898903, 10.689143095907843 ], [ 8.728579364718712, 10.688878512578981 ], [ 8.730344143091967, 10.687822306268394 ], [ 8.732651667537624, 10.68860540218609 ], [ 8.73351798429932, 10.688068796523657 ], [ 8.73378719533172, 10.687792403313873 ], [ 8.735891601399157, 10.686784677397345 ], [ 8.737350687606197, 10.685400676869182 ], [ 8.737630807697927, 10.684268455906853 ], [ 8.738764236813346, 10.683995963449435 ], [ 8.739826095279383, 10.683456322188572 ], [ 8.741850097960791, 10.683067443777006 ], [ 8.742844779042228, 10.682123402546573 ], [ 8.742576288806012, 10.681559337506373 ], [ 8.741500189004123, 10.681212936405025 ], [ 8.741464730438134, 10.67942598956682 ], [ 8.741750256830185, 10.678845423818828 ], [ 8.742305233078136, 10.67831913390947 ], [ 8.742294443127342, 10.677771178625841 ], [ 8.742849333299995, 10.676707539922086 ], [ 8.742582454601012, 10.674233614049875 ], [ 8.741316138703112, 10.673303605142344 ], [ 8.741760648843785, 10.672881619700544 ], [ 8.742030525068749, 10.671791249095989 ], [ 8.74257529999052, 10.671274487680698 ], [ 8.742854376671058, 10.670706633833955 ], [ 8.74367796855632, 10.66992513581858 ], [ 8.743409268379496, 10.66962179573197 ], [ 8.742815345980897, 10.669336206847044 ], [ 8.742038626495312, 10.668535374954983 ], [ 8.741307608030334, 10.668183959297467 ], [ 8.742035098153597, 10.666364784457087 ], [ 8.742464396721516, 10.665542688714117 ], [ 8.741218204372785, 10.665566567404316 ], [ 8.741488313872104, 10.664193745478254 ], [ 8.741768430569021, 10.663656629534337 ], [ 8.74217254512428, 10.662835043191363 ], [ 8.742592716525591, 10.662029367188156 ], [ 8.742982873935082, 10.661235853748877 ], [ 8.744236549506988, 10.661211443754601 ], [ 8.744781932998064, 10.661223017573244 ], [ 8.744805879743339, 10.660130853702464 ], [ 8.743421787723847, 10.659795867099019 ], [ 8.743412549791858, 10.659311504374136 ], [ 8.744082512206862, 10.658335924203044 ], [ 8.743419787690657, 10.657705296117243 ], [ 8.743403860804605, 10.656891842101343 ], [ 8.743689121319704, 10.656598494407442 ], [ 8.744509133749345, 10.656205427531628 ], [ 8.74451805589802, 10.65578520052892 ], [ 8.744181354001718, 10.654809856193776 ], [ 8.744788778518709, 10.653646627846351 ], [ 8.744520543319338, 10.652800641580743 ], [ 8.744206571237422, 10.652196266820066 ], [ 8.744613295221923, 10.650144712472299 ], [ 8.745635740019079, 10.649817517063825 ], [ 8.746163883923931, 10.649274767577971 ], [ 8.747267079913005, 10.648466987292517 ], [ 8.747915859806621, 10.647147454703767 ], [ 8.749095034373982, 10.647749871554359 ], [ 8.749456953643481, 10.647378149671811 ], [ 8.75000596167841, 10.646857137681923 ], [ 8.749738151492224, 10.645479106537596 ], [ 8.748915605103193, 10.645083651755698 ], [ 8.749459391009621, 10.644393587982654 ], [ 8.75083640826918, 10.644128661007661 ], [ 8.751380292522207, 10.643309820701838 ], [ 8.752483015712359, 10.643044668767091 ], [ 8.752752388064009, 10.642496933218821 ], [ 8.753032464547807, 10.641959805556324 ], [ 8.753306886401639, 10.64112538150904 ], [ 8.754125546192794, 10.640348617313295 ], [ 8.753856852213708, 10.640055884791035 ], [ 8.753437709484054, 10.63965651830236 ], [ 8.752900299877716, 10.639102849248351 ], [ 8.752481159694652, 10.638703481514597 ], [ 8.752078104623894, 10.638288228158949 ], [ 8.751658966623429, 10.637888859355192 ], [ 8.75111642129691, 10.637069157163081 ], [ 8.750836998085036, 10.636802911124592 ], [ 8.750568738203107, 10.635983425678054 ], [ 8.750235787059427, 10.635666263288455 ], [ 8.749495157968401, 10.632073806662179 ], [ 8.749448843861416, 10.629744727077334 ], [ 8.749483920668769, 10.628116809508185 ], [ 8.749467442075048, 10.627302823521523 ], [ 8.749485248490945, 10.626487804868377 ], [ 8.748474132725487, 10.626162679224233 ], [ 8.747570334163029, 10.624316207389018 ], [ 8.745907898555707, 10.623913709671653 ], [ 8.743917469207441, 10.622417161069013 ], [ 8.74341958765814, 10.622696028024698 ], [ 8.742652365408834, 10.623484466552771 ], [ 8.74179954323923, 10.62350072456843 ], [ 8.741251012539319, 10.623489144456991 ], [ 8.739305376512171, 10.623526750464436 ], [ 8.739346087015493, 10.621632284947465 ], [ 8.738972294955769, 10.620868345399277 ], [ 8.737713964800029, 10.620263177176817 ], [ 8.73768108837915, 10.618613477870223 ], [ 8.737966833650168, 10.618342392015521 ], [ 8.737961710634918, 10.618068413596321 ], [ 8.737967298151275, 10.617797094034604 ], [ 8.73796217287563, 10.617525765537588 ], [ 8.737983938752249, 10.616498248954217 ], [ 8.737688688350785, 10.615353883540811 ], [ 8.737975204069272, 10.614804585000721 ], [ 8.737962382692404, 10.614134212514106 ], [ 8.737999198107612, 10.612417799542964 ], [ 8.737423864359862, 10.611824856830982 ], [ 8.736876326329103, 10.611303478241148 ], [ 8.736870684838163, 10.611010421556294 ], [ 8.737156124971827, 10.610462712612561 ], [ 8.737135075488585, 10.609393295457201 ], [ 8.737688860007557, 10.608867536797085 ], [ 8.737707257275952, 10.608021783405032 ], [ 8.737051627872871, 10.606121965387782 ], [ 8.736448422707129, 10.60243526429378 ], [ 8.735601720919085, 10.601629059755272 ], [ 8.735239818473266, 10.600156077867279 ], [ 8.734686193259106, 10.599889587203212 ], [ 8.734301345238441, 10.59832331709897 ], [ 8.732533935697436, 10.597472872775571 ], [ 8.732220311386827, 10.597174255151414 ], [ 8.731951897548297, 10.596626078007199 ], [ 8.730005094715795, 10.596355210485161 ], [ 8.72880848536033, 10.595744232413635 ], [ 8.728107578481154, 10.596080133663037 ], [ 8.727559376753009, 10.596358933189743 ], [ 8.727290678648147, 10.595536778601796 ], [ 8.725775629450341, 10.595242942005166 ], [ 8.724987458459911, 10.593725064183865 ], [ 8.726054264981165, 10.592712766247931 ], [ 8.725648489065769, 10.590645684422986 ], [ 8.724429383211392, 10.590669527263687 ], [ 8.723999480545874, 10.589841399925763 ], [ 8.723700913398854, 10.587101397361801 ], [ 8.722637545826842, 10.585493713534552 ], [ 8.722358193588159, 10.585227443041838 ], [ 8.722008648131508, 10.583802681588196 ], [ 8.721542561317063, 10.583322152604946 ], [ 8.720040496600724, 10.582958350211364 ], [ 8.719075691978468, 10.581963342202304 ], [ 8.718522113711058, 10.581696823994283 ], [ 8.718253737276413, 10.581148635596048 ], [ 8.717971716848476, 10.580879709015262 ], [ 8.718534593856136, 10.580345511882379 ], [ 8.718515651529929, 10.579385260518462 ], [ 8.719352632805162, 10.578984319490178 ], [ 8.719621758186205, 10.578707934452439 ], [ 8.720159432506026, 10.578197559392738 ], [ 8.720656160735937, 10.576766655938385 ], [ 8.720996828324445, 10.574367960534419 ], [ 8.721278214072765, 10.573555825290839 ], [ 8.720724069340235, 10.572745071412305 ], [ 8.720455696310378, 10.572196884676547 ], [ 8.720135152276967, 10.571891890381758 ], [ 8.720472730499559, 10.569944163496892 ], [ 8.720453286027933, 10.56894098657035 ], [ 8.720894301989778, 10.568096136984837 ], [ 8.72046060453436, 10.566770395363532 ], [ 8.720181516316396, 10.566232798595365 ], [ 8.719735416180011, 10.564414738876975 ], [ 8.718814124302911, 10.56216171292507 ], [ 8.718546010296912, 10.561342199964349 ], [ 8.718163210235163, 10.560605254435346 ], [ 8.719308181768026, 10.559518325407286 ], [ 8.71882367704259, 10.557543899743825 ], [ 8.717722215982588, 10.556734243228508 ], [ 8.717733967333716, 10.556181535165997 ], [ 8.717175283544547, 10.55510580521886 ], [ 8.716908172135378, 10.553200992163985 ], [ 8.716628853422838, 10.552934716934949 ], [ 8.716360255409109, 10.55265785132581 ], [ 8.715808576155927, 10.552132193978881 ], [ 8.71551673997417, 10.549753069751008 ], [ 8.714318524662316, 10.549366729108252 ], [ 8.713622206122459, 10.548314185445022 ], [ 8.71279925353916, 10.547530201207728 ], [ 8.712252957862432, 10.546413668595349 ], [ 8.711709322373022, 10.545895960580522 ], [ 8.711173723370266, 10.544801163607717 ], [ 8.710609527111282, 10.544512895367721 ], [ 8.710056022709988, 10.544246363637644 ], [ 8.710031477008995, 10.544221060656822 ], [ 8.7035225, 10.5493403 ], [ 8.6839006, 10.5715533 ], [ 8.6664343, 10.5933028 ], [ 8.6608726, 10.6019002 ], [ 8.6563709, 10.6106749 ], [ 8.6495617, 10.6240655 ], [ 8.64393, 10.6304796 ], [ 8.6388121, 10.6305282 ], [ 8.6280803, 10.6346553 ], [ 8.6165948, 10.6390722 ], [ 8.6156075, 10.6397515 ], [ 8.6008545, 10.6438144 ], [ 8.5936465, 10.6450654 ], [ 8.587532, 10.6425327 ], [ 8.582732, 10.6413327 ], [ 8.5539346, 10.6361823 ], [ 8.5437287, 10.6317788 ], [ 8.5345425, 10.6326668 ], [ 8.5330567, 10.633424 ], [ 8.5304764, 10.634739 ], [ 8.5226456, 10.6375511 ], [ 8.5190313, 10.6416952 ], [ 8.5142123, 10.6433233 ], [ 8.5095439, 10.6479113 ], [ 8.5063304, 10.6504571 ], [ 8.5069199, 10.6535151 ], [ 8.5073994, 10.6558505 ], [ 8.5009973, 10.6605268 ], [ 8.4982288, 10.6646929 ], [ 8.4973829, 10.6797797 ], [ 8.4898368, 10.6974242 ], [ 8.4896638, 10.7028649 ], [ 8.4839554, 10.7092575 ], [ 8.4812343, 10.7158619 ], [ 8.4875492, 10.7196188 ], [ 8.5014297, 10.725784 ], [ 8.5206023, 10.7314014 ], [ 8.539379, 10.7334428 ], [ 8.5445879, 10.7358654 ], [ 8.5500384, 10.7384154 ], [ 8.5547967, 10.7401154 ], [ 8.5585169, 10.7420704 ], [ 8.5688987, 10.7478503 ], [ 8.571637, 10.7482724 ], [ 8.5715807, 10.7504852 ], [ 8.5714942, 10.753885 ], [ 8.5717537, 10.7589848 ], [ 8.5725324, 10.7635744 ], [ 8.5733975, 10.768674 ], [ 8.5729472, 10.7736536 ], [ 8.5664763, 10.7761532 ], [ 8.5628446, 10.7783148 ], [ 8.5592619, 10.7846335 ], [ 8.5586677, 10.7891571 ], [ 8.56253, 10.7964532 ], [ 8.5630544, 10.8164514 ], [ 8.5691519, 10.8173738 ], [ 8.568421040287051, 10.818931574752623 ], [ 8.56900847326942, 10.818920539125742 ] ] ], [ [ [ 7.768682089998036, 11.380342442163245 ], [ 7.769731779548147, 11.380850403850321 ], [ 7.769758925384703, 11.382531027514959 ], [ 7.769450917786669, 11.383984027743521 ], [ 7.769731128096908, 11.384251951273582 ], [ 7.770279538019195, 11.38508443374959 ], [ 7.771236989460214, 11.385069098375045 ], [ 7.772405811248689, 11.385097554753719 ], [ 7.772818780653498, 11.383456381418958 ], [ 7.773582243838844, 11.383725522435018 ], [ 7.774492965575704, 11.384340173063315 ], [ 7.775500109620635, 11.384004767984605 ], [ 7.776331356934756, 11.383742269887998 ], [ 7.777605203093002, 11.383318165386191 ], [ 7.778526062136124, 11.384831116944067 ], [ 7.77888216142682, 11.385563185644676 ], [ 7.77999083539197, 11.386099438648941 ], [ 7.780435833000269, 11.387014389403657 ], [ 7.783774817890961, 11.387350599456985 ], [ 7.784278918216013, 11.388386584274109 ], [ 7.784832996435351, 11.38865483254828 ], [ 7.785373990324003, 11.389476136013137 ], [ 7.785798616219268, 11.389882125491974 ], [ 7.785196424553607, 11.39044837603843 ], [ 7.786200453336805, 11.391103909598874 ], [ 7.785645162072597, 11.391626116173805 ], [ 7.785911172653677, 11.392462176948817 ], [ 7.78811480112991, 11.392737228603067 ], [ 7.78838318443178, 11.393014890319067 ], [ 7.789211052152192, 11.393555516833299 ], [ 7.789693887396282, 11.394547964647952 ], [ 7.79029732998545, 11.395464086671192 ], [ 7.791400706127077, 11.395997895083083 ], [ 7.791393597739606, 11.39628236831283 ], [ 7.791947698554845, 11.396550605275198 ], [ 7.792473785358974, 11.397095281794414 ], [ 7.793871026535674, 11.396835061902419 ], [ 7.794148519977158, 11.395463490877113 ], [ 7.795235785326693, 11.39548967165118 ], [ 7.79607195609484, 11.395210979871612 ], [ 7.796552499713542, 11.395222749553747 ], [ 7.798552783245524, 11.394955438407814 ], [ 7.799099613694963, 11.394398734228128 ], [ 7.801459915800795, 11.394455785994936 ], [ 7.802405167222805, 11.394157388225194 ], [ 7.802679286962717, 11.39306817420853 ], [ 7.803227005372578, 11.392553054062596 ], [ 7.803508600090503, 11.391986518552807 ], [ 7.804895366299185, 11.390369908483732 ], [ 7.805225148856341, 11.389706612519896 ], [ 7.80668113179942, 11.388741399270872 ], [ 7.808058310593003, 11.388774535116994 ], [ 7.808482306857831, 11.387921152124967 ], [ 7.809858944679365, 11.387954541910471 ], [ 7.811323083928409, 11.387217946025732 ], [ 7.811774341407718, 11.387685201344873 ], [ 7.812603370943751, 11.3879545105373 ], [ 7.812871776328393, 11.388232151928518 ], [ 7.813646139749657, 11.388606668918298 ], [ 7.813965843852604, 11.389592862761646 ], [ 7.815343605751782, 11.390135637281087 ], [ 7.815897656451809, 11.390419989810685 ], [ 7.816986167691185, 11.390402385407235 ], [ 7.816995681750875, 11.390958717107393 ], [ 7.816978916836594, 11.391636798191577 ], [ 7.816998674780907, 11.392832379383593 ], [ 7.816705865548056, 11.393130275078496 ], [ 7.816424469270947, 11.39339510284476 ], [ 7.816152644924156, 11.393941825337661 ], [ 7.813930120933954, 11.395231676801169 ], [ 7.813949022335239, 11.396371623457849 ], [ 7.813125823579309, 11.396761413619265 ], [ 7.814249593384925, 11.398606750697299 ], [ 7.814749034437992, 11.399632609877154 ], [ 7.815166149562531, 11.400440122786268 ], [ 7.815824266294338, 11.401792713919475 ], [ 7.816387491384569, 11.402330615191705 ], [ 7.816115590906128, 11.402893230183151 ], [ 7.815831437875009, 11.403431953528768 ], [ 7.81611111934553, 11.403972950068056 ], [ 7.816392395487195, 11.405426009213752 ], [ 7.817755252687975, 11.406345674905014 ], [ 7.819677442458033, 11.405891420293131 ], [ 7.820960576963928, 11.405572600369936 ], [ 7.821596649378821, 11.405899129048379 ], [ 7.822435396018568, 11.406171369330039 ], [ 7.822984929049679, 11.407300995860949 ], [ 7.824061148300574, 11.408329155049993 ], [ 7.823559508971131, 11.408869399653049 ], [ 7.822957962093296, 11.409154406821287 ], [ 7.822969119078636, 11.40983524996112 ], [ 7.822945350115972, 11.410781914026693 ], [ 7.823232666469869, 11.410517105100242 ], [ 7.824022159091783, 11.409712847626171 ], [ 7.824610221628886, 11.409703282070991 ], [ 7.826553081879395, 11.410104170915677 ], [ 7.826529034643262, 11.408637045740235 ], [ 7.827205449105679, 11.408296700803767 ], [ 7.82846330690264, 11.408905170459118 ], [ 7.828731746759948, 11.40918280045392 ], [ 7.829559746189677, 11.409723324977088 ], [ 7.829828187902628, 11.410000954134565 ], [ 7.830657302209787, 11.410270220080228 ], [ 7.831442790225482, 11.411884221772546 ], [ 7.832018871304531, 11.412179762920502 ], [ 7.832861392125101, 11.412587356295345 ], [ 7.832821445853577, 11.414214760157845 ], [ 7.832840750894238, 11.415404250656445 ], [ 7.832509095665149, 11.417582285750628 ], [ 7.833099664377238, 11.418146493701189 ], [ 7.833368116951872, 11.418424120580275 ], [ 7.836272490225065, 11.418786124113542 ], [ 7.837003696227538, 11.419895789799925 ], [ 7.838309544887855, 11.420342558846839 ], [ 7.839413654163736, 11.420612892624163 ], [ 7.839939344880843, 11.421156964626219 ], [ 7.84023629379594, 11.421164232595704 ], [ 7.84096678757083, 11.420074394358645 ], [ 7.842115382545985, 11.42010224266053 ], [ 7.843242070649615, 11.419042570587019 ], [ 7.843557585523491, 11.418443543324537 ], [ 7.843527379369817, 11.416620092325177 ], [ 7.84382625167304, 11.416018879312604 ], [ 7.844108747630573, 11.415482768276139 ], [ 7.844380545768629, 11.414936017433531 ], [ 7.845211842748043, 11.414673327592263 ], [ 7.845721424540426, 11.414154531301573 ], [ 7.846497385300912, 11.413763936018844 ], [ 7.847115597429003, 11.414403723958175 ], [ 7.84769230176462, 11.414417645497103 ], [ 7.848784131721746, 11.413868281362507 ], [ 7.849569680970519, 11.413495993632067 ], [ 7.849064525696498, 11.412518370439056 ], [ 7.848803713357257, 11.410341953485432 ], [ 7.848258066211141, 11.409286554492464 ], [ 7.848637092841145, 11.408112925621923 ], [ 7.849835835255805, 11.407544901769855 ], [ 7.850464392485782, 11.406279530474809 ], [ 7.850803989298828, 11.405960325604704 ], [ 7.850469856813178, 11.404653833409819 ], [ 7.850753409129705, 11.404115862975443 ], [ 7.851098021150707, 11.403082759126464 ], [ 7.852095915060316, 11.404115815093332 ], [ 7.852410640839717, 11.4035702824015 ], [ 7.852379959676283, 11.401715300174144 ], [ 7.852965995866848, 11.400869364268054 ], [ 7.85337364402177, 11.400048956252144 ], [ 7.85487064207716, 11.400084994314351 ], [ 7.854898175668659, 11.398975414930797 ], [ 7.854889491321773, 11.398461995676653 ], [ 7.85545245834229, 11.397070523654971 ], [ 7.856140276440438, 11.397086976748497 ], [ 7.857074162214902, 11.397071803172224 ], [ 7.858102704441467, 11.397423622675591 ], [ 7.859602307847697, 11.396534065936395 ], [ 7.861233584982626, 11.396018793612686 ], [ 7.862051982550914, 11.395607121754265 ], [ 7.862886424014595, 11.395211403694853 ], [ 7.863453084398697, 11.394365632366604 ], [ 7.863991543090616, 11.393859359908873 ], [ 7.86427244840258, 11.393573287675874 ], [ 7.866184897186986, 11.392969003090313 ], [ 7.866196386075869, 11.392508905391402 ], [ 7.866189900660348, 11.392112846116886 ], [ 7.867194447531785, 11.391607304416729 ], [ 7.867579085578384, 11.391974356959414 ], [ 7.867559324974032, 11.39276105191508 ], [ 7.867837372207558, 11.393331936323872 ], [ 7.869191197978339, 11.393309862356951 ], [ 7.870496649227549, 11.393979797185612 ], [ 7.871133928618867, 11.393330574948726 ], [ 7.871553747654517, 11.393765309157159 ], [ 7.8752037452827, 11.393193591017559 ], [ 7.875544047836565, 11.392547461379015 ], [ 7.875821175682758, 11.391989567972759 ], [ 7.876643221548957, 11.392009134683931 ], [ 7.879565674574404, 11.391961478784966 ], [ 7.879823047151497, 11.392093664868108 ], [ 7.8797903, 11.3919139 ], [ 7.8793253, 11.3919343 ], [ 7.8789816, 11.3919494 ], [ 7.8790283, 11.3914419 ], [ 7.879067, 11.3913434 ], [ 7.8791906, 11.3898802 ], [ 7.8792121, 11.389048 ], [ 7.879081, 11.3884111 ], [ 7.8790557, 11.3872488 ], [ 7.8789183, 11.3862289 ], [ 7.8776349, 11.3860574 ], [ 7.8764084, 11.3858934 ], [ 7.8750393, 11.3857163 ], [ 7.8741742, 11.385474 ], [ 7.872653, 11.3849614 ], [ 7.8693017, 11.3838383 ], [ 7.868717, 11.3832232 ], [ 7.8684461, 11.3829156 ], [ 7.8679897, 11.3824962 ], [ 7.8671341, 11.3820488 ], [ 7.8665757, 11.3819642 ], [ 7.866036, 11.3817832 ], [ 7.8658791, 11.3821607 ], [ 7.8652802, 11.3824822 ], [ 7.8648238, 11.382622 ], [ 7.8642392, 11.3829995 ], [ 7.863412, 11.3835727 ], [ 7.8604173, 11.3845373 ], [ 7.8599467, 11.3845233 ], [ 7.8597042, 11.3849148 ], [ 7.8592336, 11.3849148 ], [ 7.8593192, 11.3853202 ], [ 7.8586632, 11.385432 ], [ 7.8584635, 11.3852783 ], [ 7.8581498, 11.3852643 ], [ 7.8578362, 11.3854528 ], [ 7.8571269, 11.3854706 ], [ 7.8567456, 11.384843 ], [ 7.8564223, 11.3836034 ], [ 7.8562702, 11.3825409 ], [ 7.8562892, 11.3821308 ], [ 7.855947, 11.3815623 ], [ 7.8557283, 11.380854 ], [ 7.8557473, 11.3804905 ], [ 7.8557663, 11.3802575 ], [ 7.855712, 11.379826 ], [ 7.8558009, 11.379576 ], [ 7.8558899, 11.3793255 ], [ 7.8558709, 11.3788315 ], [ 7.8558519, 11.3782257 ], [ 7.8557853, 11.3780654 ], [ 7.8556703, 11.3780654 ], [ 7.8554019, 11.3780278 ], [ 7.8552804, 11.3779965 ], [ 7.8549772, 11.377974 ], [ 7.8543446, 11.3781193 ], [ 7.8540542, 11.3782098 ], [ 7.8537333, 11.3782867 ], [ 7.8535622, 11.3782798 ], [ 7.8532983, 11.3783007 ], [ 7.8530488, 11.3783077 ], [ 7.8528349, 11.3783217 ], [ 7.8526495, 11.3783217 ], [ 7.8525069, 11.3783357 ], [ 7.8523143, 11.3782798 ], [ 7.8522145, 11.3782588 ], [ 7.8521432, 11.3782378 ], [ 7.8520862, 11.3782448 ], [ 7.8520505, 11.3782448 ], [ 7.8519703, 11.3782471 ], [ 7.8513286, 11.378366 ], [ 7.851136, 11.378317 ], [ 7.8505799, 11.3783869 ], [ 7.8495034, 11.3782746 ], [ 7.8489256, 11.3780794 ], [ 7.8487331, 11.3781493 ], [ 7.8482126, 11.3779955 ], [ 7.847799, 11.3777229 ], [ 7.8468792, 11.3773803 ], [ 7.8460079, 11.3774316 ], [ 7.8455563, 11.3774456 ], [ 7.8451998, 11.3774968 ], [ 7.8449788, 11.3774711 ], [ 7.8442182, 11.3774595 ], [ 7.8438258, 11.3774978 ], [ 7.8434422, 11.3774294 ], [ 7.8431477, 11.3773164 ], [ 7.8430138, 11.3772956 ], [ 7.8428741, 11.3773104 ], [ 7.842645, 11.3773134 ], [ 7.8424874, 11.3773283 ], [ 7.8423982, 11.377361 ], [ 7.8423446, 11.3774026 ], [ 7.8422732, 11.3774235 ], [ 7.8421572, 11.3774443 ], [ 7.8420383, 11.3774651 ], [ 7.841842, 11.377474 ], [ 7.8416605, 11.377477 ], [ 7.8415059, 11.377477 ], [ 7.8413661, 11.377483 ], [ 7.8412263, 11.377477 ], [ 7.8411311, 11.3774621 ], [ 7.8410538, 11.3774354 ], [ 7.8409586, 11.3774056 ], [ 7.8408575, 11.3773699 ], [ 7.8407653, 11.3773432 ], [ 7.8406939, 11.3773164 ], [ 7.8405771, 11.3772767 ], [ 7.8404914, 11.377291 ], [ 7.84042, 11.3773517 ], [ 7.8403594, 11.3774481 ], [ 7.8402987, 11.3775123 ], [ 7.8401952, 11.3775409 ], [ 7.8400917, 11.3775801 ], [ 7.8399434, 11.3776977 ], [ 7.8398006, 11.3777453 ], [ 7.8396721, 11.3777501 ], [ 7.8394508, 11.3777001 ], [ 7.8392485, 11.3776354 ], [ 7.8390106, 11.3776021 ], [ 7.8387251, 11.3775355 ], [ 7.8385038, 11.3775183 ], [ 7.8380875, 11.3773956 ], [ 7.8375353, 11.3772329 ], [ 7.8373273, 11.3772038 ], [ 7.8368519, 11.3773144 ], [ 7.8365881, 11.3772841 ], [ 7.83624, 11.3773434 ], [ 7.8359383, 11.377385 ], [ 7.8355484, 11.3768385 ], [ 7.8354868, 11.3766507 ], [ 7.8353584, 11.3762872 ], [ 7.835327, 11.3762333 ], [ 7.8352215, 11.3760521 ], [ 7.8350195, 11.3756453 ], [ 7.8349855, 11.3755961 ], [ 7.834737, 11.3752365 ], [ 7.8345155, 11.3748125 ], [ 7.8342303, 11.3745934 ], [ 7.8340469, 11.3743118 ], [ 7.8339404, 11.3740342 ], [ 7.8337824, 11.3738434 ], [ 7.8336504, 11.3736008 ], [ 7.8334807, 11.3734719 ], [ 7.8331655, 11.3732327 ], [ 7.8330722, 11.373104 ], [ 7.8330271, 11.3728956 ], [ 7.8329342, 11.3724658 ], [ 7.8328629, 11.3718856 ], [ 7.8327417, 11.3718646 ], [ 7.8325491, 11.3718087 ], [ 7.8320583, 11.3716644 ], [ 7.8318361, 11.371599 ], [ 7.8305509, 11.370924 ], [ 7.8290814, 11.3704283 ], [ 7.8278216, 11.3699776 ], [ 7.8277266, 11.3699437 ], [ 7.8268044, 11.3695988 ], [ 7.8267179, 11.3697705 ], [ 7.8267015, 11.3698029 ], [ 7.8257444, 11.3712538 ], [ 7.8254562, 11.3710179 ], [ 7.8253433, 11.3708839 ], [ 7.8252839, 11.3707266 ], [ 7.8252639, 11.3705896 ], [ 7.8250842, 11.3707168 ], [ 7.8247885, 11.3708839 ], [ 7.8242669, 11.3712546 ], [ 7.8240971, 11.3712786 ], [ 7.8238661, 11.3713402 ], [ 7.8235336, 11.3715689 ], [ 7.8231699, 11.3715957 ], [ 7.82314, 11.3716535 ], [ 7.8230796, 11.3716682 ], [ 7.8226337, 11.3718392 ], [ 7.8225528, 11.3719149 ], [ 7.822498, 11.3719376 ], [ 7.822405, 11.3720111 ], [ 7.8223327, 11.3720658 ], [ 7.8222548, 11.3721841 ], [ 7.8218448, 11.3728307 ], [ 7.8215074, 11.3732702 ], [ 7.8213612, 11.3734936 ], [ 7.8212328, 11.3733433 ], [ 7.8210546, 11.3730171 ], [ 7.8208406, 11.3729064 ], [ 7.8200622, 11.372473 ], [ 7.8197131, 11.3723277 ], [ 7.8194924, 11.3722358 ], [ 7.8184365, 11.3734377 ], [ 7.8138588, 11.3774222 ], [ 7.8135331, 11.3775466 ], [ 7.8134714, 11.3783062 ], [ 7.8134999, 11.378474 ], [ 7.8120449, 11.3789152 ], [ 7.8117363, 11.3790087 ], [ 7.8112581, 11.3791751 ], [ 7.810039, 11.378936 ], [ 7.8097683, 11.3788829 ], [ 7.809447, 11.3786718 ], [ 7.8082282, 11.3783097 ], [ 7.8061604, 11.3774989 ], [ 7.8060807, 11.3770398 ], [ 7.806152, 11.376215 ], [ 7.8060665, 11.3758095 ], [ 7.8060642, 11.3753623 ], [ 7.8058526, 11.3743975 ], [ 7.8056814, 11.3738103 ], [ 7.8053962, 11.3734049 ], [ 7.8054105, 11.3725101 ], [ 7.805496, 11.3720208 ], [ 7.8055198, 11.3716957 ], [ 7.8051205, 11.3717097 ], [ 7.804764, 11.3720312 ], [ 7.8040774, 11.3723768 ], [ 7.8035661, 11.3725485 ], [ 7.8028397, 11.3726383 ], [ 7.8016333, 11.3736068 ], [ 7.8013338, 11.374113 ], [ 7.8004655, 11.3767392 ], [ 7.7984425, 11.3767361 ], [ 7.7984148, 11.3764035 ], [ 7.7983766, 11.3761216 ], [ 7.7982466, 11.375732 ], [ 7.7979276, 11.3749829 ], [ 7.797367, 11.3738909 ], [ 7.7966421, 11.3724579 ], [ 7.7961965, 11.3717705 ], [ 7.7954786, 11.3720118 ], [ 7.794943, 11.3714806 ], [ 7.7946055, 11.3710099 ], [ 7.7940873, 11.3703482 ], [ 7.7934649, 11.3692592 ], [ 7.7909218, 11.3644124 ], [ 7.7898878, 11.3612316 ], [ 7.7889965, 11.3598801 ], [ 7.7831077, 11.3611458 ], [ 7.7809686, 11.3621245 ], [ 7.7786218, 11.3641211 ], [ 7.7774703, 11.3649446 ], [ 7.7792279, 11.3660202 ], [ 7.7787882, 11.3665096 ], [ 7.7780395, 11.3674183 ], [ 7.7778018, 11.3675348 ], [ 7.7764471, 11.3685018 ], [ 7.7759717, 11.3690611 ], [ 7.7754726, 11.3702495 ], [ 7.7754845, 11.3704708 ], [ 7.7751279, 11.3719039 ], [ 7.775223, 11.3720903 ], [ 7.7749734, 11.3726728 ], [ 7.7749021, 11.3734534 ], [ 7.7751755, 11.3740126 ], [ 7.7751874, 11.3745136 ], [ 7.7754998, 11.37494 ], [ 7.7726096, 11.3764872 ], [ 7.7716874, 11.3774379 ], [ 7.7714498, 11.3777361 ], [ 7.7711833, 11.3781373 ], [ 7.7708888, 11.3783047 ], [ 7.770461, 11.3785097 ], [ 7.7696814, 11.3787334 ], [ 7.7695483, 11.3788359 ], [ 7.7693772, 11.3791249 ], [ 7.7689589, 11.3791155 ], [ 7.7684645, 11.3789757 ], [ 7.768350460891799, 11.3789757 ], [ 7.768682089998036, 11.380342442163245 ] ] ] ] } }
]
}
