{
"type": "FeatureCollection",
"name": "Adamawa_strategic_catchments",
"crs": { "type": "name", "properties": { "name": "urn:ogc:def:crs:OGC:1.3:CRS84" } },
"features": [
{ "type": "Feature", "properties": { "Id": 11, "gridcode": 14, "Shape_Leng": 169.79195073899999, "Shape_Area": 1229.4952442399999, "NUMB": 20.0, "NAME": "Yedseram (East-Chad)", "source_state": "Adamawa" }, "geometry": { "type": "Polygon", "coordinates": [ [ [ 13.712784900886408, 10.860362204007915 ], [ 13.712509178388007, 10.859820224544787 ], [ 13.711895507973079, 10.859537522468811 ], [ 13.709586178892646, 10.859018296989612 ], [ 13.706018290338177, 10.859145122427567 ], [ 13.705106254596185, 10.858851921490096 ], [ 13.703176562403673, 10.858345839089585 ], [ 13.702896617777725, 10.857533439377914 ], [ 13.701982694480057, 10.857255839171264 ], [ 13.701494696924982, 10.855375312084712 ], [ 13.702033658217905, 10.85484725291994 ], [ 13.702260232223978, 10.852254256811676 ], [ 13.701127901908908, 10.850655378218008 ], [ 13.701133012171631, 10.849480185625406 ], [ 13.700816302327565, 10.847546845510225 ], [ 13.698389346880878, 10.847633092172034 ], [ 13.698085329010642, 10.847329235003098 ], [ 13.69698186080922, 10.846821011318662 ], [ 13.696700676302925, 10.846268518831508 ], [ 13.695952035914871, 10.845212339064933 ], [ 13.694211292876446, 10.844959479023245 ], [ 13.69393562304773, 10.844417462509961 ], [ 13.693377977476352, 10.844160789349388 ], [ 13.692832989476154, 10.843893355089815 ], [ 13.691918453658037, 10.843642126868961 ], [ 13.69106655797747, 10.844869614905486 ], [ 13.689557537253119, 10.845288315739424 ], [ 13.68906118456375, 10.845876984996753 ], [ 13.68793313014282, 10.846394992952707 ], [ 13.687685485288105, 10.846689319153052 ], [ 13.686933089005242, 10.847034661617405 ], [ 13.686579251672669, 10.847852538058032 ], [ 13.68509210781558, 10.847757147847496 ], [ 13.684212702610857, 10.847840551236283 ], [ 13.683855457515511, 10.846727644343087 ], [ 13.683290263889246, 10.846261341017419 ], [ 13.682607190196462, 10.843307080984358 ], [ 13.681860519864587, 10.842991452964322 ], [ 13.681376511611489, 10.842453116491223 ], [ 13.680480133033255, 10.842201043430293 ], [ 13.679956152732156, 10.841086171842186 ], [ 13.679339616145414, 10.837870697316511 ], [ 13.679023964248472, 10.836543188647704 ], [ 13.678736956963197, 10.834308985138055 ], [ 13.679291542149803, 10.833821139545835 ], [ 13.678704125593562, 10.833572803369849 ], [ 13.678173891918156, 10.833290313938784 ], [ 13.676687955879068, 10.833062501034251 ], [ 13.675502534148604, 10.833740336799131 ], [ 13.675163491877909, 10.83324388825816 ], [ 13.675695503133808, 10.832266149421359 ], [ 13.67599157067473, 10.831579907915255 ], [ 13.675862940765182, 10.830249544639337 ], [ 13.675362755512889, 10.829836898569265 ], [ 13.675104637856281, 10.829458081498377 ], [ 13.675636647870196, 10.828480345316166 ], [ 13.675845799172645, 10.825708726114721 ], [ 13.675028341733519, 10.82578638316776 ], [ 13.674150177262145, 10.82518981806917 ], [ 13.673261951263704, 10.822430887724327 ], [ 13.672619955647864, 10.821900726570899 ], [ 13.672231257916717, 10.820613392306621 ], [ 13.672771088303602, 10.820138995668291 ], [ 13.673018742072788, 10.81984468422133 ], [ 13.673309756830152, 10.819589864899207 ], [ 13.673581504772075, 10.81864461129001 ], [ 13.673478521947066, 10.817586972998813 ], [ 13.672956105136526, 10.815808516920711 ], [ 13.672551160873688, 10.814161667066015 ], [ 13.671194128441423, 10.813349931285915 ], [ 13.670742809995664, 10.81284671455596 ], [ 13.670304376333917, 10.812485145799322 ], [ 13.66832161524548, 10.8126728739859 ], [ 13.666893446853685, 10.811821510426293 ], [ 13.666612788541549, 10.811848212078472 ], [ 13.665883199426274, 10.811801409235784 ], [ 13.664975856955692, 10.812146376352761 ], [ 13.664150661403557, 10.811860910732765 ], [ 13.663243313718542, 10.812205874543416 ], [ 13.662442043861294, 10.812154336218898 ], [ 13.661968991482423, 10.811627127488068 ], [ 13.661342199640449, 10.811386197651808 ], [ 13.660879370164608, 10.811934163545086 ], [ 13.659506824044882, 10.812812855933558 ], [ 13.658805424442109, 10.812032343807314 ], [ 13.657297931108257, 10.811717809869505 ], [ 13.657037099996522, 10.811160704508037 ], [ 13.65613260015701, 10.810653471432879 ], [ 13.655409471988616, 10.811509396194857 ], [ 13.654953839602317, 10.811002247821946 ], [ 13.654137848992885, 10.810413105563523 ], [ 13.653212154452762, 10.811509025315873 ], [ 13.652631151660689, 10.812018618380719 ], [ 13.65193530815756, 10.812842958290766 ], [ 13.650420217275419, 10.81203692403361 ], [ 13.649912761425657, 10.810456784096877 ], [ 13.648949528349492, 10.808982304677489 ], [ 13.649091564982729, 10.806827616584966 ], [ 13.647221294173381, 10.804539480544607 ], [ 13.646648831579828, 10.802760341564909 ], [ 13.645381818335354, 10.801889501029196 ], [ 13.645077581708756, 10.800940500159612 ], [ 13.64453208825789, 10.800008864962027 ], [ 13.644225251168097, 10.798474014768196 ], [ 13.643392201022511, 10.797050626724648 ], [ 13.642845409765973, 10.79568632380856 ], [ 13.64205500300946, 10.793907530127894 ], [ 13.641692828752211, 10.79328931428352 ], [ 13.641423734918424, 10.792191319648452 ], [ 13.640308262436371, 10.791719667560459 ], [ 13.639973101224559, 10.790355340323844 ], [ 13.639168807962632, 10.789269870498838 ], [ 13.639023883802009, 10.788044795750409 ], [ 13.639988528021682, 10.788160270876167 ], [ 13.640268144749919, 10.789248601834965 ], [ 13.641376890115108, 10.789491868781891 ], [ 13.641652356932889, 10.790309767388075 ], [ 13.64276110558311, 10.790553027251567 ], [ 13.64374715155089, 10.790878427823296 ], [ 13.644880103134978, 10.790263618553276 ], [ 13.645486600570973, 10.790230723289383 ], [ 13.646039306629069, 10.790244069261023 ], [ 13.646556319568322, 10.789674181491769 ], [ 13.647578078095449, 10.788709720009889 ], [ 13.647885831305985, 10.785792053145236 ], [ 13.651331357497542, 10.785875181734832 ], [ 13.652248456733458, 10.785541491271943 ], [ 13.653423338852336, 10.785154256191881 ], [ 13.653887854658917, 10.784715907929501 ], [ 13.654146348604739, 10.784430962894353 ], [ 13.655174601488557, 10.783752201388014 ], [ 13.655493045288138, 10.783058246384286 ], [ 13.656314623220615, 10.782282750180437 ], [ 13.656296894077855, 10.781964457247275 ], [ 13.656850576590577, 10.781695930740407 ], [ 13.657109065293126, 10.781410985422214 ], [ 13.657654677968301, 10.780896396708963 ], [ 13.657900396378027, 10.779505665118124 ], [ 13.658175085524075, 10.7784010373018 ], [ 13.656555032390866, 10.775539776513762 ], [ 13.656470564780326, 10.775480485701436 ], [ 13.655187685865727, 10.773917298092545 ], [ 13.654245113976149, 10.773079608770493 ], [ 13.653973814895924, 10.772532152475124 ], [ 13.653681474863882, 10.772006142494254 ], [ 13.653202869554027, 10.771041808235742 ], [ 13.652573052198681, 10.770389327406528 ], [ 13.651464391808039, 10.770146075163307 ], [ 13.650922692078483, 10.769872901494386 ], [ 13.650377098892562, 10.769902497931612 ], [ 13.649831994985487, 10.769338280833599 ], [ 13.649002131665993, 10.768601360700835 ], [ 13.648954764369627, 10.767744116392468 ], [ 13.648973764230114, 10.766963799127643 ], [ 13.647611462824793, 10.76627713280617 ], [ 13.646760799148199, 10.766689828395169 ], [ 13.646262712754961, 10.767238285180566 ], [ 13.641471150662872, 10.767028335421386 ], [ 13.641550215078919, 10.763822728036734 ], [ 13.64069089991728, 10.762626324040532 ], [ 13.640942752975256, 10.761907754766495 ], [ 13.641368206103587, 10.761918283066722 ], [ 13.641750797064974, 10.761084697137985 ], [ 13.643092776003455, 10.759403067226511 ], [ 13.642813976673223, 10.758363850824544 ], [ 13.641705357612583, 10.758120541715586 ], [ 13.641429957173408, 10.757302629884281 ], [ 13.640321341382435, 10.757059313706963 ], [ 13.640029376223106, 10.755159679992088 ], [ 13.639586307279631, 10.754765860443488 ], [ 13.64027621645891, 10.754113638948304 ], [ 13.640000382725303, 10.753266672111707 ], [ 13.639708094415054, 10.752740630560591 ], [ 13.639387651934909, 10.751492290451008 ], [ 13.637604342438538, 10.750799428981409 ], [ 13.635323829005356, 10.750922828472447 ], [ 13.634266376457557, 10.750390258325927 ], [ 13.632766440922399, 10.750060299837502 ], [ 13.632824380440512, 10.747698947878913 ], [ 13.632735851251299, 10.746101078312524 ], [ 13.633306757042108, 10.745562125683136 ], [ 13.633022694506277, 10.744174275833082 ], [ 13.632734562418381, 10.74391865145272 ], [ 13.632446314178823, 10.742536145529035 ], [ 13.631611158285001, 10.741794190950054 ], [ 13.631315748099754, 10.73987185393989 ], [ 13.630229495499002, 10.739549420738845 ], [ 13.629907100185935, 10.737187925455318 ], [ 13.629604352014725, 10.736113629516971 ], [ 13.630408872139796, 10.734919266475504 ], [ 13.630110439943792, 10.732586469833503 ], [ 13.628738177661981, 10.732284663539438 ], [ 13.628985260990611, 10.731250770835103 ], [ 13.629431198298947, 10.7303867365353 ], [ 13.624957656957294, 10.724794794793571 ], [ 13.623741451246197, 10.724393179082295 ], [ 13.622388196248922, 10.725127602246561 ], [ 13.622049879407514, 10.724872176144935 ], [ 13.622085449775961, 10.723417718401588 ], [ 13.621735285367237, 10.722172399688436 ], [ 13.621451780730233, 10.720813557947304 ], [ 13.620898326918489, 10.720321999270617 ], [ 13.620869968220326, 10.719791989951624 ], [ 13.620901080724472, 10.719724060842015 ], [ 13.6179504, 10.7160357 ], [ 13.6105858, 10.7080742 ], [ 13.597128616432443, 10.693525581653306 ], [ 13.596310736408238, 10.693867798910366 ], [ 13.595594276314703, 10.693613145283205 ], [ 13.595201211843126, 10.692840704413515 ], [ 13.593937277718666, 10.692555551000366 ], [ 13.593653853507538, 10.691472411528734 ], [ 13.5928231078301, 10.691219433168905 ], [ 13.592452181566046, 10.690142864072186 ], [ 13.591990463456161, 10.690414893596284 ], [ 13.590940337037583, 10.692052896194326 ], [ 13.590377592630684, 10.69207281159172 ], [ 13.588767381637339, 10.692063774181822 ], [ 13.588464148975968, 10.692360412155688 ], [ 13.587471885721889, 10.693727578381694 ], [ 13.586566359592448, 10.69347568477767 ], [ 13.586021715670547, 10.693207907679101 ], [ 13.585190962362111, 10.692954908237525 ], [ 13.584360663516534, 10.691879795458958 ], [ 13.583935959487095, 10.69148820106617 ], [ 13.583269067132692, 10.68955581761225 ], [ 13.582948678835107, 10.68892493062121 ], [ 13.579932007011459, 10.688388095718716 ], [ 13.580187462102996, 10.68761295548715 ], [ 13.580736784107541, 10.687339653680585 ], [ 13.580995617709419, 10.686789539364074 ], [ 13.581342032857878, 10.686451062499128 ], [ 13.58097538284197, 10.685442554805851 ], [ 13.580978968205503, 10.684898833717407 ], [ 13.580940557747931, 10.683835309126822 ], [ 13.581222738773413, 10.683274815064527 ], [ 13.581492555845012, 10.679258592325947 ], [ 13.582798402661187, 10.678923459783828 ], [ 13.583310298215286, 10.678380132001797 ], [ 13.5731213, 10.6672091 ], [ 13.560833, 10.64361 ], [ 13.5595561, 10.6398461 ], [ 13.5559275, 10.6291508 ], [ 13.5556067, 10.6280537 ], [ 13.5541699, 10.5662591 ], [ 13.5416063, 10.4988727 ], [ 13.5379336, 10.4819807 ], [ 13.5318244, 10.4538789 ], [ 13.5318745, 10.4538698 ], [ 13.5188149, 10.3937957 ], [ 13.493885, 10.3906408 ], [ 13.4921623, 10.3898013 ], [ 13.4940547, 10.3887708 ], [ 13.4986809, 10.3372217 ], [ 13.4958451, 10.3222342 ], [ 13.4875489, 10.27811 ], [ 13.5109446, 10.2733848 ], [ 13.514541470308302, 10.264392540249085 ], [ 13.514407491000332, 10.264397118786693 ], [ 13.513315317703276, 10.263302171966153 ], [ 13.513032048884863, 10.26304086250672 ], [ 13.512750605907611, 10.262757862339164 ], [ 13.511256438482484, 10.262808787236571 ], [ 13.510300308390006, 10.262803075315592 ], [ 13.509569753207206, 10.262828039662404 ], [ 13.509195746221861, 10.261736284284048 ], [ 13.508912481198902, 10.261474969151934 ], [ 13.508606509090317, 10.259762979500628 ], [ 13.507517711056133, 10.259054212550726 ], [ 13.506714634366601, 10.259081232365924 ], [ 13.506149438675401, 10.258802695244372 ], [ 13.505317834931505, 10.25854846864803 ], [ 13.505819072094997, 10.257551274161253 ], [ 13.505002939301908, 10.256355214670956 ], [ 13.504462359162327, 10.255855457834386 ], [ 13.503934162821469, 10.255325936268317 ], [ 13.503358472005276, 10.255059162376607 ], [ 13.50308786940418, 10.254787092550323 ], [ 13.502804615798134, 10.254525767205399 ], [ 13.502397647027347, 10.25411767671622 ], [ 13.501697058424922, 10.253469537872093 ], [ 13.501698966201547, 10.253151938923683 ], [ 13.500585383321877, 10.252121677853703 ], [ 13.500310960064969, 10.251579112347368 ], [ 13.499208419851536, 10.25132914753666 ], [ 13.498937823880381, 10.251057071327793 ], [ 13.496196697709333, 10.250829816757404 ], [ 13.495923940193235, 10.250555653767339 ], [ 13.49486802214264, 10.251113492036847 ], [ 13.493471223658101, 10.250804701042831 ], [ 13.49398891662412, 10.2492318467493 ], [ 13.494264669786594, 10.248962765156154 ], [ 13.494527472295571, 10.248683293574825 ], [ 13.494803224526374, 10.24841421191187 ], [ 13.495060654287956, 10.247300983220718 ], [ 13.497242842552611, 10.247315133366483 ], [ 13.497489495575985, 10.245666248968984 ], [ 13.49776142167318, 10.245126674615076 ], [ 13.497997473241574, 10.242953757133266 ], [ 13.49826939796033, 10.242414183643959 ], [ 13.498520731666536, 10.241323236284305 ], [ 13.499449495224685, 10.240074950133941 ], [ 13.499832688223391, 10.237517431623607 ], [ 13.500646384895859, 10.237112494330852 ], [ 13.500308995042277, 10.235660350680323 ], [ 13.49762204319148, 10.235179195622319 ], [ 13.497573590678341, 10.233786979702334 ], [ 13.498131934067615, 10.232676461842601 ], [ 13.498404183846556, 10.229815588490325 ], [ 13.499171984463514, 10.229410239581268 ], [ 13.499720799685827, 10.229137382257681 ], [ 13.499983586608503, 10.228857915019521 ], [ 13.500532399788698, 10.228585057016 ], [ 13.500795185465508, 10.228305589610567 ], [ 13.501613255604919, 10.227758458324033 ], [ 13.501876039582024, 10.22747899072702 ], [ 13.502653689291783, 10.2270919965171 ], [ 13.50267459499298, 10.223810836572756 ], [ 13.502359881382974, 10.222602502085554 ], [ 13.502069036665336, 10.221800181124264 ], [ 13.501790844861441, 10.220987114919449 ], [ 13.500675592285273, 10.219221816090355 ], [ 13.500661651477049, 10.218838385084236 ], [ 13.501161868205774, 10.217843873146146 ], [ 13.5015967095528, 10.21652582417782 ], [ 13.501169730734599, 10.216131198563604 ], [ 13.500899176856494, 10.215859111555748 ], [ 13.499990082179941, 10.215017621481643 ], [ 13.4636097, 10.2174988 ], [ 13.4669113, 10.2121115 ], [ 13.4688873, 10.2088871 ], [ 13.4708328, 10.2041664 ], [ 13.4713879, 10.1977768 ], [ 13.470205577672994, 10.192260215174704 ], [ 13.469978461524729, 10.192205863926633 ], [ 13.467788095362982, 10.191813129887217 ], [ 13.468026676085806, 10.189797601807699 ], [ 13.468306113145344, 10.188951458503318 ], [ 13.466758417421074, 10.187517880889008 ], [ 13.467176242907367, 10.187108969302086 ], [ 13.467435277937966, 10.186559025965327 ], [ 13.467711031895258, 10.186289979766762 ], [ 13.468256701252693, 10.184769465837419 ], [ 13.4622211, 10.1719437 ], [ 13.459425160646369, 10.167234010473242 ], [ 13.458491139344483, 10.167698852140525 ], [ 13.457890173837274, 10.168286213488503 ], [ 13.457113264805841, 10.169109543464224 ], [ 13.456043221762888, 10.169642529706659 ], [ 13.455474878672961, 10.170198267556167 ], [ 13.455114222300978, 10.170960435815086 ], [ 13.454655512388536, 10.170500076439069 ], [ 13.453545739140457, 10.169708801331144 ], [ 13.453275265286639, 10.169436640138491 ], [ 13.452719095271403, 10.169178940199579 ], [ 13.452728555681274, 10.167861938254159 ], [ 13.452145992266745, 10.166778113483595 ], [ 13.452393432728575, 10.165390229052289 ], [ 13.452941570321334, 10.164300519740044 ], [ 13.452370993321473, 10.163772449953761 ], [ 13.452093024516785, 10.162959263886748 ], [ 13.450990788347292, 10.162708988144487 ], [ 13.449777048168341, 10.162110395634292 ], [ 13.449075684072463, 10.162459195379757 ], [ 13.448808649712442, 10.162742373833046 ], [ 13.448532254019913, 10.162196023566214 ], [ 13.447523533283917, 10.160764446189571 ], [ 13.447125841497643, 10.159238949479228 ], [ 13.44602361604168, 10.158988649820323 ], [ 13.445492454922377, 10.158455267214254 ], [ 13.44493235941113, 10.158451778322668 ], [ 13.444118741842583, 10.159014527534598 ], [ 13.443569933224598, 10.159287260699918 ], [ 13.443230804636864, 10.160374125341242 ], [ 13.442485329897476, 10.15984840379409 ], [ 13.442211131828122, 10.159305711435563 ], [ 13.440455054321369, 10.158906789306355 ], [ 13.439182661248925, 10.157999267834578 ], [ 13.438774684709093, 10.157193102980463 ], [ 13.438196334382665, 10.157567162289187 ], [ 13.437387009103364, 10.158827924390845 ], [ 13.435124379783112, 10.158904575390006 ], [ 13.434367640322824, 10.15779398346592 ], [ 13.43256004776069, 10.158145585274216 ], [ 13.43184719679931, 10.158900890010688 ], [ 13.431260234097552, 10.159193147912783 ], [ 13.430493754128419, 10.16000519413946 ], [ 13.429371792309551, 10.159485059773608 ], [ 13.428828297564802, 10.159216561939427 ], [ 13.423630366067728, 10.15902159054148 ], [ 13.423341293635971, 10.157396783194777 ], [ 13.422758834376534, 10.154762352131478 ], [ 13.423018564290604, 10.153868914936432 ], [ 13.423984848547226, 10.152923654682338 ], [ 13.424607001139421, 10.150615391280573 ], [ 13.426774482840798, 10.150060811590143 ], [ 13.427595526530709, 10.149492717087139 ], [ 13.428144347132626, 10.149220012039482 ], [ 13.428410516238117, 10.146781283171105 ], [ 13.42947964473834, 10.147032113154381 ], [ 13.429757533120105, 10.14784534920282 ], [ 13.430859727416161, 10.148095725562399 ], [ 13.431267666830456, 10.148901913950077 ], [ 13.43195939746496, 10.148627270618059 ], [ 13.432218502528961, 10.148077341956803 ], [ 13.433859449634451, 10.147789850170074 ], [ 13.434572273207845, 10.147034024724793 ], [ 13.436017594154224, 10.145866658174931 ], [ 13.4362804220599, 10.145587246888782 ], [ 13.437102254178834, 10.14531083558933 ], [ 13.437365080514974, 10.145031424016205 ], [ 13.438156578631048, 10.144257621570073 ], [ 13.43816385941704, 10.143116358484129 ], [ 13.4186244, 10.1267239 ], [ 13.416097954320881, 10.124604404957806 ], [ 13.414202517677216, 10.125546887553536 ], [ 13.413643167991264, 10.126140478634365 ], [ 13.412870175639576, 10.126166726807462 ], [ 13.409801116680478, 10.125764059178957 ], [ 13.408200081228777, 10.128654633250859 ], [ 13.407112603515932, 10.129475686994439 ], [ 13.406605791802303, 10.130012551581526 ], [ 13.405765032661979, 10.130310802551795 ], [ 13.404670142615267, 10.130590795879932 ], [ 13.404410982158613, 10.131140717052629 ], [ 13.403998344211866, 10.131544197134934 ], [ 13.403339059061825, 10.132242705108528 ], [ 13.402102192352029, 10.133452601714851 ], [ 13.400664772960909, 10.134974874938541 ], [ 13.398999312459882, 10.135266741473997 ], [ 13.398190370861034, 10.135553457078744 ], [ 13.397095447403267, 10.135833435262496 ], [ 13.396756131049825, 10.136920308655421 ], [ 13.396020921248475, 10.136513725373266 ], [ 13.395916375867586, 10.133466330863525 ], [ 13.396509035775722, 10.132886574030124 ], [ 13.396514746806529, 10.132054671733167 ], [ 13.394855833841754, 10.131810018201813 ], [ 13.394559598881175, 10.129644047159873 ], [ 13.393457450014505, 10.129393509447455 ], [ 13.393175987644543, 10.128309663523281 ], [ 13.392747077944081, 10.127912174118849 ], [ 13.393164993669906, 10.127503349311491 ], [ 13.393424176943428, 10.12695343010637 ], [ 13.394511703388751, 10.126132410678835 ], [ 13.395525367795786, 10.125058179343254 ], [ 13.396399053790912, 10.12474894577951 ], [ 13.396945261123854, 10.124752728698752 ], [ 13.397468909988596, 10.124197682907377 ], [ 13.400196190876725, 10.123395377411599 ], [ 13.400202594283245, 10.122535989440408 ], [ 13.400183477497315, 10.12199508585574 ], [ 13.400191177140618, 10.120917947551824 ], [ 13.399504141035258, 10.120598968508082 ], [ 13.400140730008404, 10.119331609158987 ], [ 13.400145575477501, 10.118748634826188 ], [ 13.400135456868464, 10.118476076319133 ], [ 13.400400170500705, 10.117394439078652 ], [ 13.400386073675843, 10.116986644003299 ], [ 13.400399420834205, 10.11507179618784 ], [ 13.399920658330366, 10.113676686876108 ], [ 13.399252686294206, 10.113346347283962 ], [ 13.398423619439225, 10.113092149371981 ], [ 13.397892605855942, 10.112558094397247 ], [ 13.396512422505062, 10.113112437338826 ], [ 13.396076061176917, 10.113575409207337 ], [ 13.394215857938068, 10.114051082234045 ], [ 13.393135953069834, 10.115194884842239 ], [ 13.39051397752648, 10.115738859931831 ], [ 13.388771513434925, 10.116324975676765 ], [ 13.388122719677023, 10.117012743753826 ], [ 13.385912516699909, 10.116776959019329 ], [ 13.385642140211688, 10.116504698139092 ], [ 13.384813060152261, 10.116250464688678 ], [ 13.383947352967606, 10.115969763392043 ], [ 13.379775336967914, 10.116430227849495 ], [ 13.379128612711046, 10.117115316475097 ], [ 13.377710533557464, 10.117162755036118 ], [ 13.376809691552385, 10.11625835249024 ], [ 13.374015657512693, 10.116864221441922 ], [ 13.372557291859811, 10.116143742346869 ], [ 13.372015354909447, 10.116140384146396 ], [ 13.36951545050805, 10.116490738202973 ], [ 13.36760860671664, 10.116209036231401 ], [ 13.367064141964679, 10.115940396812125 ], [ 13.364926334832068, 10.116012141584291 ], [ 13.36459577205741, 10.115705775076691 ], [ 13.365139415355463, 10.114888891564634 ], [ 13.365398655109592, 10.1143389784399 ], [ 13.366216895151267, 10.113792210072194 ], [ 13.366479793549777, 10.113512840033767 ], [ 13.366759841649287, 10.113239584757657 ], [ 13.365926484820434, 10.112984293425617 ], [ 13.365519875772129, 10.112575879549381 ], [ 13.365096417866351, 10.112183543392524 ], [ 13.364826057203267, 10.111911256267449 ], [ 13.3620857795584, 10.111682327174693 ], [ 13.361791482512364, 10.110822660085276 ], [ 13.36069504408202, 10.109806626393906 ], [ 13.359814617992205, 10.108513956734008 ], [ 13.358488896324342, 10.108212316732546 ], [ 13.358143501767284, 10.106885062973163 ], [ 13.356569967887593, 10.10687420290162 ], [ 13.356002251102069, 10.107173459303983 ], [ 13.353898508305631, 10.107159039578251 ], [ 13.352205566663725, 10.107865868630881 ], [ 13.349296680165928, 10.107315067887791 ], [ 13.347833367139145, 10.107806908052266 ], [ 13.34718831834746, 10.108147342249845 ], [ 13.344050568657879, 10.107791897539562 ], [ 13.345096758116112, 10.109277995543685 ], [ 13.345153492621282, 10.110956860190869 ], [ 13.345139899106298, 10.112957990265269 ], [ 13.345725391207697, 10.113501488047159 ], [ 13.345477256026468, 10.114878903042957 ], [ 13.345201391015232, 10.115147864006333 ], [ 13.3444069614648, 10.11651664876227 ], [ 13.343584665734134, 10.116925492096541 ], [ 13.343616423475531, 10.1178578989404 ], [ 13.343083186486549, 10.118423060309281 ], [ 13.34196504779549, 10.118172527621514 ], [ 13.341694691434192, 10.117900215398816 ], [ 13.340604049475187, 10.117394040037667 ], [ 13.340318556765892, 10.117106599119831 ], [ 13.338178335106264, 10.116449908173445 ], [ 13.337574518860764, 10.115257615802975 ], [ 13.33619381997055, 10.114996252231689 ], [ 13.334132125250774, 10.11462547593851 ], [ 13.333230291358156, 10.113720385790275 ], [ 13.332622469264892, 10.113419742619149 ], [ 13.330974256840895, 10.113176149307337 ], [ 13.330703911947046, 10.112903822342385 ], [ 13.330280476847287, 10.112511423666676 ], [ 13.329873895177228, 10.112102946426843 ], [ 13.329590895540278, 10.11184135608708 ], [ 13.329063208523113, 10.111311325691847 ], [ 13.327932870586777, 10.110786057896984 ], [ 13.327366365172544, 10.109667757579142 ], [ 13.324553519485711, 10.109761322229154 ], [ 13.322459170663381, 10.109499759331213 ], [ 13.322047167081351, 10.108685428231333 ], [ 13.321618313352698, 10.107887172960721 ], [ 13.321340737538938, 10.107073714656298 ], [ 13.319669030544686, 10.10682665625418 ], [ 13.318556518884449, 10.106276796953361 ], [ 13.316685202134675, 10.106339418194517 ], [ 13.315075316504704, 10.106328304634307 ], [ 13.313992713972857, 10.106899053202534 ], [ 13.313417984992217, 10.106918220131266 ], [ 13.312902213079408, 10.106399621399477 ], [ 13.312315890034192, 10.106109744700953 ], [ 13.309606301212293, 10.105709219299023 ], [ 13.30929435939869, 10.104796294751912 ], [ 13.308192248765742, 10.104545406495362 ], [ 13.307911100187853, 10.103461357388325 ], [ 13.306808993687225, 10.103210462133948 ], [ 13.30652785232571, 10.102126409373861 ], [ 13.304060538899595, 10.101893369033506 ], [ 13.303529643490947, 10.10135908787832 ], [ 13.302418608792639, 10.101638944758221 ], [ 13.302162844449734, 10.102459414935813 ], [ 13.301750045022528, 10.102862804697034 ], [ 13.300842230651384, 10.103824463879423 ], [ 13.300259544309894, 10.103566753557054 ], [ 13.299193224574189, 10.103039462245295 ], [ 13.297798462790579, 10.103323014948561 ], [ 13.297443958585307, 10.103698685211446 ], [ 13.295624886525818, 10.104163250260044 ], [ 13.294854849745835, 10.104978809813899 ], [ 13.294273710476062, 10.104998025768772 ], [ 13.293772275947566, 10.104994529321145 ], [ 13.292635742741121, 10.105284736661982 ], [ 13.291890941265278, 10.106073536380231 ], [ 13.291291344955289, 10.106390033178041 ], [ 13.289018536042526, 10.10731293065456 ], [ 13.287824507655177, 10.108576939175252 ], [ 13.28640735102722, 10.108623957473192 ], [ 13.285240831139836, 10.107862718626743 ], [ 13.284763227795793, 10.108369481913176 ], [ 13.283369536292572, 10.108657730629179 ], [ 13.282316496310639, 10.109213215038968 ], [ 13.281221388116361, 10.109492810307787 ], [ 13.280673685800775, 10.110345630448036 ], [ 13.280146050802422, 10.110861499618737 ], [ 13.280433730919992, 10.111397409154478 ], [ 13.280707637437525, 10.111940369371712 ], [ 13.281267671439579, 10.112982257660397 ], [ 13.281290918128397, 10.113689161196779 ], [ 13.281286061857001, 10.114368417992198 ], [ 13.28199138199045, 10.115022564211142 ], [ 13.28318291311817, 10.116219010048912 ], [ 13.284277834463921, 10.116727474160506 ], [ 13.284620285514306, 10.118654869590729 ], [ 13.284906867923382, 10.119187083392603 ], [ 13.285201586038134, 10.119769403745547 ], [ 13.286265545755125, 10.120756598816294 ], [ 13.286768749932321, 10.121693495157762 ], [ 13.286305347929543, 10.122145641122954 ], [ 13.285778283314935, 10.122704328681982 ], [ 13.284728265681986, 10.12373020939491 ], [ 13.284713772701947, 10.125689743905191 ], [ 13.287153472320627, 10.12599457898534 ], [ 13.287476860325672, 10.128089231009172 ], [ 13.288030413864663, 10.129120072164763 ], [ 13.288059801282065, 10.129965368854666 ], [ 13.28778226810339, 10.13051551635508 ], [ 13.287430266197635, 10.131642758463622 ], [ 13.286444977353183, 10.132161984481231 ], [ 13.285622883594471, 10.132438056791676 ], [ 13.285395884654628, 10.135423113514861 ], [ 13.284640699325776, 10.136558796976066 ], [ 13.284335979353896, 10.137872531620546 ], [ 13.283524097526316, 10.138275853057053 ], [ 13.283520772013402, 10.138827706328069 ], [ 13.283534742199892, 10.139236095753066 ], [ 13.283009620977714, 10.140824388333561 ], [ 13.283305679847548, 10.143027758877297 ], [ 13.283964842667165, 10.143333632769512 ], [ 13.283599574774627, 10.144106394659119 ], [ 13.283033988816728, 10.144658725215804 ], [ 13.282262961774983, 10.146288820224735 ], [ 13.281783762829743, 10.147239609126711 ], [ 13.282288110594337, 10.148177542751361 ], [ 13.282565680481717, 10.148991058823807 ], [ 13.283132923409919, 10.150565073787851 ], [ 13.282877609584069, 10.151422555081602 ], [ 13.282338345588951, 10.151949175073019 ], [ 13.282333742954876, 10.15264481233946 ], [ 13.282356658063541, 10.15332370459117 ], [ 13.28207764862052, 10.154164583089281 ], [ 13.28211406427344, 10.155215928602079 ], [ 13.281832839143771, 10.155490226721353 ], [ 13.281587846835988, 10.157122435911946 ], [ 13.281311884148087, 10.157391379456392 ], [ 13.281099349687848, 10.161458744465429 ], [ 13.280560078545298, 10.161985897894192 ], [ 13.280863135309657, 10.164709274977056 ], [ 13.281691761989, 10.165476988878 ], [ 13.28198865576277, 10.16661689178963 ], [ 13.28300959654184, 10.167562846389288 ], [ 13.281761224713035, 10.170043843214497 ], [ 13.281753086386965, 10.171193026001216 ], [ 13.282851626715271, 10.171156434620011 ], [ 13.283399960881486, 10.171707401562317 ], [ 13.284244229888753, 10.171966426798512 ], [ 13.284518235978563, 10.172509358600724 ], [ 13.284801289473045, 10.172770980419934 ], [ 13.285075297571632, 10.173313911067734 ], [ 13.285550671062927, 10.173754303528783 ], [ 13.286745598539783, 10.175181045653375 ], [ 13.287050282409135, 10.175783296268575 ], [ 13.288365149491632, 10.177001790390428 ], [ 13.288975766877082, 10.178139140089694 ], [ 13.288424903135686, 10.178677035782513 ], [ 13.288183597695154, 10.180579811681261 ], [ 13.287552011243523, 10.182182739022393 ], [ 13.286724376798992, 10.185163530708568 ], [ 13.287975580930942, 10.18544837115325 ], [ 13.288298446256803, 10.186689921330785 ], [ 13.289109123415194, 10.187066695690255 ], [ 13.289636948629123, 10.187596764842315 ], [ 13.290466263578249, 10.187851194296892 ], [ 13.290740302908796, 10.188394110620543 ], [ 13.291763560797246, 10.188708354443648 ], [ 13.292131475188153, 10.189726782516097 ], [ 13.291609691104524, 10.190762726726096 ], [ 13.291601328313357, 10.191890228274932 ], [ 13.292650839679885, 10.193843141766184 ], [ 13.29173862515672, 10.194808645279997 ], [ 13.290840983217363, 10.195428814269189 ], [ 13.29002238487659, 10.195975530705583 ], [ 13.289759356363369, 10.196254893546399 ], [ 13.289483383302093, 10.196523854526694 ], [ 13.288806030260185, 10.1975777055658 ], [ 13.287050602638336, 10.198450169861532 ], [ 13.286787569381147, 10.198729532155797 ], [ 13.282687745904465, 10.199048745560464 ], [ 13.282360878642706, 10.200458990789615 ], [ 13.281630657976324, 10.201232871672484 ], [ 13.280808402213212, 10.201509005081673 ], [ 13.280560499716101, 10.203158708020659 ], [ 13.27869220663769, 10.205968728892154 ], [ 13.278687409718815, 10.206646928699898 ], [ 13.278976178474641, 10.207491996184206 ], [ 13.279259272340347, 10.207753611659616 ], [ 13.279536950261477, 10.208567110266157 ], [ 13.279869755457684, 10.208875113377156 ], [ 13.279849592416866, 10.211672489229914 ], [ 13.279872524080348, 10.212348737724728 ], [ 13.279318085564404, 10.212624001808846 ], [ 13.279039653126272, 10.213826424689131 ], [ 13.276885129239492, 10.214550314466985 ], [ 13.276622076204303, 10.214829677338686 ], [ 13.276089050622071, 10.215349907798029 ], [ 13.275813891697165, 10.216478820447939 ], [ 13.275847678845814, 10.217487921092211 ], [ 13.275580967930603, 10.21916800806177 ], [ 13.275339651230857, 10.221070814621227 ], [ 13.274804987672271, 10.222425661722278 ], [ 13.274567295874327, 10.224599044309548 ], [ 13.274302162825945, 10.225679729452326 ], [ 13.274049974887147, 10.226770817195664 ], [ 13.27377759176653, 10.227310354799082 ], [ 13.273518153542573, 10.227860294684502 ], [ 13.273167801202899, 10.228554668053805 ], [ 13.274370691246155, 10.230794213373091 ], [ 13.274107981720267, 10.231100002790505 ], [ 13.272457638985225, 10.231388621225095 ], [ 13.271814171572251, 10.232748605213684 ], [ 13.271114900608454, 10.2324924592046 ], [ 13.270589151116647, 10.23196446469383 ], [ 13.269737409997793, 10.231958212354012 ], [ 13.269209143578099, 10.232517498400872 ], [ 13.268927862962054, 10.232791816568716 ], [ 13.268952218871867, 10.233495012036355 ], [ 13.266634460428408, 10.23431512270135 ], [ 13.265194886939831, 10.233847742909937 ], [ 13.263118694392587, 10.234297838492271 ], [ 13.26235191130074, 10.233941600850144 ], [ 13.261562206893354, 10.233148008709259 ], [ 13.260758923620552, 10.233174926636488 ], [ 13.260464994950157, 10.232902868467942 ], [ 13.259967372334408, 10.232402495628579 ], [ 13.256672440462065, 10.232379066332784 ], [ 13.255824359402981, 10.233207869832894 ], [ 13.255284913022773, 10.234931201120746 ], [ 13.251342037804292, 10.234902997203916 ], [ 13.250657150382063, 10.234925700690708 ], [ 13.249558895659842, 10.234122889708043 ], [ 13.248175875159248, 10.233334367960589 ], [ 13.247901823333036, 10.232791403054803 ], [ 13.247097451679661, 10.232817773507815 ], [ 13.246009146123251, 10.232280159672289 ], [ 13.245168110424519, 10.2326791210096 ], [ 13.245447731423841, 10.233640649568905 ], [ 13.246277638925536, 10.234409456657446 ], [ 13.246313178398566, 10.235475130164238 ], [ 13.246032918461184, 10.236068683487549 ], [ 13.245301328521268, 10.236431861102526 ], [ 13.244694057777847, 10.237715251822204 ], [ 13.243868044501415, 10.238522081734972 ], [ 13.2438958512158, 10.239327799465695 ], [ 13.2434864443445, 10.2397612961581 ], [ 13.242251576169311, 10.239360378810165 ], [ 13.241391018212417, 10.239096227976168 ], [ 13.239364898818307, 10.237061743559194 ], [ 13.238578701800638, 10.23789447315488 ], [ 13.233186029378524, 10.238648779731017 ], [ 13.232411495265001, 10.237870223571226 ], [ 13.232307986126683, 10.239398653833629 ], [ 13.232963925810063, 10.240006964284351 ], [ 13.232740563461688, 10.243278643428621 ], [ 13.231826557140971, 10.243732454859838 ], [ 13.231392594767998, 10.244649392033942 ], [ 13.230677865385523, 10.245722750231144 ], [ 13.23114535842222, 10.247088337036422 ], [ 13.231547347646034, 10.247459977445352 ], [ 13.232269936032393, 10.24946710752557 ], [ 13.232010901724472, 10.250054043715544 ], [ 13.231734831620084, 10.250322993384456 ], [ 13.231497581443394, 10.252789295361229 ], [ 13.229943358907891, 10.2527783785987 ], [ 13.229059693173136, 10.254152068112111 ], [ 13.228646646172161, 10.254555479367951 ], [ 13.228224569233269, 10.255002352492108 ], [ 13.226608412185916, 10.254990644321188 ], [ 13.226054687552706, 10.255008960380684 ], [ 13.223932707668801, 10.253960921381466 ], [ 13.223042433571253, 10.253954541121219 ], [ 13.221532763526126, 10.254004851263071 ], [ 13.220275862185053, 10.253718323602197 ], [ 13.219218953852458, 10.252656385340295 ], [ 13.218164729443338, 10.253165386780855 ], [ 13.216685537658321, 10.25430788146261 ], [ 13.215116438243735, 10.254062921434855 ], [ 13.213394256630004, 10.25305876078191 ], [ 13.212930043885288, 10.253550042388545 ], [ 13.211841499206926, 10.254370817868637 ], [ 13.211333577196612, 10.255995452350238 ], [ 13.210773437191797, 10.256013826410635 ], [ 13.210496958357693, 10.256012129481054 ], [ 13.210237386625495, 10.25656207121879 ], [ 13.209946535110044, 10.256845476128285 ], [ 13.209435667563444, 10.257925693274203 ], [ 13.20916314728276, 10.258465230409923 ], [ 13.209181916407625, 10.258996230038885 ], [ 13.208907842756089, 10.259821759905883 ], [ 13.208651848585957, 10.260642299243772 ], [ 13.208365212320626, 10.260921949348475 ], [ 13.20840181051765, 10.26199347482123 ], [ 13.207857000563427, 10.262525976859569 ], [ 13.208146252005495, 10.263653426490022 ], [ 13.209245326416461, 10.264673093083969 ], [ 13.208759760260472, 10.265729727826788 ], [ 13.208441859855352, 10.26606687526508 ], [ 13.205977999222256, 10.266695659010676 ], [ 13.206057064403904, 10.269040037362803 ], [ 13.205055935644337, 10.270018262835393 ], [ 13.205778928800418, 10.270688127781447 ], [ 13.206049399286579, 10.27096054580484 ], [ 13.206428728067664, 10.271311896427255 ], [ 13.206897733958476, 10.273114676127804 ], [ 13.207403369572596, 10.274055886981968 ], [ 13.206936400052195, 10.275549966057836 ], [ 13.206660286526301, 10.275818911278783 ], [ 13.205861421957774, 10.276917153820619 ], [ 13.205321857472965, 10.277444308063798 ], [ 13.205649915775318, 10.282062137475856 ], [ 13.206756614588892, 10.283086978110598 ], [ 13.206821473773179, 10.284999669387044 ], [ 13.205442174907422, 10.286039921726857 ], [ 13.20543671605437, 10.286916413722208 ], [ 13.205854129401731, 10.288447100953269 ], [ 13.205466300258921, 10.288825337373597 ], [ 13.205210302950981, 10.289645885736368 ], [ 13.204398468513329, 10.290733735037458 ], [ 13.204425975303979, 10.291519937228163 ], [ 13.204096479233671, 10.292513766359285 ], [ 13.20444177868489, 10.29319434307928 ], [ 13.205007054407774, 10.29371876295124 ], [ 13.204998825905772, 10.294788230750532 ], [ 13.205017579825416, 10.295316588837718 ], [ 13.204743500651489, 10.296142130576433 ], [ 13.204762458528789, 10.296685815419927 ], [ 13.204186577181972, 10.296971882916017 ], [ 13.204232177342103, 10.298316582026466 ], [ 13.204225837819262, 10.299125954109803 ], [ 13.205081953364022, 10.299523419399073 ], [ 13.205070652060682, 10.301004179569272 ], [ 13.205905079672938, 10.301777757496561 ], [ 13.205929477475427, 10.302489465438578 ], [ 13.205926364560579, 10.302898114825494 ], [ 13.206751341419064, 10.303281175006578 ], [ 13.206500835142167, 10.304514492612759 ], [ 13.206124300210023, 10.305261553673908 ], [ 13.20733224575757, 10.306023912430096 ], [ 13.207349656248583, 10.306530612869864 ], [ 13.20734162848527, 10.307613290331096 ], [ 13.208415836393405, 10.308112026635726 ], [ 13.207921761126524, 10.309091620710511 ], [ 13.207304246700136, 10.31106500709326 ], [ 13.205770642923746, 10.311827156575898 ], [ 13.206342602814651, 10.313171860275862 ], [ 13.206631118073705, 10.314797245028918 ], [ 13.207734086535238, 10.315048214645717 ], [ 13.208140941140552, 10.315456799913527 ], [ 13.208834909466132, 10.316100564436962 ], [ 13.208579139427417, 10.316936974856706 ], [ 13.207461673692492, 10.317683138268132 ], [ 13.207801991683692, 10.318627005291328 ], [ 13.2077906146095, 10.320178593813198 ], [ 13.208073034683215, 10.320461936888549 ], [ 13.208638367803228, 10.320985270038062 ], [ 13.208633937084835, 10.321534542162189 ], [ 13.208670428100589, 10.322591263595836 ], [ 13.208385127933722, 10.322893647644692 ], [ 13.20784551464307, 10.323420305830922 ], [ 13.20783946318854, 10.324248700111847 ], [ 13.208528075150683, 10.324568497379365 ], [ 13.207871759657804, 10.325872135778891 ], [ 13.207474423860619, 10.327141735239884 ], [ 13.20653711527792, 10.327789352319572 ], [ 13.205500793930604, 10.328137486327977 ], [ 13.205210394941387, 10.330783754242319 ], [ 13.204941456676288, 10.331593910483971 ], [ 13.204960547168493, 10.332145521057042 ], [ 13.204408267842865, 10.332684505140472 ], [ 13.204700936296705, 10.333495787273939 ], [ 13.204423735729113, 10.33376582170653 ], [ 13.203628399077616, 10.335134713937105 ], [ 13.202795068182528, 10.335414652376429 ], [ 13.20286567315436, 10.337509639093623 ], [ 13.202441999856703, 10.338406395489944 ], [ 13.201753277597849, 10.338401643505694 ], [ 13.201215725790846, 10.3386845925533 ], [ 13.200032670379773, 10.339081686357764 ], [ 13.199154696419745, 10.339939439699567 ], [ 13.198811825711143, 10.343057395995551 ], [ 13.197988547141623, 10.343051753495679 ], [ 13.197379725499887, 10.343997445091963 ], [ 13.195556743992192, 10.344610094870879 ], [ 13.195551360537136, 10.345248721857828 ], [ 13.196366465506253, 10.34600351095634 ], [ 13.195312212379184, 10.347417015964727 ], [ 13.194778714742711, 10.34824701763468 ], [ 13.193466339712099, 10.348237176315356 ], [ 13.193161882881746, 10.35015206610932 ], [ 13.193242360559648, 10.352509139005285 ], [ 13.192928184863797, 10.353131708706769 ], [ 13.192686570223037, 10.355034680690167 ], [ 13.191832666667512, 10.355458664132476 ], [ 13.192194080598775, 10.35678075762465 ], [ 13.191781039936258, 10.358559630089436 ], [ 13.19135687983797, 10.358299803100202 ], [ 13.190136504626155, 10.357503777583652 ], [ 13.189163192941095, 10.357781832235748 ], [ 13.188903564596718, 10.35833180187255 ], [ 13.187781226318668, 10.358323703452683 ], [ 13.187837261946568, 10.359968012933349 ], [ 13.186951748990996, 10.360265007311028 ], [ 13.185662117824062, 10.361890385280068 ], [ 13.186217803485938, 10.362404882722462 ], [ 13.186236892067717, 10.36295703436639 ], [ 13.185600199299971, 10.364220261621286 ], [ 13.185973572749649, 10.364594937957211 ], [ 13.186530125525616, 10.364853044209637 ], [ 13.186527354781383, 10.365126373236537 ], [ 13.186553542440958, 10.36589093426301 ], [ 13.186282815314138, 10.367292644251158 ], [ 13.186293024975102, 10.367578491204847 ], [ 13.185495063459786, 10.36835802929183 ], [ 13.185488142604937, 10.369202314354846 ], [ 13.185855129376071, 10.370219865003772 ], [ 13.18552695367374, 10.371637656721386 ], [ 13.185004099849694, 10.372147716153014 ], [ 13.184992944306261, 10.373636436613154 ], [ 13.186419257516784, 10.373132032328169 ], [ 13.18718565859767, 10.373510560086759 ], [ 13.187761574770775, 10.37377792015509 ], [ 13.188537584712467, 10.374557005469056 ], [ 13.189573538384789, 10.375210054143704 ], [ 13.189127642607257, 10.375645109551774 ], [ 13.188868011874531, 10.376195084512551 ], [ 13.188595428312162, 10.376734655420179 ], [ 13.188343007481953, 10.377825834187311 ], [ 13.187814893273137, 10.378341784367278 ], [ 13.187807953950198, 10.379183423868813 ], [ 13.187844417808591, 10.380236998304984 ], [ 13.187349210590426, 10.381219283903388 ], [ 13.188005129179917, 10.382440265696509 ], [ 13.186232147460814, 10.383537037164457 ], [ 13.185144775622321, 10.384076679151317 ], [ 13.184879938244585, 10.384637295567847 ], [ 13.18433599098792, 10.385168254052868 ], [ 13.184043054085516, 10.387467318824466 ], [ 13.18219214961084, 10.388088819894486 ], [ 13.182474851109868, 10.389269754803205 ], [ 13.182760294277179, 10.389534035070792 ], [ 13.18236602859754, 10.389918728192658 ], [ 13.181902047193534, 10.391322972795869 ], [ 13.183564854071035, 10.392371699935886 ], [ 13.183913029669522, 10.393336100686204 ], [ 13.183906395299502, 10.394120121110138 ], [ 13.183932762216701, 10.394896309803054 ], [ 13.18365753932631, 10.395479267347817 ], [ 13.182842777313684, 10.395883730452791 ], [ 13.183115282150686, 10.396298304096394 ], [ 13.183399652466131, 10.396561537801123 ], [ 13.182949193283616, 10.397457610605645 ], [ 13.182614698626086, 10.399282000988322 ], [ 13.182065148723183, 10.399554546492432 ], [ 13.181801892238795, 10.399833923991569 ], [ 13.180749478489508, 10.400356730986138 ], [ 13.180439528556841, 10.400658390017528 ], [ 13.180176269548978, 10.400937767085862 ], [ 13.179626713515978, 10.401210310323473 ], [ 13.17893827097731, 10.402280235879484 ], [ 13.177731334003347, 10.402588322273019 ], [ 13.177475281341341, 10.403408908897742 ], [ 13.176472694228337, 10.403745513293623 ], [ 13.177486027544528, 10.404215438404606 ], [ 13.177778282056734, 10.406111473151617 ], [ 13.178087085280687, 10.406684689611637 ], [ 13.178073276885693, 10.408532915017176 ], [ 13.178367389834298, 10.408805009804336 ], [ 13.179195540157583, 10.40988208047607 ], [ 13.180293794950648, 10.410391581629185 ], [ 13.180605849514217, 10.41232804826868 ], [ 13.180591057554523, 10.414420501972078 ], [ 13.180900650306278, 10.414731507062553 ], [ 13.181362390560604, 10.415159458502336 ], [ 13.181124205473415, 10.415663304885166 ], [ 13.1910077, 10.4096592 ], [ 13.1970723, 10.4089167 ], [ 13.2067881, 10.4156651 ], [ 13.2108441, 10.4207674 ], [ 13.2126348, 10.4251744 ], [ 13.215605, 10.429961 ], [ 13.2185566, 10.4350834 ], [ 13.2191002, 10.438489 ], [ 13.2120777, 10.4410895 ], [ 13.2103914, 10.4420014 ], [ 13.21053, 10.4425443 ], [ 13.2128234, 10.4451936 ], [ 13.2141192, 10.4477308 ], [ 13.2153208, 10.4476427 ], [ 13.2181008, 10.4492926 ], [ 13.2192041, 10.4486127 ], [ 13.2191972, 10.448156 ], [ 13.2195612, 10.4462613 ], [ 13.219256, 10.4436253 ], [ 13.2220283, 10.4428415 ], [ 13.2281248, 10.4434513 ], [ 13.2277318, 10.451862 ], [ 13.2267872, 10.4517107 ], [ 13.2251975, 10.4519734 ], [ 13.2235486, 10.451938 ], [ 13.2232917, 10.4524716 ], [ 13.2240481, 10.4529911 ], [ 13.224154, 10.4533768 ], [ 13.2257076, 10.4532035 ], [ 13.2260601, 10.4544898 ], [ 13.2266491, 10.456205 ], [ 13.2281033, 10.4560263 ], [ 13.2296282, 10.4588223 ], [ 13.2289769, 10.460766 ], [ 13.2308583, 10.4617823 ], [ 13.2345153, 10.4631771 ], [ 13.2371957, 10.4738555 ], [ 13.2385452, 10.4805837 ], [ 13.2391573, 10.4861263 ], [ 13.2464778, 10.5033269 ], [ 13.247999, 10.5079074 ], [ 13.2485977, 10.5110028 ], [ 13.2486124, 10.5110788 ], [ 13.2509462, 10.5231438 ], [ 13.2520429, 10.5352507 ], [ 13.2524257, 10.537997 ], [ 13.2527525, 10.5403423 ], [ 13.2478088, 10.5459504 ], [ 13.2375259, 10.5555201 ], [ 13.2329916, 10.5584822 ], [ 13.2313643, 10.5673759 ], [ 13.229685, 10.5752994 ], [ 13.2291887, 10.5776413 ], [ 13.2325162, 10.5888559 ], [ 13.2391713, 10.6005373 ], [ 13.2582521, 10.6119518 ], [ 13.2609606, 10.6172514 ], [ 13.2646735, 10.6235973 ], [ 13.2656269, 10.6252499 ], [ 13.267766, 10.6299552 ], [ 13.2720942, 10.640195 ], [ 13.2795903, 10.6578416 ], [ 13.2799741, 10.6587169 ], [ 13.2808371, 10.6606846 ], [ 13.2831831, 10.6675444 ], [ 13.2878504, 10.6755428 ], [ 13.2913208, 10.6812744 ], [ 13.2930809, 10.6838017 ], [ 13.2934301, 10.6843152 ], [ 13.29601, 10.6881094 ], [ 13.2970445, 10.689378 ], [ 13.3006668, 10.69382 ], [ 13.3041649, 10.6995335 ], [ 13.3069096, 10.7051802 ], [ 13.308754, 10.7111731 ], [ 13.3112459, 10.7134609 ], [ 13.3123465, 10.7166767 ], [ 13.314744, 10.7232494 ], [ 13.3170652, 10.7297277 ], [ 13.3193855, 10.7372551 ], [ 13.3209113, 10.7441425 ], [ 13.3229322, 10.7532654 ], [ 13.3229589, 10.7589865 ], [ 13.325305, 10.7658463 ], [ 13.3257492, 10.7679498 ], [ 13.3266694, 10.7705715 ], [ 13.328002, 10.7751865 ], [ 13.3289185, 10.7785034 ], [ 13.3323612, 10.7898569 ], [ 13.3358812, 10.8001461 ], [ 13.3347816, 10.8127346 ], [ 13.334794, 10.8153391 ], [ 13.334856, 10.8287535 ], [ 13.3351126, 10.8335381 ], [ 13.3356009, 10.8416853 ], [ 13.3363762, 10.8470755 ], [ 13.3361607, 10.8502712 ], [ 13.3362492, 10.8561518 ], [ 13.3363018, 10.8596468 ], [ 13.3361673, 10.8669089 ], [ 13.3359327, 10.8790646 ], [ 13.3357153, 10.8814163 ], [ 13.3347006, 10.8858585 ], [ 13.3344402, 10.8900003 ], [ 13.33531, 10.8958101 ], [ 13.3359404, 10.9078102 ], [ 13.3428229, 10.9178546 ], [ 13.3428239, 10.9246988 ], [ 13.3434181, 10.9282761 ], [ 13.3457441, 10.9305592 ], [ 13.350379, 10.9316921 ], [ 13.3550034, 10.9305372 ], [ 13.35847, 10.9293852 ], [ 13.3677082, 10.9247885 ], [ 13.3719548, 10.9130178 ], [ 13.3726189, 10.9007017 ], [ 13.37344, 10.8967252 ], [ 13.3764588, 10.8956818 ], [ 13.3829119, 10.8972714 ], [ 13.3886712, 10.8959396 ], [ 13.3906342, 10.8916558 ], [ 13.3803877, 10.8827453 ], [ 13.3831036, 10.8784447 ], [ 13.3914112, 10.878321 ], [ 13.4112745, 10.8802902 ], [ 13.4357457, 10.8888654 ], [ 13.445201, 10.8950938 ], [ 13.4633674, 10.9028227 ], [ 13.4636707, 10.9028292 ], [ 13.4637221, 10.9028292 ], [ 13.4752459, 10.9028026 ], [ 13.4833574, 10.9050722 ], [ 13.4891548, 10.9073477 ], [ 13.4943721, 10.9086436 ], [ 13.5019026, 10.9107504 ], [ 13.5065422, 10.9130287 ], [ 13.5134974, 10.9153004 ], [ 13.5181427, 10.9187231 ], [ 13.5227776, 10.9198561 ], [ 13.5274181, 10.9221334 ], [ 13.5355301, 10.9244032 ], [ 13.5413275, 10.9266787 ], [ 13.5415853, 10.9268052 ], [ 13.5459681, 10.928956 ], [ 13.5494509, 10.9312372 ], [ 13.5517817, 10.9346638 ], [ 13.5564222, 10.9369421 ], [ 13.5633869, 10.9415026 ], [ 13.5687217, 10.944121 ], [ 13.5773077, 10.9483356 ], [ 13.5854149, 10.949461 ], [ 13.5854663, 10.949461 ], [ 13.613244, 10.949398 ], [ 13.6213407, 10.9482346 ], [ 13.6259698, 10.9482241 ], [ 13.6305942, 10.9470692 ], [ 13.6410054, 10.9459019 ], [ 13.645826, 10.9458908 ], [ 13.6481339, 10.9458856 ], [ 13.6514224, 10.945878 ], [ 13.6523507, 10.9455162 ], [ 13.6548365, 10.9445474 ], [ 13.6580894, 10.9443498 ], [ 13.6581308, 10.9443472 ], [ 13.6595897, 10.9447145 ], [ 13.6615039, 10.94471 ], [ 13.6698837, 10.9446917 ], [ 13.6755426, 10.9425518 ], [ 13.6862168, 10.9385154 ], [ 13.6994591, 10.9335079 ], [ 13.7084821, 10.9300958 ], [ 13.7214691, 10.9251849 ], [ 13.7506736, 10.9141413 ], [ 13.7502604, 10.9137247 ], [ 13.7499934, 10.9134556 ], [ 13.7183399, 10.8815422 ], [ 13.7177773, 10.8772221 ], [ 13.7130547, 10.8608322 ], [ 13.712857858933992, 10.860413911062164 ], [ 13.712784900886408, 10.860362204007915 ] ], [ [ 13.691401391475061, 10.84495721506887 ], [ 13.691165737480658, 10.845197739815486 ], [ 13.69106655797747, 10.844869614905486 ], [ 13.691401391475061, 10.84495721506887 ] ], [ [ 13.638521158058674, 10.787945891918103 ], [ 13.638089251089374, 10.786961012166032 ], [ 13.638908482055152, 10.787280487517215 ], [ 13.639023883802009, 10.788044795750409 ], [ 13.638521158058674, 10.787945891918103 ] ] ] } },
{ "type": "Feature", "properties": { "Id": 60, "gridcode": 12, "Shape_Leng": 170.209827542, "Shape_Area": 1214.5913977499999, "NUMB": 19.0, "NAME": "Hawal-Kilunga", "source_state": "Adamawa" }, "geometry": { "type": "MultiPolygon", "coordinates": [ [ [ [ 13.638908482055152, 10.787280487517215 ], [ 13.638089251089374, 10.786961012166032 ], [ 13.638521158058674, 10.787945891918103 ], [ 13.639023883802009, 10.788044795750409 ], [ 13.638908482055152, 10.787280487517215 ] ] ], [ [ [ 13.691165737480658, 10.845197739815486 ], [ 13.691401391475061, 10.84495721506887 ], [ 13.69106655797747, 10.844869614905486 ], [ 13.691165737480658, 10.845197739815486 ] ] ], [ [ [ 13.181362390560604, 10.415159458502336 ], [ 13.180900650306278, 10.414731507062553 ], [ 13.180591057554523, 10.414420501972078 ], [ 13.180605849514217, 10.41232804826868 ], [ 13.180293794950648, 10.410391581629185 ], [ 13.179195540157583, 10.40988208047607 ], [ 13.178367389834298, 10.408805009804336 ], [ 13.178073276885693, 10.408532915017176 ], [ 13.178087085280687, 10.406684689611637 ], [ 13.177778282056734, 10.406111473151617 ], [ 13.177486027544528, 10.404215438404606 ], [ 13.176472694228337, 10.403745513293623 ], [ 13.177475281341341, 10.403408908897742 ], [ 13.177731334003347, 10.402588322273019 ], [ 13.17893827097731, 10.402280235879484 ], [ 13.179626713515978, 10.401210310323473 ], [ 13.180176269548978, 10.400937767085862 ], [ 13.180439528556841, 10.400658390017528 ], [ 13.180749478489508, 10.400356730986138 ], [ 13.181801892238795, 10.399833923991569 ], [ 13.182065148723183, 10.399554546492432 ], [ 13.182614698626086, 10.399282000988322 ], [ 13.182949193283616, 10.397457610605645 ], [ 13.183399652466131, 10.396561537801123 ], [ 13.183115282150686, 10.396298304096394 ], [ 13.182842777313684, 10.395883730452791 ], [ 13.18365753932631, 10.395479267347817 ], [ 13.183932762216701, 10.394896309803054 ], [ 13.183906395299502, 10.394120121110138 ], [ 13.183913029669522, 10.393336100686204 ], [ 13.183564854071035, 10.392371699935886 ], [ 13.181902047193534, 10.391322972795869 ], [ 13.18236602859754, 10.389918728192658 ], [ 13.182760294277179, 10.389534035070792 ], [ 13.182474851109868, 10.389269754803205 ], [ 13.18219214961084, 10.388088819894486 ], [ 13.184043054085516, 10.387467318824466 ], [ 13.18433599098792, 10.385168254052868 ], [ 13.184879938244585, 10.384637295567847 ], [ 13.185144775622321, 10.384076679151317 ], [ 13.186232147460814, 10.383537037164457 ], [ 13.188005129179917, 10.382440265696509 ], [ 13.187349210590426, 10.381219283903388 ], [ 13.187844417808591, 10.380236998304984 ], [ 13.187807953950198, 10.379183423868813 ], [ 13.187814893273137, 10.378341784367278 ], [ 13.188343007481953, 10.377825834187311 ], [ 13.188595428312162, 10.376734655420179 ], [ 13.188868011874531, 10.376195084512551 ], [ 13.189127642607257, 10.375645109551774 ], [ 13.189573538384789, 10.375210054143704 ], [ 13.188537584712467, 10.374557005469056 ], [ 13.187761574770775, 10.37377792015509 ], [ 13.18718565859767, 10.373510560086759 ], [ 13.186419257516784, 10.373132032328169 ], [ 13.184992944306261, 10.373636436613154 ], [ 13.185004099849694, 10.372147716153014 ], [ 13.18552695367374, 10.371637656721386 ], [ 13.185855129376071, 10.370219865003772 ], [ 13.185488142604937, 10.369202314354846 ], [ 13.185495063459786, 10.36835802929183 ], [ 13.186293024975102, 10.367578491204847 ], [ 13.186282815314138, 10.367292644251158 ], [ 13.186553542440958, 10.36589093426301 ], [ 13.186527354781383, 10.365126373236537 ], [ 13.186530125525616, 10.364853044209637 ], [ 13.185973572749649, 10.364594937957211 ], [ 13.185600199299971, 10.364220261621286 ], [ 13.186236892067717, 10.36295703436639 ], [ 13.186217803485938, 10.362404882722462 ], [ 13.185662117824062, 10.361890385280068 ], [ 13.186951748990996, 10.360265007311028 ], [ 13.187837261946568, 10.359968012933349 ], [ 13.187781226318668, 10.358323703452683 ], [ 13.188903564596718, 10.35833180187255 ], [ 13.189163192941095, 10.357781832235748 ], [ 13.190136504626155, 10.357503777583652 ], [ 13.19135687983797, 10.358299803100202 ], [ 13.191781039936258, 10.358559630089436 ], [ 13.192194080598775, 10.35678075762465 ], [ 13.191832666667512, 10.355458664132476 ], [ 13.192686570223037, 10.355034680690167 ], [ 13.192928184863797, 10.353131708706769 ], [ 13.193242360559648, 10.352509139005285 ], [ 13.193161882881746, 10.35015206610932 ], [ 13.193466339712099, 10.348237176315356 ], [ 13.194778714742711, 10.34824701763468 ], [ 13.195312212379184, 10.347417015964727 ], [ 13.196366465506253, 10.34600351095634 ], [ 13.195551360537136, 10.345248721857828 ], [ 13.195556743992192, 10.344610094870879 ], [ 13.197379725499887, 10.343997445091963 ], [ 13.197988547141623, 10.343051753495679 ], [ 13.198811825711143, 10.343057395995551 ], [ 13.199154696419745, 10.339939439699567 ], [ 13.200032670379773, 10.339081686357764 ], [ 13.201215725790846, 10.3386845925533 ], [ 13.201753277597849, 10.338401643505694 ], [ 13.202441999856703, 10.338406395489944 ], [ 13.20286567315436, 10.337509639093623 ], [ 13.202795068182528, 10.335414652376429 ], [ 13.203628399077616, 10.335134713937105 ], [ 13.204423735729113, 10.33376582170653 ], [ 13.204700936296705, 10.333495787273939 ], [ 13.204408267842865, 10.332684505140472 ], [ 13.204960547168493, 10.332145521057042 ], [ 13.204941456676288, 10.331593910483971 ], [ 13.205210394941387, 10.330783754242319 ], [ 13.205500793930604, 10.328137486327977 ], [ 13.20653711527792, 10.327789352319572 ], [ 13.207474423860619, 10.327141735239884 ], [ 13.207871759657804, 10.325872135778891 ], [ 13.208528075150683, 10.324568497379365 ], [ 13.20783946318854, 10.324248700111847 ], [ 13.20784551464307, 10.323420305830922 ], [ 13.208385127933722, 10.322893647644692 ], [ 13.208670428100589, 10.322591263595836 ], [ 13.208633937084835, 10.321534542162189 ], [ 13.208638367803228, 10.320985270038062 ], [ 13.208073034683215, 10.320461936888549 ], [ 13.2077906146095, 10.320178593813198 ], [ 13.207801991683692, 10.318627005291328 ], [ 13.207461673692492, 10.317683138268132 ], [ 13.208579139427417, 10.316936974856706 ], [ 13.208834909466132, 10.316100564436962 ], [ 13.208140941140552, 10.315456799913527 ], [ 13.207734086535238, 10.315048214645717 ], [ 13.206631118073705, 10.314797245028918 ], [ 13.206342602814651, 10.313171860275862 ], [ 13.205770642923746, 10.311827156575898 ], [ 13.207304246700136, 10.31106500709326 ], [ 13.207921761126524, 10.309091620710511 ], [ 13.208415836393405, 10.308112026635726 ], [ 13.20734162848527, 10.307613290331096 ], [ 13.207349656248583, 10.306530612869864 ], [ 13.20733224575757, 10.306023912430096 ], [ 13.206124300210023, 10.305261553673908 ], [ 13.206500835142167, 10.304514492612759 ], [ 13.206751341419064, 10.303281175006578 ], [ 13.205926364560579, 10.302898114825494 ], [ 13.205929477475427, 10.302489465438578 ], [ 13.205905079672938, 10.301777757496561 ], [ 13.205070652060682, 10.301004179569272 ], [ 13.205081953364022, 10.299523419399073 ], [ 13.204225837819262, 10.299125954109803 ], [ 13.204232177342103, 10.298316582026466 ], [ 13.204186577181972, 10.296971882916017 ], [ 13.204762458528789, 10.296685815419927 ], [ 13.204743500651489, 10.296142130576433 ], [ 13.205017579825416, 10.295316588837718 ], [ 13.204998825905772, 10.294788230750532 ], [ 13.205007054407774, 10.29371876295124 ], [ 13.20444177868489, 10.29319434307928 ], [ 13.204096479233671, 10.292513766359285 ], [ 13.204425975303979, 10.291519937228163 ], [ 13.204398468513329, 10.290733735037458 ], [ 13.205210302950981, 10.289645885736368 ], [ 13.205466300258921, 10.288825337373597 ], [ 13.205854129401731, 10.288447100953269 ], [ 13.20543671605437, 10.286916413722208 ], [ 13.205442174907422, 10.286039921726857 ], [ 13.206821473773179, 10.284999669387044 ], [ 13.206756614588892, 10.283086978110598 ], [ 13.205649915775318, 10.282062137475856 ], [ 13.205321857472965, 10.277444308063798 ], [ 13.205861421957774, 10.276917153820619 ], [ 13.206660286526301, 10.275818911278783 ], [ 13.206936400052195, 10.275549966057836 ], [ 13.207403369572596, 10.274055886981968 ], [ 13.206897733958476, 10.273114676127804 ], [ 13.206428728067664, 10.271311896427255 ], [ 13.206049399286579, 10.27096054580484 ], [ 13.205778928800418, 10.270688127781447 ], [ 13.205055935644337, 10.270018262835393 ], [ 13.206057064403904, 10.269040037362803 ], [ 13.205977999222256, 10.266695659010676 ], [ 13.208441859855352, 10.26606687526508 ], [ 13.208759760260472, 10.265729727826788 ], [ 13.209245326416461, 10.264673093083969 ], [ 13.208146252005495, 10.263653426490022 ], [ 13.207857000563427, 10.262525976859569 ], [ 13.20840181051765, 10.26199347482123 ], [ 13.208365212320626, 10.260921949348475 ], [ 13.208651848585957, 10.260642299243772 ], [ 13.208907842756089, 10.259821759905883 ], [ 13.209181916407625, 10.258996230038885 ], [ 13.20916314728276, 10.258465230409923 ], [ 13.209435667563444, 10.257925693274203 ], [ 13.209946535110044, 10.256845476128285 ], [ 13.210237386625495, 10.25656207121879 ], [ 13.210496958357693, 10.256012129481054 ], [ 13.210773437191797, 10.256013826410635 ], [ 13.211333577196612, 10.255995452350238 ], [ 13.211841499206926, 10.254370817868637 ], [ 13.212930043885288, 10.253550042388545 ], [ 13.213394256630004, 10.25305876078191 ], [ 13.215116438243735, 10.254062921434855 ], [ 13.216685537658321, 10.25430788146261 ], [ 13.218164729443338, 10.253165386780855 ], [ 13.219218953852458, 10.252656385340295 ], [ 13.220275862185053, 10.253718323602197 ], [ 13.221532763526126, 10.254004851263071 ], [ 13.223042433571253, 10.253954541121219 ], [ 13.223932707668801, 10.253960921381466 ], [ 13.226054687552706, 10.255008960380684 ], [ 13.226608412185916, 10.254990644321188 ], [ 13.228224569233269, 10.255002352492108 ], [ 13.228646646172161, 10.254555479367951 ], [ 13.229059693173136, 10.254152068112111 ], [ 13.229943358907891, 10.2527783785987 ], [ 13.231497581443394, 10.252789295361229 ], [ 13.231734831620084, 10.250322993384456 ], [ 13.232010901724472, 10.250054043715544 ], [ 13.232269936032393, 10.24946710752557 ], [ 13.231547347646034, 10.247459977445352 ], [ 13.23114535842222, 10.247088337036422 ], [ 13.230677865385523, 10.245722750231144 ], [ 13.231392594767998, 10.244649392033942 ], [ 13.231826557140971, 10.243732454859838 ], [ 13.232740563461688, 10.243278643428621 ], [ 13.232963925810063, 10.240006964284351 ], [ 13.232307986126683, 10.239398653833629 ], [ 13.232411495265001, 10.237870223571226 ], [ 13.233186029378524, 10.238648779731017 ], [ 13.238578701800638, 10.23789447315488 ], [ 13.239364898818307, 10.237061743559194 ], [ 13.241391018212417, 10.239096227976168 ], [ 13.242251576169311, 10.239360378810165 ], [ 13.2434864443445, 10.2397612961581 ], [ 13.2438958512158, 10.239327799465695 ], [ 13.243868044501415, 10.238522081734972 ], [ 13.244694057777847, 10.237715251822204 ], [ 13.245301328521268, 10.236431861102526 ], [ 13.246032918461184, 10.236068683487549 ], [ 13.246313178398566, 10.235475130164238 ], [ 13.246277638925536, 10.234409456657446 ], [ 13.245447731423841, 10.233640649568905 ], [ 13.245168110424519, 10.2326791210096 ], [ 13.246009146123251, 10.232280159672289 ], [ 13.247097451679661, 10.232817773507815 ], [ 13.247901823333036, 10.232791403054803 ], [ 13.248175875159248, 10.233334367960589 ], [ 13.249558895659842, 10.234122889708043 ], [ 13.250657150382063, 10.234925700690708 ], [ 13.251342037804292, 10.234902997203916 ], [ 13.255284913022773, 10.234931201120746 ], [ 13.255824359402981, 10.233207869832894 ], [ 13.256672440462065, 10.232379066332784 ], [ 13.259967372334408, 10.232402495628579 ], [ 13.260464994950157, 10.232902868467942 ], [ 13.260758923620552, 10.233174926636488 ], [ 13.261562206893354, 10.233148008709259 ], [ 13.26235191130074, 10.233941600850144 ], [ 13.263118694392587, 10.234297838492271 ], [ 13.265194886939831, 10.233847742909937 ], [ 13.266634460428408, 10.23431512270135 ], [ 13.268952218871867, 10.233495012036355 ], [ 13.268927862962054, 10.232791816568716 ], [ 13.269209143578099, 10.232517498400872 ], [ 13.269737409997793, 10.231958212354012 ], [ 13.270589151116647, 10.23196446469383 ], [ 13.271114900608454, 10.2324924592046 ], [ 13.271814171572251, 10.232748605213684 ], [ 13.272457638985225, 10.231388621225095 ], [ 13.274107981720267, 10.231100002790505 ], [ 13.274370691246155, 10.230794213373091 ], [ 13.273167801202899, 10.228554668053805 ], [ 13.273518153542573, 10.227860294684502 ], [ 13.27377759176653, 10.227310354799082 ], [ 13.274049974887147, 10.226770817195664 ], [ 13.274302162825945, 10.225679729452326 ], [ 13.274567295874327, 10.224599044309548 ], [ 13.274804987672271, 10.222425661722278 ], [ 13.275339651230857, 10.221070814621227 ], [ 13.275580967930603, 10.21916800806177 ], [ 13.275847678845814, 10.217487921092211 ], [ 13.275813891697165, 10.216478820447939 ], [ 13.276089050622071, 10.215349907798029 ], [ 13.276622076204303, 10.214829677338686 ], [ 13.276885129239492, 10.214550314466985 ], [ 13.279039653126272, 10.213826424689131 ], [ 13.279318085564404, 10.212624001808846 ], [ 13.279872524080348, 10.212348737724728 ], [ 13.279849592416866, 10.211672489229914 ], [ 13.279869755457684, 10.208875113377156 ], [ 13.279536950261477, 10.208567110266157 ], [ 13.279259272340347, 10.207753611659616 ], [ 13.278976178474641, 10.207491996184206 ], [ 13.278687409718815, 10.206646928699898 ], [ 13.27869220663769, 10.205968728892154 ], [ 13.280560499716101, 10.203158708020659 ], [ 13.280808402213212, 10.201509005081673 ], [ 13.281630657976324, 10.201232871672484 ], [ 13.282360878642706, 10.200458990789615 ], [ 13.282687745904465, 10.199048745560464 ], [ 13.286787569381147, 10.198729532155797 ], [ 13.287050602638336, 10.198450169861532 ], [ 13.288806030260185, 10.1975777055658 ], [ 13.289483383302093, 10.196523854526694 ], [ 13.289759356363369, 10.196254893546399 ], [ 13.29002238487659, 10.195975530705583 ], [ 13.290840983217363, 10.195428814269189 ], [ 13.29173862515672, 10.194808645279997 ], [ 13.292650839679885, 10.193843141766184 ], [ 13.291601328313357, 10.191890228274932 ], [ 13.291609691104524, 10.190762726726096 ], [ 13.292131475188153, 10.189726782516097 ], [ 13.291763560797246, 10.188708354443648 ], [ 13.290740302908796, 10.188394110620543 ], [ 13.290466263578249, 10.187851194296892 ], [ 13.289636948629123, 10.187596764842315 ], [ 13.289109123415194, 10.187066695690255 ], [ 13.288298446256803, 10.186689921330785 ], [ 13.287975580930942, 10.18544837115325 ], [ 13.286724376798992, 10.185163530708568 ], [ 13.287552011243523, 10.182182739022393 ], [ 13.288183597695154, 10.180579811681261 ], [ 13.288424903135686, 10.178677035782513 ], [ 13.288975766877082, 10.178139140089694 ], [ 13.288365149491632, 10.177001790390428 ], [ 13.287050282409135, 10.175783296268575 ], [ 13.286745598539783, 10.175181045653375 ], [ 13.285550671062927, 10.173754303528783 ], [ 13.285075297571632, 10.173313911067734 ], [ 13.284801289473045, 10.172770980419934 ], [ 13.284518235978563, 10.172509358600724 ], [ 13.284244229888753, 10.171966426798512 ], [ 13.283399960881486, 10.171707401562317 ], [ 13.282851626715271, 10.171156434620011 ], [ 13.281753086386965, 10.171193026001216 ], [ 13.281761224713035, 10.170043843214497 ], [ 13.28300959654184, 10.167562846389288 ], [ 13.28198865576277, 10.16661689178963 ], [ 13.281691761989, 10.165476988878 ], [ 13.280863135309657, 10.164709274977056 ], [ 13.280560078545298, 10.161985897894192 ], [ 13.281099349687848, 10.161458744465429 ], [ 13.281311884148087, 10.157391379456392 ], [ 13.281587846835988, 10.157122435911946 ], [ 13.281832839143771, 10.155490226721353 ], [ 13.28211406427344, 10.155215928602079 ], [ 13.28207764862052, 10.154164583089281 ], [ 13.282356658063541, 10.15332370459117 ], [ 13.282333742954876, 10.15264481233946 ], [ 13.282338345588951, 10.151949175073019 ], [ 13.282877609584069, 10.151422555081602 ], [ 13.283132923409919, 10.150565073787851 ], [ 13.282565680481717, 10.148991058823807 ], [ 13.282288110594337, 10.148177542751361 ], [ 13.281783762829743, 10.147239609126711 ], [ 13.282262961774983, 10.146288820224735 ], [ 13.283033988816728, 10.144658725215804 ], [ 13.283599574774627, 10.144106394659119 ], [ 13.283964842667165, 10.143333632769512 ], [ 13.283305679847548, 10.143027758877297 ], [ 13.283009620977714, 10.140824388333561 ], [ 13.283534742199892, 10.139236095753066 ], [ 13.283520772013402, 10.138827706328069 ], [ 13.283524097526316, 10.138275853057053 ], [ 13.284335979353896, 10.137872531620546 ], [ 13.284640699325776, 10.136558796976066 ], [ 13.285395884654628, 10.135423113514861 ], [ 13.285622883594471, 10.132438056791676 ], [ 13.286444977353183, 10.132161984481231 ], [ 13.287430266197635, 10.131642758463622 ], [ 13.28778226810339, 10.13051551635508 ], [ 13.288059801282065, 10.129965368854666 ], [ 13.288030413864663, 10.129120072164763 ], [ 13.287476860325672, 10.128089231009172 ], [ 13.287153472320627, 10.12599457898534 ], [ 13.284713772701947, 10.125689743905191 ], [ 13.284728265681986, 10.12373020939491 ], [ 13.285778283314935, 10.122704328681982 ], [ 13.286305347929543, 10.122145641122954 ], [ 13.286768749932321, 10.121693495157762 ], [ 13.286265545755125, 10.120756598816294 ], [ 13.285201586038134, 10.119769403745547 ], [ 13.284906867923382, 10.119187083392603 ], [ 13.284620285514306, 10.118654869590729 ], [ 13.284277834463921, 10.116727474160506 ], [ 13.28318291311817, 10.116219010048912 ], [ 13.28199138199045, 10.115022564211142 ], [ 13.281286061857001, 10.114368417992198 ], [ 13.281290918128397, 10.113689161196779 ], [ 13.281267671439579, 10.112982257660397 ], [ 13.280707637437525, 10.111940369371712 ], [ 13.280433730919992, 10.111397409154478 ], [ 13.280146050802422, 10.110861499618737 ], [ 13.280673685800775, 10.110345630448036 ], [ 13.281221388116361, 10.109492810307787 ], [ 13.282316496310639, 10.109213215038968 ], [ 13.283369536292572, 10.108657730629179 ], [ 13.284763227795793, 10.108369481913176 ], [ 13.285240831139836, 10.107862718626743 ], [ 13.28640735102722, 10.108623957473192 ], [ 13.287824507655177, 10.108576939175252 ], [ 13.289018536042526, 10.10731293065456 ], [ 13.291291344955289, 10.106390033178041 ], [ 13.291890941265278, 10.106073536380231 ], [ 13.292635742741121, 10.105284736661982 ], [ 13.293772275947566, 10.104994529321145 ], [ 13.294273710476062, 10.104998025768772 ], [ 13.294854849745835, 10.104978809813899 ], [ 13.295624886525818, 10.104163250260044 ], [ 13.297443958585307, 10.103698685211446 ], [ 13.297798462790579, 10.103323014948561 ], [ 13.299193224574189, 10.103039462245295 ], [ 13.300259544309894, 10.103566753557054 ], [ 13.300842230651384, 10.103824463879423 ], [ 13.301750045022528, 10.102862804697034 ], [ 13.302162844449734, 10.102459414935813 ], [ 13.302418608792639, 10.101638944758221 ], [ 13.303529643490947, 10.10135908787832 ], [ 13.304060538899595, 10.101893369033506 ], [ 13.30652785232571, 10.102126409373861 ], [ 13.306808993687225, 10.103210462133948 ], [ 13.307911100187853, 10.103461357388325 ], [ 13.308192248765742, 10.104545406495362 ], [ 13.30929435939869, 10.104796294751912 ], [ 13.309606301212293, 10.105709219299023 ], [ 13.312315890034192, 10.106109744700953 ], [ 13.312902213079408, 10.106399621399477 ], [ 13.313417984992217, 10.106918220131266 ], [ 13.313992713972857, 10.106899053202534 ], [ 13.315075316504704, 10.106328304634307 ], [ 13.316685202134675, 10.106339418194517 ], [ 13.318556518884449, 10.106276796953361 ], [ 13.319669030544686, 10.10682665625418 ], [ 13.321340737538938, 10.107073714656298 ], [ 13.321618313352698, 10.107887172960721 ], [ 13.322047167081351, 10.108685428231333 ], [ 13.322459170663381, 10.109499759331213 ], [ 13.324553519485711, 10.109761322229154 ], [ 13.327366365172544, 10.109667757579142 ], [ 13.327932870586777, 10.110786057896984 ], [ 13.329063208523113, 10.111311325691847 ], [ 13.329590895540278, 10.11184135608708 ], [ 13.329873895177228, 10.112102946426843 ], [ 13.330280476847287, 10.112511423666676 ], [ 13.330703911947046, 10.112903822342385 ], [ 13.330974256840895, 10.113176149307337 ], [ 13.332622469264892, 10.113419742619149 ], [ 13.333230291358156, 10.113720385790275 ], [ 13.334132125250774, 10.11462547593851 ], [ 13.33619381997055, 10.114996252231689 ], [ 13.337574518860764, 10.115257615802975 ], [ 13.338178335106264, 10.116449908173445 ], [ 13.340318556765892, 10.117106599119831 ], [ 13.340604049475187, 10.117394040037667 ], [ 13.341694691434192, 10.117900215398816 ], [ 13.34196504779549, 10.118172527621514 ], [ 13.343083186486549, 10.118423060309281 ], [ 13.343616423475531, 10.1178578989404 ], [ 13.343584665734134, 10.116925492096541 ], [ 13.3444069614648, 10.11651664876227 ], [ 13.345201391015232, 10.115147864006333 ], [ 13.345477256026468, 10.114878903042957 ], [ 13.345725391207697, 10.113501488047159 ], [ 13.345139899106298, 10.112957990265269 ], [ 13.345153492621282, 10.110956860190869 ], [ 13.345096758116112, 10.109277995543685 ], [ 13.344050568657879, 10.107791897539562 ], [ 13.34718831834746, 10.108147342249845 ], [ 13.347833367139145, 10.107806908052266 ], [ 13.349296680165928, 10.107315067887791 ], [ 13.352205566663725, 10.107865868630881 ], [ 13.353898508305631, 10.107159039578251 ], [ 13.356002251102069, 10.107173459303983 ], [ 13.356569967887593, 10.10687420290162 ], [ 13.358143501767284, 10.106885062973163 ], [ 13.358488896324342, 10.108212316732546 ], [ 13.359814617992205, 10.108513956734008 ], [ 13.36069504408202, 10.109806626393906 ], [ 13.361791482512364, 10.110822660085276 ], [ 13.3620857795584, 10.111682327174693 ], [ 13.364826057203267, 10.111911256267449 ], [ 13.365096417866351, 10.112183543392524 ], [ 13.365519875772129, 10.112575879549381 ], [ 13.365926484820434, 10.112984293425617 ], [ 13.366759841649287, 10.113239584757657 ], [ 13.366479793549777, 10.113512840033767 ], [ 13.366216895151267, 10.113792210072194 ], [ 13.365398655109592, 10.1143389784399 ], [ 13.365139415355463, 10.114888891564634 ], [ 13.36459577205741, 10.115705775076691 ], [ 13.364926334832068, 10.116012141584291 ], [ 13.367064141964679, 10.115940396812125 ], [ 13.36760860671664, 10.116209036231401 ], [ 13.36951545050805, 10.116490738202973 ], [ 13.372015354909447, 10.116140384146396 ], [ 13.372557291859811, 10.116143742346869 ], [ 13.374015657512693, 10.116864221441922 ], [ 13.376809691552385, 10.11625835249024 ], [ 13.377710533557464, 10.117162755036118 ], [ 13.379128612711046, 10.117115316475097 ], [ 13.379775336967914, 10.116430227849495 ], [ 13.383947352967606, 10.115969763392043 ], [ 13.384813060152261, 10.116250464688678 ], [ 13.385642140211688, 10.116504698139092 ], [ 13.385912516699909, 10.116776959019329 ], [ 13.388122719677023, 10.117012743753826 ], [ 13.388771513434925, 10.116324975676765 ], [ 13.39051397752648, 10.115738859931831 ], [ 13.393135953069834, 10.115194884842239 ], [ 13.394215857938068, 10.114051082234045 ], [ 13.396076061176917, 10.113575409207337 ], [ 13.396512422505062, 10.113112437338826 ], [ 13.397892605855942, 10.112558094397247 ], [ 13.398423619439225, 10.113092149371981 ], [ 13.399252686294206, 10.113346347283962 ], [ 13.399920658330366, 10.113676686876108 ], [ 13.400399420834205, 10.11507179618784 ], [ 13.400386073675843, 10.116986644003299 ], [ 13.400400170500705, 10.117394439078652 ], [ 13.400135456868464, 10.118476076319133 ], [ 13.400145575477501, 10.118748634826188 ], [ 13.400140730008404, 10.119331609158987 ], [ 13.399504141035258, 10.120598968508082 ], [ 13.400191177140618, 10.120917947551824 ], [ 13.400183477497315, 10.12199508585574 ], [ 13.400202594283245, 10.122535989440408 ], [ 13.400196190876725, 10.123395377411599 ], [ 13.397468909988596, 10.124197682907377 ], [ 13.396945261123854, 10.124752728698752 ], [ 13.396399053790912, 10.12474894577951 ], [ 13.395525367795786, 10.125058179343254 ], [ 13.394511703388751, 10.126132410678835 ], [ 13.393424176943428, 10.12695343010637 ], [ 13.393164993669906, 10.127503349311491 ], [ 13.392747077944081, 10.127912174118849 ], [ 13.393175987644543, 10.128309663523281 ], [ 13.393457450014505, 10.129393509447455 ], [ 13.394559598881175, 10.129644047159873 ], [ 13.394855833841754, 10.131810018201813 ], [ 13.396514746806529, 10.132054671733167 ], [ 13.396509035775722, 10.132886574030124 ], [ 13.395916375867586, 10.133466330863525 ], [ 13.396020921248475, 10.136513725373266 ], [ 13.396756131049825, 10.136920308655421 ], [ 13.397095447403267, 10.135833435262496 ], [ 13.398190370861034, 10.135553457078744 ], [ 13.398999312459882, 10.135266741473997 ], [ 13.400664772960909, 10.134974874938541 ], [ 13.402102192352029, 10.133452601714851 ], [ 13.403339059061825, 10.132242705108528 ], [ 13.403998344211866, 10.131544197134934 ], [ 13.404410982158613, 10.131140717052629 ], [ 13.404670142615267, 10.130590795879932 ], [ 13.405765032661979, 10.130310802551795 ], [ 13.406605791802303, 10.130012551581526 ], [ 13.407112603515932, 10.129475686994439 ], [ 13.408200081228777, 10.128654633250859 ], [ 13.409801116680478, 10.125764059178957 ], [ 13.412870175639576, 10.126166726807462 ], [ 13.413643167991264, 10.126140478634365 ], [ 13.414202517677216, 10.125546887553536 ], [ 13.416097954320881, 10.124604404957806 ], [ 13.4154284, 10.1240427 ], [ 13.4102764, 10.1197205 ], [ 13.3980541, 10.1111107 ], [ 13.3956871, 10.1101894 ], [ 13.3440535, 10.1038377 ], [ 13.3263874, 10.1016645 ], [ 13.3180093, 10.0996899 ], [ 13.3166262, 10.0936894 ], [ 13.3121719, 10.0882071 ], [ 13.2955546, 10.0819819 ], [ 13.2914533, 10.0802228 ], [ 13.2895726, 10.07546 ], [ 13.2880821, 10.0749956 ], [ 13.2861404, 10.0731967 ], [ 13.2852781, 10.0713483 ], [ 13.2803802, 10.0698845 ], [ 13.2786594, 10.0662296 ], [ 13.2767749, 10.0616896 ], [ 13.2749284, 10.0579729 ], [ 13.2666574, 10.0575969 ], [ 13.2617081, 10.0566927 ], [ 13.2571301, 10.0507822 ], [ 13.2523236, 10.0407497 ], [ 13.24511, 10.0375844 ], [ 13.2438889, 10.0316658 ], [ 13.2622406, 10.0118418 ], [ 13.2864403, 9.9711267 ], [ 13.2746382, 9.9383853 ], [ 13.2662854, 9.9337258 ], [ 13.2458467, 9.922324 ], [ 13.2413257, 9.9172081 ], [ 13.2404165, 9.9156549 ], [ 13.2384704, 9.9123302 ], [ 13.2354961, 9.9076903 ], [ 13.2368048, 9.9038831 ], [ 13.2375186, 9.900314 ], [ 13.2370427, 9.8934135 ], [ 13.2446808, 9.8723949 ], [ 13.2434911, 9.8640668 ], [ 13.2405548, 9.854166 ], [ 13.2437289, 9.8371915 ], [ 13.250649, 9.8001842 ], [ 13.2597218, 9.7516651 ], [ 13.2532344, 9.6808048 ], [ 13.2517481, 9.6645676 ], [ 13.2452774, 9.5938873 ], [ 13.2436104, 9.5883331 ], [ 13.2391663, 9.5788879 ], [ 13.2305782, 9.5675882 ], [ 13.229798, 9.564518 ], [ 13.2186643, 9.5426129 ], [ 13.2152154, 9.544364 ], [ 13.2151893, 9.5443512 ], [ 13.2050099, 9.5393698 ], [ 13.2023563, 9.5369815 ], [ 13.1958332, 9.5311108 ], [ 13.1906561, 9.5286011 ], [ 13.1866655, 9.5266666 ], [ 13.1737652, 9.5221295 ], [ 13.1613884, 9.5177765 ], [ 13.1508789, 9.5147095 ], [ 13.1444959, 9.5141659 ], [ 13.1266219, 9.5133394 ], [ 13.1212769, 9.5131226 ], [ 13.0963879, 9.5119438 ], [ 13.0867184, 9.5120421 ], [ 13.0659, 9.506935 ], [ 13.0495229, 9.506935 ], [ 13.0494715, 9.506935 ], [ 13.03956, 9.5027416 ], [ 13.0330973, 9.5000074 ], [ 13.0238876, 9.4961109 ], [ 12.9919221, 9.472385 ], [ 12.9883327, 9.4697208 ], [ 12.9681657, 9.4519043 ], [ 12.9667167, 9.4497204 ], [ 12.9492087, 9.4239578 ], [ 12.8994085, 9.3504621 ], [ 12.8977776, 9.3480549 ], [ 12.9062253, 9.3414158 ], [ 12.9075544, 9.3241624 ], [ 12.9136932, 9.2474253 ], [ 12.9214025, 9.1510589 ], [ 12.9423418, 9.0634948 ], [ 12.9252096, 8.9930627 ], [ 12.849281, 8.9801914 ], [ 12.8490164, 8.9796852 ], [ 12.84564, 8.973227 ], [ 12.8443063, 8.9712226 ], [ 12.8440022, 8.9692909 ], [ 12.8810468, 8.8455361 ], [ 12.8786674, 8.7503577 ], [ 12.8572522, 8.6861122 ], [ 12.8168014, 8.6504203 ], [ 12.8171726, 8.6470793 ], [ 12.8263187, 8.5647649 ], [ 12.7549848, 8.5718932 ], [ 12.7549354, 8.5718981 ], [ 12.7311408, 8.5124116 ], [ 12.681186, 8.4672144 ], [ 12.6811721, 8.4672018 ], [ 12.6026929, 8.4933616 ], [ 12.6026499, 8.4933759 ], [ 12.5859937, 8.4648224 ], [ 12.5193688, 8.4553045 ], [ 12.5045424, 8.4553045 ], [ 12.4408979, 8.4553045 ], [ 12.4408465, 8.4553045 ], [ 12.3411102, 8.4216652 ], [ 12.3361111, 8.4197216 ], [ 12.3300428, 8.4191705 ], [ 12.3299999, 8.4191666 ], [ 12.3286562, 8.4197807 ], [ 12.3202763, 8.4236107 ], [ 12.308054, 8.4322205 ], [ 12.2964165, 8.4344391 ], [ 12.2963886, 8.4344444 ], [ 12.2852764, 8.4319439 ], [ 12.2752762, 8.4283333 ], [ 12.2633324, 8.4194431 ], [ 12.2538872, 8.4080544 ], [ 12.251449, 8.4028731 ], [ 12.247221, 8.3938885 ], [ 12.2427769, 8.3774986 ], [ 12.2374507, 8.3287694 ], [ 12.2372208, 8.3266659 ], [ 12.2369442, 8.313055 ], [ 12.2372032, 8.3101539 ], [ 12.2422218, 8.2711105 ], [ 12.2524986, 8.2474995 ], [ 12.2542302, 8.2398045 ], [ 12.2549992, 8.2363873 ], [ 12.2566662, 8.2177773 ], [ 12.2563875, 8.212764 ], [ 12.2555542, 8.1977768 ], [ 12.2455235, 8.1771736 ], [ 12.2099991, 8.1324997 ], [ 12.2015695, 8.1067917 ], [ 12.2015181, 8.1067917 ], [ 12.1994438, 8.0741653 ], [ 12.2016659, 8.0424995 ], [ 12.2094232, 8.0034371 ], [ 12.2211304, 7.9945068 ], [ 12.2189848, 7.9912568 ], [ 12.2142944, 7.9902954 ], [ 12.2130737, 7.9874878 ], [ 12.2136265, 7.9824522 ], [ 12.2109039, 7.9829347 ], [ 12.2094052, 7.9812461 ], [ 12.2100082, 7.9773866 ], [ 12.2090325, 7.9725389 ], [ 12.2070923, 7.9683228 ], [ 12.2036743, 7.9649048 ], [ 12.1984487, 7.9621835 ], [ 12.1906574, 7.9580718 ], [ 12.1899263, 7.9567605 ], [ 12.1931948, 7.9537316 ], [ 12.193804, 7.9515235 ], [ 12.1914076, 7.9462173 ], [ 12.1953125, 7.9423218 ], [ 12.1942273, 7.9411975 ], [ 12.1911378, 7.9401125 ], [ 12.1890249, 7.9373713 ], [ 12.1875458, 7.9368574 ], [ 12.1845093, 7.9368896 ], [ 12.1832886, 7.9370728 ], [ 12.1815186, 7.9318848 ], [ 12.1796055, 7.9286122 ], [ 12.1781835, 7.9289777 ], [ 12.1757622, 7.9282467 ], [ 12.1728751, 7.9262703 ], [ 12.1679049, 7.9172734 ], [ 12.161262, 7.9132446 ], [ 12.1518089, 7.896608 ], [ 12.1411095, 7.8777771 ], [ 12.1327042, 7.8672408 ], [ 12.1324119, 7.8669335 ], [ 12.1197205, 7.8511105 ], [ 12.1061096, 7.8369436 ], [ 12.0961094, 7.8261108 ], [ 12.0843236, 7.8080946 ], [ 12.0823426, 7.8050663 ], [ 12.0766659, 7.7963886 ], [ 12.069603482204652, 7.784412873132942 ], [ 12.069157979165203, 7.786202382663387 ], [ 12.068514451037773, 7.787469380571514 ], [ 12.068253101754182, 7.78801855144821 ], [ 12.067101466953796, 7.788307412287078 ], [ 12.065543955882243, 7.78912213983833 ], [ 12.063898679090556, 7.789399746436043 ], [ 12.063364367879881, 7.788319638724199 ], [ 12.062540954846753, 7.788059893576457 ], [ 12.061491913474038, 7.78698561995059 ], [ 12.060085770570755, 7.786722668856431 ], [ 12.059546090132036, 7.785632004026394 ], [ 12.058987150412833, 7.785104637180951 ], [ 12.058717843016984, 7.784559299022935 ], [ 12.057622734285793, 7.784301501466395 ], [ 12.057351463798103, 7.783485180879927 ], [ 12.057069501133959, 7.78295051860099 ], [ 12.056796268802881, 7.781863216042861 ], [ 12.056244571022871, 7.78160149265061 ], [ 12.055973306645766, 7.78078516938106 ], [ 12.055149909127667, 7.780525402277224 ], [ 12.05481599604051, 7.779851378474578 ], [ 12.052277230220874, 7.780302092484517 ], [ 12.05024640986384, 7.780837000444845 ], [ 12.048813389006963, 7.780818198471303 ], [ 12.045596707137452, 7.781169481243107 ], [ 12.045111099529262, 7.781681620158209 ], [ 12.04477698046343, 7.78200635968288 ], [ 12.043184014928547, 7.783063683207061 ], [ 12.042679443496828, 7.783596070912783 ], [ 12.042403286535533, 7.783863758572278 ], [ 12.042149721343687, 7.78549686370923 ], [ 12.041839832643239, 7.785797081470681 ], [ 12.040790640250396, 7.786314323218651 ], [ 12.039469910509665, 7.787005004529508 ], [ 12.039180474485986, 7.788228165856868 ], [ 12.038632601675957, 7.78849780273645 ], [ 12.038377070266678, 7.789859926638164 ], [ 12.038100906909653, 7.790127614059397 ], [ 12.037337173709375, 7.790932330689054 ], [ 12.036750161743404, 7.791221302557664 ], [ 12.036482354933007, 7.792353801344778 ], [ 12.036496560819932, 7.792851767352761 ], [ 12.036491001406773, 7.793258306998899 ], [ 12.036509648265211, 7.793930380186773 ], [ 12.035960425052675, 7.794749965996508 ], [ 12.035429262903717, 7.795572069986527 ], [ 12.034881378054788, 7.795841706529114 ], [ 12.034641474918805, 7.799371723951627 ], [ 12.032463268647097, 7.799653054172499 ], [ 12.032203815715539, 7.800473210406249 ], [ 12.031655922000766, 7.800742845958813 ], [ 12.031262748992186, 7.801566607038829 ], [ 12.030852477866761, 7.802374612021525 ], [ 12.030077182166108, 7.804819710283169 ], [ 12.029515347584818, 7.805365211234586 ], [ 12.02894636919256, 7.806245281175632 ], [ 12.028158960355256, 7.807010999291477 ], [ 12.027637914956948, 7.808651330414173 ], [ 12.026831527371893, 7.809435710301758 ], [ 12.026440052725137, 7.811086228935734 ], [ 12.026019306144301, 7.811915483502983 ], [ 12.024907618890444, 7.812463335678946 ], [ 12.023741379607912, 7.813691200978809 ], [ 12.023328596157929, 7.813268597728039 ], [ 12.022505122767965, 7.813008784035882 ], [ 12.021155297528392, 7.812327702943011 ], [ 12.019778068764124, 7.811673278037939 ], [ 12.019508772241874, 7.81112790243034 ], [ 12.018685303070864, 7.810868078745643 ], [ 12.018417955829069, 7.810593691834633 ], [ 12.015132990767466, 7.810351444071006 ], [ 12.01461570851003, 7.810897146374568 ], [ 12.013500409185914, 7.811980657780382 ], [ 12.012715492792411, 7.811176417302709 ], [ 12.011620290521412, 7.810918516518467 ], [ 12.00971866944854, 7.810113760041175 ], [ 12.008519446347174, 7.809856590612143 ], [ 12.00673546898582, 7.810953320657093 ], [ 12.005630084939224, 7.811497909255007 ], [ 12.005674626860186, 7.813123634994239 ], [ 12.005116112463526, 7.813398617709807 ], [ 12.004851404261061, 7.814234167146395 ], [ 12.004300061913181, 7.814770048817349 ], [ 12.003770312763473, 7.814763232139412 ], [ 12.002429866127425, 7.814799763090322 ], [ 12.002141137937265, 7.814503813479855 ], [ 11.998729786940288, 7.8142623442168 ], [ 11.998340723757718, 7.815078134199065 ], [ 11.997532137430243, 7.815863557146939 ], [ 11.997262159408086, 7.817004029700988 ], [ 11.996026958685349, 7.818848466223795 ], [ 11.997027799413983, 7.820753242827741 ], [ 11.997020176292803, 7.8213207223429 ], [ 11.997847738766213, 7.821852624316828 ], [ 11.997571369916386, 7.822395547809066 ], [ 11.997030419836024, 7.823794137039298 ], [ 11.996228142884497, 7.824573167090954 ], [ 11.995949989770258, 7.824866796674124 ], [ 11.99481598837623, 7.825425341542612 ], [ 11.993551616771663, 7.826756024058269 ], [ 11.992979323325375, 7.827037979014559 ], [ 11.9929948694763, 7.827579888688081 ], [ 11.992966331104313, 7.829678301558301 ], [ 11.993307483998287, 7.830326937088621 ], [ 11.993833325622404, 7.830823404632051 ], [ 11.994412940906752, 7.831416883373956 ], [ 11.994381168046436, 7.833803264267738 ], [ 11.994447234842335, 7.83621329764456 ], [ 11.994139390698614, 7.836512433237834 ], [ 11.993346040633202, 7.838691447263748 ], [ 11.992801937776836, 7.839503052720175 ], [ 11.99215829200906, 7.840497980788231 ], [ 11.993058915897153, 7.843519794064516 ], [ 11.991749797688303, 7.844388717051196 ], [ 11.991486384201009, 7.844666894643347 ], [ 11.990284668882133, 7.844968152628117 ], [ 11.989535994341162, 7.846123153129474 ], [ 11.984698793699172, 7.846059061946328 ], [ 11.982668304740288, 7.846114756098007 ], [ 11.981173014103994, 7.846637214071889 ], [ 11.98033732633356, 7.846908857336325 ], [ 11.979320296646476, 7.845867477317421 ], [ 11.978267074215504, 7.847494666536899 ], [ 11.976281633796722, 7.847468497926363 ], [ 11.975593540694781, 7.848192719961162 ], [ 11.975213500598393, 7.849389565522399 ], [ 11.974845478467762, 7.850485225495325 ], [ 11.974130927412482, 7.850475990285645 ], [ 11.973840092807423, 7.850483871490748 ], [ 11.972572426085183, 7.851818270188851 ], [ 11.971965167416437, 7.852117399832183 ], [ 11.971599052363239, 7.85288539486576 ], [ 11.968967486392863, 7.853222653395926 ], [ 11.968442388057307, 7.852684332456266 ], [ 11.967320510847649, 7.852426534876773 ], [ 11.96607345047677, 7.853079003334105 ], [ 11.965732417735268, 7.853792828530411 ], [ 11.965456163173968, 7.854060501145348 ], [ 11.965192722263264, 7.854338670966051 ], [ 11.964889926632944, 7.854606530809849 ], [ 11.96363372099678, 7.853971730567358 ], [ 11.963282590270124, 7.853262788219342 ], [ 11.962953282093528, 7.852636796780802 ], [ 11.96338992839069, 7.850883223095828 ], [ 11.962713499132315, 7.850561925351505 ], [ 11.962170528431734, 7.849747407257722 ], [ 11.961602756715576, 7.849477744857866 ], [ 11.961620623046814, 7.848103476285616 ], [ 11.962155202627541, 7.847584671645611 ], [ 11.962416723490051, 7.847035500880766 ], [ 11.962696136646404, 7.846764103231936 ], [ 11.962121976905962, 7.846491308837162 ], [ 11.961600111018965, 7.845957184285724 ], [ 11.961048325425551, 7.84569534640657 ], [ 11.960780971201881, 7.845420917398476 ], [ 11.96050095365379, 7.845157164985904 ], [ 11.960228251318116, 7.844876950645664 ], [ 11.958713582413806, 7.844918839272175 ], [ 11.956359326798029, 7.844535219556242 ], [ 11.95587144935565, 7.843551441207398 ], [ 11.955603505735727, 7.844394964658778 ], [ 11.954108568818286, 7.844375294502401 ], [ 11.953692200096073, 7.845248445144251 ], [ 11.953720781916504, 7.846288915716171 ], [ 11.95344643413963, 7.846827587344178 ], [ 11.953198301046465, 7.849273797906147 ], [ 11.952922037264546, 7.84954146419356 ], [ 11.952660501356803, 7.850090634212877 ], [ 11.952241981080295, 7.850359299734453 ], [ 11.951805781150428, 7.849477844882395 ], [ 11.947296704333382, 7.849601590183228 ], [ 11.946957092052953, 7.850672703808095 ], [ 11.94668273312374, 7.851211375223005 ], [ 11.946421187325333, 7.851760544746911 ], [ 11.945853041135637, 7.852040312652376 ], [ 11.945075684740823, 7.853667125074035 ], [ 11.944527635225681, 7.853936693945747 ], [ 11.944264175494654, 7.854214855771566 ], [ 11.943736942542827, 7.854726715905178 ], [ 11.943186615428706, 7.855577514663743 ], [ 11.942366783280264, 7.855848986461877 ], [ 11.941842273188682, 7.857501554299251 ], [ 11.942388429941975, 7.858017009063031 ], [ 11.942668456191303, 7.858582498387231 ], [ 11.943491442593853, 7.859360151567527 ], [ 11.94294090416432, 7.860181310304498 ], [ 11.942683172997183, 7.861272497748645 ], [ 11.941991851082607, 7.862304791394044 ], [ 11.941327406458232, 7.862631816776537 ], [ 11.94099380342726, 7.864406914572264 ], [ 11.939177961179904, 7.866170168652104 ], [ 11.93869395630934, 7.867696474322801 ], [ 11.939469488601553, 7.868065282458626 ], [ 11.939742586414997, 7.869152751311468 ], [ 11.940305059887923, 7.869419829694326 ], [ 11.940839295996675, 7.870500171174442 ], [ 11.941662905839314, 7.870760120934464 ], [ 11.941359612549336, 7.872616525591243 ], [ 11.942627609841688, 7.874161235637573 ], [ 11.94222690013353, 7.874550466505781 ], [ 11.941966802020842, 7.875306071817906 ], [ 11.943328091054255, 7.875626818669573 ], [ 11.943601210310526, 7.876714279118686 ], [ 11.944424833607826, 7.876974218203197 ], [ 11.944696041351067, 7.877790668926039 ], [ 11.945582452870179, 7.878070807826396 ], [ 11.946074176408231, 7.880491185175154 ], [ 11.947185556621713, 7.880753325889772 ], [ 11.947167535901567, 7.882106966663402 ], [ 11.947183186979007, 7.88266795364976 ], [ 11.947730461674229, 7.88318443753415 ], [ 11.948001048103368, 7.883461492144088 ], [ 11.948267681501715, 7.883180654029237 ], [ 11.951783863536205, 7.882385162236635 ], [ 11.952063191322862, 7.881798807292205 ], [ 11.952898980151392, 7.881527187924677 ], [ 11.953429465399697, 7.882071306328633 ], [ 11.953970849343374, 7.882056370347454 ], [ 11.954389214637057, 7.882061887462667 ], [ 11.955256342471023, 7.883811565037421 ], [ 11.95590297662811, 7.886655338199758 ], [ 11.956458677904527, 7.887459172602012 ], [ 11.95693605132506, 7.888893994989287 ], [ 11.959747195109335, 7.888242621042927 ], [ 11.960514404711926, 7.887435256715177 ], [ 11.961858595851067, 7.886990103617552 ], [ 11.963791379134806, 7.886599534716566 ], [ 11.964368939632244, 7.886297430908361 ], [ 11.964866349459276, 7.8857735763277 ], [ 11.965153235083527, 7.885505821255633 ], [ 11.965138704140106, 7.886595281667828 ], [ 11.965976753513305, 7.887386509803596 ], [ 11.966647360668455, 7.888072527200496 ], [ 11.967396695210189, 7.888780216515682 ], [ 11.968431158575768, 7.889271502394102 ], [ 11.968698554988414, 7.889545913679512 ], [ 11.970092958422104, 7.890632247697597 ], [ 11.970075170885087, 7.892006504506123 ], [ 11.971444523840496, 7.893299974139816 ], [ 11.971992474572579, 7.894944927214398 ], [ 11.973627630913843, 7.894654871888852 ], [ 11.975740639209674, 7.894374114542686 ], [ 11.97608159460996, 7.895726754344381 ], [ 11.976905256529907, 7.895986607692732 ], [ 11.977174604529178, 7.896532009114589 ], [ 11.977465240208561, 7.897084667906713 ], [ 11.978017196408965, 7.900320186621578 ], [ 11.978306990754163, 7.901938903709095 ], [ 11.978595984996812, 7.905220755663634 ], [ 11.978059933177821, 7.906276871712044 ], [ 11.977808154644976, 7.908181052251734 ], [ 11.977385171702755, 7.909014047789067 ], [ 11.976658618099719, 7.912080303598986 ], [ 11.976202039717107, 7.912523428978289 ], [ 11.975940531427955, 7.913072615431335 ], [ 11.97566426082051, 7.913340306348209 ], [ 11.974864969950508, 7.914706370435332 ], [ 11.974047023954148, 7.915248939132484 ], [ 11.973785511926026, 7.915798125868331 ], [ 11.973509238228502, 7.916065816515705 ], [ 11.973244322129373, 7.918064316934188 ], [ 11.971909480624298, 7.920413451404383 ], [ 11.971649909109123, 7.921233639317028 ], [ 11.971281348782696, 7.921958795817384 ], [ 11.970852766015433, 7.924233715737761 ], [ 11.970309704098634, 7.924761091804792 ], [ 11.970027261099006, 7.9253538340689 ], [ 11.970061673776026, 7.926598032461704 ], [ 11.968694353763999, 7.926940729575669 ], [ 11.968398569327082, 7.928190460481908 ], [ 11.967618740990114, 7.928574488840948 ], [ 11.967627074347874, 7.928848091474328 ], [ 11.967622662871648, 7.929121255588462 ], [ 11.968202396434767, 7.932667312172192 ], [ 11.968195459667928, 7.933180278245367 ], [ 11.968203942809097, 7.933474522791151 ], [ 11.967387752070048, 7.934267454021317 ], [ 11.967062748119524, 7.935292961450741 ], [ 11.96604807843881, 7.936987163376015 ], [ 11.965776076787968, 7.93755654217229 ], [ 11.965238274013776, 7.938079648348751 ], [ 11.965520520963018, 7.938346003872604 ], [ 11.965791850254783, 7.93916240864947 ], [ 11.966071955544097, 7.93942613175329 ], [ 11.966361801552972, 7.940011087244225 ], [ 11.967294085680853, 7.940891583752102 ], [ 11.96658887516954, 7.943388158753613 ], [ 11.965824890824177, 7.943764141540024 ], [ 11.965305312976371, 7.944311998806083 ], [ 11.964199744710593, 7.944588786786571 ], [ 11.963422171477836, 7.944995565265716 ], [ 11.963130498557696, 7.94622780484084 ], [ 11.96108611723967, 7.946640969546099 ], [ 11.960689834688546, 7.947058259459144 ], [ 11.960413535868391, 7.947325951895075 ], [ 11.960017251996083, 7.947743241645406 ], [ 11.959603863804135, 7.948144773425985 ], [ 11.95824906880687, 7.949802233244259 ], [ 11.956642238924687, 7.949780861117078 ], [ 11.955777841050665, 7.95037404410947 ], [ 11.954730235050736, 7.950889660444596 ], [ 11.954470628669409, 7.951709856204958 ], [ 11.954194322272949, 7.951977547069323 ], [ 11.953922299132568, 7.9525469273831 ], [ 11.953386568119541, 7.953067368641002 ], [ 11.952791042215992, 7.953987352223834 ], [ 11.950488068187676, 7.955372591599844 ], [ 11.950152225971316, 7.956076876611227 ], [ 11.949875913820803, 7.956344566645953 ], [ 11.949612419225316, 7.956622753296495 ], [ 11.949064263424185, 7.956892375973507 ], [ 11.94863738175083, 7.957785751687722 ], [ 11.949091565641075, 7.959075687218924 ], [ 11.94908368722581, 7.959607194788255 ], [ 11.949484241133906, 7.961118770961058 ], [ 11.949110832914108, 7.963399682378615 ], [ 11.94962711224577, 7.965350839218348 ], [ 11.94912827532629, 7.965835554434608 ], [ 11.949136625387725, 7.966111808063841 ], [ 11.948857015455053, 7.966661129572572 ], [ 11.948872699196267, 7.967219995055407 ], [ 11.949971552504769, 7.968810760006466 ], [ 11.950518633706228, 7.970167251182668 ], [ 11.950800704591508, 7.970701984999228 ], [ 11.951071950745366, 7.971504109315287 ], [ 11.945908753034125, 7.971820894058792 ], [ 11.945627297026194, 7.972409930137444 ], [ 11.944816272087612, 7.973198058660237 ], [ 11.944301494832825, 7.974276802238484 ], [ 11.944025169553989, 7.974544494012295 ], [ 11.943775241101319, 7.976719728102871 ], [ 11.943498914289409, 7.976987420220353 ], [ 11.943252002815958, 7.979583985682234 ], [ 11.944626665807522, 7.980236931513281 ], [ 11.945176889762854, 7.983511720194476 ], [ 11.94464070866673, 7.984567858492448 ], [ 11.944383139658378, 7.985674947284016 ], [ 11.945761415633218, 7.986976291060746 ], [ 11.945420352878262, 7.987991341382521 ], [ 11.944667910959321, 7.98836194486502 ], [ 11.944412362953505, 7.989750626930311 ], [ 11.945530826455014, 7.99080714776691 ], [ 11.946056749720048, 7.992464980813034 ], [ 11.945247242831417, 7.99405981934496 ], [ 11.945270188594657, 7.994889124399245 ], [ 11.945812313951736, 7.995400299937487 ], [ 11.946085634623383, 7.99648772193691 ], [ 11.946396754384947, 7.997662213019186 ], [ 11.947834854342849, 7.998708495693269 ], [ 11.948280263628286, 7.999208711042864 ], [ 11.947744086259753, 8.000264857240113 ], [ 11.947492263802108, 8.002169084504519 ], [ 11.947215929246996, 8.002436784179606 ], [ 11.94695436265685, 8.002985985424363 ], [ 11.946394291023337, 8.003821571650571 ], [ 11.946424235047441, 8.004884261585822 ], [ 11.946382894868281, 8.007996516586568 ], [ 11.947001110873016, 8.009484819994098 ], [ 11.947274571791809, 8.010588115101768 ], [ 11.946597454447986, 8.01124668558157 ], [ 11.946201113784106, 8.011663988601475 ], [ 11.945924773919531, 8.011931689936324 ], [ 11.945661253809682, 8.012209887388545 ], [ 11.944594932968448, 8.01324547843765 ], [ 11.944314571385716, 8.013988023170564 ], [ 11.945133054388002, 8.01437652652883 ], [ 11.945472200429988, 8.019881832582485 ], [ 11.945995537650644, 8.020874824474593 ], [ 11.94626507125213, 8.021430814585001 ], [ 11.945181315022795, 8.021964729799793 ], [ 11.945230085099741, 8.023721773463825 ], [ 11.945754895647884, 8.025212857256133 ], [ 11.946034622721887, 8.027182096735498 ], [ 11.944007413150523, 8.029152507626682 ], [ 11.943360167593045, 8.029833102974939 ], [ 11.942358938914557, 8.030326200532043 ], [ 11.941993367291424, 8.031478535089484 ], [ 11.940901331666078, 8.031752075985594 ], [ 11.940639750700047, 8.032301282401807 ], [ 11.939956728294208, 8.032292405201295 ], [ 11.937744715259187, 8.032353215488895 ], [ 11.935749527382271, 8.032878283872012 ], [ 11.934259887694457, 8.033251519456906 ], [ 11.933857934917379, 8.034517923927377 ], [ 11.933583521529377, 8.035056633452683 ], [ 11.93332387615262, 8.035876847736214 ], [ 11.932958344125653, 8.036595125150951 ], [ 11.932259647519565, 8.03913671390303 ], [ 11.930895675260155, 8.039412179169211 ], [ 11.930632130451714, 8.039690376754418 ], [ 11.929810431301254, 8.040488664219829 ], [ 11.929844929301494, 8.04174242866778 ], [ 11.930649616648326, 8.042124162969522 ], [ 11.930922977098815, 8.043211596207067 ], [ 11.931203164258587, 8.043475324147522 ], [ 11.93194257542511, 8.044232293839029 ], [ 11.934061864965118, 8.04456016153002 ], [ 11.933563318719431, 8.045540357867104 ], [ 11.933939760194766, 8.045894970223097 ], [ 11.933934284288704, 8.046314776311325 ], [ 11.933123520687786, 8.046713871916833 ], [ 11.932372192800736, 8.047106720114826 ], [ 11.931784045376403, 8.048625896279153 ], [ 11.931239667115715, 8.049437560319266 ], [ 11.930708108462982, 8.050259720719895 ], [ 11.930431737672336, 8.050527424283951 ], [ 11.93001212478538, 8.051407541674683 ], [ 11.929639961442076, 8.05297758121465 ], [ 11.929269711411614, 8.053337003153544 ], [ 11.928801658990549, 8.055310028110943 ], [ 11.927726255941849, 8.055839642318277 ], [ 11.927767740144789, 8.057324681035439 ], [ 11.92775659350154, 8.058137830544656 ], [ 11.927779436884006, 8.058950737148068 ], [ 11.927764987872571, 8.060042873564122 ], [ 11.92698098856591, 8.060032595958813 ], [ 11.925721160149427, 8.060472480988542 ], [ 11.925345848262854, 8.060867934614377 ], [ 11.92425031294322, 8.061407218384472 ], [ 11.922637517359147, 8.062249801206558 ], [ 11.922362497610401, 8.061968034545369 ], [ 11.922030962344486, 8.061655970012941 ], [ 11.920444945060058, 8.060902906993661 ], [ 11.920176353604555, 8.060628502889449 ], [ 11.91963790323069, 8.060642928312852 ], [ 11.91900357199326, 8.060322431097298 ], [ 11.91549537916312, 8.060672434171963 ], [ 11.914204928977592, 8.062031456021906 ], [ 11.912565067174057, 8.06236284809142 ], [ 11.912608080678767, 8.063919357902972 ], [ 11.912310590890119, 8.064207851735896 ], [ 11.912048959668947, 8.064757060437676 ], [ 11.911505674318862, 8.06528445091751 ], [ 11.911243679444668, 8.066673210161641 ], [ 11.910425056069361, 8.067468292839868 ], [ 11.909640643807816, 8.068294363126777 ], [ 11.9085336202251, 8.068571671838848 ], [ 11.908864353848116, 8.069513683252284 ], [ 11.910084148420898, 8.070298505571694 ], [ 11.909637907668756, 8.070731511557819 ], [ 11.909352187455172, 8.071032626791055 ], [ 11.909388040146428, 8.072330868793456 ], [ 11.909119312296767, 8.0742633214986 ], [ 11.90939952312022, 8.074527590817951 ], [ 11.909781664548309, 8.075674621212068 ], [ 11.910770830034016, 8.076143994706266 ], [ 11.911040311840329, 8.076689424158943 ], [ 11.911599670864099, 8.077216907407227 ], [ 11.911592149853512, 8.077797656817078 ], [ 11.910790807302462, 8.079375003565065 ], [ 11.910537796975376, 8.081571489741069 ], [ 11.910166448250575, 8.081931446211589 ], [ 11.910550922095771, 8.08266079766304 ], [ 11.910543204817992, 8.083214023387628 ], [ 11.909717175246257, 8.084016579824434 ], [ 11.9097533070904, 8.08535134292228 ], [ 11.909472456755118, 8.086480330344711 ], [ 11.90891543655534, 8.087021589787858 ], [ 11.907806959854423, 8.088732407015378 ], [ 11.907332845957393, 8.089725140753124 ], [ 11.907056436523376, 8.089992843125382 ], [ 11.906745036147932, 8.091306794144357 ], [ 11.905815884761362, 8.092694488662705 ], [ 11.904619718450343, 8.092994149318505 ], [ 11.904664267661886, 8.094614708905988 ], [ 11.904089445543123, 8.094897770015411 ], [ 11.903570320335696, 8.095985579569168 ], [ 11.902719276912448, 8.096267429512535 ], [ 11.901946406287658, 8.097081252141502 ], [ 11.900026625741823, 8.097362231549099 ], [ 11.899504695157969, 8.097911707569979 ], [ 11.898023788067301, 8.098210733220972 ], [ 11.897618505830192, 8.100364383732838 ], [ 11.897344922336266, 8.101177300405157 ], [ 11.897857581357924, 8.102151375483729 ], [ 11.898187347846971, 8.104733870125868 ], [ 11.897106991180422, 8.105783324584833 ], [ 11.896845442792014, 8.106348419103011 ], [ 11.897393083265666, 8.106865409553176 ], [ 11.897672293120658, 8.108765926210483 ], [ 11.897952527389286, 8.1090296678292 ], [ 11.898223974929063, 8.1098461191949 ], [ 11.898649405763203, 8.110653532613334 ], [ 11.898234556375463, 8.111470633499279 ], [ 11.898515867214329, 8.111735954497846 ], [ 11.899038144141123, 8.112270060202817 ], [ 11.899614862763737, 8.112543863458237 ], [ 11.899600329297066, 8.113628084187733 ], [ 11.90117427006617, 8.113998532238728 ], [ 11.90152246811998, 8.114701148771085 ], [ 11.902074669140994, 8.114962946016094 ], [ 11.902342239328162, 8.115237360563315 ], [ 11.903710320471285, 8.115493335183755 ], [ 11.903704761909921, 8.115902564378271 ], [ 11.903716318915054, 8.116328081288044 ], [ 11.90453246608954, 8.117098285489973 ], [ 11.904809548679738, 8.117956504230875 ], [ 11.903952865290515, 8.118789468032757 ], [ 11.9042893138609, 8.120368239660007 ], [ 11.904284904184639, 8.120641416926771 ], [ 11.904293227156804, 8.120912385626061 ], [ 11.904287652028438, 8.121318967646495 ], [ 11.904322175850982, 8.122573814351112 ], [ 11.90485273207379, 8.123073966311283 ], [ 11.905122303023308, 8.123625212638164 ], [ 11.904309474077396, 8.123614081161977 ], [ 11.902914796011389, 8.12365262790294 ], [ 11.902407611898997, 8.12418666024236 ], [ 11.9018529726069, 8.124178973850405 ], [ 11.901328913866877, 8.124730595621289 ], [ 11.900780516603387, 8.125000244383108 ], [ 11.899965510941632, 8.125426367359067 ], [ 11.899984167989848, 8.126100630499149 ], [ 11.899374340766821, 8.126693094157277 ], [ 11.897808339403696, 8.127731740675186 ], [ 11.897533122632867, 8.128021142900172 ], [ 11.897553101221421, 8.128731924685043 ], [ 11.896450224533055, 8.130202396911066 ], [ 11.895108230533198, 8.130184436903233 ], [ 11.894846423146262, 8.131010510178291 ], [ 11.89455416206267, 8.131294210690145 ], [ 11.89348205177218, 8.131280145695866 ], [ 11.89349763111562, 8.13182262518314 ], [ 11.892949703066236, 8.132900593169257 ], [ 11.892968504265978, 8.13359603405979 ], [ 11.892950723950227, 8.134967723890529 ], [ 11.892051868203252, 8.135409789255277 ], [ 11.890537606217052, 8.137003882972641 ], [ 11.889725158849757, 8.137792058779278 ], [ 11.889191320661286, 8.138910688673249 ], [ 11.887282996662238, 8.139190008991049 ], [ 11.88536201975076, 8.139483704516195 ], [ 11.884596427548781, 8.14028901175759 ], [ 11.883937887718394, 8.140613426860245 ], [ 11.882337523948523, 8.142654900131584 ], [ 11.883253376512497, 8.143840512318198 ], [ 11.883228285143549, 8.145678102244609 ], [ 11.882171622330143, 8.147086304199947 ], [ 11.881639883333465, 8.147908477752701 ], [ 11.8813634244285, 8.148176181957947 ], [ 11.881371758191245, 8.148449802968504 ], [ 11.881357209060139, 8.149534039020221 ], [ 11.881394593994942, 8.150896879274717 ], [ 11.880700291827431, 8.151571458579555 ], [ 11.881135680796641, 8.151982853010264 ], [ 11.881124448047622, 8.152788092048119 ], [ 11.881132782846182, 8.153061713032768 ], [ 11.880361986187596, 8.153440923896493 ], [ 11.879524126950775, 8.156325552873362 ], [ 11.879249603244583, 8.1568642778055 ], [ 11.878953608297996, 8.158114090200867 ], [ 11.878157391550518, 8.158506185809669 ], [ 11.878190524180535, 8.15972030899766 ], [ 11.878177342683497, 8.160698665710003 ], [ 11.877389113355136, 8.161464964899267 ], [ 11.877116929330512, 8.16203437744776 ], [ 11.876298404776582, 8.162576970240652 ], [ 11.8757666416336, 8.163399146833651 ], [ 11.875218171412245, 8.163668784927392 ], [ 11.87414240544337, 8.164494826484404 ], [ 11.873411814015993, 8.164854161182893 ], [ 11.873062160852429, 8.16558663914036 ], [ 11.872777147356134, 8.166146084729059 ], [ 11.872807068813083, 8.167209366355022 ], [ 11.872525317875136, 8.167482402645623 ], [ 11.872186188510392, 8.170428612582544 ], [ 11.872866420045264, 8.170751455922371 ], [ 11.873777334012415, 8.171682485885798 ], [ 11.874459872929611, 8.172327163340961 ], [ 11.874995716804813, 8.173408019105894 ], [ 11.876120157379338, 8.174774774586945 ], [ 11.876389713527628, 8.175320218071466 ], [ 11.876670000753009, 8.175583962346026 ], [ 11.876937614420036, 8.175858384936518 ], [ 11.877519593617853, 8.176406895294432 ], [ 11.878304687548191, 8.176385420758612 ], [ 11.879606471271215, 8.17640261194507 ], [ 11.880476668407198, 8.176098906946736 ], [ 11.881010131116206, 8.176105690497108 ], [ 11.881849587930835, 8.175812789758227 ], [ 11.882527575368535, 8.175821716083579 ], [ 11.882927592590818, 8.176628783827638 ], [ 11.883479889727692, 8.176890580234438 ], [ 11.884062170715104, 8.177184453246138 ], [ 11.884567424613714, 8.177701206469919 ], [ 11.885550611171105, 8.178629031667951 ], [ 11.886451236394034, 8.177681925405803 ], [ 11.887154729658238, 8.177691190871615 ], [ 11.888637791388994, 8.177650413565594 ], [ 11.888921468281202, 8.177941120057108 ], [ 11.890017779215365, 8.178199014018631 ], [ 11.890287354985599, 8.178744440761934 ], [ 11.890689190075966, 8.179506484855034 ], [ 11.892016183286326, 8.179925233570584 ], [ 11.892499812526534, 8.182302813004215 ], [ 11.892489563594845, 8.183091097531198 ], [ 11.893596885171755, 8.184136048689533 ], [ 11.893864514285038, 8.184410453927118 ], [ 11.894563147512756, 8.18506978399078 ], [ 11.895234349047719, 8.185755777604427 ], [ 11.895537124526514, 8.186041044607361 ], [ 11.896641996915781, 8.186010352875375 ], [ 11.898224446252106, 8.185457990342423 ], [ 11.899316930353191, 8.185184408176701 ], [ 11.899580563277031, 8.18490619136236 ], [ 11.899857022360651, 8.18463847051974 ], [ 11.900120654558203, 8.184360253601945 ], [ 11.900700880200924, 8.18407446915638 ], [ 11.901501080926552, 8.18408512726694 ], [ 11.902245087726172, 8.184846278569038 ], [ 11.903399689541223, 8.184054534707727 ], [ 11.904498503398322, 8.184069390615695 ], [ 11.905277834492138, 8.184865746763858 ], [ 11.906117064525731, 8.185130202016516 ], [ 11.906660639266443, 8.185944662149314 ], [ 11.90694094896087, 8.186208375723853 ], [ 11.907226291934849, 8.188921881981468 ], [ 11.908322629759626, 8.189179711413901 ], [ 11.908596176478609, 8.190267138882994 ], [ 11.908876491010087, 8.190530849555852 ], [ 11.909156885583641, 8.191097876620251 ], [ 11.909150245201509, 8.19164632910153 ], [ 11.908605491139923, 8.192719013559969 ], [ 11.909464649346068, 8.193529599259895 ], [ 11.910527033758886, 8.193500227158399 ], [ 11.911058381022539, 8.19350697800178 ], [ 11.911886164599375, 8.193217799868995 ], [ 11.912155947122285, 8.1934937582141 ], [ 11.913005746915799, 8.194039727424027 ], [ 11.913814567269776, 8.1956700901105 ], [ 11.91435810243707, 8.196182801839507 ], [ 11.914627726432645, 8.196728196053273 ], [ 11.914910024329275, 8.197262910106467 ], [ 11.915179650197537, 8.197808303406012 ], [ 11.915459974504712, 8.198072006036902 ], [ 11.915727626216453, 8.198346388079052 ], [ 11.916007951253956, 8.198610090063106 ], [ 11.916738403023446, 8.200418867197717 ], [ 11.917111817458046, 8.200770294518559 ], [ 11.917553968375456, 8.202095217712863 ], [ 11.918493034758251, 8.206712761030653 ], [ 11.918789419340051, 8.206991692699935 ], [ 11.919065195105091, 8.208376573336089 ], [ 11.918507899699756, 8.209474767850681 ], [ 11.917988766862141, 8.209978762773297 ], [ 11.917729100622983, 8.210799012191702 ], [ 11.916640541758925, 8.211614684168715 ], [ 11.916376913564672, 8.211892913850622 ], [ 11.915840893435094, 8.212413440012927 ], [ 11.915568764054957, 8.212982870302374 ], [ 11.915277534698742, 8.213265004794856 ], [ 11.914752110213566, 8.214364027567017 ], [ 11.914216085010711, 8.214884553406904 ], [ 11.913954625050076, 8.215460259418698 ], [ 11.914603342508327, 8.216692637889063 ], [ 11.913476411938822, 8.217786493351685 ], [ 11.913992959168082, 8.219254330629042 ], [ 11.914530115462874, 8.219760724034341 ], [ 11.914799766946324, 8.220306111926309 ], [ 11.915362805103507, 8.220573052419802 ], [ 11.915337635029674, 8.22250851942052 ], [ 11.914819535770601, 8.223010921469079 ], [ 11.914561844377324, 8.224102183979117 ], [ 11.914285380671339, 8.224369920574953 ], [ 11.913752851509683, 8.22507940168148 ], [ 11.915935833725229, 8.225984089281317 ], [ 11.916338412293708, 8.226395642644816 ], [ 11.916757877481457, 8.226791192447275 ], [ 11.917025556028459, 8.227065566233509 ], [ 11.917577940505065, 8.22732728315782 ], [ 11.918118714717986, 8.227599671444825 ], [ 11.918405580591624, 8.227591763148249 ], [ 11.918970907337409, 8.228169402526815 ], [ 11.919500498619724, 8.229235882651485 ], [ 11.920044099371394, 8.22974856738702 ], [ 11.920313768688368, 8.23029394633642 ], [ 11.920594125554445, 8.230557635837338 ], [ 11.920867027361131, 8.231108812911664 ], [ 11.922198305887013, 8.231072125913791 ], [ 11.922802014738904, 8.231375807031736 ], [ 11.924909957229071, 8.231317573941885 ], [ 11.925604337168537, 8.231667700041191 ], [ 11.926815875828593, 8.231244393756645 ], [ 11.927126529336615, 8.231870454181461 ], [ 11.927412243137645, 8.232139391841299 ], [ 11.927401104160907, 8.232937187391352 ], [ 11.928034948087367, 8.234737079050518 ], [ 11.930699472643013, 8.235363414699258 ], [ 11.930408250087963, 8.235646091256683 ], [ 11.929874729583247, 8.235639401333815 ], [ 11.92961509245001, 8.23645965482762 ], [ 11.928522530004926, 8.236733360614858 ], [ 11.928272859630258, 8.238908648596313 ], [ 11.927794873301112, 8.239373192480251 ], [ 11.926354370530598, 8.239733601823307 ], [ 11.925639388462402, 8.240486247532839 ], [ 11.925111660016162, 8.242713855300751 ], [ 11.923399632781571, 8.243004249680176 ], [ 11.923135997801545, 8.24328248904337 ], [ 11.921853170950696, 8.244133495676174 ], [ 11.92146470495234, 8.24535751912588 ], [ 11.919638104483683, 8.246256952721973 ], [ 11.919377159005347, 8.250085471125159 ], [ 11.918556592981037, 8.250357181715106 ], [ 11.918298921322076, 8.251448447943456 ], [ 11.91802244847908, 8.251716192553861 ], [ 11.917498314270679, 8.252267883014087 ], [ 11.917211344991388, 8.252264150692286 ], [ 11.915874641823294, 8.252730712053408 ], [ 11.915596334925862, 8.253907354252156 ], [ 11.914777745307275, 8.254450070581822 ], [ 11.914518074887113, 8.255270328775426 ], [ 11.914241596814616, 8.255538072539251 ], [ 11.913955798599117, 8.255839233669683 ], [ 11.913989003323133, 8.257033193774939 ], [ 11.913976816213097, 8.257979221383806 ], [ 11.914589007840517, 8.259142496937494 ], [ 11.916907336292789, 8.258333171867161 ], [ 11.91728057234686, 8.259084235297598 ], [ 11.918122807556868, 8.259878459343192 ], [ 11.91918076542972, 8.260380495886967 ], [ 11.91946988929133, 8.260676405518831 ], [ 11.92082995742312, 8.260638949707305 ], [ 11.921903085601066, 8.26118003906705 ], [ 11.923260249299494, 8.260892746496857 ], [ 11.924108415400807, 8.260903485274735 ], [ 11.924656680001604, 8.261463753346259 ], [ 11.925175584146601, 8.262510168079853 ], [ 11.926002080216335, 8.263040870691807 ], [ 11.926545848645643, 8.263855249796652 ], [ 11.926826239662452, 8.264118924833246 ], [ 11.927093957037803, 8.264393280236531 ], [ 11.930077928801472, 8.264785892817818 ], [ 11.931723085549757, 8.264353009152753 ], [ 11.932307661594368, 8.264647796343398 ], [ 11.932813107603607, 8.265164426402521 ], [ 11.933365556678966, 8.265426098953318 ], [ 11.933641296224348, 8.266784468662905 ], [ 11.933921692973353, 8.267048136309507 ], [ 11.934191421456996, 8.267593489510245 ], [ 11.934471819198972, 8.267857156433088 ], [ 11.934461994404961, 8.268540071616254 ], [ 11.935296010190497, 8.268935181317392 ], [ 11.935563735867172, 8.2692095277974 ], [ 11.935844135707372, 8.2694731930183 ], [ 11.936157165166854, 8.270411520153463 ], [ 11.93744663437154, 8.26973719828351 ], [ 11.938852731131643, 8.269456368789081 ], [ 11.939513470577815, 8.270131700400949 ], [ 11.940044323715004, 8.270632778133859 ], [ 11.941841425014243, 8.271055188060048 ], [ 11.9421091556326, 8.271329528033801 ], [ 11.942389560212364, 8.271593186579105 ], [ 11.942767511673527, 8.275832993023814 ], [ 11.943243975324661, 8.276736225035375 ], [ 11.943517753802228, 8.277823570067969 ], [ 11.945085857564528, 8.278317513295798 ], [ 11.945436282815358, 8.279706536351126 ], [ 11.945872754406079, 8.280946710114426 ], [ 11.946282679306432, 8.281332740631759 ], [ 11.947372991634415, 8.28402850096546 ], [ 11.948624724797721, 8.284422597380033 ], [ 11.94928551319599, 8.285098428021175 ], [ 11.949565933785209, 8.285362076265605 ], [ 11.949833681123703, 8.285636405611658 ], [ 11.950253250848673, 8.28603188563625 ], [ 11.950655935800482, 8.286443369578246 ], [ 11.950936358235495, 8.286707016187252 ], [ 11.951210172601058, 8.287794345635906 ], [ 11.952036749382827, 8.28832496302185 ], [ 11.952854898608642, 8.289434724679042 ], [ 11.951906986712995, 8.291301799686369 ], [ 11.952337139221159, 8.292116951856066 ], [ 11.952610966115992, 8.293204277420896 ], [ 11.952912798553404, 8.294341150308226 ], [ 11.952896818683209, 8.295616416274186 ], [ 11.953189789456765, 8.296988903587964 ], [ 11.953469704651949, 8.298889225907853 ], [ 11.95456635668735, 8.299146810648361 ], [ 11.954838173549081, 8.299963130986495 ], [ 11.955662755833051, 8.300222730622135 ], [ 11.955971725518467, 8.302878176866429 ], [ 11.955942853122545, 8.305125903443022 ], [ 11.954880722735471, 8.305648826095577 ], [ 11.954116175615237, 8.306453785541372 ], [ 11.953439500067113, 8.306786991612078 ], [ 11.951900038468247, 8.307297043680347 ], [ 11.951103879537449, 8.307713709254577 ], [ 11.950838407828622, 8.310020368471211 ], [ 11.94977655051464, 8.310724841843292 ], [ 11.949492188995574, 8.31192746591138 ], [ 11.94921571696878, 8.312195238851011 ], [ 11.948954103558629, 8.312744504993759 ], [ 11.948405547509029, 8.313014296045498 ], [ 11.948156090417376, 8.315189567910055 ], [ 11.947879615643366, 8.31545734099682 ], [ 11.94761597319126, 8.315735606527991 ], [ 11.947064084712746, 8.316271145414778 ], [ 11.946034795749419, 8.317354374417215 ], [ 11.945296670462701, 8.31771767372013 ], [ 11.944927516430779, 8.320091806264198 ], [ 11.944391450821621, 8.320612406334488 ], [ 11.944119349657274, 8.321181865038589 ], [ 11.943570778213152, 8.321451654556618 ], [ 11.943309055701786, 8.322556718690169 ], [ 11.942766654595216, 8.323083717087123 ], [ 11.942233055416482, 8.323650879800041 ], [ 11.942781131067228, 8.324167678379947 ], [ 11.943052000575115, 8.324855388116054 ], [ 11.942238668611697, 8.325255768120783 ], [ 11.941999319321702, 8.328786060868705 ], [ 11.941178640616561, 8.3290578686393 ], [ 11.941205943782405, 8.330008874282433 ], [ 11.940372475921293, 8.330418931998926 ], [ 11.940108820085479, 8.330697197692265 ], [ 11.939290159505362, 8.331240006252914 ], [ 11.939026502303138, 8.331518271672884 ], [ 11.938477912951063, 8.331788060243118 ], [ 11.938218302549693, 8.332608331714555 ], [ 11.93787619788375, 8.333626654872873 ], [ 11.938232667346021, 8.333962257096472 ], [ 11.937407729623878, 8.334235151872594 ], [ 11.937146448849731, 8.334832057499554 ], [ 11.937917558394592, 8.337740319290655 ], [ 11.938802961702045, 8.338019065264092 ], [ 11.939342855678754, 8.338291373525404 ], [ 11.939895425411878, 8.338552999008661 ], [ 11.940163217493962, 8.338827323990014 ], [ 11.940443685143896, 8.339090966860356 ], [ 11.94096640500139, 8.339624888776475 ], [ 11.941577651627329, 8.339914659596747 ], [ 11.94275805810358, 8.341119649545149 ], [ 11.943596283851358, 8.341910593536213 ], [ 11.944005133249584, 8.343135070472409 ], [ 11.944390089570833, 8.343865859236686 ], [ 11.945108016260292, 8.344205643944479 ], [ 11.945409020156085, 8.344513592834648 ], [ 11.946193659111794, 8.346094682727742 ], [ 11.946767581094131, 8.346366722047614 ], [ 11.947302922544417, 8.347446801144867 ], [ 11.947617787824106, 8.348043126425871 ], [ 11.947586739448093, 8.350420567840311 ], [ 11.948156105943061, 8.351500389535959 ], [ 11.94843053828952, 8.352656513593109 ], [ 11.94780859467941, 8.356464365369016 ], [ 11.947380219790391, 8.35773953142453 ], [ 11.947126741673298, 8.359372809093555 ], [ 11.945948422732565, 8.360154938489282 ], [ 11.944968134802849, 8.361828039962493 ], [ 11.943603162685225, 8.36210393034076 ], [ 11.942783594958506, 8.362390048637733 ], [ 11.942799407723728, 8.36293884642169 ], [ 11.942252741233293, 8.363469069683504 ], [ 11.941989073135518, 8.363747343466956 ], [ 11.940813448929903, 8.364041932268183 ], [ 11.939274032989031, 8.364022155501651 ], [ 11.938999815243553, 8.364311621927474 ], [ 11.937092611643239, 8.364862544852919 ], [ 11.936828938079849, 8.365140816762603 ], [ 11.935252116520584, 8.36566333976247 ], [ 11.934940321729858, 8.367322998676434 ], [ 11.934661697909242, 8.368727801424656 ], [ 11.934135801852261, 8.369762850051526 ], [ 11.933773366919491, 8.370906786662715 ], [ 11.932505046328862, 8.372597373171359 ], [ 11.932543112439861, 8.373989239342764 ], [ 11.931721450593304, 8.373575051086085 ], [ 11.928447530022375, 8.373333627709888 ], [ 11.925276292961669, 8.373034775057455 ], [ 11.921910246117788, 8.373127989382557 ], [ 11.920963280627227, 8.372161542647062 ], [ 11.920404424787412, 8.371634219423736 ], [ 11.91972205413545, 8.370937361589068 ], [ 11.918163914459024, 8.370980111972427 ], [ 11.9169678907029, 8.372825763327931 ], [ 11.915659332800654, 8.373694022082312 ], [ 11.91539563523769, 8.373972286838063 ], [ 11.914559988500223, 8.374248952006743 ], [ 11.913995660988389, 8.374842805943061 ], [ 11.912428380941924, 8.377517500451939 ], [ 11.912151843927679, 8.377785271409582 ], [ 11.911898502654669, 8.379455631529598 ], [ 11.912454570614345, 8.381035320706271 ], [ 11.912732481727705, 8.382664703712519 ], [ 11.913275963379013, 8.383695024344734 ], [ 11.911653971574566, 8.384022494050622 ], [ 11.911402375736616, 8.38592681299277 ], [ 11.910876392020116, 8.386960800113092 ], [ 11.908688645723343, 8.387838725145526 ], [ 11.908428012290136, 8.388530385373761 ], [ 11.909247383691159, 8.38891869794991 ], [ 11.909521262559903, 8.390006066665805 ], [ 11.910073911858843, 8.390267715080174 ], [ 11.910351833450031, 8.391897100254598 ], [ 11.91063637796861, 8.392702775585432 ], [ 11.91089630125194, 8.394055974027754 ], [ 11.910370288996249, 8.393517813928199 ], [ 11.909594650123752, 8.393150357585688 ], [ 11.909283753804623, 8.393802160317218 ], [ 11.907918609739882, 8.394077973646032 ], [ 11.906673851782511, 8.395387765572721 ], [ 11.906162771527656, 8.396998101801953 ], [ 11.905223330461652, 8.397621194522314 ], [ 11.903995671118427, 8.399516845096205 ], [ 11.901496776000156, 8.399883058035755 ], [ 11.897047898595446, 8.40094859544782 ], [ 11.895517189523531, 8.4025590294632 ], [ 11.894727268651915, 8.402848044590993 ], [ 11.893255147637053, 8.401752530229452 ], [ 11.892186088968991, 8.40124586047844 ], [ 11.891916252774454, 8.4007004933448 ], [ 11.891610118436382, 8.400708566588369 ], [ 11.89055951796157, 8.401257813124737 ], [ 11.889466473010344, 8.401531576099412 ], [ 11.889126277888867, 8.402970209875393 ], [ 11.889999832876439, 8.405071146454301 ], [ 11.888966319461161, 8.407497883006947 ], [ 11.888666606848734, 8.409090792262004 ], [ 11.888735939848493, 8.411559714918868 ], [ 11.888328294955665, 8.412361505500474 ], [ 11.883417675428447, 8.412696653348926 ], [ 11.883029236656263, 8.413509418190792 ], [ 11.881284852546857, 8.416576070519323 ], [ 11.87927204513041, 8.417566965669721 ], [ 11.878713935230113, 8.41815387942742 ], [ 11.877078253201658, 8.418959373981325 ], [ 11.876817384378882, 8.420059704412976 ], [ 11.875996443722196, 8.420331456247558 ], [ 11.875736693057263, 8.421151748169349 ], [ 11.874622347376123, 8.421430941529476 ], [ 11.874686124927999, 8.423731598732839 ], [ 11.874667594347891, 8.425109126737029 ], [ 11.873802083452659, 8.426401810993958 ], [ 11.873041984024841, 8.427139482071356 ], [ 11.872240205022402, 8.42712894300637 ], [ 11.871421174267949, 8.428526098481141 ], [ 11.870361242189661, 8.429554463955421 ], [ 11.869386802119207, 8.432226400350526 ], [ 11.868225042408019, 8.435883262755389 ], [ 11.869024411298446, 8.438156312793513 ], [ 11.86851736442034, 8.44019171520225 ], [ 11.868531871963711, 8.440716206257974 ], [ 11.868515363663919, 8.441935976270868 ], [ 11.868564472202948, 8.443689391424368 ], [ 11.868277308379835, 8.443967821538505 ], [ 11.868015456990372, 8.444793956193422 ], [ 11.867469923676662, 8.444786835274721 ], [ 11.867197768329907, 8.444794122678923 ], [ 11.866789417873749, 8.444789172635803 ], [ 11.866379057810589, 8.444800117636145 ], [ 11.865549761558016, 8.444524567100748 ], [ 11.863889197102891, 8.444570596588887 ], [ 11.863392227605312, 8.445093008277649 ], [ 11.862613070640354, 8.445848814847226 ], [ 11.862043241091831, 8.446729079831124 ], [ 11.861766624308933, 8.446996842742346 ], [ 11.861502844030012, 8.447275100152996 ], [ 11.860109828243532, 8.44755631699908 ], [ 11.860177554711026, 8.44996390355174 ], [ 11.859874645509436, 8.450560065595866 ], [ 11.857443399240184, 8.451364997126644 ], [ 11.857179612953509, 8.45164325358609 ], [ 11.855814180989114, 8.451918965454604 ], [ 11.854963621163909, 8.453956886727878 ], [ 11.853928712206779, 8.454643088805879 ], [ 11.85366492115396, 8.454921344430227 ], [ 11.853388292634817, 8.455189105179286 ], [ 11.853130485514669, 8.456280426484508 ], [ 11.852309443390896, 8.456552159278974 ], [ 11.852037159083711, 8.45712162871008 ], [ 11.851500800412602, 8.457642205069309 ], [ 11.851235767168612, 8.458763753620117 ], [ 11.850689651787025, 8.459837592132686 ], [ 11.849615279884484, 8.460366326197116 ], [ 11.849079272326804, 8.460646565764559 ], [ 11.848514476850239, 8.460916426152188 ], [ 11.847988400725189, 8.460378185240303 ], [ 11.847215540652746, 8.460118073074838 ], [ 11.846901339310842, 8.461785762152441 ], [ 11.845822259249379, 8.462833307481354 ], [ 11.845560448285607, 8.463382584927537 ], [ 11.845283808142964, 8.463650343689023 ], [ 11.844320462586484, 8.464964907568977 ], [ 11.84312527095344, 8.465552742601339 ], [ 11.842351305706369, 8.4671713738067 ], [ 11.842045100388539, 8.46746846291666 ], [ 11.841791242252254, 8.469101838295252 ], [ 11.841475134726588, 8.470367752602753 ], [ 11.841805135885679, 8.470993715228719 ], [ 11.842075112107613, 8.471555002637693 ], [ 11.840734136849694, 8.472856964507219 ], [ 11.840461817359804, 8.474003981487874 ], [ 11.83938586092091, 8.475048856111352 ], [ 11.839120779114344, 8.476168293492799 ], [ 11.837874276906284, 8.476580746295935 ], [ 11.836934018525463, 8.477570105246466 ], [ 11.836428371760952, 8.480253479547237 ], [ 11.83608347046378, 8.480930941370586 ], [ 11.836630251367428, 8.481968244133814 ], [ 11.836070605523624, 8.482510690875541 ], [ 11.836720917911283, 8.483743636749853 ], [ 11.837215180564582, 8.486171986197011 ], [ 11.836747912307622, 8.48756393813037 ], [ 11.836488072298737, 8.488384244065555 ], [ 11.836211411567039, 8.488652004053769 ], [ 11.835949579475049, 8.48920128467171 ], [ 11.835674908569633, 8.489740070177934 ], [ 11.835421116491132, 8.491384040623021 ], [ 11.836513922042133, 8.491902280147899 ], [ 11.836791134718267, 8.493445505682768 ], [ 11.835704777360489, 8.493805453607113 ], [ 11.835454894711351, 8.495980888572657 ], [ 11.835177013268114, 8.496806620921211 ], [ 11.832748590952139, 8.497610957082616 ], [ 11.832474203938729, 8.497899876222526 ], [ 11.830280164270604, 8.49818317516819 ], [ 11.829740874893014, 8.498749826035516 ], [ 11.829782510708776, 8.500220663205463 ], [ 11.828948540920718, 8.500630643493178 ], [ 11.828696638036966, 8.502535060333077 ], [ 11.828417797412325, 8.504536549282145 ], [ 11.827074644406492, 8.504980936108145 ], [ 11.826544844014457, 8.505537988998924 ], [ 11.825731172564543, 8.505527492725303 ], [ 11.824637847895335, 8.5059594703957 ], [ 11.82545748242444, 8.506347901848839 ], [ 11.82581180727786, 8.509705825963614 ], [ 11.825420468536622, 8.510871187530439 ], [ 11.823072142091435, 8.512026953363165 ], [ 11.822513831476785, 8.512613857558721 ], [ 11.821961522607003, 8.513149367893162 ], [ 11.821701648535754, 8.513969678938688 ], [ 11.820965783285601, 8.516161367945017 ], [ 11.820656338395928, 8.519940220996409 ], [ 11.819835129941008, 8.52021193647715 ], [ 11.818980081397886, 8.520510366462837 ], [ 11.817680273592536, 8.520493335233455 ], [ 11.816578408124785, 8.520782964472865 ], [ 11.815484931924193, 8.521056647946477 ], [ 11.814948814162808, 8.521336875487501 ], [ 11.81254345191479, 8.521688884861129 ], [ 11.810706019498456, 8.522330047860732 ], [ 11.810330274459339, 8.5227255736249 ], [ 11.809470806010731, 8.52329506339114 ], [ 11.807594460380162, 8.523270529152462 ], [ 11.807617518449801, 8.524097793553002 ], [ 11.807612056323411, 8.524514990072388 ], [ 11.806800260566089, 8.524914198067966 ], [ 11.806264128071133, 8.525194417339558 ], [ 11.804318487143705, 8.525586999087063 ], [ 11.804405015566996, 8.528699705479434 ], [ 11.803657983117585, 8.529813646363545 ], [ 11.803257689533117, 8.531073837877988 ], [ 11.802491444852089, 8.531450479144743 ], [ 11.802229548040643, 8.531999761100355 ], [ 11.801954811150944, 8.532538547010009 ], [ 11.801693337987588, 8.53314605868686 ], [ 11.802387160903733, 8.536399430659957 ], [ 11.80308589222386, 8.537409213645352 ], [ 11.803928871189612, 8.538799639794384 ], [ 11.803908992324452, 8.540300598110029 ], [ 11.802924009221389, 8.542768326220259 ], [ 11.802576528533518, 8.543104885369413 ], [ 11.801984894964558, 8.545255310285665 ], [ 11.801197850893853, 8.546428309892864 ], [ 11.800698282103808, 8.546913140239189 ], [ 11.800434399392788, 8.547191391776737 ], [ 11.799942219636305, 8.547668756928218 ], [ 11.799479858439112, 8.550627155942529 ], [ 11.798823966228888, 8.551263464096991 ], [ 11.798566017770503, 8.55235481597151 ], [ 11.798017003361783, 8.552624541756444 ], [ 11.797757073618861, 8.553444860471037 ], [ 11.797469748663653, 8.554300845970388 ], [ 11.797509035192299, 8.55574791530565 ], [ 11.797491279619914, 8.557103283470232 ], [ 11.797518634366879, 8.55808139952418 ], [ 11.798341212947243, 8.558856294315703 ], [ 11.798623973338938, 8.559704447353235 ], [ 11.798613889182842, 8.560507604750416 ], [ 11.798078386953032, 8.561026579484507 ], [ 11.797644524909579, 8.563809020532126 ], [ 11.796829761927222, 8.565851487260385 ], [ 11.796482259714367, 8.566188049033345 ], [ 11.796222442631384, 8.567024250995923 ], [ 11.796770846160403, 8.567541198865619 ], [ 11.798048905385594, 8.569649498500274 ], [ 11.797054602070322, 8.569978574349719 ], [ 11.796794670308996, 8.570798896218504 ], [ 11.795732632230131, 8.571321158861354 ], [ 11.794546834859027, 8.572230242602496 ], [ 11.793931410141626, 8.572877909939077 ], [ 11.79352274295924, 8.574161467984 ], [ 11.792181500182959, 8.576800669180468 ], [ 11.791525105359506, 8.576792186290849 ], [ 11.790844441629886, 8.576810876192791 ], [ 11.78889120659699, 8.576785301031844 ], [ 11.788392840433753, 8.576275391686947 ], [ 11.787567601633986, 8.576015601377049 ], [ 11.787217462351501, 8.57565790808836 ], [ 11.7667631, 8.5969072 ], [ 11.762660452372121, 8.603049279456732 ], [ 11.762713681329339, 8.60302148169424 ], [ 11.76328065615677, 8.603600281859386 ], [ 11.76326593696691, 8.604650725717425 ], [ 11.763590809895437, 8.606171486122477 ], [ 11.76356392745716, 8.608183943908957 ], [ 11.762737226318746, 8.608172946706633 ], [ 11.762212489558728, 8.608724652899857 ], [ 11.760574021797684, 8.60900218713024 ], [ 11.760310072571745, 8.609280433361349 ], [ 11.759280866702925, 8.609454761862539 ], [ 11.7576119, 8.6172123 ], [ 11.7675141, 8.6206818 ], [ 11.7769339, 8.6251292 ], [ 11.7841654, 8.6297836 ], [ 11.7888993, 8.6412144 ], [ 11.7883201, 8.6424738 ], [ 11.787881, 8.6434287 ], [ 11.7741348, 8.6542632 ], [ 11.7658481, 8.6622464 ], [ 11.7614317, 8.666501 ], [ 11.760457, 8.6636581 ], [ 11.7571259, 8.6667213 ], [ 11.7516766, 8.6733961 ], [ 11.7431424, 8.6776045 ], [ 11.7496665, 8.6889904 ], [ 11.7542721, 8.7000779 ], [ 11.7691684, 8.7120187 ], [ 11.7854729, 8.7109554 ], [ 11.8270696, 8.7390894 ], [ 11.8312004, 8.7694985 ], [ 11.8317023, 8.7922616 ], [ 11.8364992, 8.8204243 ], [ 11.8406849, 8.8449986 ], [ 11.84508, 8.8598451 ], [ 11.8433668, 8.866698 ], [ 11.8506003, 8.869934 ], [ 11.8498389, 8.8750737 ], [ 11.8540268, 8.8952134 ], [ 11.8555612, 8.8977708 ], [ 11.859648, 8.9045821 ], [ 11.8608796, 8.9066348 ], [ 11.8646867, 8.9098709 ], [ 11.8624025, 8.9151628 ], [ 11.869516, 8.9293898 ], [ 11.8696062, 8.9295702 ], [ 11.8736335, 8.9376249 ], [ 11.8715396, 8.9470666 ], [ 11.8639253, 8.9541098 ], [ 11.8542171, 8.9662927 ], [ 11.8437475, 8.9788562 ], [ 11.8298514, 8.9935137 ], [ 11.8311082, 9.008386 ], [ 11.8310575, 9.0083952 ], [ 11.8252811, 9.0106964 ], [ 11.8193226, 9.0120201 ], [ 11.8162408, 9.0127049 ], [ 11.7998505, 9.0176201 ], [ 11.794934, 9.0190217 ], [ 11.7948738, 9.0190389 ], [ 11.7927046, 9.0196573 ], [ 11.7917585, 9.019927 ], [ 11.7859879, 9.0233727 ], [ 11.7767496, 9.0279703 ], [ 11.7728124, 9.030419 ], [ 11.7675171, 9.0337124 ], [ 11.7583008, 9.0428867 ], [ 11.754904764481042, 9.046908474455698 ], [ 11.755713360687311, 9.046486244760624 ], [ 11.75758178179359, 9.046510300188032 ], [ 11.758108857483034, 9.047047904710265 ], [ 11.75893731282094, 9.047578472730898 ], [ 11.759207754008676, 9.048123831853385 ], [ 11.760306672673183, 9.048643357811377 ], [ 11.760873057129483, 9.051120895093904 ], [ 11.761426399107121, 9.052167571733465 ], [ 11.761698918566312, 9.052983961507866 ], [ 11.761982069520663, 9.053518631127673 ], [ 11.762262029491071, 9.054890298562475 ], [ 11.762844595272579, 9.055438589171423 ], [ 11.764043205624066, 9.057848339186972 ], [ 11.764602296436255, 9.057832997997673 ], [ 11.765864627467666, 9.057848867468717 ], [ 11.766872664800456, 9.05887514945938 ], [ 11.76730316434428, 9.060984698762896 ], [ 11.768040797790475, 9.061333279837946 ], [ 11.768309190708299, 9.06160759157112 ], [ 11.768773755429981, 9.062044528684412 ], [ 11.769150042189494, 9.06458276025149 ], [ 11.76936510186855, 9.064846885248931 ], [ 11.769690136305238, 9.063478063694959 ], [ 11.770917330289533, 9.063493646564176 ], [ 11.771864062468611, 9.063467412046963 ], [ 11.772599735421403, 9.063837172020154 ], [ 11.774049697906129, 9.063456129173787 ], [ 11.775330039769184, 9.063180659839681 ], [ 11.775691984089729, 9.064262101062361 ], [ 11.776533364824257, 9.064526229543054 ], [ 11.777553266281799, 9.065565611594018 ], [ 11.778497397048952, 9.06617040885275 ], [ 11.779840457283031, 9.067538720953008 ], [ 11.779818424030887, 9.069242456563687 ], [ 11.779830242585952, 9.069670641354261 ], [ 11.781472337883685, 9.070446929376399 ], [ 11.782013417055945, 9.070719149750577 ], [ 11.783112536432016, 9.070976529404108 ], [ 11.78364290505435, 9.071517226497093 ], [ 11.785027499248786, 9.071775071003664 ], [ 11.785568581803266, 9.07204728468205 ], [ 11.787213045123757, 9.072300490814708 ], [ 11.787487739767883, 9.073387867023802 ], [ 11.788867593901751, 9.074271990380584 ], [ 11.788855024343674, 9.075264150491103 ], [ 11.789146874565985, 9.075538258982682 ], [ 11.789670814625312, 9.07607210986891 ], [ 11.790243851412024, 9.076343009697458 ], [ 11.790514367644054, 9.076888324238263 ], [ 11.791612334587708, 9.077407195114862 ], [ 11.791888220528298, 9.078233038248413 ], [ 11.792956011414308, 9.078568438130279 ], [ 11.793268382302307, 9.080390825111836 ], [ 11.793549506529223, 9.080654422059119 ], [ 11.793824355970164, 9.08175766575747 ], [ 11.79327564203154, 9.082290189135064 ], [ 11.792798857201864, 9.089354724836452 ], [ 11.793514584193549, 9.090027908186435 ], [ 11.793906197859796, 9.092311831559373 ], [ 11.794464225103392, 9.093115387588528 ], [ 11.795179917475476, 9.09488014612675 ], [ 11.795586500550467, 9.097990839439774 ], [ 11.796598360969906, 9.098248820458528 ], [ 11.796943577014845, 9.097162001439116 ], [ 11.799129391927687, 9.096879466098981 ], [ 11.799496254675372, 9.09611169562438 ], [ 11.800484385231407, 9.095784887427925 ], [ 11.800744311514626, 9.094964471254389 ], [ 11.801564576895405, 9.094421377748731 ], [ 11.801865703589826, 9.094104612477491 ], [ 11.804327692956042, 9.094135436429367 ], [ 11.805420636078164, 9.094684456582641 ], [ 11.805927450829586, 9.095200930740976 ], [ 11.806231134551844, 9.095486042753381 ], [ 11.807338731879472, 9.095454747953289 ], [ 11.808924803985812, 9.09490150335707 ], [ 11.811655936910793, 9.094614695474055 ], [ 11.811920069026876, 9.094336324250047 ], [ 11.813849125156171, 9.094055689817255 ], [ 11.814376355288998, 9.094593695085956 ], [ 11.816566267685452, 9.094842518751681 ], [ 11.816834719434983, 9.095116775669888 ], [ 11.817342305189806, 9.095594048936404 ], [ 11.819028877537441, 9.095907624701777 ], [ 11.819303700813329, 9.096994941220027 ], [ 11.823963725441718, 9.09722459037248 ], [ 11.824690599962238, 9.096460372362479 ], [ 11.826666075173613, 9.096124784399827 ], [ 11.827195375834606, 9.095568019139549 ], [ 11.827748273326097, 9.095032245546081 ], [ 11.828012389599753, 9.094753866331285 ], [ 11.831288815334547, 9.09446268332362 ], [ 11.831829847434824, 9.094180033901615 ], [ 11.832100453881782, 9.094456376269598 ], [ 11.832391277057377, 9.094729914065622 ], [ 11.833070842783812, 9.096755269382609 ], [ 11.833862832274793, 9.097499747129259 ], [ 11.833378265522761, 9.099948115737122 ], [ 11.834108781698978, 9.101001157522555 ], [ 11.834616393706231, 9.101478397049283 ], [ 11.835161815343875, 9.102292545663802 ], [ 11.835442982411353, 9.102556095489028 ], [ 11.835713588786488, 9.103101349036253 ], [ 11.837907795406766, 9.103350520034349 ], [ 11.837423625864991, 9.103820131961147 ], [ 11.837102633182649, 9.105529825186904 ], [ 11.83573491992375, 9.105806222867031 ], [ 11.835447318396321, 9.107023350229284 ], [ 11.835506511498798, 9.109125515758148 ], [ 11.836868409426964, 9.11040495287121 ], [ 11.838170009447101, 9.11254559381516 ], [ 11.839106460822379, 9.11282678650981 ], [ 11.840694632158208, 9.112272320817096 ], [ 11.841789671695798, 9.111998028820647 ], [ 11.842051638601701, 9.111448623974939 ], [ 11.843419901511297, 9.111106023621479 ], [ 11.844847190295997, 9.110011796717332 ], [ 11.845308853777851, 9.109525941376338 ], [ 11.84585850941758, 9.109255905330787 ], [ 11.846122614651113, 9.108977514239092 ], [ 11.846399584926166, 9.108709610707471 ], [ 11.846663689347238, 9.10843121946621 ], [ 11.847213341911162, 9.108161182180307 ], [ 11.847569359870459, 9.10778678782577 ], [ 11.849388359334581, 9.107331065681752 ], [ 11.849668307329214, 9.107036139196167 ], [ 11.850814606942032, 9.107050453476358 ], [ 11.854651113124492, 9.107800117066013 ], [ 11.855653593432566, 9.10727666032837 ], [ 11.858045952954919, 9.106992144644302 ], [ 11.858389056813005, 9.10834459129136 ], [ 11.860482653077174, 9.108666393929047 ], [ 11.860851808179705, 9.109409347157316 ], [ 11.861678356822635, 9.10966858020328 ], [ 11.861946847317368, 9.109942789719165 ], [ 11.863273788023255, 9.110569685984428 ], [ 11.866804050556476, 9.110983357834671 ], [ 11.867125568152288, 9.109625692389537 ], [ 11.869093980223102, 9.109344442536143 ], [ 11.869050953628603, 9.112760659563129 ], [ 11.868250902005169, 9.113953238207344 ], [ 11.867988980455367, 9.114502650154124 ], [ 11.866621294973665, 9.114779167208116 ], [ 11.866084523631363, 9.115059719097012 ], [ 11.865534885179107, 9.115329783742256 ], [ 11.864998111796565, 9.115610334531947 ], [ 11.860903563000162, 9.115908309974452 ], [ 11.860391214227015, 9.11644751533585 ], [ 11.857919115288501, 9.117828980188051 ], [ 11.857655017480342, 9.118107378934962 ], [ 11.85737805318993, 9.118375290579991 ], [ 11.857113954568485, 9.118653689177945 ], [ 11.855752700965231, 9.119743208060186 ], [ 11.855488600035914, 9.12002160615223 ], [ 11.854935730020639, 9.120557420429572 ], [ 11.854406459992273, 9.12111422355304 ], [ 11.853529040775458, 9.121695463823617 ], [ 11.852328920068723, 9.122956810059932 ], [ 11.85087871939459, 9.124117951952128 ], [ 11.850628086390264, 9.126896387352385 ], [ 11.850103705573126, 9.129544632319687 ], [ 11.849848210664447, 9.130907081905352 ], [ 11.849577694435753, 9.131988031512824 ], [ 11.849320044111836, 9.133079468582279 ], [ 11.848629722072628, 9.133749228925211 ], [ 11.847978072790825, 9.135800305615108 ], [ 11.846938590689831, 9.137844897918706 ], [ 11.84783882763803, 9.14039567971078 ], [ 11.847471472153572, 9.141490626242378 ], [ 11.847167891288182, 9.14310331216417 ], [ 11.847903606586392, 9.143450614410193 ], [ 11.848586065319489, 9.144468496677273 ], [ 11.848867281725601, 9.144732022470455 ], [ 11.849279775547817, 9.145560926933467 ], [ 11.848873832553647, 9.146358151019955 ], [ 11.8486161831065, 9.147449590643902 ], [ 11.848066481093635, 9.147719647620221 ], [ 11.84753717106253, 9.148276455496903 ], [ 11.846760130385192, 9.149030012778072 ], [ 11.847546858231578, 9.150163003864309 ], [ 11.847542666019184, 9.150439361193918 ], [ 11.847828203074805, 9.151244912962772 ], [ 11.848107728237139, 9.152900657813808 ], [ 11.847549699716422, 9.153999223819818 ], [ 11.84701369995329, 9.154519561439667 ], [ 11.847044833469555, 9.155619847869682 ], [ 11.847869209930279, 9.156394163202865 ], [ 11.848148535769987, 9.158023440097667 ], [ 11.849199761397939, 9.158519641728205 ], [ 11.849531586155448, 9.16045182193696 ], [ 11.849825798788029, 9.161006915377239 ], [ 11.849815115879942, 9.161804737246078 ], [ 11.851451391623183, 9.162318023415803 ], [ 11.851742474268164, 9.162613754629854 ], [ 11.851731940394265, 9.163429572215099 ], [ 11.850468011490706, 9.164050938223486 ], [ 11.850111298989303, 9.165944603537723 ], [ 11.850133379222621, 9.166708816708198 ], [ 11.85082136114278, 9.168009310615444 ], [ 11.84827953489429, 9.168440652060557 ], [ 11.847972955566059, 9.169408081855551 ], [ 11.847152655753007, 9.169951309119867 ], [ 11.846777489928474, 9.171537038462253 ], [ 11.845804129989123, 9.171859140303741 ], [ 11.845544315001126, 9.172679571411981 ], [ 11.845169830624496, 9.173416207562411 ], [ 11.844455591373698, 9.173766970651368 ], [ 11.843471918751872, 9.174801665585964 ], [ 11.843124274451558, 9.177035113431748 ], [ 11.842849423898986, 9.177574044426157 ], [ 11.842584397107391, 9.178409868661515 ], [ 11.842042011269314, 9.178935553937826 ], [ 11.841760955847178, 9.17923103031692 ], [ 11.841792040719044, 9.180323909710305 ], [ 11.840697751752657, 9.181385412693837 ], [ 11.840140916100646, 9.181970499940636 ], [ 11.840174850189927, 9.183153878344598 ], [ 11.840169718108488, 9.183579523155434 ], [ 11.839628379131682, 9.184104140981917 ], [ 11.83911803189701, 9.184640691233346 ], [ 11.83877922527928, 9.187985728507488 ], [ 11.838299205098124, 9.188451105537366 ], [ 11.837925017689592, 9.190030481108987 ], [ 11.838593461896306, 9.190346013356015 ], [ 11.838870956606939, 9.191741337051351 ], [ 11.838332878859534, 9.193344766310156 ], [ 11.838368070884904, 9.194551427442784 ], [ 11.838352161406778, 9.195763255496441 ], [ 11.83883465402314, 9.196675776797049 ], [ 11.836937579127143, 9.197151253379916 ], [ 11.837298943265855, 9.19850727524125 ], [ 11.837285995313875, 9.199556037941594 ], [ 11.837580242930002, 9.200111136322564 ], [ 11.837851436179283, 9.200714588043661 ], [ 11.836710746938659, 9.204115175959862 ], [ 11.83740320766006, 9.204766127937955 ], [ 11.836979903679186, 9.206466059389752 ], [ 11.836536866604542, 9.206895153689356 ], [ 11.836545463856726, 9.20717141220938 ], [ 11.835725069175817, 9.207714644057569 ], [ 11.835302395867979, 9.208158929506531 ], [ 11.834926314431883, 9.209368303085782 ], [ 11.8354759961301, 9.209884863915299 ], [ 11.835744571618234, 9.210159074774033 ], [ 11.836041957245826, 9.210438351585024 ], [ 11.836028149754483, 9.211512001554333 ], [ 11.837123225002934, 9.212540385500956 ], [ 11.837547889265561, 9.214212987846926 ], [ 11.837993639478048, 9.215056446434048 ], [ 11.838661436817604, 9.215684291741608 ], [ 11.839368326987683, 9.216403404429277 ], [ 11.839350076480454, 9.217852401601974 ], [ 11.839362177213971, 9.218299613468311 ], [ 11.840898551183342, 9.219742156382253 ], [ 11.841953122145148, 9.21863381959963 ], [ 11.842362442814482, 9.21905089482595 ], [ 11.84606194772185, 9.219297960813281 ], [ 11.846462659631683, 9.220102585393029 ], [ 11.846743951934961, 9.220366094241179 ], [ 11.847154603231596, 9.223870346454117 ], [ 11.84567690548103, 9.224168958003167 ], [ 11.84541491546681, 9.224718385910167 ], [ 11.844319562387739, 9.224992791531117 ], [ 11.84405539721557, 9.225271206245601 ], [ 11.842674501013555, 9.225550514182865 ], [ 11.841957002743785, 9.22630416986369 ], [ 11.841619974029953, 9.227729746226775 ], [ 11.840524605875835, 9.228004143910677 ], [ 11.840260435344085, 9.228282557364023 ], [ 11.839691513388658, 9.228562319785794 ], [ 11.839175837899056, 9.229104223209946 ], [ 11.838080461650371, 9.229378615259641 ], [ 11.836593874287914, 9.229769907116927 ], [ 11.835392368081099, 9.231031856718635 ], [ 11.835096100012008, 9.231028371670012 ], [ 11.834316246612046, 9.231050407694198 ], [ 11.832091130108756, 9.230502600386316 ], [ 11.83182745195432, 9.231244196833002 ], [ 11.832921386781708, 9.231587595048664 ], [ 11.833799842403383, 9.232169314336677 ], [ 11.834287605428182, 9.232666240092588 ], [ 11.837728567672018, 9.23294291930088 ], [ 11.838115215249399, 9.233720138078539 ], [ 11.838669298455688, 9.233981495605189 ], [ 11.839210680923744, 9.234253540740754 ], [ 11.839764765378993, 9.234514896073708 ], [ 11.840659303916702, 9.235107053196971 ], [ 11.84140617795512, 9.23588882621976 ], [ 11.840594094539973, 9.236676582945238 ], [ 11.840286592305194, 9.237000335824399 ], [ 11.840424385390344, 9.241825395127387 ], [ 11.841227554202165, 9.244839544702621 ], [ 11.841776234525751, 9.245354496887471 ], [ 11.842400108912502, 9.246607302836907 ], [ 11.843238759535225, 9.247002965412042 ], [ 11.8449224127931, 9.24871636790113 ], [ 11.844370446203468, 9.249252219656102 ], [ 11.844796732850403, 9.249652734893013 ], [ 11.845183019051191, 9.251174740583702 ], [ 11.846721537889785, 9.251534660895331 ], [ 11.847259881996651, 9.252616619128798 ], [ 11.848106027214655, 9.252881983573948 ], [ 11.84864437824001, 9.253963937760744 ], [ 11.849566492297932, 9.254399145237 ], [ 11.850019268824152, 9.255308147808471 ], [ 11.850329841926722, 9.255894316621303 ], [ 11.85030781246598, 9.257656176679529 ], [ 11.851411449592289, 9.258002058587506 ], [ 11.852340223300505, 9.258468433170519 ], [ 11.852824429473594, 9.259440700684827 ], [ 11.853509074512225, 9.261479599793153 ], [ 11.855002690387801, 9.26194781369043 ], [ 11.854990835319626, 9.262854685205626 ], [ 11.854999529959271, 9.263139405937793 ], [ 11.856079896526495, 9.263109085394499 ], [ 11.856632035100255, 9.263386294133053 ], [ 11.857186176483383, 9.263647604506032 ], [ 11.857548297209851, 9.264016317858212 ], [ 11.858270980907768, 9.263638944405173 ], [ 11.860462944364643, 9.263355703694719 ], [ 11.860449437334374, 9.26445156096953 ], [ 11.861550045253761, 9.264420531649854 ], [ 11.862885921133417, 9.265410844335186 ], [ 11.863201171064144, 9.266044067750713 ], [ 11.863505073513547, 9.266329071308107 ], [ 11.864570522657493, 9.266298840841424 ], [ 11.86616282645044, 9.266318382566272 ], [ 11.868881568862516, 9.267388105238869 ], [ 11.871124334773354, 9.267324593154132 ], [ 11.871398362073556, 9.267604534380789 ], [ 11.872498113506209, 9.267861436871531 ], [ 11.872781810351178, 9.268150827228068 ], [ 11.87405273272582, 9.268750422361675 ], [ 11.874414592866746, 9.269477477437635 ], [ 11.875518764604831, 9.270276377874339 ], [ 11.875789629873198, 9.270821539454642 ], [ 11.876070988938654, 9.27108500579765 ], [ 11.876339647597847, 9.271359161864849 ], [ 11.877398761587079, 9.271858809810706 ], [ 11.878320235840429, 9.272468605329104 ], [ 11.87932715615093, 9.273493240906767 ], [ 11.880200066283274, 9.273766761052372 ], [ 11.880984542090813, 9.274564506753139 ], [ 11.881557969516102, 9.274835141419288 ], [ 11.881552785853707, 9.275244361910673 ], [ 11.881587082815898, 9.276442507568357 ], [ 11.880855324612861, 9.2775335483001 ], [ 11.879666290108204, 9.277831619094316 ], [ 11.87926899050955, 9.278249292166549 ], [ 11.87882808036977, 9.278677373956231 ], [ 11.878889133355573, 9.280803767541055 ], [ 11.878056318667111, 9.282441901540247 ], [ 11.8780922050546, 9.283704615856138 ], [ 11.878975429033162, 9.284976382112578 ], [ 11.878641447029931, 9.285970526494253 ], [ 11.878650076102481, 9.286244125615358 ], [ 11.878645917639677, 9.286517827806975 ], [ 11.878929508364006, 9.287052291024866 ], [ 11.879200398994172, 9.287597444063575 ], [ 11.879503259716513, 9.287881374036523 ], [ 11.879483565313771, 9.289514013561465 ], [ 11.878936903141712, 9.290044056048139 ], [ 11.878969484763928, 9.291161757276619 ], [ 11.879517221212256, 9.292196960109353 ], [ 11.879833275992423, 9.293442061352959 ], [ 11.880621786979907, 9.29381417380611 ], [ 11.881498781353223, 9.294970578078486 ], [ 11.882413847897405, 9.295829712515426 ], [ 11.882962231272021, 9.297461991267685 ], [ 11.883388623701121, 9.297862429552055 ], [ 11.883380891023894, 9.298479698754242 ], [ 11.882026073371899, 9.299494272041658 ], [ 11.881764258125882, 9.300059603333255 ], [ 11.882505347971756, 9.300755514954298 ], [ 11.882043831544095, 9.301662294627029 ], [ 11.881784105715989, 9.302482750248064 ], [ 11.881369608912777, 9.302884691696876 ], [ 11.880972292743186, 9.303302374114136 ], [ 11.880695250122429, 9.303570339981173 ], [ 11.880437740296877, 9.30466179906748 ], [ 11.879615044201339, 9.304934173645918 ], [ 11.879350874281702, 9.30521262302784 ], [ 11.878526096596641, 9.306012234260949 ], [ 11.8788250484657, 9.306857820319491 ], [ 11.878000266491476, 9.307657431798379 ], [ 11.877741878732838, 9.30903315390603 ], [ 11.876927664384567, 9.309822622966664 ], [ 11.876684701523443, 9.312822764204292 ], [ 11.876407649316743, 9.31309072986482 ], [ 11.876145820318936, 9.313656062442218 ], [ 11.8766957521352, 9.314172490130893 ], [ 11.877511520471142, 9.315003314345548 ], [ 11.87697328846893, 9.315525356715881 ], [ 11.876735747673111, 9.319055853110179 ], [ 11.875373997035375, 9.320145651317883 ], [ 11.875121042172109, 9.321795001692438 ], [ 11.875877220009874, 9.322505086875982 ], [ 11.876225864897421, 9.324209388966461 ], [ 11.876789007845204, 9.325554649659713 ], [ 11.876784856837174, 9.325828351882878 ], [ 11.8768381981341, 9.327654140171758 ], [ 11.874374702491799, 9.32827168722317 ], [ 11.873767616670079, 9.328588375570702 ], [ 11.873830092610365, 9.330749697119554 ], [ 11.874380052281779, 9.331265591551187 ], [ 11.874655435482977, 9.332352746938023 ], [ 11.875331008450219, 9.333628284591054 ], [ 11.876592576276639, 9.334223638663032 ], [ 11.877288017075326, 9.334931557349682 ], [ 11.877687910486982, 9.33612250684218 ], [ 11.878511800217911, 9.336895547935297 ], [ 11.878799272093259, 9.338024413572075 ], [ 11.879351405078125, 9.338542923987568 ], [ 11.879654874627315, 9.339153437163198 ], [ 11.879635860169802, 9.340730488269436 ], [ 11.879094428385985, 9.341255216881933 ], [ 11.878839148879791, 9.342617685604084 ], [ 11.878567737817322, 9.343703441052391 ], [ 11.879142364187992, 9.343974565853154 ], [ 11.879741080455902, 9.344582682741271 ], [ 11.879383186344761, 9.345650613025876 ], [ 11.879448939236084, 9.347942640265877 ], [ 11.880273071367167, 9.349129078654988 ], [ 11.881467291225494, 9.349692653502288 ], [ 11.881080228194991, 9.350453806650242 ], [ 11.880723951644732, 9.351199889530584 ], [ 11.881370641957625, 9.351806549743008 ], [ 11.881639689797069, 9.352117731324524 ], [ 11.881107006833361, 9.353705833860774 ], [ 11.880794282571324, 9.354692411545324 ], [ 11.879793142273014, 9.355184357623791 ], [ 11.879498659519006, 9.356444984478518 ], [ 11.881158411235491, 9.357228680673234 ], [ 11.881145003507836, 9.358318164836597 ], [ 11.881426455598129, 9.358581603420999 ], [ 11.881846769116464, 9.359009066945394 ], [ 11.880885491156075, 9.359941102269881 ], [ 11.880621294383035, 9.360219564049048 ], [ 11.87980071380535, 9.36076298005286 ], [ 11.879403350623864, 9.36118067988663 ], [ 11.878851328376594, 9.361716620374695 ], [ 11.878320797281532, 9.36227355805854 ], [ 11.877906245424647, 9.362675516809501 ], [ 11.877508877846459, 9.363093215810121 ], [ 11.876956849657706, 9.363629155072246 ], [ 11.876464358216049, 9.364146082625039 ], [ 11.876896403308598, 9.364961989787204 ], [ 11.876560358608639, 9.365966227314134 ], [ 11.875193623000399, 9.365949269178317 ], [ 11.875217552037899, 9.366784372425496 ], [ 11.875772959758212, 9.367305496470053 ], [ 11.875762472295129, 9.368103295250465 ], [ 11.876053850777209, 9.368924049625415 ], [ 11.876395912499428, 9.369944482961992 ], [ 11.877596124442473, 9.370320087652637 ], [ 11.877986328155984, 9.371101923370421 ], [ 11.878548198716578, 9.371629869314321 ], [ 11.879349647493848, 9.371607470352009 ], [ 11.879619475094705, 9.371881589918949 ], [ 11.880175967231269, 9.372403223201308 ], [ 11.880159476074724, 9.37376375224861 ], [ 11.880735229911227, 9.374035379512298 ], [ 11.881104346954027, 9.375489637344488 ], [ 11.881569530928642, 9.375925727561848 ], [ 11.881840754665856, 9.376497319375723 ], [ 11.881303680743608, 9.377554012899811 ], [ 11.881043951000319, 9.378374482422482 ], [ 11.880501889734374, 9.379731350922794 ], [ 11.88134365242216, 9.381618987703298 ], [ 11.881326229269598, 9.382993815360905 ], [ 11.882709306166971, 9.38227217396795 ], [ 11.883536067942751, 9.383503547496833 ], [ 11.883957221653976, 9.38389870152135 ], [ 11.884361452241404, 9.384309872752223 ], [ 11.884937227207324, 9.384581486812912 ], [ 11.885729102552739, 9.384558614414344 ], [ 11.886273103120823, 9.385112620364213 ], [ 11.886835002517392, 9.385639482603432 ], [ 11.887107002573329, 9.385916219684681 ], [ 11.887642821356641, 9.385353396439827 ], [ 11.888166396609483, 9.38588639219493 ], [ 11.889049484995441, 9.386450325544645 ], [ 11.890113139530021, 9.386419926653797 ], [ 11.8909564623759, 9.386430497914528 ], [ 11.890933597639316, 9.388300813138834 ], [ 11.891332149875502, 9.389053967229742 ], [ 11.890412094778595, 9.389946536620988 ], [ 11.890152388183953, 9.39076700867885 ], [ 11.889877553813491, 9.391305998911069 ], [ 11.889280556338457, 9.392847533744115 ], [ 11.889904183428705, 9.393744942449642 ], [ 11.890179719945202, 9.394832053062407 ], [ 11.890463463903655, 9.395366472425067 ], [ 11.890996857244641, 9.39643717789043 ], [ 11.891293396358163, 9.396714766025822 ], [ 11.891566691296534, 9.397530874324566 ], [ 11.891848189457779, 9.397794292211374 ], [ 11.892123958529725, 9.398907863149496 ], [ 11.891586906712551, 9.399964572171248 ], [ 11.891239842429167, 9.401433662610572 ], [ 11.892702911014615, 9.402123565216344 ], [ 11.892984031900612, 9.403494872938898 ], [ 11.893730793140415, 9.40419593445373 ], [ 11.892927053063923, 9.404591583560935 ], [ 11.893407911720399, 9.406392126339462 ], [ 11.895470237474177, 9.40670815048726 ], [ 11.896016458450967, 9.407522009051307 ], [ 11.896297969306813, 9.407785419808629 ], [ 11.89660156139009, 9.408395889293873 ], [ 11.896581553476004, 9.410089375618618 ], [ 11.896596434120267, 9.410595820598681 ], [ 11.897967829125106, 9.411025481339259 ], [ 11.897959626674748, 9.411704147232625 ], [ 11.897982394951372, 9.412517007669413 ], [ 11.89797420753346, 9.413197261551874 ], [ 11.898533151790637, 9.414000418984665 ], [ 11.898804227445853, 9.414545514720077 ], [ 11.899151929351875, 9.41520219632365 ], [ 11.900457067829073, 9.415610683200615 ], [ 11.901015920677565, 9.415890861157724 ], [ 11.900995401455367, 9.417519238377194 ], [ 11.898842681857897, 9.417493552127585 ], [ 11.898551389454198, 9.418103616417971 ], [ 11.898577131216792, 9.419016494321898 ], [ 11.898570993423833, 9.419558576127425 ], [ 11.898594923768904, 9.420382012897999 ], [ 11.897220981707649, 9.421057623203172 ], [ 11.896959030986176, 9.421607103787094 ], [ 11.896678957266824, 9.422156732573196 ], [ 11.896698401639686, 9.422826172869833 ], [ 11.896688520551882, 9.423686412975808 ], [ 11.897800222490929, 9.424035090263915 ], [ 11.897236848511181, 9.424875535960076 ], [ 11.897278962661938, 9.426344603121569 ], [ 11.89727026351148, 9.427090497729653 ], [ 11.896746499634824, 9.429738802422387 ], [ 11.89730202420146, 9.430000480214149 ], [ 11.897293194787334, 9.430730496073107 ], [ 11.89593434455807, 9.430281167769866 ], [ 11.895686098301285, 9.432600610456756 ], [ 11.896508156934013, 9.432988191745588 ], [ 11.896788810563105, 9.43327330569854 ], [ 11.896778047919293, 9.434154725375125 ], [ 11.894647279706483, 9.435750197276507 ], [ 11.894365541351487, 9.437889417353441 ], [ 11.893551632565964, 9.439245905662526 ], [ 11.89357543408412, 9.440053466470204 ], [ 11.893287754384087, 9.440332144026016 ], [ 11.893031776329833, 9.441981524537278 ], [ 11.89140364507902, 9.444149297079449 ], [ 11.891431800906936, 9.445095507297612 ], [ 11.890601424670763, 9.445503572078859 ], [ 11.890257704984876, 9.446222584719282 ], [ 11.887608191910731, 9.446612258512245 ], [ 11.886853520010757, 9.44740557795418 ], [ 11.886366630290663, 9.447706534678018 ], [ 11.88434162178177, 9.446910113850279 ], [ 11.882525877591814, 9.446659293442398 ], [ 11.881896763209193, 9.448320212241248 ], [ 11.88246285198777, 9.448822668627399 ], [ 11.88300296773275, 9.448254495261869 ], [ 11.884751766548142, 9.448275601430998 ], [ 11.885177844316928, 9.449761114404133 ], [ 11.884357007010777, 9.450164857082127 ], [ 11.884376511901138, 9.450842243180478 ], [ 11.884368500417182, 9.451544204493596 ], [ 11.883828012687873, 9.452067920465995 ], [ 11.884659718090479, 9.452327871169725 ], [ 11.884940385343585, 9.452612992559416 ], [ 11.884933082534296, 9.453143973945741 ], [ 11.885214635259887, 9.453407384425665 ], [ 11.885551416756279, 9.454411935838124 ], [ 11.884910040013782, 9.455367889732592 ], [ 11.884375898370955, 9.455885733413655 ], [ 11.883322491767563, 9.456404136866771 ], [ 11.883056132581881, 9.456684755439456 ], [ 11.882488645860922, 9.456400400921673 ], [ 11.881663552812803, 9.456423586414624 ], [ 11.881702557208941, 9.457777832013722 ], [ 11.880879537547225, 9.458050315604197 ], [ 11.880622061208829, 9.459141800586481 ], [ 11.880347187733271, 9.459680802164412 ], [ 11.879819018994581, 9.461045529402259 ], [ 11.879462324073508, 9.461746650053309 ], [ 11.881195282992064, 9.462289279064091 ], [ 11.881184854826005, 9.463213052957485 ], [ 11.882291787877328, 9.464252037349089 ], [ 11.882590001955654, 9.464849850068639 ], [ 11.882580515800713, 9.465630165777897 ], [ 11.882886010175948, 9.466205686198055 ], [ 11.88285994972841, 9.468322175121429 ], [ 11.883741210286015, 9.469148624634231 ], [ 11.88425398059014, 9.469134347665454 ], [ 11.884538905733205, 9.471331909471688 ], [ 11.884001781817828, 9.472388643566461 ], [ 11.883461013116348, 9.473520044416233 ], [ 11.883483526948659, 9.474300625340918 ], [ 11.882898593097238, 9.47486812136709 ], [ 11.882973700842824, 9.477477644878777 ], [ 11.88268619785997, 9.478930383966294 ], [ 11.882149910960504, 9.479450369541965 ], [ 11.881583664695883, 9.481235179635284 ], [ 11.881642093269363, 9.483251459599863 ], [ 11.881638118938355, 9.483541567324018 ], [ 11.881094422980016, 9.48406902526783 ], [ 11.881378160949243, 9.484335061014782 ], [ 11.881651615224763, 9.48515698181733 ], [ 11.881108787850065, 9.485150335543853 ], [ 11.880816676334355, 9.485158563935137 ], [ 11.879813511962839, 9.486212785726897 ], [ 11.878703181631604, 9.486948699644854 ], [ 11.8781576758296, 9.488665586725341 ], [ 11.877863908486122, 9.489242332222108 ], [ 11.877335718665895, 9.490607070037495 ], [ 11.877058566830692, 9.490875076040535 ], [ 11.877067248631903, 9.491148671288247 ], [ 11.8770599781037, 9.491682830554268 ], [ 11.877368756675359, 9.492265205339111 ], [ 11.877902422268338, 9.493854641071023 ], [ 11.878184013934911, 9.494118048410778 ], [ 11.878630356545916, 9.494572247874427 ], [ 11.880112316766507, 9.494917871240599 ], [ 11.880095942826889, 9.496275747980533 ], [ 11.881203009850328, 9.497314703606355 ], [ 11.881503748102494, 9.49820891452622 ], [ 11.881485009832266, 9.499792834112958 ], [ 11.880425970056814, 9.499779864362001 ], [ 11.879330654383127, 9.500529960014196 ], [ 11.877455779863608, 9.501150966748842 ], [ 11.87688030151463, 9.501451604716355 ], [ 11.87541492847925, 9.501818853901113 ], [ 11.874976223485014, 9.502280340574826 ], [ 11.87412643944524, 9.50255306012591 ], [ 11.873333762679152, 9.501746520421044 ], [ 11.872955128723618, 9.501483908075587 ], [ 11.872523906036598, 9.502842557326565 ], [ 11.871703036550217, 9.50338605488926 ], [ 11.871379588482737, 9.504753346621552 ], [ 11.870896454168374, 9.504747790610027 ], [ 11.870619468702749, 9.505037498026059 ], [ 11.870650723157613, 9.506099622627385 ], [ 11.870362980199715, 9.506378302257669 ], [ 11.870103217388792, 9.507198794887973 ], [ 11.869830569706457, 9.508008805679717 ], [ 11.869839272400545, 9.508285049234058 ], [ 11.86956210281051, 9.508553054970498 ], [ 11.869578235047623, 9.509080672908341 ], [ 11.873397119930383, 9.509334569815497 ], [ 11.87465258084754, 9.509749819012189 ], [ 11.875035487775925, 9.510139432744369 ], [ 11.875597637128021, 9.510666254372856 ], [ 11.876136504584139, 9.511214440327439 ], [ 11.876691102384008, 9.511475594863981 ], [ 11.877863984963168, 9.512344091206295 ], [ 11.878344778689188, 9.512833464532568 ], [ 11.88040571012001, 9.512774640321085 ], [ 11.880784069297656, 9.511983868887519 ], [ 11.881346418897177, 9.510878742706183 ], [ 11.883177661452505, 9.510900672592964 ], [ 11.88449712167467, 9.510553644241687 ], [ 11.88493243048481, 9.511849554390603 ], [ 11.886239709769882, 9.512465472127024 ], [ 11.886659196485349, 9.512891818363917 ], [ 11.88738367729645, 9.513571307564687 ], [ 11.88844238905568, 9.513540841373239 ], [ 11.88979659706709, 9.514917528779849 ], [ 11.891200432842698, 9.516233982161502 ], [ 11.891469348116967, 9.516508063059511 ], [ 11.892296949300555, 9.516766923492574 ], [ 11.892849563523376, 9.517043943139821 ], [ 11.89340077995433, 9.51702825459912 ], [ 11.893935375503229, 9.517571673653455 ], [ 11.894217000474134, 9.517835058338688 ], [ 11.894621444588308, 9.518246164651066 ], [ 11.895042817789029, 9.518641249971488 ], [ 11.895314021033657, 9.519186322692089 ], [ 11.895981557373585, 9.519812265337285 ], [ 11.896475995235182, 9.522674988959194 ], [ 11.897232870953028, 9.521880003477811 ], [ 11.898103860476128, 9.521591691718884 ], [ 11.898048470793402, 9.519702989743175 ], [ 11.898052422452112, 9.519412886337406 ], [ 11.898615167020308, 9.518867238561201 ], [ 11.898571313558733, 9.517334677212167 ], [ 11.896647720132499, 9.516732405920184 ], [ 11.896664187953432, 9.515396250237773 ], [ 11.896225313310365, 9.514568851836298 ], [ 11.896650176033992, 9.51373322343597 ], [ 11.898002539430633, 9.513749518088581 ], [ 11.898264313451129, 9.512923183564848 ], [ 11.898541456294627, 9.51265516063515 ], [ 11.898532751869986, 9.512381571441008 ], [ 11.898542398589663, 9.511628261346225 ], [ 11.89989495173128, 9.51128884316655 ], [ 11.900464045847265, 9.510991926113297 ], [ 11.901686274843236, 9.511006114745832 ], [ 11.903072880285105, 9.511922487335818 ], [ 11.904222928291755, 9.510713471629149 ], [ 11.906191043018787, 9.510152416462443 ], [ 11.906983799784483, 9.510958852498579 ], [ 11.907811386914036, 9.511217676638887 ], [ 11.908658352507551, 9.511498039589698 ], [ 11.909176815722272, 9.512024627037267 ], [ 11.909678810895249, 9.512495242035797 ], [ 11.911297100966067, 9.51193019249313 ], [ 11.91191668585774, 9.512560206069841 ], [ 11.91314276204389, 9.512525623438497 ], [ 11.913565100452537, 9.51253056628372 ], [ 11.914095706613107, 9.511972467914926 ], [ 11.915294466234542, 9.511986803503659 ], [ 11.916156315857547, 9.513267431684522 ], [ 11.917648006130774, 9.51248851058811 ], [ 11.91804493030137, 9.512891706612182 ], [ 11.920033901419568, 9.51328369800077 ], [ 11.921463165820906, 9.512187695937749 ], [ 11.921890636396233, 9.511918401203726 ], [ 11.92310568783782, 9.512721251948332 ], [ 11.924437388255923, 9.513571815667976 ], [ 11.924748122806639, 9.513244212023297 ], [ 11.925298217004983, 9.512973885568558 ], [ 11.925560141240211, 9.512424378989778 ], [ 11.925837255912024, 9.512156340817162 ], [ 11.926359382091807, 9.511607299159248 ], [ 11.927766721361889, 9.511321839743177 ], [ 11.929073095764036, 9.50995001696363 ], [ 11.929902822219246, 9.509959461262911 ], [ 11.930450638193671, 9.509673268331976 ], [ 11.931207583584754, 9.509401198720962 ], [ 11.931551818782589, 9.510753342936825 ], [ 11.931885054160142, 9.511064954106253 ], [ 11.934031789181578, 9.512076948049653 ], [ 11.934570725518524, 9.512625015142831 ], [ 11.935493662501216, 9.513059754087072 ], [ 11.935950421441543, 9.513974260798655 ], [ 11.937854525662347, 9.513919592616011 ], [ 11.938137928912292, 9.514763039401483 ], [ 11.94004416631406, 9.51470833917012 ], [ 11.941681445894908, 9.516371907228365 ], [ 11.942248366432464, 9.516076007816038 ], [ 11.942519461337938, 9.51635213554626 ], [ 11.943651340165541, 9.517150303705133 ], [ 11.945499807381195, 9.515206971590024 ], [ 11.946063506704153, 9.51578021146206 ], [ 11.947063550626105, 9.516251312255974 ], [ 11.947427061760587, 9.515490278694958 ], [ 11.948812701028803, 9.516034864571367 ], [ 11.949356558253415, 9.517650461395172 ], [ 11.951282148019013, 9.517241958421552 ], [ 11.951264146507702, 9.518746914828904 ], [ 11.954580682809866, 9.518382194880351 ], [ 11.955096077969637, 9.51730440785558 ], [ 11.955633318492822, 9.516783258827795 ], [ 11.955972711102161, 9.516072179265818 ], [ 11.957262430592243, 9.516498448266036 ], [ 11.961665336031954, 9.516726795487337 ], [ 11.962444190618184, 9.51590718137461 ], [ 11.96326721150422, 9.515634484209945 ], [ 11.963541970387308, 9.515344742236572 ], [ 11.964763088200721, 9.515359242470771 ], [ 11.965710854800317, 9.515332130895823 ], [ 11.966306328982506, 9.515630353356649 ], [ 11.966815174503228, 9.516146322669719 ], [ 11.967098757807904, 9.516138087545759 ], [ 11.96707140517184, 9.515193000703436 ], [ 11.967087833746898, 9.513760590056165 ], [ 11.96884139728108, 9.51332064914042 ], [ 11.969822716935891, 9.513969150770931 ], [ 11.970353351926034, 9.515032217184997 ], [ 11.970862133181827, 9.515293588837574 ], [ 11.97304283986638, 9.513443660521496 ], [ 11.974216135343067, 9.514218598881353 ], [ 11.976100982806811, 9.514164415059795 ], [ 11.976688526081016, 9.513546484922179 ], [ 11.977714093070409, 9.51388547653586 ], [ 11.978856327413339, 9.514151484558292 ], [ 11.979376576772564, 9.514136455849215 ], [ 11.980639361052901, 9.512809329535644 ], [ 11.980968490729902, 9.51141343078773 ], [ 11.981383010587194, 9.511011335577276 ], [ 11.98178033166471, 9.510593508581429 ], [ 11.983839902124558, 9.509910592008319 ], [ 11.983067706996842, 9.506324919978544 ], [ 11.983382247755944, 9.505707200970864 ], [ 11.98370920743686, 9.504677060631124 ], [ 11.987028920331621, 9.505322460375995 ], [ 11.987733714017686, 9.504580723152097 ], [ 11.988283716271818, 9.5043103163888 ], [ 11.988536111642491, 9.502676899867582 ], [ 11.988813156236422, 9.502408828780572 ], [ 11.989358384313846, 9.501834652316131 ], [ 11.989335336742698, 9.501022397810432 ], [ 11.988790291226165, 9.50051206766063 ], [ 11.988519734473339, 9.500053374711769 ], [ 11.989608487228946, 9.499692085656319 ], [ 11.989894835578715, 9.499390589268208 ], [ 11.989858604025031, 9.498165076917582 ], [ 11.99177561940278, 9.497776582349585 ], [ 11.992510153276733, 9.497392383942559 ], [ 11.993111283751769, 9.496136011020694 ], [ 11.994215674139816, 9.495858734564802 ], [ 11.994752770314212, 9.495577846949823 ], [ 11.996322011337666, 9.494805408313468 ], [ 11.998298087278386, 9.494468778219945 ], [ 11.998716495122585, 9.494028002876197 ], [ 11.999209451262937, 9.492474570672865 ], [ 12.000246108569376, 9.492013142580067 ], [ 12.002644639350418, 9.492805524588016 ], [ 12.004756931461399, 9.493297600566413 ], [ 12.005957819631508, 9.492473777873345 ], [ 12.008107613880684, 9.49249868771485 ], [ 12.008052804979142, 9.490617053930347 ], [ 12.008372104615193, 9.490306797464694 ], [ 12.008344705183886, 9.48936650955258 ], [ 12.008351403568737, 9.488790070228843 ], [ 12.010255546068581, 9.488404253002486 ], [ 12.010701403710774, 9.487935182758871 ], [ 12.011951175743425, 9.488561140569573 ], [ 12.012425498612926, 9.487567312037639 ], [ 12.013246014125915, 9.487023561673162 ], [ 12.013510138613563, 9.486745004981366 ], [ 12.015424758515163, 9.48646281205437 ], [ 12.015415969053276, 9.48618925346058 ], [ 12.015421709373335, 9.485748319622019 ], [ 12.018344385629499, 9.485155737819191 ], [ 12.018679295582537, 9.484803529103051 ], [ 12.019229231479555, 9.484533090556452 ], [ 12.019585268511561, 9.484158470077377 ], [ 12.020314563447998, 9.484523723728403 ], [ 12.020869151059307, 9.484784629292363 ], [ 12.021142163514687, 9.485521662872426 ], [ 12.020062943199861, 9.486959481847087 ], [ 12.019803117932341, 9.487728109500793 ], [ 12.021443507592977, 9.488031505297538 ], [ 12.021990152165023, 9.488845034460939 ], [ 12.024481195298783, 9.489125184462871 ], [ 12.025004322710728, 9.490173904471044 ], [ 12.027063364573831, 9.490554625438172 ], [ 12.027533031499139, 9.4919494126425 ], [ 12.028331593246266, 9.492307690153192 ], [ 12.029397199232182, 9.491750668253871 ], [ 12.029958868615322, 9.493421457318577 ], [ 12.032922259361113, 9.493335953017668 ], [ 12.033613023059319, 9.493681391337825 ], [ 12.033174927934587, 9.494543659256081 ], [ 12.033615574136066, 9.49578731129222 ], [ 12.033251938975166, 9.496871754247728 ], [ 12.033260768736968, 9.497147954160328 ], [ 12.032816380416282, 9.498022451218558 ], [ 12.034102109260051, 9.499576322467485 ], [ 12.033821224876213, 9.500129196324812 ], [ 12.033837778934711, 9.500676840525671 ], [ 12.035348537448852, 9.501387749148726 ], [ 12.037122487321659, 9.501715820261193 ], [ 12.03739156276602, 9.502000341456904 ], [ 12.036304436358094, 9.502535880112665 ], [ 12.036040327673669, 9.502814451876453 ], [ 12.035762279173825, 9.503084146306879 ], [ 12.03604745146005, 9.503622044590101 ], [ 12.036328388506666, 9.505250790444919 ], [ 12.036915144204537, 9.505527255355888 ], [ 12.037835102300495, 9.505500728037827 ], [ 12.038494122512743, 9.505508224702821 ], [ 12.038813603873216, 9.508480952998625 ], [ 12.039104702641959, 9.509567638108402 ], [ 12.039855175843343, 9.509546283239533 ], [ 12.040200549175115, 9.506518548836466 ], [ 12.04100719903321, 9.505736157090297 ], [ 12.041896556846538, 9.505746404702336 ], [ 12.042349918015772, 9.507095242603105 ], [ 12.042650274058373, 9.507660520645491 ], [ 12.042631326167626, 9.509255344735822 ], [ 12.043407614451844, 9.509621175031768 ], [ 12.043779275588616, 9.51209804298106 ], [ 12.043764965149846, 9.513251951989698 ], [ 12.042275473801228, 9.513626428850744 ], [ 12.04290405473834, 9.515975622148174 ], [ 12.044063146238138, 9.517062131827656 ], [ 12.044354228113043, 9.517661887496081 ], [ 12.043521152287616, 9.518471515852241 ], [ 12.042456869629666, 9.51845910441414 ], [ 12.042188859524588, 9.519019811712999 ], [ 12.041911860585859, 9.519287916291205 ], [ 12.041379592051259, 9.520110796262919 ], [ 12.040010770554089, 9.520388422993083 ], [ 12.039749054186185, 9.520937961289659 ], [ 12.038678355122439, 9.521648037534577 ], [ 12.038403448315227, 9.523117546675889 ], [ 12.03812884016773, 9.523656611131541 ], [ 12.03751833262214, 9.525882715219653 ], [ 12.037942145480136, 9.528226295293498 ], [ 12.039543206603099, 9.528521946035095 ], [ 12.040374182547769, 9.528796260859238 ], [ 12.041008493580938, 9.528778021964529 ], [ 12.041506407783549, 9.52720600698375 ], [ 12.041986307638251, 9.527692969923546 ], [ 12.043364724258341, 9.528013834026842 ], [ 12.043350584457851, 9.52918520790301 ], [ 12.042548994561692, 9.529579628315963 ], [ 12.042287280500853, 9.530129169191959 ], [ 12.04171820403265, 9.53040935424389 ], [ 12.041014568672008, 9.531148524478745 ], [ 12.041707382626191, 9.534360901783675 ], [ 12.043168071084636, 9.534817059289113 ], [ 12.043149864157469, 9.536370593702653 ], [ 12.041800781376685, 9.536355393824026 ], [ 12.041241400107792, 9.536647669907106 ], [ 12.041261193640549, 9.537316481274726 ], [ 12.041256267960559, 9.537722995796404 ], [ 12.041265068593637, 9.537993899869139 ], [ 12.041261074326959, 9.538264915753276 ], [ 12.041289891518518, 9.539229504278282 ], [ 12.042098376342413, 9.539609854567413 ], [ 12.042368663768416, 9.5400261357614 ], [ 12.041012831173207, 9.540694270284876 ], [ 12.04075279936637, 9.54179475795522 ], [ 12.039916343654758, 9.542349323152351 ], [ 12.03869094270769, 9.542335154622643 ], [ 12.038043916456084, 9.541041998927229 ], [ 12.037340738910702, 9.540030369583704 ], [ 12.036667720022175, 9.540737515843382 ], [ 12.036071958854048, 9.541017401808416 ], [ 12.03519927470566, 9.540131092489922 ], [ 12.033914222456207, 9.540244448111244 ], [ 12.03446477734883, 9.540760441074436 ], [ 12.034733938942365, 9.541050246824172 ], [ 12.033410201244996, 9.542335727502493 ], [ 12.033108654758319, 9.542965534159926 ], [ 12.032571540614649, 9.543486778702384 ], [ 12.032307641080147, 9.543791819070057 ], [ 12.033185096740242, 9.544614052901233 ], [ 12.034940241773075, 9.545440796885211 ], [ 12.034354284826211, 9.547189831044243 ], [ 12.033229311365929, 9.548283049016092 ], [ 12.031798170761242, 9.548642200576497 ], [ 12.031268830489815, 9.549199368643876 ], [ 12.030715841188922, 9.549735571578195 ], [ 12.0307247820472, 9.550022884122683 ], [ 12.031821359352682, 9.550538880064453 ], [ 12.03236048566548, 9.551086728308226 ], [ 12.032939020033641, 9.551628938969394 ], [ 12.034790911404711, 9.551575194360925 ], [ 12.03537577124661, 9.551868061413376 ], [ 12.03661625280731, 9.552255758444428 ], [ 12.037039026639345, 9.553511176400256 ], [ 12.037031629509858, 9.554119891499722 ], [ 12.035948119489815, 9.554838571522593 ], [ 12.035683983508772, 9.555117154908023 ], [ 12.035130997595045, 9.555653365536129 ], [ 12.035158672083474, 9.556609500440254 ], [ 12.035150817915541, 9.557287024636612 ], [ 12.035170688651858, 9.557964306533341 ], [ 12.035161311919039, 9.558830790859586 ], [ 12.034075668688446, 9.559190648808737 ], [ 12.033811528481463, 9.559469232221451 ], [ 12.03298852123037, 9.559742110979178 ], [ 12.032731726919028, 9.56084945586918 ], [ 12.033287702910739, 9.561370686663741 ], [ 12.033280778414193, 9.561912712401719 ], [ 12.033562522844564, 9.562175940005586 ], [ 12.034109363785886, 9.562989401609784 ], [ 12.034396489178867, 9.563257874218181 ], [ 12.034377129988998, 9.564922043875892 ], [ 12.03359045578018, 9.565685237522198 ], [ 12.033332846495663, 9.567060926420824 ], [ 12.032512225924995, 9.567604771442769 ], [ 12.0322580647798, 9.569249296531224 ], [ 12.030889639824084, 9.569233733684282 ], [ 12.029976707639964, 9.570192795775068 ], [ 12.030644297514693, 9.571151811966217 ], [ 12.030634614255247, 9.571983899722087 ], [ 12.030098514914274, 9.572503557804511 ], [ 12.029812171260154, 9.572805094156118 ], [ 12.029848523183178, 9.574017850491733 ], [ 12.031438907007196, 9.574766619074142 ], [ 12.031765839019886, 9.575793706633659 ], [ 12.030412382614312, 9.577107528981784 ], [ 12.028709073708196, 9.578899157795336 ], [ 12.028073498140532, 9.58022893177816 ], [ 12.026041061819843, 9.581229532407358 ], [ 12.02427219046948, 9.583089469937443 ], [ 12.023642485810674, 9.583399294927649 ], [ 12.023110113092885, 9.584222188757044 ], [ 12.021998028129026, 9.584497584310535 ], [ 12.021469602266318, 9.583960223727653 ], [ 12.020062737956049, 9.583706799775065 ], [ 12.020118984885633, 9.585603207852396 ], [ 12.01956318517294, 9.586431596343438 ], [ 12.019602864126114, 9.587781414389532 ], [ 12.018775144023346, 9.587772224080725 ], [ 12.017630213601626, 9.588556525413704 ], [ 12.017963604317101, 9.588868534252276 ], [ 12.018232666124467, 9.589142468017753 ], [ 12.018787447670826, 9.589403323753871 ], [ 12.019603873099388, 9.589822794973937 ], [ 12.018447015907491, 9.591549302923889 ], [ 12.016618494557489, 9.591861105134578 ], [ 12.016366306361855, 9.593494513936275 ], [ 12.016089238613961, 9.593762621807411 ], [ 12.015827786628055, 9.594349214789483 ], [ 12.016387841327756, 9.595927909346855 ], [ 12.016664246210738, 9.597030615467053 ], [ 12.016112239183254, 9.597566815433018 ], [ 12.014757544980235, 9.597551101716952 ], [ 12.013966922060085, 9.599206670995828 ], [ 12.013679981454739, 9.599203348663856 ], [ 12.013407708388165, 9.599773099762842 ], [ 12.012870492230954, 9.600294349064013 ], [ 12.0128823384395, 9.600668970339139 ], [ 12.014795945484369, 9.601890257700282 ], [ 12.015073933912621, 9.602448331505514 ], [ 12.016174793836164, 9.602704423210493 ], [ 12.016446269215697, 9.603249320486688 ], [ 12.017796049435871, 9.603671013095978 ], [ 12.018098843085189, 9.604860812875915 ], [ 12.01840859450366, 9.605150793632511 ], [ 12.019744700440594, 9.60511213128213 ], [ 12.020288297587832, 9.605431294307477 ], [ 12.018934700669115, 9.606745119588425 ], [ 12.018662435582392, 9.6073148737736 ], [ 12.01812522169452, 9.607836132240832 ], [ 12.017861180107881, 9.608130595142084 ], [ 12.01841186042687, 9.608646585640576 ], [ 12.01869296112152, 9.610275336642093 ], [ 12.018977153783435, 9.61080953113173 ], [ 12.019248643484829, 9.611354422627846 ], [ 12.020061135288287, 9.612885902266576 ], [ 12.020362662099846, 9.613810014013948 ], [ 12.019804972838571, 9.614908886995583 ], [ 12.018747458901892, 9.615935916420719 ], [ 12.018493655371111, 9.617864673284103 ], [ 12.018102618273831, 9.618632884754442 ], [ 12.016926373932188, 9.61902318269928 ], [ 12.016601617538713, 9.62004909845321 ], [ 12.016326939378553, 9.620588177698519 ], [ 12.015971942095609, 9.621331728659884 ], [ 12.014171819615216, 9.622217575863418 ], [ 12.013892829807132, 9.622511641120491 ], [ 12.012472460333861, 9.622799793769321 ], [ 12.011164599308868, 9.622784745511817 ], [ 12.010898949664019, 9.623621725960534 ], [ 12.01035361486402, 9.624434153121511 ], [ 12.010099018580011, 9.62579660483733 ], [ 12.009543569228528, 9.626069792098738 ], [ 12.009560102366061, 9.626611622897673 ], [ 12.009556103731306, 9.626882645304427 ], [ 12.009572638239955, 9.627424476054795 ], [ 12.009565782266858, 9.62797497924886 ], [ 12.008175751386695, 9.627958525188248 ], [ 12.006868121548967, 9.630984142614381 ], [ 12.008014264871365, 9.631524059803221 ], [ 12.007982623909419, 9.634213042696929 ], [ 12.007999136448742, 9.634752227538801 ], [ 12.007716749660675, 9.635025679857247 ], [ 12.00718202822071, 9.635593493345446 ], [ 12.008018879461835, 9.63637798191724 ], [ 12.007365722664721, 9.637664524348951 ], [ 12.00665093782186, 9.638015848653692 ], [ 12.006385980870064, 9.638571252020597 ], [ 12.005838698791775, 9.638564912291704 ], [ 12.005297129045138, 9.638601394024063 ], [ 12.005857995952097, 9.639659282639405 ], [ 12.005850155306113, 9.640339468314227 ], [ 12.004482181545958, 9.641012996178345 ], [ 12.004509829692292, 9.641966507310752 ], [ 12.004502035499366, 9.642651985703804 ], [ 12.003411726918145, 9.642639796343921 ], [ 12.002889744993398, 9.644286689132066 ], [ 12.002050506055813, 9.644559702957185 ], [ 12.001248575525615, 9.643745257706625 ], [ 12.00097589813055, 9.64403238530306 ], [ 11.999879591965291, 9.64430763446974 ], [ 11.999615371131345, 9.64458621934647 ], [ 11.998344012884397, 9.64521178335105 ], [ 11.997729201855153, 9.646497459477281 ], [ 11.996608405358911, 9.646779266556907 ], [ 11.996657160929299, 9.648432836087764 ], [ 11.998034021368628, 9.649722867580424 ], [ 11.998023454625708, 9.650578271733954 ], [ 11.997481916618037, 9.651103268696676 ], [ 11.997213024509618, 9.653145447713513 ], [ 11.997280092103114, 9.655420227254792 ], [ 11.99671634351529, 9.655967649307962 ], [ 11.996444021649008, 9.656537407898853 ], [ 11.996169294750329, 9.657076488795258 ], [ 11.995927580956183, 9.65989964688222 ], [ 11.997464176458571, 9.661873689891788 ], [ 11.999349089758017, 9.662221389389595 ], [ 11.99979136921479, 9.665179888197768 ], [ 12.00007560969609, 9.66571409190329 ], [ 12.000358004838803, 9.666280597773021 ], [ 12.000344121766458, 9.667481645745946 ], [ 11.999761488885587, 9.66842672821295 ], [ 11.99682374559131, 9.667855875667481 ], [ 11.994901437172643, 9.667385174445164 ], [ 11.993738340282372, 9.667114265861612 ], [ 11.992519280020055, 9.667149762971347 ], [ 11.992116576037837, 9.668418248278739 ], [ 11.990502716346013, 9.669049443003296 ], [ 11.98944452404441, 9.667974687399177 ], [ 11.989162689436453, 9.667711441463215 ], [ 11.988893562166346, 9.667437497853813 ], [ 11.98861172842601, 9.667174251193673 ], [ 11.988340208142322, 9.666629335646507 ], [ 11.987392501429408, 9.665742032980386 ], [ 11.984350301617445, 9.665179907612385 ], [ 11.983961317116767, 9.665588716769962 ], [ 11.983684174332362, 9.665856823243002 ], [ 11.983281451628306, 9.666280572004387 ], [ 11.982241588640422, 9.665224680062552 ], [ 11.981503542573728, 9.665610052329615 ], [ 11.979227753543793, 9.665945246851226 ], [ 11.97769225268946, 9.666998075578858 ], [ 11.975959114644413, 9.667293615162551 ], [ 11.973043149389408, 9.667259582212848 ], [ 11.971108246531708, 9.67130579978819 ], [ 11.96981856853581, 9.673022855672004 ], [ 11.969017630151145, 9.674390058451808 ], [ 11.968307853654849, 9.67544789620149 ], [ 11.967384498472693, 9.675753869389279 ], [ 11.966649775677178, 9.676887610190397 ], [ 11.96589216641024, 9.676508304838508 ], [ 11.965173188248533, 9.676883962129386 ], [ 11.964430028979166, 9.677665265715762 ], [ 11.963975914322088, 9.677951300119469 ], [ 11.962760100748755, 9.677148804930031 ], [ 11.961112768505986, 9.676897316806855 ], [ 11.960841495347983, 9.676621248746592 ], [ 11.959987632873302, 9.677067398106329 ], [ 11.958459560037133, 9.676058505449024 ], [ 11.957805348623678, 9.676399716225765 ], [ 11.956722355606837, 9.676387345490426 ], [ 11.956193819131594, 9.675850428480423 ], [ 11.95531765208394, 9.675576917573119 ], [ 11.953989719977798, 9.675615341171898 ], [ 11.954013770056541, 9.676413843339276 ], [ 11.954007307461902, 9.67689502955807 ], [ 11.951706439341189, 9.676331009413534 ], [ 11.951221858687051, 9.678383030118594 ], [ 11.950205207148674, 9.678882960669011 ], [ 11.948916634386091, 9.679765791988729 ], [ 11.948453546737692, 9.681226403010243 ], [ 11.947659130284826, 9.680419696929137 ], [ 11.947205086143343, 9.678637739155718 ], [ 11.946279971067279, 9.678379975002375 ], [ 11.945573586730967, 9.679470046411364 ], [ 11.944750182304652, 9.679742822282678 ], [ 11.944032326635069, 9.680496885168532 ], [ 11.942199418461, 9.680868828235052 ], [ 11.940944604599785, 9.68085418028698 ], [ 11.940127954041735, 9.681413772136853 ], [ 11.939306895382346, 9.6819575206792 ], [ 11.937957221031811, 9.68305839020695 ], [ 11.937380237532309, 9.683329041779539 ], [ 11.936163986788806, 9.682720169527109 ], [ 11.93447445964938, 9.683757244963369 ], [ 11.934145430197137, 9.684446039855899 ], [ 11.933136365546035, 9.684720382165489 ], [ 11.932766212300116, 9.683623120186009 ], [ 11.931657950149889, 9.683654825997243 ], [ 11.930879791898207, 9.684472903749048 ], [ 11.928405938762443, 9.684760806424471 ], [ 11.928136337296136, 9.685045229941929 ], [ 11.927562267113233, 9.685038485830857 ], [ 11.926767874396882, 9.684231719329816 ], [ 11.924908422325098, 9.684626038010339 ], [ 11.924595811255449, 9.685611632343901 ], [ 11.924318595151549, 9.685879709435909 ], [ 11.924054272213882, 9.686158263814058 ], [ 11.923233166823049, 9.686701984726188 ], [ 11.922968842295967, 9.686980538707695 ], [ 11.922691623703583, 9.687248615174676 ], [ 11.921595154552689, 9.688645285000403 ], [ 11.921626708953614, 9.689702050128023 ], [ 11.920804528565821, 9.690246307225451 ], [ 11.921288565355049, 9.692052956615916 ], [ 11.920823808239764, 9.692966274263281 ], [ 11.921391086164485, 9.694034881251007 ], [ 11.921920068140111, 9.695608775896241 ], [ 11.921131630544661, 9.697586124539155 ], [ 11.921155698585942, 9.698393648326975 ], [ 11.920612253279138, 9.699461668973377 ], [ 11.920299637720904, 9.7004483250233 ], [ 11.919531472792917, 9.700825922646001 ], [ 11.919269483850078, 9.701375465374575 ], [ 11.916950051407003, 9.701770515308725 ], [ 11.916552244707619, 9.703024671558699 ], [ 11.916264432178581, 9.703303424576999 ], [ 11.916308534499732, 9.704823765944715 ], [ 11.91602839272562, 9.706851833579758 ], [ 11.916055657672741, 9.707782663021119 ], [ 11.916869909929799, 9.708165826528102 ], [ 11.917146080027418, 9.709252798091946 ], [ 11.918247333584191, 9.709509120629454 ], [ 11.918521161419818, 9.710325101688284 ], [ 11.919349280392842, 9.710583749527029 ], [ 11.919637212899135, 9.71302565299368 ], [ 11.920738479184338, 9.713281963277097 ], [ 11.921016337349302, 9.71456105182509 ], [ 11.919109687975537, 9.715192922793996 ], [ 11.918299059206738, 9.715476143776979 ], [ 11.917202390897137, 9.715751216483591 ], [ 11.916889763468149, 9.716737875957991 ], [ 11.916110936600587, 9.717120861925078 ], [ 11.916150329651023, 9.718464980353469 ], [ 11.915862507269022, 9.718743736775941 ], [ 11.91560050622906, 9.719293282028207 ], [ 11.914776968142119, 9.719566020945749 ], [ 11.914512616937389, 9.719844577533085 ], [ 11.913964478980857, 9.720375389467806 ], [ 11.913973498763289, 9.72067755044438 ], [ 11.913430012247169, 9.721745575660718 ], [ 11.913172700694396, 9.72283709840362 ], [ 11.911805197495822, 9.723385479923481 ], [ 11.911038546265694, 9.724191279040742 ], [ 11.910443515630353, 9.724483767013801 ], [ 11.910459966569142, 9.725028292528515 ], [ 11.910070702650698, 9.72579329371832 ], [ 11.909096504761237, 9.725305622740514 ], [ 11.90826834665112, 9.725046958501339 ], [ 11.907726053790862, 9.724775271269953 ], [ 11.906894614393364, 9.724383771793388 ], [ 11.90606939527737, 9.723971044580965 ], [ 11.905394098688701, 9.723990020811002 ], [ 11.903373910507499, 9.723966438087594 ], [ 11.903077818263608, 9.724278076786032 ], [ 11.90198109639441, 9.724553112450527 ], [ 11.901733102124149, 9.726728603888166 ], [ 11.901305389367373, 9.726997955185771 ], [ 11.900089446476969, 9.726195247199319 ], [ 11.899664617710242, 9.725933135963363 ], [ 11.899274699871645, 9.726749481671819 ], [ 11.898177963800794, 9.727024508318435 ], [ 11.897165136588495, 9.72737821954186 ], [ 11.896839648655552, 9.729480268402151 ], [ 11.896136958444552, 9.730161113912429 ], [ 11.89492661379199, 9.729761154422324 ], [ 11.893896750517712, 9.730120824964098 ], [ 11.893571566117567, 9.731145173346871 ], [ 11.892740199050316, 9.731135280480036 ], [ 11.892204022499003, 9.73169878856524 ], [ 11.891118653345094, 9.73168575107697 ], [ 11.890853450960098, 9.732241140626451 ], [ 11.890303009463397, 9.732511521812263 ], [ 11.889494629584801, 9.733065687640321 ], [ 11.888673351579046, 9.733609373821189 ], [ 11.8881530281375, 9.734156335285567 ], [ 11.887314517735854, 9.734433915233215 ], [ 11.887054788290762, 9.735254450131508 ], [ 11.885684838378817, 9.735531758362528 ], [ 11.885420447702849, 9.735810302819823 ], [ 11.884596827017962, 9.736082987479987 ], [ 11.88403695482681, 9.736375144280748 ], [ 11.883145881370634, 9.73823796607687 ], [ 11.883581152775122, 9.73946603125281 ], [ 11.883528563180647, 9.743902763614425 ], [ 11.882208122484792, 9.74423364143866 ], [ 11.881950706652789, 9.745325173786537 ], [ 11.88167341108907, 9.745593239650628 ], [ 11.881409010676492, 9.745871784097117 ], [ 11.880023002286743, 9.746149218540896 ], [ 11.87932647215362, 9.745442097631109 ], [ 11.878681898302716, 9.746436856463408 ], [ 11.878404598684147, 9.74670492066584 ], [ 11.877912802132174, 9.747222523004192 ], [ 11.877612438860039, 9.749156052067969 ], [ 11.877061956623772, 9.749426422696605 ], [ 11.876797549233535, 9.749704965477489 ], [ 11.875320413493611, 9.750683459980049 ], [ 11.874340869002211, 9.752193434811645 ], [ 11.873597866111274, 9.752913240925746 ], [ 11.87081360580779, 9.753544388580853 ], [ 11.870457165276202, 9.753918984386996 ], [ 11.868621395450674, 9.754646930750111 ], [ 11.868077723672082, 9.754094121339339 ], [ 11.86696976742356, 9.75357252699939 ], [ 11.866444408648707, 9.753039144322402 ], [ 11.865616178255747, 9.752780386997273 ], [ 11.865347033894034, 9.752506337643256 ], [ 11.864569217632004, 9.751777632683048 ], [ 11.86314593517953, 9.751446057967279 ], [ 11.862614123825638, 9.750905839718166 ], [ 11.859840351566421, 9.75039291304474 ], [ 11.859323120272684, 9.750936119508088 ], [ 11.858627714634387, 9.751610507647028 ], [ 11.855503610333011, 9.752317963709821 ], [ 11.854628959746252, 9.752623311694979 ], [ 11.853576485330148, 9.753728391917944 ], [ 11.853060578083072, 9.754805155607983 ], [ 11.851566312219694, 9.754787496930335 ], [ 11.850885586653698, 9.754806957822224 ], [ 11.850605679020058, 9.754521339061172 ], [ 11.849195148442815, 9.754561725623812 ], [ 11.848432492735942, 9.75536370510261 ], [ 11.848155156416224, 9.75563175355564 ], [ 11.847893017995444, 9.756181285947813 ], [ 11.847076202532547, 9.757266914832439 ], [ 11.846818666738489, 9.758358455466007 ], [ 11.846280935514647, 9.758879589540282 ], [ 11.846008291529685, 9.759449324239776 ], [ 11.844305289551063, 9.759738814464525 ], [ 11.84381964516151, 9.759733343249131 ], [ 11.843280933050321, 9.76001416099971 ], [ 11.840271615960853, 9.760305012171454 ], [ 11.839993732038808, 9.760887493597364 ], [ 11.840016354894852, 9.761667560116372 ], [ 11.839574390597928, 9.762534610054388 ], [ 11.840034695627748, 9.76383031173515 ], [ 11.840308658978884, 9.764672860909039 ], [ 11.839229982554963, 9.765718850606527 ], [ 11.838954514201085, 9.766586629699656 ], [ 11.838972775134138, 9.767229632338999 ], [ 11.838954814568943, 9.768761179234843 ], [ 11.838435044551664, 9.769264160797199 ], [ 11.838170585393227, 9.76954268687469 ], [ 11.837604015948706, 9.769813145537944 ], [ 11.837075420041581, 9.769275504533594 ], [ 11.835700736411505, 9.769021236705429 ], [ 11.835158387145363, 9.768749437973758 ], [ 11.833494491129834, 9.768497570660838 ], [ 11.833377036304395, 9.768621191755955 ], [ 11.8357534, 9.772687 ], [ 11.8403988, 9.7761087 ], [ 11.8473749, 9.782958 ], [ 11.8508635, 9.7863817 ], [ 11.8531933, 9.7898092 ], [ 11.8545445, 9.7934902 ], [ 11.8542399, 9.7997339 ], [ 11.8534785, 9.8043024 ], [ 11.8519641, 9.813113 ], [ 11.8518033, 9.8140487 ], [ 11.8444089, 9.8192828 ], [ 11.8263544, 9.8228813 ], [ 11.8034379, 9.83234 ], [ 11.8011608, 9.8406847 ], [ 11.8015799, 9.8459257 ], [ 11.8038105, 9.8551779 ], [ 11.8058206, 9.8652513 ], [ 11.8090335, 9.8763758 ], [ 11.816454, 9.8913923 ], [ 11.8193094, 9.9028137 ], [ 11.8293031, 9.9153773 ], [ 11.8347283, 9.929654 ], [ 11.8335862, 9.9430742 ], [ 11.8331843, 9.9490419 ], [ 11.8332355, 9.9490446 ], [ 11.8237297, 9.9557679 ], [ 11.8226695, 9.9698967 ], [ 11.8248015, 9.9817749 ], [ 11.8253454, 9.9948568 ], [ 11.8296285, 10.0163909 ], [ 11.8354581, 10.0285262 ], [ 11.8357763, 10.0338858 ], [ 11.8444737, 10.0323948 ], [ 11.8449491, 10.0323676 ], [ 11.8449829, 10.0323686 ], [ 11.8486892, 10.0321569 ], [ 11.8550623, 10.0321569 ], [ 11.8701719, 10.0285877 ], [ 11.8702233, 10.0285877 ], [ 11.8829534, 10.0257323 ], [ 11.8977737, 10.0256133 ], [ 11.8978251, 10.0256133 ], [ 11.9046746, 10.0255482 ], [ 11.904726, 10.0255482 ], [ 11.9104362, 10.0254944 ], [ 11.9207041, 10.0247011 ], [ 11.9207348, 10.0246987 ], [ 11.9237232, 10.0250403 ], [ 11.9311449, 10.0258885 ], [ 11.9449258, 10.0301672 ], [ 11.9542457, 10.0322231 ], [ 11.9605434, 10.0358283 ], [ 11.9705326, 10.0349395 ], [ 11.9705526, 10.0349423 ], [ 11.9891938, 10.037551 ], [ 11.9912169, 10.0353135 ], [ 11.9912438, 10.0353407 ], [ 11.9977632, 10.0419169 ], [ 12.0043231, 10.0473934 ], [ 12.0111683, 10.0598906 ], [ 12.018754, 10.0669011 ], [ 12.0187804, 10.066878 ], [ 12.0234823, 10.0627684 ], [ 12.0342813, 10.0578324 ], [ 12.0343327, 10.0578324 ], [ 12.0397179, 10.0578324 ], [ 12.0404468, 10.057731 ], [ 12.0471875, 10.0567931 ], [ 12.0472063, 10.0567976 ], [ 12.0553823, 10.0587709 ], [ 12.0554337, 10.0587709 ], [ 12.0752293, 10.0586285 ], [ 12.0828012, 10.0598437 ], [ 12.0867912, 10.0604841 ], [ 12.0965946, 10.067908 ], [ 12.10132, 10.0744388 ], [ 12.1021741, 10.0851758 ], [ 12.1028252, 10.0933611 ], [ 12.0913484, 10.1013267 ], [ 12.0938227, 10.1172577 ], [ 12.0886898, 10.1343682 ], [ 12.0889938, 10.1425141 ], [ 12.1024989, 10.1637592 ], [ 12.1088886, 10.1867678 ], [ 12.1265124, 10.2035749 ], [ 12.1297247, 10.2107728 ], [ 12.1301411, 10.2171378 ], [ 12.1332995, 10.2206159 ], [ 12.1348959, 10.2276127 ], [ 12.137358, 10.2295412 ], [ 12.1349785, 10.2333483 ], [ 12.1359957, 10.2366508 ], [ 12.1383038, 10.238483 ], [ 12.1465129, 10.2459545 ], [ 12.1486816, 10.2489014 ], [ 12.1501545, 10.2501681 ], [ 12.1519867, 10.2506915 ], [ 12.1565172, 10.2535612 ], [ 12.160883, 10.2570095 ], [ 12.16331, 10.2621729 ], [ 12.1689494, 10.2623395 ], [ 12.1745649, 10.2644096 ], [ 12.1732358, 10.2686838 ], [ 12.1752335, 10.2687028 ], [ 12.1774649, 10.2704691 ], [ 12.1790673, 10.2716707 ], [ 12.1806649, 10.2719851 ], [ 12.1806811, 10.2719781 ], [ 12.1807163, 10.2719851 ], [ 12.1815784, 10.2716157 ], [ 12.1823244, 10.2721502 ], [ 12.1823671, 10.272144 ], [ 12.1828726, 10.2720702 ], [ 12.1843934, 10.2720481 ], [ 12.186242, 10.2728697 ], [ 12.1869044, 10.273121 ], [ 12.1869296, 10.2731111 ], [ 12.1873955, 10.2729268 ], [ 12.1880008, 10.2728355 ], [ 12.1880273, 10.2728392 ], [ 12.1886404, 10.2729268 ], [ 12.1894285, 10.2724015 ], [ 12.1894799, 10.2724015 ], [ 12.1900795, 10.2724015 ], [ 12.1901309, 10.2724015 ], [ 12.1905819, 10.272052 ], [ 12.1914387, 10.2721388 ], [ 12.1927807, 10.2726504 ], [ 12.1938467, 10.2728636 ], [ 12.1955218, 10.2737925 ], [ 12.1969838, 10.2751478 ], [ 12.2007966, 10.2778576 ], [ 12.20685, 10.2792662 ], [ 12.212732, 10.2807795 ], [ 12.2150163, 10.2870613 ], [ 12.2291763, 10.2987541 ], [ 12.2369563, 10.3109314 ], [ 12.242311, 10.3193126 ], [ 12.2537324, 10.3474855 ], [ 12.2571529, 10.3597776 ], [ 12.2571899, 10.3597256 ], [ 12.2662008, 10.3470432 ], [ 12.2797843, 10.3287047 ], [ 12.2798312, 10.3287107 ], [ 12.2908313, 10.3301133 ], [ 12.2992958, 10.3413158 ], [ 12.2993287, 10.3412914 ], [ 12.3063644, 10.3360525 ], [ 12.3128014, 10.315073 ], [ 12.3128515, 10.315077 ], [ 12.3197603, 10.31563 ], [ 12.3232653, 10.3171368 ], [ 12.3290262, 10.3196135 ], [ 12.3290776, 10.3196135 ], [ 12.3441237, 10.3195782 ], [ 12.3614511, 10.3172533 ], [ 12.3614739, 10.3172503 ], [ 12.371868, 10.3183678 ], [ 12.3718957, 10.3183708 ], [ 12.3811501, 10.3172054 ], [ 12.3868693, 10.3171301 ], [ 12.3891555, 10.3197053 ], [ 12.3896795, 10.3226261 ], [ 12.3895282, 10.3277125 ], [ 12.3886069, 10.333179 ], [ 12.3862237, 10.3383867 ], [ 12.3855906, 10.3415859 ], [ 12.3851301, 10.3445243 ], [ 12.3792302, 10.3504527 ], [ 12.3998839, 10.3599705 ], [ 12.4215846, 10.3713919 ], [ 12.4390611, 10.3698722 ], [ 12.4390974, 10.3698691 ], [ 12.4627017, 10.3748183 ], [ 12.5041995, 10.3790062 ], [ 12.5354272, 10.3928532 ], [ 12.5465724, 10.3945954 ], [ 12.5516164, 10.3953839 ], [ 12.5516531, 10.3953873 ], [ 12.5573742, 10.3950558 ], [ 12.558515, 10.3995443 ], [ 12.5596559, 10.4034717 ], [ 12.5604165, 10.4092692 ], [ 12.5588953, 10.4154406 ], [ 12.557184, 10.4203029 ], [ 12.5554727, 10.425352 ], [ 12.5545144, 10.4277023 ], [ 12.5551168, 10.4308125 ], [ 12.5567781, 10.4339307 ], [ 12.556821, 10.4339148 ], [ 12.5602007, 10.4326684 ], [ 12.5643363, 10.4325282 ], [ 12.5651919, 10.4346319 ], [ 12.5640511, 10.4370162 ], [ 12.5624824, 10.4401016 ], [ 12.5603433, 10.4420651 ], [ 12.5579189, 10.4434675 ], [ 12.5580615, 10.4458517 ], [ 12.5599154, 10.4492175 ], [ 12.5629102, 10.4520224 ], [ 12.5654772, 10.457071 ], [ 12.5661902, 10.4615586 ], [ 12.5680441, 10.4656255 ], [ 12.5674737, 10.4689911 ], [ 12.5697554, 10.4729177 ], [ 12.5708962, 10.4754418 ], [ 12.5703258, 10.4787606 ], [ 12.570516, 10.4815652 ], [ 12.5725125, 10.4830609 ], [ 12.5739385, 10.4853046 ], [ 12.5747942, 10.4876417 ], [ 12.5758954, 10.4897139 ], [ 12.5788427, 10.4921444 ], [ 12.5788854, 10.4921373 ], [ 12.5814771, 10.4917041 ], [ 12.5848274, 10.4913525 ], [ 12.5879696, 10.4910227 ], [ 12.5922645, 10.4899011 ], [ 12.592314, 10.4899016 ], [ 12.5948158, 10.4899263 ], [ 12.5948669, 10.4899268 ], [ 12.5981937, 10.4854136 ], [ 12.6025445, 10.4840186 ], [ 12.602567, 10.4840114 ], [ 12.602567, 10.4805524 ], [ 12.6027571, 10.4777478 ], [ 12.6023892, 10.475799 ], [ 12.6015212, 10.4711102 ], [ 12.5998099, 10.4657813 ], [ 12.5998099, 10.4612938 ], [ 12.6023768, 10.458302 ], [ 12.6027928, 10.4566121 ], [ 12.6046586, 10.4545623 ], [ 12.6060252, 10.4539008 ], [ 12.6066432, 10.4530594 ], [ 12.6061861, 10.4522017 ], [ 12.6066551, 10.451477 ], [ 12.6072849, 10.4509324 ], [ 12.6087096, 10.4506183 ], [ 12.6097019, 10.4506182 ], [ 12.6097533, 10.4506182 ], [ 12.6104104, 10.4504018 ], [ 12.6111408, 10.4494772 ], [ 12.6117058, 10.448782 ], [ 12.6119798, 10.4483963 ], [ 12.6130605, 10.4476834 ], [ 12.6139227, 10.4476435 ], [ 12.6139685, 10.4476413 ], [ 12.6143711, 10.447793 ], [ 12.6147005, 10.4479172 ], [ 12.6152826, 10.4485811 ], [ 12.6154862, 10.4491183 ], [ 12.6162344, 10.4496666 ], [ 12.6166208, 10.4499679 ], [ 12.6166376, 10.4499811 ], [ 12.6169028, 10.4498802 ], [ 12.6185188, 10.4500542 ], [ 12.6185652, 10.4500594 ], [ 12.6195349, 10.4490496 ], [ 12.6197845, 10.4470722 ], [ 12.6204405, 10.4461477 ], [ 12.6225012, 10.4442252 ], [ 12.6258596, 10.4428754 ], [ 12.6333488, 10.4378409 ], [ 12.6342577, 10.4382788 ], [ 12.6336992, 10.4396029 ], [ 12.6352274, 10.4402422 ], [ 12.6352481, 10.4402294 ], [ 12.6375662, 10.4387837 ], [ 12.6396768, 10.4356982 ], [ 12.6397205, 10.4357095 ], [ 12.6524954, 10.4390097 ], [ 12.6571569, 10.4458647 ], [ 12.6587143, 10.4514723 ], [ 12.6604614, 10.4527845 ], [ 12.6622496, 10.4571199 ], [ 12.6653223, 10.4595757 ], [ 12.6676636, 10.465291 ], [ 12.6700106, 10.4721508 ], [ 12.6713343, 10.4772291 ], [ 12.672492, 10.4816732 ], [ 12.6736803, 10.48493 ], [ 12.6771183, 10.4892302 ], [ 12.6793623, 10.4920378 ], [ 12.6828527, 10.4961491 ], [ 12.6863413, 10.4995737 ], [ 12.6898556, 10.5087175 ], [ 12.6921864, 10.512146 ], [ 12.6945219, 10.516717 ], [ 12.6956959, 10.5201473 ], [ 12.6980314, 10.5247183 ], [ 12.7026978, 10.5327168 ], [ 12.7050285, 10.5361443 ], [ 12.7096796, 10.5407085 ], [ 12.7131729, 10.5452785 ], [ 12.7166719, 10.5509911 ], [ 12.7213278, 10.5567017 ], [ 12.7225008, 10.5601311 ], [ 12.7259941, 10.5647001 ], [ 12.7283249, 10.5681276 ], [ 12.7318182, 10.5726957 ], [ 12.7353067, 10.5761204 ], [ 12.7411041, 10.5783958 ], [ 12.7445812, 10.5795317 ], [ 12.7608013, 10.5829268 ], [ 12.7608248, 10.5829209 ], [ 12.7654257, 10.5817719 ], [ 12.7700443, 10.5794725 ], [ 12.7746687, 10.5783186 ], [ 12.7769775, 10.5771694 ], [ 12.7885523, 10.5771427 ], [ 12.7989635, 10.5759745 ], [ 12.7990076, 10.5759753 ], [ 12.8047216, 10.576083 ], [ 12.8105001, 10.5761919 ], [ 12.8105155, 10.5761912 ], [ 12.8163756, 10.5759354 ], [ 12.8244723, 10.5747719 ], [ 12.8325738, 10.5747538 ], [ 12.8449677, 10.5742111 ], [ 12.8450097, 10.5742092 ], [ 12.8476209, 10.5747194 ], [ 12.8638238, 10.5746822 ], [ 12.8753919, 10.5735111 ], [ 12.8881072, 10.5700502 ], [ 12.898508, 10.5665941 ], [ 12.9039477, 10.5653852 ], [ 12.9043872, 10.5652876 ], [ 12.9044374, 10.5652764 ], [ 12.9089145, 10.5642815 ], [ 12.9181632, 10.5619717 ], [ 12.9274062, 10.5585184 ], [ 12.9343394, 10.5562143 ], [ 12.9401216, 10.5550566 ], [ 12.9586085, 10.5481491 ], [ 12.965537, 10.5447016 ], [ 12.9712842, 10.5414329 ], [ 12.9731175, 10.5403902 ], [ 12.9736175, 10.5401058 ], [ 12.9747759, 10.5395293 ], [ 12.9748172, 10.5395087 ], [ 12.9828557, 10.5355082 ], [ 12.9863166, 10.5332117 ], [ 12.9920825, 10.5286217 ], [ 12.9939751, 10.5273662 ], [ 13.0024671, 10.5217333 ], [ 13.0047823, 10.5194162 ], [ 13.0047942, 10.5194043 ], [ 13.0059759, 10.518241 ], [ 13.0105323, 10.5137062 ], [ 13.0114489, 10.5069428 ], [ 13.0152993, 10.494884 ], [ 13.0225723, 10.4864705 ], [ 13.031414, 10.4788982 ], [ 13.0404443, 10.4747362 ], [ 13.0450477, 10.4690046 ], [ 13.0519704, 10.4644117 ], [ 13.0658378, 10.4598036 ], [ 13.0716189, 10.4586458 ], [ 13.0785531, 10.4563417 ], [ 13.0808639, 10.4551926 ], [ 13.0878018, 10.4540329 ], [ 13.0892627, 10.4535473 ], [ 13.0982026, 10.4505758 ], [ 13.0982674, 10.4505516 ], [ 13.0983196, 10.4505321 ], [ 13.1074456, 10.4471226 ], [ 13.1097506, 10.444829 ], [ 13.1143798, 10.4448175 ], [ 13.1224765, 10.443656 ], [ 13.1282519, 10.4413538 ], [ 13.1398, 10.435607 ], [ 13.1413342, 10.4350971 ], [ 13.1416083, 10.434991 ], [ 13.1432152, 10.4344549 ], [ 13.1478348, 10.4321556 ], [ 13.1481453, 10.4320231 ], [ 13.155921, 10.4287052 ], [ 13.1621001, 10.4252505 ], [ 13.1664273, 10.4228311 ], [ 13.1784063, 10.4173144 ], [ 13.181124205473415, 10.415663304885166 ], [ 13.181362390560604, 10.415159458502336 ] ] ], [ [ [ 13.438156578631048, 10.144257621570073 ], [ 13.437365080514974, 10.145031424016205 ], [ 13.437102254178834, 10.14531083558933 ], [ 13.4362804220599, 10.145587246888782 ], [ 13.436017594154224, 10.145866658174931 ], [ 13.434572273207845, 10.147034024724793 ], [ 13.433859449634451, 10.147789850170074 ], [ 13.432218502528961, 10.148077341956803 ], [ 13.43195939746496, 10.148627270618059 ], [ 13.431267666830456, 10.148901913950077 ], [ 13.430859727416161, 10.148095725562399 ], [ 13.429757533120105, 10.14784534920282 ], [ 13.42947964473834, 10.147032113154381 ], [ 13.428410516238117, 10.146781283171105 ], [ 13.428144347132626, 10.149220012039482 ], [ 13.427595526530709, 10.149492717087139 ], [ 13.426774482840798, 10.150060811590143 ], [ 13.424607001139421, 10.150615391280573 ], [ 13.423984848547226, 10.152923654682338 ], [ 13.423018564290604, 10.153868914936432 ], [ 13.422758834376534, 10.154762352131478 ], [ 13.423341293635971, 10.157396783194777 ], [ 13.423630366067728, 10.15902159054148 ], [ 13.428828297564802, 10.159216561939427 ], [ 13.429371792309551, 10.159485059773608 ], [ 13.430493754128419, 10.16000519413946 ], [ 13.431260234097552, 10.159193147912783 ], [ 13.43184719679931, 10.158900890010688 ], [ 13.43256004776069, 10.158145585274216 ], [ 13.434367640322824, 10.15779398346592 ], [ 13.435124379783112, 10.158904575390006 ], [ 13.437387009103364, 10.158827924390845 ], [ 13.438196334382665, 10.157567162289187 ], [ 13.438774684709093, 10.157193102980463 ], [ 13.439182661248925, 10.157999267834578 ], [ 13.440455054321369, 10.158906789306355 ], [ 13.442211131828122, 10.159305711435563 ], [ 13.442485329897476, 10.15984840379409 ], [ 13.443230804636864, 10.160374125341242 ], [ 13.443569933224598, 10.159287260699918 ], [ 13.444118741842583, 10.159014527534598 ], [ 13.44493235941113, 10.158451778322668 ], [ 13.445492454922377, 10.158455267214254 ], [ 13.44602361604168, 10.158988649820323 ], [ 13.447125841497643, 10.159238949479228 ], [ 13.447523533283917, 10.160764446189571 ], [ 13.448532254019913, 10.162196023566214 ], [ 13.448808649712442, 10.162742373833046 ], [ 13.449075684072463, 10.162459195379757 ], [ 13.449777048168341, 10.162110395634292 ], [ 13.450990788347292, 10.162708988144487 ], [ 13.452093024516785, 10.162959263886748 ], [ 13.452370993321473, 10.163772449953761 ], [ 13.452941570321334, 10.164300519740044 ], [ 13.452393432728575, 10.165390229052289 ], [ 13.452145992266745, 10.166778113483595 ], [ 13.452728555681274, 10.167861938254159 ], [ 13.452719095271403, 10.169178940199579 ], [ 13.453275265286639, 10.169436640138491 ], [ 13.453545739140457, 10.169708801331144 ], [ 13.454655512388536, 10.170500076439069 ], [ 13.455114222300978, 10.170960435815086 ], [ 13.455474878672961, 10.170198267556167 ], [ 13.456043221762888, 10.169642529706659 ], [ 13.457113264805841, 10.169109543464224 ], [ 13.457890173837274, 10.168286213488503 ], [ 13.458491139344483, 10.167698852140525 ], [ 13.459425160646369, 10.167234010473242 ], [ 13.4569445, 10.1630554 ], [ 13.4516659, 10.1544437 ], [ 13.4392827, 10.144055 ], [ 13.43816385941704, 10.143116358484129 ], [ 13.438156578631048, 10.144257621570073 ] ] ], [ [ [ 13.467711031895258, 10.186289979766762 ], [ 13.467435277937966, 10.186559025965327 ], [ 13.467176242907367, 10.187108969302086 ], [ 13.466758417421074, 10.187517880889008 ], [ 13.468306113145344, 10.188951458503318 ], [ 13.468026676085806, 10.189797601807699 ], [ 13.467788095362982, 10.191813129887217 ], [ 13.469978461524729, 10.192205863926633 ], [ 13.470205577672994, 10.192260215174704 ], [ 13.4689016, 10.186176 ], [ 13.4688873, 10.1861095 ], [ 13.468256701252693, 10.184769465837419 ], [ 13.467711031895258, 10.186289979766762 ] ] ], [ [ [ 13.500899176856494, 10.215859111555748 ], [ 13.501169730734599, 10.216131198563604 ], [ 13.5015967095528, 10.21652582417782 ], [ 13.501161868205774, 10.217843873146146 ], [ 13.500661651477049, 10.218838385084236 ], [ 13.500675592285273, 10.219221816090355 ], [ 13.501790844861441, 10.220987114919449 ], [ 13.502069036665336, 10.221800181124264 ], [ 13.502359881382974, 10.222602502085554 ], [ 13.50267459499298, 10.223810836572756 ], [ 13.502653689291783, 10.2270919965171 ], [ 13.501876039582024, 10.22747899072702 ], [ 13.501613255604919, 10.227758458324033 ], [ 13.500795185465508, 10.228305589610567 ], [ 13.500532399788698, 10.228585057016 ], [ 13.499983586608503, 10.228857915019521 ], [ 13.499720799685827, 10.229137382257681 ], [ 13.499171984463514, 10.229410239581268 ], [ 13.498404183846556, 10.229815588490325 ], [ 13.498131934067615, 10.232676461842601 ], [ 13.497573590678341, 10.233786979702334 ], [ 13.49762204319148, 10.235179195622319 ], [ 13.500308995042277, 10.235660350680323 ], [ 13.500646384895859, 10.237112494330852 ], [ 13.499832688223391, 10.237517431623607 ], [ 13.499449495224685, 10.240074950133941 ], [ 13.498520731666536, 10.241323236284305 ], [ 13.49826939796033, 10.242414183643959 ], [ 13.497997473241574, 10.242953757133266 ], [ 13.49776142167318, 10.245126674615076 ], [ 13.497489495575985, 10.245666248968984 ], [ 13.497242842552611, 10.247315133366483 ], [ 13.495060654287956, 10.247300983220718 ], [ 13.494803224526374, 10.24841421191187 ], [ 13.494527472295571, 10.248683293574825 ], [ 13.494264669786594, 10.248962765156154 ], [ 13.49398891662412, 10.2492318467493 ], [ 13.493471223658101, 10.250804701042831 ], [ 13.49486802214264, 10.251113492036847 ], [ 13.495923940193235, 10.250555653767339 ], [ 13.496196697709333, 10.250829816757404 ], [ 13.498937823880381, 10.251057071327793 ], [ 13.499208419851536, 10.25132914753666 ], [ 13.500310960064969, 10.251579112347368 ], [ 13.500585383321877, 10.252121677853703 ], [ 13.501698966201547, 10.253151938923683 ], [ 13.501697058424922, 10.253469537872093 ], [ 13.502397647027347, 10.25411767671622 ], [ 13.502804615798134, 10.254525767205399 ], [ 13.50308786940418, 10.254787092550323 ], [ 13.503358472005276, 10.255059162376607 ], [ 13.503934162821469, 10.255325936268317 ], [ 13.504462359162327, 10.255855457834386 ], [ 13.505002939301908, 10.256355214670956 ], [ 13.505819072094997, 10.257551274161253 ], [ 13.505317834931505, 10.25854846864803 ], [ 13.506149438675401, 10.258802695244372 ], [ 13.506714634366601, 10.259081232365924 ], [ 13.507517711056133, 10.259054212550726 ], [ 13.508606509090317, 10.259762979500628 ], [ 13.508912481198902, 10.261474969151934 ], [ 13.509195746221861, 10.261736284284048 ], [ 13.509569753207206, 10.262828039662404 ], [ 13.510300308390006, 10.262803075315592 ], [ 13.511256438482484, 10.262808787236571 ], [ 13.512750605907611, 10.262757862339164 ], [ 13.513032048884863, 10.26304086250672 ], [ 13.513315317703276, 10.263302171966153 ], [ 13.514407491000332, 10.264397118786693 ], [ 13.514541470308302, 10.264392540249085 ], [ 13.5173691, 10.2573234 ], [ 13.5076809, 10.2144931 ], [ 13.499990082179941, 10.215017621481643 ], [ 13.500899176856494, 10.215859111555748 ] ] ], [ [ [ 13.582798402661187, 10.678923459783828 ], [ 13.581492555845012, 10.679258592325947 ], [ 13.581222738773413, 10.683274815064527 ], [ 13.580940557747931, 10.683835309126822 ], [ 13.580978968205503, 10.684898833717407 ], [ 13.58097538284197, 10.685442554805851 ], [ 13.581342032857878, 10.686451062499128 ], [ 13.580995617709419, 10.686789539364074 ], [ 13.580736784107541, 10.687339653680585 ], [ 13.580187462102996, 10.68761295548715 ], [ 13.579932007011459, 10.688388095718716 ], [ 13.582948678835107, 10.68892493062121 ], [ 13.583269067132692, 10.68955581761225 ], [ 13.583935959487095, 10.69148820106617 ], [ 13.584360663516534, 10.691879795458958 ], [ 13.585190962362111, 10.692954908237525 ], [ 13.586021715670547, 10.693207907679101 ], [ 13.586566359592448, 10.69347568477767 ], [ 13.587471885721889, 10.693727578381694 ], [ 13.588464148975968, 10.692360412155688 ], [ 13.588767381637339, 10.692063774181822 ], [ 13.590377592630684, 10.69207281159172 ], [ 13.590940337037583, 10.692052896194326 ], [ 13.591990463456161, 10.690414893596284 ], [ 13.592452181566046, 10.690142864072186 ], [ 13.5928231078301, 10.691219433168905 ], [ 13.593653853507538, 10.691472411528734 ], [ 13.593937277718666, 10.692555551000366 ], [ 13.595201211843126, 10.692840704413515 ], [ 13.595594276314703, 10.693613145283205 ], [ 13.596310736408238, 10.693867798910366 ], [ 13.597128616432443, 10.693525581653306 ], [ 13.5968208, 10.6931928 ], [ 13.583310298215286, 10.678380132001797 ], [ 13.582798402661187, 10.678923459783828 ] ] ], [ [ [ 13.620869968220326, 10.719791989951624 ], [ 13.620898326918489, 10.720321999270617 ], [ 13.621451780730233, 10.720813557947304 ], [ 13.621735285367237, 10.722172399688436 ], [ 13.622085449775961, 10.723417718401588 ], [ 13.622049879407514, 10.724872176144935 ], [ 13.622388196248922, 10.725127602246561 ], [ 13.623741451246197, 10.724393179082295 ], [ 13.624957656957294, 10.724794794793571 ], [ 13.620901080724472, 10.719724060842015 ], [ 13.620869968220326, 10.719791989951624 ] ] ], [ [ [ 13.628985260990611, 10.731250770835103 ], [ 13.628738177661981, 10.732284663539438 ], [ 13.630110439943792, 10.732586469833503 ], [ 13.630408872139796, 10.734919266475504 ], [ 13.629604352014725, 10.736113629516971 ], [ 13.629907100185935, 10.737187925455318 ], [ 13.630229495499002, 10.739549420738845 ], [ 13.631315748099754, 10.73987185393989 ], [ 13.631611158285001, 10.741794190950054 ], [ 13.632446314178823, 10.742536145529035 ], [ 13.632734562418381, 10.74391865145272 ], [ 13.633022694506277, 10.744174275833082 ], [ 13.633306757042108, 10.745562125683136 ], [ 13.632735851251299, 10.746101078312524 ], [ 13.632824380440512, 10.747698947878913 ], [ 13.632766440922399, 10.750060299837502 ], [ 13.634266376457557, 10.750390258325927 ], [ 13.635323829005356, 10.750922828472447 ], [ 13.637604342438538, 10.750799428981409 ], [ 13.639387651934909, 10.751492290451008 ], [ 13.639708094415054, 10.752740630560591 ], [ 13.640000382725303, 10.753266672111707 ], [ 13.64027621645891, 10.754113638948304 ], [ 13.639586307279631, 10.754765860443488 ], [ 13.640029376223106, 10.755159679992088 ], [ 13.640321341382435, 10.757059313706963 ], [ 13.641429957173408, 10.757302629884281 ], [ 13.641705357612583, 10.758120541715586 ], [ 13.642813976673223, 10.758363850824544 ], [ 13.643092776003455, 10.759403067226511 ], [ 13.641750797064974, 10.761084697137985 ], [ 13.641368206103587, 10.761918283066722 ], [ 13.640942752975256, 10.761907754766495 ], [ 13.64069089991728, 10.762626324040532 ], [ 13.641550215078919, 10.763822728036734 ], [ 13.641471150662872, 10.767028335421386 ], [ 13.646262712754961, 10.767238285180566 ], [ 13.646760799148199, 10.766689828395169 ], [ 13.647611462824793, 10.76627713280617 ], [ 13.648973764230114, 10.766963799127643 ], [ 13.648954764369627, 10.767744116392468 ], [ 13.649002131665993, 10.768601360700835 ], [ 13.649831994985487, 10.769338280833599 ], [ 13.650377098892562, 10.769902497931612 ], [ 13.650922692078483, 10.769872901494386 ], [ 13.651464391808039, 10.770146075163307 ], [ 13.652573052198681, 10.770389327406528 ], [ 13.653202869554027, 10.771041808235742 ], [ 13.653681474863882, 10.772006142494254 ], [ 13.653973814895924, 10.772532152475124 ], [ 13.654245113976149, 10.773079608770493 ], [ 13.655187685865727, 10.773917298092545 ], [ 13.656470564780326, 10.775480485701436 ], [ 13.656555032390866, 10.775539776513762 ], [ 13.6562814, 10.7750565 ], [ 13.6382234, 10.7431615 ], [ 13.6327982, 10.7345955 ], [ 13.629431198298947, 10.7303867365353 ], [ 13.628985260990611, 10.731250770835103 ] ] ], [ [ [ 13.657900396378027, 10.779505665118124 ], [ 13.657654677968301, 10.780896396708963 ], [ 13.657109065293126, 10.781410985422214 ], [ 13.656850576590577, 10.781695930740407 ], [ 13.656296894077855, 10.781964457247275 ], [ 13.656314623220615, 10.782282750180437 ], [ 13.655493045288138, 10.783058246384286 ], [ 13.655174601488557, 10.783752201388014 ], [ 13.654146348604739, 10.784430962894353 ], [ 13.653887854658917, 10.784715907929501 ], [ 13.653423338852336, 10.785154256191881 ], [ 13.652248456733458, 10.785541491271943 ], [ 13.651331357497542, 10.785875181734832 ], [ 13.647885831305985, 10.785792053145236 ], [ 13.647578078095449, 10.788709720009889 ], [ 13.646556319568322, 10.789674181491769 ], [ 13.646039306629069, 10.790244069261023 ], [ 13.645486600570973, 10.790230723289383 ], [ 13.644880103134978, 10.790263618553276 ], [ 13.64374715155089, 10.790878427823296 ], [ 13.64276110558311, 10.790553027251567 ], [ 13.641652356932889, 10.790309767388075 ], [ 13.641376890115108, 10.789491868781891 ], [ 13.640268144749919, 10.789248601834965 ], [ 13.639988528021682, 10.788160270876167 ], [ 13.639023883802009, 10.788044795750409 ], [ 13.639168807962632, 10.789269870498838 ], [ 13.639973101224559, 10.790355340323844 ], [ 13.640308262436371, 10.791719667560459 ], [ 13.641423734918424, 10.792191319648452 ], [ 13.641692828752211, 10.79328931428352 ], [ 13.64205500300946, 10.793907530127894 ], [ 13.642845409765973, 10.79568632380856 ], [ 13.643392201022511, 10.797050626724648 ], [ 13.644225251168097, 10.798474014768196 ], [ 13.64453208825789, 10.800008864962027 ], [ 13.645077581708756, 10.800940500159612 ], [ 13.645381818335354, 10.801889501029196 ], [ 13.646648831579828, 10.802760341564909 ], [ 13.647221294173381, 10.804539480544607 ], [ 13.649091564982729, 10.806827616584966 ], [ 13.648949528349492, 10.808982304677489 ], [ 13.649912761425657, 10.810456784096877 ], [ 13.650420217275419, 10.81203692403361 ], [ 13.65193530815756, 10.812842958290766 ], [ 13.652631151660689, 10.812018618380719 ], [ 13.653212154452762, 10.811509025315873 ], [ 13.654137848992885, 10.810413105563523 ], [ 13.654953839602317, 10.811002247821946 ], [ 13.655409471988616, 10.811509396194857 ], [ 13.65613260015701, 10.810653471432879 ], [ 13.657037099996522, 10.811160704508037 ], [ 13.657297931108257, 10.811717809869505 ], [ 13.658805424442109, 10.812032343807314 ], [ 13.659506824044882, 10.812812855933558 ], [ 13.660879370164608, 10.811934163545086 ], [ 13.661342199640449, 10.811386197651808 ], [ 13.661968991482423, 10.811627127488068 ], [ 13.662442043861294, 10.812154336218898 ], [ 13.663243313718542, 10.812205874543416 ], [ 13.664150661403557, 10.811860910732765 ], [ 13.664975856955692, 10.812146376352761 ], [ 13.665883199426274, 10.811801409235784 ], [ 13.666612788541549, 10.811848212078472 ], [ 13.666893446853685, 10.811821510426293 ], [ 13.66832161524548, 10.8126728739859 ], [ 13.670304376333917, 10.812485145799322 ], [ 13.670742809995664, 10.81284671455596 ], [ 13.671194128441423, 10.813349931285915 ], [ 13.672551160873688, 10.814161667066015 ], [ 13.672956105136526, 10.815808516920711 ], [ 13.673478521947066, 10.817586972998813 ], [ 13.673581504772075, 10.81864461129001 ], [ 13.673309756830152, 10.819589864899207 ], [ 13.673018742072788, 10.81984468422133 ], [ 13.672771088303602, 10.820138995668291 ], [ 13.672231257916717, 10.820613392306621 ], [ 13.672619955647864, 10.821900726570899 ], [ 13.673261951263704, 10.822430887724327 ], [ 13.674150177262145, 10.82518981806917 ], [ 13.675028341733519, 10.82578638316776 ], [ 13.675845799172645, 10.825708726114721 ], [ 13.675636647870196, 10.828480345316166 ], [ 13.675104637856281, 10.829458081498377 ], [ 13.675362755512889, 10.829836898569265 ], [ 13.675862940765182, 10.830249544639337 ], [ 13.67599157067473, 10.831579907915255 ], [ 13.675695503133808, 10.832266149421359 ], [ 13.675163491877909, 10.83324388825816 ], [ 13.675502534148604, 10.833740336799131 ], [ 13.676687955879068, 10.833062501034251 ], [ 13.678173891918156, 10.833290313938784 ], [ 13.678704125593562, 10.833572803369849 ], [ 13.679291542149803, 10.833821139545835 ], [ 13.678736956963197, 10.834308985138055 ], [ 13.679023964248472, 10.836543188647704 ], [ 13.679339616145414, 10.837870697316511 ], [ 13.679956152732156, 10.841086171842186 ], [ 13.680480133033255, 10.842201043430293 ], [ 13.681376511611489, 10.842453116491223 ], [ 13.681860519864587, 10.842991452964322 ], [ 13.682607190196462, 10.843307080984358 ], [ 13.683290263889246, 10.846261341017419 ], [ 13.683855457515511, 10.846727644343087 ], [ 13.684212702610857, 10.847840551236283 ], [ 13.68509210781558, 10.847757147847496 ], [ 13.686579251672669, 10.847852538058032 ], [ 13.686933089005242, 10.847034661617405 ], [ 13.687685485288105, 10.846689319153052 ], [ 13.68793313014282, 10.846394992952707 ], [ 13.68906118456375, 10.845876984996753 ], [ 13.689557537253119, 10.845288315739424 ], [ 13.69106655797747, 10.844869614905486 ], [ 13.691918453658037, 10.843642126868961 ], [ 13.692832989476154, 10.843893355089815 ], [ 13.693377977476352, 10.844160789349388 ], [ 13.69393562304773, 10.844417462509961 ], [ 13.694211292876446, 10.844959479023245 ], [ 13.695952035914871, 10.845212339064933 ], [ 13.696700676302925, 10.846268518831508 ], [ 13.69698186080922, 10.846821011318662 ], [ 13.698085329010642, 10.847329235003098 ], [ 13.698389346880878, 10.847633092172034 ], [ 13.700816302327565, 10.847546845510225 ], [ 13.701133012171631, 10.849480185625406 ], [ 13.701127901908908, 10.850655378218008 ], [ 13.702260232223978, 10.852254256811676 ], [ 13.702033658217905, 10.85484725291994 ], [ 13.701494696924982, 10.855375312084712 ], [ 13.701982694480057, 10.857255839171264 ], [ 13.702896617777725, 10.857533439377914 ], [ 13.703176562403673, 10.858345839089585 ], [ 13.705106254596185, 10.858851921490096 ], [ 13.706018290338177, 10.859145122427567 ], [ 13.709586178892646, 10.859018296989612 ], [ 13.711895507973079, 10.859537522468811 ], [ 13.712509178388007, 10.859820224544787 ], [ 13.712784900886408, 10.860362204007915 ], [ 13.712857858933992, 10.860413911062164 ], [ 13.7086414, 10.8514539 ], [ 13.7063885, 10.8466663 ], [ 13.6769428, 10.8074989 ], [ 13.6602096, 10.7819943 ], [ 13.658175085524075, 10.7784010373018 ], [ 13.657900396378027, 10.779505665118124 ] ] ], [ [ [ 11.917860715300302, 7.450825644235962 ], [ 11.917200256644211, 7.451520813200342 ], [ 11.916764987266145, 7.451943995421978 ], [ 11.914946675801836, 7.452546220281253 ], [ 11.915443009337872, 7.453015136146871 ], [ 11.915738822333703, 7.457641900252989 ], [ 11.91519920595205, 7.458166349442644 ], [ 11.914940767024264, 7.459824949332106 ], [ 11.914129222879208, 7.460612696408572 ], [ 11.913871265860477, 7.461703820898217 ], [ 11.913323589831379, 7.461973172055362 ], [ 11.913081358801861, 7.465438901571084 ], [ 11.914441238460181, 7.465760245684685 ], [ 11.914713633913799, 7.466847868872201 ], [ 11.915835538608647, 7.467113078219962 ], [ 11.916621595437539, 7.467919390269884 ], [ 11.916901261510894, 7.46818327901071 ], [ 11.917173666302658, 7.469270897639268 ], [ 11.918489997857401, 7.469581924103252 ], [ 11.919686517328582, 7.470379688752954 ], [ 11.920931834622657, 7.471656192340993 ], [ 11.921553281226807, 7.471952221705276 ], [ 11.922222069896193, 7.47330558771815 ], [ 11.922843062409825, 7.474489345731057 ], [ 11.924009348431536, 7.475044846674638 ], [ 11.924003809100176, 7.475487423318325 ], [ 11.923214347408996, 7.477042082059586 ], [ 11.922940055928455, 7.477905691183665 ], [ 11.922661813271581, 7.478175919353716 ], [ 11.923082408042827, 7.47857438134141 ], [ 11.92349254421454, 7.47899514458596 ], [ 11.925666290947984, 7.479508482765612 ], [ 11.925935119532554, 7.480054050085424 ], [ 11.926214799488196, 7.480317927625543 ], [ 11.926485436905917, 7.481134511134244 ], [ 11.929762721212228, 7.481379520409776 ], [ 11.93059047704959, 7.482227329870757 ], [ 11.931720802961861, 7.486127476831973 ], [ 11.933316607786832, 7.48650433102594 ], [ 11.933583638543045, 7.486778872971411 ], [ 11.935764151339963, 7.487030068900828 ], [ 11.936031183501713, 7.487304608634103 ], [ 11.937956060645227, 7.487557497248503 ], [ 11.938515382783278, 7.486968305551027 ], [ 11.941956834739862, 7.487015191409151 ], [ 11.943357412726181, 7.486437311125618 ], [ 11.944448167462347, 7.486164286123544 ], [ 11.944727291790315, 7.485869690832071 ], [ 11.946336616187306, 7.485891742723023 ], [ 11.946610471017156, 7.48560247605275 ], [ 11.947092370431855, 7.485333520425297 ], [ 11.947432420252603, 7.486686364183001 ], [ 11.949341371049771, 7.486939307961089 ], [ 11.949608408431365, 7.487213836156728 ], [ 11.950159645902684, 7.487475871307165 ], [ 11.950971774778177, 7.487887019645659 ], [ 11.952918007528824, 7.487375327042913 ], [ 11.954392455877272, 7.486170472885703 ], [ 11.9208317, 7.4522219 ], [ 11.918637936020117, 7.450070970934723 ], [ 11.917860715300302, 7.450825644235962 ] ] ], [ [ [ 11.958326019136527, 7.49040229563136 ], [ 11.958596722308382, 7.491218833341398 ], [ 11.958876423599808, 7.491482679557739 ], [ 11.959145298820218, 7.492028207364601 ], [ 11.959426831557614, 7.492563061686937 ], [ 11.959703032582043, 7.494192623457222 ], [ 11.960797370764983, 7.494450983864038 ], [ 11.961335963638907, 7.494723671831807 ], [ 11.96215875815307, 7.494983856593325 ], [ 11.962427640545314, 7.495529379874912 ], [ 11.963763656670773, 7.495649964179883 ], [ 11.958042509444937, 7.489862705266634 ], [ 11.958326019136527, 7.49040229563136 ] ] ], [ [ [ 12.009637087596094, 7.544730341261927 ], [ 12.008670636366936, 7.545494446972198 ], [ 12.0094880571712, 7.545883154600679 ], [ 12.009768296449975, 7.548054585869848 ], [ 12.010450381592756, 7.550346574454665 ], [ 12.01087965309924, 7.550751713630643 ], [ 12.011152401420711, 7.551839158751855 ], [ 12.011471683641055, 7.55244619481288 ], [ 12.011441547666724, 7.554680102003941 ], [ 12.011455912910447, 7.555222018999542 ], [ 12.011418264720351, 7.558054631141574 ], [ 12.012567306156841, 7.55914131219768 ], [ 12.012852913701508, 7.560550485045177 ], [ 12.012835227647271, 7.561823601716011 ], [ 12.013522210557536, 7.56313101718097 ], [ 12.014226844018406, 7.563465961542123 ], [ 12.014222460815732, 7.56375129120594 ], [ 12.012596677038808, 7.564290256268398 ], [ 12.012082205770717, 7.565368845587655 ], [ 12.011791357160529, 7.565650862390994 ], [ 12.011835293623282, 7.567242200586887 ], [ 12.011118141864518, 7.568314252616823 ], [ 12.010454164949531, 7.568641194058821 ], [ 12.010192750478701, 7.569190311124254 ], [ 12.009916651101992, 7.569457934074579 ], [ 12.009661063018379, 7.570846501861941 ], [ 12.010486569327751, 7.571627353643746 ], [ 12.010470945750525, 7.572738489426236 ], [ 12.009942993405543, 7.573251868080826 ], [ 12.009677208755562, 7.574088433282488 ], [ 12.008458103128447, 7.574072513677035 ], [ 12.007754845670744, 7.574091665523264 ], [ 12.00701653915176, 7.574869566447627 ], [ 12.006662013174411, 7.577136952401067 ], [ 12.00617093158665, 7.577614082638163 ], [ 12.005652257928331, 7.57870170359351 ], [ 12.005093992389201, 7.578976570295715 ], [ 12.004589494180376, 7.579508312769059 ], [ 12.004306396489888, 7.581979525119088 ], [ 12.005660963698855, 7.581942639379927 ], [ 12.005937010061306, 7.583041176320743 ], [ 12.006531577821193, 7.584173503032152 ], [ 12.007319730238679, 7.584918088326386 ], [ 12.007855079726774, 7.585466987508054 ], [ 12.008783295039935, 7.58590836115578 ], [ 12.009508560655043, 7.587372711464161 ], [ 12.010051091860275, 7.587885562400856 ], [ 12.010318240035312, 7.588160013148256 ], [ 12.010869635908954, 7.588421906254855 ], [ 12.011149993530651, 7.590593319446774 ], [ 12.012244576977984, 7.590851442809272 ], [ 12.012515615736532, 7.591683758152348 ], [ 12.011812717252111, 7.592367211799584 ], [ 12.011456268960309, 7.594656311837483 ], [ 12.011129575931037, 7.594972989707548 ], [ 12.009556253626906, 7.595748228384686 ], [ 12.00823379130297, 7.59643968222351 ], [ 12.007942953566879, 7.600686792940422 ], [ 12.006876457425582, 7.601723703045521 ], [ 12.006348774851276, 7.602279965642033 ], [ 12.006072659043229, 7.602547595016954 ], [ 12.005809347446217, 7.602825723005412 ], [ 12.005533230951414, 7.603093352297859 ], [ 12.005193026137773, 7.603451939184893 ], [ 12.004739081777702, 7.605151539939532 ], [ 12.006102445492971, 7.607128603667724 ], [ 12.006382054197385, 7.607970920720794 ], [ 12.007270711182013, 7.609121833816782 ], [ 12.00775773998522, 7.60958213146149 ], [ 12.008053700524307, 7.610181905930276 ], [ 12.008036229376433, 7.61147990361921 ], [ 12.008054533815693, 7.612126597627569 ], [ 12.009606346710992, 7.613126273838962 ], [ 12.009956407397222, 7.6141792901479 ], [ 12.010507842735016, 7.614441170507948 ], [ 12.01077979504718, 7.615399981010353 ], [ 12.009962439915231, 7.615802648732079 ], [ 12.009999489330385, 7.617157430480575 ], [ 12.0099564279005, 7.620409294909657 ], [ 12.008320848558414, 7.622460113477833 ], [ 12.007297447586325, 7.623139458615925 ], [ 12.00855579662116, 7.623436649835214 ], [ 12.008940018791556, 7.624213654317709 ], [ 12.009491469284058, 7.624475531091433 ], [ 12.009781088709934, 7.624772577003395 ], [ 12.009737817872804, 7.627991625727452 ], [ 12.011242747945468, 7.628346368655449 ], [ 12.011816823607072, 7.630626345938569 ], [ 12.01022098484659, 7.63168603361753 ], [ 12.007117074094543, 7.634524656055852 ], [ 12.006271081258408, 7.635085795677583 ], [ 12.005525341907481, 7.635872254375615 ], [ 12.004650825300455, 7.636452117325019 ], [ 12.004013567024019, 7.637123487949408 ], [ 12.003600429983837, 7.63752493664876 ], [ 12.002918798743222, 7.639287005592279 ], [ 12.003394122205568, 7.639736261969234 ], [ 12.003356450080958, 7.642542952306614 ], [ 12.003403597088283, 7.644277188784785 ], [ 12.005829090066181, 7.644555649663858 ], [ 12.006101979203628, 7.645643075699175 ], [ 12.006520700964014, 7.646038729734097 ], [ 12.007142720753409, 7.646675390387868 ], [ 12.007479368021709, 7.648380605505684 ], [ 12.006675933976966, 7.650777647308018 ], [ 12.006141263027915, 7.65246141838725 ], [ 12.005613743290457, 7.653500435362489 ], [ 12.005352312407979, 7.65404957018584 ], [ 12.005078074479831, 7.654588207033958 ], [ 12.004828040494909, 7.656763315092607 ], [ 12.004518173497919, 7.657063481138276 ], [ 12.003430031352783, 7.657599856731038 ], [ 12.002666348486477, 7.65840444878346 ], [ 12.001303658250562, 7.658679665987775 ], [ 12.000510332235933, 7.660858567509633 ], [ 11.99795485397158, 7.664006755778288 ], [ 11.998361845582775, 7.664391379371569 ], [ 11.998636722154886, 7.665760394713542 ], [ 11.997343390908489, 7.6663977077985 ], [ 11.996481513905003, 7.667427942886795 ], [ 11.997117118234373, 7.669241719604187 ], [ 11.99676823726859, 7.670639961586926 ], [ 11.997049179763369, 7.670904778500444 ], [ 11.997320192723246, 7.671721213917885 ], [ 11.997897270302042, 7.671995609927232 ], [ 11.99841646263857, 7.6730950844821 ], [ 11.997880544204838, 7.674151104767797 ], [ 11.997432223054853, 7.676047070920632 ], [ 11.998179462751143, 7.677130131163521 ], [ 11.998450486163691, 7.677946563305126 ], [ 11.999545317945023, 7.67820463434588 ], [ 11.999812540734522, 7.678479071368315 ], [ 12.000092422710907, 7.678742832206815 ], [ 12.000361548829291, 7.679288264949773 ], [ 12.000519401685192, 7.679552877830283 ], [ 12.001715957063146, 7.678731486913835 ], [ 12.00275773846756, 7.67838650111518 ], [ 12.003062781688865, 7.677096016692132 ], [ 12.004697170777099, 7.676818871690092 ], [ 12.005551440273928, 7.676520184332933 ], [ 12.006313030971546, 7.67571823887199 ], [ 12.007066679838527, 7.675447249857032 ], [ 12.007407280674878, 7.676799905481426 ], [ 12.009588693969238, 7.677050340593497 ], [ 12.00985973630354, 7.677866757110016 ], [ 12.011796033021893, 7.678118896123695 ], [ 12.012845905545415, 7.6775695189535 ], [ 12.014375225495337, 7.67729307569029 ], [ 12.014764423706342, 7.679213323376405 ], [ 12.015337725425319, 7.680303907495853 ], [ 12.01612613522849, 7.681049458684466 ], [ 12.016406034027284, 7.68161491039599 ], [ 12.017521696326629, 7.681966998137563 ], [ 12.017488938135061, 7.684389869050854 ], [ 12.016735378458712, 7.685875111776547 ], [ 12.01618094614258, 7.68730761297113 ], [ 12.015906719545702, 7.687846259008936 ], [ 12.015659767084554, 7.690442664881549 ], [ 12.017022683767481, 7.691090477196801 ], [ 12.017289924874913, 7.691364895701858 ], [ 12.017841478921397, 7.691626725432351 ], [ 12.018108720828439, 7.691901143085504 ], [ 12.018651439296443, 7.69241392551064 ], [ 12.01894210821925, 7.692999408472601 ], [ 12.019484829194139, 7.693512188886983 ], [ 12.019758016966161, 7.694626042597577 ], [ 12.018767304996956, 7.695590008756088 ], [ 12.01842329484151, 7.697063904922384 ], [ 12.018970297620921, 7.697580888020992 ], [ 12.019499438027289, 7.698122874054406 ], [ 12.021420975420552, 7.698376624197903 ], [ 12.022293237486286, 7.698667940375116 ], [ 12.023851857614469, 7.698625182286989 ], [ 12.02526555737172, 7.699096866291672 ], [ 12.024945301089605, 7.699727411848714 ], [ 12.024967922529594, 7.700522266109278 ], [ 12.024963614695055, 7.700812355183801 ], [ 12.024154180642888, 7.701598795845264 ], [ 12.024162583547074, 7.701885619177786 ], [ 12.023614784132425, 7.702155198126768 ], [ 12.023354385693793, 7.702846721017797 ], [ 12.024205173087257, 7.703250922940168 ], [ 12.024179303292774, 7.705137544901963 ], [ 12.025017430447077, 7.705402095994463 ], [ 12.025543383726779, 7.705940914120118 ], [ 12.025833986980436, 7.706215155417933 ], [ 12.026365561071035, 7.706200810159205 ], [ 12.0271494389479, 7.706596477516667 ], [ 12.027458498634919, 7.707824390026992 ], [ 12.027877315572065, 7.708219990855757 ], [ 12.028477031839738, 7.708833441264896 ], [ 12.028916071389325, 7.710579145144538 ], [ 12.028502484193499, 7.711813759663939 ], [ 12.028853992619915, 7.712145258948008 ], [ 12.029219865361481, 7.713599834205409 ], [ 12.02969318165516, 7.714046915841953 ], [ 12.029681955322696, 7.714854709376644 ], [ 12.030224722103858, 7.715367459866532 ], [ 12.03050467639104, 7.715932885553773 ], [ 12.030784603239672, 7.716196609023521 ], [ 12.031053803539086, 7.716741997252087 ], [ 12.03242039823043, 7.716998010541956 ], [ 12.033231001575714, 7.717268552722666 ], [ 12.034054263792576, 7.717528415971757 ], [ 12.034196521641324, 7.717674245989558 ], [ 12.0330544, 7.7149992 ], [ 12.0299988, 7.7041664 ], [ 12.0269432, 7.686388 ], [ 12.0249996, 7.667222 ], [ 12.0249996, 7.6624371 ], [ 12.0249996, 7.6605549 ], [ 12.0274982, 7.6494436 ], [ 12.0294437, 7.6444435 ], [ 12.0408335, 7.6286106 ], [ 12.0438881, 7.584444 ], [ 12.0436096, 7.5777769 ], [ 12.0408335, 7.5736103 ], [ 12.0279907, 7.5606192 ], [ 12.011381960328034, 7.543818532143261 ], [ 12.009637087596094, 7.544730341261927 ] ] ], [ [ [ 12.037660307034312, 7.728056455559162 ], [ 12.037395773135119, 7.728907860888032 ], [ 12.037942845661012, 7.729424794158917 ], [ 12.038227042406872, 7.731617235476599 ], [ 12.038781146545171, 7.732670822867759 ], [ 12.039128973585175, 7.733373367513505 ], [ 12.040690637464524, 7.73374121118407 ], [ 12.041224778168083, 7.734821399163033 ], [ 12.041592019745003, 7.734995778851936 ], [ 12.038345134866438, 7.727391014123992 ], [ 12.037660307034312, 7.728056455559162 ] ] ], [ [ [ 12.059148040864919, 7.767183966565685 ], [ 12.058598052527673, 7.768034786658534 ], [ 12.057506837147608, 7.768308347234653 ], [ 12.057248928876001, 7.769334904207147 ], [ 12.058609788998409, 7.769655376665884 ], [ 12.058883005341007, 7.770742679843991 ], [ 12.059162992202685, 7.771006363100674 ], [ 12.059430320892323, 7.77128072412945 ], [ 12.059710308444155, 7.771544406746834 ], [ 12.059979601977378, 7.772089747290759 ], [ 12.060685391154639, 7.773112000048356 ], [ 12.061420262206838, 7.773460791256019 ], [ 12.06190898688601, 7.77586974469584 ], [ 12.062451403893357, 7.776901109676504 ], [ 12.062737847103564, 7.777760715960931 ], [ 12.063561237471736, 7.778020468612024 ], [ 12.063862044418682, 7.782901467675205 ], [ 12.064685445922043, 7.783161213908184 ], [ 12.064958698803171, 7.784248503075886 ], [ 12.067011126428937, 7.784499351748551 ], [ 12.067400026376546, 7.783683559536522 ], [ 12.069077922850852, 7.783521683252091 ], [ 12.0676285, 7.7810639 ], [ 12.0638886, 7.7747221 ], [ 12.0623338, 7.772075 ], [ 12.0614523, 7.7705743 ], [ 12.05934727330917, 7.766990426633265 ], [ 12.059148040864919, 7.767183966565685 ] ] ] ] } },
{ "type": "Feature", "properties": { "Id": 102, "gridcode": 11, "Shape_Leng": 170.15467912899999, "Shape_Area": 1214.03343937, "NUMB": 15.0, "NAME": "Gali-Lamurde", "source_state": "Adamawa" }, "geometry": { "type": "Polygon", "coordinates": [ [ [ 11.833494491129834, 9.768497570660838 ], [ 11.835158387145363, 9.768749437973758 ], [ 11.835700736411505, 9.769021236705429 ], [ 11.837075420041581, 9.769275504533594 ], [ 11.837604015948706, 9.769813145537944 ], [ 11.838170585393227, 9.76954268687469 ], [ 11.838435044551664, 9.769264160797199 ], [ 11.838954814568943, 9.768761179234843 ], [ 11.838972775134138, 9.767229632338999 ], [ 11.838954514201085, 9.766586629699656 ], [ 11.839229982554963, 9.765718850606527 ], [ 11.840308658978884, 9.764672860909039 ], [ 11.840034695627748, 9.76383031173515 ], [ 11.839574390597928, 9.762534610054388 ], [ 11.840016354894852, 9.761667560116372 ], [ 11.839993732038808, 9.760887493597364 ], [ 11.840271615960853, 9.760305012171454 ], [ 11.843280933050321, 9.76001416099971 ], [ 11.84381964516151, 9.759733343249131 ], [ 11.844305289551063, 9.759738814464525 ], [ 11.846008291529685, 9.759449324239776 ], [ 11.846280935514647, 9.758879589540282 ], [ 11.846818666738489, 9.758358455466007 ], [ 11.847076202532547, 9.757266914832439 ], [ 11.847893017995444, 9.756181285947813 ], [ 11.848155156416224, 9.75563175355564 ], [ 11.848432492735942, 9.75536370510261 ], [ 11.849195148442815, 9.754561725623812 ], [ 11.850605679020058, 9.754521339061172 ], [ 11.850885586653698, 9.754806957822224 ], [ 11.851566312219694, 9.754787496930335 ], [ 11.853060578083072, 9.754805155607983 ], [ 11.853576485330148, 9.753728391917944 ], [ 11.854628959746252, 9.752623311694979 ], [ 11.855503610333011, 9.752317963709821 ], [ 11.858627714634387, 9.751610507647028 ], [ 11.859323120272684, 9.750936119508088 ], [ 11.859840351566421, 9.75039291304474 ], [ 11.862614123825638, 9.750905839718166 ], [ 11.86314593517953, 9.751446057967279 ], [ 11.864569217632004, 9.751777632683048 ], [ 11.865347033894034, 9.752506337643256 ], [ 11.865616178255747, 9.752780386997273 ], [ 11.866444408648707, 9.753039144322402 ], [ 11.86696976742356, 9.75357252699939 ], [ 11.868077723672082, 9.754094121339339 ], [ 11.868621395450674, 9.754646930750111 ], [ 11.870457165276202, 9.753918984386996 ], [ 11.87081360580779, 9.753544388580853 ], [ 11.873597866111274, 9.752913240925746 ], [ 11.874340869002211, 9.752193434811645 ], [ 11.875320413493611, 9.750683459980049 ], [ 11.876797549233535, 9.749704965477489 ], [ 11.877061956623772, 9.749426422696605 ], [ 11.877612438860039, 9.749156052067969 ], [ 11.877912802132174, 9.747222523004192 ], [ 11.878404598684147, 9.74670492066584 ], [ 11.878681898302716, 9.746436856463408 ], [ 11.87932647215362, 9.745442097631109 ], [ 11.880023002286743, 9.746149218540896 ], [ 11.881409010676492, 9.745871784097117 ], [ 11.88167341108907, 9.745593239650628 ], [ 11.881950706652789, 9.745325173786537 ], [ 11.882208122484792, 9.74423364143866 ], [ 11.883528563180647, 9.743902763614425 ], [ 11.883581152775122, 9.73946603125281 ], [ 11.883145881370634, 9.73823796607687 ], [ 11.88403695482681, 9.736375144280748 ], [ 11.884596827017962, 9.736082987479987 ], [ 11.885420447702849, 9.735810302819823 ], [ 11.885684838378817, 9.735531758362528 ], [ 11.887054788290762, 9.735254450131508 ], [ 11.887314517735854, 9.734433915233215 ], [ 11.8881530281375, 9.734156335285567 ], [ 11.888673351579046, 9.733609373821189 ], [ 11.889494629584801, 9.733065687640321 ], [ 11.890303009463397, 9.732511521812263 ], [ 11.890853450960098, 9.732241140626451 ], [ 11.891118653345094, 9.73168575107697 ], [ 11.892204022499003, 9.73169878856524 ], [ 11.892740199050316, 9.731135280480036 ], [ 11.893571566117567, 9.731145173346871 ], [ 11.893896750517712, 9.730120824964098 ], [ 11.89492661379199, 9.729761154422324 ], [ 11.896136958444552, 9.730161113912429 ], [ 11.896839648655552, 9.729480268402151 ], [ 11.897165136588495, 9.72737821954186 ], [ 11.898177963800794, 9.727024508318435 ], [ 11.899274699871645, 9.726749481671819 ], [ 11.899664617710242, 9.725933135963363 ], [ 11.900089446476969, 9.726195247199319 ], [ 11.901305389367373, 9.726997955185771 ], [ 11.901733102124149, 9.726728603888166 ], [ 11.90198109639441, 9.724553112450527 ], [ 11.903077818263608, 9.724278076786032 ], [ 11.903373910507499, 9.723966438087594 ], [ 11.905394098688701, 9.723990020811002 ], [ 11.90606939527737, 9.723971044580965 ], [ 11.906894614393364, 9.724383771793388 ], [ 11.907726053790862, 9.724775271269953 ], [ 11.90826834665112, 9.725046958501339 ], [ 11.909096504761237, 9.725305622740514 ], [ 11.910070702650698, 9.72579329371832 ], [ 11.910459966569142, 9.725028292528515 ], [ 11.910443515630353, 9.724483767013801 ], [ 11.911038546265694, 9.724191279040742 ], [ 11.911805197495822, 9.723385479923481 ], [ 11.913172700694396, 9.72283709840362 ], [ 11.913430012247169, 9.721745575660718 ], [ 11.913973498763289, 9.72067755044438 ], [ 11.913964478980857, 9.720375389467806 ], [ 11.914512616937389, 9.719844577533085 ], [ 11.914776968142119, 9.719566020945749 ], [ 11.91560050622906, 9.719293282028207 ], [ 11.915862507269022, 9.718743736775941 ], [ 11.916150329651023, 9.718464980353469 ], [ 11.916110936600587, 9.717120861925078 ], [ 11.916889763468149, 9.716737875957991 ], [ 11.917202390897137, 9.715751216483591 ], [ 11.918299059206738, 9.715476143776979 ], [ 11.919109687975537, 9.715192922793996 ], [ 11.921016337349302, 9.71456105182509 ], [ 11.920738479184338, 9.713281963277097 ], [ 11.919637212899135, 9.71302565299368 ], [ 11.919349280392842, 9.710583749527029 ], [ 11.918521161419818, 9.710325101688284 ], [ 11.918247333584191, 9.709509120629454 ], [ 11.917146080027418, 9.709252798091946 ], [ 11.916869909929799, 9.708165826528102 ], [ 11.916055657672741, 9.707782663021119 ], [ 11.91602839272562, 9.706851833579758 ], [ 11.916308534499732, 9.704823765944715 ], [ 11.916264432178581, 9.703303424576999 ], [ 11.916552244707619, 9.703024671558699 ], [ 11.916950051407003, 9.701770515308725 ], [ 11.919269483850078, 9.701375465374575 ], [ 11.919531472792917, 9.700825922646001 ], [ 11.920299637720904, 9.7004483250233 ], [ 11.920612253279138, 9.699461668973377 ], [ 11.921155698585942, 9.698393648326975 ], [ 11.921131630544661, 9.697586124539155 ], [ 11.921920068140111, 9.695608775896241 ], [ 11.921391086164485, 9.694034881251007 ], [ 11.920823808239764, 9.692966274263281 ], [ 11.921288565355049, 9.692052956615916 ], [ 11.920804528565821, 9.690246307225451 ], [ 11.921626708953614, 9.689702050128023 ], [ 11.921595154552689, 9.688645285000403 ], [ 11.922691623703583, 9.687248615174676 ], [ 11.922968842295967, 9.686980538707695 ], [ 11.923233166823049, 9.686701984726188 ], [ 11.924054272213882, 9.686158263814058 ], [ 11.924318595151549, 9.685879709435909 ], [ 11.924595811255449, 9.685611632343901 ], [ 11.924908422325098, 9.684626038010339 ], [ 11.926767874396882, 9.684231719329816 ], [ 11.927562267113233, 9.685038485830857 ], [ 11.928136337296136, 9.685045229941929 ], [ 11.928405938762443, 9.684760806424471 ], [ 11.930879791898207, 9.684472903749048 ], [ 11.931657950149889, 9.683654825997243 ], [ 11.932766212300116, 9.683623120186009 ], [ 11.933136365546035, 9.684720382165489 ], [ 11.934145430197137, 9.684446039855899 ], [ 11.93447445964938, 9.683757244963369 ], [ 11.936163986788806, 9.682720169527109 ], [ 11.937380237532309, 9.683329041779539 ], [ 11.937957221031811, 9.68305839020695 ], [ 11.939306895382346, 9.6819575206792 ], [ 11.940127954041735, 9.681413772136853 ], [ 11.940944604599785, 9.68085418028698 ], [ 11.942199418461, 9.680868828235052 ], [ 11.944032326635069, 9.680496885168532 ], [ 11.944750182304652, 9.679742822282678 ], [ 11.945573586730967, 9.679470046411364 ], [ 11.946279971067279, 9.678379975002375 ], [ 11.947205086143343, 9.678637739155718 ], [ 11.947659130284826, 9.680419696929137 ], [ 11.948453546737692, 9.681226403010243 ], [ 11.948916634386091, 9.679765791988729 ], [ 11.950205207148674, 9.678882960669011 ], [ 11.951221858687051, 9.678383030118594 ], [ 11.951706439341189, 9.676331009413534 ], [ 11.954007307461902, 9.67689502955807 ], [ 11.954013770056541, 9.676413843339276 ], [ 11.953989719977798, 9.675615341171898 ], [ 11.95531765208394, 9.675576917573119 ], [ 11.956193819131594, 9.675850428480423 ], [ 11.956722355606837, 9.676387345490426 ], [ 11.957805348623678, 9.676399716225765 ], [ 11.958459560037133, 9.676058505449024 ], [ 11.959987632873302, 9.677067398106329 ], [ 11.960841495347983, 9.676621248746592 ], [ 11.961112768505986, 9.676897316806855 ], [ 11.962760100748755, 9.677148804930031 ], [ 11.963975914322088, 9.677951300119469 ], [ 11.964430028979166, 9.677665265715762 ], [ 11.965173188248533, 9.676883962129386 ], [ 11.96589216641024, 9.676508304838508 ], [ 11.966649775677178, 9.676887610190397 ], [ 11.967384498472693, 9.675753869389279 ], [ 11.968307853654849, 9.67544789620149 ], [ 11.969017630151145, 9.674390058451808 ], [ 11.96981856853581, 9.673022855672004 ], [ 11.971108246531708, 9.67130579978819 ], [ 11.973043149389408, 9.667259582212848 ], [ 11.975959114644413, 9.667293615162551 ], [ 11.97769225268946, 9.666998075578858 ], [ 11.979227753543793, 9.665945246851226 ], [ 11.981503542573728, 9.665610052329615 ], [ 11.982241588640422, 9.665224680062552 ], [ 11.983281451628306, 9.666280572004387 ], [ 11.983684174332362, 9.665856823243002 ], [ 11.983961317116767, 9.665588716769962 ], [ 11.984350301617445, 9.665179907612385 ], [ 11.987392501429408, 9.665742032980386 ], [ 11.988340208142322, 9.666629335646507 ], [ 11.98861172842601, 9.667174251193673 ], [ 11.988893562166346, 9.667437497853813 ], [ 11.989162689436453, 9.667711441463215 ], [ 11.98944452404441, 9.667974687399177 ], [ 11.990502716346013, 9.669049443003296 ], [ 11.992116576037837, 9.668418248278739 ], [ 11.992519280020055, 9.667149762971347 ], [ 11.993738340282372, 9.667114265861612 ], [ 11.994901437172643, 9.667385174445164 ], [ 11.99682374559131, 9.667855875667481 ], [ 11.999761488885587, 9.66842672821295 ], [ 12.000344121766458, 9.667481645745946 ], [ 12.000358004838803, 9.666280597773021 ], [ 12.00007560969609, 9.66571409190329 ], [ 11.99979136921479, 9.665179888197768 ], [ 11.999349089758017, 9.662221389389595 ], [ 11.997464176458571, 9.661873689891788 ], [ 11.995927580956183, 9.65989964688222 ], [ 11.996169294750329, 9.657076488795258 ], [ 11.996444021649008, 9.656537407898853 ], [ 11.99671634351529, 9.655967649307962 ], [ 11.997280092103114, 9.655420227254792 ], [ 11.997213024509618, 9.653145447713513 ], [ 11.997481916618037, 9.651103268696676 ], [ 11.998023454625708, 9.650578271733954 ], [ 11.998034021368628, 9.649722867580424 ], [ 11.996657160929299, 9.648432836087764 ], [ 11.996608405358911, 9.646779266556907 ], [ 11.997729201855153, 9.646497459477281 ], [ 11.998344012884397, 9.64521178335105 ], [ 11.999615371131345, 9.64458621934647 ], [ 11.999879591965291, 9.64430763446974 ], [ 12.00097589813055, 9.64403238530306 ], [ 12.001248575525615, 9.643745257706625 ], [ 12.002050506055813, 9.644559702957185 ], [ 12.002889744993398, 9.644286689132066 ], [ 12.003411726918145, 9.642639796343921 ], [ 12.004502035499366, 9.642651985703804 ], [ 12.004509829692292, 9.641966507310752 ], [ 12.004482181545958, 9.641012996178345 ], [ 12.005850155306113, 9.640339468314227 ], [ 12.005857995952097, 9.639659282639405 ], [ 12.005297129045138, 9.638601394024063 ], [ 12.005838698791775, 9.638564912291704 ], [ 12.006385980870064, 9.638571252020597 ], [ 12.00665093782186, 9.638015848653692 ], [ 12.007365722664721, 9.637664524348951 ], [ 12.008018879461835, 9.63637798191724 ], [ 12.00718202822071, 9.635593493345446 ], [ 12.007716749660675, 9.635025679857247 ], [ 12.007999136448742, 9.634752227538801 ], [ 12.007982623909419, 9.634213042696929 ], [ 12.008014264871365, 9.631524059803221 ], [ 12.006868121548967, 9.630984142614381 ], [ 12.008175751386695, 9.627958525188248 ], [ 12.009565782266858, 9.62797497924886 ], [ 12.009572638239955, 9.627424476054795 ], [ 12.009556103731306, 9.626882645304427 ], [ 12.009560102366061, 9.626611622897673 ], [ 12.009543569228528, 9.626069792098738 ], [ 12.010099018580011, 9.62579660483733 ], [ 12.01035361486402, 9.624434153121511 ], [ 12.010898949664019, 9.623621725960534 ], [ 12.011164599308868, 9.622784745511817 ], [ 12.012472460333861, 9.622799793769321 ], [ 12.013892829807132, 9.622511641120491 ], [ 12.014171819615216, 9.622217575863418 ], [ 12.015971942095609, 9.621331728659884 ], [ 12.016326939378553, 9.620588177698519 ], [ 12.016601617538713, 9.62004909845321 ], [ 12.016926373932188, 9.61902318269928 ], [ 12.018102618273831, 9.618632884754442 ], [ 12.018493655371111, 9.617864673284103 ], [ 12.018747458901892, 9.615935916420719 ], [ 12.019804972838571, 9.614908886995583 ], [ 12.020362662099846, 9.613810014013948 ], [ 12.020061135288287, 9.612885902266576 ], [ 12.019248643484829, 9.611354422627846 ], [ 12.018977153783435, 9.61080953113173 ], [ 12.01869296112152, 9.610275336642093 ], [ 12.01841186042687, 9.608646585640576 ], [ 12.017861180107881, 9.608130595142084 ], [ 12.01812522169452, 9.607836132240832 ], [ 12.018662435582392, 9.6073148737736 ], [ 12.018934700669115, 9.606745119588425 ], [ 12.020288297587832, 9.605431294307477 ], [ 12.019744700440594, 9.60511213128213 ], [ 12.01840859450366, 9.605150793632511 ], [ 12.018098843085189, 9.604860812875915 ], [ 12.017796049435871, 9.603671013095978 ], [ 12.016446269215697, 9.603249320486688 ], [ 12.016174793836164, 9.602704423210493 ], [ 12.015073933912621, 9.602448331505514 ], [ 12.014795945484369, 9.601890257700282 ], [ 12.0128823384395, 9.600668970339139 ], [ 12.012870492230954, 9.600294349064013 ], [ 12.013407708388165, 9.599773099762842 ], [ 12.013679981454739, 9.599203348663856 ], [ 12.013966922060085, 9.599206670995828 ], [ 12.014757544980235, 9.597551101716952 ], [ 12.016112239183254, 9.597566815433018 ], [ 12.016664246210738, 9.597030615467053 ], [ 12.016387841327756, 9.595927909346855 ], [ 12.015827786628055, 9.594349214789483 ], [ 12.016089238613961, 9.593762621807411 ], [ 12.016366306361855, 9.593494513936275 ], [ 12.016618494557489, 9.591861105134578 ], [ 12.018447015907491, 9.591549302923889 ], [ 12.019603873099388, 9.589822794973937 ], [ 12.018787447670826, 9.589403323753871 ], [ 12.018232666124467, 9.589142468017753 ], [ 12.017963604317101, 9.588868534252276 ], [ 12.017630213601626, 9.588556525413704 ], [ 12.018775144023346, 9.587772224080725 ], [ 12.019602864126114, 9.587781414389532 ], [ 12.01956318517294, 9.586431596343438 ], [ 12.020118984885633, 9.585603207852396 ], [ 12.020062737956049, 9.583706799775065 ], [ 12.021469602266318, 9.583960223727653 ], [ 12.021998028129026, 9.584497584310535 ], [ 12.023110113092885, 9.584222188757044 ], [ 12.023642485810674, 9.583399294927649 ], [ 12.02427219046948, 9.583089469937443 ], [ 12.026041061819843, 9.581229532407358 ], [ 12.028073498140532, 9.58022893177816 ], [ 12.028709073708196, 9.578899157795336 ], [ 12.030412382614312, 9.577107528981784 ], [ 12.031765839019886, 9.575793706633659 ], [ 12.031438907007196, 9.574766619074142 ], [ 12.029848523183178, 9.574017850491733 ], [ 12.029812171260154, 9.572805094156118 ], [ 12.030098514914274, 9.572503557804511 ], [ 12.030634614255247, 9.571983899722087 ], [ 12.030644297514693, 9.571151811966217 ], [ 12.029976707639964, 9.570192795775068 ], [ 12.030889639824084, 9.569233733684282 ], [ 12.0322580647798, 9.569249296531224 ], [ 12.032512225924995, 9.567604771442769 ], [ 12.033332846495663, 9.567060926420824 ], [ 12.03359045578018, 9.565685237522198 ], [ 12.034377129988998, 9.564922043875892 ], [ 12.034396489178867, 9.563257874218181 ], [ 12.034109363785886, 9.562989401609784 ], [ 12.033562522844564, 9.562175940005586 ], [ 12.033280778414193, 9.561912712401719 ], [ 12.033287702910739, 9.561370686663741 ], [ 12.032731726919028, 9.56084945586918 ], [ 12.03298852123037, 9.559742110979178 ], [ 12.033811528481463, 9.559469232221451 ], [ 12.034075668688446, 9.559190648808737 ], [ 12.035161311919039, 9.558830790859586 ], [ 12.035170688651858, 9.557964306533341 ], [ 12.035150817915541, 9.557287024636612 ], [ 12.035158672083474, 9.556609500440254 ], [ 12.035130997595045, 9.555653365536129 ], [ 12.035683983508772, 9.555117154908023 ], [ 12.035948119489815, 9.554838571522593 ], [ 12.037031629509858, 9.554119891499722 ], [ 12.037039026639345, 9.553511176400256 ], [ 12.03661625280731, 9.552255758444428 ], [ 12.03537577124661, 9.551868061413376 ], [ 12.034790911404711, 9.551575194360925 ], [ 12.032939020033641, 9.551628938969394 ], [ 12.03236048566548, 9.551086728308226 ], [ 12.031821359352682, 9.550538880064453 ], [ 12.0307247820472, 9.550022884122683 ], [ 12.030715841188922, 9.549735571578195 ], [ 12.031268830489815, 9.549199368643876 ], [ 12.031798170761242, 9.548642200576497 ], [ 12.033229311365929, 9.548283049016092 ], [ 12.034354284826211, 9.547189831044243 ], [ 12.034940241773075, 9.545440796885211 ], [ 12.033185096740242, 9.544614052901233 ], [ 12.032307641080147, 9.543791819070057 ], [ 12.032571540614649, 9.543486778702384 ], [ 12.033108654758319, 9.542965534159926 ], [ 12.033410201244996, 9.542335727502493 ], [ 12.034733938942365, 9.541050246824172 ], [ 12.03446477734883, 9.540760441074436 ], [ 12.033914222456207, 9.540244448111244 ], [ 12.03519927470566, 9.540131092489922 ], [ 12.036071958854048, 9.541017401808416 ], [ 12.036667720022175, 9.540737515843382 ], [ 12.037340738910702, 9.540030369583704 ], [ 12.038043916456084, 9.541041998927229 ], [ 12.03869094270769, 9.542335154622643 ], [ 12.039916343654758, 9.542349323152351 ], [ 12.04075279936637, 9.54179475795522 ], [ 12.041012831173207, 9.540694270284876 ], [ 12.042368663768416, 9.5400261357614 ], [ 12.042098376342413, 9.539609854567413 ], [ 12.041289891518518, 9.539229504278282 ], [ 12.041261074326959, 9.538264915753276 ], [ 12.041265068593637, 9.537993899869139 ], [ 12.041256267960559, 9.537722995796404 ], [ 12.041261193640549, 9.537316481274726 ], [ 12.041241400107792, 9.536647669907106 ], [ 12.041800781376685, 9.536355393824026 ], [ 12.043149864157469, 9.536370593702653 ], [ 12.043168071084636, 9.534817059289113 ], [ 12.041707382626191, 9.534360901783675 ], [ 12.041014568672008, 9.531148524478745 ], [ 12.04171820403265, 9.53040935424389 ], [ 12.042287280500853, 9.530129169191959 ], [ 12.042548994561692, 9.529579628315963 ], [ 12.043350584457851, 9.52918520790301 ], [ 12.043364724258341, 9.528013834026842 ], [ 12.041986307638251, 9.527692969923546 ], [ 12.041506407783549, 9.52720600698375 ], [ 12.041008493580938, 9.528778021964529 ], [ 12.040374182547769, 9.528796260859238 ], [ 12.039543206603099, 9.528521946035095 ], [ 12.037942145480136, 9.528226295293498 ], [ 12.03751833262214, 9.525882715219653 ], [ 12.03812884016773, 9.523656611131541 ], [ 12.038403448315227, 9.523117546675889 ], [ 12.038678355122439, 9.521648037534577 ], [ 12.039749054186185, 9.520937961289659 ], [ 12.040010770554089, 9.520388422993083 ], [ 12.041379592051259, 9.520110796262919 ], [ 12.041911860585859, 9.519287916291205 ], [ 12.042188859524588, 9.519019811712999 ], [ 12.042456869629666, 9.51845910441414 ], [ 12.043521152287616, 9.518471515852241 ], [ 12.044354228113043, 9.517661887496081 ], [ 12.044063146238138, 9.517062131827656 ], [ 12.04290405473834, 9.515975622148174 ], [ 12.042275473801228, 9.513626428850744 ], [ 12.043764965149846, 9.513251951989698 ], [ 12.043779275588616, 9.51209804298106 ], [ 12.043407614451844, 9.509621175031768 ], [ 12.042631326167626, 9.509255344735822 ], [ 12.042650274058373, 9.507660520645491 ], [ 12.042349918015772, 9.507095242603105 ], [ 12.041896556846538, 9.505746404702336 ], [ 12.04100719903321, 9.505736157090297 ], [ 12.040200549175115, 9.506518548836466 ], [ 12.039855175843343, 9.509546283239533 ], [ 12.039104702641959, 9.509567638108402 ], [ 12.038813603873216, 9.508480952998625 ], [ 12.038494122512743, 9.505508224702821 ], [ 12.037835102300495, 9.505500728037827 ], [ 12.036915144204537, 9.505527255355888 ], [ 12.036328388506666, 9.505250790444919 ], [ 12.03604745146005, 9.503622044590101 ], [ 12.035762279173825, 9.503084146306879 ], [ 12.036040327673669, 9.502814451876453 ], [ 12.036304436358094, 9.502535880112665 ], [ 12.03739156276602, 9.502000341456904 ], [ 12.037122487321659, 9.501715820261193 ], [ 12.035348537448852, 9.501387749148726 ], [ 12.033837778934711, 9.500676840525671 ], [ 12.033821224876213, 9.500129196324812 ], [ 12.034102109260051, 9.499576322467485 ], [ 12.032816380416282, 9.498022451218558 ], [ 12.033260768736968, 9.497147954160328 ], [ 12.033251938975166, 9.496871754247728 ], [ 12.033615574136066, 9.49578731129222 ], [ 12.033174927934587, 9.494543659256081 ], [ 12.033613023059319, 9.493681391337825 ], [ 12.032922259361113, 9.493335953017668 ], [ 12.029958868615322, 9.493421457318577 ], [ 12.029397199232182, 9.491750668253871 ], [ 12.028331593246266, 9.492307690153192 ], [ 12.027533031499139, 9.4919494126425 ], [ 12.027063364573831, 9.490554625438172 ], [ 12.025004322710728, 9.490173904471044 ], [ 12.024481195298783, 9.489125184462871 ], [ 12.021990152165023, 9.488845034460939 ], [ 12.021443507592977, 9.488031505297538 ], [ 12.019803117932341, 9.487728109500793 ], [ 12.020062943199861, 9.486959481847087 ], [ 12.021142163514687, 9.485521662872426 ], [ 12.020869151059307, 9.484784629292363 ], [ 12.020314563447998, 9.484523723728403 ], [ 12.019585268511561, 9.484158470077377 ], [ 12.019229231479555, 9.484533090556452 ], [ 12.018679295582537, 9.484803529103051 ], [ 12.018344385629499, 9.485155737819191 ], [ 12.015421709373335, 9.485748319622019 ], [ 12.015415969053276, 9.48618925346058 ], [ 12.015424758515163, 9.48646281205437 ], [ 12.013510138613563, 9.486745004981366 ], [ 12.013246014125915, 9.487023561673162 ], [ 12.012425498612926, 9.487567312037639 ], [ 12.011951175743425, 9.488561140569573 ], [ 12.010701403710774, 9.487935182758871 ], [ 12.010255546068581, 9.488404253002486 ], [ 12.008351403568737, 9.488790070228843 ], [ 12.008344705183886, 9.48936650955258 ], [ 12.008372104615193, 9.490306797464694 ], [ 12.008052804979142, 9.490617053930347 ], [ 12.008107613880684, 9.49249868771485 ], [ 12.005957819631508, 9.492473777873345 ], [ 12.004756931461399, 9.493297600566413 ], [ 12.002644639350418, 9.492805524588016 ], [ 12.000246108569376, 9.492013142580067 ], [ 11.999209451262937, 9.492474570672865 ], [ 11.998716495122585, 9.494028002876197 ], [ 11.998298087278386, 9.494468778219945 ], [ 11.996322011337666, 9.494805408313468 ], [ 11.994752770314212, 9.495577846949823 ], [ 11.994215674139816, 9.495858734564802 ], [ 11.993111283751769, 9.496136011020694 ], [ 11.992510153276733, 9.497392383942559 ], [ 11.99177561940278, 9.497776582349585 ], [ 11.989858604025031, 9.498165076917582 ], [ 11.989894835578715, 9.499390589268208 ], [ 11.989608487228946, 9.499692085656319 ], [ 11.988519734473339, 9.500053374711769 ], [ 11.988790291226165, 9.50051206766063 ], [ 11.989335336742698, 9.501022397810432 ], [ 11.989358384313846, 9.501834652316131 ], [ 11.988813156236422, 9.502408828780572 ], [ 11.988536111642491, 9.502676899867582 ], [ 11.988283716271818, 9.5043103163888 ], [ 11.987733714017686, 9.504580723152097 ], [ 11.987028920331621, 9.505322460375995 ], [ 11.98370920743686, 9.504677060631124 ], [ 11.983382247755944, 9.505707200970864 ], [ 11.983067706996842, 9.506324919978544 ], [ 11.983839902124558, 9.509910592008319 ], [ 11.98178033166471, 9.510593508581429 ], [ 11.981383010587194, 9.511011335577276 ], [ 11.980968490729902, 9.51141343078773 ], [ 11.980639361052901, 9.512809329535644 ], [ 11.979376576772564, 9.514136455849215 ], [ 11.978856327413339, 9.514151484558292 ], [ 11.977714093070409, 9.51388547653586 ], [ 11.976688526081016, 9.513546484922179 ], [ 11.976100982806811, 9.514164415059795 ], [ 11.974216135343067, 9.514218598881353 ], [ 11.97304283986638, 9.513443660521496 ], [ 11.970862133181827, 9.515293588837574 ], [ 11.970353351926034, 9.515032217184997 ], [ 11.969822716935891, 9.513969150770931 ], [ 11.96884139728108, 9.51332064914042 ], [ 11.967087833746898, 9.513760590056165 ], [ 11.96707140517184, 9.515193000703436 ], [ 11.967098757807904, 9.516138087545759 ], [ 11.966815174503228, 9.516146322669719 ], [ 11.966306328982506, 9.515630353356649 ], [ 11.965710854800317, 9.515332130895823 ], [ 11.964763088200721, 9.515359242470771 ], [ 11.963541970387308, 9.515344742236572 ], [ 11.96326721150422, 9.515634484209945 ], [ 11.962444190618184, 9.51590718137461 ], [ 11.961665336031954, 9.516726795487337 ], [ 11.957262430592243, 9.516498448266036 ], [ 11.955972711102161, 9.516072179265818 ], [ 11.955633318492822, 9.516783258827795 ], [ 11.955096077969637, 9.51730440785558 ], [ 11.954580682809866, 9.518382194880351 ], [ 11.951264146507702, 9.518746914828904 ], [ 11.951282148019013, 9.517241958421552 ], [ 11.949356558253415, 9.517650461395172 ], [ 11.948812701028803, 9.516034864571367 ], [ 11.947427061760587, 9.515490278694958 ], [ 11.947063550626105, 9.516251312255974 ], [ 11.946063506704153, 9.51578021146206 ], [ 11.945499807381195, 9.515206971590024 ], [ 11.943651340165541, 9.517150303705133 ], [ 11.942519461337938, 9.51635213554626 ], [ 11.942248366432464, 9.516076007816038 ], [ 11.941681445894908, 9.516371907228365 ], [ 11.94004416631406, 9.51470833917012 ], [ 11.938137928912292, 9.514763039401483 ], [ 11.937854525662347, 9.513919592616011 ], [ 11.935950421441543, 9.513974260798655 ], [ 11.935493662501216, 9.513059754087072 ], [ 11.934570725518524, 9.512625015142831 ], [ 11.934031789181578, 9.512076948049653 ], [ 11.931885054160142, 9.511064954106253 ], [ 11.931551818782589, 9.510753342936825 ], [ 11.931207583584754, 9.509401198720962 ], [ 11.930450638193671, 9.509673268331976 ], [ 11.929902822219246, 9.509959461262911 ], [ 11.929073095764036, 9.50995001696363 ], [ 11.927766721361889, 9.511321839743177 ], [ 11.926359382091807, 9.511607299159248 ], [ 11.925837255912024, 9.512156340817162 ], [ 11.925560141240211, 9.512424378989778 ], [ 11.925298217004983, 9.512973885568558 ], [ 11.924748122806639, 9.513244212023297 ], [ 11.924437388255923, 9.513571815667976 ], [ 11.92310568783782, 9.512721251948332 ], [ 11.921890636396233, 9.511918401203726 ], [ 11.921463165820906, 9.512187695937749 ], [ 11.920033901419568, 9.51328369800077 ], [ 11.91804493030137, 9.512891706612182 ], [ 11.917648006130774, 9.51248851058811 ], [ 11.916156315857547, 9.513267431684522 ], [ 11.915294466234542, 9.511986803503659 ], [ 11.914095706613107, 9.511972467914926 ], [ 11.913565100452537, 9.51253056628372 ], [ 11.91314276204389, 9.512525623438497 ], [ 11.91191668585774, 9.512560206069841 ], [ 11.911297100966067, 9.51193019249313 ], [ 11.909678810895249, 9.512495242035797 ], [ 11.909176815722272, 9.512024627037267 ], [ 11.908658352507551, 9.511498039589698 ], [ 11.907811386914036, 9.511217676638887 ], [ 11.906983799784483, 9.510958852498579 ], [ 11.906191043018787, 9.510152416462443 ], [ 11.904222928291755, 9.510713471629149 ], [ 11.903072880285105, 9.511922487335818 ], [ 11.901686274843236, 9.511006114745832 ], [ 11.900464045847265, 9.510991926113297 ], [ 11.89989495173128, 9.51128884316655 ], [ 11.898542398589663, 9.511628261346225 ], [ 11.898532751869986, 9.512381571441008 ], [ 11.898541456294627, 9.51265516063515 ], [ 11.898264313451129, 9.512923183564848 ], [ 11.898002539430633, 9.513749518088581 ], [ 11.896650176033992, 9.51373322343597 ], [ 11.896225313310365, 9.514568851836298 ], [ 11.896664187953432, 9.515396250237773 ], [ 11.896647720132499, 9.516732405920184 ], [ 11.898571313558733, 9.517334677212167 ], [ 11.898615167020308, 9.518867238561201 ], [ 11.898052422452112, 9.519412886337406 ], [ 11.898048470793402, 9.519702989743175 ], [ 11.898103860476128, 9.521591691718884 ], [ 11.897232870953028, 9.521880003477811 ], [ 11.896475995235182, 9.522674988959194 ], [ 11.895981557373585, 9.519812265337285 ], [ 11.895314021033657, 9.519186322692089 ], [ 11.895042817789029, 9.518641249971488 ], [ 11.894621444588308, 9.518246164651066 ], [ 11.894217000474134, 9.517835058338688 ], [ 11.893935375503229, 9.517571673653455 ], [ 11.89340077995433, 9.51702825459912 ], [ 11.892849563523376, 9.517043943139821 ], [ 11.892296949300555, 9.516766923492574 ], [ 11.891469348116967, 9.516508063059511 ], [ 11.891200432842698, 9.516233982161502 ], [ 11.88979659706709, 9.514917528779849 ], [ 11.88844238905568, 9.513540841373239 ], [ 11.88738367729645, 9.513571307564687 ], [ 11.886659196485349, 9.512891818363917 ], [ 11.886239709769882, 9.512465472127024 ], [ 11.88493243048481, 9.511849554390603 ], [ 11.88449712167467, 9.510553644241687 ], [ 11.883177661452505, 9.510900672592964 ], [ 11.881346418897177, 9.510878742706183 ], [ 11.880784069297656, 9.511983868887519 ], [ 11.88040571012001, 9.512774640321085 ], [ 11.878344778689188, 9.512833464532568 ], [ 11.877863984963168, 9.512344091206295 ], [ 11.876691102384008, 9.511475594863981 ], [ 11.876136504584139, 9.511214440327439 ], [ 11.875597637128021, 9.510666254372856 ], [ 11.875035487775925, 9.510139432744369 ], [ 11.87465258084754, 9.509749819012189 ], [ 11.873397119930383, 9.509334569815497 ], [ 11.869578235047623, 9.509080672908341 ], [ 11.86956210281051, 9.508553054970498 ], [ 11.869839272400545, 9.508285049234058 ], [ 11.869830569706457, 9.508008805679717 ], [ 11.870103217388792, 9.507198794887973 ], [ 11.870362980199715, 9.506378302257669 ], [ 11.870650723157613, 9.506099622627385 ], [ 11.870619468702749, 9.505037498026059 ], [ 11.870896454168374, 9.504747790610027 ], [ 11.871379588482737, 9.504753346621552 ], [ 11.871703036550217, 9.50338605488926 ], [ 11.872523906036598, 9.502842557326565 ], [ 11.872955128723618, 9.501483908075587 ], [ 11.873333762679152, 9.501746520421044 ], [ 11.87412643944524, 9.50255306012591 ], [ 11.874976223485014, 9.502280340574826 ], [ 11.87541492847925, 9.501818853901113 ], [ 11.87688030151463, 9.501451604716355 ], [ 11.877455779863608, 9.501150966748842 ], [ 11.879330654383127, 9.500529960014196 ], [ 11.880425970056814, 9.499779864362001 ], [ 11.881485009832266, 9.499792834112958 ], [ 11.881503748102494, 9.49820891452622 ], [ 11.881203009850328, 9.497314703606355 ], [ 11.880095942826889, 9.496275747980533 ], [ 11.880112316766507, 9.494917871240599 ], [ 11.878630356545916, 9.494572247874427 ], [ 11.878184013934911, 9.494118048410778 ], [ 11.877902422268338, 9.493854641071023 ], [ 11.877368756675359, 9.492265205339111 ], [ 11.8770599781037, 9.491682830554268 ], [ 11.877067248631903, 9.491148671288247 ], [ 11.877058566830692, 9.490875076040535 ], [ 11.877335718665895, 9.490607070037495 ], [ 11.877863908486122, 9.489242332222108 ], [ 11.8781576758296, 9.488665586725341 ], [ 11.878703181631604, 9.486948699644854 ], [ 11.879813511962839, 9.486212785726897 ], [ 11.880816676334355, 9.485158563935137 ], [ 11.881108787850065, 9.485150335543853 ], [ 11.881651615224763, 9.48515698181733 ], [ 11.881378160949243, 9.484335061014782 ], [ 11.881094422980016, 9.48406902526783 ], [ 11.881638118938355, 9.483541567324018 ], [ 11.881642093269363, 9.483251459599863 ], [ 11.881583664695883, 9.481235179635284 ], [ 11.882149910960504, 9.479450369541965 ], [ 11.88268619785997, 9.478930383966294 ], [ 11.882973700842824, 9.477477644878777 ], [ 11.882898593097238, 9.47486812136709 ], [ 11.883483526948659, 9.474300625340918 ], [ 11.883461013116348, 9.473520044416233 ], [ 11.884001781817828, 9.472388643566461 ], [ 11.884538905733205, 9.471331909471688 ], [ 11.88425398059014, 9.469134347665454 ], [ 11.883741210286015, 9.469148624634231 ], [ 11.88285994972841, 9.468322175121429 ], [ 11.882886010175948, 9.466205686198055 ], [ 11.882580515800713, 9.465630165777897 ], [ 11.882590001955654, 9.464849850068639 ], [ 11.882291787877328, 9.464252037349089 ], [ 11.881184854826005, 9.463213052957485 ], [ 11.881195282992064, 9.462289279064091 ], [ 11.879462324073508, 9.461746650053309 ], [ 11.879819018994581, 9.461045529402259 ], [ 11.880347187733271, 9.459680802164412 ], [ 11.880622061208829, 9.459141800586481 ], [ 11.880879537547225, 9.458050315604197 ], [ 11.881702557208941, 9.457777832013722 ], [ 11.881663552812803, 9.456423586414624 ], [ 11.882488645860922, 9.456400400921673 ], [ 11.883056132581881, 9.456684755439456 ], [ 11.883322491767563, 9.456404136866771 ], [ 11.884375898370955, 9.455885733413655 ], [ 11.884910040013782, 9.455367889732592 ], [ 11.885551416756279, 9.454411935838124 ], [ 11.885214635259887, 9.453407384425665 ], [ 11.884933082534296, 9.453143973945741 ], [ 11.884940385343585, 9.452612992559416 ], [ 11.884659718090479, 9.452327871169725 ], [ 11.883828012687873, 9.452067920465995 ], [ 11.884368500417182, 9.451544204493596 ], [ 11.884376511901138, 9.450842243180478 ], [ 11.884357007010777, 9.450164857082127 ], [ 11.885177844316928, 9.449761114404133 ], [ 11.884751766548142, 9.448275601430998 ], [ 11.88300296773275, 9.448254495261869 ], [ 11.88246285198777, 9.448822668627399 ], [ 11.881896763209193, 9.448320212241248 ], [ 11.882525877591814, 9.446659293442398 ], [ 11.88434162178177, 9.446910113850279 ], [ 11.886366630290663, 9.447706534678018 ], [ 11.886853520010757, 9.44740557795418 ], [ 11.887608191910731, 9.446612258512245 ], [ 11.890257704984876, 9.446222584719282 ], [ 11.890601424670763, 9.445503572078859 ], [ 11.891431800906936, 9.445095507297612 ], [ 11.89140364507902, 9.444149297079449 ], [ 11.893031776329833, 9.441981524537278 ], [ 11.893287754384087, 9.440332144026016 ], [ 11.89357543408412, 9.440053466470204 ], [ 11.893551632565964, 9.439245905662526 ], [ 11.894365541351487, 9.437889417353441 ], [ 11.894647279706483, 9.435750197276507 ], [ 11.896778047919293, 9.434154725375125 ], [ 11.896788810563105, 9.43327330569854 ], [ 11.896508156934013, 9.432988191745588 ], [ 11.895686098301285, 9.432600610456756 ], [ 11.89593434455807, 9.430281167769866 ], [ 11.897293194787334, 9.430730496073107 ], [ 11.89730202420146, 9.430000480214149 ], [ 11.896746499634824, 9.429738802422387 ], [ 11.89727026351148, 9.427090497729653 ], [ 11.897278962661938, 9.426344603121569 ], [ 11.897236848511181, 9.424875535960076 ], [ 11.897800222490929, 9.424035090263915 ], [ 11.896688520551882, 9.423686412975808 ], [ 11.896698401639686, 9.422826172869833 ], [ 11.896678957266824, 9.422156732573196 ], [ 11.896959030986176, 9.421607103787094 ], [ 11.897220981707649, 9.421057623203172 ], [ 11.898594923768904, 9.420382012897999 ], [ 11.898570993423833, 9.419558576127425 ], [ 11.898577131216792, 9.419016494321898 ], [ 11.898551389454198, 9.418103616417971 ], [ 11.898842681857897, 9.417493552127585 ], [ 11.900995401455367, 9.417519238377194 ], [ 11.901015920677565, 9.415890861157724 ], [ 11.900457067829073, 9.415610683200615 ], [ 11.899151929351875, 9.41520219632365 ], [ 11.898804227445853, 9.414545514720077 ], [ 11.898533151790637, 9.414000418984665 ], [ 11.89797420753346, 9.413197261551874 ], [ 11.897982394951372, 9.412517007669413 ], [ 11.897959626674748, 9.411704147232625 ], [ 11.897967829125106, 9.411025481339259 ], [ 11.896596434120267, 9.410595820598681 ], [ 11.896581553476004, 9.410089375618618 ], [ 11.89660156139009, 9.408395889293873 ], [ 11.896297969306813, 9.407785419808629 ], [ 11.896016458450967, 9.407522009051307 ], [ 11.895470237474177, 9.40670815048726 ], [ 11.893407911720399, 9.406392126339462 ], [ 11.892927053063923, 9.404591583560935 ], [ 11.893730793140415, 9.40419593445373 ], [ 11.892984031900612, 9.403494872938898 ], [ 11.892702911014615, 9.402123565216344 ], [ 11.891239842429167, 9.401433662610572 ], [ 11.891586906712551, 9.399964572171248 ], [ 11.892123958529725, 9.398907863149496 ], [ 11.891848189457779, 9.397794292211374 ], [ 11.891566691296534, 9.397530874324566 ], [ 11.891293396358163, 9.396714766025822 ], [ 11.890996857244641, 9.39643717789043 ], [ 11.890463463903655, 9.395366472425067 ], [ 11.890179719945202, 9.394832053062407 ], [ 11.889904183428705, 9.393744942449642 ], [ 11.889280556338457, 9.392847533744115 ], [ 11.889877553813491, 9.391305998911069 ], [ 11.890152388183953, 9.39076700867885 ], [ 11.890412094778595, 9.389946536620988 ], [ 11.891332149875502, 9.389053967229742 ], [ 11.890933597639316, 9.388300813138834 ], [ 11.8909564623759, 9.386430497914528 ], [ 11.890113139530021, 9.386419926653797 ], [ 11.889049484995441, 9.386450325544645 ], [ 11.888166396609483, 9.38588639219493 ], [ 11.887642821356641, 9.385353396439827 ], [ 11.887107002573329, 9.385916219684681 ], [ 11.886835002517392, 9.385639482603432 ], [ 11.886273103120823, 9.385112620364213 ], [ 11.885729102552739, 9.384558614414344 ], [ 11.884937227207324, 9.384581486812912 ], [ 11.884361452241404, 9.384309872752223 ], [ 11.883957221653976, 9.38389870152135 ], [ 11.883536067942751, 9.383503547496833 ], [ 11.882709306166971, 9.38227217396795 ], [ 11.881326229269598, 9.382993815360905 ], [ 11.88134365242216, 9.381618987703298 ], [ 11.880501889734374, 9.379731350922794 ], [ 11.881043951000319, 9.378374482422482 ], [ 11.881303680743608, 9.377554012899811 ], [ 11.881840754665856, 9.376497319375723 ], [ 11.881569530928642, 9.375925727561848 ], [ 11.881104346954027, 9.375489637344488 ], [ 11.880735229911227, 9.374035379512298 ], [ 11.880159476074724, 9.37376375224861 ], [ 11.880175967231269, 9.372403223201308 ], [ 11.879619475094705, 9.371881589918949 ], [ 11.879349647493848, 9.371607470352009 ], [ 11.878548198716578, 9.371629869314321 ], [ 11.877986328155984, 9.371101923370421 ], [ 11.877596124442473, 9.370320087652637 ], [ 11.876395912499428, 9.369944482961992 ], [ 11.876053850777209, 9.368924049625415 ], [ 11.875762472295129, 9.368103295250465 ], [ 11.875772959758212, 9.367305496470053 ], [ 11.875217552037899, 9.366784372425496 ], [ 11.875193623000399, 9.365949269178317 ], [ 11.876560358608639, 9.365966227314134 ], [ 11.876896403308598, 9.364961989787204 ], [ 11.876464358216049, 9.364146082625039 ], [ 11.876956849657706, 9.363629155072246 ], [ 11.877508877846459, 9.363093215810121 ], [ 11.877906245424647, 9.362675516809501 ], [ 11.878320797281532, 9.36227355805854 ], [ 11.878851328376594, 9.361716620374695 ], [ 11.879403350623864, 9.36118067988663 ], [ 11.87980071380535, 9.36076298005286 ], [ 11.880621294383035, 9.360219564049048 ], [ 11.880885491156075, 9.359941102269881 ], [ 11.881846769116464, 9.359009066945394 ], [ 11.881426455598129, 9.358581603420999 ], [ 11.881145003507836, 9.358318164836597 ], [ 11.881158411235491, 9.357228680673234 ], [ 11.879498659519006, 9.356444984478518 ], [ 11.879793142273014, 9.355184357623791 ], [ 11.880794282571324, 9.354692411545324 ], [ 11.881107006833361, 9.353705833860774 ], [ 11.881639689797069, 9.352117731324524 ], [ 11.881370641957625, 9.351806549743008 ], [ 11.880723951644732, 9.351199889530584 ], [ 11.881080228194991, 9.350453806650242 ], [ 11.881467291225494, 9.349692653502288 ], [ 11.880273071367167, 9.349129078654988 ], [ 11.879448939236084, 9.347942640265877 ], [ 11.879383186344761, 9.345650613025876 ], [ 11.879741080455902, 9.344582682741271 ], [ 11.879142364187992, 9.343974565853154 ], [ 11.878567737817322, 9.343703441052391 ], [ 11.878839148879791, 9.342617685604084 ], [ 11.879094428385985, 9.341255216881933 ], [ 11.879635860169802, 9.340730488269436 ], [ 11.879654874627315, 9.339153437163198 ], [ 11.879351405078125, 9.338542923987568 ], [ 11.878799272093259, 9.338024413572075 ], [ 11.878511800217911, 9.336895547935297 ], [ 11.877687910486982, 9.33612250684218 ], [ 11.877288017075326, 9.334931557349682 ], [ 11.876592576276639, 9.334223638663032 ], [ 11.875331008450219, 9.333628284591054 ], [ 11.874655435482977, 9.332352746938023 ], [ 11.874380052281779, 9.331265591551187 ], [ 11.873830092610365, 9.330749697119554 ], [ 11.873767616670079, 9.328588375570702 ], [ 11.874374702491799, 9.32827168722317 ], [ 11.8768381981341, 9.327654140171758 ], [ 11.876784856837174, 9.325828351882878 ], [ 11.876789007845204, 9.325554649659713 ], [ 11.876225864897421, 9.324209388966461 ], [ 11.875877220009874, 9.322505086875982 ], [ 11.875121042172109, 9.321795001692438 ], [ 11.875373997035375, 9.320145651317883 ], [ 11.876735747673111, 9.319055853110179 ], [ 11.87697328846893, 9.315525356715881 ], [ 11.877511520471142, 9.315003314345548 ], [ 11.8766957521352, 9.314172490130893 ], [ 11.876145820318936, 9.313656062442218 ], [ 11.876407649316743, 9.31309072986482 ], [ 11.876684701523443, 9.312822764204292 ], [ 11.876927664384567, 9.309822622966664 ], [ 11.877741878732838, 9.30903315390603 ], [ 11.878000266491476, 9.307657431798379 ], [ 11.8788250484657, 9.306857820319491 ], [ 11.878526096596641, 9.306012234260949 ], [ 11.879350874281702, 9.30521262302784 ], [ 11.879615044201339, 9.304934173645918 ], [ 11.880437740296877, 9.30466179906748 ], [ 11.880695250122429, 9.303570339981173 ], [ 11.880972292743186, 9.303302374114136 ], [ 11.881369608912777, 9.302884691696876 ], [ 11.881784105715989, 9.302482750248064 ], [ 11.882043831544095, 9.301662294627029 ], [ 11.882505347971756, 9.300755514954298 ], [ 11.881764258125882, 9.300059603333255 ], [ 11.882026073371899, 9.299494272041658 ], [ 11.883380891023894, 9.298479698754242 ], [ 11.883388623701121, 9.297862429552055 ], [ 11.882962231272021, 9.297461991267685 ], [ 11.882413847897405, 9.295829712515426 ], [ 11.881498781353223, 9.294970578078486 ], [ 11.880621786979907, 9.29381417380611 ], [ 11.879833275992423, 9.293442061352959 ], [ 11.879517221212256, 9.292196960109353 ], [ 11.878969484763928, 9.291161757276619 ], [ 11.878936903141712, 9.290044056048139 ], [ 11.879483565313771, 9.289514013561465 ], [ 11.879503259716513, 9.287881374036523 ], [ 11.879200398994172, 9.287597444063575 ], [ 11.878929508364006, 9.287052291024866 ], [ 11.878645917639677, 9.286517827806975 ], [ 11.878650076102481, 9.286244125615358 ], [ 11.878641447029931, 9.285970526494253 ], [ 11.878975429033162, 9.284976382112578 ], [ 11.8780922050546, 9.283704615856138 ], [ 11.878056318667111, 9.282441901540247 ], [ 11.878889133355573, 9.280803767541055 ], [ 11.87882808036977, 9.278677373956231 ], [ 11.87926899050955, 9.278249292166549 ], [ 11.879666290108204, 9.277831619094316 ], [ 11.880855324612861, 9.2775335483001 ], [ 11.881587082815898, 9.276442507568357 ], [ 11.881552785853707, 9.275244361910673 ], [ 11.881557969516102, 9.274835141419288 ], [ 11.880984542090813, 9.274564506753139 ], [ 11.880200066283274, 9.273766761052372 ], [ 11.87932715615093, 9.273493240906767 ], [ 11.878320235840429, 9.272468605329104 ], [ 11.877398761587079, 9.271858809810706 ], [ 11.876339647597847, 9.271359161864849 ], [ 11.876070988938654, 9.27108500579765 ], [ 11.875789629873198, 9.270821539454642 ], [ 11.875518764604831, 9.270276377874339 ], [ 11.874414592866746, 9.269477477437635 ], [ 11.87405273272582, 9.268750422361675 ], [ 11.872781810351178, 9.268150827228068 ], [ 11.872498113506209, 9.267861436871531 ], [ 11.871398362073556, 9.267604534380789 ], [ 11.871124334773354, 9.267324593154132 ], [ 11.868881568862516, 9.267388105238869 ], [ 11.86616282645044, 9.266318382566272 ], [ 11.864570522657493, 9.266298840841424 ], [ 11.863505073513547, 9.266329071308107 ], [ 11.863201171064144, 9.266044067750713 ], [ 11.862885921133417, 9.265410844335186 ], [ 11.861550045253761, 9.264420531649854 ], [ 11.860449437334374, 9.26445156096953 ], [ 11.860462944364643, 9.263355703694719 ], [ 11.858270980907768, 9.263638944405173 ], [ 11.857548297209851, 9.264016317858212 ], [ 11.857186176483383, 9.263647604506032 ], [ 11.856632035100255, 9.263386294133053 ], [ 11.856079896526495, 9.263109085394499 ], [ 11.854999529959271, 9.263139405937793 ], [ 11.854990835319626, 9.262854685205626 ], [ 11.855002690387801, 9.26194781369043 ], [ 11.853509074512225, 9.261479599793153 ], [ 11.852824429473594, 9.259440700684827 ], [ 11.852340223300505, 9.258468433170519 ], [ 11.851411449592289, 9.258002058587506 ], [ 11.85030781246598, 9.257656176679529 ], [ 11.850329841926722, 9.255894316621303 ], [ 11.850019268824152, 9.255308147808471 ], [ 11.849566492297932, 9.254399145237 ], [ 11.84864437824001, 9.253963937760744 ], [ 11.848106027214655, 9.252881983573948 ], [ 11.847259881996651, 9.252616619128798 ], [ 11.846721537889785, 9.251534660895331 ], [ 11.845183019051191, 9.251174740583702 ], [ 11.844796732850403, 9.249652734893013 ], [ 11.844370446203468, 9.249252219656102 ], [ 11.8449224127931, 9.24871636790113 ], [ 11.843238759535225, 9.247002965412042 ], [ 11.842400108912502, 9.246607302836907 ], [ 11.841776234525751, 9.245354496887471 ], [ 11.841227554202165, 9.244839544702621 ], [ 11.840424385390344, 9.241825395127387 ], [ 11.840286592305194, 9.237000335824399 ], [ 11.840594094539973, 9.236676582945238 ], [ 11.84140617795512, 9.23588882621976 ], [ 11.840659303916702, 9.235107053196971 ], [ 11.839764765378993, 9.234514896073708 ], [ 11.839210680923744, 9.234253540740754 ], [ 11.838669298455688, 9.233981495605189 ], [ 11.838115215249399, 9.233720138078539 ], [ 11.837728567672018, 9.23294291930088 ], [ 11.834287605428182, 9.232666240092588 ], [ 11.833799842403383, 9.232169314336677 ], [ 11.832921386781708, 9.231587595048664 ], [ 11.83182745195432, 9.231244196833002 ], [ 11.832091130108756, 9.230502600386316 ], [ 11.834316246612046, 9.231050407694198 ], [ 11.835096100012008, 9.231028371670012 ], [ 11.835392368081099, 9.231031856718635 ], [ 11.836593874287914, 9.229769907116927 ], [ 11.838080461650371, 9.229378615259641 ], [ 11.839175837899056, 9.229104223209946 ], [ 11.839691513388658, 9.228562319785794 ], [ 11.840260435344085, 9.228282557364023 ], [ 11.840524605875835, 9.228004143910677 ], [ 11.841619974029953, 9.227729746226775 ], [ 11.841957002743785, 9.22630416986369 ], [ 11.842674501013555, 9.225550514182865 ], [ 11.84405539721557, 9.225271206245601 ], [ 11.844319562387739, 9.224992791531117 ], [ 11.84541491546681, 9.224718385910167 ], [ 11.84567690548103, 9.224168958003167 ], [ 11.847154603231596, 9.223870346454117 ], [ 11.846743951934961, 9.220366094241179 ], [ 11.846462659631683, 9.220102585393029 ], [ 11.84606194772185, 9.219297960813281 ], [ 11.842362442814482, 9.21905089482595 ], [ 11.841953122145148, 9.21863381959963 ], [ 11.840898551183342, 9.219742156382253 ], [ 11.839362177213971, 9.218299613468311 ], [ 11.839350076480454, 9.217852401601974 ], [ 11.839368326987683, 9.216403404429277 ], [ 11.838661436817604, 9.215684291741608 ], [ 11.837993639478048, 9.215056446434048 ], [ 11.837547889265561, 9.214212987846926 ], [ 11.837123225002934, 9.212540385500956 ], [ 11.836028149754483, 9.211512001554333 ], [ 11.836041957245826, 9.210438351585024 ], [ 11.835744571618234, 9.210159074774033 ], [ 11.8354759961301, 9.209884863915299 ], [ 11.834926314431883, 9.209368303085782 ], [ 11.835302395867979, 9.208158929506531 ], [ 11.835725069175817, 9.207714644057569 ], [ 11.836545463856726, 9.20717141220938 ], [ 11.836536866604542, 9.206895153689356 ], [ 11.836979903679186, 9.206466059389752 ], [ 11.83740320766006, 9.204766127937955 ], [ 11.836710746938659, 9.204115175959862 ], [ 11.837851436179283, 9.200714588043661 ], [ 11.837580242930002, 9.200111136322564 ], [ 11.837285995313875, 9.199556037941594 ], [ 11.837298943265855, 9.19850727524125 ], [ 11.836937579127143, 9.197151253379916 ], [ 11.83883465402314, 9.196675776797049 ], [ 11.838352161406778, 9.195763255496441 ], [ 11.838368070884904, 9.194551427442784 ], [ 11.838332878859534, 9.193344766310156 ], [ 11.838870956606939, 9.191741337051351 ], [ 11.838593461896306, 9.190346013356015 ], [ 11.837925017689592, 9.190030481108987 ], [ 11.838299205098124, 9.188451105537366 ], [ 11.83877922527928, 9.187985728507488 ], [ 11.83911803189701, 9.184640691233346 ], [ 11.839628379131682, 9.184104140981917 ], [ 11.840169718108488, 9.183579523155434 ], [ 11.840174850189927, 9.183153878344598 ], [ 11.840140916100646, 9.181970499940636 ], [ 11.840697751752657, 9.181385412693837 ], [ 11.841792040719044, 9.180323909710305 ], [ 11.841760955847178, 9.17923103031692 ], [ 11.842042011269314, 9.178935553937826 ], [ 11.842584397107391, 9.178409868661515 ], [ 11.842849423898986, 9.177574044426157 ], [ 11.843124274451558, 9.177035113431748 ], [ 11.843471918751872, 9.174801665585964 ], [ 11.844455591373698, 9.173766970651368 ], [ 11.845169830624496, 9.173416207562411 ], [ 11.845544315001126, 9.172679571411981 ], [ 11.845804129989123, 9.171859140303741 ], [ 11.846777489928474, 9.171537038462253 ], [ 11.847152655753007, 9.169951309119867 ], [ 11.847972955566059, 9.169408081855551 ], [ 11.84827953489429, 9.168440652060557 ], [ 11.85082136114278, 9.168009310615444 ], [ 11.850133379222621, 9.166708816708198 ], [ 11.850111298989303, 9.165944603537723 ], [ 11.850468011490706, 9.164050938223486 ], [ 11.851731940394265, 9.163429572215099 ], [ 11.851742474268164, 9.162613754629854 ], [ 11.851451391623183, 9.162318023415803 ], [ 11.849815115879942, 9.161804737246078 ], [ 11.849825798788029, 9.161006915377239 ], [ 11.849531586155448, 9.16045182193696 ], [ 11.849199761397939, 9.158519641728205 ], [ 11.848148535769987, 9.158023440097667 ], [ 11.847869209930279, 9.156394163202865 ], [ 11.847044833469555, 9.155619847869682 ], [ 11.84701369995329, 9.154519561439667 ], [ 11.847549699716422, 9.153999223819818 ], [ 11.848107728237139, 9.152900657813808 ], [ 11.847828203074805, 9.151244912962772 ], [ 11.847542666019184, 9.150439361193918 ], [ 11.847546858231578, 9.150163003864309 ], [ 11.846760130385192, 9.149030012778072 ], [ 11.84753717106253, 9.148276455496903 ], [ 11.848066481093635, 9.147719647620221 ], [ 11.8486161831065, 9.147449590643902 ], [ 11.848873832553647, 9.146358151019955 ], [ 11.849279775547817, 9.145560926933467 ], [ 11.848867281725601, 9.144732022470455 ], [ 11.848586065319489, 9.144468496677273 ], [ 11.847903606586392, 9.143450614410193 ], [ 11.847167891288182, 9.14310331216417 ], [ 11.847471472153572, 9.141490626242378 ], [ 11.84783882763803, 9.14039567971078 ], [ 11.846938590689831, 9.137844897918706 ], [ 11.847978072790825, 9.135800305615108 ], [ 11.848629722072628, 9.133749228925211 ], [ 11.849320044111836, 9.133079468582279 ], [ 11.849577694435753, 9.131988031512824 ], [ 11.849848210664447, 9.130907081905352 ], [ 11.850103705573126, 9.129544632319687 ], [ 11.850628086390264, 9.126896387352385 ], [ 11.85087871939459, 9.124117951952128 ], [ 11.852328920068723, 9.122956810059932 ], [ 11.853529040775458, 9.121695463823617 ], [ 11.854406459992273, 9.12111422355304 ], [ 11.854935730020639, 9.120557420429572 ], [ 11.855488600035914, 9.12002160615223 ], [ 11.855752700965231, 9.119743208060186 ], [ 11.857113954568485, 9.118653689177945 ], [ 11.85737805318993, 9.118375290579991 ], [ 11.857655017480342, 9.118107378934962 ], [ 11.857919115288501, 9.117828980188051 ], [ 11.860391214227015, 9.11644751533585 ], [ 11.860903563000162, 9.115908309974452 ], [ 11.864998111796565, 9.115610334531947 ], [ 11.865534885179107, 9.115329783742256 ], [ 11.866084523631363, 9.115059719097012 ], [ 11.866621294973665, 9.114779167208116 ], [ 11.867988980455367, 9.114502650154124 ], [ 11.868250902005169, 9.113953238207344 ], [ 11.869050953628603, 9.112760659563129 ], [ 11.869093980223102, 9.109344442536143 ], [ 11.867125568152288, 9.109625692389537 ], [ 11.866804050556476, 9.110983357834671 ], [ 11.863273788023255, 9.110569685984428 ], [ 11.861946847317368, 9.109942789719165 ], [ 11.861678356822635, 9.10966858020328 ], [ 11.860851808179705, 9.109409347157316 ], [ 11.860482653077174, 9.108666393929047 ], [ 11.858389056813005, 9.10834459129136 ], [ 11.858045952954919, 9.106992144644302 ], [ 11.855653593432566, 9.10727666032837 ], [ 11.854651113124492, 9.107800117066013 ], [ 11.850814606942032, 9.107050453476358 ], [ 11.849668307329214, 9.107036139196167 ], [ 11.849388359334581, 9.107331065681752 ], [ 11.847569359870459, 9.10778678782577 ], [ 11.847213341911162, 9.108161182180307 ], [ 11.846663689347238, 9.10843121946621 ], [ 11.846399584926166, 9.108709610707471 ], [ 11.846122614651113, 9.108977514239092 ], [ 11.84585850941758, 9.109255905330787 ], [ 11.845308853777851, 9.109525941376338 ], [ 11.844847190295997, 9.110011796717332 ], [ 11.843419901511297, 9.111106023621479 ], [ 11.842051638601701, 9.111448623974939 ], [ 11.841789671695798, 9.111998028820647 ], [ 11.840694632158208, 9.112272320817096 ], [ 11.839106460822379, 9.11282678650981 ], [ 11.838170009447101, 9.11254559381516 ], [ 11.836868409426964, 9.11040495287121 ], [ 11.835506511498798, 9.109125515758148 ], [ 11.835447318396321, 9.107023350229284 ], [ 11.83573491992375, 9.105806222867031 ], [ 11.837102633182649, 9.105529825186904 ], [ 11.837423625864991, 9.103820131961147 ], [ 11.837907795406766, 9.103350520034349 ], [ 11.835713588786488, 9.103101349036253 ], [ 11.835442982411353, 9.102556095489028 ], [ 11.835161815343875, 9.102292545663802 ], [ 11.834616393706231, 9.101478397049283 ], [ 11.834108781698978, 9.101001157522555 ], [ 11.833378265522761, 9.099948115737122 ], [ 11.833862832274793, 9.097499747129259 ], [ 11.833070842783812, 9.096755269382609 ], [ 11.832391277057377, 9.094729914065622 ], [ 11.832100453881782, 9.094456376269598 ], [ 11.831829847434824, 9.094180033901615 ], [ 11.831288815334547, 9.09446268332362 ], [ 11.828012389599753, 9.094753866331285 ], [ 11.827748273326097, 9.095032245546081 ], [ 11.827195375834606, 9.095568019139549 ], [ 11.826666075173613, 9.096124784399827 ], [ 11.824690599962238, 9.096460372362479 ], [ 11.823963725441718, 9.09722459037248 ], [ 11.819303700813329, 9.096994941220027 ], [ 11.819028877537441, 9.095907624701777 ], [ 11.817342305189806, 9.095594048936404 ], [ 11.816834719434983, 9.095116775669888 ], [ 11.816566267685452, 9.094842518751681 ], [ 11.814376355288998, 9.094593695085956 ], [ 11.813849125156171, 9.094055689817255 ], [ 11.811920069026876, 9.094336324250047 ], [ 11.811655936910793, 9.094614695474055 ], [ 11.808924803985812, 9.09490150335707 ], [ 11.807338731879472, 9.095454747953289 ], [ 11.806231134551844, 9.095486042753381 ], [ 11.805927450829586, 9.095200930740976 ], [ 11.805420636078164, 9.094684456582641 ], [ 11.804327692956042, 9.094135436429367 ], [ 11.801865703589826, 9.094104612477491 ], [ 11.801564576895405, 9.094421377748731 ], [ 11.800744311514626, 9.094964471254389 ], [ 11.800484385231407, 9.095784887427925 ], [ 11.799496254675372, 9.09611169562438 ], [ 11.799129391927687, 9.096879466098981 ], [ 11.796943577014845, 9.097162001439116 ], [ 11.796598360969906, 9.098248820458528 ], [ 11.795586500550467, 9.097990839439774 ], [ 11.795179917475476, 9.09488014612675 ], [ 11.794464225103392, 9.093115387588528 ], [ 11.793906197859796, 9.092311831559373 ], [ 11.793514584193549, 9.090027908186435 ], [ 11.792798857201864, 9.089354724836452 ], [ 11.79327564203154, 9.082290189135064 ], [ 11.793824355970164, 9.08175766575747 ], [ 11.793549506529223, 9.080654422059119 ], [ 11.793268382302307, 9.080390825111836 ], [ 11.792956011414308, 9.078568438130279 ], [ 11.791888220528298, 9.078233038248413 ], [ 11.791612334587708, 9.077407195114862 ], [ 11.790514367644054, 9.076888324238263 ], [ 11.790243851412024, 9.076343009697458 ], [ 11.789670814625312, 9.07607210986891 ], [ 11.789146874565985, 9.075538258982682 ], [ 11.788855024343674, 9.075264150491103 ], [ 11.788867593901751, 9.074271990380584 ], [ 11.787487739767883, 9.073387867023802 ], [ 11.787213045123757, 9.072300490814708 ], [ 11.785568581803266, 9.07204728468205 ], [ 11.785027499248786, 9.071775071003664 ], [ 11.78364290505435, 9.071517226497093 ], [ 11.783112536432016, 9.070976529404108 ], [ 11.782013417055945, 9.070719149750577 ], [ 11.781472337883685, 9.070446929376399 ], [ 11.779830242585952, 9.069670641354261 ], [ 11.779818424030887, 9.069242456563687 ], [ 11.779840457283031, 9.067538720953008 ], [ 11.778497397048952, 9.06617040885275 ], [ 11.777553266281799, 9.065565611594018 ], [ 11.776533364824257, 9.064526229543054 ], [ 11.775691984089729, 9.064262101062361 ], [ 11.775330039769184, 9.063180659839681 ], [ 11.774049697906129, 9.063456129173787 ], [ 11.772599735421403, 9.063837172020154 ], [ 11.771864062468611, 9.063467412046963 ], [ 11.770917330289533, 9.063493646564176 ], [ 11.769690136305238, 9.063478063694959 ], [ 11.76936510186855, 9.064846885248931 ], [ 11.769150042189494, 9.06458276025149 ], [ 11.768773755429981, 9.062044528684412 ], [ 11.768309190708299, 9.06160759157112 ], [ 11.768040797790475, 9.061333279837946 ], [ 11.76730316434428, 9.060984698762896 ], [ 11.766872664800456, 9.05887514945938 ], [ 11.765864627467666, 9.057848867468717 ], [ 11.764602296436255, 9.057832997997673 ], [ 11.764043205624066, 9.057848339186972 ], [ 11.762844595272579, 9.055438589171423 ], [ 11.762262029491071, 9.054890298562475 ], [ 11.761982069520663, 9.053518631127673 ], [ 11.761698918566312, 9.052983961507866 ], [ 11.761426399107121, 9.052167571733465 ], [ 11.760873057129483, 9.051120895093904 ], [ 11.760306672673183, 9.048643357811377 ], [ 11.759207754008676, 9.048123831853385 ], [ 11.75893731282094, 9.047578472730898 ], [ 11.758108857483034, 9.047047904710265 ], [ 11.75758178179359, 9.046510300188032 ], [ 11.755713360687311, 9.046486244760624 ], [ 11.754904764481042, 9.046908474455698 ], [ 11.7525349, 9.049715 ], [ 11.7490072, 9.0504389 ], [ 11.7420864, 9.0518579 ], [ 11.7362066, 9.0530656 ], [ 11.735177, 9.053277 ], [ 11.7296362, 9.0616779 ], [ 11.7226372, 9.0648232 ], [ 11.7156363, 9.0679684 ], [ 11.7103472, 9.0711908 ], [ 11.7067566, 9.0744905 ], [ 11.7048063, 9.0795918 ], [ 11.7028465, 9.0846949 ], [ 11.7008867, 9.089797 ], [ 11.6989269, 9.0948992 ], [ 11.696887, 9.1017275 ], [ 11.6949358, 9.1068296 ], [ 11.6963072, 9.1138124 ], [ 11.6960659, 9.1189919 ], [ 11.6957369, 9.1258974 ], [ 11.6953974, 9.132803 ], [ 11.696867, 9.1380587 ], [ 11.6984663, 9.1438398 ], [ 11.6997862, 9.148571 ], [ 11.7011566, 9.1555529 ], [ 11.7026157, 9.1608095 ], [ 11.6986458, 9.173696 ], [ 11.6963857, 9.1803791 ], [ 11.6895667, 9.1901917 ], [ 11.6836446, 9.1928175 ], [ 11.6820392, 9.1992131 ], [ 11.67774, 9.2105555 ], [ 11.6795166, 9.2174906 ], [ 11.6789658, 9.2239342 ], [ 11.6874056, 9.2295475 ], [ 11.6816502, 9.2364264 ], [ 11.6770573, 9.2444458 ], [ 11.6754788, 9.2465427 ], [ 11.6754666, 9.246559 ], [ 11.6701555, 9.2536144 ], [ 11.6655788, 9.2650671 ], [ 11.6633015, 9.2730808 ], [ 11.6608076, 9.2782097 ], [ 11.6563835, 9.2855024 ], [ 11.6536169, 9.2900925 ], [ 11.6507359, 9.2948885 ], [ 11.6488476, 9.2980328 ], [ 11.647747, 9.3053999 ], [ 11.6396093, 9.3067113 ], [ 11.6249223, 9.309078 ], [ 11.6115759, 9.3035667 ], [ 11.5990391, 9.3015825 ], [ 11.5932632, 9.3036953 ], [ 11.5907278, 9.3108132 ], [ 11.5818151, 9.3167445 ], [ 11.5526847, 9.3220641 ], [ 11.5525718, 9.3220848 ], [ 11.530694, 9.32608 ], [ 11.530128, 9.3430408 ], [ 11.5358829, 9.3666434 ], [ 11.5348545, 9.3723947 ], [ 11.5302452, 9.3784473 ], [ 11.5261422, 9.3807804 ], [ 11.5238565, 9.3851036 ], [ 11.5243617, 9.3908237 ], [ 11.5239932, 9.3960877 ], [ 11.5221986, 9.4004836 ], [ 11.5200833, 9.4039775 ], [ 11.5259256, 9.4078159 ], [ 11.5209665, 9.4138832 ], [ 11.5170238, 9.4187025 ], [ 11.5155058, 9.420558 ], [ 11.5117559, 9.42731 ], [ 11.5063066, 9.4339848 ], [ 11.497427, 9.4405069 ], [ 11.4944982, 9.4481504 ], [ 11.4944789, 9.4482006 ], [ 11.4935169, 9.4507113 ], [ 11.4898472, 9.4557362 ], [ 11.4843063, 9.464138 ], [ 11.4791069, 9.4656334 ], [ 11.4699774, 9.477334 ], [ 11.4586438, 9.4828224 ], [ 11.4437597, 9.4884722 ], [ 11.4402201, 9.4937809 ], [ 11.4402323, 9.5022027 ], [ 11.4390627, 9.516256 ], [ 11.4334548, 9.5197191 ], [ 11.4343501, 9.5310982 ], [ 11.4361563, 9.5398264 ], [ 11.4295988, 9.5496254 ], [ 11.4339466, 9.5521269 ], [ 11.4418936, 9.5604315 ], [ 11.4428597, 9.5697346 ], [ 11.4444656, 9.5761528 ], [ 11.4478836, 9.5791321 ], [ 11.452939, 9.5847759 ], [ 11.4610777, 9.5927658 ], [ 11.4680481, 9.5984707 ], [ 11.4738445, 9.6007462 ], [ 11.4842787, 9.6041546 ], [ 11.4843297, 9.6041545 ], [ 11.4912227, 9.6041385 ], [ 11.5016556, 9.6075468 ], [ 11.5017066, 9.6075467 ], [ 11.5062847, 9.6075363 ], [ 11.5155439, 9.6075153 ], [ 11.5165287, 9.6075757 ], [ 11.5273228, 9.6082373 ], [ 11.5456257, 9.6051588 ], [ 11.5627848, 9.6051192 ], [ 11.5629872, 9.6051189 ], [ 11.5670522, 9.6107906 ], [ 11.5763591, 9.6152866 ], [ 11.5817247, 9.6197603 ], [ 11.586154, 9.6338193 ], [ 11.5983026, 9.649286 ], [ 11.6136128, 9.6563297 ], [ 11.6344697, 9.6274628 ], [ 11.636014, 9.6289787 ], [ 11.6452885, 9.63239 ], [ 11.6545696, 9.6369457 ], [ 11.6603823, 9.6426535 ], [ 11.6638813, 9.648366 ], [ 11.6720152, 9.6552124 ], [ 11.6778173, 9.6586313 ], [ 11.6836262, 9.6631947 ], [ 11.688261, 9.6643286 ], [ 11.6963835, 9.6688862 ], [ 11.6990395, 9.671814 ], [ 11.7008553, 9.6738148 ], [ 11.7068653, 9.6767874 ], [ 11.7116194, 9.6800976 ], [ 11.7165155, 9.683507 ], [ 11.7185049, 9.6847763 ], [ 11.7244234, 9.6890459 ], [ 11.7265768, 9.6905565 ], [ 11.7312279, 9.6951227 ], [ 11.735878, 9.6996889 ], [ 11.7359293, 9.6996888 ], [ 11.7381926, 9.6996832 ], [ 11.7463217, 9.7053852 ], [ 11.7486544, 9.7076758 ], [ 11.7498093, 9.7088099 ], [ 11.7556334, 9.7168055 ], [ 11.756588, 9.7186747 ], [ 11.765813, 9.712197 ], [ 11.7760874, 9.707141 ], [ 11.7961595, 9.7309391 ], [ 11.8171632, 9.7408803 ], [ 11.8247347, 9.7538347 ], [ 11.833377036304395, 9.768621191755955 ], [ 11.833494491129834, 9.768497570660838 ] ] ] } },
{ "type": "Feature", "properties": { "Id": 128, "gridcode": 10, "Shape_Leng": 113.152246023, "Shape_Area": 615.83697051599995, "NUMB": 14.0, "NAME": "Wase-Taraba", "source_state": "Adamawa" }, "geometry": { "type": "MultiPolygon", "coordinates": [ [ [ [ 11.760310072571745, 8.609280433361349 ], [ 11.760574021797684, 8.60900218713024 ], [ 11.762212489558728, 8.608724652899857 ], [ 11.762737226318746, 8.608172946706633 ], [ 11.76356392745716, 8.608183943908957 ], [ 11.763590809895437, 8.606171486122477 ], [ 11.76326593696691, 8.604650725717425 ], [ 11.76328065615677, 8.603600281859386 ], [ 11.762713681329339, 8.60302148169424 ], [ 11.762660452372121, 8.603049279456732 ], [ 11.759708, 8.6074694 ], [ 11.759280866702925, 8.609454761862539 ], [ 11.760310072571745, 8.609280433361349 ] ] ], [ [ [ 11.787567601633986, 8.576015601377049 ], [ 11.788392840433753, 8.576275391686947 ], [ 11.78889120659699, 8.576785301031844 ], [ 11.790844441629886, 8.576810876192791 ], [ 11.791525105359506, 8.576792186290849 ], [ 11.792181500182959, 8.576800669180468 ], [ 11.79352274295924, 8.574161467984 ], [ 11.793931410141626, 8.572877909939077 ], [ 11.794546834859027, 8.572230242602496 ], [ 11.795732632230131, 8.571321158861354 ], [ 11.796794670308996, 8.570798896218504 ], [ 11.797054602070322, 8.569978574349719 ], [ 11.798048905385594, 8.569649498500274 ], [ 11.796770846160403, 8.567541198865619 ], [ 11.796222442631384, 8.567024250995923 ], [ 11.796482259714367, 8.566188049033345 ], [ 11.796829761927222, 8.565851487260385 ], [ 11.797644524909579, 8.563809020532126 ], [ 11.798078386953032, 8.561026579484507 ], [ 11.798613889182842, 8.560507604750416 ], [ 11.798623973338938, 8.559704447353235 ], [ 11.798341212947243, 8.558856294315703 ], [ 11.797518634366879, 8.55808139952418 ], [ 11.797491279619914, 8.557103283470232 ], [ 11.797509035192299, 8.55574791530565 ], [ 11.797469748663653, 8.554300845970388 ], [ 11.797757073618861, 8.553444860471037 ], [ 11.798017003361783, 8.552624541756444 ], [ 11.798566017770503, 8.55235481597151 ], [ 11.798823966228888, 8.551263464096991 ], [ 11.799479858439112, 8.550627155942529 ], [ 11.799942219636305, 8.547668756928218 ], [ 11.800434399392788, 8.547191391776737 ], [ 11.800698282103808, 8.546913140239189 ], [ 11.801197850893853, 8.546428309892864 ], [ 11.801984894964558, 8.545255310285665 ], [ 11.802576528533518, 8.543104885369413 ], [ 11.802924009221389, 8.542768326220259 ], [ 11.803908992324452, 8.540300598110029 ], [ 11.803928871189612, 8.538799639794384 ], [ 11.80308589222386, 8.537409213645352 ], [ 11.802387160903733, 8.536399430659957 ], [ 11.801693337987588, 8.53314605868686 ], [ 11.801954811150944, 8.532538547010009 ], [ 11.802229548040643, 8.531999761100355 ], [ 11.802491444852089, 8.531450479144743 ], [ 11.803257689533117, 8.531073837877988 ], [ 11.803657983117585, 8.529813646363545 ], [ 11.804405015566996, 8.528699705479434 ], [ 11.804318487143705, 8.525586999087063 ], [ 11.806264128071133, 8.525194417339558 ], [ 11.806800260566089, 8.524914198067966 ], [ 11.807612056323411, 8.524514990072388 ], [ 11.807617518449801, 8.524097793553002 ], [ 11.807594460380162, 8.523270529152462 ], [ 11.809470806010731, 8.52329506339114 ], [ 11.810330274459339, 8.5227255736249 ], [ 11.810706019498456, 8.522330047860732 ], [ 11.81254345191479, 8.521688884861129 ], [ 11.814948814162808, 8.521336875487501 ], [ 11.815484931924193, 8.521056647946477 ], [ 11.816578408124785, 8.520782964472865 ], [ 11.817680273592536, 8.520493335233455 ], [ 11.818980081397886, 8.520510366462837 ], [ 11.819835129941008, 8.52021193647715 ], [ 11.820656338395928, 8.519940220996409 ], [ 11.820965783285601, 8.516161367945017 ], [ 11.821701648535754, 8.513969678938688 ], [ 11.821961522607003, 8.513149367893162 ], [ 11.822513831476785, 8.512613857558721 ], [ 11.823072142091435, 8.512026953363165 ], [ 11.825420468536622, 8.510871187530439 ], [ 11.82581180727786, 8.509705825963614 ], [ 11.82545748242444, 8.506347901848839 ], [ 11.824637847895335, 8.5059594703957 ], [ 11.825731172564543, 8.505527492725303 ], [ 11.826544844014457, 8.505537988998924 ], [ 11.827074644406492, 8.504980936108145 ], [ 11.828417797412325, 8.504536549282145 ], [ 11.828696638036966, 8.502535060333077 ], [ 11.828948540920718, 8.500630643493178 ], [ 11.829782510708776, 8.500220663205463 ], [ 11.829740874893014, 8.498749826035516 ], [ 11.830280164270604, 8.49818317516819 ], [ 11.832474203938729, 8.497899876222526 ], [ 11.832748590952139, 8.497610957082616 ], [ 11.835177013268114, 8.496806620921211 ], [ 11.835454894711351, 8.495980888572657 ], [ 11.835704777360489, 8.493805453607113 ], [ 11.836791134718267, 8.493445505682768 ], [ 11.836513922042133, 8.491902280147899 ], [ 11.835421116491132, 8.491384040623021 ], [ 11.835674908569633, 8.489740070177934 ], [ 11.835949579475049, 8.48920128467171 ], [ 11.836211411567039, 8.488652004053769 ], [ 11.836488072298737, 8.488384244065555 ], [ 11.836747912307622, 8.48756393813037 ], [ 11.837215180564582, 8.486171986197011 ], [ 11.836720917911283, 8.483743636749853 ], [ 11.836070605523624, 8.482510690875541 ], [ 11.836630251367428, 8.481968244133814 ], [ 11.83608347046378, 8.480930941370586 ], [ 11.836428371760952, 8.480253479547237 ], [ 11.836934018525463, 8.477570105246466 ], [ 11.837874276906284, 8.476580746295935 ], [ 11.839120779114344, 8.476168293492799 ], [ 11.83938586092091, 8.475048856111352 ], [ 11.840461817359804, 8.474003981487874 ], [ 11.840734136849694, 8.472856964507219 ], [ 11.842075112107613, 8.471555002637693 ], [ 11.841805135885679, 8.470993715228719 ], [ 11.841475134726588, 8.470367752602753 ], [ 11.841791242252254, 8.469101838295252 ], [ 11.842045100388539, 8.46746846291666 ], [ 11.842351305706369, 8.4671713738067 ], [ 11.84312527095344, 8.465552742601339 ], [ 11.844320462586484, 8.464964907568977 ], [ 11.845283808142964, 8.463650343689023 ], [ 11.845560448285607, 8.463382584927537 ], [ 11.845822259249379, 8.462833307481354 ], [ 11.846901339310842, 8.461785762152441 ], [ 11.847215540652746, 8.460118073074838 ], [ 11.847988400725189, 8.460378185240303 ], [ 11.848514476850239, 8.460916426152188 ], [ 11.849079272326804, 8.460646565764559 ], [ 11.849615279884484, 8.460366326197116 ], [ 11.850689651787025, 8.459837592132686 ], [ 11.851235767168612, 8.458763753620117 ], [ 11.851500800412602, 8.457642205069309 ], [ 11.852037159083711, 8.45712162871008 ], [ 11.852309443390896, 8.456552159278974 ], [ 11.853130485514669, 8.456280426484508 ], [ 11.853388292634817, 8.455189105179286 ], [ 11.85366492115396, 8.454921344430227 ], [ 11.853928712206779, 8.454643088805879 ], [ 11.854963621163909, 8.453956886727878 ], [ 11.855814180989114, 8.451918965454604 ], [ 11.857179612953509, 8.45164325358609 ], [ 11.857443399240184, 8.451364997126644 ], [ 11.859874645509436, 8.450560065595866 ], [ 11.860177554711026, 8.44996390355174 ], [ 11.860109828243532, 8.44755631699908 ], [ 11.861502844030012, 8.447275100152996 ], [ 11.861766624308933, 8.446996842742346 ], [ 11.862043241091831, 8.446729079831124 ], [ 11.862613070640354, 8.445848814847226 ], [ 11.863392227605312, 8.445093008277649 ], [ 11.863889197102891, 8.444570596588887 ], [ 11.865549761558016, 8.444524567100748 ], [ 11.866379057810589, 8.444800117636145 ], [ 11.866789417873749, 8.444789172635803 ], [ 11.867197768329907, 8.444794122678923 ], [ 11.867469923676662, 8.444786835274721 ], [ 11.868015456990372, 8.444793956193422 ], [ 11.868277308379835, 8.443967821538505 ], [ 11.868564472202948, 8.443689391424368 ], [ 11.868515363663919, 8.441935976270868 ], [ 11.868531871963711, 8.440716206257974 ], [ 11.86851736442034, 8.44019171520225 ], [ 11.869024411298446, 8.438156312793513 ], [ 11.868225042408019, 8.435883262755389 ], [ 11.869386802119207, 8.432226400350526 ], [ 11.870361242189661, 8.429554463955421 ], [ 11.871421174267949, 8.428526098481141 ], [ 11.872240205022402, 8.42712894300637 ], [ 11.873041984024841, 8.427139482071356 ], [ 11.873802083452659, 8.426401810993958 ], [ 11.874667594347891, 8.425109126737029 ], [ 11.874686124927999, 8.423731598732839 ], [ 11.874622347376123, 8.421430941529476 ], [ 11.875736693057263, 8.421151748169349 ], [ 11.875996443722196, 8.420331456247558 ], [ 11.876817384378882, 8.420059704412976 ], [ 11.877078253201658, 8.418959373981325 ], [ 11.878713935230113, 8.41815387942742 ], [ 11.87927204513041, 8.417566965669721 ], [ 11.881284852546857, 8.416576070519323 ], [ 11.883029236656263, 8.413509418190792 ], [ 11.883417675428447, 8.412696653348926 ], [ 11.888328294955665, 8.412361505500474 ], [ 11.888735939848493, 8.411559714918868 ], [ 11.888666606848734, 8.409090792262004 ], [ 11.888966319461161, 8.407497883006947 ], [ 11.889999832876439, 8.405071146454301 ], [ 11.889126277888867, 8.402970209875393 ], [ 11.889466473010344, 8.401531576099412 ], [ 11.89055951796157, 8.401257813124737 ], [ 11.891610118436382, 8.400708566588369 ], [ 11.891916252774454, 8.4007004933448 ], [ 11.892186088968991, 8.40124586047844 ], [ 11.893255147637053, 8.401752530229452 ], [ 11.894727268651915, 8.402848044590993 ], [ 11.895517189523531, 8.4025590294632 ], [ 11.897047898595446, 8.40094859544782 ], [ 11.901496776000156, 8.399883058035755 ], [ 11.903995671118427, 8.399516845096205 ], [ 11.905223330461652, 8.397621194522314 ], [ 11.906162771527656, 8.396998101801953 ], [ 11.906673851782511, 8.395387765572721 ], [ 11.907918609739882, 8.394077973646032 ], [ 11.909283753804623, 8.393802160317218 ], [ 11.909594650123752, 8.393150357585688 ], [ 11.910370288996249, 8.393517813928199 ], [ 11.91089630125194, 8.394055974027754 ], [ 11.91063637796861, 8.392702775585432 ], [ 11.910351833450031, 8.391897100254598 ], [ 11.910073911858843, 8.390267715080174 ], [ 11.909521262559903, 8.390006066665805 ], [ 11.909247383691159, 8.38891869794991 ], [ 11.908428012290136, 8.388530385373761 ], [ 11.908688645723343, 8.387838725145526 ], [ 11.910876392020116, 8.386960800113092 ], [ 11.911402375736616, 8.38592681299277 ], [ 11.911653971574566, 8.384022494050622 ], [ 11.913275963379013, 8.383695024344734 ], [ 11.912732481727705, 8.382664703712519 ], [ 11.912454570614345, 8.381035320706271 ], [ 11.911898502654669, 8.379455631529598 ], [ 11.912151843927679, 8.377785271409582 ], [ 11.912428380941924, 8.377517500451939 ], [ 11.913995660988389, 8.374842805943061 ], [ 11.914559988500223, 8.374248952006743 ], [ 11.91539563523769, 8.373972286838063 ], [ 11.915659332800654, 8.373694022082312 ], [ 11.9169678907029, 8.372825763327931 ], [ 11.918163914459024, 8.370980111972427 ], [ 11.91972205413545, 8.370937361589068 ], [ 11.920404424787412, 8.371634219423736 ], [ 11.920963280627227, 8.372161542647062 ], [ 11.921910246117788, 8.373127989382557 ], [ 11.925276292961669, 8.373034775057455 ], [ 11.928447530022375, 8.373333627709888 ], [ 11.931721450593304, 8.373575051086085 ], [ 11.932543112439861, 8.373989239342764 ], [ 11.932505046328862, 8.372597373171359 ], [ 11.933773366919491, 8.370906786662715 ], [ 11.934135801852261, 8.369762850051526 ], [ 11.934661697909242, 8.368727801424656 ], [ 11.934940321729858, 8.367322998676434 ], [ 11.935252116520584, 8.36566333976247 ], [ 11.936828938079849, 8.365140816762603 ], [ 11.937092611643239, 8.364862544852919 ], [ 11.938999815243553, 8.364311621927474 ], [ 11.939274032989031, 8.364022155501651 ], [ 11.940813448929903, 8.364041932268183 ], [ 11.941989073135518, 8.363747343466956 ], [ 11.942252741233293, 8.363469069683504 ], [ 11.942799407723728, 8.36293884642169 ], [ 11.942783594958506, 8.362390048637733 ], [ 11.943603162685225, 8.36210393034076 ], [ 11.944968134802849, 8.361828039962493 ], [ 11.945948422732565, 8.360154938489282 ], [ 11.947126741673298, 8.359372809093555 ], [ 11.947380219790391, 8.35773953142453 ], [ 11.94780859467941, 8.356464365369016 ], [ 11.94843053828952, 8.352656513593109 ], [ 11.948156105943061, 8.351500389535959 ], [ 11.947586739448093, 8.350420567840311 ], [ 11.947617787824106, 8.348043126425871 ], [ 11.947302922544417, 8.347446801144867 ], [ 11.946767581094131, 8.346366722047614 ], [ 11.946193659111794, 8.346094682727742 ], [ 11.945409020156085, 8.344513592834648 ], [ 11.945108016260292, 8.344205643944479 ], [ 11.944390089570833, 8.343865859236686 ], [ 11.944005133249584, 8.343135070472409 ], [ 11.943596283851358, 8.341910593536213 ], [ 11.94275805810358, 8.341119649545149 ], [ 11.941577651627329, 8.339914659596747 ], [ 11.94096640500139, 8.339624888776475 ], [ 11.940443685143896, 8.339090966860356 ], [ 11.940163217493962, 8.338827323990014 ], [ 11.939895425411878, 8.338552999008661 ], [ 11.939342855678754, 8.338291373525404 ], [ 11.938802961702045, 8.338019065264092 ], [ 11.937917558394592, 8.337740319290655 ], [ 11.937146448849731, 8.334832057499554 ], [ 11.937407729623878, 8.334235151872594 ], [ 11.938232667346021, 8.333962257096472 ], [ 11.93787619788375, 8.333626654872873 ], [ 11.938218302549693, 8.332608331714555 ], [ 11.938477912951063, 8.331788060243118 ], [ 11.939026502303138, 8.331518271672884 ], [ 11.939290159505362, 8.331240006252914 ], [ 11.940108820085479, 8.330697197692265 ], [ 11.940372475921293, 8.330418931998926 ], [ 11.941205943782405, 8.330008874282433 ], [ 11.941178640616561, 8.3290578686393 ], [ 11.941999319321702, 8.328786060868705 ], [ 11.942238668611697, 8.325255768120783 ], [ 11.943052000575115, 8.324855388116054 ], [ 11.942781131067228, 8.324167678379947 ], [ 11.942233055416482, 8.323650879800041 ], [ 11.942766654595216, 8.323083717087123 ], [ 11.943309055701786, 8.322556718690169 ], [ 11.943570778213152, 8.321451654556618 ], [ 11.944119349657274, 8.321181865038589 ], [ 11.944391450821621, 8.320612406334488 ], [ 11.944927516430779, 8.320091806264198 ], [ 11.945296670462701, 8.31771767372013 ], [ 11.946034795749419, 8.317354374417215 ], [ 11.947064084712746, 8.316271145414778 ], [ 11.94761597319126, 8.315735606527991 ], [ 11.947879615643366, 8.31545734099682 ], [ 11.948156090417376, 8.315189567910055 ], [ 11.948405547509029, 8.313014296045498 ], [ 11.948954103558629, 8.312744504993759 ], [ 11.94921571696878, 8.312195238851011 ], [ 11.949492188995574, 8.31192746591138 ], [ 11.94977655051464, 8.310724841843292 ], [ 11.950838407828622, 8.310020368471211 ], [ 11.951103879537449, 8.307713709254577 ], [ 11.951900038468247, 8.307297043680347 ], [ 11.953439500067113, 8.306786991612078 ], [ 11.954116175615237, 8.306453785541372 ], [ 11.954880722735471, 8.305648826095577 ], [ 11.955942853122545, 8.305125903443022 ], [ 11.955971725518467, 8.302878176866429 ], [ 11.955662755833051, 8.300222730622135 ], [ 11.954838173549081, 8.299963130986495 ], [ 11.95456635668735, 8.299146810648361 ], [ 11.953469704651949, 8.298889225907853 ], [ 11.953189789456765, 8.296988903587964 ], [ 11.952896818683209, 8.295616416274186 ], [ 11.952912798553404, 8.294341150308226 ], [ 11.952610966115992, 8.293204277420896 ], [ 11.952337139221159, 8.292116951856066 ], [ 11.951906986712995, 8.291301799686369 ], [ 11.952854898608642, 8.289434724679042 ], [ 11.952036749382827, 8.28832496302185 ], [ 11.951210172601058, 8.287794345635906 ], [ 11.950936358235495, 8.286707016187252 ], [ 11.950655935800482, 8.286443369578246 ], [ 11.950253250848673, 8.28603188563625 ], [ 11.949833681123703, 8.285636405611658 ], [ 11.949565933785209, 8.285362076265605 ], [ 11.94928551319599, 8.285098428021175 ], [ 11.948624724797721, 8.284422597380033 ], [ 11.947372991634415, 8.28402850096546 ], [ 11.946282679306432, 8.281332740631759 ], [ 11.945872754406079, 8.280946710114426 ], [ 11.945436282815358, 8.279706536351126 ], [ 11.945085857564528, 8.278317513295798 ], [ 11.943517753802228, 8.277823570067969 ], [ 11.943243975324661, 8.276736225035375 ], [ 11.942767511673527, 8.275832993023814 ], [ 11.942389560212364, 8.271593186579105 ], [ 11.9421091556326, 8.271329528033801 ], [ 11.941841425014243, 8.271055188060048 ], [ 11.940044323715004, 8.270632778133859 ], [ 11.939513470577815, 8.270131700400949 ], [ 11.938852731131643, 8.269456368789081 ], [ 11.93744663437154, 8.26973719828351 ], [ 11.936157165166854, 8.270411520153463 ], [ 11.935844135707372, 8.2694731930183 ], [ 11.935563735867172, 8.2692095277974 ], [ 11.935296010190497, 8.268935181317392 ], [ 11.934461994404961, 8.268540071616254 ], [ 11.934471819198972, 8.267857156433088 ], [ 11.934191421456996, 8.267593489510245 ], [ 11.933921692973353, 8.267048136309507 ], [ 11.933641296224348, 8.266784468662905 ], [ 11.933365556678966, 8.265426098953318 ], [ 11.932813107603607, 8.265164426402521 ], [ 11.932307661594368, 8.264647796343398 ], [ 11.931723085549757, 8.264353009152753 ], [ 11.930077928801472, 8.264785892817818 ], [ 11.927093957037803, 8.264393280236531 ], [ 11.926826239662452, 8.264118924833246 ], [ 11.926545848645643, 8.263855249796652 ], [ 11.926002080216335, 8.263040870691807 ], [ 11.925175584146601, 8.262510168079853 ], [ 11.924656680001604, 8.261463753346259 ], [ 11.924108415400807, 8.260903485274735 ], [ 11.923260249299494, 8.260892746496857 ], [ 11.921903085601066, 8.26118003906705 ], [ 11.92082995742312, 8.260638949707305 ], [ 11.91946988929133, 8.260676405518831 ], [ 11.91918076542972, 8.260380495886967 ], [ 11.918122807556868, 8.259878459343192 ], [ 11.91728057234686, 8.259084235297598 ], [ 11.916907336292789, 8.258333171867161 ], [ 11.914589007840517, 8.259142496937494 ], [ 11.913976816213097, 8.257979221383806 ], [ 11.913989003323133, 8.257033193774939 ], [ 11.913955798599117, 8.255839233669683 ], [ 11.914241596814616, 8.255538072539251 ], [ 11.914518074887113, 8.255270328775426 ], [ 11.914777745307275, 8.254450070581822 ], [ 11.915596334925862, 8.253907354252156 ], [ 11.915874641823294, 8.252730712053408 ], [ 11.917211344991388, 8.252264150692286 ], [ 11.917498314270679, 8.252267883014087 ], [ 11.91802244847908, 8.251716192553861 ], [ 11.918298921322076, 8.251448447943456 ], [ 11.918556592981037, 8.250357181715106 ], [ 11.919377159005347, 8.250085471125159 ], [ 11.919638104483683, 8.246256952721973 ], [ 11.92146470495234, 8.24535751912588 ], [ 11.921853170950696, 8.244133495676174 ], [ 11.923135997801545, 8.24328248904337 ], [ 11.923399632781571, 8.243004249680176 ], [ 11.925111660016162, 8.242713855300751 ], [ 11.925639388462402, 8.240486247532839 ], [ 11.926354370530598, 8.239733601823307 ], [ 11.927794873301112, 8.239373192480251 ], [ 11.928272859630258, 8.238908648596313 ], [ 11.928522530004926, 8.236733360614858 ], [ 11.92961509245001, 8.23645965482762 ], [ 11.929874729583247, 8.235639401333815 ], [ 11.930408250087963, 8.235646091256683 ], [ 11.930699472643013, 8.235363414699258 ], [ 11.928034948087367, 8.234737079050518 ], [ 11.927401104160907, 8.232937187391352 ], [ 11.927412243137645, 8.232139391841299 ], [ 11.927126529336615, 8.231870454181461 ], [ 11.926815875828593, 8.231244393756645 ], [ 11.925604337168537, 8.231667700041191 ], [ 11.924909957229071, 8.231317573941885 ], [ 11.922802014738904, 8.231375807031736 ], [ 11.922198305887013, 8.231072125913791 ], [ 11.920867027361131, 8.231108812911664 ], [ 11.920594125554445, 8.230557635837338 ], [ 11.920313768688368, 8.23029394633642 ], [ 11.920044099371394, 8.22974856738702 ], [ 11.919500498619724, 8.229235882651485 ], [ 11.918970907337409, 8.228169402526815 ], [ 11.918405580591624, 8.227591763148249 ], [ 11.918118714717986, 8.227599671444825 ], [ 11.917577940505065, 8.22732728315782 ], [ 11.917025556028459, 8.227065566233509 ], [ 11.916757877481457, 8.226791192447275 ], [ 11.916338412293708, 8.226395642644816 ], [ 11.915935833725229, 8.225984089281317 ], [ 11.913752851509683, 8.22507940168148 ], [ 11.914285380671339, 8.224369920574953 ], [ 11.914561844377324, 8.224102183979117 ], [ 11.914819535770601, 8.223010921469079 ], [ 11.915337635029674, 8.22250851942052 ], [ 11.915362805103507, 8.220573052419802 ], [ 11.914799766946324, 8.220306111926309 ], [ 11.914530115462874, 8.219760724034341 ], [ 11.913992959168082, 8.219254330629042 ], [ 11.913476411938822, 8.217786493351685 ], [ 11.914603342508327, 8.216692637889063 ], [ 11.913954625050076, 8.215460259418698 ], [ 11.914216085010711, 8.214884553406904 ], [ 11.914752110213566, 8.214364027567017 ], [ 11.915277534698742, 8.213265004794856 ], [ 11.915568764054957, 8.212982870302374 ], [ 11.915840893435094, 8.212413440012927 ], [ 11.916376913564672, 8.211892913850622 ], [ 11.916640541758925, 8.211614684168715 ], [ 11.917729100622983, 8.210799012191702 ], [ 11.917988766862141, 8.209978762773297 ], [ 11.918507899699756, 8.209474767850681 ], [ 11.919065195105091, 8.208376573336089 ], [ 11.918789419340051, 8.206991692699935 ], [ 11.918493034758251, 8.206712761030653 ], [ 11.917553968375456, 8.202095217712863 ], [ 11.917111817458046, 8.200770294518559 ], [ 11.916738403023446, 8.200418867197717 ], [ 11.916007951253956, 8.198610090063106 ], [ 11.915727626216453, 8.198346388079052 ], [ 11.915459974504712, 8.198072006036902 ], [ 11.915179650197537, 8.197808303406012 ], [ 11.914910024329275, 8.197262910106467 ], [ 11.914627726432645, 8.196728196053273 ], [ 11.91435810243707, 8.196182801839507 ], [ 11.913814567269776, 8.1956700901105 ], [ 11.913005746915799, 8.194039727424027 ], [ 11.912155947122285, 8.1934937582141 ], [ 11.911886164599375, 8.193217799868995 ], [ 11.911058381022539, 8.19350697800178 ], [ 11.910527033758886, 8.193500227158399 ], [ 11.909464649346068, 8.193529599259895 ], [ 11.908605491139923, 8.192719013559969 ], [ 11.909150245201509, 8.19164632910153 ], [ 11.909156885583641, 8.191097876620251 ], [ 11.908876491010087, 8.190530849555852 ], [ 11.908596176478609, 8.190267138882994 ], [ 11.908322629759626, 8.189179711413901 ], [ 11.907226291934849, 8.188921881981468 ], [ 11.90694094896087, 8.186208375723853 ], [ 11.906660639266443, 8.185944662149314 ], [ 11.906117064525731, 8.185130202016516 ], [ 11.905277834492138, 8.184865746763858 ], [ 11.904498503398322, 8.184069390615695 ], [ 11.903399689541223, 8.184054534707727 ], [ 11.902245087726172, 8.184846278569038 ], [ 11.901501080926552, 8.18408512726694 ], [ 11.900700880200924, 8.18407446915638 ], [ 11.900120654558203, 8.184360253601945 ], [ 11.899857022360651, 8.18463847051974 ], [ 11.899580563277031, 8.18490619136236 ], [ 11.899316930353191, 8.185184408176701 ], [ 11.898224446252106, 8.185457990342423 ], [ 11.896641996915781, 8.186010352875375 ], [ 11.895537124526514, 8.186041044607361 ], [ 11.895234349047719, 8.185755777604427 ], [ 11.894563147512756, 8.18506978399078 ], [ 11.893864514285038, 8.184410453927118 ], [ 11.893596885171755, 8.184136048689533 ], [ 11.892489563594845, 8.183091097531198 ], [ 11.892499812526534, 8.182302813004215 ], [ 11.892016183286326, 8.179925233570584 ], [ 11.890689190075966, 8.179506484855034 ], [ 11.890287354985599, 8.178744440761934 ], [ 11.890017779215365, 8.178199014018631 ], [ 11.888921468281202, 8.177941120057108 ], [ 11.888637791388994, 8.177650413565594 ], [ 11.887154729658238, 8.177691190871615 ], [ 11.886451236394034, 8.177681925405803 ], [ 11.885550611171105, 8.178629031667951 ], [ 11.884567424613714, 8.177701206469919 ], [ 11.884062170715104, 8.177184453246138 ], [ 11.883479889727692, 8.176890580234438 ], [ 11.882927592590818, 8.176628783827638 ], [ 11.882527575368535, 8.175821716083579 ], [ 11.881849587930835, 8.175812789758227 ], [ 11.881010131116206, 8.176105690497108 ], [ 11.880476668407198, 8.176098906946736 ], [ 11.879606471271215, 8.17640261194507 ], [ 11.878304687548191, 8.176385420758612 ], [ 11.877519593617853, 8.176406895294432 ], [ 11.876937614420036, 8.175858384936518 ], [ 11.876670000753009, 8.175583962346026 ], [ 11.876389713527628, 8.175320218071466 ], [ 11.876120157379338, 8.174774774586945 ], [ 11.874995716804813, 8.173408019105894 ], [ 11.874459872929611, 8.172327163340961 ], [ 11.873777334012415, 8.171682485885798 ], [ 11.872866420045264, 8.170751455922371 ], [ 11.872186188510392, 8.170428612582544 ], [ 11.872525317875136, 8.167482402645623 ], [ 11.872807068813083, 8.167209366355022 ], [ 11.872777147356134, 8.166146084729059 ], [ 11.873062160852429, 8.16558663914036 ], [ 11.873411814015993, 8.164854161182893 ], [ 11.87414240544337, 8.164494826484404 ], [ 11.875218171412245, 8.163668784927392 ], [ 11.8757666416336, 8.163399146833651 ], [ 11.876298404776582, 8.162576970240652 ], [ 11.877116929330512, 8.16203437744776 ], [ 11.877389113355136, 8.161464964899267 ], [ 11.878177342683497, 8.160698665710003 ], [ 11.878190524180535, 8.15972030899766 ], [ 11.878157391550518, 8.158506185809669 ], [ 11.878953608297996, 8.158114090200867 ], [ 11.879249603244583, 8.1568642778055 ], [ 11.879524126950775, 8.156325552873362 ], [ 11.880361986187596, 8.153440923896493 ], [ 11.881132782846182, 8.153061713032768 ], [ 11.881124448047622, 8.152788092048119 ], [ 11.881135680796641, 8.151982853010264 ], [ 11.880700291827431, 8.151571458579555 ], [ 11.881394593994942, 8.150896879274717 ], [ 11.881357209060139, 8.149534039020221 ], [ 11.881371758191245, 8.148449802968504 ], [ 11.8813634244285, 8.148176181957947 ], [ 11.881639883333465, 8.147908477752701 ], [ 11.882171622330143, 8.147086304199947 ], [ 11.883228285143549, 8.145678102244609 ], [ 11.883253376512497, 8.143840512318198 ], [ 11.882337523948523, 8.142654900131584 ], [ 11.883937887718394, 8.140613426860245 ], [ 11.884596427548781, 8.14028901175759 ], [ 11.88536201975076, 8.139483704516195 ], [ 11.887282996662238, 8.139190008991049 ], [ 11.889191320661286, 8.138910688673249 ], [ 11.889725158849757, 8.137792058779278 ], [ 11.890537606217052, 8.137003882972641 ], [ 11.892051868203252, 8.135409789255277 ], [ 11.892950723950227, 8.134967723890529 ], [ 11.892968504265978, 8.13359603405979 ], [ 11.892949703066236, 8.132900593169257 ], [ 11.89349763111562, 8.13182262518314 ], [ 11.89348205177218, 8.131280145695866 ], [ 11.89455416206267, 8.131294210690145 ], [ 11.894846423146262, 8.131010510178291 ], [ 11.895108230533198, 8.130184436903233 ], [ 11.896450224533055, 8.130202396911066 ], [ 11.897553101221421, 8.128731924685043 ], [ 11.897533122632867, 8.128021142900172 ], [ 11.897808339403696, 8.127731740675186 ], [ 11.899374340766821, 8.126693094157277 ], [ 11.899984167989848, 8.126100630499149 ], [ 11.899965510941632, 8.125426367359067 ], [ 11.900780516603387, 8.125000244383108 ], [ 11.901328913866877, 8.124730595621289 ], [ 11.9018529726069, 8.124178973850405 ], [ 11.902407611898997, 8.12418666024236 ], [ 11.902914796011389, 8.12365262790294 ], [ 11.904309474077396, 8.123614081161977 ], [ 11.905122303023308, 8.123625212638164 ], [ 11.90485273207379, 8.123073966311283 ], [ 11.904322175850982, 8.122573814351112 ], [ 11.904287652028438, 8.121318967646495 ], [ 11.904293227156804, 8.120912385626061 ], [ 11.904284904184639, 8.120641416926771 ], [ 11.9042893138609, 8.120368239660007 ], [ 11.903952865290515, 8.118789468032757 ], [ 11.904809548679738, 8.117956504230875 ], [ 11.90453246608954, 8.117098285489973 ], [ 11.903716318915054, 8.116328081288044 ], [ 11.903704761909921, 8.115902564378271 ], [ 11.903710320471285, 8.115493335183755 ], [ 11.902342239328162, 8.115237360563315 ], [ 11.902074669140994, 8.114962946016094 ], [ 11.90152246811998, 8.114701148771085 ], [ 11.90117427006617, 8.113998532238728 ], [ 11.899600329297066, 8.113628084187733 ], [ 11.899614862763737, 8.112543863458237 ], [ 11.899038144141123, 8.112270060202817 ], [ 11.898515867214329, 8.111735954497846 ], [ 11.898234556375463, 8.111470633499279 ], [ 11.898649405763203, 8.110653532613334 ], [ 11.898223974929063, 8.1098461191949 ], [ 11.897952527389286, 8.1090296678292 ], [ 11.897672293120658, 8.108765926210483 ], [ 11.897393083265666, 8.106865409553176 ], [ 11.896845442792014, 8.106348419103011 ], [ 11.897106991180422, 8.105783324584833 ], [ 11.898187347846971, 8.104733870125868 ], [ 11.897857581357924, 8.102151375483729 ], [ 11.897344922336266, 8.101177300405157 ], [ 11.897618505830192, 8.100364383732838 ], [ 11.898023788067301, 8.098210733220972 ], [ 11.899504695157969, 8.097911707569979 ], [ 11.900026625741823, 8.097362231549099 ], [ 11.901946406287658, 8.097081252141502 ], [ 11.902719276912448, 8.096267429512535 ], [ 11.903570320335696, 8.095985579569168 ], [ 11.904089445543123, 8.094897770015411 ], [ 11.904664267661886, 8.094614708905988 ], [ 11.904619718450343, 8.092994149318505 ], [ 11.905815884761362, 8.092694488662705 ], [ 11.906745036147932, 8.091306794144357 ], [ 11.907056436523376, 8.089992843125382 ], [ 11.907332845957393, 8.089725140753124 ], [ 11.907806959854423, 8.088732407015378 ], [ 11.90891543655534, 8.087021589787858 ], [ 11.909472456755118, 8.086480330344711 ], [ 11.9097533070904, 8.08535134292228 ], [ 11.909717175246257, 8.084016579824434 ], [ 11.910543204817992, 8.083214023387628 ], [ 11.910550922095771, 8.08266079766304 ], [ 11.910166448250575, 8.081931446211589 ], [ 11.910537796975376, 8.081571489741069 ], [ 11.910790807302462, 8.079375003565065 ], [ 11.911592149853512, 8.077797656817078 ], [ 11.911599670864099, 8.077216907407227 ], [ 11.911040311840329, 8.076689424158943 ], [ 11.910770830034016, 8.076143994706266 ], [ 11.909781664548309, 8.075674621212068 ], [ 11.90939952312022, 8.074527590817951 ], [ 11.909119312296767, 8.0742633214986 ], [ 11.909388040146428, 8.072330868793456 ], [ 11.909352187455172, 8.071032626791055 ], [ 11.909637907668756, 8.070731511557819 ], [ 11.910084148420898, 8.070298505571694 ], [ 11.908864353848116, 8.069513683252284 ], [ 11.9085336202251, 8.068571671838848 ], [ 11.909640643807816, 8.068294363126777 ], [ 11.910425056069361, 8.067468292839868 ], [ 11.911243679444668, 8.066673210161641 ], [ 11.911505674318862, 8.06528445091751 ], [ 11.912048959668947, 8.064757060437676 ], [ 11.912310590890119, 8.064207851735896 ], [ 11.912608080678767, 8.063919357902972 ], [ 11.912565067174057, 8.06236284809142 ], [ 11.914204928977592, 8.062031456021906 ], [ 11.91549537916312, 8.060672434171963 ], [ 11.91900357199326, 8.060322431097298 ], [ 11.91963790323069, 8.060642928312852 ], [ 11.920176353604555, 8.060628502889449 ], [ 11.920444945060058, 8.060902906993661 ], [ 11.922030962344486, 8.061655970012941 ], [ 11.922362497610401, 8.061968034545369 ], [ 11.922637517359147, 8.062249801206558 ], [ 11.92425031294322, 8.061407218384472 ], [ 11.925345848262854, 8.060867934614377 ], [ 11.925721160149427, 8.060472480988542 ], [ 11.92698098856591, 8.060032595958813 ], [ 11.927764987872571, 8.060042873564122 ], [ 11.927779436884006, 8.058950737148068 ], [ 11.92775659350154, 8.058137830544656 ], [ 11.927767740144789, 8.057324681035439 ], [ 11.927726255941849, 8.055839642318277 ], [ 11.928801658990549, 8.055310028110943 ], [ 11.929269711411614, 8.053337003153544 ], [ 11.929639961442076, 8.05297758121465 ], [ 11.93001212478538, 8.051407541674683 ], [ 11.930431737672336, 8.050527424283951 ], [ 11.930708108462982, 8.050259720719895 ], [ 11.931239667115715, 8.049437560319266 ], [ 11.931784045376403, 8.048625896279153 ], [ 11.932372192800736, 8.047106720114826 ], [ 11.933123520687786, 8.046713871916833 ], [ 11.933934284288704, 8.046314776311325 ], [ 11.933939760194766, 8.045894970223097 ], [ 11.933563318719431, 8.045540357867104 ], [ 11.934061864965118, 8.04456016153002 ], [ 11.93194257542511, 8.044232293839029 ], [ 11.931203164258587, 8.043475324147522 ], [ 11.930922977098815, 8.043211596207067 ], [ 11.930649616648326, 8.042124162969522 ], [ 11.929844929301494, 8.04174242866778 ], [ 11.929810431301254, 8.040488664219829 ], [ 11.930632130451714, 8.039690376754418 ], [ 11.930895675260155, 8.039412179169211 ], [ 11.932259647519565, 8.03913671390303 ], [ 11.932958344125653, 8.036595125150951 ], [ 11.93332387615262, 8.035876847736214 ], [ 11.933583521529377, 8.035056633452683 ], [ 11.933857934917379, 8.034517923927377 ], [ 11.934259887694457, 8.033251519456906 ], [ 11.935749527382271, 8.032878283872012 ], [ 11.937744715259187, 8.032353215488895 ], [ 11.939956728294208, 8.032292405201295 ], [ 11.940639750700047, 8.032301282401807 ], [ 11.940901331666078, 8.031752075985594 ], [ 11.941993367291424, 8.031478535089484 ], [ 11.942358938914557, 8.030326200532043 ], [ 11.943360167593045, 8.029833102974939 ], [ 11.944007413150523, 8.029152507626682 ], [ 11.946034622721887, 8.027182096735498 ], [ 11.945754895647884, 8.025212857256133 ], [ 11.945230085099741, 8.023721773463825 ], [ 11.945181315022795, 8.021964729799793 ], [ 11.94626507125213, 8.021430814585001 ], [ 11.945995537650644, 8.020874824474593 ], [ 11.945472200429988, 8.019881832582485 ], [ 11.945133054388002, 8.01437652652883 ], [ 11.944314571385716, 8.013988023170564 ], [ 11.944594932968448, 8.01324547843765 ], [ 11.945661253809682, 8.012209887388545 ], [ 11.945924773919531, 8.011931689936324 ], [ 11.946201113784106, 8.011663988601475 ], [ 11.946597454447986, 8.01124668558157 ], [ 11.947274571791809, 8.010588115101768 ], [ 11.947001110873016, 8.009484819994098 ], [ 11.946382894868281, 8.007996516586568 ], [ 11.946424235047441, 8.004884261585822 ], [ 11.946394291023337, 8.003821571650571 ], [ 11.94695436265685, 8.002985985424363 ], [ 11.947215929246996, 8.002436784179606 ], [ 11.947492263802108, 8.002169084504519 ], [ 11.947744086259753, 8.000264857240113 ], [ 11.948280263628286, 7.999208711042864 ], [ 11.947834854342849, 7.998708495693269 ], [ 11.946396754384947, 7.997662213019186 ], [ 11.946085634623383, 7.99648772193691 ], [ 11.945812313951736, 7.995400299937487 ], [ 11.945270188594657, 7.994889124399245 ], [ 11.945247242831417, 7.99405981934496 ], [ 11.946056749720048, 7.992464980813034 ], [ 11.945530826455014, 7.99080714776691 ], [ 11.944412362953505, 7.989750626930311 ], [ 11.944667910959321, 7.98836194486502 ], [ 11.945420352878262, 7.987991341382521 ], [ 11.945761415633218, 7.986976291060746 ], [ 11.944383139658378, 7.985674947284016 ], [ 11.94464070866673, 7.984567858492448 ], [ 11.945176889762854, 7.983511720194476 ], [ 11.944626665807522, 7.980236931513281 ], [ 11.943252002815958, 7.979583985682234 ], [ 11.943498914289409, 7.976987420220353 ], [ 11.943775241101319, 7.976719728102871 ], [ 11.944025169553989, 7.974544494012295 ], [ 11.944301494832825, 7.974276802238484 ], [ 11.944816272087612, 7.973198058660237 ], [ 11.945627297026194, 7.972409930137444 ], [ 11.945908753034125, 7.971820894058792 ], [ 11.951071950745366, 7.971504109315287 ], [ 11.950800704591508, 7.970701984999228 ], [ 11.950518633706228, 7.970167251182668 ], [ 11.949971552504769, 7.968810760006466 ], [ 11.948872699196267, 7.967219995055407 ], [ 11.948857015455053, 7.966661129572572 ], [ 11.949136625387725, 7.966111808063841 ], [ 11.94912827532629, 7.965835554434608 ], [ 11.94962711224577, 7.965350839218348 ], [ 11.949110832914108, 7.963399682378615 ], [ 11.949484241133906, 7.961118770961058 ], [ 11.94908368722581, 7.959607194788255 ], [ 11.949091565641075, 7.959075687218924 ], [ 11.94863738175083, 7.957785751687722 ], [ 11.949064263424185, 7.956892375973507 ], [ 11.949612419225316, 7.956622753296495 ], [ 11.949875913820803, 7.956344566645953 ], [ 11.950152225971316, 7.956076876611227 ], [ 11.950488068187676, 7.955372591599844 ], [ 11.952791042215992, 7.953987352223834 ], [ 11.953386568119541, 7.953067368641002 ], [ 11.953922299132568, 7.9525469273831 ], [ 11.954194322272949, 7.951977547069323 ], [ 11.954470628669409, 7.951709856204958 ], [ 11.954730235050736, 7.950889660444596 ], [ 11.955777841050665, 7.95037404410947 ], [ 11.956642238924687, 7.949780861117078 ], [ 11.95824906880687, 7.949802233244259 ], [ 11.959603863804135, 7.948144773425985 ], [ 11.960017251996083, 7.947743241645406 ], [ 11.960413535868391, 7.947325951895075 ], [ 11.960689834688546, 7.947058259459144 ], [ 11.96108611723967, 7.946640969546099 ], [ 11.963130498557696, 7.94622780484084 ], [ 11.963422171477836, 7.944995565265716 ], [ 11.964199744710593, 7.944588786786571 ], [ 11.965305312976371, 7.944311998806083 ], [ 11.965824890824177, 7.943764141540024 ], [ 11.96658887516954, 7.943388158753613 ], [ 11.967294085680853, 7.940891583752102 ], [ 11.966361801552972, 7.940011087244225 ], [ 11.966071955544097, 7.93942613175329 ], [ 11.965791850254783, 7.93916240864947 ], [ 11.965520520963018, 7.938346003872604 ], [ 11.965238274013776, 7.938079648348751 ], [ 11.965776076787968, 7.93755654217229 ], [ 11.96604807843881, 7.936987163376015 ], [ 11.967062748119524, 7.935292961450741 ], [ 11.967387752070048, 7.934267454021317 ], [ 11.968203942809097, 7.933474522791151 ], [ 11.968195459667928, 7.933180278245367 ], [ 11.968202396434767, 7.932667312172192 ], [ 11.967622662871648, 7.929121255588462 ], [ 11.967627074347874, 7.928848091474328 ], [ 11.967618740990114, 7.928574488840948 ], [ 11.968398569327082, 7.928190460481908 ], [ 11.968694353763999, 7.926940729575669 ], [ 11.970061673776026, 7.926598032461704 ], [ 11.970027261099006, 7.9253538340689 ], [ 11.970309704098634, 7.924761091804792 ], [ 11.970852766015433, 7.924233715737761 ], [ 11.971281348782696, 7.921958795817384 ], [ 11.971649909109123, 7.921233639317028 ], [ 11.971909480624298, 7.920413451404383 ], [ 11.973244322129373, 7.918064316934188 ], [ 11.973509238228502, 7.916065816515705 ], [ 11.973785511926026, 7.915798125868331 ], [ 11.974047023954148, 7.915248939132484 ], [ 11.974864969950508, 7.914706370435332 ], [ 11.97566426082051, 7.913340306348209 ], [ 11.975940531427955, 7.913072615431335 ], [ 11.976202039717107, 7.912523428978289 ], [ 11.976658618099719, 7.912080303598986 ], [ 11.977385171702755, 7.909014047789067 ], [ 11.977808154644976, 7.908181052251734 ], [ 11.978059933177821, 7.906276871712044 ], [ 11.978595984996812, 7.905220755663634 ], [ 11.978306990754163, 7.901938903709095 ], [ 11.978017196408965, 7.900320186621578 ], [ 11.977465240208561, 7.897084667906713 ], [ 11.977174604529178, 7.896532009114589 ], [ 11.976905256529907, 7.895986607692732 ], [ 11.97608159460996, 7.895726754344381 ], [ 11.975740639209674, 7.894374114542686 ], [ 11.973627630913843, 7.894654871888852 ], [ 11.971992474572579, 7.894944927214398 ], [ 11.971444523840496, 7.893299974139816 ], [ 11.970075170885087, 7.892006504506123 ], [ 11.970092958422104, 7.890632247697597 ], [ 11.968698554988414, 7.889545913679512 ], [ 11.968431158575768, 7.889271502394102 ], [ 11.967396695210189, 7.888780216515682 ], [ 11.966647360668455, 7.888072527200496 ], [ 11.965976753513305, 7.887386509803596 ], [ 11.965138704140106, 7.886595281667828 ], [ 11.965153235083527, 7.885505821255633 ], [ 11.964866349459276, 7.8857735763277 ], [ 11.964368939632244, 7.886297430908361 ], [ 11.963791379134806, 7.886599534716566 ], [ 11.961858595851067, 7.886990103617552 ], [ 11.960514404711926, 7.887435256715177 ], [ 11.959747195109335, 7.888242621042927 ], [ 11.95693605132506, 7.888893994989287 ], [ 11.956458677904527, 7.887459172602012 ], [ 11.95590297662811, 7.886655338199758 ], [ 11.955256342471023, 7.883811565037421 ], [ 11.954389214637057, 7.882061887462667 ], [ 11.953970849343374, 7.882056370347454 ], [ 11.953429465399697, 7.882071306328633 ], [ 11.952898980151392, 7.881527187924677 ], [ 11.952063191322862, 7.881798807292205 ], [ 11.951783863536205, 7.882385162236635 ], [ 11.948267681501715, 7.883180654029237 ], [ 11.948001048103368, 7.883461492144088 ], [ 11.947730461674229, 7.88318443753415 ], [ 11.947183186979007, 7.88266795364976 ], [ 11.947167535901567, 7.882106966663402 ], [ 11.947185556621713, 7.880753325889772 ], [ 11.946074176408231, 7.880491185175154 ], [ 11.945582452870179, 7.878070807826396 ], [ 11.944696041351067, 7.877790668926039 ], [ 11.944424833607826, 7.876974218203197 ], [ 11.943601210310526, 7.876714279118686 ], [ 11.943328091054255, 7.875626818669573 ], [ 11.941966802020842, 7.875306071817906 ], [ 11.94222690013353, 7.874550466505781 ], [ 11.942627609841688, 7.874161235637573 ], [ 11.941359612549336, 7.872616525591243 ], [ 11.941662905839314, 7.870760120934464 ], [ 11.940839295996675, 7.870500171174442 ], [ 11.940305059887923, 7.869419829694326 ], [ 11.939742586414997, 7.869152751311468 ], [ 11.939469488601553, 7.868065282458626 ], [ 11.93869395630934, 7.867696474322801 ], [ 11.939177961179904, 7.866170168652104 ], [ 11.94099380342726, 7.864406914572264 ], [ 11.941327406458232, 7.862631816776537 ], [ 11.941991851082607, 7.862304791394044 ], [ 11.942683172997183, 7.861272497748645 ], [ 11.94294090416432, 7.860181310304498 ], [ 11.943491442593853, 7.859360151567527 ], [ 11.942668456191303, 7.858582498387231 ], [ 11.942388429941975, 7.858017009063031 ], [ 11.941842273188682, 7.857501554299251 ], [ 11.942366783280264, 7.855848986461877 ], [ 11.943186615428706, 7.855577514663743 ], [ 11.943736942542827, 7.854726715905178 ], [ 11.944264175494654, 7.854214855771566 ], [ 11.944527635225681, 7.853936693945747 ], [ 11.945075684740823, 7.853667125074035 ], [ 11.945853041135637, 7.852040312652376 ], [ 11.946421187325333, 7.851760544746911 ], [ 11.94668273312374, 7.851211375223005 ], [ 11.946957092052953, 7.850672703808095 ], [ 11.947296704333382, 7.849601590183228 ], [ 11.951805781150428, 7.849477844882395 ], [ 11.952241981080295, 7.850359299734453 ], [ 11.952660501356803, 7.850090634212877 ], [ 11.952922037264546, 7.84954146419356 ], [ 11.953198301046465, 7.849273797906147 ], [ 11.95344643413963, 7.846827587344178 ], [ 11.953720781916504, 7.846288915716171 ], [ 11.953692200096073, 7.845248445144251 ], [ 11.954108568818286, 7.844375294502401 ], [ 11.955603505735727, 7.844394964658778 ], [ 11.95587144935565, 7.843551441207398 ], [ 11.956359326798029, 7.844535219556242 ], [ 11.958713582413806, 7.844918839272175 ], [ 11.960228251318116, 7.844876950645664 ], [ 11.96050095365379, 7.845157164985904 ], [ 11.960780971201881, 7.845420917398476 ], [ 11.961048325425551, 7.84569534640657 ], [ 11.961600111018965, 7.845957184285724 ], [ 11.962121976905962, 7.846491308837162 ], [ 11.962696136646404, 7.846764103231936 ], [ 11.962416723490051, 7.847035500880766 ], [ 11.962155202627541, 7.847584671645611 ], [ 11.961620623046814, 7.848103476285616 ], [ 11.961602756715576, 7.849477744857866 ], [ 11.962170528431734, 7.849747407257722 ], [ 11.962713499132315, 7.850561925351505 ], [ 11.96338992839069, 7.850883223095828 ], [ 11.962953282093528, 7.852636796780802 ], [ 11.963282590270124, 7.853262788219342 ], [ 11.96363372099678, 7.853971730567358 ], [ 11.964889926632944, 7.854606530809849 ], [ 11.965192722263264, 7.854338670966051 ], [ 11.965456163173968, 7.854060501145348 ], [ 11.965732417735268, 7.853792828530411 ], [ 11.96607345047677, 7.853079003334105 ], [ 11.967320510847649, 7.852426534876773 ], [ 11.968442388057307, 7.852684332456266 ], [ 11.968967486392863, 7.853222653395926 ], [ 11.971599052363239, 7.85288539486576 ], [ 11.971965167416437, 7.852117399832183 ], [ 11.972572426085183, 7.851818270188851 ], [ 11.973840092807423, 7.850483871490748 ], [ 11.974130927412482, 7.850475990285645 ], [ 11.974845478467762, 7.850485225495325 ], [ 11.975213500598393, 7.849389565522399 ], [ 11.975593540694781, 7.848192719961162 ], [ 11.976281633796722, 7.847468497926363 ], [ 11.978267074215504, 7.847494666536899 ], [ 11.979320296646476, 7.845867477317421 ], [ 11.98033732633356, 7.846908857336325 ], [ 11.981173014103994, 7.846637214071889 ], [ 11.982668304740288, 7.846114756098007 ], [ 11.984698793699172, 7.846059061946328 ], [ 11.989535994341162, 7.846123153129474 ], [ 11.990284668882133, 7.844968152628117 ], [ 11.991486384201009, 7.844666894643347 ], [ 11.991749797688303, 7.844388717051196 ], [ 11.993058915897153, 7.843519794064516 ], [ 11.99215829200906, 7.840497980788231 ], [ 11.992801937776836, 7.839503052720175 ], [ 11.993346040633202, 7.838691447263748 ], [ 11.994139390698614, 7.836512433237834 ], [ 11.994447234842335, 7.83621329764456 ], [ 11.994381168046436, 7.833803264267738 ], [ 11.994412940906752, 7.831416883373956 ], [ 11.993833325622404, 7.830823404632051 ], [ 11.993307483998287, 7.830326937088621 ], [ 11.992966331104313, 7.829678301558301 ], [ 11.9929948694763, 7.827579888688081 ], [ 11.992979323325375, 7.827037979014559 ], [ 11.993551616771663, 7.826756024058269 ], [ 11.99481598837623, 7.825425341542612 ], [ 11.995949989770258, 7.824866796674124 ], [ 11.996228142884497, 7.824573167090954 ], [ 11.997030419836024, 7.823794137039298 ], [ 11.997571369916386, 7.822395547809066 ], [ 11.997847738766213, 7.821852624316828 ], [ 11.997020176292803, 7.8213207223429 ], [ 11.997027799413983, 7.820753242827741 ], [ 11.996026958685349, 7.818848466223795 ], [ 11.997262159408086, 7.817004029700988 ], [ 11.997532137430243, 7.815863557146939 ], [ 11.998340723757718, 7.815078134199065 ], [ 11.998729786940288, 7.8142623442168 ], [ 12.002141137937265, 7.814503813479855 ], [ 12.002429866127425, 7.814799763090322 ], [ 12.003770312763473, 7.814763232139412 ], [ 12.004300061913181, 7.814770048817349 ], [ 12.004851404261061, 7.814234167146395 ], [ 12.005116112463526, 7.813398617709807 ], [ 12.005674626860186, 7.813123634994239 ], [ 12.005630084939224, 7.811497909255007 ], [ 12.00673546898582, 7.810953320657093 ], [ 12.008519446347174, 7.809856590612143 ], [ 12.00971866944854, 7.810113760041175 ], [ 12.011620290521412, 7.810918516518467 ], [ 12.012715492792411, 7.811176417302709 ], [ 12.013500409185914, 7.811980657780382 ], [ 12.01461570851003, 7.810897146374568 ], [ 12.015132990767466, 7.810351444071006 ], [ 12.018417955829069, 7.810593691834633 ], [ 12.018685303070864, 7.810868078745643 ], [ 12.019508772241874, 7.81112790243034 ], [ 12.019778068764124, 7.811673278037939 ], [ 12.021155297528392, 7.812327702943011 ], [ 12.022505122767965, 7.813008784035882 ], [ 12.023328596157929, 7.813268597728039 ], [ 12.023741379607912, 7.813691200978809 ], [ 12.024907618890444, 7.812463335678946 ], [ 12.026019306144301, 7.811915483502983 ], [ 12.026440052725137, 7.811086228935734 ], [ 12.026831527371893, 7.809435710301758 ], [ 12.027637914956948, 7.808651330414173 ], [ 12.028158960355256, 7.807010999291477 ], [ 12.02894636919256, 7.806245281175632 ], [ 12.029515347584818, 7.805365211234586 ], [ 12.030077182166108, 7.804819710283169 ], [ 12.030852477866761, 7.802374612021525 ], [ 12.031262748992186, 7.801566607038829 ], [ 12.031655922000766, 7.800742845958813 ], [ 12.032203815715539, 7.800473210406249 ], [ 12.032463268647097, 7.799653054172499 ], [ 12.034641474918805, 7.799371723951627 ], [ 12.034881378054788, 7.795841706529114 ], [ 12.035429262903717, 7.795572069986527 ], [ 12.035960425052675, 7.794749965996508 ], [ 12.036509648265211, 7.793930380186773 ], [ 12.036491001406773, 7.793258306998899 ], [ 12.036496560819932, 7.792851767352761 ], [ 12.036482354933007, 7.792353801344778 ], [ 12.036750161743404, 7.791221302557664 ], [ 12.037337173709375, 7.790932330689054 ], [ 12.038100906909653, 7.790127614059397 ], [ 12.038377070266678, 7.789859926638164 ], [ 12.038632601675957, 7.78849780273645 ], [ 12.039180474485986, 7.788228165856868 ], [ 12.039469910509665, 7.787005004529508 ], [ 12.040790640250396, 7.786314323218651 ], [ 12.041839832643239, 7.785797081470681 ], [ 12.042149721343687, 7.78549686370923 ], [ 12.042403286535533, 7.783863758572278 ], [ 12.042679443496828, 7.783596070912783 ], [ 12.043184014928547, 7.783063683207061 ], [ 12.04477698046343, 7.78200635968288 ], [ 12.045111099529262, 7.781681620158209 ], [ 12.045596707137452, 7.781169481243107 ], [ 12.048813389006963, 7.780818198471303 ], [ 12.05024640986384, 7.780837000444845 ], [ 12.052277230220874, 7.780302092484517 ], [ 12.05481599604051, 7.779851378474578 ], [ 12.055149909127667, 7.780525402277224 ], [ 12.055973306645766, 7.78078516938106 ], [ 12.056244571022871, 7.78160149265061 ], [ 12.056796268802881, 7.781863216042861 ], [ 12.057069501133959, 7.78295051860099 ], [ 12.057351463798103, 7.783485180879927 ], [ 12.057622734285793, 7.784301501466395 ], [ 12.058717843016984, 7.784559299022935 ], [ 12.058987150412833, 7.785104637180951 ], [ 12.059546090132036, 7.785632004026394 ], [ 12.060085770570755, 7.786722668856431 ], [ 12.061491913474038, 7.78698561995059 ], [ 12.062540954846753, 7.788059893576457 ], [ 12.063364367879881, 7.788319638724199 ], [ 12.063898679090556, 7.789399746436043 ], [ 12.065543955882243, 7.78912213983833 ], [ 12.067101466953796, 7.788307412287078 ], [ 12.068253101754182, 7.78801855144821 ], [ 12.068514451037773, 7.787469380571514 ], [ 12.069157979165203, 7.786202382663387 ], [ 12.069603482204652, 7.784412873132942 ], [ 12.069077922850852, 7.783521683252091 ], [ 12.067400026376546, 7.783683559536522 ], [ 12.067011126428937, 7.784499351748551 ], [ 12.064958698803171, 7.784248503075886 ], [ 12.064685445922043, 7.783161213908184 ], [ 12.063862044418682, 7.782901467675205 ], [ 12.063561237471736, 7.778020468612024 ], [ 12.062737847103564, 7.777760715960931 ], [ 12.062451403893357, 7.776901109676504 ], [ 12.06190898688601, 7.77586974469584 ], [ 12.061420262206838, 7.773460791256019 ], [ 12.060685391154639, 7.773112000048356 ], [ 12.059979601977378, 7.772089747290759 ], [ 12.059710308444155, 7.771544406746834 ], [ 12.059430320892323, 7.77128072412945 ], [ 12.059162992202685, 7.771006363100674 ], [ 12.058883005341007, 7.770742679843991 ], [ 12.058609788998409, 7.769655376665884 ], [ 12.057248928876001, 7.769334904207147 ], [ 12.057506837147608, 7.768308347234653 ], [ 12.058598052527673, 7.768034786658534 ], [ 12.059148040864919, 7.767183966565685 ], [ 12.05934727330917, 7.766990426633265 ], [ 12.0536098, 7.7572222 ], [ 12.0436096, 7.7397213 ], [ 12.041592019745003, 7.734995778851936 ], [ 12.041224778168083, 7.734821399163033 ], [ 12.040690637464524, 7.73374121118407 ], [ 12.039128973585175, 7.733373367513505 ], [ 12.038781146545171, 7.732670822867759 ], [ 12.038227042406872, 7.731617235476599 ], [ 12.037942845661012, 7.729424794158917 ], [ 12.037395773135119, 7.728907860888032 ], [ 12.037660307034312, 7.728056455559162 ], [ 12.038345134866438, 7.727391014123992 ], [ 12.034196521641324, 7.717674245989558 ], [ 12.034054263792576, 7.717528415971757 ], [ 12.033231001575714, 7.717268552722666 ], [ 12.03242039823043, 7.716998010541956 ], [ 12.031053803539086, 7.716741997252087 ], [ 12.030784603239672, 7.716196609023521 ], [ 12.03050467639104, 7.715932885553773 ], [ 12.030224722103858, 7.715367459866532 ], [ 12.029681955322696, 7.714854709376644 ], [ 12.02969318165516, 7.714046915841953 ], [ 12.029219865361481, 7.713599834205409 ], [ 12.028853992619915, 7.712145258948008 ], [ 12.028502484193499, 7.711813759663939 ], [ 12.028916071389325, 7.710579145144538 ], [ 12.028477031839738, 7.708833441264896 ], [ 12.027877315572065, 7.708219990855757 ], [ 12.027458498634919, 7.707824390026992 ], [ 12.0271494389479, 7.706596477516667 ], [ 12.026365561071035, 7.706200810159205 ], [ 12.025833986980436, 7.706215155417933 ], [ 12.025543383726779, 7.705940914120118 ], [ 12.025017430447077, 7.705402095994463 ], [ 12.024179303292774, 7.705137544901963 ], [ 12.024205173087257, 7.703250922940168 ], [ 12.023354385693793, 7.702846721017797 ], [ 12.023614784132425, 7.702155198126768 ], [ 12.024162583547074, 7.701885619177786 ], [ 12.024154180642888, 7.701598795845264 ], [ 12.024963614695055, 7.700812355183801 ], [ 12.024967922529594, 7.700522266109278 ], [ 12.024945301089605, 7.699727411848714 ], [ 12.02526555737172, 7.699096866291672 ], [ 12.023851857614469, 7.698625182286989 ], [ 12.022293237486286, 7.698667940375116 ], [ 12.021420975420552, 7.698376624197903 ], [ 12.019499438027289, 7.698122874054406 ], [ 12.018970297620921, 7.697580888020992 ], [ 12.01842329484151, 7.697063904922384 ], [ 12.018767304996956, 7.695590008756088 ], [ 12.019758016966161, 7.694626042597577 ], [ 12.019484829194139, 7.693512188886983 ], [ 12.01894210821925, 7.692999408472601 ], [ 12.018651439296443, 7.69241392551064 ], [ 12.018108720828439, 7.691901143085504 ], [ 12.017841478921397, 7.691626725432351 ], [ 12.017289924874913, 7.691364895701858 ], [ 12.017022683767481, 7.691090477196801 ], [ 12.015659767084554, 7.690442664881549 ], [ 12.015906719545702, 7.687846259008936 ], [ 12.01618094614258, 7.68730761297113 ], [ 12.016735378458712, 7.685875111776547 ], [ 12.017488938135061, 7.684389869050854 ], [ 12.017521696326629, 7.681966998137563 ], [ 12.016406034027284, 7.68161491039599 ], [ 12.01612613522849, 7.681049458684466 ], [ 12.015337725425319, 7.680303907495853 ], [ 12.014764423706342, 7.679213323376405 ], [ 12.014375225495337, 7.67729307569029 ], [ 12.012845905545415, 7.6775695189535 ], [ 12.011796033021893, 7.678118896123695 ], [ 12.00985973630354, 7.677866757110016 ], [ 12.009588693969238, 7.677050340593497 ], [ 12.007407280674878, 7.676799905481426 ], [ 12.007066679838527, 7.675447249857032 ], [ 12.006313030971546, 7.67571823887199 ], [ 12.005551440273928, 7.676520184332933 ], [ 12.004697170777099, 7.676818871690092 ], [ 12.003062781688865, 7.677096016692132 ], [ 12.00275773846756, 7.67838650111518 ], [ 12.001715957063146, 7.678731486913835 ], [ 12.000519401685192, 7.679552877830283 ], [ 12.000361548829291, 7.679288264949773 ], [ 12.000092422710907, 7.678742832206815 ], [ 11.999812540734522, 7.678479071368315 ], [ 11.999545317945023, 7.67820463434588 ], [ 11.998450486163691, 7.677946563305126 ], [ 11.998179462751143, 7.677130131163521 ], [ 11.997432223054853, 7.676047070920632 ], [ 11.997880544204838, 7.674151104767797 ], [ 11.99841646263857, 7.6730950844821 ], [ 11.997897270302042, 7.671995609927232 ], [ 11.997320192723246, 7.671721213917885 ], [ 11.997049179763369, 7.670904778500444 ], [ 11.99676823726859, 7.670639961586926 ], [ 11.997117118234373, 7.669241719604187 ], [ 11.996481513905003, 7.667427942886795 ], [ 11.997343390908489, 7.6663977077985 ], [ 11.998636722154886, 7.665760394713542 ], [ 11.998361845582775, 7.664391379371569 ], [ 11.99795485397158, 7.664006755778288 ], [ 12.000510332235933, 7.660858567509633 ], [ 12.001303658250562, 7.658679665987775 ], [ 12.002666348486477, 7.65840444878346 ], [ 12.003430031352783, 7.657599856731038 ], [ 12.004518173497919, 7.657063481138276 ], [ 12.004828040494909, 7.656763315092607 ], [ 12.005078074479831, 7.654588207033958 ], [ 12.005352312407979, 7.65404957018584 ], [ 12.005613743290457, 7.653500435362489 ], [ 12.006141263027915, 7.65246141838725 ], [ 12.006675933976966, 7.650777647308018 ], [ 12.007479368021709, 7.648380605505684 ], [ 12.007142720753409, 7.646675390387868 ], [ 12.006520700964014, 7.646038729734097 ], [ 12.006101979203628, 7.645643075699175 ], [ 12.005829090066181, 7.644555649663858 ], [ 12.003403597088283, 7.644277188784785 ], [ 12.003356450080958, 7.642542952306614 ], [ 12.003394122205568, 7.639736261969234 ], [ 12.002918798743222, 7.639287005592279 ], [ 12.003600429983837, 7.63752493664876 ], [ 12.004013567024019, 7.637123487949408 ], [ 12.004650825300455, 7.636452117325019 ], [ 12.005525341907481, 7.635872254375615 ], [ 12.006271081258408, 7.635085795677583 ], [ 12.007117074094543, 7.634524656055852 ], [ 12.01022098484659, 7.63168603361753 ], [ 12.011816823607072, 7.630626345938569 ], [ 12.011242747945468, 7.628346368655449 ], [ 12.009737817872804, 7.627991625727452 ], [ 12.009781088709934, 7.624772577003395 ], [ 12.009491469284058, 7.624475531091433 ], [ 12.008940018791556, 7.624213654317709 ], [ 12.00855579662116, 7.623436649835214 ], [ 12.007297447586325, 7.623139458615925 ], [ 12.008320848558414, 7.622460113477833 ], [ 12.0099564279005, 7.620409294909657 ], [ 12.009999489330385, 7.617157430480575 ], [ 12.009962439915231, 7.615802648732079 ], [ 12.01077979504718, 7.615399981010353 ], [ 12.010507842735016, 7.614441170507948 ], [ 12.009956407397222, 7.6141792901479 ], [ 12.009606346710992, 7.613126273838962 ], [ 12.008054533815693, 7.612126597627569 ], [ 12.008036229376433, 7.61147990361921 ], [ 12.008053700524307, 7.610181905930276 ], [ 12.00775773998522, 7.60958213146149 ], [ 12.007270711182013, 7.609121833816782 ], [ 12.006382054197385, 7.607970920720794 ], [ 12.006102445492971, 7.607128603667724 ], [ 12.004739081777702, 7.605151539939532 ], [ 12.005193026137773, 7.603451939184893 ], [ 12.005533230951414, 7.603093352297859 ], [ 12.005809347446217, 7.602825723005412 ], [ 12.006072659043229, 7.602547595016954 ], [ 12.006348774851276, 7.602279965642033 ], [ 12.006876457425582, 7.601723703045521 ], [ 12.007942953566879, 7.600686792940422 ], [ 12.00823379130297, 7.59643968222351 ], [ 12.009556253626906, 7.595748228384686 ], [ 12.011129575931037, 7.594972989707548 ], [ 12.011456268960309, 7.594656311837483 ], [ 12.011812717252111, 7.592367211799584 ], [ 12.012515615736532, 7.591683758152348 ], [ 12.012244576977984, 7.590851442809272 ], [ 12.011149993530651, 7.590593319446774 ], [ 12.010869635908954, 7.588421906254855 ], [ 12.010318240035312, 7.588160013148256 ], [ 12.010051091860275, 7.587885562400856 ], [ 12.009508560655043, 7.587372711464161 ], [ 12.008783295039935, 7.58590836115578 ], [ 12.007855079726774, 7.585466987508054 ], [ 12.007319730238679, 7.584918088326386 ], [ 12.006531577821193, 7.584173503032152 ], [ 12.005937010061306, 7.583041176320743 ], [ 12.005660963698855, 7.581942639379927 ], [ 12.004306396489888, 7.581979525119088 ], [ 12.004589494180376, 7.579508312769059 ], [ 12.005093992389201, 7.578976570295715 ], [ 12.005652257928331, 7.57870170359351 ], [ 12.00617093158665, 7.577614082638163 ], [ 12.006662013174411, 7.577136952401067 ], [ 12.00701653915176, 7.574869566447627 ], [ 12.007754845670744, 7.574091665523264 ], [ 12.008458103128447, 7.574072513677035 ], [ 12.009677208755562, 7.574088433282488 ], [ 12.009942993405543, 7.573251868080826 ], [ 12.010470945750525, 7.572738489426236 ], [ 12.010486569327751, 7.571627353643746 ], [ 12.009661063018379, 7.570846501861941 ], [ 12.009916651101992, 7.569457934074579 ], [ 12.010192750478701, 7.569190311124254 ], [ 12.010454164949531, 7.568641194058821 ], [ 12.011118141864518, 7.568314252616823 ], [ 12.011835293623282, 7.567242200586887 ], [ 12.011791357160529, 7.565650862390994 ], [ 12.012082205770717, 7.565368845587655 ], [ 12.012596677038808, 7.564290256268398 ], [ 12.014222460815732, 7.56375129120594 ], [ 12.014226844018406, 7.563465961542123 ], [ 12.013522210557536, 7.56313101718097 ], [ 12.012835227647271, 7.561823601716011 ], [ 12.012852913701508, 7.560550485045177 ], [ 12.012567306156841, 7.55914131219768 ], [ 12.011418264720351, 7.558054631141574 ], [ 12.011455912910447, 7.555222018999542 ], [ 12.011441547666724, 7.554680102003941 ], [ 12.011471683641055, 7.55244619481288 ], [ 12.011152401420711, 7.551839158751855 ], [ 12.01087965309924, 7.550751713630643 ], [ 12.010450381592756, 7.550346574454665 ], [ 12.009768296449975, 7.548054585869848 ], [ 12.0094880571712, 7.545883154600679 ], [ 12.008670636366936, 7.545494446972198 ], [ 12.009637087596094, 7.544730341261927 ], [ 12.011381960328034, 7.543818532143261 ], [ 11.9956175, 7.5278719 ], [ 11.963763656670773, 7.495649964179883 ], [ 11.962427640545314, 7.495529379874912 ], [ 11.96215875815307, 7.494983856593325 ], [ 11.961335963638907, 7.494723671831807 ], [ 11.960797370764983, 7.494450983864038 ], [ 11.959703032582043, 7.494192623457222 ], [ 11.959426831557614, 7.492563061686937 ], [ 11.959145298820218, 7.492028207364601 ], [ 11.958876423599808, 7.491482679557739 ], [ 11.958596722308382, 7.491218833341398 ], [ 11.958326019136527, 7.49040229563136 ], [ 11.958042509444937, 7.489862705266634 ], [ 11.954392455877272, 7.486170472885703 ], [ 11.952918007528824, 7.487375327042913 ], [ 11.950971774778177, 7.487887019645659 ], [ 11.950159645902684, 7.487475871307165 ], [ 11.949608408431365, 7.487213836156728 ], [ 11.949341371049771, 7.486939307961089 ], [ 11.947432420252603, 7.486686364183001 ], [ 11.947092370431855, 7.485333520425297 ], [ 11.946610471017156, 7.48560247605275 ], [ 11.946336616187306, 7.485891742723023 ], [ 11.944727291790315, 7.485869690832071 ], [ 11.944448167462347, 7.486164286123544 ], [ 11.943357412726181, 7.486437311125618 ], [ 11.941956834739862, 7.487015191409151 ], [ 11.938515382783278, 7.486968305551027 ], [ 11.937956060645227, 7.487557497248503 ], [ 11.936031183501713, 7.487304608634103 ], [ 11.935764151339963, 7.487030068900828 ], [ 11.933583638543045, 7.486778872971411 ], [ 11.933316607786832, 7.48650433102594 ], [ 11.931720802961861, 7.486127476831973 ], [ 11.93059047704959, 7.482227329870757 ], [ 11.929762721212228, 7.481379520409776 ], [ 11.926485436905917, 7.481134511134244 ], [ 11.926214799488196, 7.480317927625543 ], [ 11.925935119532554, 7.480054050085424 ], [ 11.925666290947984, 7.479508482765612 ], [ 11.92349254421454, 7.47899514458596 ], [ 11.923082408042827, 7.47857438134141 ], [ 11.922661813271581, 7.478175919353716 ], [ 11.922940055928455, 7.477905691183665 ], [ 11.923214347408996, 7.477042082059586 ], [ 11.924003809100176, 7.475487423318325 ], [ 11.924009348431536, 7.475044846674638 ], [ 11.922843062409825, 7.474489345731057 ], [ 11.922222069896193, 7.47330558771815 ], [ 11.921553281226807, 7.471952221705276 ], [ 11.920931834622657, 7.471656192340993 ], [ 11.919686517328582, 7.470379688752954 ], [ 11.918489997857401, 7.469581924103252 ], [ 11.917173666302658, 7.469270897639268 ], [ 11.916901261510894, 7.46818327901071 ], [ 11.916621595437539, 7.467919390269884 ], [ 11.915835538608647, 7.467113078219962 ], [ 11.914713633913799, 7.466847868872201 ], [ 11.914441238460181, 7.465760245684685 ], [ 11.913081358801861, 7.465438901571084 ], [ 11.913323589831379, 7.461973172055362 ], [ 11.913871265860477, 7.461703820898217 ], [ 11.914129222879208, 7.460612696408572 ], [ 11.914940767024264, 7.459824949332106 ], [ 11.91519920595205, 7.458166349442644 ], [ 11.915738822333703, 7.457641900252989 ], [ 11.915443009337872, 7.453015136146871 ], [ 11.914946675801836, 7.452546220281253 ], [ 11.916764987266145, 7.451943995421978 ], [ 11.917200256644211, 7.451520813200342 ], [ 11.917860715300302, 7.450825644235962 ], [ 11.918637936020117, 7.450070970934723 ], [ 11.9066658, 7.4383326 ], [ 11.8961105, 7.4283333 ], [ 11.8883324, 7.4222221 ], [ 11.8713865, 7.4116659 ], [ 11.8572216, 7.3983326 ], [ 11.8526944, 7.391252 ], [ 11.8526721, 7.3912172 ], [ 11.8193989, 7.4309796 ], [ 11.816824, 7.4340568 ], [ 11.8099175, 7.4420815 ], [ 11.8047485, 7.4467974 ], [ 11.8017416, 7.4495406 ], [ 11.7960863, 7.4546995 ], [ 11.7914944, 7.4627194 ], [ 11.7857447, 7.4707413 ], [ 11.7765331, 7.48106 ], [ 11.7719355, 7.4879355 ], [ 11.7674217, 7.5131173 ], [ 11.7663012, 7.5211291 ], [ 11.7651758, 7.527997 ], [ 11.7629194, 7.5405879 ], [ 11.7629509, 7.5474525 ], [ 11.7641668, 7.5600357 ], [ 11.7653666, 7.5691862 ], [ 11.7665501, 7.5749044 ], [ 11.7665877, 7.5749992 ], [ 11.768425, 7.5796208 ], [ 11.7678213, 7.5825706 ], [ 11.7679867, 7.5881227 ], [ 11.768058, 7.5887918 ], [ 11.7681292, 7.5911822 ], [ 11.7682828, 7.5963497 ], [ 11.7683438, 7.5983982 ], [ 11.7665729, 7.6031408 ], [ 11.7665438, 7.6042913 ], [ 11.7663306, 7.61272 ], [ 11.766158, 7.6149244 ], [ 11.7691602, 7.6275301 ], [ 11.7727441, 7.6515493 ], [ 11.7716502, 7.6652818 ], [ 11.7694148, 7.6824493 ], [ 11.7648381, 7.6939011 ], [ 11.7580365, 7.7248092 ], [ 11.7265461, 7.7191846 ], [ 11.6827219, 7.7341471 ], [ 11.6486901, 7.742869 ], [ 11.6329776, 7.7504053 ], [ 11.6320645, 7.7644576 ], [ 11.636128, 7.7730301 ], [ 11.6488011, 7.7907676 ], [ 11.646158, 7.8171506 ], [ 11.6478652, 7.8455229 ], [ 11.6506436, 7.8573267 ], [ 11.6464204, 7.865797 ], [ 11.632421, 7.867192 ], [ 11.6196741, 7.8737148 ], [ 11.6099319, 7.8876073 ], [ 11.5994298, 7.8977244 ], [ 11.5904205, 7.9080177 ], [ 11.5844467, 7.9082681 ], [ 11.570218, 7.9060173 ], [ 11.5632733, 7.906033 ], [ 11.5632219, 7.906033 ], [ 11.5555849, 7.9037886 ], [ 11.5515528, 7.9033318 ], [ 11.5499725, 7.9018621 ], [ 11.5446625, 7.8969221 ], [ 11.5411682, 7.8923535 ], [ 11.5388269, 7.8866382 ], [ 11.5376482, 7.8820643 ], [ 11.5352907, 7.8729162 ], [ 11.5329447, 7.8660569 ], [ 11.5294304, 7.8569112 ], [ 11.5282516, 7.8523374 ], [ 11.5259047, 7.8454776 ], [ 11.5165501, 7.8249044 ], [ 11.5141935, 7.8157563 ], [ 11.5072069, 7.8066192 ], [ 11.5009836, 7.800509 ], [ 11.5009906, 7.8004654 ], [ 11.5002822, 7.7997699 ], [ 11.4944896, 7.7986393 ], [ 11.494467, 7.7986449 ], [ 11.4944382, 7.7986393 ], [ 11.4898138, 7.7997937 ], [ 11.4821901, 7.8102388 ], [ 11.4806128, 7.8124008 ], [ 11.4725266, 7.8158512 ], [ 11.465641, 7.8284535 ], [ 11.4621849, 7.8318939 ], [ 11.4575825, 7.837625 ], [ 11.4541302, 7.8422093 ], [ 11.446679, 7.8504532 ], [ 11.4437666, 7.8536754 ], [ 11.4380226, 7.8628416 ], [ 11.4345655, 7.866282 ], [ 11.4265118, 7.8765979 ], [ 11.4207726, 7.8869081 ], [ 11.4115667, 7.8983707 ], [ 11.4081364, 7.9075322 ], [ 11.4035444, 7.9155521 ], [ 11.4001093, 7.9235687 ], [ 11.3932333, 7.9384589 ], [ 11.3828754, 7.9510679 ], [ 11.3725224, 7.9648218 ], [ 11.3667774, 7.9739885 ], [ 11.3656311, 7.9762793 ], [ 11.3633528, 7.9842935 ], [ 11.3587551, 7.9911695 ], [ 11.356451, 7.993463 ], [ 11.3541517, 7.996901 ], [ 11.3518639, 8.0026264 ], [ 11.350749, 8.0117826 ], [ 11.3461351, 8.0152254 ], [ 11.3415213, 8.0186682 ], [ 11.3415375, 8.0221014 ], [ 11.342721, 8.0278196 ], [ 11.3473616, 8.030097 ], [ 11.3473834, 8.0300825 ], [ 11.347413, 8.030097 ], [ 11.3508748, 8.0278006 ], [ 11.3542901, 8.0266656 ], [ 11.3543414, 8.0266485 ], [ 11.3543681, 8.0323696 ], [ 11.352064, 8.0346632 ], [ 11.3468608, 8.0358191 ], [ 11.3463086, 8.0415411 ], [ 11.3497914, 8.0438213 ], [ 11.3521222, 8.0472488 ], [ 11.354453, 8.0506763 ], [ 11.3579463, 8.0552444 ], [ 11.3626183, 8.0643873 ], [ 11.371909, 8.0712309 ], [ 11.3765706, 8.0780849 ], [ 11.3800649, 8.082654 ], [ 11.3835515, 8.0860777 ], [ 11.3905276, 8.092927 ], [ 11.4009818, 8.1009121 ], [ 11.4079522, 8.1066179 ], [ 11.4184159, 8.1168909 ], [ 11.4265498, 8.1237373 ], [ 11.4335317, 8.1317301 ], [ 11.4393395, 8.1362944 ], [ 11.448636, 8.1442823 ], [ 11.4552226, 8.1498689 ], [ 11.4567184, 8.1511278 ], [ 11.4613686, 8.155694 ], [ 11.4695082, 8.1636848 ], [ 11.4776363, 8.1693869 ], [ 11.485775, 8.1773777 ], [ 11.4962339, 8.1865072 ], [ 11.5043726, 8.1944971 ], [ 11.510191, 8.2013493 ], [ 11.514842, 8.2059155 ], [ 11.5229864, 8.2150497 ], [ 11.5288153, 8.2241898 ], [ 11.5381279, 8.23561 ], [ 11.546277, 8.2458887 ], [ 11.5497761, 8.2516012 ], [ 11.5544424, 8.2595997 ], [ 11.56145, 8.2733145 ], [ 11.5661325, 8.2847452 ], [ 11.5668845, 8.2860949 ], [ 11.5731354, 8.2973146 ], [ 11.5777969, 8.3041687 ], [ 11.5801382, 8.309885 ], [ 11.584816, 8.3201714 ], [ 11.5894995, 8.3316021 ], [ 11.5953274, 8.3407421 ], [ 11.5988264, 8.3464556 ], [ 11.6011677, 8.3521709 ], [ 11.6151352, 8.3693008 ], [ 11.6186237, 8.3727255 ], [ 11.6221123, 8.3761501 ], [ 11.6297879, 8.3865666 ], [ 11.6128945, 8.4037211 ], [ 11.6181183, 8.4067704 ], [ 11.63301, 8.4113116 ], [ 11.638274, 8.4138399 ], [ 11.6429738, 8.4268528 ], [ 11.6459221, 8.4331227 ], [ 11.648308, 8.4423685 ], [ 11.6558051, 8.4453619 ], [ 11.6617883, 8.4497799 ], [ 11.6702188, 8.451773 ], [ 11.6794999, 8.46258 ], [ 11.6901738, 8.4646073 ], [ 11.6994483, 8.4688536 ], [ 11.7090456, 8.4653037 ], [ 11.7162743, 8.4651794 ], [ 11.7243919, 8.4685936 ], [ 11.7301893, 8.4708691 ], [ 11.7360029, 8.4765759 ], [ 11.7387725, 8.4790484 ], [ 11.7414641, 8.4814512 ], [ 11.7487869, 8.4879885 ], [ 11.7569208, 8.4948349 ], [ 11.766222, 8.5039663 ], [ 11.780158, 8.5142326 ], [ 11.7859821, 8.5222282 ], [ 11.7906542, 8.5313711 ], [ 11.7945471, 8.5462341 ], [ 11.7941393, 8.5539291 ], [ 11.7932393, 8.5603509 ], [ 11.7926653, 8.5644824 ], [ 11.7900008, 8.5727664 ], [ 11.787217462351501, 8.57565790808836 ], [ 11.787567601633986, 8.576015601377049 ] ] ] ] } }
]
}
