{
"type": "FeatureCollection",
"name": "Adamawa_micro_catchments",
"crs": { "type": "name", "properties": { "name": "urn:ogc:def:crs:OGC:1.3:CRS84" } },
"features": [
{ "type": "Feature", "properties": { "Stra_Catch": "Yedseram (East-Chad)", "State": "Adamawa", "LGA": "Madagali", "Population": 0, "Cleard_TOR": "Cleared", "Status": "Completed", "Start_Date": "2024-01-04T00:00:00", "End_Date": "2024-03-15T00:00:00", "Micr_Catch": "Madagali", "Size_Ha": 63194.688612799997, "Comments": null, "OBJECTID_1": 0, "Shape_Leng": 0.0, "Shape_Area": 0.0, "parent_strategic_name": "Yedseram (East-Chad)", "clipped_to_state": true }, "geometry": { "type": "Polygon", "coordinates": [ [ [ 13.604166665637473, 10.858333333893347, 0.0 ], [ 13.593622843103082, 10.857766046043652, 0.0 ], [ 13.588467745675802, 10.853770616298599, 0.0 ], [ 13.586600408668362, 10.84649454786291, 0.0 ], [ 13.579166665698878, 10.845833333919376, 0.0 ], [ 13.579166665698709, 10.841666666961224, 0.0 ], [ 13.575661213585455, 10.840767076917347, 0.0 ], [ 13.574432711791697, 10.826956177464007, 0.0 ], [ 13.571400620534892, 10.823043823492126, 0.0 ], [ 13.570266044835185, 10.818622843547924, 0.0 ], [ 13.565706718585147, 10.813155789286844, 0.0 ], [ 13.551956176237896, 10.811932712204065, 0.0 ], [ 13.546489121979212, 10.807373385952408, 0.0 ], [ 13.545266044895888, 10.793622843598818, 0.0 ], [ 13.542233953639034, 10.78971049052614, 0.0 ], [ 13.541028848607345, 10.771739027813572, 0.0 ], [ 13.537499999731635, 10.770833334070929, 0.0 ], [ 13.535339694178971, 10.771450805889776, 0.0 ], [ 13.531326971371952, 10.774382528310991, 0.0 ], [ 13.527006360266661, 10.775617472848177, 0.0 ], [ 13.522993638359161, 10.778549194370061, 0.0 ], [ 13.51867302725368, 10.779784139806621, 0.0 ], [ 13.514660304446782, 10.782715861328448, 0.0 ], [ 13.503899128364131, 10.784281751882244, 0.0 ], [ 13.507715860119434, 10.789506361510032, 0.0 ], [ 13.508950804656122, 10.794833713285909, 0.0 ], [ 13.497839694271534, 10.796450805841083, 0.0 ], [ 13.493826971464404, 10.799382528262283, 0.0 ], [ 13.483333332898411, 10.800000000081578, 0.0 ], [ 13.482766045048628, 10.797789510559161, 0.0 ], [ 13.479733953791682, 10.793877156587261, 0.0 ], [ 13.478599378091939, 10.789456177542256, 0.0 ], [ 13.475567287734419, 10.785543823570533, 0.0 ], [ 13.474362181803318, 10.767572360857722, 0.0 ], [ 13.46862284250656, 10.766099379265084, 0.0 ], [ 13.46054382247895, 10.758900621948483, 0.0 ], [ 13.445833332987469, 10.758333334098836, 0.0 ], [ 13.443408880362034, 10.75868665974447, 0.0 ], [ 13.439924451700097, 10.762146674512401, 0.0 ], [ 13.433333333017595, 10.762500000158168, 0.0 ], [ 13.432980007372182, 10.755908881473033, 0.0 ], [ 13.429519991706183, 10.752424451910313, 0.0 ], [ 13.429166666060603, 10.745833333225175, 0.0 ], [ 13.437499999973536, 10.745833333224919, 0.0 ], [ 13.438118149880689, 10.734345499528308, 0.0 ], [ 13.451956176478173, 10.721400621124429, 0.0 ], [ 13.457937282318975, 10.719865587209648, 0.0 ], [ 13.461932712062572, 10.714710489779732, 0.0 ], [ 13.463067287762009, 10.710289509835443, 0.0 ], [ 13.466099378119324, 10.706377156762731, 0.0 ], [ 13.467233953818754, 10.701956176818211, 0.0 ], [ 13.470266045075382, 10.698043822846349, 0.0 ], [ 13.471720716470518, 10.692375012878733, 0.0 ], [ 13.481377156359054, 10.691099378515277, 0.0 ], [ 13.485289509429885, 10.688067287257057, 0.0 ], [ 13.489710489372188, 10.68693271155685, 0.0 ], [ 13.493622843342374, 10.683900621198061, 0.0 ], [ 13.50637715629785, 10.682766045497569, 0.0 ], [ 13.510289509368619, 10.679733954239342, 0.0 ], [ 13.516270616108573, 10.678198920324601, 0.0 ], [ 13.520266044952685, 10.673043822894613, 0.0 ], [ 13.521720716347762, 10.667375012926827, 0.0 ], [ 13.53137715623599, 10.666099378563574, 0.0 ], [ 13.535289509306688, 10.663067287305346, 0.0 ], [ 13.539710489249019, 10.66193271160512, 0.0 ], [ 13.5436228432189, 10.658900621246266, 0.0 ], [ 13.548043823161033, 10.657766045546104, 0.0 ], [ 13.551956176231688, 10.654733954287874, 0.0 ], [ 13.566488548638466, 10.654471214152812, 0.0 ], [ 13.560833, 10.64361, 0.0 ], [ 13.5595561, 10.6398461, 0.0 ], [ 13.5559275, 10.6291508, 0.0 ], [ 13.5556067, 10.6280537, 0.0 ], [ 13.5541699, 10.5662591, 0.0 ], [ 13.543364293840719, 10.508301914249763, 0.0 ], [ 13.541666666677667, 10.508333332797065, 0.0 ], [ 13.538350761974158, 10.509184095049994, 0.0 ], [ 13.536588202280816, 10.516052585338572, 0.0 ], [ 13.510289509362648, 10.517233954564359, 0.0 ], [ 13.506241183295222, 10.520371500325648, 0.0 ], [ 13.497925482389871, 10.512961832204194, 0.0 ], [ 13.493877156322412, 10.516099378864849, 0.0 ], [ 13.483333332888408, 10.516666666715144, 0.0 ], [ 13.482766045038789, 10.518877156237606, 0.0 ], [ 13.479733953782164, 10.522789510209694, 0.0 ], [ 13.478543090415702, 10.544924248537281, 0.0 ], [ 13.474999999876182, 10.545833332724349, 0.0 ], [ 13.475567287726278, 10.552210490104068, 0.0 ], [ 13.482766045040242, 10.560289510134602, 0.0 ], [ 13.483900620739913, 10.56324666358449, 0.0 ], [ 13.479733953783763, 10.568622843151742, 0.0 ], [ 13.478599378084347, 10.573043823095864, 0.0 ], [ 13.475567287727134, 10.576956176168578, 0.0 ], [ 13.474432712028268, 10.602210490004305, 0.0 ], [ 13.471400620771782, 10.606122843077021, 0.0 ], [ 13.469933742878418, 10.611838785613772, 0.0 ], [ 13.456122843430895, 10.613067287408043, 0.0 ], [ 13.446488104183453, 10.62180616610453, 0.0 ], [ 13.445833332983165, 10.629166666491539, 0.0 ], [ 13.446186658628884, 10.639924452134593, 0.0 ], [ 13.449646674294833, 10.64340888079794, 0.0 ], [ 13.450353325585857, 10.655879720255728, 0.0 ], [ 13.446186658629554, 10.660075547731216, 0.0 ], [ 13.445480007338913, 10.664213053272748, 0.0 ], [ 13.44964667429567, 10.668408880748157, 0.0 ], [ 13.450353325586834, 10.685046386264483, 0.0 ], [ 13.446186658630527, 10.689242214639304, 0.0 ], [ 13.445480007339908, 10.694091118093535, 0.0 ], [ 13.437853325617276, 10.70174221461475, 0.0 ], [ 13.437146674326993, 10.706591118068818, 0.0 ], [ 13.425353325648008, 10.718408880648878, 0.0 ], [ 13.425000000002665, 10.720833333275314, 0.0 ], [ 13.42278950958174, 10.72140062112533, 0.0 ], [ 13.388201564818283, 10.755105251790516, 0.0 ], [ 13.386932712243498, 10.764710489681979, 0.0 ], [ 13.378583780489212, 10.774080403772523, 0.0 ], [ 13.372789509702368, 10.775567287984908, 0.0 ], [ 13.364710489674739, 10.78276604530194, 0.0 ], [ 13.347789509761514, 10.783900621002463, 0.0 ], [ 13.343877156690352, 10.786932712260599, 0.0 ], [ 13.339456176747671, 10.788067287960777, 0.0 ], [ 13.335543822777113, 10.791099378319599, 0.0 ], [ 13.333008792394612, 10.791749856723477, 0.0 ], [ 13.3358812, 10.8001461, 0.0 ], [ 13.3347816, 10.8127346, 0.0 ], [ 13.334794, 10.8153391, 0.0 ], [ 13.334856, 10.8287535, 0.0 ], [ 13.3351126, 10.8335381, 0.0 ], [ 13.3356009, 10.8416853, 0.0 ], [ 13.3363762, 10.8470755, 0.0 ], [ 13.3361607, 10.8502712, 0.0 ], [ 13.3362492, 10.8561518, 0.0 ], [ 13.3363018, 10.8596468, 0.0 ], [ 13.3361673, 10.8669089, 0.0 ], [ 13.3359327, 10.8790646, 0.0 ], [ 13.3357153, 10.8814163, 0.0 ], [ 13.335304292098865, 10.883215629159775, 0.0 ], [ 13.337499999315371, 10.883333332952816, 0.0 ], [ 13.341666666272035, 10.883333332952706, 0.0 ], [ 13.342566257215077, 10.879827880837794, 0.0 ], [ 13.349999999285908, 10.879166666444128, 0.0 ], [ 13.349999999286027, 10.883333333851857, 0.0 ], [ 13.345758734465043, 10.884545898759834, 0.0 ], [ 13.350617472004357, 10.891197374544772, 0.0 ], [ 13.349382527467659, 10.89382697242236, 0.0 ], [ 13.34556579571252, 10.899051582050452, 0.0 ], [ 13.356326971796086, 10.900617472603521, 0.0 ], [ 13.362030706933517, 10.904784139561517, 0.0 ], [ 13.372462130401111, 10.903609068288743, 0.0 ], [ 13.372618899320766, 10.90070170040809, 0.0 ], [ 13.373439999234286, 10.89672520049257, 0.0 ], [ 13.373439999949323, 10.896725200245429, 0.0 ], [ 13.37344, 10.8967252, 0.0 ], [ 13.3764588, 10.8956818, 0.0 ], [ 13.382911899875461, 10.897271399969322, 0.0 ], [ 13.38371384272406, 10.897085956053703, 0.0 ], [ 13.388671199976471, 10.895939600005441, 0.0 ], [ 13.390634199479923, 10.891655800359329, 0.0 ], [ 13.380387699107729, 10.882745300440055, 0.0 ], [ 13.383103599525146, 10.878444700147385, 0.0 ], [ 13.383103599910548, 10.878444700141646, 0.0 ], [ 13.3831036, 10.8784447, 0.0 ], [ 13.3914112, 10.878321, 0.0 ], [ 13.4112745, 10.8802902, 0.0 ], [ 13.4357457, 10.8888654, 0.0 ], [ 13.445201, 10.8950938, 0.0 ], [ 13.4633674, 10.9028227, 0.0 ], [ 13.4636707, 10.9028292, 0.0 ], [ 13.4637221, 10.9028292, 0.0 ], [ 13.474943567457832, 10.90280329786404, 0.0 ], [ 13.475353325533838, 10.897575548154798, 0.0 ], [ 13.478813340300162, 10.894091119491229, 0.0 ], [ 13.479519991589852, 10.868408882145724, 0.0 ], [ 13.482980007255478, 10.864924452582949, 0.0 ], [ 13.48333333290064, 10.862500000855947, 0.0 ], [ 13.48664923760456, 10.863350763108642, 0.0 ], [ 13.488399589900947, 10.870172119928759, 0.0 ], [ 13.502210489348498, 10.871400621722294, 0.0 ], [ 13.507677543607508, 10.875959947973909, 0.0 ], [ 13.50833333284073, 10.883333333846986, 0.0 ], [ 13.511791652385186, 10.884220717392694, 0.0 ], [ 13.513202920700365, 10.894904243316669, 0.0 ], [ 13.522789509346657, 10.903599378988195, 0.0 ], [ 13.524999999767351, 10.904166666838231, 0.0 ], [ 13.535757784506671, 10.904519992483406, 0.0 ], [ 13.539583332315875, 10.908318753087501, 0.0 ], [ 13.54340888102398, 10.904519992483126, 0.0 ], [ 13.548257784475965, 10.903813341191881, 0.0 ], [ 13.56840888096167, 10.883686659490124, 0.0 ], [ 13.577424451369692, 10.882980008198881, 0.0 ], [ 13.585075546987325, 10.875353326472611, 0.0 ], [ 13.589954290843794, 10.874642266704898, 0.0 ], [ 13.60381333999219, 10.860757785620404, 0.0 ], [ 13.604166665637473, 10.858333333893347, 0.0 ] ] ] } },
{ "type": "Feature", "properties": { "Stra_Catch": "Yedseram (East-Chad)", "State": "Adamawa", "LGA": "Michika", "Population": 0, "Cleard_TOR": "Cleared", "Status": "Completed", "Start_Date": "2024-01-04T00:00:00", "End_Date": "2024-03-15T00:00:00", "Micr_Catch": "Michika", "Size_Ha": 66363.422810400007, "Comments": null, "OBJECTID_1": 0, "Shape_Leng": 0.0, "Shape_Area": 0.0, "parent_strategic_name": "Yedseram (East-Chad)", "clipped_to_state": true }, "geometry": { "type": "Polygon", "coordinates": [ [ [ 13.475567287726278, 10.552210490104068, 0.0 ], [ 13.474999999876182, 10.545833333623559, 0.0 ], [ 13.4785430904157, 10.544924249436653, 0.0 ], [ 13.479733953782164, 10.522789510209694, 0.0 ], [ 13.482766045038789, 10.518877157136979, 0.0 ], [ 13.483333332888408, 10.516666666715144, 0.0 ], [ 13.468622842497945, 10.516099378865675, 0.0 ], [ 13.464710489426901, 10.51306728850709, 0.0 ], [ 13.451214938153948, 10.511932712807281, 0.0 ], [ 13.449100408992896, 10.520172119730505, 0.0 ], [ 13.434232923053441, 10.521494547618673, 0.0 ], [ 13.433333333009855, 10.525000000632971, 0.0 ], [ 13.429166666053458, 10.525000000633094, 0.0 ], [ 13.428267076009869, 10.528505452748014, 0.0 ], [ 13.414456176562076, 10.529733954542424, 0.0 ], [ 13.41054382259173, 10.5327660458004, 0.0 ], [ 13.405017428366232, 10.534184095903484, 0.0 ], [ 13.403599378263976, 10.539710490131307, 0.0 ], [ 13.399603949419818, 10.544865587561214, 0.0 ], [ 13.393622842679497, 10.546400621476147, 0.0 ], [ 13.389710489608477, 10.54943271273412, 0.0 ], [ 13.372789509695716, 10.550567288434824, 0.0 ], [ 13.364592148779499, 10.557871501154345, 0.0 ], [ 13.360543822711527, 10.554733955393306, 0.0 ], [ 13.34925333624877, 10.553599378794171, 0.0 ], [ 13.343877155784506, 10.557766045752468, 0.0 ], [ 13.335289509784642, 10.558900621452697, 0.0 ], [ 13.331241183716729, 10.562038168113155, 0.0 ], [ 13.323043822799976, 10.55473395539429, 0.0 ], [ 13.318622842857234, 10.553599378794965, 0.0 ], [ 13.314710489785893, 10.550567288436351, 0.0 ], [ 13.306122842886406, 10.549432712736326, 0.0 ], [ 13.300967745458212, 10.545437282991367, 0.0 ], [ 13.299999999393856, 10.541666666670345, 0.0 ], [ 13.304166666350534, 10.541666666670245, 0.0 ], [ 13.303599378500552, 10.539456177147823, 0.0 ], [ 13.299432711543732, 10.534079997580974, 0.0 ], [ 13.300567287243503, 10.531122844131023, 0.0 ], [ 13.307766044557638, 10.523043824100133, 0.0 ], [ 13.309184094659761, 10.517517428972935, 0.0 ], [ 13.316083780629066, 10.51574707035768, 0.0 ], [ 13.324432711484341, 10.506377157166536, 0.0 ], [ 13.325567287184054, 10.501956177222254, 0.0 ], [ 13.328599378440794, 10.498043823250184, 0.0 ], [ 13.330017428543066, 10.492517429022591, 0.0 ], [ 13.336649237051899, 10.49081590451663, 0.0 ], [ 13.338419595666103, 10.483916219444222, 0.0 ], [ 13.347789509752772, 10.475567288585523, 0.0 ], [ 13.360543822709216, 10.474432712884953, 0.0 ], [ 13.368622842736693, 10.467233954668723, 0.0 ], [ 13.377210489635811, 10.466099378968252, 0.0 ], [ 13.381122842706841, 10.463067288609599, 0.0 ], [ 13.385543822649357, 10.46193271290924, 0.0 ], [ 13.40195617658943, 10.446400621675892, 0.0 ], [ 13.404166666110976, 10.445833333825716, 0.0 ], [ 13.406326971663766, 10.445215861107338, 0.0 ], [ 13.414506360528005, 10.438117472627257, 0.0 ], [ 13.422993638589906, 10.436882528089976, 0.0 ], [ 13.431173027454056, 10.42978413961006, 0.0 ], [ 13.435493638559512, 10.428549195072732, 0.0 ], [ 13.439506360467329, 10.425617472651547, 0.0 ], [ 13.445719400564283, 10.423841349381906, 0.0 ], [ 13.44938252721472, 10.418826972469892, 0.0 ], [ 13.450794134573528, 10.409127468540893, 0.0 ], [ 13.461528184405376, 10.407564969330537, 0.0 ], [ 13.463486395207036, 10.400717163449062, 0.0 ], [ 13.470833332914825, 10.399999999982436, 0.0 ], [ 13.471400620764618, 10.397789510459978, 0.0 ], [ 13.479733953777494, 10.388437229376828, 0.0 ], [ 13.478432548442298, 10.380047607793101, 0.0 ], [ 13.472789509449569, 10.378599379140367, 0.0 ], [ 13.46887715637857, 10.375567287882632, 0.0 ], [ 13.464456176436151, 10.374432712182537, 0.0 ], [ 13.460543822465814, 10.371400621823952, 0.0 ], [ 13.458333332944253, 10.370833333974071, 0.0 ], [ 13.45416666598795, 10.3708333339742, 0.0 ], [ 13.451742214261955, 10.371186659619665, 0.0 ], [ 13.448257784700726, 10.374646674387769, 0.0 ], [ 13.443408880349388, 10.375353326578022, 0.0 ], [ 13.439924451687521, 10.378813341346003, 0.0 ], [ 13.43333333300515, 10.37916666699171, 0.0 ], [ 13.432555812439571, 10.386787924007054, 0.0 ], [ 13.408011542147971, 10.388142903756274, 0.0 ], [ 13.4021348736766, 10.383976237697727, 0.0 ], [ 13.399678208234892, 10.38269043020372, 0.0 ], [ 13.393801540663125, 10.386857097162153, 0.0 ], [ 13.385365125558073, 10.388142903756911, 0.0 ], [ 13.35630153985414, 10.416023763171953, 0.0 ], [ 13.347865125648113, 10.417309570666069, 0.0 ], [ 13.343801539883685, 10.420190430130202, 0.0 ], [ 13.33953179173503, 10.421476237624441, 0.0 ], [ 13.335468206869962, 10.424357097088736, 0.0 ], [ 13.325764634411669, 10.425835843336056, 0.0 ], [ 13.324999999332279, 10.433333333852829, 0.0 ], [ 13.31424221369285, 10.433686659498489, 0.0 ], [ 13.310757785030654, 10.437146674266398, 0.0 ], [ 13.301742213722282, 10.43785332645689, 0.0 ], [ 13.298257785060116, 10.441313341224854, 0.0 ], [ 13.29340888070837, 10.442019992516034, 0.0 ], [ 13.289924451146812, 10.445480008183152, 0.0 ], [ 13.280908880737664, 10.446186659474257, 0.0 ], [ 13.27742445117608, 10.449646675141599, 0.0 ], [ 13.268408880766934, 10.450353326432706, 0.0 ], [ 13.260757785148012, 10.457980008158854, 0.0 ], [ 13.237499999537162, 10.458333333804882, 0.0 ], [ 13.233333332580314, 10.458333333804974, 0.0 ], [ 13.231122843058575, 10.458900621655134, 0.0 ], [ 13.229068449430329, 10.46049278546333, 0.0 ], [ 13.2289769, 10.460766, 0.0 ], [ 13.2308583, 10.4617823, 0.0 ], [ 13.2345153, 10.4631771, 0.0 ], [ 13.2371957, 10.4738555, 0.0 ], [ 13.2385452, 10.4805837, 0.0 ], [ 13.2391573, 10.4861263, 0.0 ], [ 13.2464778, 10.5033269, 0.0 ], [ 13.247999, 10.5079074, 0.0 ], [ 13.2485977, 10.5110028, 0.0 ], [ 13.2486124, 10.5110788, 0.0 ], [ 13.2509462, 10.5231438, 0.0 ], [ 13.2520429, 10.5352507, 0.0 ], [ 13.2524257, 10.537997, 0.0 ], [ 13.2527525, 10.5403423, 0.0 ], [ 13.252752499596982, 10.540342300457182, 0.0 ], [ 13.25275249963704, 10.540342300744667, 0.0 ], [ 13.250287381236346, 10.543138714130803, 0.0 ], [ 13.2478088, 10.5459504, 0.0 ], [ 13.2375259, 10.5555201, 0.0 ], [ 13.2329916, 10.5584822, 0.0 ], [ 13.2313643, 10.5673759, 0.0 ], [ 13.229685, 10.5752994, 0.0 ], [ 13.2291887, 10.5776413, 0.0 ], [ 13.2325162, 10.5888559, 0.0 ], [ 13.2391713, 10.6005373, 0.0 ], [ 13.2582521, 10.6119518, 0.0 ], [ 13.2609606, 10.6172514, 0.0 ], [ 13.2646735, 10.6235973, 0.0 ], [ 13.2656269, 10.6252499, 0.0 ], [ 13.267766, 10.6299552, 0.0 ], [ 13.2720942, 10.640195, 0.0 ], [ 13.2795903, 10.6578416, 0.0 ], [ 13.2799741, 10.6587169, 0.0 ], [ 13.2808371, 10.6606846, 0.0 ], [ 13.2831831, 10.6675444, 0.0 ], [ 13.2878504, 10.6755428, 0.0 ], [ 13.2913208, 10.6812744, 0.0 ], [ 13.2930809, 10.6838017, 0.0 ], [ 13.2934301, 10.6843152, 0.0 ], [ 13.29601, 10.6881094, 0.0 ], [ 13.2970445, 10.689378, 0.0 ], [ 13.3006668, 10.69382, 0.0 ], [ 13.3041649, 10.6995335, 0.0 ], [ 13.3069096, 10.7051802, 0.0 ], [ 13.308754, 10.7111731, 0.0 ], [ 13.3112459, 10.7134609, 0.0 ], [ 13.3123465, 10.7166767, 0.0 ], [ 13.314744, 10.7232494, 0.0 ], [ 13.3170652, 10.7297277, 0.0 ], [ 13.3193855, 10.7372551, 0.0 ], [ 13.3209113, 10.7441425, 0.0 ], [ 13.3229322, 10.7532654, 0.0 ], [ 13.3229589, 10.7589865, 0.0 ], [ 13.325305, 10.7658463, 0.0 ], [ 13.3257492, 10.7679498, 0.0 ], [ 13.3266694, 10.7705715, 0.0 ], [ 13.328002, 10.7751865, 0.0 ], [ 13.3289185, 10.7785034, 0.0 ], [ 13.3323612, 10.7898569, 0.0 ], [ 13.333008792767313, 10.791749857812912, 0.0 ], [ 13.335543822777112, 10.791099379218972, 0.0 ], [ 13.339456175848294, 10.788067287960779, 0.0 ], [ 13.343877155790974, 10.786932712260601, 0.0 ], [ 13.347789509761514, 10.783900621901841, 0.0 ], [ 13.364710489674739, 10.782766046201317, 0.0 ], [ 13.372789509702368, 10.775567287984908, 0.0 ], [ 13.378583780489212, 10.774080403772523, 0.0 ], [ 13.386932711344123, 10.764710490581356, 0.0 ], [ 13.388201564818283, 10.755105251790516, 0.0 ], [ 13.422789509581738, 10.721400622024648, 0.0 ], [ 13.424999999103289, 10.720833334174463, 0.0 ], [ 13.425353324748635, 10.718408881548253, 0.0 ], [ 13.437146673427614, 10.706591118968197, 0.0 ], [ 13.437853325617276, 10.70174221461475, 0.0 ], [ 13.445480007339908, 10.694091118992917, 0.0 ], [ 13.446186658630527, 10.689242214639304, 0.0 ], [ 13.450353325586834, 10.685046387163865, 0.0 ], [ 13.449646673396293, 10.668408881647359, 0.0 ], [ 13.445480007338913, 10.664213054171954, 0.0 ], [ 13.446186658629557, 10.660075548630539, 0.0 ], [ 13.450353325585857, 10.655879720255728, 0.0 ], [ 13.449646673395458, 10.643408881697315, 0.0 ], [ 13.446186658628884, 10.639924452134593, 0.0 ], [ 13.445833332983165, 10.62916666739074, 0.0 ], [ 13.446488104183453, 10.62180616610453, 0.0 ], [ 13.456122842531517, 10.613067288307365, 0.0 ], [ 13.469933741979043, 10.61183878651298, 0.0 ], [ 13.47140062077178, 10.606122843976225, 0.0 ], [ 13.47443271112906, 10.602210490004305, 0.0 ], [ 13.475567287727138, 10.576956177067954, 0.0 ], [ 13.478599378084347, 10.57304382399524, 0.0 ], [ 13.479733953783761, 10.568622844050948, 0.0 ], [ 13.483900620739913, 10.56324666358449, 0.0 ], [ 13.482766045040242, 10.560289510134602, 0.0 ], [ 13.475567287726278, 10.552210490104068, 0.0 ] ] ] } },
{ "type": "Feature", "properties": { "Stra_Catch": "Hawal-Kilunga", "State": "Adamawa", "LGA": "Mubi South", "Population": 0, "Cleard_TOR": "Not Cleared", "Status": "Proposed", "Start_Date": "2025-12-30T00:00:00", "End_Date": "2026-12-30T00:00:00", "Micr_Catch": "Mubi", "Size_Ha": 240476.75144399999, "Comments": null, "OBJECTID_1": 0, "Shape_Leng": 0.0, "Shape_Area": 0.0, "parent_strategic_name": "Yedseram (East-Chad)", "clipped_to_state": true }, "geometry": { "type": "Polygon", "coordinates": [ [ [ 13.237499999537061, 10.458333333804898, 0.0 ], [ 13.260757785147957, 10.457980008158863, 0.0 ], [ 13.268408880766808, 10.450353326432737, 0.0 ], [ 13.27742445117608, 10.449646675141611, 0.0 ], [ 13.280908880737616, 10.446186659474336, 0.0 ], [ 13.289924451146804, 10.445480008183209, 0.0 ], [ 13.293408880708322, 10.442019992515934, 0.0 ], [ 13.298257785060054, 10.441313341224875, 0.0 ], [ 13.301742213722227, 10.437853326456954, 0.0 ], [ 13.310757785030647, 10.437146674266465, 0.0 ], [ 13.31424221369279, 10.433686659498502, 0.0 ], [ 13.324999999332288, 10.433333333852779, 0.0 ], [ 13.325764634411614, 10.425835843335996, 0.0 ], [ 13.335468206869965, 10.424357097088633, 0.0 ], [ 13.339531791734975, 10.421476237624441, 0.0 ], [ 13.343801539883755, 10.420190430130249, 0.0 ], [ 13.347865125648056, 10.417309570666095, 0.0 ], [ 13.356301539854032, 10.416023763171845, 0.0 ], [ 13.385365125558026, 10.388142903756945, 0.0 ], [ 13.393801540663134, 10.386857097162032, 0.0 ], [ 13.399678208234855, 10.382690430203736, 0.0 ], [ 13.402134873676607, 10.383976237697679, 0.0 ], [ 13.408011542147868, 10.388142903756354, 0.0 ], [ 13.432555812439571, 10.386787924007052, 0.0 ], [ 13.433333333005159, 10.379166666991628, 0.0 ], [ 13.439924451687521, 10.378813341346003, 0.0 ], [ 13.443408880349393, 10.375353326578024, 0.0 ], [ 13.448257784700793, 10.374646674387668, 0.0 ], [ 13.45174221426196, 10.371186659619678, 0.0 ], [ 13.454166665987957, 10.370833333974151, 0.0 ], [ 13.454820759099338, 10.363480970653193, 0.0 ], [ 13.473983086070161, 10.345266046173412, 0.0 ], [ 13.477210489390774, 10.346400621873462, 0.0 ], [ 13.482196043928385, 10.350264486199146, 0.0 ], [ 13.483900620732175, 10.34362284360143, 0.0 ], [ 13.486932711988667, 10.339710490528647, 0.0 ], [ 13.487499999838235, 10.333333334048028, 0.0 ], [ 13.487146673293386, 10.326742215362913, 0.0 ], [ 13.478813340279917, 10.318382433284873, 0.0 ], [ 13.479525756224714, 10.314208645494817, 0.0 ], [ 13.485075547212091, 10.308686659743563, 0.0 ], [ 13.493215854237896, 10.308250288002156, 0.0 ], [ 13.487548899573236, 10.278110000658023, 0.0 ], [ 13.487548900103581, 10.27811000055091, 0.0 ], [ 13.4875489, 10.27811, 0.0 ], [ 13.5109446, 10.2733848, 0.0 ], [ 13.511317192703904, 10.2724533095409, 0.0 ], [ 13.512436844883799, 10.269654152098642, 0.0 ], [ 13.51214531705201, 10.264215088336806, 0.0 ], [ 13.510733270314464, 10.262805661830042, 0.0 ], [ 13.510300308390006, 10.262803075315592, 0.0 ], [ 13.509569753207206, 10.262828039662404, 0.0 ], [ 13.509195746221861, 10.261736284284048, 0.0 ], [ 13.508912481198902, 10.261474969151934, 0.0 ], [ 13.508806606318849, 10.260882573002423, 0.0 ], [ 13.506992548930789, 10.2590718818266, 0.0 ], [ 13.506714634366601, 10.259081232365924, 0.0 ], [ 13.506149438675401, 10.258802695244372, 0.0 ], [ 13.505317834931505, 10.25854846864803, 0.0 ], [ 13.505702153127903, 10.257783880515845, 0.0 ], [ 13.49924335556099, 10.251337068062274, 0.0 ], [ 13.499208419851536, 10.25132914753666, 0.0 ], [ 13.498937823880381, 10.251057071327793, 0.0 ], [ 13.496196697709333, 10.250829816757404, 0.0 ], [ 13.495923940193235, 10.250555653767339, 0.0 ], [ 13.49486802214264, 10.251113492036847, 0.0 ], [ 13.493471223658101, 10.250804701042831, 0.0 ], [ 13.49398891662412, 10.2492318467493, 0.0 ], [ 13.494264669786594, 10.248962765156154, 0.0 ], [ 13.494527472295571, 10.248683293574825, 0.0 ], [ 13.494803224526374, 10.24841421191187, 0.0 ], [ 13.495060654287956, 10.247300983220718, 0.0 ], [ 13.496835980354806, 10.247312495115926, 0.0 ], [ 13.497348088598727, 10.246611559735136, 0.0 ], [ 13.497489495575985, 10.245666248968984, 0.0 ], [ 13.49776142167318, 10.245126674615076, 0.0 ], [ 13.497997473241574, 10.242953757133266, 0.0 ], [ 13.49826939796033, 10.242414183643959, 0.0 ], [ 13.498520731666536, 10.241323236284305, 0.0 ], [ 13.499449495224685, 10.240074950133941, 0.0 ], [ 13.499832688223391, 10.237517431623607, 0.0 ], [ 13.500006752078841, 10.237430808501284, 0.0 ], [ 13.500181761076377, 10.235637566771402, 0.0 ], [ 13.49762204319148, 10.235179195622319, 0.0 ], [ 13.497573590678341, 10.233786979702334, 0.0 ], [ 13.498131934067615, 10.232676461842601, 0.0 ], [ 13.498404183846556, 10.229815588490325, 0.0 ], [ 13.499171984463514, 10.229410239581268, 0.0 ], [ 13.499720799685827, 10.229137382257681, 0.0 ], [ 13.499983586608503, 10.228857915019521, 0.0 ], [ 13.500532399788698, 10.228585057016, 0.0 ], [ 13.500795185465508, 10.228305589610567, 0.0 ], [ 13.501613255604919, 10.227758458324033, 0.0 ], [ 13.501876039582024, 10.22747899072702, 0.0 ], [ 13.502653689291783, 10.2270919965171, 0.0 ], [ 13.50267459499298, 10.223810836572756, 0.0 ], [ 13.502359881382974, 10.222602502085554, 0.0 ], [ 13.502069036665336, 10.221800181124264, 0.0 ], [ 13.501790844861441, 10.220987114919449, 0.0 ], [ 13.500675592285273, 10.219221816090355, 0.0 ], [ 13.500661651477049, 10.218838385084236, 0.0 ], [ 13.501161868205774, 10.217843873146146, 0.0 ], [ 13.5015967095528, 10.21652582417782, 0.0 ], [ 13.501169730734599, 10.216131198563604, 0.0 ], [ 13.500899176856494, 10.215859111555748, 0.0 ], [ 13.499990082179941, 10.215017621481643, 0.0 ], [ 13.481221069588011, 10.216297686947243, 0.0 ], [ 13.473472939414105, 10.216826117188845, 0.0 ], [ 13.473472928719302, 10.216826117918242, 0.0 ], [ 13.463609699447927, 10.217498800112343, 0.0 ], [ 13.466911299535045, 10.212111500428088, 0.0 ], [ 13.467646357585499, 10.210912046721313, 0.0 ], [ 13.4688873, 10.2088871, 0.0 ], [ 13.469614326129729, 10.207122991929779, 0.0 ], [ 13.470832799610205, 10.204166400241792, 0.0 ], [ 13.471387899847455, 10.197776800741341, 0.0 ], [ 13.470205576968441, 10.192260215006097, 0.0 ], [ 13.469978461524729, 10.192205863926633, 0.0 ], [ 13.467788095362982, 10.191813129887217, 0.0 ], [ 13.468026676085806, 10.189797601807699, 0.0 ], [ 13.468306113145344, 10.188951458503318, 0.0 ], [ 13.466758417421074, 10.187517880889008, 0.0 ], [ 13.467176242907367, 10.187108969302086, 0.0 ], [ 13.467435277937966, 10.186559025965327, 0.0 ], [ 13.467711031895258, 10.186289979766762, 0.0 ], [ 13.468256701130215, 10.184769466178706, 0.0 ], [ 13.462221099443191, 10.171943700324448, 0.0 ], [ 13.459425160099753, 10.167234010745281, 0.0 ], [ 13.458491139344483, 10.167698852140525, 0.0 ], [ 13.457890173837274, 10.168286213488503, 0.0 ], [ 13.457113264805841, 10.169109543464224, 0.0 ], [ 13.456043221762888, 10.169642529706659, 0.0 ], [ 13.455474878672961, 10.170198267556167, 0.0 ], [ 13.455114222300978, 10.170960435815086, 0.0 ], [ 13.454655512388536, 10.170500076439069, 0.0 ], [ 13.453545739140457, 10.169708801331144, 0.0 ], [ 13.453275265286639, 10.169436640138491, 0.0 ], [ 13.452719095271403, 10.169178940199579, 0.0 ], [ 13.452728555681274, 10.167861938254159, 0.0 ], [ 13.452145992266745, 10.166778113483595, 0.0 ], [ 13.452393432728575, 10.165390229052289, 0.0 ], [ 13.452941570321334, 10.164300519740044, 0.0 ], [ 13.452370993321473, 10.163772449953761, 0.0 ], [ 13.452093024516785, 10.162959263886748, 0.0 ], [ 13.450990788347292, 10.162708988144487, 0.0 ], [ 13.449777048168341, 10.162110395634292, 0.0 ], [ 13.449075684072463, 10.162459195379757, 0.0 ], [ 13.448808649712442, 10.162742373833046, 0.0 ], [ 13.448532254019913, 10.162196023566214, 0.0 ], [ 13.447523533283917, 10.160764446189571, 0.0 ], [ 13.447125841497643, 10.159238949479228, 0.0 ], [ 13.44602361604168, 10.158988649820323, 0.0 ], [ 13.445492454922377, 10.158455267214254, 0.0 ], [ 13.44493235941113, 10.158451778322668, 0.0 ], [ 13.444118741842583, 10.159014527534598, 0.0 ], [ 13.443569933224598, 10.159287260699918, 0.0 ], [ 13.443230804636864, 10.160374125341242, 0.0 ], [ 13.442485329897476, 10.15984840379409, 0.0 ], [ 13.442211131828122, 10.159305711435563, 0.0 ], [ 13.440455054321369, 10.158906789306355, 0.0 ], [ 13.439182661248925, 10.157999267834578, 0.0 ], [ 13.438774684709093, 10.157193102980463, 0.0 ], [ 13.438196334382665, 10.157567162289187, 0.0 ], [ 13.437387009103364, 10.158827924390845, 0.0 ], [ 13.435124379783112, 10.158904575390006, 0.0 ], [ 13.434367640322824, 10.15779398346592, 0.0 ], [ 13.43256004776069, 10.158145585274216, 0.0 ], [ 13.43184719679931, 10.158900890010688, 0.0 ], [ 13.431260234097552, 10.159193147912783, 0.0 ], [ 13.430493754128419, 10.16000519413946, 0.0 ], [ 13.429371792309551, 10.159485059773608, 0.0 ], [ 13.428828297564802, 10.159216561939427, 0.0 ], [ 13.423630366067728, 10.15902159054148, 0.0 ], [ 13.423341293635971, 10.157396783194777, 0.0 ], [ 13.422758834376534, 10.154762352131478, 0.0 ], [ 13.423018564290604, 10.153868914936432, 0.0 ], [ 13.423984848547226, 10.152923654682338, 0.0 ], [ 13.424607001139421, 10.150615391280573, 0.0 ], [ 13.426774482840798, 10.150060811590143, 0.0 ], [ 13.427595526530709, 10.149492717087139, 0.0 ], [ 13.428144347132626, 10.149220012039482, 0.0 ], [ 13.428410516238117, 10.146781283171105, 0.0 ], [ 13.42947964473834, 10.147032113154381, 0.0 ], [ 13.429757533120105, 10.14784534920282, 0.0 ], [ 13.430859727416161, 10.148095725562399, 0.0 ], [ 13.431267666830456, 10.148901913950077, 0.0 ], [ 13.43195939746496, 10.148627270618059, 0.0 ], [ 13.432218502528961, 10.148077341956803, 0.0 ], [ 13.433859449634451, 10.147789850170074, 0.0 ], [ 13.434572273207845, 10.147034024724793, 0.0 ], [ 13.436017594154224, 10.145866658174931, 0.0 ], [ 13.4362804220599, 10.145587246888782, 0.0 ], [ 13.437102254178834, 10.14531083558933, 0.0 ], [ 13.437365080514974, 10.145031424016205, 0.0 ], [ 13.438156578631048, 10.144257621570073, 0.0 ], [ 13.438163859408354, 10.143116359845855, 0.0 ], [ 13.418624399333003, 10.126723900172108, 0.0 ], [ 13.417992146017319, 10.126193487178234, 0.0 ], [ 13.417907008277441, 10.126122063114353, 0.0 ], [ 13.414710489535606, 10.12859937964204, 0.0 ], [ 13.411753336086994, 10.1297339553422, 0.0 ], [ 13.40884903997104, 10.127482976925496, 0.0 ], [ 13.408200081228777, 10.128654633250859, 0.0 ], [ 13.407112603515932, 10.129475686994439, 0.0 ], [ 13.406605791802303, 10.130012551581526, 0.0 ], [ 13.405765032661979, 10.130310802551795, 0.0 ], [ 13.404670142615267, 10.130590795879932, 0.0 ], [ 13.404410982158613, 10.131140717052629, 0.0 ], [ 13.403998344211866, 10.131544197134934, 0.0 ], [ 13.403339059061825, 10.132242705108528, 0.0 ], [ 13.402102192352029, 10.133452601714851, 0.0 ], [ 13.400664772960909, 10.134974874938541, 0.0 ], [ 13.398999312459882, 10.135266741473997, 0.0 ], [ 13.398190370861034, 10.135553457078744, 0.0 ], [ 13.397095447403267, 10.135833435262496, 0.0 ], [ 13.396756131049825, 10.136920308655421, 0.0 ], [ 13.396020921248475, 10.136513725373266, 0.0 ], [ 13.395916375867586, 10.133466330863525, 0.0 ], [ 13.396509035775722, 10.132886574030124, 0.0 ], [ 13.396514746806529, 10.132054671733167, 0.0 ], [ 13.394855833841754, 10.131810018201813, 0.0 ], [ 13.394559598881175, 10.129644047159873, 0.0 ], [ 13.393457450014505, 10.129393509447455, 0.0 ], [ 13.393175987644543, 10.128309663523281, 0.0 ], [ 13.392747077944081, 10.127912174118849, 0.0 ], [ 13.393164993669906, 10.127503349311491, 0.0 ], [ 13.393424176943428, 10.12695343010637, 0.0 ], [ 13.394511703388751, 10.126132410678835, 0.0 ], [ 13.395525367795786, 10.125058179343254, 0.0 ], [ 13.396399053790912, 10.12474894577951, 0.0 ], [ 13.396945261123854, 10.124752728698752, 0.0 ], [ 13.397468909988596, 10.124197682907377, 0.0 ], [ 13.400196190876725, 10.123395377411599, 0.0 ], [ 13.400202594283245, 10.122535989440408, 0.0 ], [ 13.400183477497315, 10.12199508585574, 0.0 ], [ 13.400191177140618, 10.120917947551824, 0.0 ], [ 13.399504141035258, 10.120598968508082, 0.0 ], [ 13.400140730008404, 10.119331609158987, 0.0 ], [ 13.400145575477501, 10.118748634826188, 0.0 ], [ 13.400135456868464, 10.118476076319133, 0.0 ], [ 13.400400170500705, 10.117394439078652, 0.0 ], [ 13.400386073675843, 10.116986644003299, 0.0 ], [ 13.400399420834205, 10.11507179618784, 0.0 ], [ 13.400232591922384, 10.114585658350226, 0.0 ], [ 13.399180659194652, 10.113324263252737, 0.0 ], [ 13.398423619439225, 10.113092149371981, 0.0 ], [ 13.398133632222617, 10.1128005012475, 0.0 ], [ 13.393877155652614, 10.116099379667622, 0.0 ], [ 13.386753336146889, 10.117233955367956, 0.0 ], [ 13.386203772014776, 10.116808030173335, 0.0 ], [ 13.385912516699909, 10.116776959019329, 0.0 ], [ 13.385642140211688, 10.116504698139092, 0.0 ], [ 13.384813060152261, 10.116250464688678, 0.0 ], [ 13.383947352967606, 10.115969763392043, 0.0 ], [ 13.379775336967914, 10.116430227849495, 0.0 ], [ 13.379128612711046, 10.117115316475097, 0.0 ], [ 13.377710533557464, 10.117162755036118, 0.0 ], [ 13.376809691552385, 10.11625835249024, 0.0 ], [ 13.374015657512693, 10.116864221441922, 0.0 ], [ 13.372557291859811, 10.116143742346869, 0.0 ], [ 13.372015354909447, 10.116140384146396, 0.0 ], [ 13.36951545050805, 10.116490738202973, 0.0 ], [ 13.368068860519408, 10.116277030476262, 0.0 ], [ 13.363714938352237, 10.117233955368565, 0.0 ], [ 13.362294642964576, 10.1116997761037, 0.0 ], [ 13.3620857795584, 10.111682327174693, 0.0 ], [ 13.361791482512364, 10.110822660085276, 0.0 ], [ 13.36069504408202, 10.109806626393906, 0.0 ], [ 13.359814617992205, 10.108513956734008, 0.0 ], [ 13.358488896324342, 10.108212316732546, 0.0 ], [ 13.358143501767284, 10.106885062973163, 0.0 ], [ 13.356569967887593, 10.10687420290162, 0.0 ], [ 13.356002251102069, 10.107173459303983, 0.0 ], [ 13.353898508305631, 10.107159039578251, 0.0 ], [ 13.352205566663725, 10.107865868630881, 0.0 ], [ 13.351984574138035, 10.10782402346179, 0.0 ], [ 13.347789509742512, 10.108900621452701, 0.0 ], [ 13.345151493116937, 10.111251211452068, 0.0 ], [ 13.345139899106298, 10.112957990265269, 0.0 ], [ 13.345725391207697, 10.113501488047159, 0.0 ], [ 13.345477256026468, 10.114878903042957, 0.0 ], [ 13.345201391015232, 10.115147864006333, 0.0 ], [ 13.3444069614648, 10.11651664876227, 0.0 ], [ 13.343584665734134, 10.116925492096541, 0.0 ], [ 13.343616423475531, 10.1178578989404, 0.0 ], [ 13.343083186486549, 10.118423060309281, 0.0 ], [ 13.34196504779549, 10.118172527621514, 0.0 ], [ 13.341694691434192, 10.117900215398816, 0.0 ], [ 13.340604049475187, 10.117394040037667, 0.0 ], [ 13.340318556765892, 10.117106599119831, 0.0 ], [ 13.338178335106264, 10.116449908173445, 0.0 ], [ 13.337574518860764, 10.115257615802975, 0.0 ], [ 13.33619381997055, 10.114996252231689, 0.0 ], [ 13.334132125250774, 10.11462547593851, 0.0 ], [ 13.333230291358156, 10.113720385790275, 0.0 ], [ 13.332622469264892, 10.113419742619149, 0.0 ], [ 13.330974256840895, 10.113176149307337, 0.0 ], [ 13.330703911947046, 10.112903822342385, 0.0 ], [ 13.330280476847287, 10.112511423666676, 0.0 ], [ 13.329873895177228, 10.112102946426843, 0.0 ], [ 13.329590895540278, 10.11184135608708, 0.0 ], [ 13.329063208523113, 10.111311325691847, 0.0 ], [ 13.327932870586777, 10.110786057896984, 0.0 ], [ 13.327366365172544, 10.109667757579142, 0.0 ], [ 13.324553519485711, 10.109761322229154, 0.0 ], [ 13.322459170663381, 10.109499759331213, 0.0 ], [ 13.322047167081351, 10.108685428231333, 0.0 ], [ 13.321618313352698, 10.107887172960721, 0.0 ], [ 13.321340737538938, 10.107073714656298, 0.0 ], [ 13.319669030544686, 10.10682665625418, 0.0 ], [ 13.318556518884449, 10.106276796953361, 0.0 ], [ 13.316685202134675, 10.106339418194517, 0.0 ], [ 13.315075316504704, 10.106328304634307, 0.0 ], [ 13.313992713972857, 10.106899053202534, 0.0 ], [ 13.313417984992217, 10.106918220131266, 0.0 ], [ 13.312902213079408, 10.106399621399477, 0.0 ], [ 13.312315890034192, 10.106109744700953, 0.0 ], [ 13.309606301212293, 10.105709219299023, 0.0 ], [ 13.30929435939869, 10.104796294751912, 0.0 ], [ 13.308192248765742, 10.104545406495362, 0.0 ], [ 13.307911100187853, 10.103461357388325, 0.0 ], [ 13.306808993687225, 10.103210462133948, 0.0 ], [ 13.30652785232571, 10.102126409373861, 0.0 ], [ 13.304060538899595, 10.101893369033506, 0.0 ], [ 13.303529643490947, 10.10135908787832, 0.0 ], [ 13.302418608792639, 10.101638944758221, 0.0 ], [ 13.302162844449734, 10.102459414935813, 0.0 ], [ 13.301750045022528, 10.102862804697034, 0.0 ], [ 13.300842230651384, 10.103824463879423, 0.0 ], [ 13.300259544309894, 10.103566753557054, 0.0 ], [ 13.299193224574189, 10.103039462245295, 0.0 ], [ 13.297798462790579, 10.103323014948561, 0.0 ], [ 13.297443958585307, 10.103698685211446, 0.0 ], [ 13.295624886525818, 10.104163250260044, 0.0 ], [ 13.294854849745835, 10.104978809813899, 0.0 ], [ 13.294273710476062, 10.104998025768772, 0.0 ], [ 13.293772275947566, 10.104994529321145, 0.0 ], [ 13.292635742741121, 10.105284736661982, 0.0 ], [ 13.291890941265278, 10.106073536380231, 0.0 ], [ 13.291291344955289, 10.106390033178041, 0.0 ], [ 13.289018536042526, 10.10731293065456, 0.0 ], [ 13.287824507655177, 10.108576939175252, 0.0 ], [ 13.28640735102722, 10.108623957473192, 0.0 ], [ 13.285240831139836, 10.107862718626743, 0.0 ], [ 13.284763227795793, 10.108369481913176, 0.0 ], [ 13.283369536292572, 10.108657730629179, 0.0 ], [ 13.282316496310639, 10.109213215038968, 0.0 ], [ 13.281221388116361, 10.109492810307787, 0.0 ], [ 13.280673685800775, 10.110345630448036, 0.0 ], [ 13.280146050802422, 10.110861499618737, 0.0 ], [ 13.280433730919992, 10.111397409154478, 0.0 ], [ 13.280707637437525, 10.111940369371712, 0.0 ], [ 13.281267671439579, 10.112982257660397, 0.0 ], [ 13.281290918128397, 10.113689161196779, 0.0 ], [ 13.281286061857001, 10.114368417992198, 0.0 ], [ 13.28199138199045, 10.115022564211142, 0.0 ], [ 13.28318291311817, 10.116219010048912, 0.0 ], [ 13.284277834463921, 10.116727474160506, 0.0 ], [ 13.284620285514306, 10.118654869590729, 0.0 ], [ 13.284906867923382, 10.119187083392603, 0.0 ], [ 13.285201586038134, 10.119769403745547, 0.0 ], [ 13.286265545755125, 10.120756598816294, 0.0 ], [ 13.286768749932321, 10.121693495157762, 0.0 ], [ 13.286305347929543, 10.122145641122954, 0.0 ], [ 13.285778283314935, 10.122704328681982, 0.0 ], [ 13.284728265681986, 10.12373020939491, 0.0 ], [ 13.284713772701947, 10.125689743905191, 0.0 ], [ 13.287153472320627, 10.12599457898534, 0.0 ], [ 13.287476860325672, 10.128089231009172, 0.0 ], [ 13.288030413864663, 10.129120072164763, 0.0 ], [ 13.288059801282065, 10.129965368854666, 0.0 ], [ 13.28778226810339, 10.13051551635508, 0.0 ], [ 13.287430266197635, 10.131642758463622, 0.0 ], [ 13.286444977353183, 10.132161984481231, 0.0 ], [ 13.285622883594471, 10.132438056791676, 0.0 ], [ 13.285395884654628, 10.135423113514861, 0.0 ], [ 13.284640699325776, 10.136558796976066, 0.0 ], [ 13.284335979353896, 10.137872531620546, 0.0 ], [ 13.283524097526316, 10.138275853057053, 0.0 ], [ 13.283520772013402, 10.138827706328069, 0.0 ], [ 13.283534742199892, 10.139236095753066, 0.0 ], [ 13.283009620977714, 10.140824388333561, 0.0 ], [ 13.283305679847548, 10.143027758877297, 0.0 ], [ 13.283964842667165, 10.143333632769512, 0.0 ], [ 13.283599574774627, 10.144106394659119, 0.0 ], [ 13.283033988816728, 10.144658725215804, 0.0 ], [ 13.282262961774983, 10.146288820224735, 0.0 ], [ 13.281783762829743, 10.147239609126711, 0.0 ], [ 13.282288110594337, 10.148177542751361, 0.0 ], [ 13.282565680481717, 10.148991058823807, 0.0 ], [ 13.283132923409919, 10.150565073787851, 0.0 ], [ 13.282877609584069, 10.151422555081602, 0.0 ], [ 13.282338345588951, 10.151949175073019, 0.0 ], [ 13.282333742954876, 10.15264481233946, 0.0 ], [ 13.282356658063541, 10.15332370459117, 0.0 ], [ 13.28207764862052, 10.154164583089281, 0.0 ], [ 13.28211406427344, 10.155215928602079, 0.0 ], [ 13.281832839143771, 10.155490226721353, 0.0 ], [ 13.281587846835988, 10.157122435911946, 0.0 ], [ 13.281311884148087, 10.157391379456392, 0.0 ], [ 13.281099349687848, 10.161458744465429, 0.0 ], [ 13.280560078545298, 10.161985897894192, 0.0 ], [ 13.280863135309657, 10.164709274977056, 0.0 ], [ 13.281691761989, 10.165476988878, 0.0 ], [ 13.28198865576277, 10.16661689178963, 0.0 ], [ 13.28300959654184, 10.167562846389288, 0.0 ], [ 13.281761224713035, 10.170043843214497, 0.0 ], [ 13.281753086386965, 10.171193026001216, 0.0 ], [ 13.282851626715271, 10.171156434620011, 0.0 ], [ 13.283399960881486, 10.171707401562317, 0.0 ], [ 13.284244229888753, 10.171966426798512, 0.0 ], [ 13.284518235978563, 10.172509358600724, 0.0 ], [ 13.284801289473045, 10.172770980419934, 0.0 ], [ 13.285075297571632, 10.173313911067734, 0.0 ], [ 13.285550671062927, 10.173754303528783, 0.0 ], [ 13.286745598539783, 10.175181045653375, 0.0 ], [ 13.287050282409135, 10.175783296268575, 0.0 ], [ 13.288365149491632, 10.177001790390428, 0.0 ], [ 13.288975766877082, 10.178139140089694, 0.0 ], [ 13.288424903135686, 10.178677035782513, 0.0 ], [ 13.288183597695154, 10.180579811681261, 0.0 ], [ 13.287552011243523, 10.182182739022393, 0.0 ], [ 13.286724376798992, 10.185163530708568, 0.0 ], [ 13.287975580930942, 10.18544837115325, 0.0 ], [ 13.288298446256803, 10.186689921330785, 0.0 ], [ 13.289109123415194, 10.187066695690255, 0.0 ], [ 13.289636948629123, 10.187596764842315, 0.0 ], [ 13.290466263578249, 10.187851194296892, 0.0 ], [ 13.290740302908796, 10.188394110620543, 0.0 ], [ 13.291763560797246, 10.188708354443648, 0.0 ], [ 13.292131475188153, 10.189726782516097, 0.0 ], [ 13.291609691104524, 10.190762726726096, 0.0 ], [ 13.291601328313357, 10.191890228274932, 0.0 ], [ 13.292650839679885, 10.193843141766184, 0.0 ], [ 13.29173862515672, 10.194808645279997, 0.0 ], [ 13.290840983217363, 10.195428814269189, 0.0 ], [ 13.29002238487659, 10.195975530705583, 0.0 ], [ 13.289759356363369, 10.196254893546399, 0.0 ], [ 13.289483383302093, 10.196523854526694, 0.0 ], [ 13.288806030260185, 10.1975777055658, 0.0 ], [ 13.287050602638336, 10.198450169861532, 0.0 ], [ 13.286787569381147, 10.198729532155797, 0.0 ], [ 13.282687745904465, 10.199048745560464, 0.0 ], [ 13.282360878642706, 10.200458990789615, 0.0 ], [ 13.281630657976324, 10.201232871672484, 0.0 ], [ 13.280808402213212, 10.201509005081673, 0.0 ], [ 13.280560499716101, 10.203158708020659, 0.0 ], [ 13.27869220663769, 10.205968728892154, 0.0 ], [ 13.278687409718815, 10.206646928699898, 0.0 ], [ 13.278976178474641, 10.207491996184206, 0.0 ], [ 13.279259272340347, 10.207753611659616, 0.0 ], [ 13.279536950261477, 10.208567110266157, 0.0 ], [ 13.279869755457684, 10.208875113377156, 0.0 ], [ 13.279849592416866, 10.211672489229914, 0.0 ], [ 13.279872524080348, 10.212348737724728, 0.0 ], [ 13.279318085564404, 10.212624001808846, 0.0 ], [ 13.279039653126272, 10.213826424689131, 0.0 ], [ 13.276885129239492, 10.214550314466985, 0.0 ], [ 13.276622076204303, 10.214829677338686, 0.0 ], [ 13.276089050622071, 10.215349907798029, 0.0 ], [ 13.275813891697165, 10.216478820447939, 0.0 ], [ 13.275847678845814, 10.217487921092211, 0.0 ], [ 13.275580967930603, 10.21916800806177, 0.0 ], [ 13.275339651230857, 10.221070814621227, 0.0 ], [ 13.274804987672271, 10.222425661722278, 0.0 ], [ 13.274567295874327, 10.224599044309548, 0.0 ], [ 13.274302162825945, 10.225679729452326, 0.0 ], [ 13.274049974887147, 10.226770817195664, 0.0 ], [ 13.27377759176653, 10.227310354799082, 0.0 ], [ 13.273518153542573, 10.227860294684502, 0.0 ], [ 13.273167801202899, 10.228554668053805, 0.0 ], [ 13.274370691246155, 10.230794213373091, 0.0 ], [ 13.274107981720267, 10.231100002790505, 0.0 ], [ 13.272457638985225, 10.231388621225095, 0.0 ], [ 13.271814171572251, 10.232748605213684, 0.0 ], [ 13.271114900608454, 10.2324924592046, 0.0 ], [ 13.270589151116647, 10.23196446469383, 0.0 ], [ 13.269737409997793, 10.231958212354012, 0.0 ], [ 13.269209143578099, 10.232517498400872, 0.0 ], [ 13.268927862962054, 10.232791816568716, 0.0 ], [ 13.268952218871867, 10.233495012036355, 0.0 ], [ 13.266634460428408, 10.23431512270135, 0.0 ], [ 13.265194886939831, 10.233847742909937, 0.0 ], [ 13.263118694392587, 10.234297838492271, 0.0 ], [ 13.26235191130074, 10.233941600850144, 0.0 ], [ 13.261562206893354, 10.233148008709259, 0.0 ], [ 13.260758923620552, 10.233174926636488, 0.0 ], [ 13.260464994950157, 10.232902868467942, 0.0 ], [ 13.259967372334408, 10.232402495628579, 0.0 ], [ 13.256672440462065, 10.232379066332784, 0.0 ], [ 13.255824359402981, 10.233207869832894, 0.0 ], [ 13.255284913022773, 10.234931201120746, 0.0 ], [ 13.251342037804292, 10.234902997203916, 0.0 ], [ 13.250657150382063, 10.234925700690708, 0.0 ], [ 13.249558895659842, 10.234122889708043, 0.0 ], [ 13.248175875159248, 10.233334367960589, 0.0 ], [ 13.247901823333036, 10.232791403054803, 0.0 ], [ 13.247097451679661, 10.232817773507815, 0.0 ], [ 13.246009146123251, 10.232280159672289, 0.0 ], [ 13.245168110424519, 10.2326791210096, 0.0 ], [ 13.245447731423841, 10.233640649568905, 0.0 ], [ 13.246277638925536, 10.234409456657446, 0.0 ], [ 13.246313178398566, 10.235475130164238, 0.0 ], [ 13.246032918461184, 10.236068683487549, 0.0 ], [ 13.245301328521268, 10.236431861102526, 0.0 ], [ 13.244694057777847, 10.237715251822204, 0.0 ], [ 13.243868044501415, 10.238522081734972, 0.0 ], [ 13.2438958512158, 10.239327799465695, 0.0 ], [ 13.2434864443445, 10.2397612961581, 0.0 ], [ 13.242251576169311, 10.239360378810165, 0.0 ], [ 13.241391018212417, 10.239096227976168, 0.0 ], [ 13.239364898818307, 10.237061743559194, 0.0 ], [ 13.238578701800638, 10.23789447315488, 0.0 ], [ 13.233186029378524, 10.238648779731017, 0.0 ], [ 13.232411495265001, 10.237870223571226, 0.0 ], [ 13.232307986126683, 10.239398653833629, 0.0 ], [ 13.232963925810063, 10.240006964284351, 0.0 ], [ 13.232740563461688, 10.243278643428621, 0.0 ], [ 13.231826557140971, 10.243732454859838, 0.0 ], [ 13.231392594767998, 10.244649392033942, 0.0 ], [ 13.230677865385523, 10.245722750231144, 0.0 ], [ 13.23114535842222, 10.247088337036422, 0.0 ], [ 13.231547347646034, 10.247459977445352, 0.0 ], [ 13.232269936032393, 10.24946710752557, 0.0 ], [ 13.232010901724472, 10.250054043715544, 0.0 ], [ 13.231734831620084, 10.250322993384456, 0.0 ], [ 13.231497581443394, 10.252789295361229, 0.0 ], [ 13.229943358907891, 10.2527783785987, 0.0 ], [ 13.229059693173136, 10.254152068112111, 0.0 ], [ 13.228646646172161, 10.254555479367951, 0.0 ], [ 13.228224569233269, 10.255002352492108, 0.0 ], [ 13.226608412185916, 10.254990644321188, 0.0 ], [ 13.226054687552706, 10.255008960380684, 0.0 ], [ 13.223932707668801, 10.253960921381466, 0.0 ], [ 13.223042433571253, 10.253954541121219, 0.0 ], [ 13.221532763526126, 10.254004851263071, 0.0 ], [ 13.220275862185053, 10.253718323602197, 0.0 ], [ 13.219218953852458, 10.252656385340295, 0.0 ], [ 13.218164729443338, 10.253165386780855, 0.0 ], [ 13.216685537658321, 10.25430788146261, 0.0 ], [ 13.215116438243735, 10.254062921434855, 0.0 ], [ 13.213394256630004, 10.25305876078191, 0.0 ], [ 13.212930043885288, 10.253550042388545, 0.0 ], [ 13.211841499206926, 10.254370817868637, 0.0 ], [ 13.211333577196612, 10.255995452350238, 0.0 ], [ 13.210773437191797, 10.256013826410635, 0.0 ], [ 13.210496958357693, 10.256012129481054, 0.0 ], [ 13.210237386625495, 10.25656207121879, 0.0 ], [ 13.209946535110044, 10.256845476128285, 0.0 ], [ 13.209435667563444, 10.257925693274203, 0.0 ], [ 13.20916314728276, 10.258465230409923, 0.0 ], [ 13.209181916407625, 10.258996230038885, 0.0 ], [ 13.208907842756089, 10.259821759905883, 0.0 ], [ 13.208651848585957, 10.260642299243772, 0.0 ], [ 13.208365212320626, 10.260921949348475, 0.0 ], [ 13.20840181051765, 10.26199347482123, 0.0 ], [ 13.207857000563427, 10.262525976859569, 0.0 ], [ 13.208146252005495, 10.263653426490022, 0.0 ], [ 13.209245326416461, 10.264673093083969, 0.0 ], [ 13.208759760260472, 10.265729727826788, 0.0 ], [ 13.208441859855352, 10.26606687526508, 0.0 ], [ 13.205977999222256, 10.266695659010676, 0.0 ], [ 13.206057064403904, 10.269040037362803, 0.0 ], [ 13.205055935644337, 10.270018262835393, 0.0 ], [ 13.205778928800418, 10.270688127781447, 0.0 ], [ 13.206049399286579, 10.27096054580484, 0.0 ], [ 13.206428728067664, 10.271311896427255, 0.0 ], [ 13.206897733958476, 10.273114676127804, 0.0 ], [ 13.207403369572596, 10.274055886981968, 0.0 ], [ 13.206936400052195, 10.275549966057836, 0.0 ], [ 13.206660286526301, 10.275818911278783, 0.0 ], [ 13.205861421957774, 10.276917153820619, 0.0 ], [ 13.205321857472965, 10.277444308063798, 0.0 ], [ 13.205649915775318, 10.282062137475856, 0.0 ], [ 13.206756614588892, 10.283086978110598, 0.0 ], [ 13.206821473773179, 10.284999669387044, 0.0 ], [ 13.205442174907422, 10.286039921726857, 0.0 ], [ 13.20543671605437, 10.286916413722208, 0.0 ], [ 13.205854129401731, 10.288447100953269, 0.0 ], [ 13.205466300258921, 10.288825337373597, 0.0 ], [ 13.205210302950981, 10.289645885736368, 0.0 ], [ 13.204398468513329, 10.290733735037458, 0.0 ], [ 13.204425975303979, 10.291519937228163, 0.0 ], [ 13.204096479233671, 10.292513766359285, 0.0 ], [ 13.20444177868489, 10.29319434307928, 0.0 ], [ 13.205007054407774, 10.29371876295124, 0.0 ], [ 13.204998825905772, 10.294788230750532, 0.0 ], [ 13.205017579825416, 10.295316588837718, 0.0 ], [ 13.204743500651489, 10.296142130576433, 0.0 ], [ 13.204762458528789, 10.296685815419927, 0.0 ], [ 13.204186577181972, 10.296971882916017, 0.0 ], [ 13.204232177342103, 10.298316582026466, 0.0 ], [ 13.204225837819262, 10.299125954109803, 0.0 ], [ 13.205081953364022, 10.299523419399073, 0.0 ], [ 13.205070652060682, 10.301004179569272, 0.0 ], [ 13.205905079672938, 10.301777757496561, 0.0 ], [ 13.205929477475427, 10.302489465438578, 0.0 ], [ 13.205926364560579, 10.302898114825494, 0.0 ], [ 13.206751341419064, 10.303281175006578, 0.0 ], [ 13.206500835142167, 10.304514492612759, 0.0 ], [ 13.206124300210023, 10.305261553673908, 0.0 ], [ 13.20733224575757, 10.306023912430096, 0.0 ], [ 13.207349656248583, 10.306530612869864, 0.0 ], [ 13.20734162848527, 10.307613290331096, 0.0 ], [ 13.208415836393405, 10.308112026635726, 0.0 ], [ 13.207921761126524, 10.309091620710511, 0.0 ], [ 13.207304246700136, 10.31106500709326, 0.0 ], [ 13.205770642923746, 10.311827156575898, 0.0 ], [ 13.206342602814651, 10.313171860275862, 0.0 ], [ 13.206631118073705, 10.314797245028918, 0.0 ], [ 13.207734086535238, 10.315048214645717, 0.0 ], [ 13.208140941140552, 10.315456799913527, 0.0 ], [ 13.208834909466132, 10.316100564436962, 0.0 ], [ 13.208579139427417, 10.316936974856706, 0.0 ], [ 13.207461673692492, 10.317683138268132, 0.0 ], [ 13.207801991683692, 10.318627005291328, 0.0 ], [ 13.2077906146095, 10.320178593813198, 0.0 ], [ 13.208073034683215, 10.320461936888549, 0.0 ], [ 13.208638367803228, 10.320985270038062, 0.0 ], [ 13.208633937084835, 10.321534542162189, 0.0 ], [ 13.208670428100589, 10.322591263595836, 0.0 ], [ 13.208385127933722, 10.322893647644692, 0.0 ], [ 13.20784551464307, 10.323420305830922, 0.0 ], [ 13.20783946318854, 10.324248700111847, 0.0 ], [ 13.208528075150683, 10.324568497379365, 0.0 ], [ 13.207871759657804, 10.325872135778891, 0.0 ], [ 13.207474423860619, 10.327141735239884, 0.0 ], [ 13.20653711527792, 10.327789352319572, 0.0 ], [ 13.205500793930604, 10.328137486327977, 0.0 ], [ 13.205210394941387, 10.330783754242319, 0.0 ], [ 13.204941456676288, 10.331593910483971, 0.0 ], [ 13.204960547168493, 10.332145521057042, 0.0 ], [ 13.204408267842865, 10.332684505140472, 0.0 ], [ 13.204700936296705, 10.333495787273939, 0.0 ], [ 13.204423735729113, 10.33376582170653, 0.0 ], [ 13.203628399077616, 10.335134713937105, 0.0 ], [ 13.202795068182528, 10.335414652376429, 0.0 ], [ 13.20286567315436, 10.337509639093623, 0.0 ], [ 13.202441999856703, 10.338406395489944, 0.0 ], [ 13.201753277597849, 10.338401643505694, 0.0 ], [ 13.201215725790846, 10.3386845925533, 0.0 ], [ 13.200032670379773, 10.339081686357764, 0.0 ], [ 13.199154696419745, 10.339939439699567, 0.0 ], [ 13.198811825711143, 10.343057395995551, 0.0 ], [ 13.197988547141623, 10.343051753495679, 0.0 ], [ 13.197379725499887, 10.343997445091963, 0.0 ], [ 13.195556743992192, 10.344610094870879, 0.0 ], [ 13.195551360537136, 10.345248721857828, 0.0 ], [ 13.196366465506253, 10.34600351095634, 0.0 ], [ 13.195312212379184, 10.347417015964727, 0.0 ], [ 13.194778714742711, 10.34824701763468, 0.0 ], [ 13.193466339712099, 10.348237176315356, 0.0 ], [ 13.193161882881746, 10.35015206610932, 0.0 ], [ 13.193242360559648, 10.352509139005285, 0.0 ], [ 13.192928184863797, 10.353131708706769, 0.0 ], [ 13.192686570223037, 10.355034680690167, 0.0 ], [ 13.191832666667512, 10.355458664132476, 0.0 ], [ 13.192194080598775, 10.35678075762465, 0.0 ], [ 13.191781039936258, 10.358559630089436, 0.0 ], [ 13.19135687983797, 10.358299803100202, 0.0 ], [ 13.190136504626155, 10.357503777583652, 0.0 ], [ 13.189163192941095, 10.357781832235748, 0.0 ], [ 13.188903564596718, 10.35833180187255, 0.0 ], [ 13.187781226318668, 10.358323703452683, 0.0 ], [ 13.187837261946568, 10.359968012933349, 0.0 ], [ 13.186951748990996, 10.360265007311028, 0.0 ], [ 13.185662117824062, 10.361890385280068, 0.0 ], [ 13.186217803485938, 10.362404882722462, 0.0 ], [ 13.186236892067717, 10.36295703436639, 0.0 ], [ 13.185600199299971, 10.364220261621286, 0.0 ], [ 13.185973572749649, 10.364594937957211, 0.0 ], [ 13.186530125525616, 10.364853044209637, 0.0 ], [ 13.186527354781383, 10.365126373236537, 0.0 ], [ 13.186553542440958, 10.36589093426301, 0.0 ], [ 13.186282815314138, 10.367292644251158, 0.0 ], [ 13.186293024975102, 10.367578491204847, 0.0 ], [ 13.185495063459786, 10.36835802929183, 0.0 ], [ 13.185488142604937, 10.369202314354846, 0.0 ], [ 13.185855129376071, 10.370219865003772, 0.0 ], [ 13.18552695367374, 10.371637656721386, 0.0 ], [ 13.185004099849694, 10.372147716153014, 0.0 ], [ 13.184992944306261, 10.373636436613154, 0.0 ], [ 13.186419257516784, 10.373132032328169, 0.0 ], [ 13.18718565859767, 10.373510560086759, 0.0 ], [ 13.187761574770775, 10.37377792015509, 0.0 ], [ 13.188537584712467, 10.374557005469056, 0.0 ], [ 13.189573538384789, 10.375210054143704, 0.0 ], [ 13.189127642607257, 10.375645109551774, 0.0 ], [ 13.188868011874531, 10.376195084512551, 0.0 ], [ 13.188595428312162, 10.376734655420179, 0.0 ], [ 13.188343007481953, 10.377825834187311, 0.0 ], [ 13.187814893273137, 10.378341784367278, 0.0 ], [ 13.187807953950198, 10.379183423868813, 0.0 ], [ 13.187844417808591, 10.380236998304984, 0.0 ], [ 13.187349210590426, 10.381219283903388, 0.0 ], [ 13.188005129179917, 10.382440265696509, 0.0 ], [ 13.186232147460814, 10.383537037164457, 0.0 ], [ 13.185144775622321, 10.384076679151317, 0.0 ], [ 13.184879938244585, 10.384637295567847, 0.0 ], [ 13.18433599098792, 10.385168254052868, 0.0 ], [ 13.184043054085516, 10.387467318824466, 0.0 ], [ 13.18219214961084, 10.388088819894486, 0.0 ], [ 13.182474851109868, 10.389269754803205, 0.0 ], [ 13.182760294277179, 10.389534035070792, 0.0 ], [ 13.18236602859754, 10.389918728192658, 0.0 ], [ 13.181902047193534, 10.391322972795869, 0.0 ], [ 13.183564854071035, 10.392371699935886, 0.0 ], [ 13.183913029669522, 10.393336100686204, 0.0 ], [ 13.183906395299502, 10.394120121110138, 0.0 ], [ 13.183932762216701, 10.394896309803054, 0.0 ], [ 13.18365753932631, 10.395479267347817, 0.0 ], [ 13.182842777313684, 10.395883730452791, 0.0 ], [ 13.183115282150686, 10.396298304096394, 0.0 ], [ 13.183399652466131, 10.396561537801123, 0.0 ], [ 13.182949193283616, 10.397457610605645, 0.0 ], [ 13.182614698626086, 10.399282000988322, 0.0 ], [ 13.182065148723183, 10.399554546492432, 0.0 ], [ 13.181801892238795, 10.399833923991569, 0.0 ], [ 13.180749478489508, 10.400356730986138, 0.0 ], [ 13.180439528556841, 10.400658390017528, 0.0 ], [ 13.180176269548978, 10.400937767085862, 0.0 ], [ 13.179626713515978, 10.401210310323473, 0.0 ], [ 13.17893827097731, 10.402280235879484, 0.0 ], [ 13.177731334003347, 10.402588322273019, 0.0 ], [ 13.177475281341341, 10.403408908897742, 0.0 ], [ 13.176472694228337, 10.403745513293623, 0.0 ], [ 13.177486027544528, 10.404215438404606, 0.0 ], [ 13.177778282056734, 10.406111473151617, 0.0 ], [ 13.178087085280687, 10.406684689611637, 0.0 ], [ 13.178073276885693, 10.408532915017176, 0.0 ], [ 13.178367389834298, 10.408805009804336, 0.0 ], [ 13.179195540157583, 10.40988208047607, 0.0 ], [ 13.180293794950648, 10.410391581629185, 0.0 ], [ 13.180605849514217, 10.41232804826868, 0.0 ], [ 13.180591057554523, 10.414420501972078, 0.0 ], [ 13.180900650306278, 10.414731507062553, 0.0 ], [ 13.181362390560604, 10.415159458502336, 0.0 ], [ 13.181124205473415, 10.415663304885166, 0.0 ], [ 13.1910077, 10.4096592, 0.0 ], [ 13.1970723, 10.4089167, 0.0 ], [ 13.2067881, 10.4156651, 0.0 ], [ 13.2108441, 10.4207674, 0.0 ], [ 13.2126348, 10.4251744, 0.0 ], [ 13.215605, 10.429961, 0.0 ], [ 13.2185566, 10.4350834, 0.0 ], [ 13.2191002, 10.438489, 0.0 ], [ 13.219100199568285, 10.438489000159869, 0.0 ], [ 13.219100199631495, 10.438489000555872, 0.0 ], [ 13.212077699545413, 10.441089500868877, 0.0 ], [ 13.210391400146028, 10.442001400571989, 0.0 ], [ 13.21053, 10.4425443, 0.0 ], [ 13.2128234, 10.4451936, 0.0 ], [ 13.2141192, 10.4477308, 0.0 ], [ 13.2153208, 10.4476427, 0.0 ], [ 13.218100799907171, 10.449292599944906, 0.0 ], [ 13.219204099207028, 10.448612700304805, 0.0 ], [ 13.21919719960826, 10.448156000288142, 0.0 ], [ 13.219561199306931, 10.446261300507555, 0.0 ], [ 13.219255999082129, 10.443625300356327, 0.0 ], [ 13.219256000010855, 10.443625300093753, 0.0 ], [ 13.219256, 10.4436253, 0.0 ], [ 13.2220283, 10.4428415, 0.0 ], [ 13.2281248, 10.4434513, 0.0 ], [ 13.2277318, 10.451862, 0.0 ], [ 13.227731799119431, 10.451861999858956, 0.0 ], [ 13.227731799097894, 10.451862000319867, 0.0 ], [ 13.226787199784368, 10.451710700177456, 0.0 ], [ 13.225197499680258, 10.451973400241052, 0.0 ], [ 13.223548599903911, 10.451938000227409, 0.0 ], [ 13.223535642089537, 10.451964914523254, 0.0 ], [ 13.2232917, 10.4524716, 0.0 ], [ 13.2240481, 10.4529911, 0.0 ], [ 13.224154, 10.4533768, 0.0 ], [ 13.2257076, 10.4532035, 0.0 ], [ 13.2260601, 10.4544898, 0.0 ], [ 13.2266491, 10.456205, 0.0 ], [ 13.2281033, 10.4560263, 0.0 ], [ 13.2296282, 10.4588223, 0.0 ], [ 13.229068449430299, 10.460492785463421, 0.0 ], [ 13.231122843058531, 10.458900621655076, 0.0 ], [ 13.233333332580274, 10.458333333804978, 0.0 ], [ 13.237499999537061, 10.458333333804898, 0.0 ] ] ] } },
{ "type": "Feature", "properties": { "Stra_Catch": "Yedzaram East Chad", "State": "Borno", "LGA": "Askira_Uba", "Population": 0, "Cleard_TOR": "Yes", "Status": "Yet to be awarded", "Start_Date": "2025-03-01T00:00:00", "End_Date": "2025-12-01T00:00:00", "Micr_Catch": "Uba", "Size_Ha": 65539.144272699996, "Comments": null, "OBJECTID_1": 0, "Shape_Leng": 0.0, "Shape_Area": 0.0, "parent_strategic_name": "Yedseram (East-Chad)", "clipped_to_state": true }, "geometry": { "type": "MultiPolygon", "coordinates": [ [ [ [ 13.257803684001557, 10.602248128436383, 0.0 ], [ 13.258862982848573, 10.593585204681451, 0.0 ], [ 13.261970350058702, 10.589748128461261, 0.0 ], [ 13.263029648905714, 10.581085204706332, 0.0 ], [ 13.266137017015211, 10.577248127586824, 0.0 ], [ 13.267196315861911, 10.556085204756181, 0.0 ], [ 13.270303683971342, 10.552248127636728, 0.0 ], [ 13.271362982818449, 10.547751871739216, 0.0 ], [ 13.274470350028553, 10.543914794619702, 0.0 ], [ 13.27552964887566, 10.539418537822867, 0.0 ], [ 13.280112710932672, 10.534091864135739, 0.0 ], [ 13.283333333365372, 10.533333332754555, 0.0 ], [ 13.282766045515233, 10.522789510215203, 0.0 ], [ 13.278599378558379, 10.517413329748921, 0.0 ], [ 13.279733954257944, 10.510289510240248, 0.0 ], [ 13.282766045514816, 10.506377156268238, 0.0 ], [ 13.284036254267317, 10.496762424233948, 0.0 ], [ 13.293622842913978, 10.488067287662421, 0.0 ], [ 13.299149237139789, 10.486649237559366, 0.0 ], [ 13.300567287242089, 10.481122843331656, 0.0 ], [ 13.303599378498921, 10.477210489359589, 0.0 ], [ 13.304733954198536, 10.472789509415307, 0.0 ], [ 13.307766045455418, 10.468877156342616, 0.0 ], [ 13.308900621154862, 10.460289509440184, 0.0 ], [ 13.311932711512416, 10.456377156367486, 0.0 ], [ 13.313067287212025, 10.451956176423206, 0.0 ], [ 13.320266045425349, 10.443877156392256, 0.0 ], [ 13.321400621124951, 10.439456176447974, 0.0 ], [ 13.324432711482483, 10.435543823375282, 0.0 ], [ 13.324999999332281, 10.433333332953451, 0.0 ], [ 13.314242214592115, 10.433686658599168, 0.0 ], [ 13.310757785030654, 10.437146674266453, 0.0 ], [ 13.301742214621543, 10.437853325557624, 0.0 ], [ 13.298257785060057, 10.441313340325538, 0.0 ], [ 13.293408880708313, 10.442019992515926, 0.0 ], [ 13.289924452046129, 10.445480007283889, 0.0 ], [ 13.280908880737607, 10.446186658575003, 0.0 ], [ 13.277424452075401, 10.449646674242279, 0.0 ], [ 13.26840888076682, 10.450353325533385, 0.0 ], [ 13.260757785147952, 10.457980007259536, 0.0 ], [ 13.237499999537052, 10.458333332905561, 0.0 ], [ 13.237499999536952, 10.454166666846731, 0.0 ], [ 13.238067287386395, 10.435289509491835, 0.0 ], [ 13.245266045600056, 10.427210489460906, 0.0 ], [ 13.246400621299708, 10.422789509516626, 0.0 ], [ 13.254733954313682, 10.413437228433549, 0.0 ], [ 13.253599378613711, 10.401956176524566, 0.0 ], [ 13.250468613741694, 10.397916666509252, 0.0 ], [ 13.253599378613515, 10.393877156493797, 0.0 ], [ 13.255017428715851, 10.388350762266095, 0.0 ], [ 13.262103949739602, 10.386532253049106, 0.0 ], [ 13.266099378584101, 10.381377156518543, 0.0 ], [ 13.267233954283634, 10.37278950961611, 0.0 ], [ 13.270266045540572, 10.368877156543423, 0.0 ], [ 13.270833333390019, 10.354166666146631, 0.0 ], [ 13.255908880793536, 10.353813340501462, 0.0 ], [ 13.252424452131136, 10.350353325733717, 0.0 ], [ 13.239242214765005, 10.349646674443051, 0.0 ], [ 13.235757785203258, 10.346186658775931, 0.0 ], [ 13.233333333476967, 10.345833333130535, 0.0 ], [ 13.233333333476873, 10.341666666172435, 0.0 ], [ 13.229166666520088, 10.341666666172529, 0.0 ], [ 13.228315904267564, 10.344982570877777, 0.0 ], [ 13.224999999563394, 10.34583333313071, 0.0 ], [ 13.218408880880229, 10.345480007485405, 0.0 ], [ 13.214924452217776, 10.342019991818278, 0.0 ], [ 13.210075547865825, 10.341313340527481, 0.0 ], [ 13.20659111830404, 10.337853325759676, 0.0 ], [ 13.204166666577718, 10.337500000114275, 0.0 ], [ 13.204361059356501, 10.33387369703121, 0.0 ], [ 13.203628399077616, 10.335134713937105, 0.0 ], [ 13.202795068182528, 10.335414652376429, 0.0 ], [ 13.20286567315436, 10.337509639093623, 0.0 ], [ 13.202441999856703, 10.338406395489944, 0.0 ], [ 13.201753277597849, 10.338401643505694, 0.0 ], [ 13.201215725790846, 10.3386845925533, 0.0 ], [ 13.200032670379773, 10.339081686357764, 0.0 ], [ 13.199154696419745, 10.339939439699567, 0.0 ], [ 13.198811825711143, 10.343057395995551, 0.0 ], [ 13.197988547141623, 10.343051753495679, 0.0 ], [ 13.197379725499887, 10.343997445091963, 0.0 ], [ 13.195556743992192, 10.344610094870879, 0.0 ], [ 13.195551360537136, 10.345248721857828, 0.0 ], [ 13.196366465506253, 10.34600351095634, 0.0 ], [ 13.195312212379184, 10.347417015964727, 0.0 ], [ 13.194778714742711, 10.34824701763468, 0.0 ], [ 13.193466339712099, 10.348237176315356, 0.0 ], [ 13.193161882881746, 10.35015206610932, 0.0 ], [ 13.193242360559648, 10.352509139005285, 0.0 ], [ 13.192928184863797, 10.353131708706769, 0.0 ], [ 13.192686570223037, 10.355034680690167, 0.0 ], [ 13.191832666667512, 10.355458664132476, 0.0 ], [ 13.192194080598775, 10.35678075762465, 0.0 ], [ 13.191781039936258, 10.358559630089436, 0.0 ], [ 13.19135687983797, 10.358299803100202, 0.0 ], [ 13.190136504626155, 10.357503777583652, 0.0 ], [ 13.189163192941095, 10.357781832235748, 0.0 ], [ 13.188903564596718, 10.35833180187255, 0.0 ], [ 13.187781226318668, 10.358323703452683, 0.0 ], [ 13.187837261946568, 10.359968012933349, 0.0 ], [ 13.186951748990996, 10.360265007311028, 0.0 ], [ 13.185662117824062, 10.361890385280068, 0.0 ], [ 13.186217803485938, 10.362404882722462, 0.0 ], [ 13.186236892067717, 10.36295703436639, 0.0 ], [ 13.185600199299971, 10.364220261621286, 0.0 ], [ 13.185973572749649, 10.364594937957211, 0.0 ], [ 13.186530125525616, 10.364853044209637, 0.0 ], [ 13.186527354781383, 10.365126373236537, 0.0 ], [ 13.186553542440958, 10.36589093426301, 0.0 ], [ 13.186282815314138, 10.367292644251158, 0.0 ], [ 13.186293024975102, 10.367578491204847, 0.0 ], [ 13.185495063459786, 10.36835802929183, 0.0 ], [ 13.185488142604937, 10.369202314354846, 0.0 ], [ 13.185855129376071, 10.370219865003772, 0.0 ], [ 13.18552695367374, 10.371637656721386, 0.0 ], [ 13.185004099849694, 10.372147716153014, 0.0 ], [ 13.184992944306261, 10.373636436613154, 0.0 ], [ 13.186419257516784, 10.373132032328169, 0.0 ], [ 13.18718565859767, 10.373510560086759, 0.0 ], [ 13.187761574770775, 10.37377792015509, 0.0 ], [ 13.188537584712467, 10.374557005469056, 0.0 ], [ 13.189573538384789, 10.375210054143704, 0.0 ], [ 13.189127642607257, 10.375645109551774, 0.0 ], [ 13.188868011874531, 10.376195084512551, 0.0 ], [ 13.188595428312162, 10.376734655420179, 0.0 ], [ 13.188343007481953, 10.377825834187311, 0.0 ], [ 13.187814893273137, 10.378341784367278, 0.0 ], [ 13.187807953950198, 10.379183423868813, 0.0 ], [ 13.187844417808591, 10.380236998304984, 0.0 ], [ 13.187349210590426, 10.381219283903388, 0.0 ], [ 13.188005129179917, 10.382440265696509, 0.0 ], [ 13.186232147460814, 10.383537037164457, 0.0 ], [ 13.185144775622321, 10.384076679151317, 0.0 ], [ 13.184879938244585, 10.384637295567847, 0.0 ], [ 13.18433599098792, 10.385168254052868, 0.0 ], [ 13.184043054085516, 10.387467318824466, 0.0 ], [ 13.18219214961084, 10.388088819894486, 0.0 ], [ 13.182474851109868, 10.389269754803205, 0.0 ], [ 13.182760294277179, 10.389534035070792, 0.0 ], [ 13.18236602859754, 10.389918728192658, 0.0 ], [ 13.181902047193534, 10.391322972795869, 0.0 ], [ 13.183564854071035, 10.392371699935886, 0.0 ], [ 13.183913029669522, 10.393336100686204, 0.0 ], [ 13.183906395299502, 10.394120121110138, 0.0 ], [ 13.183932762216701, 10.394896309803054, 0.0 ], [ 13.18365753932631, 10.395479267347817, 0.0 ], [ 13.182842777313684, 10.395883730452791, 0.0 ], [ 13.183115282150686, 10.396298304096394, 0.0 ], [ 13.183399652466131, 10.396561537801123, 0.0 ], [ 13.182949193283616, 10.397457610605645, 0.0 ], [ 13.182614698626086, 10.399282000988322, 0.0 ], [ 13.182065148723183, 10.399554546492432, 0.0 ], [ 13.181801892238795, 10.399833923991569, 0.0 ], [ 13.180749478489508, 10.400356730986138, 0.0 ], [ 13.180439528556841, 10.400658390017528, 0.0 ], [ 13.180176269548978, 10.400937767085862, 0.0 ], [ 13.179626713515978, 10.401210310323473, 0.0 ], [ 13.17893827097731, 10.402280235879484, 0.0 ], [ 13.177731334003347, 10.402588322273019, 0.0 ], [ 13.177475281341341, 10.403408908897742, 0.0 ], [ 13.176472694228337, 10.403745513293623, 0.0 ], [ 13.177486027544528, 10.404215438404606, 0.0 ], [ 13.177778282056734, 10.406111473151617, 0.0 ], [ 13.178087085280687, 10.406684689611637, 0.0 ], [ 13.178073276885693, 10.408532915017176, 0.0 ], [ 13.178367389834298, 10.408805009804336, 0.0 ], [ 13.179195540157583, 10.40988208047607, 0.0 ], [ 13.180293794950648, 10.410391581629185, 0.0 ], [ 13.180605849514217, 10.41232804826868, 0.0 ], [ 13.180591057554523, 10.414420501972078, 0.0 ], [ 13.180900650306278, 10.414731507062553, 0.0 ], [ 13.181362390560604, 10.415159458502336, 0.0 ], [ 13.181124205473415, 10.415663304885165, 0.0 ], [ 13.1910077, 10.4096592, 0.0 ], [ 13.1970723, 10.4089167, 0.0 ], [ 13.2067881, 10.4156651, 0.0 ], [ 13.2108441, 10.4207674, 0.0 ], [ 13.2126348, 10.4251744, 0.0 ], [ 13.215605, 10.429961, 0.0 ], [ 13.2185566, 10.4350834, 0.0 ], [ 13.2191002, 10.438489, 0.0 ], [ 13.2120777, 10.4410895, 0.0 ], [ 13.2103914, 10.4420014, 0.0 ], [ 13.21053, 10.4425443, 0.0 ], [ 13.2128234, 10.4451936, 0.0 ], [ 13.2141192, 10.4477308, 0.0 ], [ 13.2153208, 10.4476427, 0.0 ], [ 13.2181008, 10.4492926, 0.0 ], [ 13.2192041, 10.4486127, 0.0 ], [ 13.2191972, 10.448156, 0.0 ], [ 13.2195612, 10.4462613, 0.0 ], [ 13.219256, 10.4436253, 0.0 ], [ 13.2220283, 10.4428415, 0.0 ], [ 13.2281248, 10.4434513, 0.0 ], [ 13.2277318, 10.451862, 0.0 ], [ 13.2267872, 10.4517107, 0.0 ], [ 13.2251975, 10.4519734, 0.0 ], [ 13.2235486, 10.451938, 0.0 ], [ 13.2232917, 10.4524716, 0.0 ], [ 13.2240481, 10.4529911, 0.0 ], [ 13.224154, 10.4533768, 0.0 ], [ 13.2257076, 10.4532035, 0.0 ], [ 13.2260601, 10.4544898, 0.0 ], [ 13.2266491, 10.456205, 0.0 ], [ 13.2281033, 10.4560263, 0.0 ], [ 13.2296282, 10.4588223, 0.0 ], [ 13.2289769, 10.460766, 0.0 ], [ 13.2308583, 10.4617823, 0.0 ], [ 13.2345153, 10.4631771, 0.0 ], [ 13.2371957, 10.4738555, 0.0 ], [ 13.2385452, 10.4805837, 0.0 ], [ 13.2391573, 10.4861263, 0.0 ], [ 13.2464778, 10.5033269, 0.0 ], [ 13.247999, 10.5079074, 0.0 ], [ 13.2485977, 10.5110028, 0.0 ], [ 13.2486124, 10.5110788, 0.0 ], [ 13.2509462, 10.5231438, 0.0 ], [ 13.2520429, 10.5352507, 0.0 ], [ 13.2524257, 10.537997, 0.0 ], [ 13.2527525, 10.5403423, 0.0 ], [ 13.2478088, 10.5459504, 0.0 ], [ 13.2375259, 10.5555201, 0.0 ], [ 13.2329916, 10.5584822, 0.0 ], [ 13.2313643, 10.5673759, 0.0 ], [ 13.229685, 10.5752994, 0.0 ], [ 13.2291887, 10.5776413, 0.0 ], [ 13.2325162, 10.5888559, 0.0 ], [ 13.2391713, 10.6005373, 0.0 ], [ 13.254382449829615, 10.60963690115562, 0.0 ], [ 13.2536370170449, 10.607392713690883, 0.0 ], [ 13.257803684001557, 10.602248128436383, 0.0 ] ] ], [ [ [ 13.204408267842865, 10.332684505140472, 0.0 ], [ 13.204422667767211, 10.332724421985597, 0.0 ], [ 13.204425720619163, 10.332667472511872, 0.0 ], [ 13.204408267842865, 10.332684505140472, 0.0 ] ] ], [ [ [ 13.208572940275014, 10.322694589029311, 0.0 ], [ 13.208385127933722, 10.322893647644692, 0.0 ], [ 13.20784551464307, 10.323420305830922, 0.0 ], [ 13.20783946318854, 10.324248700111847, 0.0 ], [ 13.208528075150683, 10.324568497379365, 0.0 ], [ 13.207871759657804, 10.325872135778891, 0.0 ], [ 13.207474423860619, 10.327141735239884, 0.0 ], [ 13.20653711527792, 10.327789352319572, 0.0 ], [ 13.205500793930604, 10.328137486327977, 0.0 ], [ 13.205280730598211, 10.330142818843781, 0.0 ], [ 13.20868665917965, 10.326713053054236, 0.0 ], [ 13.208572940275014, 10.322694589029311, 0.0 ] ] ], [ [ [ 13.207461673692492, 10.317683138268132, 0.0 ], [ 13.207801991683692, 10.318627005291328, 0.0 ], [ 13.2077906146095, 10.320178593813198, 0.0 ], [ 13.208073034683215, 10.320461936888549, 0.0 ], [ 13.208521506716984, 10.320877090845732, 0.0 ], [ 13.208413141701669, 10.317047816223436, 0.0 ], [ 13.207461673692492, 10.317683138268132, 0.0 ] ] ], [ [ [ 13.207921761126524, 10.309091620710511, 0.0 ], [ 13.207304246700136, 10.31106500709326, 0.0 ], [ 13.205770642923746, 10.311827156575898, 0.0 ], [ 13.206342602814651, 10.313171860275862, 0.0 ], [ 13.206631118073705, 10.314797245028918, 0.0 ], [ 13.207734086535238, 10.315048214645717, 0.0 ], [ 13.208140941140552, 10.315456799913527, 0.0 ], [ 13.208374241955068, 10.315673223029883, 0.0 ], [ 13.208173844622479, 10.308591819332985, 0.0 ], [ 13.207921761126524, 10.309091620710511, 0.0 ] ] ], [ [ [ 13.204219937056255, 10.297955629313927, 0.0 ], [ 13.204232177342103, 10.298316582026466, 0.0 ], [ 13.204225837819262, 10.299125954109803, 0.0 ], [ 13.205081953364022, 10.299523419399073, 0.0 ], [ 13.205070652060682, 10.301004179569272, 0.0 ], [ 13.205905079672938, 10.301777757496561, 0.0 ], [ 13.205929477475427, 10.302489465438578, 0.0 ], [ 13.205926364560579, 10.302898114825494, 0.0 ], [ 13.206751341419064, 10.303281175006578, 0.0 ], [ 13.206500835142167, 10.304514492612759, 0.0 ], [ 13.206124300210023, 10.305261553673908, 0.0 ], [ 13.20733224575757, 10.306023912430096, 0.0 ], [ 13.207349656248583, 10.306530612869864, 0.0 ], [ 13.20734162848527, 10.307613290331096, 0.0 ], [ 13.208156864344037, 10.307991790355649, 0.0 ], [ 13.207980006989095, 10.301742214520845, 0.0 ], [ 13.204219937056255, 10.297955629313927, 0.0 ] ] ], [ [ [ 13.207980006988635, 10.280908880629626, 0.0 ], [ 13.205382126480801, 10.278292669452684, 0.0 ], [ 13.205649915775318, 10.282062137475856, 0.0 ], [ 13.206756614588892, 10.283086978110598, 0.0 ], [ 13.206821473773179, 10.284999669387044, 0.0 ], [ 13.205442174907422, 10.286039921726857, 0.0 ], [ 13.20543671605437, 10.286916413722208, 0.0 ], [ 13.205854129401731, 10.288447100953269, 0.0 ], [ 13.205466300258921, 10.288825337373597, 0.0 ], [ 13.205210302950981, 10.289645885736368, 0.0 ], [ 13.204398468513329, 10.290733735037458, 0.0 ], [ 13.204425975303979, 10.291519937228163, 0.0 ], [ 13.204096479233671, 10.292513766359285, 0.0 ], [ 13.20444177868489, 10.29319434307928, 0.0 ], [ 13.205007054407774, 10.29371876295124, 0.0 ], [ 13.204998825905772, 10.294788230750532, 0.0 ], [ 13.205017579825416, 10.295316588837718, 0.0 ], [ 13.204743500651489, 10.296142130576433, 0.0 ], [ 13.204762458528789, 10.296685815419927, 0.0 ], [ 13.204186577181972, 10.296971882916017, 0.0 ], [ 13.204217381855482, 10.297880279223111, 0.0 ], [ 13.208686659178911, 10.293379720087309, 0.0 ], [ 13.207980006988635, 10.280908880629626, 0.0 ] ] ] ] } },
{ "type": "Feature", "properties": { "Stra_Catch": "Hawal-Kilunga", "State": "Adamawa", "LGA": "Mubi South", "Population": 0, "Cleard_TOR": "Not Cleared", "Status": "Proposed", "Start_Date": "2025-12-30T00:00:00", "End_Date": "2026-12-30T00:00:00", "Micr_Catch": "Mubi", "Size_Ha": 240476.75144399999, "Comments": null, "OBJECTID_1": 0, "Shape_Leng": 0.0, "Shape_Area": 0.0, "parent_strategic_name": "Hawal-Kilunga", "clipped_to_state": true }, "geometry": { "type": "MultiPolygon", "coordinates": [ [ [ [ 13.508912481198902, 10.261474969151934, 0.0 ], [ 13.509195746221861, 10.261736284284048, 0.0 ], [ 13.509569753207206, 10.262828039662404, 0.0 ], [ 13.510300308390006, 10.262803075315592, 0.0 ], [ 13.510733270314464, 10.262805661830042, 0.0 ], [ 13.508806606318849, 10.260882573002423, 0.0 ], [ 13.508912481198902, 10.261474969151934, 0.0 ] ] ], [ [ [ 13.505317834931505, 10.25854846864803, 0.0 ], [ 13.506149438675401, 10.258802695244372, 0.0 ], [ 13.506714634366601, 10.259081232365924, 0.0 ], [ 13.506992548930789, 10.2590718818266, 0.0 ], [ 13.505702153127903, 10.257783880515845, 0.0 ], [ 13.505317834931505, 10.25854846864803, 0.0 ] ] ], [ [ [ 13.495833332848427, 10.250000000281554, 0.0 ], [ 13.4964508046669, 10.24783969472788, 0.0 ], [ 13.496835980354806, 10.247312495115926, 0.0 ], [ 13.495060654287956, 10.247300983220718, 0.0 ], [ 13.494803224526374, 10.24841421191187, 0.0 ], [ 13.494527472295571, 10.248683293574825, 0.0 ], [ 13.494264669786594, 10.248962765156154, 0.0 ], [ 13.49398891662412, 10.2492318467493, 0.0 ], [ 13.493471223658101, 10.250804701042831, 0.0 ], [ 13.49486802214264, 10.251113492036847, 0.0 ], [ 13.495923940193235, 10.250555653767339, 0.0 ], [ 13.496196697709333, 10.250829816757404, 0.0 ], [ 13.498937823880381, 10.251057071327793, 0.0 ], [ 13.499208419851536, 10.25132914753666, 0.0 ], [ 13.49924335556099, 10.251337068062274, 0.0 ], [ 13.498257784574385, 10.250353325926914, 0.0 ], [ 13.495833332848427, 10.250000000281554, 0.0 ] ] ], [ [ [ 13.500006752078841, 10.237430808501284, 0.0 ], [ 13.499832688223391, 10.237517431623607, 0.0 ], [ 13.499449495224685, 10.240074950133941, 0.0 ], [ 13.498520731666536, 10.241323236284305, 0.0 ], [ 13.49826939796033, 10.242414183643959, 0.0 ], [ 13.497997473241574, 10.242953757133266, 0.0 ], [ 13.49776142167318, 10.245126674615076, 0.0 ], [ 13.497489495575985, 10.245666248968984, 0.0 ], [ 13.497348088598727, 10.246611559735136, 0.0 ], [ 13.499382527086457, 10.243826972818173, 0.0 ], [ 13.500006752078841, 10.237430808501284, 0.0 ] ] ], [ [ [ 13.50478413857847, 10.225469292655232, 0.0 ], [ 13.503549194041726, 10.218673028718829, 0.0 ], [ 13.500836360456768, 10.21495990445518, 0.0 ], [ 13.499990082179941, 10.215017621481643, 0.0 ], [ 13.500899176856494, 10.215859111555748, 0.0 ], [ 13.501169730734599, 10.216131198563604, 0.0 ], [ 13.5015967095528, 10.21652582417782, 0.0 ], [ 13.501161868205774, 10.217843873146146, 0.0 ], [ 13.500661651477049, 10.218838385084236, 0.0 ], [ 13.500675592285273, 10.219221816090355, 0.0 ], [ 13.501790844861441, 10.220987114919449, 0.0 ], [ 13.502069036665336, 10.221800181124264, 0.0 ], [ 13.502359881382974, 10.222602502085554, 0.0 ], [ 13.50267459499298, 10.223810836572756, 0.0 ], [ 13.502653689291783, 10.2270919965171, 0.0 ], [ 13.501876039582024, 10.22747899072702, 0.0 ], [ 13.501613255604919, 10.227758458324033, 0.0 ], [ 13.500795185465508, 10.228305589610567, 0.0 ], [ 13.500532399788698, 10.228585057016, 0.0 ], [ 13.499983586608503, 10.228857915019521, 0.0 ], [ 13.499720799685827, 10.229137382257681, 0.0 ], [ 13.499171984463514, 10.229410239581268, 0.0 ], [ 13.498404183846556, 10.229815588490325, 0.0 ], [ 13.498131934067615, 10.232676461842601, 0.0 ], [ 13.497573590678341, 10.233786979702334, 0.0 ], [ 13.49762204319148, 10.235179195622319, 0.0 ], [ 13.500181761076377, 10.235637566771402, 0.0 ], [ 13.500617471622467, 10.231173028693952, 0.0 ], [ 13.50478413857847, 10.225469292655232, 0.0 ] ] ], [ [ [ 13.46888729982547, 10.186109500136002, 0.0 ], [ 13.468256701130215, 10.184769466178706, 0.0 ], [ 13.467711031895258, 10.186289979766762, 0.0 ], [ 13.467435277937966, 10.186559025965327, 0.0 ], [ 13.467176242907367, 10.187108969302086, 0.0 ], [ 13.466758417421074, 10.187517880889008, 0.0 ], [ 13.468306113145344, 10.188951458503318, 0.0 ], [ 13.468026676085806, 10.189797601807699, 0.0 ], [ 13.467788095362982, 10.191813129887217, 0.0 ], [ 13.469978461524729, 10.192205863926633, 0.0 ], [ 13.470205576968441, 10.192260215006097, 0.0 ], [ 13.468901599046029, 10.186176000504679, 0.0 ], [ 13.46888729982547, 10.186109500136002, 0.0 ] ] ], [ [ [ 13.455138481477636, 10.165898301948211, 0.0 ], [ 13.454166665981067, 10.162500000457767, 0.0 ], [ 13.450850761277287, 10.161649238205047, 0.0 ], [ 13.449999999024673, 10.158333333499851, 0.0 ], [ 13.44583333296772, 10.158333333499973, 0.0 ], [ 13.441666666011383, 10.158333333500067, 0.0 ], [ 13.4416666660111, 10.150000000483207, 0.0 ], [ 13.441666666010985, 10.146054993926381, 0.0 ], [ 13.439282699065423, 10.144055000621455, 0.0 ], [ 13.438163859408354, 10.143116359845855, 0.0 ], [ 13.438156578631048, 10.144257621570073, 0.0 ], [ 13.437365080514974, 10.145031424016205, 0.0 ], [ 13.437102254178834, 10.14531083558933, 0.0 ], [ 13.4362804220599, 10.145587246888782, 0.0 ], [ 13.436017594154224, 10.145866658174931, 0.0 ], [ 13.434572273207845, 10.147034024724793, 0.0 ], [ 13.433859449634451, 10.147789850170074, 0.0 ], [ 13.432218502528961, 10.148077341956803, 0.0 ], [ 13.43195939746496, 10.148627270618059, 0.0 ], [ 13.431267666830456, 10.148901913950077, 0.0 ], [ 13.430859727416161, 10.148095725562399, 0.0 ], [ 13.429757533120105, 10.14784534920282, 0.0 ], [ 13.42947964473834, 10.147032113154381, 0.0 ], [ 13.428410516238117, 10.146781283171105, 0.0 ], [ 13.428144347132626, 10.149220012039482, 0.0 ], [ 13.427595526530709, 10.149492717087139, 0.0 ], [ 13.426774482840798, 10.150060811590143, 0.0 ], [ 13.424607001139421, 10.150615391280573, 0.0 ], [ 13.423984848547226, 10.152923654682338, 0.0 ], [ 13.423018564290604, 10.153868914936432, 0.0 ], [ 13.422758834376534, 10.154762352131478, 0.0 ], [ 13.423341293635971, 10.157396783194777, 0.0 ], [ 13.423630366067728, 10.15902159054148, 0.0 ], [ 13.428828297564802, 10.159216561939427, 0.0 ], [ 13.429371792309551, 10.159485059773608, 0.0 ], [ 13.430493754128419, 10.16000519413946, 0.0 ], [ 13.431260234097552, 10.159193147912783, 0.0 ], [ 13.43184719679931, 10.158900890010688, 0.0 ], [ 13.43256004776069, 10.158145585274216, 0.0 ], [ 13.434367640322824, 10.15779398346592, 0.0 ], [ 13.435124379783112, 10.158904575390006, 0.0 ], [ 13.437387009103364, 10.158827924390845, 0.0 ], [ 13.438196334382665, 10.157567162289187, 0.0 ], [ 13.438774684709093, 10.157193102980463, 0.0 ], [ 13.439182661248925, 10.157999267834578, 0.0 ], [ 13.440455054321369, 10.158906789306355, 0.0 ], [ 13.442211131828122, 10.159305711435563, 0.0 ], [ 13.442485329897476, 10.15984840379409, 0.0 ], [ 13.443230804636864, 10.160374125341242, 0.0 ], [ 13.443569933224598, 10.159287260699918, 0.0 ], [ 13.444118741842583, 10.159014527534598, 0.0 ], [ 13.44493235941113, 10.158451778322668, 0.0 ], [ 13.445492454922377, 10.158455267214254, 0.0 ], [ 13.44602361604168, 10.158988649820323, 0.0 ], [ 13.447125841497643, 10.159238949479228, 0.0 ], [ 13.447523533283917, 10.160764446189571, 0.0 ], [ 13.448532254019913, 10.162196023566214, 0.0 ], [ 13.448808649712442, 10.162742373833046, 0.0 ], [ 13.449075684072463, 10.162459195379757, 0.0 ], [ 13.449777048168341, 10.162110395634292, 0.0 ], [ 13.450990788347292, 10.162708988144487, 0.0 ], [ 13.452093024516785, 10.162959263886748, 0.0 ], [ 13.452370993321473, 10.163772449953761, 0.0 ], [ 13.452941570321334, 10.164300519740044, 0.0 ], [ 13.452393432728575, 10.165390229052289, 0.0 ], [ 13.452145992266745, 10.166778113483595, 0.0 ], [ 13.452728555681274, 10.167861938254159, 0.0 ], [ 13.452719095271403, 10.169178940199579, 0.0 ], [ 13.453275265286639, 10.169436640138491, 0.0 ], [ 13.453545739140457, 10.169708801331144, 0.0 ], [ 13.454655512388536, 10.170500076439069, 0.0 ], [ 13.455114222300978, 10.170960435815086, 0.0 ], [ 13.455474878672961, 10.170198267556167, 0.0 ], [ 13.456043221762888, 10.169642529706659, 0.0 ], [ 13.457113264805841, 10.169109543464224, 0.0 ], [ 13.457890173837274, 10.168286213488503, 0.0 ], [ 13.458491139344483, 10.167698852140525, 0.0 ], [ 13.459425160099753, 10.167234010745281, 0.0 ], [ 13.458962677605721, 10.166454970603438, 0.0 ], [ 13.455138481477636, 10.165898301948211, 0.0 ] ] ], [ [ [ 13.403599378251165, 10.118622844053698, 0.0 ], [ 13.400232591922384, 10.114585658350226, 0.0 ], [ 13.400399420834205, 10.11507179618784, 0.0 ], [ 13.400386073675843, 10.116986644003299, 0.0 ], [ 13.400400170500705, 10.117394439078652, 0.0 ], [ 13.400135456868464, 10.118476076319133, 0.0 ], [ 13.400145575477501, 10.118748634826188, 0.0 ], [ 13.400140730008404, 10.119331609158987, 0.0 ], [ 13.399504141035258, 10.120598968508082, 0.0 ], [ 13.400191177140618, 10.120917947551824, 0.0 ], [ 13.400183477497315, 10.12199508585574, 0.0 ], [ 13.400202594283245, 10.122535989440408, 0.0 ], [ 13.400196190876725, 10.123395377411599, 0.0 ], [ 13.397468909988596, 10.124197682907377, 0.0 ], [ 13.396945261123854, 10.124752728698752, 0.0 ], [ 13.396399053790912, 10.12474894577951, 0.0 ], [ 13.395525367795786, 10.125058179343254, 0.0 ], [ 13.394511703388751, 10.126132410678835, 0.0 ], [ 13.393424176943428, 10.12695343010637, 0.0 ], [ 13.393164993669906, 10.127503349311491, 0.0 ], [ 13.392747077944081, 10.127912174118849, 0.0 ], [ 13.393175987644543, 10.128309663523281, 0.0 ], [ 13.393457450014505, 10.129393509447455, 0.0 ], [ 13.394559598881175, 10.129644047159873, 0.0 ], [ 13.394855833841754, 10.131810018201813, 0.0 ], [ 13.396514746806529, 10.132054671733167, 0.0 ], [ 13.396509035775722, 10.132886574030124, 0.0 ], [ 13.395916375867586, 10.133466330863525, 0.0 ], [ 13.396020921248475, 10.136513725373266, 0.0 ], [ 13.396756131049825, 10.136920308655421, 0.0 ], [ 13.397095447403267, 10.135833435262496, 0.0 ], [ 13.398190370861034, 10.135553457078744, 0.0 ], [ 13.398999312459882, 10.135266741473997, 0.0 ], [ 13.400664772960909, 10.134974874938541, 0.0 ], [ 13.402102192352029, 10.133452601714851, 0.0 ], [ 13.403339059061825, 10.132242705108528, 0.0 ], [ 13.403998344211866, 10.131544197134934, 0.0 ], [ 13.404410982158613, 10.131140717052629, 0.0 ], [ 13.404670142615267, 10.130590795879932, 0.0 ], [ 13.405765032661979, 10.130310802551795, 0.0 ], [ 13.406605791802303, 10.130012551581526, 0.0 ], [ 13.407112603515932, 10.129475686994439, 0.0 ], [ 13.408200081228777, 10.128654633250859, 0.0 ], [ 13.40884903997104, 10.127482976925496, 0.0 ], [ 13.405134412165424, 10.124603949897022, 0.0 ], [ 13.403599378251165, 10.118622844053698, 0.0 ] ] ], [ [ [ 13.398133632222617, 10.1128005012475, 0.0 ], [ 13.398423619439225, 10.113092149371981, 0.0 ], [ 13.399180659194652, 10.113324263252737, 0.0 ], [ 13.398504298878715, 10.112513225090156, 0.0 ], [ 13.398133632222617, 10.1128005012475, 0.0 ] ] ], [ [ [ 13.374253336176713, 10.111932712710077, 0.0 ], [ 13.368877155712633, 10.116099379668317, 0.0 ], [ 13.368068860519408, 10.116277030476262, 0.0 ], [ 13.36951545050805, 10.116490738202973, 0.0 ], [ 13.372015354909447, 10.116140384146396, 0.0 ], [ 13.372557291859811, 10.116143742346869, 0.0 ], [ 13.374015657512693, 10.116864221441922, 0.0 ], [ 13.376809691552385, 10.11625835249024, 0.0 ], [ 13.377710533557464, 10.117162755036118, 0.0 ], [ 13.379128612711046, 10.117115316475097, 0.0 ], [ 13.379775336967914, 10.116430227849495, 0.0 ], [ 13.383947352967606, 10.115969763392043, 0.0 ], [ 13.384813060152261, 10.116250464688678, 0.0 ], [ 13.385642140211688, 10.116504698139092, 0.0 ], [ 13.385912516699909, 10.116776959019329, 0.0 ], [ 13.386203772014776, 10.116808030173335, 0.0 ], [ 13.381377155682552, 10.113067288409932, 0.0 ], [ 13.374253336176713, 10.111932712710077, 0.0 ] ] ], [ [ [ 13.357981057040579, 10.105550996667107, 0.0 ], [ 13.355467485197693, 10.105241789962658, 0.0 ], [ 13.352210489685094, 10.107766045752475, 0.0 ], [ 13.351984574138035, 10.10782402346179, 0.0 ], [ 13.352205566663725, 10.107865868630881, 0.0 ], [ 13.353898508305631, 10.107159039578251, 0.0 ], [ 13.356002251102069, 10.107173459303983, 0.0 ], [ 13.356569967887593, 10.10687420290162, 0.0 ], [ 13.358143501767284, 10.106885062973163, 0.0 ], [ 13.358488896324342, 10.108212316732546, 0.0 ], [ 13.359814617992205, 10.108513956734008, 0.0 ], [ 13.36069504408202, 10.109806626393906, 0.0 ], [ 13.361791482512364, 10.110822660085276, 0.0 ], [ 13.3620857795584, 10.111682327174693, 0.0 ], [ 13.362294642964576, 10.1116997761037, 0.0 ], [ 13.361932711384533, 10.110289510138621, 0.0 ], [ 13.357981057040579, 10.105550996667107, 0.0 ] ] ], [ [ [ 13.335543822758451, 10.113067288411116, 0.0 ], [ 13.331122842815772, 10.111932712711178, 0.0 ], [ 13.327210489744532, 10.10890062145325, 0.0 ], [ 13.321684095518812, 10.107482571350468, 0.0 ], [ 13.320833332366863, 10.104166667544536, 0.0 ], [ 13.309242417482277, 10.103543091127959, 0.0 ], [ 13.308333332396337, 10.100000000586778, 0.0 ], [ 13.307980006750913, 10.097575547960421, 0.0 ], [ 13.300353325027478, 10.089924452338989, 0.0 ], [ 13.300017171936451, 10.083653676663296, 0.0 ], [ 13.295554599248417, 10.081981900831556, 0.0 ], [ 13.291453299514668, 10.080222800829189, 0.0 ], [ 13.289572599480918, 10.075460000266473, 0.0 ], [ 13.288082099095138, 10.074995600254477, 0.0 ], [ 13.286140399845797, 10.073196700754906, 0.0 ], [ 13.285278099291327, 10.071348300771225, 0.0 ], [ 13.280380199874458, 10.069884500357292, 0.0 ], [ 13.278659399300524, 10.066229600703416, 0.0 ], [ 13.276774899631153, 10.061689600882316, 0.0 ], [ 13.274928399915455, 10.0579729007168, 0.0 ], [ 13.273350226422099, 10.057901156401293, 0.0 ], [ 13.26909111815244, 10.062146675017157, 0.0 ], [ 13.262499999469556, 10.062500000662801, 0.0 ], [ 13.258333332512882, 10.062500000662906, 0.0 ], [ 13.257984585315819, 10.051885397881234, 0.0 ], [ 13.257423811255505, 10.05116140136602, 0.0 ], [ 13.248257785167148, 10.042019992417348, 0.0 ], [ 13.243408880815316, 10.041313341126514, 0.0 ], [ 13.239924451253618, 10.037853326358707, 0.0 ], [ 13.237499999527298, 10.037500000713299, 0.0 ], [ 13.206122843106833, 10.036932712863887, 0.0 ], [ 13.200967745678577, 10.032937453090643, 0.0 ], [ 13.199432711764217, 10.026956177275407, 0.0 ], [ 13.196400620507104, 10.023043823303528, 0.0 ], [ 13.195172118713261, 10.00923292385014, 0.0 ], [ 13.191666666599431, 10.008333333806096, 0.0 ], [ 13.191099378749495, 10.006122844283695, 0.0 ], [ 13.182766044835617, 9.996770562301599, 0.0 ], [ 13.183900620535329, 9.993622844308774, 0.0 ], [ 13.188067287492023, 9.988246663842393, 0.0 ], [ 13.186826239256375, 9.975896369511764, 0.0 ], [ 13.180017428880134, 9.974149068614722, 0.0 ], [ 13.179166666627475, 9.970833333881354, 0.0 ], [ 13.178813340082058, 9.935075548288031, 0.0 ], [ 13.175353325315168, 9.931591118725322, 0.0 ], [ 13.174999999669437, 9.912500000065178, 0.0 ], [ 13.170833332712602, 9.912500000065254, 0.0 ], [ 13.168408880986243, 9.912853326610083, 0.0 ], [ 13.164924451424588, 9.916313341377984, 0.0 ], [ 13.139953612898637, 9.917019992669374, 0.0 ], [ 13.135757784525033, 9.912853326610671, 0.0 ], [ 13.108333332855674, 9.912500000066354, 0.0 ], [ 13.108950805573365, 9.893673197551427, 0.0 ], [ 13.116049194051076, 9.885493469639188, 0.0 ], [ 13.117284138587532, 9.872839864559381, 0.0 ], [ 13.120215860108367, 9.868826802705996, 0.0 ], [ 13.12164679569698, 9.858994887095578, 0.0 ], [ 13.156326971336378, 9.857715692315907, 0.0 ], [ 13.160339694144021, 9.854784308939236, 0.0 ], [ 13.186688910079482, 9.853490363479521, 0.0 ], [ 13.188361612212178, 9.841997783161183, 0.0 ], [ 13.193673027100308, 9.838117642005473, 0.0 ], [ 13.199999999610064, 9.837500000214645, 0.0 ], [ 13.200353325255406, 9.83507554848754, 0.0 ], [ 13.204519992212061, 9.830879551040118, 0.0 ], [ 13.203813340021934, 9.826742215470567, 0.0 ], [ 13.199646673964418, 9.822546218023332, 0.0 ], [ 13.200353325254595, 9.797575548562508, 0.0 ], [ 13.203813340021238, 9.794091118999658, 0.0 ], [ 13.204166666565801, 9.787500000314514, 0.0 ], [ 13.20475701213306, 9.76351437088122, 0.0 ], [ 13.210289509158251, 9.758900621256291, 0.0 ], [ 13.217233954385916, 9.757118395187288, 0.0 ], [ 13.216099378685962, 9.747789510866744, 0.0 ], [ 13.212968613814033, 9.74375000085141, 0.0 ], [ 13.217233954385497, 9.738246663442256, 0.0 ], [ 13.216099378685501, 9.726956176975552, 0.0 ], [ 13.211932711728663, 9.721579997408552, 0.0 ], [ 13.21306728742773, 9.689456177050532, 0.0 ], [ 13.216198051400152, 9.685416667035129, 0.0 ], [ 13.211932711727767, 9.679913330525435, 0.0 ], [ 13.213067287427371, 9.672789510117392, 0.0 ], [ 13.220266044741603, 9.664710490086561, 0.0 ], [ 13.221400620441186, 9.660289510142247, 0.0 ], [ 13.224432711698103, 9.656377157069521, 0.0 ], [ 13.22499999954784, 9.650000000588975, 0.0 ], [ 13.225353325193096, 9.647575547962537, 0.0 ], [ 13.229152085796045, 9.643750000151721, 0.0 ], [ 13.225353325192955, 9.639924452340994, 0.0 ], [ 13.224999999547578, 9.637500000613938, 0.0 ], [ 13.225800237887341, 9.624731954105808, 0.0 ], [ 13.231211004479155, 9.628511217408047, 0.0 ], [ 13.236516994656649, 9.630149672458614, 0.0 ], [ 13.237499999518162, 9.633333333655598, 0.0 ], [ 13.237499999518263, 9.637500000613691, 0.0 ], [ 13.240815904222382, 9.636649068388891, 0.0 ], [ 13.241666666474892, 9.633333333655518, 0.0 ], [ 13.245833332532207, 9.633333333655433, 0.0 ], [ 13.248883470484628, 9.633276884109831, 0.0 ], [ 13.245277399521623, 9.593887300647395, 0.0 ], [ 13.243610399090366, 9.588333100281428, 0.0 ], [ 13.239166299376281, 9.578887900345523, 0.0 ], [ 13.230578199218293, 9.567588200324595, 0.0 ], [ 13.229797999572003, 9.564518000294829, 0.0 ], [ 13.221211198034911, 9.547623820172737, 0.0 ], [ 13.21887715605329, 9.549432712938964, 0.0 ], [ 13.209220716163761, 9.550708517274057, 0.0 ], [ 13.20833333261826, 9.55416666684803, 0.0 ], [ 13.207766044768608, 9.564710490286707, 0.0 ], [ 13.204733954410994, 9.568622844258689, 0.0 ], [ 13.203528848480895, 9.586594306971568, 0.0 ], [ 13.196541680060131, 9.588387383361022, 0.0 ], [ 13.195266044798396, 9.598043823253866, 0.0 ], [ 13.192233954440809, 9.601956177225881, 0.0 ], [ 13.19109937874115, 9.606377157170188, 0.0 ], [ 13.188067287484181, 9.610289510242893, 0.0 ], [ 13.186932711784783, 9.62574666366778, 0.0 ], [ 13.19119805145721, 9.631250000177488, 0.0 ], [ 13.188067287484685, 9.635289510192869, 0.0 ], [ 13.187499999635087, 9.645833333631593, 0.0 ], [ 13.185075547908763, 9.646186659277136, 0.0 ], [ 13.181591118347159, 9.649646674944345, 0.0 ], [ 13.173286945850254, 9.650353326235432, 0.0 ], [ 13.168749999228778, 9.645847914340262, 0.0 ], [ 13.164924451419274, 9.649646674944654, 0.0 ], [ 13.162499999692978, 9.650000000590179, 0.0 ], [ 13.16193271184315, 9.652210490112623, 0.0 ], [ 13.15890062058617, 9.656122844084717, 0.0 ], [ 13.157766044886484, 9.660543824028972, 0.0 ], [ 13.149417114030751, 9.669913568147489, 0.0 ], [ 13.143622843243593, 9.671400621432491, 0.0 ], [ 13.127210489301772, 9.686932712665769, 0.0 ], [ 13.121541679335801, 9.688387384061793, 0.0 ], [ 13.120266044973343, 9.698043823954658, 0.0 ], [ 13.117233953716241, 9.701956177027309, 0.0 ], [ 13.116099378016667, 9.710543823929761, 0.0 ], [ 13.11210394917191, 9.715698920460287, 0.0 ], [ 13.106122843330253, 9.717233955274336, 0.0 ], [ 13.102210489359477, 9.720266045633139, 0.0 ], [ 13.076956176430295, 9.721400621333679, 0.0 ], [ 13.06471048944489, 9.732766045608788, 0.0 ], [ 13.058333332965983, 9.733333333458834, 0.0 ], [ 13.057766045116185, 9.73971048993946, 0.0 ], [ 13.054733953859044, 9.743622843911513, 0.0 ], [ 13.05359937815931, 9.748043823855784, 0.0 ], [ 13.05046861418664, 9.752083333871219, 0.0 ], [ 13.053599378159436, 9.756122843886486, 0.0 ], [ 13.055054049555109, 9.761791483882217, 0.0 ], [ 13.064710489445398, 9.763067288217002, 0.0 ], [ 13.068622843416353, 9.766099379474955, 0.0 ], [ 13.070833332938266, 9.766666667324898, 0.0 ], [ 13.071450805656339, 9.768826802906688, 0.0 ], [ 13.074841647269531, 9.773468526843113, 0.0 ], [ 13.074220784107506, 9.778458828903894, 0.0 ], [ 13.056173027413653, 9.779784309090928, 0.0 ], [ 13.052160304605827, 9.782715691568285, 0.0 ], [ 13.042334661769237, 9.784145779096947, 0.0 ], [ 13.041666666038255, 9.800000000292281, 0.0 ], [ 13.042233953888211, 9.802210490714097, 0.0 ], [ 13.049432712102625, 9.810289510744704, 0.0 ], [ 13.050567287802549, 9.818877156747776, 0.0 ], [ 13.05891621865905, 9.828246900866027, 0.0 ], [ 13.06471048944651, 9.829733955050154, 0.0 ], [ 13.068622843417494, 9.832766046308068, 0.0 ], [ 13.073043822461262, 9.83390062200813, 0.0 ], [ 13.076956176432269, 9.836932712366755, 0.0 ], [ 13.083597818128879, 9.838637119199607, 0.0 ], [ 13.079733953804139, 9.843622843711177, 0.0 ], [ 13.078599378104657, 9.863246664094161, 0.0 ], [ 13.082766045061808, 9.868622843661191, 0.0 ], [ 13.083900620761639, 9.873043823605437, 0.0 ], [ 13.086932712018916, 9.876956177577307, 0.0 ], [ 13.088067287718788, 9.87991333012782, 0.0 ], [ 13.083900620761854, 9.885289510594269, 0.0 ], [ 13.082766045062181, 9.889710490538549, 0.0 ], [ 13.079733953805015, 9.89362284361124, 0.0 ], [ 13.078599378105316, 9.900746664019263, 0.0 ], [ 13.082766045062451, 9.906122843586182, 0.0 ], [ 13.083333332912346, 9.908333334007995, 0.0 ], [ 13.07674221422895, 9.908686659653569, 0.0 ], [ 13.073257784667144, 9.912146674421475, 0.0 ], [ 13.055908881242541, 9.912853326611994, 0.0 ], [ 13.052424451680704, 9.916313341379905, 0.0 ], [ 13.049999999954306, 9.916666667025387, 0.0 ], [ 13.050567287804263, 9.923043823505983, 0.0 ], [ 13.054733953862121, 9.928420003972251, 0.0 ], [ 13.053599378162401, 9.935543823480975, 0.0 ], [ 13.050567287804521, 9.939456177452938, 0.0 ], [ 13.049432712104972, 9.952210490414148, 0.0 ], [ 13.046400620847759, 9.956122843486806, 0.0 ], [ 13.045266045147994, 9.960543823431079, 0.0 ], [ 13.042233953890833, 9.964456177403084, 0.0 ], [ 13.041099378191282, 9.98137715732237, 0.0 ], [ 13.038067287833426, 9.98528951039509, 0.0 ], [ 13.036932712133668, 9.989710490339386, 0.0 ], [ 13.033900620876441, 9.993622844311354, 0.0 ], [ 13.032766045176722, 9.9980438233563, 0.0 ], [ 13.028599378219688, 10.003420003822789, 0.0 ], [ 13.029840426455349, 10.01577029815331, 0.0 ], [ 13.033333333026942, 10.016666666825767, 0.0 ], [ 13.033333333027018, 10.020833333783832, 0.0 ], [ 13.037499999984098, 10.020833333783786, 0.0 ], [ 13.037853325629905, 10.048257785460889, 0.0 ], [ 13.04165310246724, 10.052084181332287, 0.0 ], [ 13.029519991715995, 10.064242214998817, 0.0 ], [ 13.028813340425296, 10.069091119352246, 0.0 ], [ 13.025353325658291, 10.072575548015779, 0.0 ], [ 13.025000000013033, 10.079166666700964, 0.0 ], [ 13.025353325658434, 10.08159111932733, 0.0 ], [ 13.029152085362625, 10.085416667138064, 0.0 ], [ 13.024646673468526, 10.089953782833415, 0.0 ], [ 13.025353325658712, 10.098257786260476, 0.0 ], [ 13.032980007382976, 10.105908881881884, 0.0 ], [ 13.033686658673901, 10.11492445229414, 0.0 ], [ 13.037146673440997, 10.118408881856897, 0.0 ], [ 13.037855698942096, 10.127454461746439, 0.0 ], [ 13.043408881274287, 10.132980007913385, 0.0 ], [ 13.054166666015629, 10.133333333558697, 0.0 ], [ 13.053813340370299, 10.135757786185058, 0.0 ], [ 13.046186658646358, 10.14340888180673, 0.0 ], [ 13.045480007355645, 10.148257786160228, 0.0 ], [ 13.033686658674647, 10.16007554874005, 0.0 ], [ 13.03298000738393, 10.164924452194198, 0.0 ], [ 13.027453613157666, 10.170478482588504, 0.0 ], [ 13.020833333057396, 10.170833333484248, 0.0 ], [ 13.018408880431611, 10.171186659129692, 0.0 ], [ 13.012858072309673, 10.176709832885257, 0.0 ], [ 13.01249999914322, 10.179166667400532, 0.0 ], [ 13.011838785199673, 10.186600410373439, 0.0 ], [ 13.008333333085544, 10.187500000417506, 0.0 ], [ 13.008333333085666, 10.195833333434404, 0.0 ], [ 13.011649236890831, 10.196684095687296, 0.0 ], [ 13.013067286993515, 10.202210489914931, 0.0 ], [ 13.020266045208094, 10.2102895108449, 0.0 ], [ 13.021751573242494, 10.216077677935107, 0.0 ], [ 13.049999999959276, 10.216666667325065, 0.0 ], [ 13.050353325604666, 10.219091119052099, 0.0 ], [ 13.062146673386726, 10.230908881631558, 0.0 ], [ 13.062853325577342, 10.260757785935029, 0.0 ], [ 13.066652085281431, 10.264583333745753, 0.0 ], [ 13.06251390165224, 10.268750678792735, 0.0 ], [ 13.070480007301681, 10.276742215472726, 0.0 ], [ 13.070833332947149, 10.283333334157891, 0.0 ], [ 13.070480007301839, 10.285757785884941, 0.0 ], [ 13.062853325577883, 10.293408881506657, 0.0 ], [ 13.062146673388082, 10.310046387023133, 0.0 ], [ 13.066313340345223, 10.314242215397796, 0.0 ], [ 13.067019991636581, 10.347546386948075, 0.0 ], [ 13.062853325578899, 10.351742215322897, 0.0 ], [ 13.062146673388938, 10.360046386923171, 0.0 ], [ 13.066313340346074, 10.364242215297839, 0.0 ], [ 13.067019991636947, 10.369091118751996, 0.0 ], [ 13.070480007303368, 10.372575548314694, 0.0 ], [ 13.071186658594236, 10.380879720814265, 0.0 ], [ 13.066681246700158, 10.385416667437106, 0.0 ], [ 13.070480007303644, 10.389242215247846, 0.0 ], [ 13.071186658594591, 10.402424452618179, 0.0 ], [ 13.074646674261013, 10.405908881281501, 0.0 ], [ 13.074999999906485, 10.412500000866045, 0.0 ], [ 13.078315903711568, 10.41335076311886, 0.0 ], [ 13.079733953814261, 10.418877157346552, 0.0 ], [ 13.086932712028716, 10.42695617737715, 0.0 ], [ 13.088204277858685, 10.436580404453544, 0.0 ], [ 13.093622843371776, 10.441099379024507, 0.0 ], [ 13.095833332893667, 10.441666666874506, 0.0 ], [ 13.0999999998507, 10.441666666874456, 0.0 ], [ 13.104166665908458, 10.441666666874376, 0.0 ], [ 13.104166665908535, 10.445833333832491, 0.0 ], [ 13.099999999850779, 10.445833333832576, 0.0 ], [ 13.100074825237503, 10.449876342773695, 0.0 ], [ 13.106125543279981, 10.447615777009304, 0.0 ], [ 13.106125547676491, 10.447615775366755, 0.0 ], [ 13.107445599483647, 10.447122600119032, 0.0 ], [ 13.108738274927187, 10.445836318345771, 0.0 ], [ 13.10873827918293, 10.445836314111078, 0.0 ], [ 13.1097506, 10.444829, 0.0 ], [ 13.1143798, 10.4448175, 0.0 ], [ 13.1224765, 10.443656, 0.0 ], [ 13.1282519, 10.4413538, 0.0 ], [ 13.1398, 10.435607, 0.0 ], [ 13.1413342, 10.4350971, 0.0 ], [ 13.1416083, 10.434991, 0.0 ], [ 13.1432152, 10.4344549, 0.0 ], [ 13.1478348, 10.4321556, 0.0 ], [ 13.1481453, 10.4320231, 0.0 ], [ 13.155921, 10.4287052, 0.0 ], [ 13.1621001, 10.4252505, 0.0 ], [ 13.1664273, 10.4228311, 0.0 ], [ 13.175129602802635, 10.418823420404768, 0.0 ], [ 13.175129631466765, 10.41882340720405, 0.0 ], [ 13.178406299739633, 10.417314400029349, 0.0 ], [ 13.180731266068877, 10.415902010880501, 0.0 ], [ 13.180731268302633, 10.415902009523521, 0.0 ], [ 13.181124205473415, 10.415663304885166, 0.0 ], [ 13.181362390560604, 10.415159458502336, 0.0 ], [ 13.180900650306278, 10.414731507062553, 0.0 ], [ 13.180591057554523, 10.414420501972078, 0.0 ], [ 13.180605849514217, 10.41232804826868, 0.0 ], [ 13.180293794950648, 10.410391581629185, 0.0 ], [ 13.179195540157583, 10.40988208047607, 0.0 ], [ 13.178367389834298, 10.408805009804336, 0.0 ], [ 13.178073276885693, 10.408532915017176, 0.0 ], [ 13.178087085280687, 10.406684689611637, 0.0 ], [ 13.177778282056734, 10.406111473151617, 0.0 ], [ 13.177486027544528, 10.404215438404606, 0.0 ], [ 13.176472694228337, 10.403745513293623, 0.0 ], [ 13.177475281341341, 10.403408908897742, 0.0 ], [ 13.177731334003347, 10.402588322273019, 0.0 ], [ 13.17893827097731, 10.402280235879484, 0.0 ], [ 13.179626713515978, 10.401210310323473, 0.0 ], [ 13.180176269548978, 10.400937767085862, 0.0 ], [ 13.180439528556841, 10.400658390017528, 0.0 ], [ 13.180749478489508, 10.400356730986138, 0.0 ], [ 13.181801892238795, 10.399833923991569, 0.0 ], [ 13.182065148723183, 10.399554546492432, 0.0 ], [ 13.182614698626086, 10.399282000988322, 0.0 ], [ 13.182949193283616, 10.397457610605645, 0.0 ], [ 13.183399652466131, 10.396561537801123, 0.0 ], [ 13.183115282150686, 10.396298304096394, 0.0 ], [ 13.182842777313684, 10.395883730452791, 0.0 ], [ 13.18365753932631, 10.395479267347817, 0.0 ], [ 13.183932762216701, 10.394896309803054, 0.0 ], [ 13.183906395299502, 10.394120121110138, 0.0 ], [ 13.183913029669522, 10.393336100686204, 0.0 ], [ 13.183564854071035, 10.392371699935886, 0.0 ], [ 13.181902047193534, 10.391322972795869, 0.0 ], [ 13.18236602859754, 10.389918728192658, 0.0 ], [ 13.182760294277179, 10.389534035070792, 0.0 ], [ 13.182474851109868, 10.389269754803205, 0.0 ], [ 13.18219214961084, 10.388088819894486, 0.0 ], [ 13.184043054085516, 10.387467318824466, 0.0 ], [ 13.18433599098792, 10.385168254052868, 0.0 ], [ 13.184879938244585, 10.384637295567847, 0.0 ], [ 13.185144775622321, 10.384076679151317, 0.0 ], [ 13.186232147460814, 10.383537037164457, 0.0 ], [ 13.188005129179917, 10.382440265696509, 0.0 ], [ 13.187349210590426, 10.381219283903388, 0.0 ], [ 13.187844417808591, 10.380236998304984, 0.0 ], [ 13.187807953950198, 10.379183423868813, 0.0 ], [ 13.187814893273137, 10.378341784367278, 0.0 ], [ 13.188343007481953, 10.377825834187311, 0.0 ], [ 13.188595428312162, 10.376734655420179, 0.0 ], [ 13.188868011874531, 10.376195084512551, 0.0 ], [ 13.189127642607257, 10.375645109551774, 0.0 ], [ 13.189573538384789, 10.375210054143704, 0.0 ], [ 13.188537584712467, 10.374557005469056, 0.0 ], [ 13.187761574770775, 10.37377792015509, 0.0 ], [ 13.18718565859767, 10.373510560086759, 0.0 ], [ 13.186419257516784, 10.373132032328169, 0.0 ], [ 13.184992944306261, 10.373636436613154, 0.0 ], [ 13.185004099849694, 10.372147716153014, 0.0 ], [ 13.18552695367374, 10.371637656721386, 0.0 ], [ 13.185855129376071, 10.370219865003772, 0.0 ], [ 13.185488142604937, 10.369202314354846, 0.0 ], [ 13.185495063459786, 10.36835802929183, 0.0 ], [ 13.186293024975102, 10.367578491204847, 0.0 ], [ 13.186282815314138, 10.367292644251158, 0.0 ], [ 13.186553542440958, 10.36589093426301, 0.0 ], [ 13.186527354781383, 10.365126373236537, 0.0 ], [ 13.186530125525616, 10.364853044209637, 0.0 ], [ 13.185973572749649, 10.364594937957211, 0.0 ], [ 13.185600199299971, 10.364220261621286, 0.0 ], [ 13.186236892067717, 10.36295703436639, 0.0 ], [ 13.186217803485938, 10.362404882722462, 0.0 ], [ 13.185662117824062, 10.361890385280068, 0.0 ], [ 13.186951748990996, 10.360265007311028, 0.0 ], [ 13.187837261946568, 10.359968012933349, 0.0 ], [ 13.187781226318668, 10.358323703452683, 0.0 ], [ 13.188903564596718, 10.35833180187255, 0.0 ], [ 13.189163192941095, 10.357781832235748, 0.0 ], [ 13.190136504626155, 10.357503777583652, 0.0 ], [ 13.19135687983797, 10.358299803100202, 0.0 ], [ 13.191781039936258, 10.358559630089436, 0.0 ], [ 13.192194080598775, 10.35678075762465, 0.0 ], [ 13.191832666667512, 10.355458664132476, 0.0 ], [ 13.192686570223037, 10.355034680690167, 0.0 ], [ 13.192928184863797, 10.353131708706769, 0.0 ], [ 13.193242360559648, 10.352509139005285, 0.0 ], [ 13.193161882881746, 10.35015206610932, 0.0 ], [ 13.193466339712099, 10.348237176315356, 0.0 ], [ 13.194778714742711, 10.34824701763468, 0.0 ], [ 13.195312212379184, 10.347417015964727, 0.0 ], [ 13.196366465506253, 10.34600351095634, 0.0 ], [ 13.195551360537136, 10.345248721857828, 0.0 ], [ 13.195556743992192, 10.344610094870879, 0.0 ], [ 13.197379725499887, 10.343997445091963, 0.0 ], [ 13.197988547141623, 10.343051753495679, 0.0 ], [ 13.198811825711143, 10.343057395995551, 0.0 ], [ 13.199154696419745, 10.339939439699567, 0.0 ], [ 13.200032670379773, 10.339081686357764, 0.0 ], [ 13.201215725790846, 10.3386845925533, 0.0 ], [ 13.201753277597849, 10.338401643505694, 0.0 ], [ 13.202441999856703, 10.338406395489944, 0.0 ], [ 13.20286567315436, 10.337509639093623, 0.0 ], [ 13.202795068182528, 10.335414652376429, 0.0 ], [ 13.203628399077616, 10.335134713937105, 0.0 ], [ 13.204423735729113, 10.33376582170653, 0.0 ], [ 13.204700936296705, 10.333495787273939, 0.0 ], [ 13.204408267842865, 10.332684505140472, 0.0 ], [ 13.204960547168493, 10.332145521057042, 0.0 ], [ 13.204941456676288, 10.331593910483971, 0.0 ], [ 13.205210394941387, 10.330783754242319, 0.0 ], [ 13.205500793930604, 10.328137486327977, 0.0 ], [ 13.20653711527792, 10.327789352319572, 0.0 ], [ 13.207474423860619, 10.327141735239884, 0.0 ], [ 13.207871759657804, 10.325872135778891, 0.0 ], [ 13.208528075150683, 10.324568497379365, 0.0 ], [ 13.20783946318854, 10.324248700111847, 0.0 ], [ 13.20784551464307, 10.323420305830922, 0.0 ], [ 13.208385127933722, 10.322893647644692, 0.0 ], [ 13.208670428100589, 10.322591263595836, 0.0 ], [ 13.208633937084835, 10.321534542162189, 0.0 ], [ 13.208638367803228, 10.320985270038062, 0.0 ], [ 13.208073034683215, 10.320461936888549, 0.0 ], [ 13.2077906146095, 10.320178593813198, 0.0 ], [ 13.207801991683692, 10.318627005291328, 0.0 ], [ 13.207461673692492, 10.317683138268132, 0.0 ], [ 13.208579139427417, 10.316936974856706, 0.0 ], [ 13.208834909466132, 10.316100564436962, 0.0 ], [ 13.208140941140552, 10.315456799913527, 0.0 ], [ 13.207734086535238, 10.315048214645717, 0.0 ], [ 13.206631118073705, 10.314797245028918, 0.0 ], [ 13.206342602814651, 10.313171860275862, 0.0 ], [ 13.205770642923746, 10.311827156575898, 0.0 ], [ 13.207304246700136, 10.31106500709326, 0.0 ], [ 13.207921761126524, 10.309091620710511, 0.0 ], [ 13.208415836393405, 10.308112026635726, 0.0 ], [ 13.20734162848527, 10.307613290331096, 0.0 ], [ 13.207349656248583, 10.306530612869864, 0.0 ], [ 13.20733224575757, 10.306023912430096, 0.0 ], [ 13.206124300210023, 10.305261553673908, 0.0 ], [ 13.206500835142167, 10.304514492612759, 0.0 ], [ 13.206751341419064, 10.303281175006578, 0.0 ], [ 13.205926364560579, 10.302898114825494, 0.0 ], [ 13.205929477475427, 10.302489465438578, 0.0 ], [ 13.205905079672938, 10.301777757496561, 0.0 ], [ 13.205070652060682, 10.301004179569272, 0.0 ], [ 13.205081953364022, 10.299523419399073, 0.0 ], [ 13.204225837819262, 10.299125954109803, 0.0 ], [ 13.204232177342103, 10.298316582026466, 0.0 ], [ 13.204186577181972, 10.296971882916017, 0.0 ], [ 13.204762458528789, 10.296685815419927, 0.0 ], [ 13.204743500651489, 10.296142130576433, 0.0 ], [ 13.205017579825416, 10.295316588837718, 0.0 ], [ 13.204998825905772, 10.294788230750532, 0.0 ], [ 13.205007054407774, 10.29371876295124, 0.0 ], [ 13.20444177868489, 10.29319434307928, 0.0 ], [ 13.204096479233671, 10.292513766359285, 0.0 ], [ 13.204425975303979, 10.291519937228163, 0.0 ], [ 13.204398468513329, 10.290733735037458, 0.0 ], [ 13.205210302950981, 10.289645885736368, 0.0 ], [ 13.205466300258921, 10.288825337373597, 0.0 ], [ 13.205854129401731, 10.288447100953269, 0.0 ], [ 13.20543671605437, 10.286916413722208, 0.0 ], [ 13.205442174907422, 10.286039921726857, 0.0 ], [ 13.206821473773179, 10.284999669387044, 0.0 ], [ 13.206756614588892, 10.283086978110598, 0.0 ], [ 13.205649915775318, 10.282062137475856, 0.0 ], [ 13.205321857472965, 10.277444308063798, 0.0 ], [ 13.205861421957774, 10.276917153820619, 0.0 ], [ 13.206660286526301, 10.275818911278783, 0.0 ], [ 13.206936400052195, 10.275549966057836, 0.0 ], [ 13.207403369572596, 10.274055886981968, 0.0 ], [ 13.206897733958476, 10.273114676127804, 0.0 ], [ 13.206428728067664, 10.271311896427255, 0.0 ], [ 13.206049399286579, 10.27096054580484, 0.0 ], [ 13.205778928800418, 10.270688127781447, 0.0 ], [ 13.205055935644337, 10.270018262835393, 0.0 ], [ 13.206057064403904, 10.269040037362803, 0.0 ], [ 13.205977999222256, 10.266695659010676, 0.0 ], [ 13.208441859855352, 10.26606687526508, 0.0 ], [ 13.208759760260472, 10.265729727826788, 0.0 ], [ 13.209245326416461, 10.264673093083969, 0.0 ], [ 13.208146252005495, 10.263653426490022, 0.0 ], [ 13.207857000563427, 10.262525976859569, 0.0 ], [ 13.20840181051765, 10.26199347482123, 0.0 ], [ 13.208365212320626, 10.260921949348475, 0.0 ], [ 13.208651848585957, 10.260642299243772, 0.0 ], [ 13.208907842756089, 10.259821759905883, 0.0 ], [ 13.209181916407625, 10.258996230038885, 0.0 ], [ 13.20916314728276, 10.258465230409923, 0.0 ], [ 13.209435667563444, 10.257925693274203, 0.0 ], [ 13.209946535110044, 10.256845476128285, 0.0 ], [ 13.210237386625495, 10.25656207121879, 0.0 ], [ 13.210496958357693, 10.256012129481054, 0.0 ], [ 13.210773437191797, 10.256013826410635, 0.0 ], [ 13.211333577196612, 10.255995452350238, 0.0 ], [ 13.211841499206926, 10.254370817868637, 0.0 ], [ 13.212930043885288, 10.253550042388545, 0.0 ], [ 13.213394256630004, 10.25305876078191, 0.0 ], [ 13.215116438243735, 10.254062921434855, 0.0 ], [ 13.216685537658321, 10.25430788146261, 0.0 ], [ 13.218164729443338, 10.253165386780855, 0.0 ], [ 13.219218953852458, 10.252656385340295, 0.0 ], [ 13.220275862185053, 10.253718323602197, 0.0 ], [ 13.221532763526126, 10.254004851263071, 0.0 ], [ 13.223042433571253, 10.253954541121219, 0.0 ], [ 13.223932707668801, 10.253960921381466, 0.0 ], [ 13.226054687552706, 10.255008960380684, 0.0 ], [ 13.226608412185916, 10.254990644321188, 0.0 ], [ 13.228224569233269, 10.255002352492108, 0.0 ], [ 13.228646646172161, 10.254555479367951, 0.0 ], [ 13.229059693173136, 10.254152068112111, 0.0 ], [ 13.229943358907891, 10.2527783785987, 0.0 ], [ 13.231497581443394, 10.252789295361229, 0.0 ], [ 13.231734831620084, 10.250322993384456, 0.0 ], [ 13.232010901724472, 10.250054043715544, 0.0 ], [ 13.232269936032393, 10.24946710752557, 0.0 ], [ 13.231547347646034, 10.247459977445352, 0.0 ], [ 13.23114535842222, 10.247088337036422, 0.0 ], [ 13.230677865385523, 10.245722750231144, 0.0 ], [ 13.231392594767998, 10.244649392033942, 0.0 ], [ 13.231826557140971, 10.243732454859838, 0.0 ], [ 13.232740563461688, 10.243278643428621, 0.0 ], [ 13.232963925810063, 10.240006964284351, 0.0 ], [ 13.232307986126683, 10.239398653833629, 0.0 ], [ 13.232411495265001, 10.237870223571226, 0.0 ], [ 13.233186029378524, 10.238648779731017, 0.0 ], [ 13.238578701800638, 10.23789447315488, 0.0 ], [ 13.239364898818307, 10.237061743559194, 0.0 ], [ 13.241391018212417, 10.239096227976168, 0.0 ], [ 13.242251576169311, 10.239360378810165, 0.0 ], [ 13.2434864443445, 10.2397612961581, 0.0 ], [ 13.2438958512158, 10.239327799465695, 0.0 ], [ 13.243868044501415, 10.238522081734972, 0.0 ], [ 13.244694057777847, 10.237715251822204, 0.0 ], [ 13.245301328521268, 10.236431861102526, 0.0 ], [ 13.246032918461184, 10.236068683487549, 0.0 ], [ 13.246313178398566, 10.235475130164238, 0.0 ], [ 13.246277638925536, 10.234409456657446, 0.0 ], [ 13.245447731423841, 10.233640649568905, 0.0 ], [ 13.245168110424519, 10.2326791210096, 0.0 ], [ 13.246009146123251, 10.232280159672289, 0.0 ], [ 13.247097451679661, 10.232817773507815, 0.0 ], [ 13.247901823333036, 10.232791403054803, 0.0 ], [ 13.248175875159248, 10.233334367960589, 0.0 ], [ 13.249558895659842, 10.234122889708043, 0.0 ], [ 13.250657150382063, 10.234925700690708, 0.0 ], [ 13.251342037804292, 10.234902997203916, 0.0 ], [ 13.255284913022773, 10.234931201120746, 0.0 ], [ 13.255824359402981, 10.233207869832894, 0.0 ], [ 13.256672440462065, 10.232379066332784, 0.0 ], [ 13.259967372334408, 10.232402495628579, 0.0 ], [ 13.260464994950157, 10.232902868467942, 0.0 ], [ 13.260758923620552, 10.233174926636488, 0.0 ], [ 13.261562206893354, 10.233148008709259, 0.0 ], [ 13.26235191130074, 10.233941600850144, 0.0 ], [ 13.263118694392587, 10.234297838492271, 0.0 ], [ 13.265194886939831, 10.233847742909937, 0.0 ], [ 13.266634460428408, 10.23431512270135, 0.0 ], [ 13.268952218871867, 10.233495012036355, 0.0 ], [ 13.268927862962054, 10.232791816568716, 0.0 ], [ 13.269209143578099, 10.232517498400872, 0.0 ], [ 13.269737409997793, 10.231958212354012, 0.0 ], [ 13.270589151116647, 10.23196446469383, 0.0 ], [ 13.271114900608454, 10.2324924592046, 0.0 ], [ 13.271814171572251, 10.232748605213684, 0.0 ], [ 13.272457638985225, 10.231388621225095, 0.0 ], [ 13.274107981720267, 10.231100002790505, 0.0 ], [ 13.274370691246155, 10.230794213373091, 0.0 ], [ 13.273167801202899, 10.228554668053805, 0.0 ], [ 13.273518153542573, 10.227860294684502, 0.0 ], [ 13.27377759176653, 10.227310354799082, 0.0 ], [ 13.274049974887147, 10.226770817195664, 0.0 ], [ 13.274302162825945, 10.225679729452326, 0.0 ], [ 13.274567295874327, 10.224599044309548, 0.0 ], [ 13.274804987672271, 10.222425661722278, 0.0 ], [ 13.275339651230857, 10.221070814621227, 0.0 ], [ 13.275580967930603, 10.21916800806177, 0.0 ], [ 13.275847678845814, 10.217487921092211, 0.0 ], [ 13.275813891697165, 10.216478820447939, 0.0 ], [ 13.276089050622071, 10.215349907798029, 0.0 ], [ 13.276622076204303, 10.214829677338686, 0.0 ], [ 13.276885129239492, 10.214550314466985, 0.0 ], [ 13.279039653126272, 10.213826424689131, 0.0 ], [ 13.279318085564404, 10.212624001808846, 0.0 ], [ 13.279872524080348, 10.212348737724728, 0.0 ], [ 13.279849592416866, 10.211672489229914, 0.0 ], [ 13.279869755457684, 10.208875113377156, 0.0 ], [ 13.279536950261477, 10.208567110266157, 0.0 ], [ 13.279259272340347, 10.207753611659616, 0.0 ], [ 13.278976178474641, 10.207491996184206, 0.0 ], [ 13.278687409718815, 10.206646928699898, 0.0 ], [ 13.27869220663769, 10.205968728892154, 0.0 ], [ 13.280560499716101, 10.203158708020659, 0.0 ], [ 13.280808402213212, 10.201509005081673, 0.0 ], [ 13.281630657976324, 10.201232871672484, 0.0 ], [ 13.282360878642706, 10.200458990789615, 0.0 ], [ 13.282687745904465, 10.199048745560464, 0.0 ], [ 13.286787569381147, 10.198729532155797, 0.0 ], [ 13.287050602638336, 10.198450169861532, 0.0 ], [ 13.288806030260185, 10.1975777055658, 0.0 ], [ 13.289483383302093, 10.196523854526694, 0.0 ], [ 13.289759356363369, 10.196254893546399, 0.0 ], [ 13.29002238487659, 10.195975530705583, 0.0 ], [ 13.290840983217363, 10.195428814269189, 0.0 ], [ 13.29173862515672, 10.194808645279997, 0.0 ], [ 13.292650839679885, 10.193843141766184, 0.0 ], [ 13.291601328313357, 10.191890228274932, 0.0 ], [ 13.291609691104524, 10.190762726726096, 0.0 ], [ 13.292131475188153, 10.189726782516097, 0.0 ], [ 13.291763560797246, 10.188708354443648, 0.0 ], [ 13.290740302908796, 10.188394110620543, 0.0 ], [ 13.290466263578249, 10.187851194296892, 0.0 ], [ 13.289636948629123, 10.187596764842315, 0.0 ], [ 13.289109123415194, 10.187066695690255, 0.0 ], [ 13.288298446256803, 10.186689921330785, 0.0 ], [ 13.287975580930942, 10.18544837115325, 0.0 ], [ 13.286724376798992, 10.185163530708568, 0.0 ], [ 13.287552011243523, 10.182182739022393, 0.0 ], [ 13.288183597695154, 10.180579811681261, 0.0 ], [ 13.288424903135686, 10.178677035782513, 0.0 ], [ 13.288975766877082, 10.178139140089694, 0.0 ], [ 13.288365149491632, 10.177001790390428, 0.0 ], [ 13.287050282409135, 10.175783296268575, 0.0 ], [ 13.286745598539783, 10.175181045653375, 0.0 ], [ 13.285550671062927, 10.173754303528783, 0.0 ], [ 13.285075297571632, 10.173313911067734, 0.0 ], [ 13.284801289473045, 10.172770980419934, 0.0 ], [ 13.284518235978563, 10.172509358600724, 0.0 ], [ 13.284244229888753, 10.171966426798512, 0.0 ], [ 13.283399960881486, 10.171707401562317, 0.0 ], [ 13.282851626715271, 10.171156434620011, 0.0 ], [ 13.281753086386965, 10.171193026001216, 0.0 ], [ 13.281761224713035, 10.170043843214497, 0.0 ], [ 13.28300959654184, 10.167562846389288, 0.0 ], [ 13.28198865576277, 10.16661689178963, 0.0 ], [ 13.281691761989, 10.165476988878, 0.0 ], [ 13.280863135309657, 10.164709274977056, 0.0 ], [ 13.280560078545298, 10.161985897894192, 0.0 ], [ 13.281099349687848, 10.161458744465429, 0.0 ], [ 13.281311884148087, 10.157391379456392, 0.0 ], [ 13.281587846835988, 10.157122435911946, 0.0 ], [ 13.281832839143771, 10.155490226721353, 0.0 ], [ 13.28211406427344, 10.155215928602079, 0.0 ], [ 13.28207764862052, 10.154164583089281, 0.0 ], [ 13.282356658063541, 10.15332370459117, 0.0 ], [ 13.282333742954876, 10.15264481233946, 0.0 ], [ 13.282338345588951, 10.151949175073019, 0.0 ], [ 13.282877609584069, 10.151422555081602, 0.0 ], [ 13.283132923409919, 10.150565073787851, 0.0 ], [ 13.282565680481717, 10.148991058823807, 0.0 ], [ 13.282288110594337, 10.148177542751361, 0.0 ], [ 13.281783762829743, 10.147239609126711, 0.0 ], [ 13.282262961774983, 10.146288820224735, 0.0 ], [ 13.283033988816728, 10.144658725215804, 0.0 ], [ 13.283599574774627, 10.144106394659119, 0.0 ], [ 13.283964842667165, 10.143333632769512, 0.0 ], [ 13.283305679847548, 10.143027758877297, 0.0 ], [ 13.283009620977714, 10.140824388333561, 0.0 ], [ 13.283534742199892, 10.139236095753066, 0.0 ], [ 13.283520772013402, 10.138827706328069, 0.0 ], [ 13.283524097526316, 10.138275853057053, 0.0 ], [ 13.284335979353896, 10.137872531620546, 0.0 ], [ 13.284640699325776, 10.136558796976066, 0.0 ], [ 13.285395884654628, 10.135423113514861, 0.0 ], [ 13.285622883594471, 10.132438056791676, 0.0 ], [ 13.286444977353183, 10.132161984481231, 0.0 ], [ 13.287430266197635, 10.131642758463622, 0.0 ], [ 13.28778226810339, 10.13051551635508, 0.0 ], [ 13.288059801282065, 10.129965368854666, 0.0 ], [ 13.288030413864663, 10.129120072164763, 0.0 ], [ 13.287476860325672, 10.128089231009172, 0.0 ], [ 13.287153472320627, 10.12599457898534, 0.0 ], [ 13.284713772701947, 10.125689743905191, 0.0 ], [ 13.284728265681986, 10.12373020939491, 0.0 ], [ 13.285778283314935, 10.122704328681982, 0.0 ], [ 13.286305347929543, 10.122145641122954, 0.0 ], [ 13.286768749932321, 10.121693495157762, 0.0 ], [ 13.286265545755125, 10.120756598816294, 0.0 ], [ 13.285201586038134, 10.119769403745547, 0.0 ], [ 13.284906867923382, 10.119187083392603, 0.0 ], [ 13.284620285514306, 10.118654869590729, 0.0 ], [ 13.284277834463921, 10.116727474160506, 0.0 ], [ 13.28318291311817, 10.116219010048912, 0.0 ], [ 13.28199138199045, 10.115022564211142, 0.0 ], [ 13.281286061857001, 10.114368417992198, 0.0 ], [ 13.281290918128397, 10.113689161196779, 0.0 ], [ 13.281267671439579, 10.112982257660397, 0.0 ], [ 13.280707637437525, 10.111940369371712, 0.0 ], [ 13.280433730919992, 10.111397409154478, 0.0 ], [ 13.280146050802422, 10.110861499618737, 0.0 ], [ 13.280673685800775, 10.110345630448036, 0.0 ], [ 13.281221388116361, 10.109492810307787, 0.0 ], [ 13.282316496310639, 10.109213215038968, 0.0 ], [ 13.283369536292572, 10.108657730629179, 0.0 ], [ 13.284763227795793, 10.108369481913176, 0.0 ], [ 13.285240831139836, 10.107862718626743, 0.0 ], [ 13.28640735102722, 10.108623957473192, 0.0 ], [ 13.287824507655177, 10.108576939175252, 0.0 ], [ 13.289018536042526, 10.10731293065456, 0.0 ], [ 13.291291344955289, 10.106390033178041, 0.0 ], [ 13.291890941265278, 10.106073536380231, 0.0 ], [ 13.292635742741121, 10.105284736661982, 0.0 ], [ 13.293772275947566, 10.104994529321145, 0.0 ], [ 13.294273710476062, 10.104998025768772, 0.0 ], [ 13.294854849745835, 10.104978809813899, 0.0 ], [ 13.295624886525818, 10.104163250260044, 0.0 ], [ 13.297443958585307, 10.103698685211446, 0.0 ], [ 13.297798462790579, 10.103323014948561, 0.0 ], [ 13.299193224574189, 10.103039462245295, 0.0 ], [ 13.300259544309894, 10.103566753557054, 0.0 ], [ 13.300842230651384, 10.103824463879423, 0.0 ], [ 13.301750045022528, 10.102862804697034, 0.0 ], [ 13.302162844449734, 10.102459414935813, 0.0 ], [ 13.302418608792639, 10.101638944758221, 0.0 ], [ 13.303529643490947, 10.10135908787832, 0.0 ], [ 13.304060538899595, 10.101893369033506, 0.0 ], [ 13.30652785232571, 10.102126409373861, 0.0 ], [ 13.306808993687225, 10.103210462133948, 0.0 ], [ 13.307911100187853, 10.103461357388325, 0.0 ], [ 13.308192248765742, 10.104545406495362, 0.0 ], [ 13.30929435939869, 10.104796294751912, 0.0 ], [ 13.309606301212293, 10.105709219299023, 0.0 ], [ 13.312315890034192, 10.106109744700953, 0.0 ], [ 13.312902213079408, 10.106399621399477, 0.0 ], [ 13.313417984992217, 10.106918220131266, 0.0 ], [ 13.313992713972857, 10.106899053202534, 0.0 ], [ 13.315075316504704, 10.106328304634307, 0.0 ], [ 13.316685202134675, 10.106339418194517, 0.0 ], [ 13.318556518884449, 10.106276796953361, 0.0 ], [ 13.319669030544686, 10.10682665625418, 0.0 ], [ 13.321340737538938, 10.107073714656298, 0.0 ], [ 13.321618313352698, 10.107887172960721, 0.0 ], [ 13.322047167081351, 10.108685428231333, 0.0 ], [ 13.322459170663381, 10.109499759331213, 0.0 ], [ 13.324553519485711, 10.109761322229154, 0.0 ], [ 13.327366365172544, 10.109667757579142, 0.0 ], [ 13.327932870586777, 10.110786057896984, 0.0 ], [ 13.329063208523113, 10.111311325691847, 0.0 ], [ 13.329590895540278, 10.11184135608708, 0.0 ], [ 13.329873895177228, 10.112102946426843, 0.0 ], [ 13.330280476847287, 10.112511423666676, 0.0 ], [ 13.330703911947046, 10.112903822342385, 0.0 ], [ 13.330974256840895, 10.113176149307337, 0.0 ], [ 13.332622469264892, 10.113419742619149, 0.0 ], [ 13.333230291358156, 10.113720385790275, 0.0 ], [ 13.334132125250774, 10.11462547593851, 0.0 ], [ 13.33619381997055, 10.114996252231689, 0.0 ], [ 13.337574518860764, 10.115257615802975, 0.0 ], [ 13.338178335106264, 10.116449908173445, 0.0 ], [ 13.340318556765892, 10.117106599119831, 0.0 ], [ 13.340604049475187, 10.117394040037667, 0.0 ], [ 13.341694691434192, 10.117900215398816, 0.0 ], [ 13.34196504779549, 10.118172527621514, 0.0 ], [ 13.343083186486549, 10.118423060309281, 0.0 ], [ 13.343616423475531, 10.1178578989404, 0.0 ], [ 13.343584665734134, 10.116925492096541, 0.0 ], [ 13.3444069614648, 10.11651664876227, 0.0 ], [ 13.345201391015232, 10.115147864006333, 0.0 ], [ 13.345477256026468, 10.114878903042957, 0.0 ], [ 13.345725391207697, 10.113501488047159, 0.0 ], [ 13.345139899106298, 10.112957990265269, 0.0 ], [ 13.345151493116937, 10.111251211452068, 0.0 ], [ 13.339592148826393, 10.116204834172144, 0.0 ], [ 13.335543822758451, 10.113067288411116, 0.0 ] ] ] ] } },
{ "type": "Feature", "properties": { "Stra_Catch": "Hawal-Kilunga", "State": "Adamawa", "LGA": "Hong", "Population": 0, "Cleard_TOR": "Not Cleared", "Status": "Proposed", "Start_Date": "2025-12-30T00:00:00", "End_Date": "2026-12-30T00:00:00", "Micr_Catch": "Hong-Gombi", "Size_Ha": 204561.50359499999, "Comments": null, "OBJECTID_1": 0, "Shape_Leng": 0.0, "Shape_Area": 0.0, "parent_strategic_name": "Hawal-Kilunga", "clipped_to_state": true }, "geometry": { "type": "Polygon", "coordinates": [ [ [ 12.789924451367378, 10.508686659357213, 0.0 ], [ 12.795475260389145, 10.51420966314079, 0.0 ], [ 12.796186658301774, 10.519091119354966, 0.0 ], [ 12.799646673968466, 10.522575548018375, 0.0 ], [ 12.800353325259426, 10.539213053534834, 0.0 ], [ 12.795847913364954, 10.543750000157681, 0.0 ], [ 12.799646673968731, 10.547575547968448, 0.0 ], [ 12.799999999614153, 10.5500000005948, 0.0 ], [ 12.800850931838802, 10.553315904400701, 0.0 ], [ 12.807937451964465, 10.555134413617488, 0.0 ], [ 12.811932711737311, 10.560289510147905, 0.0 ], [ 12.81341976592131, 10.566083780936847, 0.0 ], [ 12.822789510038289, 10.574432712694565, 0.0 ], [ 12.824240806224394, 10.574805165775924, 0.0 ], [ 12.8244723, 10.5747719, 0.0 ], [ 12.8325738, 10.5747538, 0.0 ], [ 12.839060873286339, 10.574469746177353, 0.0 ], [ 12.839660135114721, 10.57438252782624, 0.0 ], [ 12.8436730278948, 10.571450806304478, 0.0 ], [ 12.853431531844878, 10.57003072103565, 0.0 ], [ 12.854901801081962, 10.554969957292348, 0.0 ], [ 12.864506360882773, 10.546450806354208, 0.0 ], [ 12.868826971989339, 10.545215861817082, 0.0 ], [ 12.881173027812757, 10.533950806378982, 0.0 ], [ 12.887203300490592, 10.532226902244012, 0.0 ], [ 12.895215860620524, 10.522993639239257, 0.0 ], [ 12.896450805157226, 10.514506362073147, 0.0 ], [ 12.899382527577693, 10.510493639264196, 0.0 ], [ 12.900617472114492, 10.506173028156908, 0.0 ], [ 12.907715860592875, 10.497993639289113, 0.0 ], [ 12.908333333310763, 10.487500000718505, 0.0 ], [ 12.905908880684866, 10.487853326364025, 0.0 ], [ 12.902083332874861, 10.491652086069045, 0.0 ], [ 12.898257785064766, 10.487853326364128, 0.0 ], [ 12.889242214654184, 10.487146675073301, 0.0 ], [ 12.877424452076545, 10.47535332638936, 0.0 ], [ 12.860075547751153, 10.474646675098622, 0.0 ], [ 12.854165310284678, 10.468765937192918, 0.0 ], [ 12.857980006874921, 10.464924452496128, 0.0 ], [ 12.858333332520266, 10.462500000769099, 0.0 ], [ 12.85833333252023, 10.458333333810984, 0.0 ], [ 12.858900620370095, 10.451956177330375, 0.0 ], [ 12.866099378584845, 10.443877157299529, 0.0 ], [ 12.867233954284663, 10.435289510397173, 0.0 ], [ 12.870266044642737, 10.431377157324512, 0.0 ], [ 12.871400621241804, 10.41862284346398, 0.0 ], [ 12.874432711599866, 10.414710490391327, 0.0 ], [ 12.87596774551421, 10.40872938454795, 0.0 ], [ 12.881122842942993, 10.404733954802561, 0.0 ], [ 12.88664923716969, 10.403315904699586, 0.0 ], [ 12.887499999422364, 10.399999999994321, 0.0 ], [ 12.893877155901741, 10.399432712144211, 0.0 ], [ 12.91445617590329, 10.379733954852169, 0.0 ], [ 12.918877155846655, 10.378599379151975, 0.0 ], [ 12.922789509817845, 10.375567287893958, 0.0 ], [ 12.928770615659952, 10.374032253979172, 0.0 ], [ 12.932766045404373, 10.368877157448642, 0.0 ], [ 12.934220715900635, 10.363208347481006, 0.0 ], [ 12.943877155791462, 10.361932712218547, 0.0 ], [ 12.947789509762547, 10.358900621859819, 0.0 ], [ 12.952210489705859, 10.357766046159638, 0.0 ], [ 12.964456176692007, 10.346400621884595, 0.0 ], [ 12.968877155735994, 10.345266046184413, 0.0 ], [ 12.976956176664256, 10.338067287968212, 0.0 ], [ 12.987499999201312, 10.337500000118027, 0.0 ], [ 12.990934244794527, 10.338560316998054, 0.0 ], [ 12.992322116347532, 10.356288995134031, 0.0 ], [ 12.99517788292731, 10.360377671984917, 0.0 ], [ 12.996488782405764, 10.381288995083995, 0.0 ], [ 12.99934454988486, 10.38537767283422, 0.0 ], [ 13.000655449363039, 10.387745836893719, 0.0 ], [ 12.996488782405967, 10.393711005851156, 0.0 ], [ 12.994943576260162, 10.408538819104153, 0.0 ], [ 12.988300238441804, 10.403898451345533, 0.0 ], [ 12.986844549913224, 10.427122328026087, 0.0 ], [ 12.983988782434237, 10.431211005776353, 0.0 ], [ 12.983333333144948, 10.437500000817458, 0.0 ], [ 12.989710489624185, 10.438067288667426, 0.0 ], [ 12.99362284269599, 10.441099379026086, 0.0 ], [ 13.002210489596463, 10.442233954726058, 0.0 ], [ 13.014456176582776, 10.453599379000829, 0.0 ], [ 13.019982570809256, 10.455017429103677, 0.0 ], [ 13.021684095314718, 10.461649238514079, 0.0 ], [ 13.027210489541204, 10.46306728861693, 0.0 ], [ 13.031249999555666, 10.466198052590435, 0.0 ], [ 13.035416666512791, 10.462968615001888, 0.0 ], [ 13.039456176527233, 10.466099378975358, 0.0 ], [ 13.041666666049199, 10.466666666825406, 0.0 ], [ 13.045833333006328, 10.466666666825361, 0.0 ], [ 13.04857157597994, 10.466666666825333, 0.0 ], [ 13.049201019634452, 10.466249059279027, 0.0 ], [ 13.049201021140776, 10.466249058279649, 0.0 ], [ 13.050052876502447, 10.465683890391288, 0.0 ], [ 13.050567287813179, 10.456122844285911, 0.0 ], [ 13.057766045128128, 10.448043823355755, 0.0 ], [ 13.058900620827913, 10.443622844310747, 0.0 ], [ 13.066099378142823, 10.435543823380577, 0.0 ], [ 13.067233953842393, 10.422789510419371, 0.0 ], [ 13.070266045099611, 10.418877157346715, 0.0 ], [ 13.071684095202079, 10.413350763118965, 0.0 ], [ 13.074999999906485, 10.412500000866045, 0.0 ], [ 13.074646674261013, 10.405908881281501, 0.0 ], [ 13.071186658594591, 10.402424452618179, 0.0 ], [ 13.070480007303644, 10.389242215247846, 0.0 ], [ 13.066681246700158, 10.385416667437106, 0.0 ], [ 13.071186658594236, 10.380879720814265, 0.0 ], [ 13.070480007303368, 10.372575548314694, 0.0 ], [ 13.067019991636947, 10.369091118751996, 0.0 ], [ 13.066313340346074, 10.364242215297839, 0.0 ], [ 13.062146673388938, 10.360046386923171, 0.0 ], [ 13.062853325578899, 10.351742215322897, 0.0 ], [ 13.067019991636581, 10.347546386948075, 0.0 ], [ 13.066313340345223, 10.314242215397796, 0.0 ], [ 13.062146673388082, 10.310046387023133, 0.0 ], [ 13.062853325577883, 10.293408881506657, 0.0 ], [ 13.070480007301839, 10.285757785884941, 0.0 ], [ 13.070833332947149, 10.283333334157891, 0.0 ], [ 13.070480007301681, 10.276742215472726, 0.0 ], [ 13.06251390165224, 10.268750678792735, 0.0 ], [ 13.066652085281431, 10.264583333745753, 0.0 ], [ 13.062853325577342, 10.260757785935029, 0.0 ], [ 13.062146673386726, 10.230908881631558, 0.0 ], [ 13.050353325604666, 10.219091119052099, 0.0 ], [ 13.049999999959276, 10.216666667325065, 0.0 ], [ 13.021751573242494, 10.216077677935107, 0.0 ], [ 13.020266045208094, 10.2102895108449, 0.0 ], [ 13.013067286993515, 10.202210489914931, 0.0 ], [ 13.011649236890831, 10.196684095687296, 0.0 ], [ 13.008333333085666, 10.195833333434404, 0.0 ], [ 13.008333333085544, 10.187500000417506, 0.0 ], [ 13.011838785199673, 10.186600410373439, 0.0 ], [ 13.01249999914322, 10.179166667400532, 0.0 ], [ 13.012858072309673, 10.176709832885257, 0.0 ], [ 13.018408880431611, 10.171186659129692, 0.0 ], [ 13.020833333057396, 10.170833333484248, 0.0 ], [ 13.027453613157666, 10.170478482588504, 0.0 ], [ 13.03298000738393, 10.164924452194198, 0.0 ], [ 13.033686658674647, 10.16007554874005, 0.0 ], [ 13.045480007355645, 10.148257786160228, 0.0 ], [ 13.046186658646358, 10.14340888180673, 0.0 ], [ 13.053813340370299, 10.135757786185058, 0.0 ], [ 13.054166666015629, 10.133333333558697, 0.0 ], [ 13.043408881274287, 10.132980007913385, 0.0 ], [ 13.037855698942096, 10.127454461746439, 0.0 ], [ 13.037146673440997, 10.118408881856897, 0.0 ], [ 13.033686658673901, 10.11492445229414, 0.0 ], [ 13.032980007382976, 10.105908881881884, 0.0 ], [ 13.025353325658712, 10.098257786260476, 0.0 ], [ 13.024646673468526, 10.089953782833415, 0.0 ], [ 13.029152085362625, 10.085416667138064, 0.0 ], [ 13.025353325658434, 10.08159111932733, 0.0 ], [ 13.025000000013033, 10.079166666700964, 0.0 ], [ 13.018622842634633, 10.078599378850999, 0.0 ], [ 13.013204277121471, 10.074080573352623, 0.0 ], [ 13.011932711291511, 10.064456177203654, 0.0 ], [ 13.007937282446429, 10.059301079773904, 0.0 ], [ 13.000708346581398, 10.057445950163485, 0.0 ], [ 12.999432711319214, 10.04778951027073, 0.0 ], [ 12.996400620961131, 10.04387715719813, 0.0 ], [ 12.99498257085844, 10.038350932042974, 0.0 ], [ 12.989456176632034, 10.036932712867566, 0.0 ], [ 12.981377155703663, 10.029733954651585, 0.0 ], [ 12.975850761477142, 10.028315735476168, 0.0 ], [ 12.974432711374456, 10.022789510321054, 0.0 ], [ 12.96608378051773, 10.013419766202718, 0.0 ], [ 12.960289509730025, 10.011932712917957, 0.0 ], [ 12.956377155758894, 10.008900621659986, 0.0 ], [ 12.943622842800444, 10.007766045960084, 0.0 ], [ 12.939710489728625, 10.004733954702093, 0.0 ], [ 12.931122842827998, 10.003599379002088, 0.0 ], [ 12.925967746298545, 9.999604119228781, 0.0 ], [ 12.924149237082014, 9.992517599101937, 0.0 ], [ 12.918622842855406, 9.991099379027252, 0.0 ], [ 12.914710489783561, 9.988067288668612, 0.0 ], [ 12.904166666347008, 9.987500000818651, 0.0 ], [ 12.904166666347056, 9.991666666877459, 0.0 ], [ 12.899999999389788, 9.991666666877512, 0.0 ], [ 12.899999999389841, 9.995833333835659, 0.0 ], [ 12.895833333331893, 9.9958333338357, 0.0 ], [ 12.89506089933133, 9.992553033290289, 0.0 ], [ 12.890667384683244, 9.991184659039268, 0.0 ], [ 12.88558146130763, 9.995303853484572, 0.0 ], [ 12.876918538453735, 9.996362814187163, 0.0 ], [ 12.873081461335069, 9.999470520442813, 0.0 ], [ 12.849999999499461, 10.000000000794305, 0.0 ], [ 12.850354681322422, 9.993381245942649, 0.0 ], [ 12.860075547745298, 9.983686659506528, 0.0 ], [ 12.862499999471943, 9.983333333861026, 0.0 ], [ 12.862853325117243, 9.976742215175889, 0.0 ], [ 12.866313340783769, 9.973257785613063, 0.0 ], [ 12.867021009207541, 9.955880059811628, 0.0 ], [ 12.872575547717563, 9.950353326539453, 0.0 ], [ 12.874999999444125, 9.949999999994636, 0.0 ], [ 12.875353325089485, 9.943408881309477, 0.0 ], [ 12.878813340755924, 9.939924452646018, 0.0 ], [ 12.879166666401224, 9.929166667002695, 0.0 ], [ 12.878408135020166, 9.925946214540813, 0.0 ], [ 12.871850924374627, 9.920303853634662, 0.0 ], [ 12.864418537580873, 9.921362813437861, 0.0 ], [ 12.85927395232749, 9.925529480395999, 0.0 ], [ 12.847751871550239, 9.924470520593013, 0.0 ], [ 12.838583034179903, 9.916137187576167, 0.0 ], [ 12.834104071346843, 9.91756100143418, 0.0 ], [ 12.832803853116674, 9.923081631906905, 0.0 ], [ 12.829696145962297, 9.926918369082609, 0.0 ], [ 12.828408135129608, 9.932387119465162, 0.0 ], [ 12.823081630516091, 9.936970520568307, 0.0 ], [ 12.783333332677302, 9.937500000020538, 0.0 ], [ 12.782980007031989, 9.944091118705762, 0.0 ], [ 12.775353325307345, 9.951742215226743, 0.0 ], [ 12.774999999662031, 9.958333333911918, 0.0 ], [ 12.77556728751196, 9.960543823434358, 0.0 ], [ 12.779562547284776, 9.965698920864122, 0.0 ], [ 12.786826239249402, 9.967563036500511, 0.0 ], [ 12.788067287485106, 9.979913330831085, 0.0 ], [ 12.783900620527756, 9.985289510398179, 0.0 ], [ 12.782766044827993, 10.002210490317481, 0.0 ], [ 12.775567287512448, 10.010289510348269, 0.0 ], [ 12.774432711812711, 10.023043823309475, 0.0 ], [ 12.763067287539767, 10.035289510298465, 0.0 ], [ 12.76193271184005, 10.05927056218246, 0.0 ], [ 12.770266044855688, 10.068622844164651, 0.0 ], [ 12.77140062055572, 10.07721049016766, 0.0 ], [ 12.774432711813311, 10.081122844139585, 0.0 ], [ 12.775567287513427, 10.106377157075764, 0.0 ], [ 12.778599378771021, 10.110289510148386, 0.0 ], [ 12.779733954470988, 10.114710490092627, 0.0 ], [ 12.786932711786653, 10.122789510123326, 0.0 ], [ 12.787499999636728, 10.133333333562001, 0.0 ], [ 12.783994547522434, 10.134232924505389, 0.0 ], [ 12.783333332679396, 10.141666667478253, 0.0 ], [ 12.786545816248138, 10.142423163693561, 0.0 ], [ 12.79530385320064, 10.151918538605079, 0.0 ], [ 12.796362813003672, 10.156414795401879, 0.0 ], [ 12.799470519258813, 10.160251872521238, 0.0 ], [ 12.800529479961169, 10.164748128418724, 0.0 ], [ 12.8078038531738, 10.172751872496212, 0.0 ], [ 12.809105936598003, 10.178280300990359, 0.0 ], [ 12.813499280375073, 10.179648845213267, 0.0 ], [ 12.818585035577629, 10.175529649868642, 0.0 ], [ 12.824999999555848, 10.17500000044476, 0.0 ], [ 12.825879753253357, 10.171572198493285, 0.0 ], [ 12.834079996498518, 10.170266045636515, 0.0 ], [ 12.839456176064676, 10.174432712594545, 0.0 ], [ 12.843877156008157, 10.175567288294632, 0.0 ], [ 12.847916666022854, 10.178698053167446, 0.0 ], [ 12.851956176037463, 10.175567288294534, 0.0 ], [ 12.856377155980905, 10.174432712594372, 0.0 ], [ 12.860416665995466, 10.171301947721476, 0.0 ], [ 12.864456176010131, 10.174432712594294, 0.0 ], [ 12.878267075461013, 10.175661214388086, 0.0 ], [ 12.879166666404283, 10.179166667402276, 0.0 ], [ 12.881377155926318, 10.179733955252312, 0.0 ], [ 12.886753336391715, 10.183900621311091, 0.0 ], [ 12.893877155898986, 10.182766045610862, 0.0 ], [ 12.899253336364199, 10.178599379552033, 0.0 ], [ 12.906377155871525, 10.17973395525201, 0.0 ], [ 12.910289509842739, 10.182766045610673, 0.0 ], [ 12.916083780630551, 10.184252929822978, 0.0 ], [ 12.924432711487436, 10.193622843913092, 0.0 ], [ 12.925909084423495, 10.199376424876025, 0.0 ], [ 12.948043822746444, 10.200567288243466, 0.0 ], [ 12.953420003211736, 10.204733955201489, 0.0 ], [ 12.956377155761649, 10.203599379501302, 0.0 ], [ 12.9602895097327, 10.200567288243302, 0.0 ], [ 12.962499999254671, 10.200000000393212, 0.0 ], [ 12.962499999254725, 10.204166667351304, 0.0 ], [ 12.962146673609512, 10.214924452095298, 0.0 ], [ 12.954179551726179, 10.222917005908629, 0.0 ], [ 12.974646673582249, 10.243408881607881, 0.0 ], [ 12.974999999227647, 10.245833333334939, 0.0 ], [ 12.972789509705695, 10.246400622084362, 0.0 ], [ 12.968877155734596, 10.249432712443134, 0.0 ], [ 12.96445617669063, 10.250567288143237, 0.0 ], [ 12.960543822719572, 10.253599379401326, 0.0 ], [ 12.943622842803865, 10.254733955101676, 0.0 ], [ 12.934252929614974, 10.263082885960234, 0.0 ], [ 12.932433742309767, 10.270172119341696, 0.0 ], [ 12.918622842859115, 10.271400622035122, 0.0 ], [ 12.914710489787307, 10.274432712393814, 0.0 ], [ 12.910289509843945, 10.275567288093994, 0.0 ], [ 12.902210489814829, 10.282766046310224, 0.0 ], [ 12.897789509871448, 10.283900622010329, 0.0 ], [ 12.877210489869848, 10.303599379302431, 0.0 ], [ 12.866666666433122, 10.304166667152593, 0.0 ], [ 12.847575547776387, 10.303813341507297, 0.0 ], [ 12.839924451256707, 10.296186659781421, 0.0 ], [ 12.835075547803434, 10.295480007591241, 0.0 ], [ 12.83159111824124, 10.292019992823416, 0.0 ], [ 12.829166666514606, 10.291666667177992, 0.0 ], [ 12.825850931781778, 10.292517429430875, 0.0 ], [ 12.824432711707317, 10.298043823658634, 0.0 ], [ 12.821400620449861, 10.30195617763059, 0.0 ], [ 12.820266044749982, 10.30637715667552, 0.0 ], [ 12.817233954391872, 10.310289510647575, 0.0 ], [ 12.815779282996187, 10.315958320615151, 0.0 ], [ 12.805054049215526, 10.317375013641277, 0.0 ], [ 12.804166666569104, 10.320833334086416, 0.0 ], [ 12.803813340923719, 10.32325778581346, 0.0 ], [ 12.800353325257127, 10.326742215376282, 0.0 ], [ 12.799646673966397, 10.33159111883038, 0.0 ], [ 12.792019992241746, 10.339242215351389, 0.0 ], [ 12.791313340951, 10.348257785763598, 0.0 ], [ 12.787513902258521, 10.352084011663209, 0.0 ], [ 12.795480007009241, 10.360075548343243, 0.0 ], [ 12.796186658300217, 10.373257785713564, 0.0 ], [ 12.799646673966896, 10.376742215276337, 0.0 ], [ 12.800353325257767, 10.38504638687656, 0.0 ], [ 12.796186658300385, 10.389242215251386, 0.0 ], [ 12.795833332654997, 10.391666666978463, 0.0 ], [ 12.795833332655064, 10.395833333936576, 0.0 ], [ 12.77994554246825, 10.396531169173608, 0.0 ], [ 12.778523931949664, 10.410468207537239, 0.0 ], [ 12.775642733441689, 10.414531793303187, 0.0 ], [ 12.774357265891629, 10.418801541453531, 0.0 ], [ 12.767309400426168, 10.427031793278271, 0.0 ], [ 12.766023931976841, 10.431301541428585, 0.0 ], [ 12.763142733468792, 10.435365126295185, 0.0 ], [ 12.762499999693883, 10.445833333836941, 0.0 ], [ 12.760075547967208, 10.445480008191515, 0.0 ], [ 12.756591118404911, 10.442019992524372, 0.0 ], [ 12.741666666705044, 10.44166666687901, 0.0 ], [ 12.741010707499912, 10.434293281006008, 0.0 ], [ 12.735543823211387, 10.429733954754111, 0.0 ], [ 12.726956176310225, 10.42859937905409, 0.0 ], [ 12.723043823238132, 10.425567288695442, 0.0 ], [ 12.717062547423774, 10.424032253881514, 0.0 ], [ 12.713067287650846, 10.418877157351055, 0.0 ], [ 12.711932711950832, 10.410289510448656, 0.0 ], [ 12.708900620693226, 10.406377157376044, 0.0 ], [ 12.707695684734189, 10.38840569466325, 0.0 ], [ 12.704166665885523, 10.387500000021209, 0.0 ], [ 12.704166665885465, 10.383333333962366, 0.0 ], [ 12.701742214158768, 10.382980008316936, 0.0 ], [ 12.692024400034226, 10.373288303308865, 0.0 ], [ 12.691313340266634, 10.368408881361075, 0.0 ], [ 12.683686658541632, 10.360757785739585, 0.0 ], [ 12.683333332896135, 10.350000000096284, 0.0 ], [ 12.685790167411138, 10.349641927829058, 0.0 ], [ 12.69131334026642, 10.34409111880638, 0.0 ], [ 12.692019992456538, 10.335075548394112, 0.0 ], [ 12.695480007223908, 10.331591118831339, 0.0 ], [ 12.695833332869169, 10.316666667129269, 0.0 ], [ 12.668408881195775, 10.316313341484022, 0.0 ], [ 12.664924451633427, 10.312853325816826, 0.0 ], [ 12.656620449106862, 10.312146674525991, 0.0 ], [ 12.652424451660119, 10.316313341484117, 0.0 ], [ 12.601742214370965, 10.317019992775428, 0.0 ], [ 12.597916666560655, 10.320818753379784, 0.0 ], [ 12.59409111875031, 10.317019992775501, 0.0 ], [ 12.591666666124217, 10.316666667130042, 0.0 ], [ 12.59166666612418, 10.31250000017191, 0.0 ], [ 12.592253451275907, 10.284350586107704, 0.0 ], [ 12.597789509617666, 10.279733955054981, 0.0 ], [ 12.603505452153684, 10.278267077160891, 0.0 ], [ 12.604166666097433, 10.270833334188042, 0.0 ], [ 12.606377156518914, 10.270266046337911, 0.0 ], [ 12.614456176548657, 10.263067288121755, 0.0 ], [ 12.619982400803828, 10.261649238018803, 0.0 ], [ 12.621753098463099, 10.254749552946359, 0.0 ], [ 12.632396104531569, 10.245266045488357, 0.0 ], [ 12.639710489481553, 10.246400622087769, 0.0 ], [ 12.648836770933164, 10.254532539341888, 0.0 ], [ 12.650905693675403, 10.246471151419177, 0.0 ], [ 12.669854227520679, 10.245200602722116, 0.0 ], [ 12.674432712029461, 10.239710490742999, 0.0 ], [ 12.67585093120473, 10.234184095615989, 0.0 ], [ 12.682750447203613, 10.232413737000787, 0.0 ], [ 12.69109937806085, 10.22304382380973, 0.0 ], [ 12.692233953760772, 10.218622843865461, 0.0 ], [ 12.695266045018295, 10.214710490792815, 0.0 ], [ 12.695833332868144, 10.200000000396027, 0.0 ], [ 12.696684265092728, 10.196684095690788, 0.0 ], [ 12.703770785218506, 10.194865587373233, 0.0 ], [ 12.70776604499132, 10.189710489943325, 0.0 ], [ 12.709184265065831, 10.184184095715661, 0.0 ], [ 12.712499999798736, 10.183333333462759, 0.0 ], [ 12.712854681621767, 10.176715088526677, 0.0 ], [ 12.726742214103226, 10.162853326116176, 0.0 ], [ 12.72916666672922, 10.162500000470665, 0.0 ], [ 12.729166666729185, 10.158333333512532, 0.0 ], [ 12.727044338646527, 10.15767788422303, 0.0 ], [ 12.722148131752782, 10.15425788119237, 0.0 ], [ 12.720177883524645, 10.147877672412775, 0.0 ], [ 12.717322116045349, 10.143788995561827, 0.0 ], [ 12.71601121656705, 10.135377672437775, 0.0 ], [ 12.713155449087708, 10.131288994687477, 0.0 ], [ 12.711844549609426, 10.127044339420934, 0.0 ], [ 12.708424546579209, 10.122148132526513, 0.0 ], [ 12.702044338699785, 10.120177884298233, 0.0 ], [ 12.697148131806072, 10.116757880368224, 0.0 ], [ 12.694850328005714, 10.109316338474558, 0.0 ], [ 12.689544338726472, 10.107677884323312, 0.0 ], [ 12.685455660976713, 10.104822116843655, 0.0 ], [ 12.676035731991513, 10.103354051844478, 0.0 ], [ 12.67434454968944, 10.097877672513087, 0.0 ], [ 12.667322116151887, 10.089622328704047, 0.0 ], [ 12.665606180010505, 10.08406575592646, 0.0 ], [ 12.646546257935348, 10.08257378514881, 0.0 ], [ 12.645833332973769, 10.066666666730004, 0.0 ], [ 12.639456176494026, 10.067233954580127, 0.0 ], [ 12.635543822522619, 10.070266045838135, 0.0 ], [ 12.622789509563056, 10.071400621538325, 0.0 ], [ 12.618877156490967, 10.074432712796355, 0.0 ], [ 12.614456176547263, 10.075567288496499, 0.0 ], [ 12.610416666532407, 10.078697883397584, 0.0 ], [ 12.606377156517494, 10.075567288496583, 0.0 ], [ 12.597789509616177, 10.074432712796503, 0.0 ], [ 12.589710489586325, 10.067233954580441, 0.0 ], [ 12.56757592033399, 10.066043091212965, 0.0 ], [ 12.566666666175291, 10.062500000671804, 0.0 ], [ 12.562499999217657, 10.062500000671804, 0.0 ], [ 12.560075547490882, 10.062146675026312, 0.0 ], [ 12.556591117928477, 10.058686659359191, 0.0 ], [ 12.551742214474856, 10.057980008068261, 0.0 ], [ 12.54825778491246, 10.054519992401103, 0.0 ], [ 12.545833333185673, 10.054166666755663, 0.0 ], [ 12.545833333185696, 10.058333333713742, 0.0 ], [ 12.542517598452742, 10.05918409596671, 0.0 ], [ 12.541099378378117, 10.06471049019439, 0.0 ], [ 12.538067287120489, 10.06862284416642, 0.0 ], [ 12.536932711420599, 10.085543824085649, 0.0 ], [ 12.533795165659809, 10.089592150155106, 0.0 ], [ 12.541099378378327, 10.097789510175167, 0.0 ], [ 12.542233954078339, 10.10221049011942, 0.0 ], [ 12.546229213851376, 10.107365587549237, 0.0 ], [ 12.553315734876708, 10.109184095866629, 0.0 ], [ 12.554733954052066, 10.114710490094355, 0.0 ], [ 12.566099378325783, 10.126956177083153, 0.0 ], [ 12.567327880119612, 10.140767076536628, 0.0 ], [ 12.574291483606359, 10.142554050126513, 0.0 ], [ 12.575567287941176, 10.152210490019259, 0.0 ], [ 12.578599378299518, 10.156122843991248, 0.0 ], [ 12.579733953999524, 10.160543823935487, 0.0 ], [ 12.582766045257182, 10.164456177008111, 0.0 ], [ 12.583900620957191, 10.16887715695235, 0.0 ], [ 12.58693271221491, 10.172789510924352, 0.0 ], [ 12.587500000065033, 10.19166666737992, 0.0 ], [ 12.587500000065052, 10.195833333438683, 0.0 ], [ 12.583333333107397, 10.195833333438703, 0.0 ], [ 12.56007554749176, 10.195480007793405, 0.0 ], [ 12.55659111792936, 10.192019993025557, 0.0 ], [ 12.533333333212898, 10.191666667380234, 0.0 ], [ 12.532980007567598, 10.210757786040407, 0.0 ], [ 12.529519991900798, 10.214242214703898, 0.0 ], [ 12.528813340610013, 10.219091119057376, 0.0 ], [ 12.525353324943197, 10.222575548620174, 0.0 ], [ 12.524646673652505, 10.247546387153509, 0.0 ], [ 12.529152085547336, 10.252083333776316, 0.0 ], [ 12.525353324943401, 10.255908881587118, 0.0 ], [ 12.524646673652613, 10.260757785940532, 0.0 ], [ 12.521186658885119, 10.264242215503355, 0.0 ], [ 12.520480007594321, 10.269091118957492, 0.0 ], [ 12.514954460528523, 10.274644301290978, 0.0 ], [ 12.50590888063989, 10.275353325892826, 0.0 ], [ 12.502424451976816, 10.278813341560062, 0.0 ], [ 12.48507554765008, 10.279519992851052, 0.0 ], [ 12.471191066567565, 10.293379042006983, 0.0 ], [ 12.470480007699404, 10.298257785865884, 0.0 ], [ 12.46701999203254, 10.301742215428664, 0.0 ], [ 12.466313340741694, 10.310757785840941, 0.0 ], [ 12.4566218057064, 10.320475599966832, 0.0 ], [ 12.451742214686522, 10.321186659734426, 0.0 ], [ 12.448257785124088, 10.324646674502331, 0.0 ], [ 12.435075547754918, 10.32535332579331, 0.0 ], [ 12.431591118192491, 10.328813341460553, 0.0 ], [ 12.426742213839432, 10.329519992751411, 0.0 ], [ 12.423257785176293, 10.332980008418653, 0.0 ], [ 12.420833332550139, 10.333333334064113, 0.0 ], [ 12.420480006904766, 10.339924452749335, 0.0 ], [ 12.412853325179471, 10.347575548370907, 0.0 ], [ 12.412499999534015, 10.350000000097978, 0.0 ], [ 12.41471048995564, 10.350567287948028, 0.0 ], [ 12.422789509985758, 10.357766046164082, 0.0 ], [ 12.428505452521975, 10.35923292405815, 0.0 ], [ 12.429166666465775, 10.366666667031014, 0.0 ], [ 12.433333333423565, 10.366666667030985, 0.0 ], [ 12.433333333423596, 10.370370268083779, 0.0 ], [ 12.43630594958711, 10.370111778982203, 0.0 ], [ 12.437716674086467, 10.369989106935645, 0.0 ], [ 12.438467745546532, 10.367062717668189, 0.0 ], [ 12.445086669470101, 10.361932712222782, 0.0 ], [ 12.460543822893593, 10.363067287922805, 0.0 ], [ 12.465920003359438, 10.367233954880913, 0.0 ], [ 12.470022412857672, 10.365659926362294, 0.0 ], [ 12.471801079409707, 10.358729383751847, 0.0 ], [ 12.476956176838973, 10.354733954905852, 0.0 ], [ 12.49804382281499, 10.353599379205654, 0.0 ], [ 12.514456176760232, 10.338067287972518, 0.0 ], [ 12.524112616652024, 10.336791653609383, 0.0 ], [ 12.525850931523127, 10.330017429358318, 0.0 ], [ 12.529166666256105, 10.329166667105453, 0.0 ], [ 12.529166666256218, 10.345833334038563, 0.0 ], [ 12.528813340610988, 10.373257785715705, 0.0 ], [ 12.524998643121139, 10.377099270412449, 0.0 ], [ 12.530908880587999, 10.382980008318139, 0.0 ], [ 12.545833333187836, 10.383333333963543, 0.0 ], [ 12.546684264513187, 10.386649237769404, 0.0 ], [ 12.549999999246198, 10.387500000022335, 0.0 ], [ 12.590643988570307, 10.3880805124028, 0.0 ], [ 12.595266045232384, 10.393622843516404, 0.0 ], [ 12.596970452065158, 10.400264486114152, 0.0 ], [ 12.60195617657612, 10.396400621788231, 0.0 ], [ 12.620833333029497, 10.395833333938034, 0.0 ], [ 12.621186658674919, 10.398257785665091, 0.0 ], [ 12.624986097367618, 10.402084011564677, 0.0 ], [ 12.617019991717411, 10.410075548244814, 0.0 ], [ 12.616313340426585, 10.414924452598251, 0.0 ], [ 12.604519991743977, 10.426742215178061, 0.0 ], [ 12.603813340453152, 10.431591119531468, 0.0 ], [ 12.600353325685775, 10.435075548194961, 0.0 ], [ 12.599646673495611, 10.439924452548453, 0.0 ], [ 12.592019991770583, 10.447575548170027, 0.0 ], [ 12.59131334047988, 10.464924452498517, 0.0 ], [ 12.587853325712423, 10.468408882061333, 0.0 ], [ 12.58750000006704, 10.470833333788351, 0.0 ], [ 12.589924451793808, 10.471186659433874, 0.0 ], [ 12.597575547414531, 10.478813341159755, 0.0 ], [ 12.600000000040623, 10.479166666805231, 0.0 ], [ 12.600000000040662, 10.483333333763294, 0.0 ], [ 12.602566999707669, 10.483333333763287, 0.0 ], [ 12.60256699970763, 10.480552400669724, 0.0 ], [ 12.602757099301039, 10.477747800117843, 0.0 ], [ 12.602389199242511, 10.475799000720256, 0.0 ], [ 12.601521199684049, 10.471110200872033, 0.0 ], [ 12.599809899547822, 10.465781300463597, 0.0 ], [ 12.5998098995478, 10.46129380036558, 0.0 ], [ 12.602376799389992, 10.458302000533841, 0.0 ], [ 12.602792799688116, 10.456612100664859, 0.0 ], [ 12.602792799891276, 10.456612100441664, 0.0 ], [ 12.6027928, 10.4566121, 0.0 ], [ 12.60435445911622, 10.454896434410747, 0.0 ], [ 12.60465859975452, 10.454562300206934, 0.0 ], [ 12.604658599856631, 10.454562300157509, 0.0 ], [ 12.6046586, 10.4545623, 0.0 ], [ 12.606025199763689, 10.453900800114384, 0.0 ], [ 12.606638687066551, 10.453065544307773, 0.0 ], [ 12.606643199363415, 10.453059400866705, 0.0 ], [ 12.606186100048205, 10.452201700345158, 0.0 ], [ 12.606186100122647, 10.452201700230132, 0.0 ], [ 12.6061861, 10.4522017, 0.0 ], [ 12.606364003128499, 10.451926803630652, 0.0 ], [ 12.606655099193171, 10.451477000560065, 0.0 ], [ 12.606765274907099, 10.451381729669091, 0.0 ], [ 12.6072849, 10.4509324, 0.0 ], [ 12.6087096, 10.4506183, 0.0 ], [ 12.6097019, 10.4506182, 0.0 ], [ 12.6097533, 10.4506182, 0.0 ], [ 12.6104104, 10.4504018, 0.0 ], [ 12.6111408, 10.4494772, 0.0 ], [ 12.611705799969069, 10.448782000038056, 0.0 ], [ 12.6117058, 10.448782, 0.0 ], [ 12.611979799766994, 10.448396300046097, 0.0 ], [ 12.612488031161577, 10.448061037674574, 0.0 ], [ 12.6130605, 10.4476834, 0.0 ], [ 12.6139227, 10.4476435, 0.0 ], [ 12.6139685, 10.4476413, 0.0 ], [ 12.6143711, 10.447793, 0.0 ], [ 12.6147005, 10.4479172, 0.0 ], [ 12.6152826, 10.4485811, 0.0 ], [ 12.6154862, 10.4491183, 0.0 ], [ 12.6162344, 10.4496666, 0.0 ], [ 12.6166208, 10.4499679, 0.0 ], [ 12.6166376, 10.4499811, 0.0 ], [ 12.6169028, 10.4498802, 0.0 ], [ 12.6185188, 10.4500542, 0.0 ], [ 12.618565199797684, 10.450059399977327, 0.0 ], [ 12.618782686984757, 10.449832919276885, 0.0 ], [ 12.618782687428949, 10.449832918814323, 0.0 ], [ 12.6195349, 10.4490496, 0.0 ], [ 12.619570869416068, 10.448764640371262, 0.0 ], [ 12.619784499593088, 10.44707220031863, 0.0 ], [ 12.620440499267611, 10.446147700852542, 0.0 ], [ 12.620440499644662, 10.446147700500777, 0.0 ], [ 12.6204405, 10.4461477, 0.0 ], [ 12.621610041158695, 10.445056593639254, 0.0 ], [ 12.62161004656998, 10.445056588590873, 0.0 ], [ 12.622501199508498, 10.44422520032956, 0.0 ], [ 12.622501199751389, 10.444225200231939, 0.0 ], [ 12.6225012, 10.4442252, 0.0 ], [ 12.6258596, 10.4428754, 0.0 ], [ 12.6333488, 10.4378409, 0.0 ], [ 12.6342577, 10.4382788, 0.0 ], [ 12.633749560964382, 10.439483503486235, 0.0 ], [ 12.63369920004518, 10.439602900018901, 0.0 ], [ 12.635227399907897, 10.440242199961471, 0.0 ], [ 12.635248099356474, 10.440229400063485, 0.0 ], [ 12.636522269395064, 10.439434754948257, 0.0 ], [ 12.6375662, 10.4387837, 0.0 ], [ 12.6396768, 10.4356982, 0.0 ], [ 12.6397205, 10.4357095, 0.0 ], [ 12.6524954, 10.4390097, 0.0 ], [ 12.6571569, 10.4458647, 0.0 ], [ 12.658384073218601, 10.450283280031222, 0.0 ], [ 12.680879549781748, 10.449646675150294, 0.0 ], [ 12.685075547228532, 10.453813341209065, 0.0 ], [ 12.689924451581366, 10.454519992499968, 0.0 ], [ 12.697575547201955, 10.462146675125194, 0.0 ], [ 12.702424451554705, 10.462853326416056, 0.0 ], [ 12.712142265679274, 10.47254503052485, 0.0 ], [ 12.712499999801398, 10.475000000745585, 0.0 ], [ 12.711932711951622, 10.498043823259891, 0.0 ], [ 12.708900620694097, 10.501956177231927, 0.0 ], [ 12.707766044994303, 10.518877157151259, 0.0 ], [ 12.699768001720367, 10.527694943263219, 0.0 ], [ 12.700058365070626, 10.528192644273402, 0.0 ], [ 12.7026978, 10.5327168, 0.0 ], [ 12.7050285, 10.5361443, 0.0 ], [ 12.7096796, 10.5407085, 0.0 ], [ 12.7131729, 10.5452785, 0.0 ], [ 12.7166719, 10.5509911, 0.0 ], [ 12.7213278, 10.5567017, 0.0 ], [ 12.7225008, 10.5601311, 0.0 ], [ 12.7259941, 10.5647001, 0.0 ], [ 12.7283249, 10.5681276, 0.0 ], [ 12.7318182, 10.5726957, 0.0 ], [ 12.7353067, 10.5761204, 0.0 ], [ 12.7411041, 10.5783958, 0.0 ], [ 12.7445812, 10.5795317, 0.0 ], [ 12.750215329561371, 10.580711004275178, 0.0 ], [ 12.764456176231079, 10.567233955378359, 0.0 ], [ 12.770172118766972, 10.565767076584844, 0.0 ], [ 12.771400620560545, 10.551956177131464, 0.0 ], [ 12.775567287517939, 10.546579997564347, 0.0 ], [ 12.774432711818022, 10.543622844114486, 0.0 ], [ 12.770266044860461, 10.538246663648181, 0.0 ], [ 12.771400620560357, 10.535289510198298, 0.0 ], [ 12.7744327118179, 10.531377157125588, 0.0 ], [ 12.775567287517742, 10.52695617718132, 0.0 ], [ 12.778599378775255, 10.523043824108683, 0.0 ], [ 12.77987518310989, 10.513387384215854, 0.0 ], [ 12.786649067416073, 10.511649238417018, 0.0 ], [ 12.787499999640653, 10.508333333711786, 0.0 ], [ 12.789924451367378, 10.508686659357213, 0.0 ] ] ] } },
{ "type": "Feature", "properties": { "Stra_Catch": "Hawal-Kilunga", "State": "Adamawa", "LGA": "Song", "Population": 0, "Cleard_TOR": "Cleared", "Status": "Completed", "Start_Date": "2024-01-04T00:00:00", "End_Date": "2024-03-15T00:00:00", "Micr_Catch": "Girei-Song", "Size_Ha": 151077.18459700001, "Comments": null, "OBJECTID_1": 0, "Shape_Leng": 0.0, "Shape_Area": 0.0, "parent_strategic_name": "Hawal-Kilunga", "clipped_to_state": true }, "geometry": { "type": "Polygon", "coordinates": [ [ [ 12.820266044749971, 10.306377156675651, 0.0 ], [ 12.821400620449964, 10.301956177630535, 0.0 ], [ 12.824432711707265, 10.298043823658675, 0.0 ], [ 12.825850931781885, 10.292517429430932, 0.0 ], [ 12.829166666514656, 10.291666667178083, 0.0 ], [ 12.831591118241235, 10.292019992823398, 0.0 ], [ 12.835075547803498, 10.295480007591234, 0.0 ], [ 12.839924451256701, 10.296186659781462, 0.0 ], [ 12.847575547776426, 10.303813341507361, 0.0 ], [ 12.866666666433161, 10.30416666715265, 0.0 ], [ 12.877210489869901, 10.303599379302412, 0.0 ], [ 12.897789509871503, 10.283900622010382, 0.0 ], [ 12.902210489814891, 10.282766046310268, 0.0 ], [ 12.910289509843937, 10.275567288093981, 0.0 ], [ 12.914710489787362, 10.274432712393864, 0.0 ], [ 12.918622842859163, 10.271400622035099, 0.0 ], [ 12.932433742309764, 10.270172119341773, 0.0 ], [ 12.934252929614965, 10.263082885960234, 0.0 ], [ 12.943622842803855, 10.254733955101656, 0.0 ], [ 12.960543822719565, 10.253599379401367, 0.0 ], [ 12.964456176690623, 10.250567288143227, 0.0 ], [ 12.968877155734594, 10.249432712443102, 0.0 ], [ 12.972789509705699, 10.246400622084398, 0.0 ], [ 12.974999999227649, 10.245833333335037, 0.0 ], [ 12.974646673582299, 10.24340888160782, 0.0 ], [ 12.95417955172617, 10.2229170059087, 0.0 ], [ 12.962146673609613, 10.214924452095332, 0.0 ], [ 12.962499999254719, 10.204166667351229, 0.0 ], [ 12.962499999254661, 10.200000000393304, 0.0 ], [ 12.960289509732704, 10.200567288243283, 0.0 ], [ 12.956377155761755, 10.203599379501364, 0.0 ], [ 12.953420003211853, 10.204733955201467, 0.0 ], [ 12.948043822746431, 10.200567288243441, 0.0 ], [ 12.925909084423605, 10.199376424876139, 0.0 ], [ 12.924432711487375, 10.193622843913033, 0.0 ], [ 12.91608378063065, 10.184252929822996, 0.0 ], [ 12.910289509842722, 10.182766045610725, 0.0 ], [ 12.906377155871519, 10.179733955252061, 0.0 ], [ 12.8992533363642, 10.178599379552081, 0.0 ], [ 12.893877155898975, 10.182766045610922, 0.0 ], [ 12.886753336391656, 10.183900621311068, 0.0 ], [ 12.881377155926305, 10.179733955252354, 0.0 ], [ 12.879166666404283, 10.179166667402269, 0.0 ], [ 12.878267075461018, 10.175661214388004, 0.0 ], [ 12.864456176010195, 10.174432712594388, 0.0 ], [ 12.860416665995515, 10.171301947721441, 0.0 ], [ 12.856377155980905, 10.174432712594474, 0.0 ], [ 12.85195617603747, 10.175567288294589, 0.0 ], [ 12.847916666022845, 10.178698053167567, 0.0 ], [ 12.843877156008146, 10.175567288294678, 0.0 ], [ 12.839456176064672, 10.174432712594658, 0.0 ], [ 12.834079996498462, 10.170266045636566, 0.0 ], [ 12.825879753253353, 10.171572198493266, 0.0 ], [ 12.82499999955591, 10.17500000044476, 0.0 ], [ 12.818585035577621, 10.175529649868695, 0.0 ], [ 12.813499280375115, 10.179648845213372, 0.0 ], [ 12.809105936598, 10.178280300990421, 0.0 ], [ 12.807803853173784, 10.172751872496248, 0.0 ], [ 12.800529479961277, 10.164748128418836, 0.0 ], [ 12.799470519258806, 10.160251872521302, 0.0 ], [ 12.796362813003732, 10.156414795402, 0.0 ], [ 12.795303853200629, 10.151918538605086, 0.0 ], [ 12.786545816248189, 10.142423163693596, 0.0 ], [ 12.783333332679451, 10.141666667478237, 0.0 ], [ 12.783994547522472, 10.134232924505424, 0.0 ], [ 12.787499999636777, 10.133333333561946, 0.0 ], [ 12.786932711786646, 10.122789510123432, 0.0 ], [ 12.779733954471103, 10.114710490092609, 0.0 ], [ 12.778599378771009, 10.110289510148311, 0.0 ], [ 12.775567287513423, 10.106377157075718, 0.0 ], [ 12.77443271181329, 10.081122844139626, 0.0 ], [ 12.771400620555818, 10.077210490167651, 0.0 ], [ 12.770266044855687, 10.068622844164624, 0.0 ], [ 12.761932711840055, 10.059270562182435, 0.0 ], [ 12.763067287539869, 10.035289510298441, 0.0 ], [ 12.774432711812706, 10.023043823309457, 0.0 ], [ 12.775567287512455, 10.01028951034826, 0.0 ], [ 12.782766044827998, 10.00221049031747, 0.0 ], [ 12.78390062052787, 9.985289510398182, 0.0 ], [ 12.788067287485047, 9.97991333083119, 0.0 ], [ 12.786826239249402, 9.967563036500502, 0.0 ], [ 12.779562547284835, 9.965698920864163, 0.0 ], [ 12.775567287511954, 9.960543823434413, 0.0 ], [ 12.774999999662082, 9.958333333911916, 0.0 ], [ 12.763276672194264, 9.957613458090512, 0.0 ], [ 12.761723327183574, 9.942386542800488, 0.0 ], [ 12.739531622203906, 9.94102393320393, 0.0 ], [ 12.735468376382387, 9.938142734695605, 0.0 ], [ 12.729166666727254, 9.937500000021105, 0.0 ], [ 12.724999999769738, 9.937500000021139, 0.0 ], [ 12.724149067545147, 9.940815735653871, 0.0 ], [ 12.720833333032918, 9.94166666682119, 0.0 ], [ 12.719913567357334, 9.938082885738458, 0.0 ], [ 12.710543823163897, 9.929733954531915, 0.0 ], [ 12.701956176680772, 9.928599378794061, 0.0 ], [ 12.697903950932588, 9.925458950463044, 0.0 ], [ 12.681377156501483, 9.941099378794268, 0.0 ], [ 12.660289510020174, 9.942233954532178, 0.0 ], [ 12.656377156505073, 9.945266045461125, 0.0 ], [ 12.64672071661921, 9.946541849768876, 0.0 ], [ 12.644982401461002, 9.953315734860148, 0.0 ], [ 12.641666666598271, 9.954166666663427, 0.0 ], [ 12.639242214558561, 9.95381334092551, 0.0 ], [ 12.633691406182535, 9.94829016791132, 0.0 ], [ 12.632980007528131, 9.943408881290191, 0.0 ], [ 12.62918124722051, 9.93958333333023, 0.0 ], [ 12.632980007528072, 9.935757785370214, 0.0 ], [ 12.633686659003555, 9.92745378282026, 0.0 ], [ 12.629519992337462, 9.923257785370138, 0.0 ], [ 12.629166666599431, 9.904166666663633, 0.0 ], [ 12.610075547895379, 9.904519992401523, 0.0 ], [ 12.606591118642294, 9.907980007592521, 0.0 ], [ 12.604166666602739, 9.908333333330409, 0.0 ], [ 12.599999999936655, 9.908333333330441, 0.0 ], [ 12.598785061243081, 9.903599378794912, 0.0 ], [ 12.581122843363429, 9.90473395453272, 0.0 ], [ 12.577210489848261, 9.907766045461655, 0.0 ], [ 12.568622843364901, 9.90890062119963, 0.0 ], [ 12.563246663352562, 9.913067287866269, 0.0 ], [ 12.555059136226607, 9.911763339569948, 0.0 ], [ 12.550567287811408, 9.906377156572953, 0.0 ], [ 12.549432712073587, 9.901956176755183, 0.0 ], [ 12.546400621145224, 9.898043823239536, 0.0 ], [ 12.5452660454074, 9.893622843421936, 0.0 ], [ 12.542233954478979, 9.889710489906292, 0.0 ], [ 12.541666666418591, 9.887500000060026, 0.0 ], [ 12.543877156648477, 9.886932712272252, 0.0 ], [ 12.551956176678287, 9.879733954955556, 0.0 ], [ 12.565706888102889, 9.878510708799556, 0.0 ], [ 12.570266045281729, 9.873043823610892, 0.0 ], [ 12.571742587290357, 9.867290242647925, 0.0 ], [ 12.593877156542495, 9.86609937928008, 0.0 ], [ 12.606122842630551, 9.854733955005035, 0.0 ], [ 12.611791483524831, 9.853279283609048, 0.0 ], [ 12.613067287859451, 9.843622843716346, 0.0 ], [ 12.616099378217749, 9.839710490643713, 0.0 ], [ 12.6172339539176, 9.831122843741282, 0.0 ], [ 12.624432712132801, 9.823043823710519, 0.0 ], [ 12.624999999982826, 9.82083333418808, 0.0 ], [ 12.624432712132702, 9.810289510749159, 0.0 ], [ 12.613067287859117, 9.798043823760535, 0.0 ], [ 12.611932712159131, 9.781122843841308, 0.0 ], [ 12.608900620901402, 9.777210490768713, 0.0 ], [ 12.607730950057721, 9.742581347148546, 0.0 ], [ 12.604166666093709, 9.741666667379814, 0.0 ], [ 12.600000000035289, 9.741666667379844, 0.0 ], [ 12.59928046325814, 9.734126620943941, 0.0 ], [ 12.590908643755395, 9.73288947216856, 0.0 ], [ 12.585506015127729, 9.736894905073076, 0.0 ], [ 12.581160651080854, 9.738105095770797, 0.0 ], [ 12.57707604276348, 9.74113328756839, 0.0 ], [ 12.568839348196613, 9.733938429712088, 0.0 ], [ 12.562933179262721, 9.732293701890304, 0.0 ], [ 12.550605095489995, 9.718839349453939, 0.0 ], [ 12.549246554426317, 9.709283786515007, 0.0 ], [ 12.54185011083621, 9.707224189742115, 0.0 ], [ 12.538105095516361, 9.702172682520887, 0.0 ], [ 12.536592440331532, 9.696740892475772, 0.0 ], [ 12.531160651186394, 9.695228238190213, 0.0 ], [ 12.527172681317825, 9.692271762829204, 0.0 ], [ 12.524999999294439, 9.691666667480284, 0.0 ], [ 12.522575547567719, 9.692019993125804, 0.0 ], [ 12.519091118005464, 9.695480007893705, 0.0 ], [ 12.510075547594088, 9.696186659184651, 0.0 ], [ 12.502424451973353, 9.703813341810054, 0.0 ], [ 12.493408880662795, 9.704519993101, 0.0 ], [ 12.485757785042034, 9.712146674827014, 0.0 ], [ 12.480908880689121, 9.712853326117942, 0.0 ], [ 12.477424452026044, 9.716313341785163, 0.0 ], [ 12.474999999399927, 9.716666667430736, 0.0 ], [ 12.472789509877714, 9.717233955280697, 0.0 ], [ 12.468877155906132, 9.720266045639427, 0.0 ], [ 12.464456175962328, 9.721400621339512, 0.0 ], [ 12.452210489874052, 9.732766045614488, 0.0 ], [ 12.446684264719432, 9.734184265689265, 0.0 ], [ 12.445833333394157, 9.73750000042279, 0.0 ], [ 12.442517597761761, 9.738350932647556, 0.0 ], [ 12.441666666436426, 9.741666667380741, 0.0 ], [ 12.442020501098135, 9.756617398172457, 0.0 ], [ 12.455908880741948, 9.770480007744119, 0.0 ], [ 12.46492445205258, 9.771186659934349, 0.0 ], [ 12.468408880715762, 9.774646674702158, 0.0 ], [ 12.485757785042392, 9.775353325992965, 0.0 ], [ 12.489583332852845, 9.779152086597353, 0.0 ], [ 12.493408880663205, 9.775353325992919, 0.0 ], [ 12.529166666252637, 9.77500000034739, 0.0 ], [ 12.52916666625269, 9.783333333364267, 0.0 ], [ 12.528599378402872, 9.793877156802962, 0.0 ], [ 12.52556728714514, 9.797789510774978, 0.0 ], [ 12.524149067969841, 9.803315735030774, 0.0 ], [ 12.517062546944629, 9.805134413320207, 0.0 ], [ 12.513067287171612, 9.810289510749852, 0.0 ], [ 12.511932711471694, 9.814710490694342, 0.0 ], [ 12.50890062111333, 9.818622843766979, 0.0 ], [ 12.507715013383923, 9.840660773673548, 0.0 ], [ 12.498043822811956, 9.849432712347472, 0.0 ], [ 12.492517598556752, 9.850850932422423, 0.0 ], [ 12.491099378482234, 9.856377156678215, 0.0 ], [ 12.48693271152454, 9.861753337144568, 0.0 ], [ 12.488122049641987, 9.882325067245826, 0.0 ], [ 12.501956176783807, 9.895266046188743, 0.0 ], [ 12.516666666446325, 9.895833333684925, 0.0 ], [ 12.516099378743906, 9.898043823239712, 0.0 ], [ 12.511580573134744, 9.903462388778062, 0.0 ], [ 12.501956176705535, 9.904733954533187, 0.0 ], [ 12.496801079592467, 9.908729214136175, 0.0 ], [ 12.495266045412897, 9.914710489906536, 0.0 ], [ 12.49223395448449, 9.918622843422213, 0.0 ], [ 12.490779283260677, 9.924291483558878, 0.0 ], [ 12.481122843374489, 9.925567287866613, 0.0 ], [ 12.477210489859246, 9.928599378795544, 0.0 ], [ 12.471684265087823, 9.930017598467929, 0.0 ], [ 12.470266045415633, 9.935543823239977, 0.0 ], [ 12.465687560986856, 9.9410339355447, 0.0 ], [ 12.447789510044666, 9.942233954533485, 0.0 ], [ 12.443877156529229, 9.945266045462414, 0.0 ], [ 12.441666666620634, 9.945833333331363, 0.0 ], [ 12.438350931757768, 9.946684265134808, 0.0 ], [ 12.436932712085573, 9.952210489906797, 0.0 ], [ 12.433900621157136, 9.956122843422467, 0.0 ], [ 12.432482401484934, 9.961649068194685, 0.0 ], [ 12.42695617671324, 9.963067287867068, 0.0 ], [ 12.421801079600101, 9.967062547469881, 0.0 ], [ 12.420266045420503, 9.973043823240182, 0.0 ], [ 12.417233954492055, 9.976956176755856, 0.0 ], [ 12.416099378754346, 9.988246663409571, 0.0 ], [ 12.420266045420606, 9.993622843422552, 0.0 ], [ 12.420833333289561, 10.008333333331391, 0.0 ], [ 12.423257785329374, 10.008686659069321, 0.0 ], [ 12.42674221458245, 10.012146674260267, 0.0 ], [ 12.429166666622264, 10.012499999997965, 0.0 ], [ 12.431377156530862, 10.01193271212902, 0.0 ], [ 12.435289510046145, 10.008900621200263, 0.0 ], [ 12.439710489863341, 10.007766045462374, 0.0 ], [ 12.443622843378614, 10.004733954533611, 0.0 ], [ 12.450746663364979, 10.003599378795656, 0.0 ], [ 12.457365586975518, 10.008729214136331, 0.0 ], [ 12.458900621154998, 10.014710489906848, 0.0 ], [ 12.461932712083636, 10.018622843422264, 0.0 ], [ 12.463208516391301, 10.02827928330961, 0.0 ], [ 12.469982401481689, 10.030017598467888, 0.0 ], [ 12.470833333285054, 10.03333333333107, 0.0 ], [ 12.477424451991036, 10.032980007593325, 0.0 ], [ 12.4812506781191, 10.02918056911674, 0.0 ], [ 12.489242214576517, 10.037146674259869, 0.0 ], [ 12.49409111865592, 10.037853325735476, 0.0 ], [ 12.497575547909133, 10.041313340926486, 0.0 ], [ 12.523257785319641, 10.042019992402148, 0.0 ], [ 12.526742214572831, 10.045480007593095, 0.0 ], [ 12.541666666611109, 10.045833333330771, 0.0 ], [ 12.54201999234879, 10.04825778537057, 0.0 ], [ 12.545480007539451, 10.051742214624152, 0.0 ], [ 12.545833333277301, 10.054166666663956, 0.0 ], [ 12.548257785316894, 10.054519992401872, 0.0 ], [ 12.551742214570076, 10.057980007592819, 0.0 ], [ 12.556591118649422, 10.05868665906843, 0.0 ], [ 12.560075547902427, 10.062146674259429, 0.0 ], [ 12.562499999942181, 10.062499999997293, 0.0 ], [ 12.56666666660831, 10.062499999997263, 0.0 ], [ 12.567575920894342, 10.066043090817672, 0.0 ], [ 12.589710489847745, 10.067233954532712, 0.0 ], [ 12.597789510029086, 10.074432712128173, 0.0 ], [ 12.606377156512485, 10.075567287866036, 0.0 ], [ 12.610416666603227, 10.078697882755295, 0.0 ], [ 12.614456176693746, 10.075567287865978, 0.0 ], [ 12.618877156510965, 10.074432712128031, 0.0 ], [ 12.622789510026108, 10.071400621199086, 0.0 ], [ 12.63554382317551, 10.070266045461304, 0.0 ], [ 12.639456176690638, 10.067233954532368, 0.0 ], [ 12.645833333119517, 10.066666666696756, 0.0 ], [ 12.646546257935277, 10.082573785148909, 0.0 ], [ 12.665606180010554, 10.084065755926456, 0.0 ], [ 12.667322116151945, 10.089622328704159, 0.0 ], [ 12.674344549689557, 10.09787767251319, 0.0 ], [ 12.676035731991496, 10.103354051844478, 0.0 ], [ 12.685455660976713, 10.104822116843756, 0.0 ], [ 12.689544338726469, 10.107677884323286, 0.0 ], [ 12.694850328005707, 10.109316338474603, 0.0 ], [ 12.697148131806172, 10.116757880368205, 0.0 ], [ 12.70204433869983, 10.12017788429821, 0.0 ], [ 12.708424546579153, 10.122148132526521, 0.0 ], [ 12.711844549609538, 10.127044339420994, 0.0 ], [ 12.713155449087752, 10.131288994687553, 0.0 ], [ 12.716011216567102, 10.13537767243783, 0.0 ], [ 12.717322116045409, 10.143788995561927, 0.0 ], [ 12.720177883524755, 10.147877672412827, 0.0 ], [ 12.722148131752714, 10.154257881192416, 0.0 ], [ 12.72704433864652, 10.157677884223041, 0.0 ], [ 12.729166666729295, 10.158333333512489, 0.0 ], [ 12.729166666729334, 10.162500000470642, 0.0 ], [ 12.726742214103272, 10.162853326116226, 0.0 ], [ 12.71285468162181, 10.176715088526782, 0.0 ], [ 12.712499999798851, 10.183333333462862, 0.0 ], [ 12.70918426506576, 10.1841840957157, 0.0 ], [ 12.707766044991319, 10.189710489943264, 0.0 ], [ 12.703770785218618, 10.19486558737332, 0.0 ], [ 12.696684265092856, 10.196684095690832, 0.0 ], [ 12.695833332868196, 10.200000000396132, 0.0 ], [ 12.695266045018284, 10.214710490792754, 0.0 ], [ 12.69223395376088, 10.218622843865399, 0.0 ], [ 12.691099378060844, 10.223043823809725, 0.0 ], [ 12.68275044720362, 10.232413737000893, 0.0 ], [ 12.675850931204774, 10.234184095616035, 0.0 ], [ 12.674432712029521, 10.239710490742985, 0.0 ], [ 12.669854227520778, 10.245200602722063, 0.0 ], [ 12.650905693675345, 10.246471151419261, 0.0 ], [ 12.648836770933217, 10.254532539341952, 0.0 ], [ 12.639710489481658, 10.246400622087807, 0.0 ], [ 12.63239610453155, 10.245266045488417, 0.0 ], [ 12.621753098463024, 10.254749552946397, 0.0 ], [ 12.619982400803876, 10.261649238018778, 0.0 ], [ 12.614456176548776, 10.263067288121739, 0.0 ], [ 12.606377156518862, 10.270266046337984, 0.0 ], [ 12.604166666097543, 10.270833334188119, 0.0 ], [ 12.603505452153792, 10.278267077160933, 0.0 ], [ 12.597789509617773, 10.279733955054979, 0.0 ], [ 12.592253451275848, 10.284350586107752, 0.0 ], [ 12.591666666124294, 10.312500000172021, 0.0 ], [ 12.591666666124324, 10.31666666713012, 0.0 ], [ 12.59409111875024, 10.317019992775496, 0.0 ], [ 12.597916666560653, 10.320818753379825, 0.0 ], [ 12.601742214370947, 10.317019992775444, 0.0 ], [ 12.65242445166017, 10.316313341484122, 0.0 ], [ 12.656620449106848, 10.312146674525993, 0.0 ], [ 12.664924451633539, 10.312853325816825, 0.0 ], [ 12.668408881195768, 10.316313341483998, 0.0 ], [ 12.695833332869221, 10.31666666712934, 0.0 ], [ 12.695480007223896, 10.331591118831371, 0.0 ], [ 12.692019992456521, 10.335075548394059, 0.0 ], [ 12.691313340266428, 10.344091118806432, 0.0 ], [ 12.685790167411124, 10.349641927829044, 0.0 ], [ 12.683333332896252, 10.350000000096324, 0.0 ], [ 12.683686658541628, 10.360757785739628, 0.0 ], [ 12.691313340266632, 10.368408881361173, 0.0 ], [ 12.692024400034276, 10.373288303308858, 0.0 ], [ 12.701742214158868, 10.382980008316929, 0.0 ], [ 12.704166665885586, 10.383333333962469, 0.0 ], [ 12.704166665885619, 10.387500000021191, 0.0 ], [ 12.707695684734144, 10.388405694663305, 0.0 ], [ 12.708900620693345, 10.406377157376097, 0.0 ], [ 12.711932711950876, 10.410289510448692, 0.0 ], [ 12.713067287650802, 10.418877157351094, 0.0 ], [ 12.717062547423831, 10.424032253881528, 0.0 ], [ 12.723043823238248, 10.425567288695561, 0.0 ], [ 12.726956176310333, 10.428599379054075, 0.0 ], [ 12.735543823211453, 10.42973395475423, 0.0 ], [ 12.741010707499953, 10.434293281005987, 0.0 ], [ 12.741666666705102, 10.44166666687903, 0.0 ], [ 12.756591118404909, 10.442019992524454, 0.0 ], [ 12.760075547967299, 10.445480008191455, 0.0 ], [ 12.762499999693929, 10.445833333836994, 0.0 ], [ 12.763142733468907, 10.435365126295295, 0.0 ], [ 12.766023931976843, 10.431301541428642, 0.0 ], [ 12.767309400426107, 10.427031793278381, 0.0 ], [ 12.774357265891675, 10.418801541453533, 0.0 ], [ 12.775642733441796, 10.414531793303274, 0.0 ], [ 12.778523931949657, 10.410468207537242, 0.0 ], [ 12.779945542468239, 10.396531169173663, 0.0 ], [ 12.795833332655057, 10.395833333936604, 0.0 ], [ 12.795833332655016, 10.391666666978505, 0.0 ], [ 12.796186658300488, 10.38924221525145, 0.0 ], [ 12.800353325257699, 10.385046386876546, 0.0 ], [ 12.79964667396683, 10.37674221527644, 0.0 ], [ 12.796186658300325, 10.373257785713642, 0.0 ], [ 12.795480007009226, 10.360075548343351, 0.0 ], [ 12.787513902258578, 10.35208401166317, 0.0 ], [ 12.791313340951003, 10.348257785763632, 0.0 ], [ 12.792019992241688, 10.339242215351479, 0.0 ], [ 12.799646673966341, 10.331591118830424, 0.0 ], [ 12.800353325257072, 10.32674221537637, 0.0 ], [ 12.803813340923723, 10.323257785813501, 0.0 ], [ 12.804166666569138, 10.320833334086505, 0.0 ], [ 12.805054049215641, 10.317375013641358, 0.0 ], [ 12.815779282996173, 10.315958320615211, 0.0 ], [ 12.817233954391984, 10.310289510647625, 0.0 ], [ 12.820266044749971, 10.306377156675651, 0.0 ] ] ] } },
{ "type": "Feature", "properties": { "Stra_Catch": "Hawal-Kilunga", "State": "Adamawa", "LGA": "Yola North", "Population": 0, "Cleard_TOR": "Cleared", "Status": "Completed", "Start_Date": "2024-01-04T00:00:00", "End_Date": "2024-03-15T00:00:00", "Micr_Catch": "Yola-Fufore", "Size_Ha": 197632.34079700001, "Comments": null, "OBJECTID_1": 0, "Shape_Leng": 0.0, "Shape_Area": 0.0, "parent_strategic_name": "Hawal-Kilunga", "clipped_to_state": true }, "geometry": { "type": "Polygon", "coordinates": [ [ [ 12.569091117899232, 9.625353326292387, 0.0 ], [ 12.573287116245377, 9.629519993250458, 0.0 ], [ 12.581591118771955, 9.628813341060136, 0.0 ], [ 12.58507554743495, 9.625353326292286, 0.0 ], [ 12.587500000061016, 9.625000000646706, 0.0 ], [ 12.58750000006099, 9.620833333688608, 0.0 ], [ 12.587146673516278, 9.614242215003463, 0.0 ], [ 12.583347913811691, 9.610416667192657, 0.0 ], [ 12.587146673516225, 9.606591119381855, 0.0 ], [ 12.587853325706259, 9.5850755480953, 0.0 ], [ 12.59581943045705, 9.577084012314529, 0.0 ], [ 12.591313340473564, 9.572546217631089, 0.0 ], [ 12.592019991764342, 9.568408882061522, 0.0 ], [ 12.596186658721935, 9.564212884614182, 0.0 ], [ 12.595480007431073, 9.555908882086463, 0.0 ], [ 12.59201999176423, 9.552424452523651, 0.0 ], [ 12.591666666118925, 9.550000000796606, 0.0 ], [ 12.598257784803229, 9.54964667515123, 0.0 ], [ 12.601742214365414, 9.546186659483945, 0.0 ], [ 12.610787794253966, 9.54547763488203, 0.0 ], [ 12.616313340420145, 9.539924452548458, 0.0 ], [ 12.616666666065585, 9.537500000821472, 0.0 ], [ 12.613238694142666, 9.536620246224485, 0.0 ], [ 12.61193271215731, 9.52842000387713, 0.0 ], [ 12.616099378215443, 9.523043823410779, 0.0 ], [ 12.617233953915321, 9.518622843466513, 0.0 ], [ 12.620266045172983, 9.514710490393874, 0.0 ], [ 12.621400620872832, 9.506122843491456, 0.0 ], [ 12.62443271213043, 9.502210490418815, 0.0 ], [ 12.625567287830176, 9.481122843541421, 0.0 ], [ 12.628599378188456, 9.477210490468785, 0.0 ], [ 12.629733953888303, 9.468622843566365, 0.0 ], [ 12.638082885644915, 9.459253099447935, 0.0 ], [ 12.6416666660116, 9.458333334013064, 0.0 ], [ 12.641666666011535, 9.450000000096813, 0.0 ], [ 12.642021517806333, 9.443381246144456, 0.0 ], [ 12.651742214257796, 9.433686659708378, 0.0 ], [ 12.654166665984672, 9.43333333406297, 0.0 ], [ 12.653505452040823, 9.425899591090168, 0.0 ], [ 12.649999999926255, 9.425000000146747, 0.0 ], [ 12.649228583059141, 9.432561917195551, 0.0 ], [ 12.64166666601141, 9.433333334063057, 0.0 ], [ 12.640815734686136, 9.430017599329716, 0.0 ], [ 12.634184264320972, 9.428315734880206, 0.0 ], [ 12.632766045145578, 9.422789510624426, 0.0 ], [ 12.629733953887932, 9.418877156652451, 0.0 ], [ 12.628599378187996, 9.414456177607581, 0.0 ], [ 12.621400620872105, 9.40637715667753, 0.0 ], [ 12.620266045172018, 9.381122843741373, 0.0 ], [ 12.604625617110752, 9.364596049265407, 0.0 ], [ 12.608900620898423, 9.359079997241141, 0.0 ], [ 12.607766045198462, 9.351956176833296, 0.0 ], [ 12.60056728788255, 9.343877156802568, 0.0 ], [ 12.600000000032491, 9.341666667280128, 0.0 ], [ 12.599261474070222, 9.312259590005388, 0.0 ], [ 12.591755845589278, 9.31734720950338, 0.0 ], [ 12.589569430918242, 9.315986125156821, 0.0 ], [ 12.585430569199634, 9.313180542545259, 0.0 ], [ 12.581236097003039, 9.311819458198777, 0.0 ], [ 12.577097235284592, 9.309013875587215, 0.0 ], [ 12.567745632291535, 9.307491557187024, 0.0 ], [ 12.566666666386787, 9.304166667009635, 0.0 ], [ 12.567233954472204, 9.301956176755162, 0.0 ], [ 12.570266045400484, 9.298043823239485, 0.0 ], [ 12.571684265072683, 9.292517598467496, 0.0 ], [ 12.578315734798414, 9.290815734860603, 0.0 ], [ 12.579733954470553, 9.285289510088381, 0.0 ], [ 12.582864549359407, 9.281249999997318, 0.0 ], [ 12.5797339544705, 9.277210489906121, 0.0 ], [ 12.578599378732557, 9.251956176755202, 0.0 ], [ 12.575567287804008, 9.248043823239566, 0.0 ], [ 12.574999999935281, 9.241666666663992, 0.0 ], [ 12.579166666601408, 9.241666666663965, 0.0 ], [ 12.579166666372361, 9.237500000259692, 0.0 ], [ 12.598257784801072, 9.237146674876398, 0.0 ], [ 12.601742214363245, 9.233686659209178, 0.0 ], [ 12.60659111871618, 9.232980007918247, 0.0 ], [ 12.61495106986572, 9.224646674901319, 0.0 ], [ 12.623286438047229, 9.225355699503123, 0.0 ], [ 12.632980007348779, 9.23507554879451, 0.0 ], [ 12.633689031950606, 9.244121127784869, 0.0 ], [ 12.63924221428339, 9.249646674851162, 0.0 ], [ 12.648257784694245, 9.250353326141996, 0.0 ], [ 12.652453782140975, 9.254519993100063, 0.0 ], [ 12.660788133189232, 9.253810798526372, 0.0 ], [ 12.66631334031093, 9.248257786164574, 0.0 ], [ 12.666666665956422, 9.245833333538375, 0.0 ], [ 12.669091118582427, 9.245480007892795, 0.0 ], [ 12.672575547245158, 9.242019993124945, 0.0 ], [ 12.677424451598014, 9.241313340934637, 0.0 ], [ 12.681620449044653, 9.237146674875824, 0.0 ], [ 12.685757784613589, 9.237853326166693, 0.0 ], [ 12.689242214175742, 9.24131334093455, 0.0 ], [ 12.695833332860035, 9.241666667479208, 0.0 ], [ 12.696186658505352, 9.239242214853007, 0.0 ], [ 12.703813340230068, 9.231591119231339, 0.0 ], [ 12.704166665875553, 9.229166667504169, 0.0 ], [ 12.723043823227451, 9.228599379654074, 0.0 ], [ 12.731122843256772, 9.221400621437819, 0.0 ], [ 12.737104119071018, 9.219865587523179, 0.0 ], [ 12.741099378843616, 9.214710490093353, 0.0 ], [ 12.742586432128274, 9.208916219304276, 0.0 ], [ 12.75195617624497, 9.200567288445736, 0.0 ], [ 12.761612616135972, 9.199291484110748, 0.0 ], [ 12.763350931007036, 9.19251759890402, 0.0 ], [ 12.768877156161212, 9.191099378829277, 0.0 ], [ 12.772789510132485, 9.188067288470531, 0.0 ], [ 12.777210489176563, 9.186932712770425, 0.0 ], [ 12.781122843147825, 9.183900621512359, 0.0 ], [ 12.787499999627197, 9.183333333662185, 0.0 ], [ 12.788350931851818, 9.18001759892883, 0.0 ], [ 12.791666666584549, 9.17916666670399, 0.0 ], [ 12.792019992229756, 9.172575548018839, 0.0 ], [ 12.795818751934048, 9.168750000208195, 0.0 ], [ 12.79201999222968, 9.16492445239723, 0.0 ], [ 12.791313340938741, 9.147575548068842, 0.0 ], [ 12.787514580335218, 9.1437500002581, 0.0 ], [ 12.791652085875752, 9.139583334199287, 0.0 ], [ 12.787146673981287, 9.135046387576464, 0.0 ], [ 12.787853325271932, 9.122575548118867, 0.0 ], [ 12.791652085875546, 9.118750000308001, 0.0 ], [ 12.787853325271856, 9.114924452497432, 0.0 ], [ 12.787146673981002, 9.105908882085069, 0.0 ], [ 12.783347235288586, 9.10208265528628, 0.0 ], [ 12.791313340938217, 9.094091119505329, 0.0 ], [ 12.791666666583609, 9.083333333862074, 0.0 ], [ 12.789418368663391, 9.082803684438396, 0.0 ], [ 12.773081630616202, 9.067196316352977, 0.0 ], [ 12.768585034775739, 9.066137017505453, 0.0 ], [ 12.76474829760078, 9.063029650294272, 0.0 ], [ 12.751918368744899, 9.061970350547446, 0.0 ], [ 12.748081630670544, 9.058862983336315, 0.0 ], [ 12.723982577845641, 9.05780368448889, 0.0 ], [ 12.71742519722798, 9.063446045395104, 0.0 ], [ 12.716137186395315, 9.068914795777589, 0.0 ], [ 12.704696146225309, 9.081085205914112, 0.0 ], [ 12.703637186422517, 9.085581461811669, 0.0 ], [ 12.700529479268122, 9.089418538931019, 0.0 ], [ 12.699391682196556, 9.10320197218979, 0.0 ], [ 12.694892543972836, 9.104696316278652, 0.0 ], [ 12.689748297763423, 9.100529650219908, 0.0 ], [ 12.687499999843141, 9.100000000796062, 0.0 ], [ 12.683333332885864, 9.100000000796092, 0.0 ], [ 12.679166665928355, 9.10000000079612, 0.0 ], [ 12.664242214228608, 9.100353326441736, 0.0 ], [ 12.66075778466632, 9.103813341209642, 0.0 ], [ 12.647575547297986, 9.104519992500627, 0.0 ], [ 12.639924451677544, 9.112146675126038, 0.0 ], [ 12.637499999950901, 9.112500000771393, 0.0 ], [ 12.635075547324648, 9.112146675126072, 0.0 ], [ 12.631591118661836, 9.108686659458895, 0.0 ], [ 12.626742214308928, 9.107980008167971, 0.0 ], [ 12.623257784746734, 9.104519992500794, 0.0 ], [ 12.612500000004134, 9.104166666855303, 0.0 ], [ 12.612146673459453, 9.101742215128308, 0.0 ], [ 12.600353325676226, 9.089924452548678, 0.0 ], [ 12.599646673485989, 9.080908882136477, 0.0 ], [ 12.592019991760983, 9.073257785615597, 0.0 ], [ 12.591313340470151, 9.06840888216156, 0.0 ], [ 12.587853325702763, 9.064924452598691, 0.0 ], [ 12.587142265935299, 9.060045030651009, 0.0 ], [ 12.577424451810673, 9.050353326542291, 0.0 ], [ 12.572575547457705, 9.049646674352047, 0.0 ], [ 12.569091117895475, 9.046186659584185, 0.0 ], [ 12.56007554748431, 9.045480008293168, 0.0 ], [ 12.552424451863789, 9.037853326567236, 0.0 ], [ 12.549999999237496, 9.037500000022536, 0.0 ], [ 12.549432711387789, 9.056377157377486, 0.0 ], [ 12.546400621029475, 9.060289510450126, 0.0 ], [ 12.54526604532958, 9.064710490394386, 0.0 ], [ 12.542233954071886, 9.068622843467024, 0.0 ], [ 12.541099378371987, 9.073043823411286, 0.0 ], [ 12.538067287114348, 9.076956177383298, 0.0 ], [ 12.53693271141448, 9.086285061703798, 0.0 ], [ 12.545094638144963, 9.088379584547816, 0.0 ], [ 12.546400621029697, 9.096579996866932, 0.0 ], [ 12.542128498669666, 9.102092150330103, 0.0 ], [ 12.549432711388119, 9.110289510350118, 0.0 ], [ 12.550567287088038, 9.118877157252523, 0.0 ], [ 12.553599378345778, 9.122789510325127, 0.0 ], [ 12.554733954045727, 9.127210490269379, 0.0 ], [ 12.557766045303461, 9.131122844241357, 0.0 ], [ 12.558333333211559, 9.13333333354745, 0.0 ], [ 12.557482401466748, 9.136649237736206, 0.0 ], [ 12.550850931741005, 9.138350762258916, 0.0 ], [ 12.549999999937704, 9.141666666664189, 0.0 ], [ 12.55061764181078, 9.181326802569203, 0.0 ], [ 12.554784308476961, 9.187030877004874, 0.0 ], [ 12.553549024731508, 9.202160135902496, 0.0 ], [ 12.546450975144696, 9.210339864092578, 0.0 ], [ 12.545030720967366, 9.220098198782235, 0.0 ], [ 12.531173197368766, 9.221450975203842, 0.0 ], [ 12.527160135845991, 9.224382358124826, 0.0 ], [ 12.513304816294632, 9.22573496500422, 0.0 ], [ 12.500617641816961, 9.239506530759579, 0.0 ], [ 12.499382358071426, 9.243826802569416, 0.0 ], [ 12.492284308484519, 9.252006530759491, 0.0 ], [ 12.49104902473921, 9.256326802569502, 0.0 ], [ 12.487425401421419, 9.261287434893646, 0.0 ], [ 12.491666666611914, 9.262499999997932, 0.0 ], [ 12.491666666470339, 9.266666666597981, 0.0 ], [ 12.487500000270478, 9.266666666531375, 0.0 ], [ 12.480908881586048, 9.26631334088585, 0.0 ], [ 12.471191067461191, 9.256621805849518, 0.0 ], [ 12.470833333339082, 9.254166667006229, 0.0 ], [ 12.47017211849591, 9.246732924482776, 0.0 ], [ 12.461932711573775, 9.244618395320774, 0.0 ], [ 12.463067287273693, 9.239456177058825, 0.0 ], [ 12.466099378531442, 9.235543823986189, 0.0 ], [ 12.46666666638132, 9.233333333564369, 0.0 ], [ 12.466313340735951, 9.230908881837376, 0.0 ], [ 12.4628533250691, 9.227424452274731, 0.0 ], [ 12.462499999423558, 9.225000000547684, 0.0 ], [ 12.466666666381277, 9.225000000547665, 0.0 ], [ 12.466666666381254, 9.220833333589564, 0.0 ], [ 12.464242214654458, 9.220480007944014, 0.0 ], [ 12.452424452075926, 9.208686659259989, 0.0 ], [ 12.443408880765272, 9.207980007969079, 0.0 ], [ 12.433688862402191, 9.19828609962201, 0.0 ], [ 12.432980006872924, 9.189242214954337, 0.0 ], [ 12.429519992105371, 9.185757785391695, 0.0 ], [ 12.428813340814521, 9.180908881937476, 0.0 ], [ 12.425353325147649, 9.177424452374833, 0.0 ], [ 12.424646673856698, 9.15174221502933, 0.0 ], [ 12.421186659089143, 9.148257785466518, 0.0 ], [ 12.420480006898918, 9.144120280824502, 0.0 ], [ 12.424646673856641, 9.139924452449625, 0.0 ], [ 12.425353325147446, 9.13578694690823, 0.0 ], [ 12.421186659089063, 9.131591119432931, 0.0 ], [ 12.420480006898817, 9.122575548121246, 0.0 ], [ 12.412853325173552, 9.114924452499839, 0.0 ], [ 12.412146673882646, 9.098284234627954, 0.0 ], [ 12.420480006898662, 9.089924452549628, 0.0 ], [ 12.421186659088825, 9.080908882137425, 0.0 ], [ 12.428813340814001, 9.073257785616459, 0.0 ], [ 12.429519992104805, 9.06840888216241, 0.0 ], [ 12.435043164960375, 9.06285807313982, 0.0 ], [ 12.437499999475337, 9.062500000872491, 0.0 ], [ 12.437499999475316, 9.058333333914337, 0.0 ], [ 12.437499999475275, 9.049999999998086, 0.0 ], [ 12.429166666459249, 9.04999999999812, 0.0 ], [ 12.420833332543829, 9.049999999998159, 0.0 ], [ 12.419865586479265, 9.046229383677343, 0.0 ], [ 12.414710489949339, 9.042233954831422, 0.0 ], [ 12.406122843047767, 9.041099379131223, 0.0 ], [ 12.39387715606002, 9.029733954856535, 0.0 ], [ 12.38112284310008, 9.028599379156521, 0.0 ], [ 12.377083333085052, 9.025468615182751, 0.0 ], [ 12.373043823070052, 9.028599379156555, 0.0 ], [ 12.367062547255344, 9.030134413071114, 0.0 ], [ 12.363067287482407, 9.035289510500975, 0.0 ], [ 12.36164906740769, 9.040815904728712, 0.0 ], [ 12.354749552307888, 9.042586263343827, 0.0 ], [ 12.346400620550824, 9.051956177434175, 0.0 ], [ 12.345266044850876, 9.056377157378435, 0.0 ], [ 12.329733954518412, 9.072789510426144, 0.0 ], [ 12.328315734443802, 9.078315904653877, 0.0 ], [ 12.324999999710734, 9.079166666906699, 0.0 ], [ 12.31666666669455, 9.07916666690673, 0.0 ], [ 12.301742214094357, 9.07951999255234, 0.0 ], [ 12.292024399969318, 9.089211697560472, 0.0 ], [ 12.2916666667466, 9.091666666881846, 0.0 ], [ 12.28835093111414, 9.092517429134835, 0.0 ], [ 12.287499999788784, 9.095833333839963, 0.0 ], [ 12.287499999788814, 9.104166666856836, 0.0 ], [ 12.277019076733419, 9.104797025061478, 0.0 ], [ 12.268814255938313, 9.111869642568777, 0.0 ], [ 12.252019076785309, 9.113130358078429, 0.0 ], [ 12.247980922947841, 9.116036309526997, 0.0 ], [ 12.235352409853382, 9.117297025036578, 0.0 ], [ 12.221751403173291, 9.129653592138411, 0.0 ], [ 12.220203144728039, 9.137896389505771, 0.0 ], [ 12.225497266553992, 9.145252482315099, 0.0 ], [ 12.224240959521142, 9.157577345617003, 0.0 ], [ 12.216666666002851, 9.15833333371523, 0.0 ], [ 12.216666666002862, 9.162500000673385, 0.0 ], [ 12.21249999994442, 9.162500000673399, 0.0 ], [ 12.210075547318155, 9.162853326318968, 0.0 ], [ 12.206249999507648, 9.16665208692333, 0.0 ], [ 12.202424451697055, 9.162853326318988, 0.0 ], [ 12.193408881285501, 9.162146675028058, 0.0 ], [ 12.189924451722884, 9.158686659360868, 0.0 ], [ 12.15662044924718, 9.157980008070059, 0.0 ], [ 12.15242445180019, 9.162146675028161, 0.0 ], [ 12.131620449298662, 9.162853326319169, 0.0 ], [ 12.127424451851637, 9.158686659361024, 0.0 ], [ 12.11911739702532, 9.157980008070147, 0.0 ], [ 12.108691066415291, 9.168378194397446, 0.0 ], [ 12.10833333319256, 9.170833333690712, 0.0 ], [ 12.110543822714876, 9.171400621540654, 0.0 ], [ 12.115920003180914, 9.175567288498794, 0.0 ], [ 12.123043822689217, 9.174432712798716, 0.0 ], [ 12.128420003155227, 9.170266045840547, 0.0 ], [ 12.132522413552874, 9.171840074359112, 0.0 ], [ 12.133900620991085, 9.17721049017125, 0.0 ], [ 12.136932712249008, 9.181122844143065, 0.0 ], [ 12.138350931424267, 9.186649068399023, 0.0 ], [ 12.143877156579105, 9.188067288473706, 0.0 ], [ 12.156122842668132, 9.199432712748642, 0.0 ], [ 12.16471048956997, 9.200567288448687, 0.0 ], [ 12.168622843541739, 9.203599378807391, 0.0 ], [ 12.174149067797183, 9.205017598882074, 0.0 ], [ 12.175887382668353, 9.211791484088785, 0.0 ], [ 12.185543822560613, 9.213067288423606, 0.0 ], [ 12.189456176532367, 9.216099379681685, 0.0 ], [ 12.199112616424443, 9.2173751831172, 0.0 ], [ 12.201214938189153, 9.225567288398601, 0.0 ], [ 12.214710489466905, 9.224432712698501, 0.0 ], [ 12.218622843438625, 9.221400621440448, 0.0 ], [ 12.220833332960915, 9.220833333590502, 0.0 ], [ 12.224999999918731, 9.220833333590486, 0.0 ], [ 12.245019191949449, 9.220176528123169, 0.0 ], [ 12.246450974699815, 9.210339864092269, 0.0 ], [ 12.249382358076323, 9.206326803138335, 0.0 ], [ 12.250971645391788, 9.200768196094151, 0.0 ], [ 12.260493468464757, 9.19938235880759, 0.0 ], [ 12.274193657776125, 9.186882358832566, 0.0 ], [ 12.297993469286281, 9.188117642414024, 0.0 ], [ 12.302006530240067, 9.191049024891196, 0.0 ], [ 12.304166666720949, 9.191666666682073, 0.0 ], [ 12.303240288571224, 9.194906955490358, 0.0 ], [ 12.297839864181471, 9.196450975430905, 0.0 ], [ 12.292528109348243, 9.200331116586526, 0.0 ], [ 12.291049024056987, 9.210493470096299, 0.0 ], [ 12.288117641579873, 9.214506531050288, 0.0 ], [ 12.286882357998618, 9.218826803113192, 0.0 ], [ 12.283950974622067, 9.222839864966556, 0.0 ], [ 12.282715691040814, 9.227160136130138, 0.0 ], [ 12.271450974648097, 9.239506531000348, 0.0 ], [ 12.2700220742248, 9.249323696829942, 0.0 ], [ 12.243673197327528, 9.250617642289251, 0.0 ], [ 12.238658819516617, 9.254280598969311, 0.0 ], [ 12.236882358102354, 9.260493469996545, 0.0 ], [ 12.233950974725838, 9.264506530950477, 0.0 ], [ 12.232715691144573, 9.268826803013436, 0.0 ], [ 12.229784307767996, 9.272839864866745, 0.0 ], [ 12.228240288726802, 9.278240289256937, 0.0 ], [ 12.224999999918911, 9.279166667406759, 0.0 ], [ 12.224999999918927, 9.283333333465539, 0.0 ], [ 12.224646674273451, 9.28575778609191, 0.0 ], [ 12.221186658606442, 9.289242214755207, 0.0 ], [ 12.220480007315604, 9.294091119108803, 0.0 ], [ 12.210788472279903, 9.303808933234681, 0.0 ], [ 12.205908881259916, 9.30451999300222, 0.0 ], [ 12.200358072237783, 9.310043165858389, 0.0 ], [ 12.199646674325136, 9.314924452100771, 0.0 ], [ 12.196186658658171, 9.318408881663615, 0.0 ], [ 12.19548000736733, 9.32325778601704, 0.0 ], [ 12.187853325641861, 9.330908881638669, 0.0 ], [ 12.187499999996351, 9.341666667281917, 0.0 ], [ 12.191666666055035, 9.341666667281904, 0.0 ], [ 12.192517598279551, 9.338350932548558, 0.0 ], [ 12.198043822535208, 9.336932712473676, 0.0 ], [ 12.201956176506888, 9.33390062121557, 0.0 ], [ 12.206377156450909, 9.332766045515493, 0.0 ], [ 12.210289509523266, 9.329733955156826, 0.0 ], [ 12.214710489467222, 9.328599379456749, 0.0 ], [ 12.218622843438949, 9.325567288198819, 0.0 ], [ 12.223043822483527, 9.32443271249857, 0.0 ], [ 12.228420002949477, 9.320266045540453, 0.0 ], [ 12.243877156373314, 9.321400621240469, 0.0 ], [ 12.247789509445669, 9.324432712498494, 0.0 ], [ 12.261540221770103, 9.325655958654366, 0.0 ], [ 12.266099378049882, 9.331122843842994, 0.0 ], [ 12.267233954649198, 9.335543823787244, 0.0 ], [ 12.270266045007704, 9.339456176859857, 0.0 ], [ 12.271537610837697, 9.34908057390809, 0.0 ], [ 12.276956176351813, 9.353599379406564, 0.0 ], [ 12.287499999789713, 9.354166667256649, 0.0 ], [ 12.294120448963513, 9.353811815461558, 0.0 ], [ 12.299646674118231, 9.348257785966727, 0.0 ], [ 12.300353325409054, 9.343408881613296, 0.0 ], [ 12.303813340176823, 9.339924452050457, 0.0 ], [ 12.30452151761695, 9.326712884190822, 0.0 ], [ 12.310075548010854, 9.321186659935021, 0.0 ], [ 12.314924451464506, 9.320480007744726, 0.0 ], [ 12.318408881027048, 9.317019992976892, 0.0 ], [ 12.323257785380072, 9.31631334168592, 0.0 ], [ 12.326742214043229, 9.312853326018704, 0.0 ], [ 12.329166666669455, 9.312500000373356, 0.0 ], [ 12.329733954519414, 9.327210490770149, 0.0 ], [ 12.332766044877834, 9.331122843842758, 0.0 ], [ 12.333900620578012, 9.339710490745167, 0.0 ], [ 12.336932711835695, 9.343622843817775, 0.0 ], [ 12.338067287535891, 9.357118395096371, 0.0 ], [ 12.33112284320576, 9.358900622064542, 0.0 ], [ 12.325967745776408, 9.362895880938728, 0.0 ], [ 12.324432711861792, 9.368877156753994, 0.0 ], [ 12.320631916991479, 9.373781331641659, 0.0 ], [ 12.321679009340794, 9.378452725111778, 0.0 ], [ 12.33137715619198, 9.379733955056624, 0.0 ], [ 12.336532253621364, 9.38372921482992, 0.0 ], [ 12.337499999685944, 9.387500000223358, 0.0 ], [ 12.344091118370546, 9.387853325868896, 0.0 ], [ 12.347575547933095, 9.391313341535909, 0.0 ], [ 12.360757785302271, 9.392019992826754, 0.0 ], [ 12.364242213965438, 9.395480007594799, 0.0 ], [ 12.366666666591659, 9.3958333341395, 0.0 ], [ 12.370833332650015, 9.395833334139478, 0.0 ], [ 12.371186658295555, 9.398257785866527, 0.0 ], [ 12.374646673962468, 9.401742215429351, 0.0 ], [ 12.375353325253171, 9.410757785841492, 0.0 ], [ 12.385044860288728, 9.420475599967302, 0.0 ], [ 12.389924451308598, 9.421186659734973, 0.0 ], [ 12.397575547828863, 9.428813341460918, 0.0 ], [ 12.406591118240234, 9.429519992751608, 0.0 ], [ 12.41630893236521, 9.439211527787952, 0.0 ], [ 12.417019992132857, 9.444091118808259, 0.0 ], [ 12.420480006900371, 9.447575548371068, 0.0 ], [ 12.420833332545742, 9.450000000098068, 0.0 ], [ 12.421732923489063, 9.453505453112326, 0.0 ], [ 12.436600409433293, 9.454827881000035, 0.0 ], [ 12.437499999477295, 9.458333334014242, 0.0 ], [ 12.434041849004444, 9.459220717560145, 0.0 ], [ 12.432766045568915, 9.468877157453013, 0.0 ], [ 12.429733954311365, 9.472789510525651, 0.0 ], [ 12.428599378611436, 9.477210490469909, 0.0 ], [ 12.421400621295353, 9.485289510500664, 0.0 ], [ 12.420833332545921, 9.487500000023102, 0.0 ], [ 12.420833332545945, 9.49166666698126, 0.0 ], [ 12.424999999503642, 9.49166666698124, 0.0 ], [ 12.42716013598449, 9.492284308771886, 0.0 ], [ 12.432174512896152, 9.495947266351456, 0.0 ], [ 12.433950975209791, 9.502160136479132, 0.0 ], [ 12.436882357686883, 9.506173197433263, 0.0 ], [ 12.438117641268214, 9.522993469471192, 0.0 ], [ 12.441049024644736, 9.527006531324474, 0.0 ], [ 12.442401801054148, 9.540864055230104, 0.0 ], [ 12.45216013593252, 9.542284308672015, 0.0 ], [ 12.464506530801506, 9.553549025065395, 0.0 ], [ 12.468826801964648, 9.554784308646795, 0.0 ], [ 12.472839863817548, 9.557715692023507, 0.0 ], [ 12.481326801938399, 9.558950975605001, 0.0 ], [ 12.485339863791292, 9.561882358981542, 0.0 ], [ 12.490949502864312, 9.563486227005686, 0.0 ], [ 12.492284308121121, 9.577160136329091, 0.0 ], [ 12.495215691497618, 9.58117319818237, 0.0 ], [ 12.496601527884678, 9.590695021256037, 0.0 ], [ 12.503240288154533, 9.592593044930759, 0.0 ], [ 12.505093044454053, 9.599073622547316, 0.0 ], [ 12.510493468843599, 9.60061764248781, 0.0 ], [ 12.515507845755023, 9.604280599168, 0.0 ], [ 12.517660183315062, 9.611807929190231, 0.0 ], [ 12.535493468790923, 9.613117642462877, 0.0 ], [ 12.54516754079053, 9.621698167633932, 0.0 ], [ 12.545833333183007, 9.637500000621994, 0.0 ], [ 12.548257784909715, 9.637146674976588, 0.0 ], [ 12.551742214472116, 9.633686659309372, 0.0 ], [ 12.554166666199047, 9.63333333366379, 0.0 ], [ 12.556591117925809, 9.632980008018441, 0.0 ], [ 12.564951069974805, 9.624646675001516, 0.0 ], [ 12.569091117899232, 9.625353326292387, 0.0 ] ] ] } },
{ "type": "Feature", "properties": { "Stra_Catch": "Hawal-Kilunga", "State": "Adamawa", "LGA": "Demsa", "Population": 0, "Cleard_TOR": "Cleared", "Status": "Completed", "Start_Date": "2024-01-04T00:00:00", "End_Date": "2024-03-15T00:00:00", "Micr_Catch": "Demsa-Lamurde", "Size_Ha": 149290.72328599999, "Comments": null, "OBJECTID_1": 0, "Shape_Leng": 0.0, "Shape_Area": 0.0, "parent_strategic_name": "Hawal-Kilunga", "clipped_to_state": true }, "geometry": { "type": "MultiPolygon", "coordinates": [ [ [ [ 12.071400621120633, 9.704913330485036, 0.0 ], [ 12.070266045420606, 9.697789510976387, 0.0 ], [ 12.06723395416271, 9.693877157004563, 0.0 ], [ 12.06609937846269, 9.689456177060139, 0.0 ], [ 12.061932711504722, 9.684079997493196, 0.0 ], [ 12.063067287204715, 9.676956177085284, 0.0 ], [ 12.067233954162662, 9.671579997518156, 0.0 ], [ 12.06599290592691, 9.659229703187453, 0.0 ], [ 12.062499999354753, 9.658333333615646, 0.0 ], [ 12.055908880669923, 9.658686659261221, 0.0 ], [ 12.052082654770437, 9.662486097954302, 0.0 ], [ 12.044091118090755, 9.654519993202463, 0.0 ], [ 12.039953782521318, 9.653813341012198, 0.0 ], [ 12.035757785074265, 9.657980007970362, 0.0 ], [ 12.023287115588952, 9.658686659261287, 0.0 ], [ 12.019091118141873, 9.654519993202511, 0.0 ], [ 12.014951070217132, 9.653813341012244, 0.0 ], [ 12.006591118167394, 9.662146674928515, 0.0 ], [ 12.001742214713387, 9.66285332621948, 0.0 ], [ 11.999740682469964, 9.664840834072908, 0.0 ], [ 11.99979136921479, 9.665179888197768, 0.0 ], [ 12.00007560969609, 9.66571409190329, 0.0 ], [ 12.000358004838803, 9.666280597773021, 0.0 ], [ 12.000344121766458, 9.667481645745946, 0.0 ], [ 11.999761488885587, 9.66842672821295, 0.0 ], [ 11.99682374559131, 9.667855875667481, 0.0 ], [ 11.994901437172643, 9.667385174445164, 0.0 ], [ 11.993738340282372, 9.667114265861612, 0.0 ], [ 11.992519280020055, 9.667149762971347, 0.0 ], [ 11.992116576037837, 9.668418248278739, 0.0 ], [ 11.990502716346013, 9.669049443003296, 0.0 ], [ 11.98944452404441, 9.667974687399177, 0.0 ], [ 11.989162689436453, 9.667711441463215, 0.0 ], [ 11.988893562166346, 9.667437497853813, 0.0 ], [ 11.98861172842601, 9.667174251193673, 0.0 ], [ 11.988340208142322, 9.666629335646507, 0.0 ], [ 11.988255616606095, 9.666550135726739, 0.0 ], [ 11.9833333334493, 9.666666667532047, 0.0 ], [ 11.983488265432024, 9.666062960500788, 0.0 ], [ 11.983281451628306, 9.666280572004387, 0.0 ], [ 11.982241588640422, 9.665224680062552, 0.0 ], [ 11.981503542573728, 9.665610052329615, 0.0 ], [ 11.979227753543793, 9.665945246851226, 0.0 ], [ 11.97769225268946, 9.666998075578858, 0.0 ], [ 11.975959114644413, 9.667293615162551, 0.0 ], [ 11.97491041552561, 9.667281375536477, 0.0 ], [ 11.974646673888008, 9.669091119259281, 0.0 ], [ 11.969120448733076, 9.674645148754117, 0.0 ], [ 11.968836251016373, 9.674660382556322, 0.0 ], [ 11.968307853654849, 9.67544789620149, 0.0 ], [ 11.967384498472693, 9.675753869389279, 0.0 ], [ 11.966649775677178, 9.676887610190397, 0.0 ], [ 11.96589216641024, 9.676508304838508, 0.0 ], [ 11.965173188248533, 9.676883962129386, 0.0 ], [ 11.964430028979166, 9.677665265715762, 0.0 ], [ 11.963975914322088, 9.677951300119469, 0.0 ], [ 11.962760100748755, 9.677148804930031, 0.0 ], [ 11.961112768505986, 9.676897316806855, 0.0 ], [ 11.960841495347983, 9.676621248746592, 0.0 ], [ 11.959987632873302, 9.677067398106329, 0.0 ], [ 11.958459560037133, 9.676058505449024, 0.0 ], [ 11.957805348623678, 9.676399716225765, 0.0 ], [ 11.956722355606837, 9.676387345490426, 0.0 ], [ 11.956193819131594, 9.675850428480423, 0.0 ], [ 11.955596157843022, 9.675663858029349, 0.0 ], [ 11.952424451311446, 9.678813340962419, 0.0 ], [ 11.94973467362343, 9.679205334185761, 0.0 ], [ 11.948916634386091, 9.679765791988729, 0.0 ], [ 11.948453546737692, 9.681226403010243, 0.0 ], [ 11.947659130284826, 9.680419696929137, 0.0 ], [ 11.947459298086422, 9.679635428381674, 0.0 ], [ 11.944091118294724, 9.682980007920534, 0.0 ], [ 11.937556934584929, 9.683246156679351, 0.0 ], [ 11.937380237532309, 9.683329041779539, 0.0 ], [ 11.93724042317676, 9.68325904874394, 0.0 ], [ 11.935147182813203, 9.683344310094006, 0.0 ], [ 11.93447445964938, 9.683757244963369, 0.0 ], [ 11.934145430197137, 9.684446039855899, 0.0 ], [ 11.933136365546035, 9.684720382165489, 0.0 ], [ 11.932766212300116, 9.683623120186009, 0.0 ], [ 11.931657950149889, 9.683654825997243, 0.0 ], [ 11.930879791898207, 9.684472903749048, 0.0 ], [ 11.928405938762443, 9.684760806424471, 0.0 ], [ 11.928136337296136, 9.685045229941929, 0.0 ], [ 11.927562267113233, 9.685038485830857, 0.0 ], [ 11.926767874396882, 9.684231719329816, 0.0 ], [ 11.92603908675974, 9.68438626731942, 0.0 ], [ 11.921599871727352, 9.68880326441182, 0.0 ], [ 11.921626708953614, 9.689702050128023, 0.0 ], [ 11.921176875575929, 9.689999825424174, 0.0 ], [ 11.921156763189016, 9.691561009912222, 0.0 ], [ 11.921288565355049, 9.692052956615916, 0.0 ], [ 11.921146837484583, 9.692331473202241, 0.0 ], [ 11.921131199751253, 9.693545321504201, 0.0 ], [ 11.921391086164485, 9.694034881251007, 0.0 ], [ 11.921920068140111, 9.695608775896241, 0.0 ], [ 11.921131630544661, 9.697586124539155, 0.0 ], [ 11.921155698585942, 9.698393648326975, 0.0 ], [ 11.921066481022548, 9.69856898556613, 0.0 ], [ 11.920869185592345, 9.713883655401757, 0.0 ], [ 11.921016337349302, 9.71456105182509, 0.0 ], [ 11.920859790485977, 9.714612932060422, 0.0 ], [ 11.920833332677347, 9.716666667432397, 0.0 ], [ 11.935543823073612, 9.717233955282325, 0.0 ], [ 11.93945617614609, 9.720266045641036, 0.0 ], [ 11.948043823048183, 9.721400621341083, 0.0 ], [ 11.953420002615108, 9.725567288299173, 0.0 ], [ 11.956377156064748, 9.724432712599107, 0.0 ], [ 11.969845242047535, 9.711932712624106, 0.0 ], [ 11.989710489929665, 9.713067288324082, 0.0 ], [ 11.997789509960121, 9.72026604564093, 0.0 ], [ 12.003315734215848, 9.721684265715794, 0.0 ], [ 12.00506625648444, 9.728505452564029, 0.0 ], [ 12.012499999456987, 9.729166667407108, 0.0 ], [ 12.016052415068415, 9.730078294876794, 0.0 ], [ 12.017280917761626, 9.757421705946369, 0.0 ], [ 12.023043822895286, 9.758900621265937, 0.0 ], [ 12.026956176867117, 9.761932712524025, 0.0 ], [ 12.031377155911972, 9.763067288224081, 0.0 ], [ 12.035289509883635, 9.766099379482164, 0.0 ], [ 12.04804382284436, 9.767233955182148, 0.0 ], [ 12.060289509832522, 9.778599379457091, 0.0 ], [ 12.074999999329462, 9.779166667307175, 0.0 ], [ 12.077424451955718, 9.778813341661662, 0.0 ], [ 12.080908880618823, 9.775353325994393, 0.0 ], [ 12.116666666210488, 9.775000000348983, 0.0 ], [ 12.116099378360385, 9.768622843868387, 0.0 ], [ 12.112968783459543, 9.764583333852833, 0.0 ], [ 12.116204833762849, 9.760407850840847, 0.0 ], [ 12.108900621043906, 9.752210489921426, 0.0 ], [ 12.107766045343888, 9.747789510876324, 0.0 ], [ 12.100567287128051, 9.739710489946411, 0.0 ], [ 12.099032253213579, 9.733729215030538, 0.0 ], [ 12.09387715668319, 9.729733955257055, 0.0 ], [ 12.07182379800887, 9.728547499466774, 0.0 ], [ 12.066099378462766, 9.72168341765483, 0.0 ], [ 12.067233954162747, 9.710289510951368, 0.0 ], [ 12.071400621120633, 9.704913330485036, 0.0 ] ] ], [ [ [ 12.003599378590376, 9.643877157104443, 0.0 ], [ 12.00376233734206, 9.642643716075188, 0.0 ], [ 12.003411726918145, 9.642639796343921, 0.0 ], [ 12.002889744993398, 9.644286689132066, 0.0 ], [ 12.002050506055813, 9.644559702957185, 0.0 ], [ 12.001248575525615, 9.643745257706625, 0.0 ], [ 12.00097589813055, 9.64403238530306, 0.0 ], [ 11.999879591965291, 9.64430763446974, 0.0 ], [ 11.999615371131345, 9.64458621934647, 0.0 ], [ 11.998344012884397, 9.64521178335105, 0.0 ], [ 11.997729201855153, 9.646497459477281, 0.0 ], [ 11.996608405358911, 9.646779266556907, 0.0 ], [ 11.996657160929299, 9.648432836087764, 0.0 ], [ 11.997793011822088, 9.649497056818355, 0.0 ], [ 11.999604118817009, 9.649032254534299, 0.0 ], [ 12.003599378590376, 9.643877157104443, 0.0 ] ] ], [ [ [ 12.008641967945596, 9.627964043882566, 0.0 ], [ 12.008175751386695, 9.627958525188248, 0.0 ], [ 12.006868121548967, 9.630984142614381, 0.0 ], [ 12.007749028714029, 9.631399114207282, 0.0 ], [ 12.007766045548271, 9.631377157129453, 0.0 ], [ 12.008641967945596, 9.627964043882566, 0.0 ] ] ], [ [ [ 12.009543569228528, 9.626069792098738, 0.0 ], [ 12.009545236743502, 9.626124440586866, 0.0 ], [ 12.009614706931458, 9.626034804364583, 0.0 ], [ 12.009543569228528, 9.626069792098738, 0.0 ] ] ], [ [ [ 12.011164599308868, 9.622784745511817, 0.0 ], [ 12.010898949664019, 9.623621725960534, 0.0 ], [ 12.01035361486402, 9.624434153121511, 0.0 ], [ 12.010194238144958, 9.625287044927033, 0.0 ], [ 12.012125014818771, 9.622795796058952, 0.0 ], [ 12.011164599308868, 9.622784745511817, 0.0 ] ] ], [ [ [ 12.033900621196883, 9.485289510501854, 0.0 ], [ 12.036932711555449, 9.481377157429225, 0.0 ], [ 12.037499999405536, 9.47916666700741, 0.0 ], [ 12.041666666363271, 9.479166667007403, 0.0 ], [ 12.045437452655912, 9.480134413072037, 0.0 ], [ 12.049432711529905, 9.485289510501824, 0.0 ], [ 12.050850931604545, 9.49081573565698, 0.0 ], [ 12.057482401071098, 9.492517599207153, 0.0 ], [ 12.058900621145741, 9.498043823462933, 0.0 ], [ 12.066099378462276, 9.506122843493699, 0.0 ], [ 12.067517598536917, 9.511649068648859, 0.0 ], [ 12.070833333270274, 9.512500000873604, 0.0 ], [ 12.074149068003289, 9.511649068648849, 0.0 ], [ 12.075919765662777, 9.504749552649098, 0.0 ], [ 12.085289509780656, 9.496400621790558, 0.0 ], [ 12.091270785595604, 9.494865587875839, 0.0 ], [ 12.095266045368875, 9.489710490445981, 0.0 ], [ 12.095833333218776, 9.483333333965442, 0.0 ], [ 12.097201198453646, 9.478549025216626, 0.0 ], [ 12.114660135732803, 9.479784308797953, 0.0 ], [ 12.122839863644453, 9.48688235823345, 0.0 ], [ 12.127160135707173, 9.488117642714181, 0.0 ], [ 12.13117319666088, 9.491049025191527, 0.0 ], [ 12.135493468723597, 9.492284308772883, 0.0 ], [ 12.139506530576677, 9.495215692149657, 0.0 ], [ 12.14382680263939, 9.496450975731012, 0.0 ], [ 12.14783986359309, 9.499382358208361, 0.0 ], [ 12.156326802613654, 9.500617642689081, 0.0 ], [ 12.162030876796983, 9.504784308748018, 0.0 ], [ 12.170045810238943, 9.503327434012853, 0.0 ], [ 12.171781920871835, 9.491399299437127, 0.0 ], [ 12.177006530499517, 9.495215692149564, 0.0 ], [ 12.187499999996801, 9.495833333940189, 0.0 ], [ 12.189748297917291, 9.495303853588881, 0.0 ], [ 12.197751702050711, 9.488029480375213, 0.0 ], [ 12.203220451533454, 9.486741468642725, 0.0 ], [ 12.207803852636248, 9.481414964927634, 0.0 ], [ 12.208862813338602, 9.476918369086365, 0.0 ], [ 12.213029479397266, 9.471774122876393, 0.0 ], [ 12.211843023606987, 9.463533528848229, 0.0 ], [ 12.206414963950106, 9.458862813467023, 0.0 ], [ 12.196757676896565, 9.457682292302852, 0.0 ], [ 12.195351325174832, 9.453167386264886, 0.0 ], [ 12.199470519619807, 9.448081631960772, 0.0 ], [ 12.200529479422956, 9.443585036119504, 0.0 ], [ 12.203637186577668, 9.439748298044497, 0.0 ], [ 12.204696146380577, 9.431085036144465, 0.0 ], [ 12.211970519593955, 9.423081632010723, 0.0 ], [ 12.213029479397086, 9.414418369211305, 0.0 ], [ 12.220303852610231, 9.406414965077568, 0.0 ], [ 12.221362813312524, 9.401918369236245, 0.0 ], [ 12.224470519568021, 9.398081631161297, 0.0 ], [ 12.224999999919282, 9.395833334139988, 0.0 ], [ 12.22464667427379, 9.393408881513619, 0.0 ], [ 12.221186658606756, 9.389924452850169, 0.0 ], [ 12.220479159255172, 9.368382772445864, 0.0 ], [ 12.202424451697619, 9.350353325944146, 0.0 ], [ 12.197543165455553, 9.349641927132302, 0.0 ], [ 12.192019991700358, 9.344091119008958, 0.0 ], [ 12.191666666055035, 9.341666667281904, 0.0 ], [ 12.187499999996351, 9.341666667281917, 0.0 ], [ 12.187853325641861, 9.330908881638669, 0.0 ], [ 12.19548000736733, 9.32325778601704, 0.0 ], [ 12.196186658658171, 9.318408881663615, 0.0 ], [ 12.199646674325136, 9.314924452100771, 0.0 ], [ 12.200358072237783, 9.310043165858389, 0.0 ], [ 12.205908881259916, 9.30451999300222, 0.0 ], [ 12.210788472279903, 9.303808933234681, 0.0 ], [ 12.220480007315604, 9.294091119108803, 0.0 ], [ 12.221186658606442, 9.289242214755207, 0.0 ], [ 12.224646674273451, 9.28575778609191, 0.0 ], [ 12.224999999918927, 9.283333333465539, 0.0 ], [ 12.224999999918911, 9.279166667406759, 0.0 ], [ 12.220833332961098, 9.279166667406772, 0.0 ], [ 12.206122843464604, 9.278599379556697, 0.0 ], [ 12.189710489518591, 9.263067288323674, 0.0 ], [ 12.184184264363774, 9.261649068248992, 0.0 ], [ 12.182766045188355, 9.256122843992978, 0.0 ], [ 12.17818756067922, 9.250632732013951, 0.0 ], [ 12.160289509626114, 9.249432712648655, 0.0 ], [ 12.156377156553724, 9.246400621390631, 0.0 ], [ 12.147789509651821, 9.245266045690586, 0.0 ], [ 12.14263441222232, 9.241270785917111, 0.0 ], [ 12.141099378307628, 9.235289510102023, 0.0 ], [ 12.137104118534362, 9.230134413571562, 0.0 ], [ 12.130017598408145, 9.228315735282015, 0.0 ], [ 12.128599378333346, 9.222789510127024, 0.0 ], [ 12.124080572835096, 9.217370944612531, 0.0 ], [ 12.114456176686767, 9.216099379681877, 0.0 ], [ 12.109037611172553, 9.211580573284023, 0.0 ], [ 12.107766045342547, 9.201956177134987, 0.0 ], [ 12.104733954084612, 9.198043824062374, 0.0 ], [ 12.103599378384638, 9.185289510201864, 0.0 ], [ 12.100567287126699, 9.181377157129253, 0.0 ], [ 12.099999999276777, 9.179166666707436, 0.0 ], [ 12.092566256304202, 9.179827881550715, 0.0 ], [ 12.091099378410277, 9.185543824087429, 0.0 ], [ 12.083900621093862, 9.193622844118162, 0.0 ], [ 12.082766045393889, 9.206377157079297, 0.0 ], [ 12.079733954135961, 9.210289510152153, 0.0 ], [ 12.078599378435962, 9.213246663601915, 0.0 ], [ 12.082864549036815, 9.218750000111566, 0.0 ], [ 12.079733954135989, 9.22278951012713, 0.0 ], [ 12.078599378436005, 9.231377157029545, 0.0 ], [ 12.075567287178135, 9.235289510102172, 0.0 ], [ 12.074432711478146, 9.242413330510029, 0.0 ], [ 12.078599378436044, 9.247789510976352, 0.0 ], [ 12.079733954136053, 9.25093722896928, 0.0 ], [ 12.071400621119626, 9.260289510951397, 0.0 ], [ 12.070266045419661, 9.279913330435086, 0.0 ], [ 12.07443271147824, 9.285289510901571, 0.0 ], [ 12.075567287178258, 9.289710489946447, 0.0 ], [ 12.078599378436145, 9.293622843918271, 0.0 ], [ 12.079733954136184, 9.307118395197094, 0.0 ], [ 12.074999999328384, 9.308333333415925, 0.0 ], [ 12.074641927061075, 9.305876498900536, 0.0 ], [ 12.069091118038781, 9.300353326044393, 0.0 ], [ 12.064242214584807, 9.299646674753506, 0.0 ], [ 12.060757785022309, 9.29618665908631, 0.0 ], [ 12.055908880669126, 9.295480007795422, 0.0 ], [ 12.052424452005832, 9.292019993027546, 0.0 ], [ 12.039242214635996, 9.291313341736673, 0.0 ], [ 12.031591118115353, 9.283686659111336, 0.0 ], [ 12.024999999430509, 9.283333333466013, 0.0 ], [ 12.024999999430502, 9.279166667407234, 0.0 ], [ 12.022789509908161, 9.27859937955712, 0.0 ], [ 12.014710489877798, 9.271400621340945, 0.0 ], [ 12.010289509933683, 9.270266045640884, 0.0 ], [ 12.006377155961912, 9.26723395528218, 0.0 ], [ 11.997789509959253, 9.26609937958219, 0.0 ], [ 11.993877155987589, 9.263067288324105, 0.0 ], [ 11.98112284302683, 9.261932712624063, 0.0 ], [ 11.97721048995437, 9.258900621365976, 0.0 ], [ 11.972789510010296, 9.257766045665976, 0.0 ], [ 11.967370944496182, 9.25324724016744, 0.0 ], [ 11.966099378666165, 9.243622844018459, 0.0 ], [ 11.962104118892773, 9.238467746588618, 0.0 ], [ 11.954827880485411, 9.236600410480138, 0.0 ], [ 11.953505452597669, 9.221732924534299, 0.0 ], [ 11.949999999583538, 9.220833333591088, 0.0 ], [ 11.946541680037921, 9.221720717136922, 0.0 ], [ 11.945266044775696, 9.231377157029787, 0.0 ], [ 11.942233954417109, 9.235289510102414, 0.0 ], [ 11.941099378716935, 9.243877157004599, 0.0 ], [ 11.938067287459194, 9.247789510976599, 0.0 ], [ 11.936932711759219, 9.275746663477221, 0.0 ], [ 11.941099378716993, 9.281122843943709, 0.0 ], [ 11.942233954417212, 9.298043823862944, 0.0 ], [ 11.945266044775813, 9.301956176935558, 0.0 ], [ 11.946400620475847, 9.310543823837973, 0.0 ], [ 11.953599378691766, 9.318622843868743, 0.0 ], [ 11.954733954391806, 9.329913330335371, 0.0 ], [ 11.950567287433824, 9.335289510801877, 0.0 ], [ 11.949432711733891, 9.352210490721111, 0.0 ], [ 11.946400620475924, 9.356122843793738, 0.0 ], [ 11.945266044775913, 9.360543823738052, 0.0 ], [ 11.942233954417322, 9.364456176810682, 0.0 ], [ 11.941666666567244, 9.375000000249377, 0.0 ], [ 11.937499999609308, 9.375000000249381, 0.0 ], [ 11.936649237356521, 9.371684265516034, 0.0 ], [ 11.933333332651301, 9.370833334190609, 0.0 ], [ 11.931122843128946, 9.370266046340495, 0.0 ], [ 11.923043823098519, 9.363067288124485, 0.0 ], [ 11.918622843154424, 9.361932712424256, 0.0 ], [ 11.908951822553659, 9.353160773750339, 0.0 ], [ 11.907709757184545, 9.330075921466232, 0.0 ], [ 11.901956176221789, 9.328599379457394, 0.0 ], [ 11.898043823149303, 9.325567288199476, 0.0 ], [ 11.893622843205202, 9.324432712499247, 0.0 ], [ 11.888467745775582, 9.320437452725935, 0.0 ], [ 11.886932711860863, 9.31445617691068, 0.0 ], [ 11.8839006206031, 9.310543823838064, 0.0 ], [ 11.883333332752999, 9.308333333416247, 0.0 ], [ 11.879875013207362, 9.309220716962082, 0.0 ], [ 11.87859937884428, 9.318877156854949, 0.0 ], [ 11.875825417434418, 9.322456441915149, 0.0 ], [ 11.875877220009874, 9.322505086875982, 0.0 ], [ 11.876225864897421, 9.324209388966461, 0.0 ], [ 11.876789007845204, 9.325554649659713, 0.0 ], [ 11.876784856837174, 9.325828351882878, 0.0 ], [ 11.8768381981341, 9.327654140171758, 0.0 ], [ 11.874707453196992, 9.328188273551428, 0.0 ], [ 11.874432711886337, 9.32991333033549, 0.0 ], [ 11.878599378844303, 9.33528951080198, 0.0 ], [ 11.878882016549747, 9.338102119240256, 0.0 ], [ 11.879351405078125, 9.338542923987568, 0.0 ], [ 11.879654874627315, 9.339153437163198, 0.0 ], [ 11.879635860169802, 9.340730488269436, 0.0 ], [ 11.879189601044891, 9.341162980299694, 0.0 ], [ 11.87950962087729, 9.344347588947741, 0.0 ], [ 11.879741080455902, 9.344582682741271, 0.0 ], [ 11.879581189277607, 9.34505978651646, 0.0 ], [ 11.879733954544514, 9.346579997268615, 0.0 ], [ 11.879421416845439, 9.34698325935044, 0.0 ], [ 11.879448939236084, 9.347942640265877, 0.0 ], [ 11.880273071367167, 9.349129078654988, 0.0 ], [ 11.881467291225494, 9.349692653502288, 0.0 ], [ 11.881080228194991, 9.350453806650242, 0.0 ], [ 11.880723951644732, 9.351199889530584, 0.0 ], [ 11.881370641957625, 9.351806549743008, 0.0 ], [ 11.881639689797069, 9.352117731324524, 0.0 ], [ 11.881107006833361, 9.353705833860774, 0.0 ], [ 11.880794282571324, 9.354692411545324, 0.0 ], [ 11.879793142273014, 9.355184357623791, 0.0 ], [ 11.879498659519006, 9.356444984478518, 0.0 ], [ 11.881158411235491, 9.357228680673234, 0.0 ], [ 11.881145003507836, 9.358318164836597, 0.0 ], [ 11.881426455598129, 9.358581603420999, 0.0 ], [ 11.881846769116464, 9.359009066945394, 0.0 ], [ 11.880885491156075, 9.359941102269881, 0.0 ], [ 11.880621294383035, 9.360219564049048, 0.0 ], [ 11.87980071380535, 9.36076298005286, 0.0 ], [ 11.879403350623864, 9.36118067988663, 0.0 ], [ 11.878851328376594, 9.361716620374695, 0.0 ], [ 11.878320797281532, 9.36227355805854, 0.0 ], [ 11.877906245424647, 9.362675516809501, 0.0 ], [ 11.877508877846459, 9.363093215810121, 0.0 ], [ 11.876956849657706, 9.363629155072246, 0.0 ], [ 11.876464358216049, 9.364146082625039, 0.0 ], [ 11.876896403308598, 9.364961989787204, 0.0 ], [ 11.876560358608639, 9.365966227314134, 0.0 ], [ 11.875193623000399, 9.365949269178317, 0.0 ], [ 11.875217552037899, 9.366784372425496, 0.0 ], [ 11.875772959758212, 9.367305496470053, 0.0 ], [ 11.875762472295129, 9.368103295250465, 0.0 ], [ 11.876053850777209, 9.368924049625415, 0.0 ], [ 11.876322110637082, 9.369724318366696, 0.0 ], [ 11.87656560783525, 9.369997588885896, 0.0 ], [ 11.877596124442473, 9.370320087652637, 0.0 ], [ 11.877986328155984, 9.371101923370421, 0.0 ], [ 11.878548198716578, 9.371629869314321, 0.0 ], [ 11.879349647493848, 9.371607470352009, 0.0 ], [ 11.879619475094705, 9.371881589918949, 0.0 ], [ 11.880175967231269, 9.372403223201308, 0.0 ], [ 11.880159476074724, 9.37376375224861, 0.0 ], [ 11.880735229911227, 9.374035379512298, 0.0 ], [ 11.880962968834174, 9.374932631803546, 0.0 ], [ 11.882766044903171, 9.376956176785743, 0.0 ], [ 11.883644392284733, 9.383605184496689, 0.0 ], [ 11.883957221653976, 9.38389870152135, 0.0 ], [ 11.884361452241404, 9.384309872752223, 0.0 ], [ 11.884937227207324, 9.384581486812912, 0.0 ], [ 11.885729102552739, 9.384558614414344, 0.0 ], [ 11.886273103120823, 9.385112620364213, 0.0 ], [ 11.886835002517392, 9.385639482603432, 0.0 ], [ 11.887107002573329, 9.385916219684681, 0.0 ], [ 11.887642821356641, 9.385353396439827, 0.0 ], [ 11.888166396609483, 9.38588639219493, 0.0 ], [ 11.889049484995441, 9.386450325544645, 0.0 ], [ 11.890113139530021, 9.386419926653797, 0.0 ], [ 11.8909564623759, 9.386430497914528, 0.0 ], [ 11.890933597639316, 9.388300813138834, 0.0 ], [ 11.891332149875502, 9.389053967229742, 0.0 ], [ 11.891063246163929, 9.38931483771777, 0.0 ], [ 11.892233954519186, 9.39387715670502, 0.0 ], [ 11.895364718492642, 9.397916666720404, 0.0 ], [ 11.892264460947173, 9.401916816300375, 0.0 ], [ 11.892702911014615, 9.402123565216344, 0.0 ], [ 11.892984031900612, 9.403494872938898, 0.0 ], [ 11.893730793140415, 9.40419593445373, 0.0 ], [ 11.892927053063923, 9.404591583560935, 0.0 ], [ 11.893407911720399, 9.406392126339462, 0.0 ], [ 11.895470237474177, 9.40670815048726, 0.0 ], [ 11.896016458450967, 9.407522009051307, 0.0 ], [ 11.896297969306813, 9.407785419808629, 0.0 ], [ 11.89660156139009, 9.408395889293873, 0.0 ], [ 11.896581553476004, 9.410089375618618, 0.0 ], [ 11.896596434120267, 9.410595820598681, 0.0 ], [ 11.897967829125106, 9.411025481339259, 0.0 ], [ 11.897959626674748, 9.411704147232625, 0.0 ], [ 11.897982394951372, 9.412517007669413, 0.0 ], [ 11.897978695554098, 9.412824373115381, 0.0 ], [ 11.899432711835781, 9.414456177610139, 0.0 ], [ 11.899796318189777, 9.415403879431262, 0.0 ], [ 11.900457067829073, 9.415610683200615, 0.0 ], [ 11.901015920677565, 9.415890861157724, 0.0 ], [ 11.900995401455367, 9.417519238377194, 0.0 ], [ 11.900489881006004, 9.417513206507339, 0.0 ], [ 11.898583053329798, 9.419973554264633, 0.0 ], [ 11.898594923768904, 9.420382012897999, 0.0 ], [ 11.898064244615657, 9.420642964443763, 0.0 ], [ 11.896686618362342, 9.422420492484198, 0.0 ], [ 11.896698401639686, 9.422826172869833, 0.0 ], [ 11.896688520551882, 9.423686412975808, 0.0 ], [ 11.897800222490929, 9.424035090263915, 0.0 ], [ 11.897236848511181, 9.424875535960076, 0.0 ], [ 11.897278962661938, 9.426344603121569, 0.0 ], [ 11.89727026351148, 9.427090497729653, 0.0 ], [ 11.896746499634824, 9.429738802422387, 0.0 ], [ 11.89730202420146, 9.430000480214149, 0.0 ], [ 11.897293194787334, 9.430730496073107, 0.0 ], [ 11.89593434455807, 9.430281167769866, 0.0 ], [ 11.895686098301285, 9.432600610456756, 0.0 ], [ 11.896508156934013, 9.432988191745588, 0.0 ], [ 11.896788810563105, 9.43327330569854, 0.0 ], [ 11.896778047919293, 9.434154725375125, 0.0 ], [ 11.895290532741409, 9.435268543694228, 0.0 ], [ 11.89526604487763, 9.43554382358816, 0.0 ], [ 11.894553345890445, 9.43646343032272, 0.0 ], [ 11.894365541351487, 9.437889417353441, 0.0 ], [ 11.893551632565964, 9.439245905662526, 0.0 ], [ 11.89357543408412, 9.440053466470204, 0.0 ], [ 11.893287754384087, 9.440332144026016, 0.0 ], [ 11.893031776329833, 9.441981524537278, 0.0 ], [ 11.89140364507902, 9.444149297079449, 0.0 ], [ 11.891431800906936, 9.445095507297612, 0.0 ], [ 11.890601424670763, 9.445503572078859, 0.0 ], [ 11.890257704984876, 9.446222584719282, 0.0 ], [ 11.887608191910731, 9.446612258512245, 0.0 ], [ 11.886853520010757, 9.44740557795418, 0.0 ], [ 11.886366630290663, 9.447706534678018, 0.0 ], [ 11.88434162178177, 9.446910113850279, 0.0 ], [ 11.883953744228069, 9.446856533832364, 0.0 ], [ 11.883873312669641, 9.448264999413221, 0.0 ], [ 11.884751766548142, 9.448275601430998, 0.0 ], [ 11.885177844316928, 9.449761114404133, 0.0 ], [ 11.884357007010777, 9.450164857082127, 0.0 ], [ 11.884376511901138, 9.450842243180478, 0.0 ], [ 11.884368500417182, 9.451544204493596, 0.0 ], [ 11.883828012687873, 9.452067920465995, 0.0 ], [ 11.884659718090479, 9.452327871169725, 0.0 ], [ 11.884940385343585, 9.452612992559416, 0.0 ], [ 11.884933082534296, 9.453143973945741, 0.0 ], [ 11.885214635259887, 9.453407384425665, 0.0 ], [ 11.885551416756279, 9.454411935838124, 0.0 ], [ 11.884910040013782, 9.455367889732592, 0.0 ], [ 11.884375898370955, 9.455885733413655, 0.0 ], [ 11.883411008262799, 9.456360576045489, 0.0 ], [ 11.88285241008812, 9.466142387040255, 0.0 ], [ 11.882886010175948, 9.466205686198055, 0.0 ], [ 11.882866830577809, 9.467763349663198, 0.0 ], [ 11.884142170663257, 9.469137460768577, 0.0 ], [ 11.88425398059014, 9.469134347665454, 0.0 ], [ 11.884272605511249, 9.469277997379322, 0.0 ], [ 11.895266044877697, 9.48112284354398, 0.0 ], [ 11.895833333023385, 9.483333333649407, 0.0 ], [ 11.89227430554137, 9.484246656629312, 0.0 ], [ 11.891666666652537, 9.499999999999558, 0.0 ], [ 11.888350762247381, 9.500850931802992, 0.0 ], [ 11.886649237724717, 9.507482401529579, 0.0 ], [ 11.881122843410665, 9.508900621201775, 0.0 ], [ 11.877258343297454, 9.511895625536525, 0.0 ], [ 11.877863984963168, 9.512344091206295, 0.0 ], [ 11.878344778689188, 9.512833464532568, 0.0 ], [ 11.88040571012001, 9.512774640321085, 0.0 ], [ 11.880784069297656, 9.511983868887519, 0.0 ], [ 11.881346418897177, 9.510878742706183, 0.0 ], [ 11.883177661452505, 9.510900672592964, 0.0 ], [ 11.88449712167467, 9.510553644241687, 0.0 ], [ 11.88493243048481, 9.511849554390603, 0.0 ], [ 11.886239709769882, 9.512465472127024, 0.0 ], [ 11.886659196485349, 9.512891818363917, 0.0 ], [ 11.88738367729645, 9.513571307564687, 0.0 ], [ 11.88844238905568, 9.513540841373239, 0.0 ], [ 11.88979659706709, 9.514917528779849, 0.0 ], [ 11.891200432842698, 9.516233982161502, 0.0 ], [ 11.891469348116967, 9.516508063059511, 0.0 ], [ 11.892296949300555, 9.516766923492574, 0.0 ], [ 11.892849563523376, 9.517043943139821, 0.0 ], [ 11.89340077995433, 9.51702825459912, 0.0 ], [ 11.893935375503229, 9.517571673653455, 0.0 ], [ 11.894217000474134, 9.517835058338688, 0.0 ], [ 11.894621444588308, 9.518246164651066, 0.0 ], [ 11.895042817789029, 9.518641249971488, 0.0 ], [ 11.895314021033657, 9.519186322692089, 0.0 ], [ 11.895981557373585, 9.519812265337285, 0.0 ], [ 11.89641849592091, 9.522342076255706, 0.0 ], [ 11.898076888497377, 9.520671989221032, 0.0 ], [ 11.898048470793402, 9.519702989743175, 0.0 ], [ 11.898052422452112, 9.519412886337406, 0.0 ], [ 11.898615167020308, 9.518867238561201, 0.0 ], [ 11.898571313558733, 9.517334677212167, 0.0 ], [ 11.896647720132499, 9.516732405920184, 0.0 ], [ 11.896664077196302, 9.515405236780015, 0.0 ], [ 11.896186659056939, 9.514924452039459, 0.0 ], [ 11.895833333319015, 9.512499999999603, 0.0 ], [ 11.898257785358963, 9.512853325737355, 0.0 ], [ 11.898296646450698, 9.512891914544291, 0.0 ], [ 11.898541456294627, 9.51265516063515, 0.0 ], [ 11.898532751869986, 9.512381571441008, 0.0 ], [ 11.898542398589663, 9.511628261346225, 0.0 ], [ 11.89989495173128, 9.51128884316655, 0.0 ], [ 11.900464045847265, 9.510991926113297, 0.0 ], [ 11.901686274843236, 9.511006114745832, 0.0 ], [ 11.903072880285105, 9.511922487335818, 0.0 ], [ 11.904222928291755, 9.510713471629149, 0.0 ], [ 11.906191043018787, 9.510152416462443, 0.0 ], [ 11.906983799784483, 9.510958852498579, 0.0 ], [ 11.907811386914036, 9.511217676638887, 0.0 ], [ 11.908658352507551, 9.511498039589698, 0.0 ], [ 11.909176815722272, 9.512024627037267, 0.0 ], [ 11.909678810895249, 9.512495242035797, 0.0 ], [ 11.911297100966067, 9.51193019249313, 0.0 ], [ 11.91191668585774, 9.512560206069841, 0.0 ], [ 11.91314276204389, 9.512525623438497, 0.0 ], [ 11.913565100452537, 9.51253056628372, 0.0 ], [ 11.914095706613107, 9.511972467914926, 0.0 ], [ 11.915294466234542, 9.511986803503659, 0.0 ], [ 11.916156315857547, 9.513267431684522, 0.0 ], [ 11.917648006130774, 9.51248851058811, 0.0 ], [ 11.91804493030137, 9.512891706612182, 0.0 ], [ 11.920033901419568, 9.51328369800077, 0.0 ], [ 11.921463165820906, 9.512187695937749, 0.0 ], [ 11.921890636396233, 9.511918401203726, 0.0 ], [ 11.92310568783782, 9.512721251948332, 0.0 ], [ 11.924437388255923, 9.513571815667976, 0.0 ], [ 11.924748122806639, 9.513244212023297, 0.0 ], [ 11.925298217004983, 9.512973885568558, 0.0 ], [ 11.925560141240211, 9.512424378989778, 0.0 ], [ 11.925837255912024, 9.512156340817162, 0.0 ], [ 11.926359382091807, 9.511607299159248, 0.0 ], [ 11.927766721361889, 9.511321839743177, 0.0 ], [ 11.929073095764036, 9.50995001696363, 0.0 ], [ 11.929902822219246, 9.509959461262911, 0.0 ], [ 11.930450638193671, 9.509673268331976, 0.0 ], [ 11.931207583584754, 9.509401198720962, 0.0 ], [ 11.931551818782589, 9.510753342936825, 0.0 ], [ 11.931885054160142, 9.511064954106253, 0.0 ], [ 11.934031789181578, 9.512076948049653, 0.0 ], [ 11.934570725518524, 9.512625015142831, 0.0 ], [ 11.935493662501216, 9.513059754087072, 0.0 ], [ 11.935950421441543, 9.513974260798655, 0.0 ], [ 11.937854525662347, 9.513919592616011, 0.0 ], [ 11.938137928912292, 9.514763039401483, 0.0 ], [ 11.94004416631406, 9.51470833917012, 0.0 ], [ 11.941681445894908, 9.516371907228365, 0.0 ], [ 11.942248366432464, 9.516076007816038, 0.0 ], [ 11.942519461337938, 9.51635213554626, 0.0 ], [ 11.943651340165541, 9.517150303705133, 0.0 ], [ 11.945499807381195, 9.515206971590024, 0.0 ], [ 11.946063506704153, 9.51578021146206, 0.0 ], [ 11.947063550626105, 9.516251312255974, 0.0 ], [ 11.947427061760587, 9.515490278694958, 0.0 ], [ 11.948812701028803, 9.516034864571367, 0.0 ], [ 11.949356558253415, 9.517650461395172, 0.0 ], [ 11.951282148019013, 9.517241958421552, 0.0 ], [ 11.951264146507702, 9.518746914828904, 0.0 ], [ 11.954580682809866, 9.518382194880351, 0.0 ], [ 11.955096077969637, 9.51730440785558, 0.0 ], [ 11.955633318492822, 9.516783258827795, 0.0 ], [ 11.955972711102161, 9.516072179265818, 0.0 ], [ 11.957262430592243, 9.516498448266036, 0.0 ], [ 11.961665336031954, 9.516726795487337, 0.0 ], [ 11.962444190618184, 9.51590718137461, 0.0 ], [ 11.96326721150422, 9.515634484209945, 0.0 ], [ 11.963541970387308, 9.515344742236572, 0.0 ], [ 11.964763088200721, 9.515359242470771, 0.0 ], [ 11.965710854800317, 9.515332130895823, 0.0 ], [ 11.966306328982506, 9.515630353356649, 0.0 ], [ 11.966815174503228, 9.516146322669719, 0.0 ], [ 11.967098757807904, 9.516138087545759, 0.0 ], [ 11.96707140517184, 9.515193000703436, 0.0 ], [ 11.967087833746898, 9.513760590056165, 0.0 ], [ 11.96884139728108, 9.51332064914042, 0.0 ], [ 11.969822716935891, 9.513969150770931, 0.0 ], [ 11.970353351926034, 9.515032217184997, 0.0 ], [ 11.970862133181827, 9.515293588837574, 0.0 ], [ 11.97304283986638, 9.513443660521496, 0.0 ], [ 11.974216135343067, 9.514218598881353, 0.0 ], [ 11.976100982806811, 9.514164415059795, 0.0 ], [ 11.976688526081016, 9.513546484922179, 0.0 ], [ 11.977714093070409, 9.51388547653586, 0.0 ], [ 11.978856327413339, 9.514151484558292, 0.0 ], [ 11.979376576772564, 9.514136455849215, 0.0 ], [ 11.980639361052901, 9.512809329535644, 0.0 ], [ 11.980968490729902, 9.51141343078773, 0.0 ], [ 11.981383010587194, 9.511011335577276, 0.0 ], [ 11.98178033166471, 9.510593508581429, 0.0 ], [ 11.983839902124558, 9.509910592008319, 0.0 ], [ 11.983067706996842, 9.506324919978544, 0.0 ], [ 11.983382247755944, 9.505707200970864, 0.0 ], [ 11.98370920743686, 9.504677060631124, 0.0 ], [ 11.987028920331621, 9.505322460375995, 0.0 ], [ 11.987733714017686, 9.504580723152097, 0.0 ], [ 11.988283716271818, 9.5043103163888, 0.0 ], [ 11.988536111642491, 9.502676899867582, 0.0 ], [ 11.988813156236422, 9.502408828780572, 0.0 ], [ 11.989358384313846, 9.501834652316131, 0.0 ], [ 11.989335336742698, 9.501022397810432, 0.0 ], [ 11.988790291226165, 9.50051206766063, 0.0 ], [ 11.988519734473339, 9.500053374711769, 0.0 ], [ 11.989608487228946, 9.499692085656319, 0.0 ], [ 11.989894835578715, 9.499390589268208, 0.0 ], [ 11.989858604025031, 9.498165076917582, 0.0 ], [ 11.99177561940278, 9.497776582349585, 0.0 ], [ 11.992510153276733, 9.497392383942559, 0.0 ], [ 11.993111283751769, 9.496136011020694, 0.0 ], [ 11.994215674139816, 9.495858734564802, 0.0 ], [ 11.994752770314212, 9.495577846949823, 0.0 ], [ 11.996322011337666, 9.494805408313468, 0.0 ], [ 11.998298087278386, 9.494468778219945, 0.0 ], [ 11.998716495122585, 9.494028002876197, 0.0 ], [ 11.999209451262937, 9.492474570672865, 0.0 ], [ 12.000246108569376, 9.492013142580067, 0.0 ], [ 12.002644639350418, 9.492805524588016, 0.0 ], [ 12.004756931461399, 9.493297600566413, 0.0 ], [ 12.005957819631508, 9.492473777873345, 0.0 ], [ 12.008107613880684, 9.49249868771485, 0.0 ], [ 12.008052804979142, 9.490617053930347, 0.0 ], [ 12.008372104615193, 9.490306797464694, 0.0 ], [ 12.008344705183886, 9.48936650955258, 0.0 ], [ 12.008351403568737, 9.488790070228843, 0.0 ], [ 12.010255546068581, 9.488404253002486, 0.0 ], [ 12.010701403710774, 9.487935182758871, 0.0 ], [ 12.011951175743425, 9.488561140569573, 0.0 ], [ 12.012425498612926, 9.487567312037639, 0.0 ], [ 12.013246014125915, 9.487023561673162, 0.0 ], [ 12.013510138613563, 9.486745004981366, 0.0 ], [ 12.015424758515163, 9.48646281205437, 0.0 ], [ 12.015415969053276, 9.48618925346058, 0.0 ], [ 12.015421709373335, 9.485748319622019, 0.0 ], [ 12.018344385629499, 9.485155737819191, 0.0 ], [ 12.018679295582537, 9.484803529103051, 0.0 ], [ 12.019229231479555, 9.484533090556452, 0.0 ], [ 12.019585268511561, 9.484158470077377, 0.0 ], [ 12.020314563447998, 9.484523723728403, 0.0 ], [ 12.020869151059307, 9.484784629292363, 0.0 ], [ 12.021142163514687, 9.485521662872426, 0.0 ], [ 12.020062943199861, 9.486959481847087, 0.0 ], [ 12.019803117932341, 9.487728109500793, 0.0 ], [ 12.021443507592977, 9.488031505297538, 0.0 ], [ 12.021990152165023, 9.488845034460939, 0.0 ], [ 12.024481195298783, 9.489125184462871, 0.0 ], [ 12.025004322710728, 9.490173904471044, 0.0 ], [ 12.027063364573831, 9.490554625438172, 0.0 ], [ 12.027533031499139, 9.4919494126425, 0.0 ], [ 12.028331593246266, 9.492307690153192, 0.0 ], [ 12.029397199232182, 9.491750668253871, 0.0 ], [ 12.029938042302236, 9.493359505613167, 0.0 ], [ 12.032766045496711, 9.489710490446111, 0.0 ], [ 12.033900621196883, 9.485289510501854, 0.0 ] ] ], [ [ [ 11.849646674142271, 9.756591119084542, 0.0 ], [ 11.849945557492534, 9.754540239778287, 0.0 ], [ 11.849195148442815, 9.754561725623812, 0.0 ], [ 11.848432492735942, 9.75536370510261, 0.0 ], [ 11.848155156416224, 9.75563175355564, 0.0 ], [ 11.847893017995444, 9.756181285947813, 0.0 ], [ 11.847076202532547, 9.757266914832439, 0.0 ], [ 11.846818666738489, 9.758358455466007, 0.0 ], [ 11.846280935514647, 9.758879589540282, 0.0 ], [ 11.846008291529685, 9.759449324239776, 0.0 ], [ 11.844305289551063, 9.759738814464525, 0.0 ], [ 11.84381964516151, 9.759733343249131, 0.0 ], [ 11.843280933050321, 9.76001416099971, 0.0 ], [ 11.840271615960853, 9.760305012171454, 0.0 ], [ 11.839993732038808, 9.760887493597364, 0.0 ], [ 11.840016354894852, 9.761667560116372, 0.0 ], [ 11.839574390597928, 9.762534610054388, 0.0 ], [ 11.840034695627748, 9.76383031173515, 0.0 ], [ 11.840308658978884, 9.764672860909039, 0.0 ], [ 11.839229982554963, 9.765718850606527, 0.0 ], [ 11.839018726986977, 9.766384346888131, 0.0 ], [ 11.839952764896028, 9.766311137448627, 0.0 ], [ 11.849646674142271, 9.756591119084542, 0.0 ] ] ] ] } },
{ "type": "Feature", "properties": { "Stra_Catch": "Hawal-Kilunga", "State": "Adamawa", "LGA": "Shelleng", "Population": 0, "Cleard_TOR": "Not Cleared", "Status": "Proposed", "Start_Date": "2025-12-30T00:00:00", "End_Date": "2026-12-30T00:00:00", "Micr_Catch": "Guyuk-Shelleng", "Size_Ha": 144598.982127, "Comments": null, "OBJECTID_1": 0, "Shape_Leng": 0.0, "Shape_Area": 0.0, "parent_strategic_name": "Hawal-Kilunga", "clipped_to_state": true }, "geometry": { "type": "Polygon", "coordinates": [ [ [ 12.216420830029152, 10.075655449937917, 0.0 ], [ 12.222955661046374, 10.074344550459461, 0.0 ], [ 12.227083333400346, 10.071461317684451, 0.0 ], [ 12.233087496961245, 10.075655449937857, 0.0 ], [ 12.243788994036972, 10.074344550459372, 0.0 ], [ 12.247877671787004, 10.071488783879037, 0.0 ], [ 12.253183661066609, 10.069850328828339, 0.0 ], [ 12.255481465766378, 10.0624087869347, 0.0 ], [ 12.260377671761161, 10.058988783903949, 0.0 ], [ 12.262499999843985, 10.058333333715023, 0.0 ], [ 12.261649067619281, 10.055017429009819, 0.0 ], [ 12.256122843363803, 10.053599378906931, 0.0 ], [ 12.239710489417849, 10.038067288573284, 0.0 ], [ 12.230086093269476, 10.036795722743214, 0.0 ], [ 12.225567287771256, 10.031377157228828, 0.0 ], [ 12.223785060803161, 10.024432712898234, 0.0 ], [ 12.21028950952533, 10.025567288598333, 0.0 ], [ 12.204913329958671, 10.029733954657182, 0.0 ], [ 12.197789509551074, 10.028599378957077, 0.0 ], [ 12.193877156478676, 10.025567288598385, 0.0 ], [ 12.189456176534661, 10.024432712898339, 0.0 ], [ 12.18554382256295, 10.021400621640314, 0.0 ], [ 12.179790242499587, 10.019924248704049, 0.0 ], [ 12.179166666082681, 10.008333333815246, 0.0 ], [ 12.179519991728121, 10.005908882088191, 0.0 ], [ 12.182980007395091, 10.002424452525414, 0.0 ], [ 12.183333333040512, 9.995833333840233, 0.0 ], [ 12.189660135580013, 9.995215861122027, 0.0 ], [ 12.193673197433139, 9.992284139600265, 0.0 ], [ 12.203461031873537, 9.990859646754167, 0.0 ], [ 12.204784307821829, 9.972839695294619, 0.0 ], [ 12.211882358156089, 9.964660305527586, 0.0 ], [ 12.213658819570556, 9.958447266327138, 0.0 ], [ 12.218673197381493, 9.954784139675128, 0.0 ], [ 12.228195020454551, 9.953398302388585, 0.0 ], [ 12.229166665979534, 9.949999999998807, 0.0 ], [ 12.228315734654164, 9.946684265265468, 0.0 ], [ 12.224999999921007, 9.945833333940062, 0.0 ], [ 12.224432712070975, 9.943622843518215, 0.0 ], [ 12.221400620813116, 9.939710490445634, 0.0 ], [ 12.219933742919119, 9.933994547908942, 0.0 ], [ 12.206122843466519, 9.932766046115013, 0.0 ], [ 12.202210489494801, 9.929733954857012, 0.0 ], [ 12.199999999972439, 9.929166667006985, 0.0 ], [ 12.20056728782245, 9.922789510526377, 0.0 ], [ 12.20473395388095, 9.917413330959356, 0.0 ], [ 12.203599378180837, 9.893622843618209, 0.0 ], [ 12.199432712122299, 9.888246664051218, 0.0 ], [ 12.201249694290182, 9.883510674976577, 0.0 ], [ 12.20612284346635, 9.879733954956953, 0.0 ], [ 12.213067287796573, 9.877951727988719, 0.0 ], [ 12.211865234164677, 9.859239705946566, 0.0 ], [ 12.20612284346627, 9.857766046264905, 0.0 ], [ 12.202210489494579, 9.854733955006886, 0.0 ], [ 12.19778950955053, 9.853599379306843, 0.0 ], [ 12.193877156478141, 9.850567288048852, 0.0 ], [ 12.180144754350295, 9.849345737115009, 0.0 ], [ 12.167233953957895, 9.835543823687528, 0.0 ], [ 12.166099378257835, 9.831122843743259, 0.0 ], [ 12.161932712199276, 9.825746664176227, 0.0 ], [ 12.163506740717743, 9.821644253778278, 0.0 ], [ 12.170172119121908, 9.819933743246638, 0.0 ], [ 12.170833333065659, 9.812500000273806, 0.0 ], [ 12.170833333065598, 9.791666667281881, 0.0 ], [ 12.170480007420171, 9.7892422146555, 0.0 ], [ 12.158686658736737, 9.777424452075815, 0.0 ], [ 12.157975259924731, 9.772543165833431, 0.0 ], [ 12.152424451801735, 9.767019992977348, 0.0 ], [ 12.150000000074813, 9.766666667331853, 0.0 ], [ 12.149646673530048, 9.760075548646723, 0.0 ], [ 12.145480007471493, 9.755879551199412, 0.0 ], [ 12.146186658762334, 9.751742214730463, 0.0 ], [ 12.154519991778779, 9.743382263579623, 0.0 ], [ 12.153813340487828, 9.730908881738527, 0.0 ], [ 12.150353325720138, 9.727424452175766, 0.0 ], [ 12.149646673529936, 9.718408881763519, 0.0 ], [ 12.146186658762225, 9.71492445220076, 0.0 ], [ 12.145480007471365, 9.710075548746655, 0.0 ], [ 12.142019991804334, 9.706591119183864, 0.0 ], [ 12.141666666158891, 9.70000000049874, 0.0 ], [ 12.142438083026226, 9.69243808344986, 0.0 ], [ 12.156301709730402, 9.691023932807308, 0.0 ], [ 12.160364956451648, 9.688142734298765, 0.0 ], [ 12.174710760966047, 9.686679416820619, 0.0 ], [ 12.178523932306581, 9.681301711104039, 0.0 ], [ 12.18042822875257, 9.674976433814326, 0.0 ], [ 12.185364956400141, 9.671476068264877, 0.0 ], [ 12.191690232790128, 9.669571770919408, 0.0 ], [ 12.195190599238643, 9.66463504417086, 0.0 ], [ 12.197094895684643, 9.658309767780469, 0.0 ], [ 12.202031622432871, 9.654809401331701, 0.0 ], [ 12.207535467958563, 9.653152466112292, 0.0 ], [ 12.208976066763048, 9.643698290042941, 0.0 ], [ 12.21185726527133, 9.639635044220835, 0.0 ], [ 12.21249999994575, 9.625000000648399, 0.0 ], [ 12.204166666030023, 9.625000000648399, 0.0 ], [ 12.203260972287323, 9.628529019497533, 0.0 ], [ 12.185289509575634, 9.629733954557318, 0.0 ], [ 12.181377156503221, 9.632766045815375, 0.0 ], [ 12.166666666107291, 9.633333333665464, 0.0 ], [ 12.166313340461887, 9.635757785392496, 0.0 ], [ 12.160790167606061, 9.641308594415145, 0.0 ], [ 12.155908881363953, 9.6420199932271, 0.0 ], [ 12.152424451801387, 9.645480007995024, 0.0 ], [ 12.1434088813897, 9.646186659285977, 0.0 ], [ 12.135757784869231, 9.653813341011977, 0.0 ], [ 12.126742214457511, 9.654519993202268, 0.0 ], [ 12.123257784894941, 9.657980007970114, 0.0 ], [ 12.118408880541706, 9.65868665926102, 0.0 ], [ 12.11492445187846, 9.66214667492825, 0.0 ], [ 12.105908880567348, 9.662853326219219, 0.0 ], [ 12.102424451904104, 9.666313340987038, 0.0 ], [ 12.09828440308012, 9.667019993177364, 0.0 ], [ 12.089924451929729, 9.658686659261113, 0.0 ], [ 12.080908880618608, 9.657980007970227, 0.0 ], [ 12.077424451955313, 9.654519993202339, 0.0 ], [ 12.06666666631253, 9.65416666755694, 0.0 ], [ 12.06249999935463, 9.654166667556915, 0.0 ], [ 12.062499999354641, 9.658333333615692, 0.0 ], [ 12.065992905926853, 9.659229703187535, 0.0 ], [ 12.067233954162614, 9.67157999751813, 0.0 ], [ 12.063067287204721, 9.676956177085195, 0.0 ], [ 12.061932711504671, 9.684079997493145, 0.0 ], [ 12.066099378462567, 9.68945617706013, 0.0 ], [ 12.067233954162665, 9.693877157004453, 0.0 ], [ 12.070266045420551, 9.697789510976426, 0.0 ], [ 12.071400621120587, 9.704913330485063, 0.0 ], [ 12.067233954162704, 9.710289510951444, 0.0 ], [ 12.066099378462656, 9.721683417654843, 0.0 ], [ 12.071823798008765, 9.728547499466805, 0.0 ], [ 12.093877156683197, 9.729733955257021, 0.0 ], [ 12.099032253213466, 9.73372921503046, 0.0 ], [ 12.100567287128062, 9.739710489946306, 0.0 ], [ 12.10776604534384, 9.747789510876409, 0.0 ], [ 12.10890062104391, 9.752210489921319, 0.0 ], [ 12.116204833762806, 9.760407850840799, 0.0 ], [ 12.112968783459499, 9.764583333852903, 0.0 ], [ 12.116099378360339, 9.768622843868309, 0.0 ], [ 12.116666666210367, 9.775000000348866, 0.0 ], [ 12.0809088806189, 9.775353325994429, 0.0 ], [ 12.077424451955597, 9.778813341661623, 0.0 ], [ 12.074999999329352, 9.779166667307072, 0.0 ], [ 12.060289509832522, 9.778599379457045, 0.0 ], [ 12.048043822844264, 9.767233955182146, 0.0 ], [ 12.035289509883652, 9.766099379482114, 0.0 ], [ 12.03137715591186, 9.763067288224082, 0.0 ], [ 12.026956176867111, 9.761932712524001, 0.0 ], [ 12.023043822895291, 9.758900621266006, 0.0 ], [ 12.017280917761568, 9.757421705946339, 0.0 ], [ 12.016052415068382, 9.730078294876757, 0.0 ], [ 12.012499999456999, 9.729166667407121, 0.0 ], [ 12.005066256484451, 9.728505452563939, 0.0 ], [ 12.003315734215755, 9.721684265715693, 0.0 ], [ 11.99778950996013, 9.720266045640878, 0.0 ], [ 11.989710489929683, 9.71306728832408, 0.0 ], [ 11.969845242047603, 9.711932712623996, 0.0 ], [ 11.956377156064743, 9.724432712599064, 0.0 ], [ 11.953420002615005, 9.725567288299192, 0.0 ], [ 11.948043823048192, 9.721400621341083, 0.0 ], [ 11.939456176146095, 9.720266045640987, 0.0 ], [ 11.935543823073614, 9.71723395528227, 0.0 ], [ 11.920833332677359, 9.716666667432287, 0.0 ], [ 11.918408880950384, 9.717019993077734, 0.0 ], [ 11.913356858766472, 9.722055894754607, 0.0 ], [ 11.913172700694396, 9.72283709840362, 0.0 ], [ 11.912169623446937, 9.723239341722739, 0.0 ], [ 11.910757785329059, 9.724646674803724, 0.0 ], [ 11.910449168130901, 9.724670864589811, 0.0 ], [ 11.910459966569142, 9.725028292528515, 0.0 ], [ 11.910070702650698, 9.72579329371832, 0.0 ], [ 11.909096504761237, 9.725305622740514, 0.0 ], [ 11.90826834665112, 9.725046958501339, 0.0 ], [ 11.907914245615494, 9.724869554856463, 0.0 ], [ 11.901891207625168, 9.725341647797009, 0.0 ], [ 11.901733102124149, 9.726728603888166, 0.0 ], [ 11.901305389367373, 9.726997955185771, 0.0 ], [ 11.900572928541616, 9.726514419191409, 0.0 ], [ 11.898257785354517, 9.728813341761843, 0.0 ], [ 11.89691256144252, 9.729009386918589, 0.0 ], [ 11.896839648655552, 9.729480268402151, 0.0 ], [ 11.896136958444552, 9.730161113912429, 0.0 ], [ 11.89492661379199, 9.729761154422324, 0.0 ], [ 11.893896750517712, 9.730120824964098, 0.0 ], [ 11.893571566117567, 9.731145173346871, 0.0 ], [ 11.892740199050316, 9.731135280480036, 0.0 ], [ 11.892204022499003, 9.73169878856524, 0.0 ], [ 11.89123862427663, 9.731687192171558, 0.0 ], [ 11.891007991708829, 9.731917499808457, 0.0 ], [ 11.890853450960098, 9.732241140626451, 0.0 ], [ 11.890519743083006, 9.732405060556296, 0.0 ], [ 11.883546556697844, 9.739368422640595, 0.0 ], [ 11.883581152775122, 9.73946603125281, 0.0 ], [ 11.883528563180647, 9.743902763614425, 0.0 ], [ 11.882208122484792, 9.74423364143866, 0.0 ], [ 11.881950706652789, 9.745325173786537, 0.0 ], [ 11.88167341108907, 9.745593239650628, 0.0 ], [ 11.881409010676492, 9.745871784097117, 0.0 ], [ 11.880023002286743, 9.746149218540896, 0.0 ], [ 11.87932647215362, 9.745442097631109, 0.0 ], [ 11.878681898302716, 9.746436856463408, 0.0 ], [ 11.878404598684147, 9.74670492066584, 0.0 ], [ 11.877912802132174, 9.747222523004192, 0.0 ], [ 11.877612438860039, 9.749156052067969, 0.0 ], [ 11.877061956623772, 9.749426422696605, 0.0 ], [ 11.876797549233535, 9.749704965477489, 0.0 ], [ 11.875320413493611, 9.750683459980049, 0.0 ], [ 11.874500160587832, 9.751947885694392, 0.0 ], [ 11.87408294665747, 9.753573778506659, 0.0 ], [ 11.870706546634015, 9.753656900806458, 0.0 ], [ 11.870457165276202, 9.753918984386996, 0.0 ], [ 11.868621395450674, 9.754646930750111, 0.0 ], [ 11.868077723672082, 9.754094121339339, 0.0 ], [ 11.86732578604621, 9.753740130457322, 0.0 ], [ 11.853406678798589, 9.754082799630861, 0.0 ], [ 11.853060578083072, 9.754805155607983, 0.0 ], [ 11.851566312219694, 9.754787496930335, 0.0 ], [ 11.850885586653698, 9.754806957822224, 0.0 ], [ 11.850605679020058, 9.754521339061172, 0.0 ], [ 11.849945557492521, 9.754540239778287, 0.0 ], [ 11.849646674142271, 9.756591119084513, 0.0 ], [ 11.839952764896088, 9.766311137448648, 0.0 ], [ 11.839018726986971, 9.766384346888147, 0.0 ], [ 11.838954514201085, 9.766586629699656, 0.0 ], [ 11.838972775134138, 9.767229632338999, 0.0 ], [ 11.838954814568943, 9.768761179234843, 0.0 ], [ 11.838435044551664, 9.769264160797199, 0.0 ], [ 11.838170585393227, 9.76954268687469, 0.0 ], [ 11.837604015948706, 9.769813145537944, 0.0 ], [ 11.837075420041581, 9.769275504533594, 0.0 ], [ 11.835700736411505, 9.769021236705429, 0.0 ], [ 11.835158387145363, 9.768749437973758, 0.0 ], [ 11.833494491129834, 9.768497570660838, 0.0 ], [ 11.833377036304395, 9.768621191755955, 0.0 ], [ 11.8357534, 9.772687, 0.0 ], [ 11.8403988, 9.7761087, 0.0 ], [ 11.8473749, 9.782958, 0.0 ], [ 11.8508635, 9.7863817, 0.0 ], [ 11.8531933, 9.7898092, 0.0 ], [ 11.8545445, 9.7934902, 0.0 ], [ 11.8542399, 9.7997339, 0.0 ], [ 11.853628524557106, 9.803402232953585, 0.0 ], [ 11.853478500120229, 9.804302400135265, 0.0 ], [ 11.853158032803828, 9.806166840226227, 0.0 ], [ 11.8519641, 9.813113, 0.0 ], [ 11.8518033, 9.8140487, 0.0 ], [ 11.851803299680574, 9.814048700226106, 0.0 ], [ 11.851803299670129, 9.814048700286889, 0.0 ], [ 11.845301334056671, 9.818651093695767, 0.0 ], [ 11.8444089, 9.8192828, 0.0 ], [ 11.84440889998559, 9.819282800002872, 0.0 ], [ 11.844408899339076, 9.819282800460504, 0.0 ], [ 11.829266591264949, 9.822300861867296, 0.0 ], [ 11.8263544, 9.8228813, 0.0 ], [ 11.819080654180132, 9.825883511488945, 0.0 ], [ 11.803437899891037, 9.832340000399311, 0.0 ], [ 11.8011608, 9.8406847, 0.0 ], [ 11.801551451577399, 9.845569941987954, 0.0 ], [ 11.801551452103872, 9.845569948571695, 0.0 ], [ 11.801579900024926, 9.84592570010339, 0.0 ], [ 11.8038105, 9.8551779, 0.0 ], [ 11.805799948322903, 9.865147806340941, 0.0 ], [ 11.805820600027651, 9.865251300095737, 0.0 ], [ 11.806841094556708, 9.868784709597591, 0.0 ], [ 11.808453584101041, 9.87436787120733, 0.0 ], [ 11.809033500084919, 9.876375800102711, 0.0 ], [ 11.809597513399051, 9.877517166108328, 0.0 ], [ 11.816454, 9.8913923, 0.0 ], [ 11.8193094, 9.9028137, 0.0 ], [ 11.8293031, 9.9153773, 0.0 ], [ 11.8347283, 9.929654, 0.0 ], [ 11.834728299966958, 9.929654000388267, 0.0 ], [ 11.834728300059286, 9.929654000631235, 0.0 ], [ 11.834355458248861, 9.934035061963609, 0.0 ], [ 11.8335862, 9.9430742, 0.0 ], [ 11.8331843, 9.9490419, 0.0 ], [ 11.8332355, 9.9490446, 0.0 ], [ 11.833235499050343, 9.949044600671678, 0.0 ], [ 11.833235500106602, 9.949044600727394, 0.0 ], [ 11.823729699967416, 9.955767900434228, 0.0 ], [ 11.8226695, 9.9698967, 0.0 ], [ 11.8248015, 9.9817749, 0.0 ], [ 11.8253454, 9.9948568, 0.0 ], [ 11.8296285, 10.0163909, 0.0 ], [ 11.8354581, 10.0285262, 0.0 ], [ 11.8357763, 10.0338858, 0.0 ], [ 11.8444737, 10.0323948, 0.0 ], [ 11.8449491, 10.0323676, 0.0 ], [ 11.8449829, 10.0323686, 0.0 ], [ 11.8486892, 10.0321569, 0.0 ], [ 11.855062299860107, 10.0321569, 0.0 ], [ 11.857034008367993, 10.031691141706794, 0.0 ], [ 11.857034032321803, 10.031691136048408, 0.0 ], [ 11.8701719, 10.0285877, 0.0 ], [ 11.8702233, 10.0285877, 0.0 ], [ 11.8829534, 10.0257323, 0.0 ], [ 11.8977737, 10.0256133, 0.0 ], [ 11.8978251, 10.0256133, 0.0 ], [ 11.9046746, 10.0255482, 0.0 ], [ 11.904726, 10.0255482, 0.0 ], [ 11.9104362, 10.0254944, 0.0 ], [ 11.9207041, 10.0247011, 0.0 ], [ 11.9207348, 10.0246987, 0.0 ], [ 11.9237232, 10.0250403, 0.0 ], [ 11.9311449, 10.0258885, 0.0 ], [ 11.9449258, 10.0301672, 0.0 ], [ 11.9542457, 10.0322231, 0.0 ], [ 11.9605434, 10.0358283, 0.0 ], [ 11.9705326, 10.0349395, 0.0 ], [ 11.9705526, 10.0349423, 0.0 ], [ 11.9891938, 10.037551, 0.0 ], [ 11.990001161966022, 10.036658077060466, 0.0 ], [ 11.990001166678413, 10.036658071848676, 0.0 ], [ 11.991216899323542, 10.035313500616949, 0.0 ], [ 11.991216899385511, 10.03531350067961, 0.0 ], [ 11.9912169, 10.0353135, 0.0 ], [ 11.9912438, 10.0353407, 0.0 ], [ 11.9977632, 10.0419169, 0.0 ], [ 12.0043231, 10.0473934, 0.0 ], [ 12.0111683, 10.0598906, 0.0 ], [ 12.018754, 10.0669011, 0.0 ], [ 12.018775455124116, 10.066882326766398, 0.0 ], [ 12.01878039967772, 10.066878000218821, 0.0 ], [ 12.019228443696502, 10.066486396525843, 0.0 ], [ 12.0234823, 10.0627684, 0.0 ], [ 12.0342813, 10.0578324, 0.0 ], [ 12.0343327, 10.0578324, 0.0 ], [ 12.0397179, 10.0578324, 0.0 ], [ 12.0404468, 10.057731, 0.0 ], [ 12.0471875, 10.0567931, 0.0 ], [ 12.0472063, 10.0567976, 0.0 ], [ 12.0553823, 10.0587709, 0.0 ], [ 12.0554337, 10.0587709, 0.0 ], [ 12.060949592859277, 10.058731221326802, 0.0 ], [ 12.064710489777267, 10.05776604586554, 0.0 ], [ 12.068749999792399, 10.054635281891946, 0.0 ], [ 12.072916666750379, 10.057864719480442, 0.0 ], [ 12.076956176765508, 10.05473395460751, 0.0 ], [ 12.081377155810303, 10.053599378907387, 0.0 ], [ 12.093622842798492, 10.042233954632454, 0.0 ], [ 12.098043822742586, 10.041099378932392, 0.0 ], [ 12.106122842772894, 10.033900621615548, 0.0 ], [ 12.110543822716911, 10.032766045915409, 0.0 ], [ 12.115920003183017, 10.02859937895732, 0.0 ], [ 12.118877156632744, 10.029733954657425, 0.0 ], [ 12.128229437715175, 10.038067288573606, 0.0 ], [ 12.131377156607147, 10.036932712873467, 0.0 ], [ 12.136753336173856, 10.032766045915348, 0.0 ], [ 12.152210489597946, 10.033900621615437, 0.0 ], [ 12.156122842670358, 10.036932712873385, 0.0 ], [ 12.165737406530839, 10.038202921626526, 0.0 ], [ 12.17556728787431, 10.049040392598997, 0.0 ], [ 12.174432712174282, 10.06471049019593, 0.0 ], [ 12.170846557597146, 10.069337633424023, 0.0 ], [ 12.176956176560523, 10.0744327127984, 0.0 ], [ 12.181377156504528, 10.075567288498467, 0.0 ], [ 12.186753336071288, 10.079733954557279, 0.0 ], [ 12.189710489520982, 10.078599378857177, 0.0 ], [ 12.194696214032264, 10.074735514531259, 0.0 ], [ 12.196732923059034, 10.082672119721467, 0.0 ], [ 12.204166666031446, 10.083333333665294, 0.0 ], [ 12.20833333298935, 10.083333333665276, 0.0 ], [ 12.209133741301425, 10.070565118084598, 0.0 ], [ 12.216420830029152, 10.075655449937917, 0.0 ] ] ] } },
{ "type": "Feature", "properties": { "Stra_Catch": "Hawal-Kilunga", "State": "Adamawa", "LGA": "Mayo Belwa", "Population": 0, "Cleard_TOR": "Not Cleared", "Status": "Proposed", "Start_Date": "2025-12-30T00:00:00", "End_Date": "2026-12-30T00:00:00", "Micr_Catch": "Jada-Mayo", "Size_Ha": 266234.88834200002, "Comments": null, "OBJECTID_1": 0, "Shape_Leng": 0.0, "Shape_Area": 0.0, "parent_strategic_name": "Hawal-Kilunga", "clipped_to_state": true }, "geometry": { "type": "Polygon", "coordinates": [ [ [ 12.127424451851534, 9.158686659360974, 0.0 ], [ 12.131620449298604, 9.16285332631907, 0.0 ], [ 12.152424451800091, 9.162146675028131, 0.0 ], [ 12.156620449247187, 9.157980008069998, 0.0 ], [ 12.189924451722826, 9.158686659360828, 0.0 ], [ 12.193408881285393, 9.162146675028014, 0.0 ], [ 12.202424451697008, 9.162853326318871, 0.0 ], [ 12.206249999507536, 9.16665208692323, 0.0 ], [ 12.210075547318105, 9.162853326318865, 0.0 ], [ 12.212499999944312, 9.162500000673401, 0.0 ], [ 12.216666666002816, 9.162500000673406, 0.0 ], [ 12.216666666002792, 9.158333333715269, 0.0 ], [ 12.214456176480448, 9.157766045865239, 0.0 ], [ 12.208934020757944, 9.153160604177485, 0.0 ], [ 12.207766045136351, 9.119896105319951, 0.0 ], [ 12.216099378152636, 9.11054382333775, 0.0 ], [ 12.217233953852663, 9.10612284429275, 0.0 ], [ 12.220364548753492, 9.102083333378049, 0.0 ], [ 12.217233953852634, 9.09804382336266, 0.0 ], [ 12.215779283356074, 9.092375014294364, 0.0 ], [ 12.206122843463932, 9.091099379032048, 0.0 ], [ 12.198043822534354, 9.083900621715324, 0.0 ], [ 12.192517598278874, 9.082482571612362, 0.0 ], [ 12.19109937820418, 9.07695617738468, 0.0 ], [ 12.187104118431005, 9.071801079954911, 0.0 ], [ 12.181122843515459, 9.070266046040238, 0.0 ], [ 12.175967746085961, 9.0662706171943, 0.0 ], [ 12.175000000021438, 9.062500000873344, 0.0 ], [ 12.181591118706153, 9.062146674328577, 0.0 ], [ 12.185787116153191, 9.057980008269785, 0.0 ], [ 12.198257784738878, 9.058686659560646, 0.0 ], [ 12.201742214301428, 9.062146674328524, 0.0 ], [ 12.206591118654584, 9.062853326518782, 0.0 ], [ 12.210075547317802, 9.066313341286584, 0.0 ], [ 12.229166665976692, 9.066666666932038, 0.0 ], [ 12.232482401609111, 9.067517429184914, 0.0 ], [ 12.233333332934494, 9.070833333890119, 0.0 ], [ 12.237499999892306, 9.070833333890109, 0.0 ], [ 12.237853325537721, 9.06840888216305, 0.0 ], [ 12.254519992469586, 9.051716784201004, 0.0 ], [ 12.253813340279372, 9.03507554829676, 0.0 ], [ 12.250353325511728, 9.031591118733987, 0.0 ], [ 12.249646674220863, 9.026742215279819, 0.0 ], [ 12.246186658553899, 9.023257785717034, 0.0 ], [ 12.245833332908475, 9.020833333990005, 0.0 ], [ 12.248257784635367, 9.021186659635461, 0.0 ], [ 12.252453782082378, 9.025353326593541, 0.0 ], [ 12.256591118550944, 9.024646674403304, 0.0 ], [ 12.260075547214131, 9.021186659635436, 0.0 ], [ 12.264924451567232, 9.020480008344478, 0.0 ], [ 12.268408881129741, 9.017019992677268, 0.0 ], [ 12.270833332856618, 9.016666667031853, 0.0 ], [ 12.274999999814384, 9.016666667031833, 0.0 ], [ 12.274999999814369, 9.012500000073679, 0.0 ], [ 12.27143571585013, 9.011585490276955, 0.0 ], [ 12.270230949862944, 8.97591451084481, 0.0 ], [ 12.264456176376356, 8.974432712298626, 0.0 ], [ 12.258937411097966, 8.969830322909928, 0.0 ], [ 12.258333332882311, 8.954166667156755, 0.0 ], [ 12.278250969870143, 8.953568183623537, 0.0 ], [ 12.279166666771992, 8.950000000198601, 0.0 ], [ 12.279166666771971, 8.94583333413984, 0.0 ], [ 12.276956176350332, 8.945266046289751, 0.0 ], [ 12.274432711964176, 8.942881605400512, 0.0 ], [ 12.279166666771951, 8.941666667181662, 0.0 ], [ 12.283333332830411, 8.941666667181648, 0.0 ], [ 12.283333332830429, 8.945833334139802, 0.0 ], [ 12.289924451515052, 8.946186659785228, 0.0 ], [ 12.293749999325536, 8.94998541949021, 0.0 ], [ 12.298287115919862, 8.945480007594943, 0.0 ], [ 12.306591118446855, 8.946186659785193, 0.0 ], [ 12.318408881025622, 8.957980008469214, 0.0 ], [ 12.323257785378646, 8.958686659760184, 0.0 ], [ 12.326742214041808, 8.962146674527983, 0.0 ], [ 12.337499999684193, 8.962500000173426, 0.0 ], [ 12.344933742656412, 8.961838786229515, 0.0 ], [ 12.347048271818391, 8.953599379306405, 0.0 ], [ 12.352210489180353, 8.95473395500651, 0.0 ], [ 12.357586669646279, 8.958900621964602, 0.0 ], [ 12.360543823095858, 8.957766046264448, 0.0 ], [ 12.365920002662364, 8.953599379306356, 0.0 ], [ 12.373043823069739, 8.954733955006406, 0.0 ], [ 12.378420002636275, 8.958900621964526, 0.0 ], [ 12.381377156085856, 8.957766046264377, 0.0 ], [ 12.385289510057415, 8.954733955006395, 0.0 ], [ 12.389710490001319, 8.953599379306246, 0.0 ], [ 12.407321675307475, 8.936932712373043, 0.0 ], [ 12.418877156007165, 8.938067288073123, 0.0 ], [ 12.422916666022159, 8.941198052945962, 0.0 ], [ 12.426956176037132, 8.938067288073071, 0.0 ], [ 12.431377155980925, 8.936932712372933, 0.0 ], [ 12.439456176010788, 8.929733955056157, 0.0 ], [ 12.456377155928266, 8.928599379355957, 0.0 ], [ 12.460289509899821, 8.925567288097886, 0.0 ], [ 12.462499999422022, 8.92500000024781, 0.0 ], [ 12.46285332506751, 8.927424452874234, 0.0 ], [ 12.474646673750341, 8.939242215453856, 0.0 ], [ 12.475353325041187, 8.944091118908004, 0.0 ], [ 12.478813340708028, 8.947575548470763, 0.0 ], [ 12.47951999199894, 8.956591118882942, 0.0 ], [ 12.482980007665725, 8.960075548445745, 0.0 ], [ 12.48369140557838, 8.964957004659974, 0.0 ], [ 12.489242214600415, 8.970480008443539, 0.0 ], [ 12.4916666663272, 8.970833334088949, 0.0 ], [ 12.495833333284802, 8.970833334088965, 0.0 ], [ 12.496684264610126, 8.967517429383731, 0.0 ], [ 12.499999999343149, 8.966666667130834, 0.0 ], [ 12.510757784985145, 8.967019992776216, 0.0 ], [ 12.514242214547524, 8.970480008443413, 0.0 ], [ 12.5232577849587, 8.971186659734283, 0.0 ], [ 12.52674221452108, 8.974646674502118, 0.0 ], [ 12.535757784932255, 8.975353325793012, 0.0 ], [ 12.545475599056882, 8.985045030801123, 0.0 ], [ 12.546186658824412, 8.989924452748861, 0.0 ], [ 12.549646673591877, 8.993408881412304, 0.0 ], [ 12.549999999237352, 9.004166667055616, 0.0 ], [ 12.550358072403899, 9.006623671542759, 0.0 ], [ 12.555908880526536, 9.012146674426988, 0.0 ], [ 12.560757784879351, 9.012853326617233, 0.0 ], [ 12.573283555825405, 9.025353326592153, 0.0 ], [ 12.581621466390391, 9.024643962046587, 0.0 ], [ 12.587146673512219, 9.019091118757482, 0.0 ], [ 12.587857733279742, 9.014211697709056, 0.0 ], [ 12.597575547404155, 9.00451999270077, 0.0 ], [ 12.616666666061697, 9.004166667055232, 0.0 ], [ 12.619982400794639, 9.005017429308042, 0.0 ], [ 12.620833333019286, 9.008333334013264, 0.0 ], [ 12.627424451703506, 9.007980008367767, 0.0 ], [ 12.635075547323883, 9.00035332574244, 0.0 ], [ 12.639955138343499, 8.999642266874126, 0.0 ], [ 12.649646674277632, 8.989924452748214, 0.0 ], [ 12.649999999922979, 8.983333334063069, 0.0 ], [ 12.649999999922956, 8.97916666710497, 0.0 ], [ 12.652210489445112, 8.978599379254907, 0.0 ], [ 12.665678574527055, 8.966099379279809, 0.0 ], [ 12.668877156375641, 8.967233954979866, 0.0 ], [ 12.672789509447682, 8.970266046237827, 0.0 ], [ 12.682445949338989, 8.97154168060079, 0.0 ], [ 12.68390062073475, 8.97721049056841, 0.0 ], [ 12.686932711992336, 8.981122843641021, 0.0 ], [ 12.688067287692251, 8.985543823585241, 0.0 ], [ 12.699432711965445, 8.997789510574046, 0.0 ], [ 12.701137118798156, 9.004431153171781, 0.0 ], [ 12.70612284330889, 9.000567287946531, 0.0 ], [ 12.712499999788431, 9.000000000096414, 0.0 ], [ 12.715815734521215, 8.999149237843554, 0.0 ], [ 12.716666665846484, 8.995833334037629, 0.0 ], [ 12.717019992391139, 8.989242215352412, 0.0 ], [ 12.720818752095502, 8.985416667541632, 0.0 ], [ 12.717019992391066, 8.981591118831545, 0.0 ], [ 12.716313340200825, 8.964242215402415, 0.0 ], [ 12.712853325433482, 8.960757785839657, 0.0 ], [ 12.71249999978804, 8.954166667154444, 0.0 ], [ 12.711341179265069, 8.950113932608417, 0.0 ], [ 12.706326802353853, 8.946450805956452, 0.0 ], [ 12.700768195310683, 8.944861518640788, 0.0 ], [ 12.699138556314217, 8.933664280178991, 0.0 ], [ 12.693826802380775, 8.929784139023415, 0.0 ], [ 12.685339863361074, 8.928549194486465, 0.0 ], [ 12.681326802407701, 8.925617472964726, 0.0 ], [ 12.675926378018463, 8.92407362209677, 0.0 ], [ 12.673841179345738, 8.916780599641742, 0.0 ], [ 12.668826802434509, 8.91311747298978, 0.0 ], [ 12.663268194491978, 8.911528184774804, 0.0 ], [ 12.661638556394848, 8.900330946313016, 0.0 ], [ 12.656326802461344, 8.896450806056745, 0.0 ], [ 12.652006530399023, 8.895215861519782, 0.0 ], [ 12.646302456216189, 8.891049194561703, 0.0 ], [ 12.639506530425901, 8.892284139098759, 0.0 ], [ 12.634281920798646, 8.896100870855575, 0.0 ], [ 12.63271569120098, 8.88533969476816, 0.0 ], [ 12.629784307824703, 8.881326972858576, 0.0 ], [ 12.628305222533331, 8.871164280304377, 0.0 ], [ 12.622993468599791, 8.867284139148856, 0.0 ], [ 12.614506530479252, 8.866049194611845, 0.0 ], [ 12.606326802568283, 8.85895080613205, 0.0 ], [ 12.600113931541951, 8.857174682862622, 0.0 ], [ 12.59645097486233, 8.852160305950685, 0.0 ], [ 12.595215691280961, 8.843673027885247, 0.0 ], [ 12.592284307904684, 8.839660305975704, 0.0 ], [ 12.591666666114005, 8.833333333463921, 0.0 ], [ 12.591099378263944, 8.822789510924551, 0.0 ], [ 12.587968783363296, 8.818750000009876, 0.0 ], [ 12.591099378263889, 8.814710489994454, 0.0 ], [ 12.592517598338468, 8.809184095766788, 0.0 ], [ 12.600365871216843, 8.807170275385204, 0.0 ], [ 12.592233953963762, 8.798043823960633, 0.0 ], [ 12.591099378263756, 8.793622844016404, 0.0 ], [ 12.588067287905487, 8.789710490044454, 0.0 ], [ 12.58750000005546, 8.783333333563901, 0.0 ], [ 12.587853325700742, 8.764242214903694, 0.0 ], [ 12.591313340468124, 8.760757786240207, 0.0 ], [ 12.591666666113444, 8.7500000005969, 0.0 ], [ 12.593877156534914, 8.749432712746854, 0.0 ], [ 12.597916666549715, 8.746301947873949, 0.0 ], [ 12.603420003058739, 8.750567288446891, 0.0 ], [ 12.60768720792576, 8.748930189573878, 0.0 ], [ 12.608989291349857, 8.734293280807575, 0.0 ], [ 12.614456176537683, 8.729733954555599, 0.0 ], [ 12.632354227589254, 8.728533936089423, 0.0 ], [ 12.636932712098004, 8.723043824110286, 0.0 ], [ 12.638350931273195, 8.71751742898323, 0.0 ], [ 12.643877156427513, 8.716099378880266, 0.0 ], [ 12.647789509499576, 8.713067288521584, 0.0 ], [ 12.652210489443146, 8.711932712821442, 0.0 ], [ 12.656122843414467, 8.708900621563412, 0.0 ], [ 12.660543822458703, 8.707766045863268, 0.0 ], [ 12.668622843387489, 8.700567288546404, 0.0 ], [ 12.673043822431723, 8.699432712846267, 0.0 ], [ 12.681122843360452, 8.692233954630124, 0.0 ], [ 12.689710489362094, 8.691099378929971, 0.0 ], [ 12.69362284333338, 8.68806728857119, 0.0 ], [ 12.699999999812906, 8.687500000721149, 0.0 ], [ 12.700353325458288, 8.685075548094716, 0.0 ], [ 12.703813340225549, 8.681591119431243, 0.0 ], [ 12.704166665870931, 8.679166666804871, 0.0 ], [ 12.703505451927152, 8.671732923831994, 0.0 ], [ 12.696229213520638, 8.669865587723415, 0.0 ], [ 12.692233953747872, 8.664710490293652, 0.0 ], [ 12.691099378047895, 8.660289510349376, 0.0 ], [ 12.688067287689668, 8.656377157276754, 0.0 ], [ 12.687499999839671, 8.654166666855003, 0.0 ], [ 12.676956176402678, 8.653599379004994, 0.0 ], [ 12.67291666638797, 8.650468615031379, 0.0 ], [ 12.668877156373256, 8.653599379005039, 0.0 ], [ 12.653420002950776, 8.654733954705303, 0.0 ], [ 12.64804382248524, 8.650567288646467, 0.0 ], [ 12.634232923033856, 8.649338785953359, 0.0 ], [ 12.632766045139906, 8.643622844315976, 0.0 ], [ 12.628274196820431, 8.638236830662406, 0.0 ], [ 12.620086669988707, 8.636932712971573, 0.0 ], [ 12.614574516526474, 8.641204834432825, 0.0 ], [ 12.605086432419949, 8.632750448171965, 0.0 ], [ 12.604166666085948, 8.629166666905471, 0.0 ], [ 12.603813340440418, 8.618408882161482, 0.0 ], [ 12.600013901747802, 8.614582655362634, 0.0 ], [ 12.60868665868869, 8.605882433125066, 0.0 ], [ 12.607980007397861, 8.601742215228322, 0.0 ], [ 12.596186658715336, 8.589924452648777, 0.0 ], [ 12.595833333069926, 8.587500000022374, 0.0 ], [ 12.591666666112401, 8.587500000022429, 0.0 ], [ 12.570610045848477, 8.588263617969085, 0.0 ], [ 12.574319457907718, 8.593736097840146, 0.0 ], [ 12.575680541354815, 8.596406386443091, 0.0 ], [ 12.562521192631698, 8.611140950791796, 0.0 ], [ 12.555187479452384, 8.61352098320439, 0.0 ], [ 12.55416666619263, 8.616666666930724, 0.0 ], [ 12.549999999235014, 8.616666666930765, 0.0 ], [ 12.549646673589615, 8.619091119557154, 0.0 ], [ 12.539952087154928, 8.628811985082731, 0.0 ], [ 12.526742214519096, 8.629519992551375, 0.0 ], [ 12.52325778495678, 8.632980008218571, 0.0 ], [ 12.518408880603898, 8.63368665950955, 0.0 ], [ 12.510757784983321, 8.641313341235582, 0.0 ], [ 12.493408880656945, 8.642019992526571, 0.0 ], [ 12.489924451993923, 8.645480008193793, 0.0 ], [ 12.48749999936784, 8.645833333839269, 0.0 ], [ 12.486932711517847, 8.648043823361732, 0.0 ], [ 12.478583780660403, 8.657413737452021, 0.0 ], [ 12.471684264661333, 8.659184096067204, 0.0 ], [ 12.470833333336035, 8.662500000772479, 0.0 ], [ 12.470266045486028, 8.664710490294951, 0.0 ], [ 12.467233954228359, 8.668622844266869, 0.0 ], [ 12.466099378528444, 8.673043823311856, 0.0 ], [ 12.463067287270771, 8.676956177283801, 0.0 ], [ 12.461791482936054, 8.686612617176618, 0.0 ], [ 12.456122842940951, 8.688067288572553, 0.0 ], [ 12.450704277427228, 8.69258626314366, 0.0 ], [ 12.449432711597304, 8.702210490220086, 0.0 ], [ 12.446400621238929, 8.706122844192047, 0.0 ], [ 12.445833333388943, 8.71250000067263, 0.0 ], [ 12.430908880789152, 8.712853326318124, 0.0 ], [ 12.427424452126075, 8.716313341086062, 0.0 ], [ 12.422575547773159, 8.717019993276372, 0.0 ], [ 12.419091118210753, 8.720480008044181, 0.0 ], [ 12.414953782641625, 8.721186659335158, 0.0 ], [ 12.410415818886021, 8.716680230306695, 0.0 ], [ 12.396191066716908, 8.730879042432216, 0.0 ], [ 12.395833332594799, 8.733333333664772, 0.0 ], [ 12.389456176114871, 8.732766045814715, 0.0 ], [ 12.385543823042589, 8.729733954556751, 0.0 ], [ 12.372048271765218, 8.7285993788567, 0.0 ], [ 12.370266044797212, 8.735543824086676, 0.0 ], [ 12.357400173635451, 8.749297417840047, 0.0 ], [ 12.347789510135001, 8.750567288448121, 0.0 ], [ 12.33137715618953, 8.766099379681203, 0.0 ], [ 12.32083333275175, 8.766666667531284, 0.0 ], [ 12.320833332751761, 8.770833333590076, 0.0 ], [ 12.316666666693342, 8.770833333590089, 0.0 ], [ 12.315758598740443, 8.774372016553979, 0.0 ], [ 12.29508666977582, 8.775567288398371, 0.0 ], [ 12.289710489309922, 8.771400621440227, 0.0 ], [ 12.265920002869997, 8.770266045740245, 0.0 ], [ 12.26054382330336, 8.774432712698356, 0.0 ], [ 12.257586669853733, 8.775567288398484, 0.0 ], [ 12.252210489387783, 8.771400621440362, 0.0 ], [ 12.249253335938144, 8.770266045740303, 0.0 ], [ 12.243877156371497, 8.774432712698426, 0.0 ], [ 12.241666665949838, 8.77500000054849, 0.0 ], [ 12.241313340304455, 8.781591119233644, 0.0 ], [ 12.237853325536838, 8.785075548796414, 0.0 ], [ 12.237146674246025, 8.798257786166795, 0.0 ], [ 12.233686658579073, 8.801742214830217, 0.0 ], [ 12.233333332933659, 8.804166667456629, 0.0 ], [ 12.225899589961333, 8.804827881400517, 0.0 ], [ 12.224432712067381, 8.810543823937243, 0.0 ], [ 12.221400620809572, 8.814456177009864, 0.0 ], [ 12.22026604510957, 8.823043823912263, 0.0 ], [ 12.208900620835465, 8.835289510901182, 0.0 ], [ 12.207766045135529, 8.848043823862357, 0.0 ], [ 12.203770785362387, 8.853198920392876, 0.0 ], [ 12.199999999969204, 8.854166667356763, 0.0 ], [ 12.199999999969215, 8.858333333415617, 0.0 ], [ 12.196541849496212, 8.859220716961522, 0.0 ], [ 12.195266045161416, 8.868877156854323, 0.0 ], [ 12.191270785388252, 8.874032254284117, 0.0 ], [ 12.185289509573471, 8.8755672881988, 0.0 ], [ 12.181377156501062, 8.878599379456844, 0.0 ], [ 12.172789509599253, 8.879733955157009, 0.0 ], [ 12.164710489569005, 8.886932712473753, 0.0 ], [ 12.162500000046714, 8.88750000032382, 0.0 ], [ 12.155066257074299, 8.886838786380045, 0.0 ], [ 12.153599378280934, 8.881122843843217, 0.0 ], [ 12.14904022200116, 8.875655789582103, 0.0 ], [ 12.135289509676531, 8.874432712498862, 0.0 ], [ 12.131241183607376, 8.87129516673772, 0.0 ], [ 12.123043822688373, 8.878599379457011, 0.0 ], [ 12.115920003180147, 8.879733955157116, 0.0 ], [ 12.11054382271406, 8.875567288198967, 0.0 ], [ 12.104166666233809, 8.875000000348898, 0.0 ], [ 12.095833333217415, 8.875000000348972, 0.0 ], [ 12.093408880591181, 8.87535332599446, 0.0 ], [ 12.085757784970053, 8.882980007720439, 0.0 ], [ 12.069120449426347, 8.88368665991073, 0.0 ], [ 12.064924451979181, 8.879519992952627, 0.0 ], [ 12.058333333294378, 8.879166667307185, 0.0 ], [ 12.043408880693731, 8.87881334166177, 0.0 ], [ 12.039924452030448, 8.875353325994579, 0.0 ], [ 12.035075547677208, 8.874646674703618, 0.0 ], [ 12.031591118114584, 8.871186659935823, 0.0 ], [ 12.01840888074485, 8.870480007745563, 0.0 ], [ 12.010757785123644, 8.862853326019591, 0.0 ], [ 12.005908880770448, 8.862146674728706, 0.0 ], [ 12.002424452107158, 8.858686659960824, 0.0 ], [ 11.998284403283114, 8.857980007770557, 0.0 ], [ 11.989924452132712, 8.866313341686826, 0.0 ], [ 11.987499999506435, 8.866666667332264, 0.0 ], [ 11.984184264773175, 8.865815905079403, 0.0 ], [ 11.98276604559781, 8.860289510851681, 0.0 ], [ 11.979733954339904, 8.856377156879766, 0.0 ], [ 11.978599378639835, 8.851956176935497, 0.0 ], [ 11.975567287381969, 8.848043823862795, 0.0 ], [ 11.974149068206524, 8.842517429635139, 0.0 ], [ 11.968622843051604, 8.841099379532231, 0.0 ], [ 11.956377156063224, 8.82973395525733, 0.0 ], [ 11.945086669596948, 8.828599379557227, 0.0 ], [ 11.938637118591251, 8.833597819583222, 0.0 ], [ 11.93693271175839, 8.826956176985522, 0.0 ], [ 11.932937451985108, 8.82180108045503, 0.0 ], [ 11.926956176170142, 8.820266045641015, 0.0 ], [ 11.918877156139677, 8.813067288324261, 0.0 ], [ 11.914456176195584, 8.81193271262415, 0.0 ], [ 11.905086432077557, 8.803583781765692, 0.0 ], [ 11.904166666642746, 8.800000000499175, 0.0 ], [ 11.901742214016451, 8.799646674853742, 0.0 ], [ 11.896188184521799, 8.794120280626009, 0.0 ], [ 11.895833332726806, 8.787500000524174, 0.0 ], [ 11.894924078568094, 8.783956909982978, 0.0 ], [ 11.883333332752285, 8.783333333566091, 0.0 ], [ 11.883333332752274, 8.787500000524187, 0.0 ], [ 11.883900620602276, 8.802210490021707, 0.0 ], [ 11.886932711860211, 8.806122843993666, 0.0 ], [ 11.888067287560284, 8.810543823937907, 0.0 ], [ 11.891099378818174, 8.814456177010506, 0.0 ], [ 11.892233954518257, 8.819618395272295, 0.0 ], [ 11.884184095005155, 8.821684095743977, 0.0 ], [ 11.882766044902286, 8.827210489971733, 0.0 ], [ 11.879733954543687, 8.831122843943676, 0.0 ], [ 11.878599378843612, 8.839710489946771, 0.0 ], [ 11.875468613970856, 8.84375000086146, 0.0 ], [ 11.878599378843626, 8.847789510876813, 0.0 ], [ 11.879733954543731, 8.864710490796094, 0.0 ], [ 11.882766044902338, 8.868622843868771, 0.0 ], [ 11.883900620602368, 8.873043823813033, 0.0 ], [ 11.886932711860311, 8.876956176885633, 0.0 ], [ 11.887499999710359, 8.88750000032433, 0.0 ], [ 11.875909084821968, 8.888123576741279, 0.0 ], [ 11.874432711885737, 8.893877156804948, 0.0 ], [ 11.86569383408907, 8.903511895157418, 0.0 ], [ 11.859344754712051, 8.904076693660125, 0.0 ], [ 11.859648, 8.9045821, 0.0 ], [ 11.8608796, 8.9066348, 0.0 ], [ 11.8646867, 8.9098709, 0.0 ], [ 11.8624025, 8.9151628, 0.0 ], [ 11.869516, 8.9293898, 0.0 ], [ 11.8696062, 8.9295702, 0.0 ], [ 11.8736335, 8.9376249, 0.0 ], [ 11.872651898418651, 8.942051084464696, 0.0 ], [ 11.871539600058293, 8.947066600542767, 0.0 ], [ 11.866592107155764, 8.951643013012427, 0.0 ], [ 11.8639253, 8.9541098, 0.0 ], [ 11.854697700151011, 8.965689590919043, 0.0 ], [ 11.854217099825687, 8.966292700247539, 0.0 ], [ 11.843747500133789, 8.978856200452919, 0.0 ], [ 11.831923267475277, 8.991328310033111, 0.0 ], [ 11.8298514, 8.9935137, 0.0 ], [ 11.8311082, 9.008386, 0.0 ], [ 11.831108199666433, 9.008386000060529, 0.0 ], [ 11.83110819967091, 9.008386000113507, 0.0 ], [ 11.831057499605166, 9.008395200157295, 0.0 ], [ 11.830898444372423, 9.008458564519456, 0.0 ], [ 11.830868314728892, 9.008470567555204, 0.0 ], [ 11.825281100030161, 9.010696400717983, 0.0 ], [ 11.819322599545895, 9.012020100247078, 0.0 ], [ 11.816240800060587, 9.012704900710309, 0.0 ], [ 11.799850499289306, 9.01762010038704, 0.0 ], [ 11.794934000092388, 9.019021700091134, 0.0 ], [ 11.794873799474614, 9.019038900524539, 0.0 ], [ 11.792704599625964, 9.019657300443759, 0.0 ], [ 11.791758499343683, 9.019927000830126, 0.0 ], [ 11.786502658419234, 9.023065331080796, 0.0 ], [ 11.786502655840572, 9.023065332620549, 0.0 ], [ 11.7859879, 9.0233727, 0.0 ], [ 11.785901070440334, 9.023415912234233, 0.0 ], [ 11.776749599503292, 9.027970300688535, 0.0 ], [ 11.772812399961284, 9.030419000835931, 0.0 ], [ 11.767517100023293, 9.033712400006964, 0.0 ], [ 11.758300800031281, 9.042886700760345, 0.0 ], [ 11.756742677478956, 9.044731915492891, 0.0 ], [ 11.756163671037189, 9.04541760717785, 0.0 ], [ 11.757172932068492, 9.046505036355992, 0.0 ], [ 11.75758178179359, 9.046510300188032, 0.0 ], [ 11.758108857483034, 9.047047904710265, 0.0 ], [ 11.75893731282094, 9.047578472730898, 0.0 ], [ 11.759207754008676, 9.048123831853385, 0.0 ], [ 11.760306672673183, 9.048643357811377, 0.0 ], [ 11.760682221835252, 9.050286123674914, 0.0 ], [ 11.766099378172967, 9.056122843494164, 0.0 ], [ 11.766781896055152, 9.058782737873429, 0.0 ], [ 11.766872664800456, 9.05887514945938, 0.0 ], [ 11.767133198856895, 9.060151827786193, 0.0 ], [ 11.76735294663537, 9.061008224220744, 0.0 ], [ 11.768040797790475, 9.061333279837946, 0.0 ], [ 11.768309190708299, 9.06160759157112, 0.0 ], [ 11.768667134553528, 9.061944248538719, 0.0 ], [ 11.773043822503437, 9.063067288724092, 0.0 ], [ 11.773673211627154, 9.063555067873835, 0.0 ], [ 11.774049697906129, 9.063456129173787, 0.0 ], [ 11.775330039769184, 9.063180659839681, 0.0 ], [ 11.775691984089729, 9.064262101062361, 0.0 ], [ 11.776533364824257, 9.064526229543054, 0.0 ], [ 11.777553266281799, 9.065565611594018, 0.0 ], [ 11.778497397048952, 9.06617040885275, 0.0 ], [ 11.77892315725212, 9.066604174087562, 0.0 ], [ 11.781377156419405, 9.067233954782909, 0.0 ], [ 11.786609527354155, 9.072207564205444, 0.0 ], [ 11.787213045123757, 9.072300490814708, 0.0 ], [ 11.787372870138887, 9.07293315665944, 0.0 ], [ 11.78860301164597, 9.074102462786048, 0.0 ], [ 11.788867593901751, 9.074271990380584, 0.0 ], [ 11.788866567790166, 9.074352985032746, 0.0 ], [ 11.799944729354022, 9.084883287533367, 0.0 ], [ 11.795631917167627, 9.090447998276195, 0.0 ], [ 11.796909246752678, 9.096145630616091, 0.0 ], [ 11.801956176424598, 9.092233954732926, 0.0 ], [ 11.817664252391047, 9.091099379032766, 0.0 ], [ 11.824080660426212, 9.097101647803129, 0.0 ], [ 11.824690599962238, 9.096460372362479, 0.0 ], [ 11.826666075173613, 9.096124784399827, 0.0 ], [ 11.827195375834606, 9.095568019139549, 0.0 ], [ 11.827748273326097, 9.095032245546081, 0.0 ], [ 11.828012389599753, 9.094753866331285, 0.0 ], [ 11.831288815334547, 9.09446268332362, 0.0 ], [ 11.831829847434824, 9.094180033901615, 0.0 ], [ 11.832100453881782, 9.094456376269598, 0.0 ], [ 11.832391277057377, 9.094729914065622, 0.0 ], [ 11.833070842783812, 9.096755269382609, 0.0 ], [ 11.833862832274793, 9.097499747129259, 0.0 ], [ 11.833378265522761, 9.099948115737122, 0.0 ], [ 11.834108781698978, 9.101001157522555, 0.0 ], [ 11.834616393706231, 9.101478397049283, 0.0 ], [ 11.835161815343875, 9.102292545663802, 0.0 ], [ 11.835442982411353, 9.102556095489028, 0.0 ], [ 11.835713588786488, 9.103101349036253, 0.0 ], [ 11.837907795406766, 9.103350520034349, 0.0 ], [ 11.837423625864991, 9.103820131961147, 0.0 ], [ 11.837102633182649, 9.105529825186904, 0.0 ], [ 11.83573491992375, 9.105806222867031, 0.0 ], [ 11.835447318396321, 9.107023350229284, 0.0 ], [ 11.835506511498798, 9.109125515758148, 0.0 ], [ 11.836868409426964, 9.11040495287121, 0.0 ], [ 11.838048130721949, 9.112345149296706, 0.0 ], [ 11.840759382736501, 9.112256101708304, 0.0 ], [ 11.841789671695798, 9.111998028820647, 0.0 ], [ 11.842051638601701, 9.111448623974939, 0.0 ], [ 11.843419901511297, 9.111106023621479, 0.0 ], [ 11.844847190295997, 9.110011796717332, 0.0 ], [ 11.845308853777851, 9.109525941376338, 0.0 ], [ 11.84585850941758, 9.109255905330787, 0.0 ], [ 11.846122614651113, 9.108977514239092, 0.0 ], [ 11.846399584926166, 9.108709610707471, 0.0 ], [ 11.846663689347238, 9.10843121946621, 0.0 ], [ 11.847213341911162, 9.108161182180307, 0.0 ], [ 11.847569359870459, 9.10778678782577, 0.0 ], [ 11.849388359334581, 9.107331065681752, 0.0 ], [ 11.849668307329214, 9.107036139196167, 0.0 ], [ 11.850814606942032, 9.107050453476358, 0.0 ], [ 11.854651113124492, 9.107800117066013, 0.0 ], [ 11.855653593432566, 9.10727666032837, 0.0 ], [ 11.858045952954919, 9.106992144644302, 0.0 ], [ 11.858389056813005, 9.10834459129136, 0.0 ], [ 11.860482653077174, 9.108666393929047, 0.0 ], [ 11.860851808179705, 9.109409347157316, 0.0 ], [ 11.861678356822635, 9.10966858020328, 0.0 ], [ 11.861946847317368, 9.109942789719165, 0.0 ], [ 11.862986585081298, 9.110434000606109, 0.0 ], [ 11.863029480112703, 9.110251871925955, 0.0 ], [ 11.866137186368245, 9.106414795705863, 0.0 ], [ 11.86719614617132, 9.093585205892127, 0.0 ], [ 11.878780619215945, 9.081262207784262, 0.0 ], [ 11.874470519384802, 9.075940619763408, 0.0 ], [ 11.875975036604434, 9.071410115883731, 0.0 ], [ 11.898081630647743, 9.070303684467008, 0.0 ], [ 11.90191836872259, 9.067196316356462, 0.0 ], [ 11.906414964563679, 9.066137017508904, 0.0 ], [ 11.910251701739226, 9.063029650297695, 0.0 ], [ 11.916666666617694, 9.062500000873866, 0.0 ], [ 11.920833332676317, 9.062500000873868, 0.0 ], [ 11.921732923619633, 9.066005452988813, 0.0 ], [ 11.929166666592215, 9.066666666932683, 0.0 ], [ 11.929696146044108, 9.068914795780746, 0.0 ], [ 11.938454182997635, 9.078410170692312, 0.0 ], [ 11.943914964487304, 9.079696316331468, 0.0 ], [ 11.947751701662831, 9.082803684441954, 0.0 ], [ 11.960581630520455, 9.08386298328953, 0.0 ], [ 11.964418368595295, 9.086970350500735, 0.0 ], [ 11.967607455402065, 9.0880296502476, 0.0 ], [ 11.974000718740193, 9.082851156055426, 0.0 ], [ 11.978394063417124, 9.084219700278382, 0.0 ], [ 11.979696145942164, 9.089748128772579, 0.0 ], [ 11.982803853097026, 9.093585205891969, 0.0 ], [ 11.983333333448194, 9.100000000798879, 0.0 ], [ 11.994091118191724, 9.100353326444274, 0.0 ], [ 11.997575547754359, 9.103813341212149, 0.0 ], [ 12.006591118166208, 9.104519992503052, 0.0 ], [ 12.010075547728823, 9.107980008170237, 0.0 ], [ 12.019091118140679, 9.108686659461124, 0.0 ], [ 12.030908880719803, 9.120480008145229, 0.0 ], [ 12.035757785073034, 9.121186659436111, 0.0 ], [ 12.039242214635649, 9.124646675103303, 0.0 ], [ 12.041666666362589, 9.125000000748773, 0.0 ], [ 12.045833333320486, 9.125000000748754, 0.0 ], [ 12.046739027063214, 9.128528849626051, 0.0 ], [ 12.064710489775178, 9.129733954657548, 0.0 ], [ 12.069865586305411, 9.133729384402876, 0.0 ], [ 12.070833333269313, 9.137500000723767, 0.0 ], [ 12.073257784996253, 9.137146675078286, 0.0 ], [ 12.076742214558836, 9.133686659411048, 0.0 ], [ 12.07916666628577, 9.133333333765604, 0.0 ], [ 12.07973395413581, 9.139710490246161, 0.0 ], [ 12.082766045393642, 9.143622844218179, 0.0 ], [ 12.08390062109371, 9.148043823263107, 0.0 ], [ 12.086932711452267, 9.151956177235029, 0.0 ], [ 12.08806728715229, 9.156377157179275, 0.0 ], [ 12.092062546925519, 9.161532253709753, 0.0 ], [ 12.099338785332836, 9.163399590717766, 0.0 ], [ 12.099999999276646, 9.170833333690627, 0.0 ], [ 12.108333333192443, 9.170833333690629, 0.0 ], [ 12.108691066415235, 9.16837819439734, 0.0 ], [ 12.119117397025274, 9.157980008070103, 0.0 ], [ 12.127424451851534, 9.158686659360974, 0.0 ] ] ] } },
{ "type": "Feature", "properties": { "Stra_Catch": "Hawal-Kilunga", "State": "Adamawa", "LGA": "Ganye", "Population": 0, "Cleard_TOR": "Cleared", "Status": "Completed", "Start_Date": "2024-01-04T00:00:00", "End_Date": "2024-03-15T00:00:00", "Micr_Catch": "Toungo-Ganye", "Size_Ha": 171289.36091700001, "Comments": null, "OBJECTID_1": 0, "Shape_Leng": 0.0, "Shape_Area": 0.0, "parent_strategic_name": "Hawal-Kilunga", "clipped_to_state": true }, "geometry": { "type": "Polygon", "coordinates": [ [ [ 12.162500000046586, 8.800000000498811, 0.0 ], [ 12.164635043643823, 8.799357096751685, 0.0 ], [ 12.168698289465683, 8.796476237287596, 0.0 ], [ 12.182561916169735, 8.79506191757253, 0.0 ], [ 12.183976066812063, 8.781198459940022, 0.0 ], [ 12.188142733769869, 8.775321791466521, 0.0 ], [ 12.186857265320368, 8.768698459964979, 0.0 ], [ 12.183976066812015, 8.764634874199153, 0.0 ], [ 12.183333333037007, 8.750000000598511, 0.0 ], [ 12.18298000739145, 8.743408881913361, 0.0 ], [ 12.179181246787339, 8.739583334102768, 0.0 ], [ 12.18331875232856, 8.735416667144431, 0.0 ], [ 12.179519991724447, 8.731591119333832, 0.0 ], [ 12.17916666607907, 8.729166666707462, 0.0 ], [ 12.18137715650057, 8.728599378857341, 0.0 ], [ 12.197789509547249, 8.713067288523556, 0.0 ], [ 12.202210489491195, 8.711932712823533, 0.0 ], [ 12.206122843462913, 8.70890062156543, 0.0 ], [ 12.21054382250748, 8.707766045865348, 0.0 ], [ 12.214456176479198, 8.704733954607248, 0.0 ], [ 12.219982401633962, 8.70331590450431, 0.0 ], [ 12.220833332959323, 8.700000000698392, 0.0 ], [ 12.224999999917124, 8.700000000698385, 0.0 ], [ 12.224999999917108, 8.695833333740229, 0.0 ], [ 12.221470981068126, 8.694927639997472, 0.0 ], [ 12.220266045109176, 8.676956177284669, 0.0 ], [ 12.213067287792793, 8.668877157253966, 0.0 ], [ 12.211932712092832, 8.65612284429278, 0.0 ], [ 12.207342868246776, 8.650619167839363, 0.0 ], [ 12.195833333010862, 8.650000000798386, 0.0 ], [ 12.189418368132573, 8.650529650222269, 0.0 ], [ 12.18409186441769, 8.655112712280884, 0.0 ], [ 12.182745869795912, 8.660827297740655, 0.0 ], [ 12.176151698812154, 8.667196316256117, 0.0 ], [ 12.171605936135592, 8.665780301318984, 0.0 ], [ 12.170833333062561, 8.662500000773484, 0.0 ], [ 12.166666666104732, 8.662500000773493, 0.0 ], [ 12.164242214377836, 8.662146675128108, 0.0 ], [ 12.139584350709871, 8.637513563499294, 0.0 ], [ 12.135757784866732, 8.641313341236941, 0.0 ], [ 12.131620449297364, 8.642019992527853, 0.0 ], [ 12.127424451850349, 8.637853326469079, 0.0 ], [ 12.122575547497044, 8.637146674278815, 0.0 ], [ 12.119091117934584, 8.633686659511, 0.0 ], [ 12.110075547522911, 8.632980008220123, 0.0 ], [ 12.102424451901554, 8.625353326494157, 0.0 ], [ 12.089242214531998, 8.624646674303911, 0.0 ], [ 12.083691405509729, 8.619123671419706, 0.0 ], [ 12.083333333242486, 8.616666666482805, 0.0 ], [ 12.086649067975818, 8.615815903780186, 0.0 ], [ 12.088067288050423, 8.610289509552628, 0.0 ], [ 12.095266045366813, 8.602210489521834, 0.0 ], [ 12.095833333216721, 8.599999999999222, 0.0 ], [ 12.095833333216714, 8.595833333041066, 0.0 ], [ 12.098290167731959, 8.595475259874593, 0.0 ], [ 12.104519991878643, 8.589214409116924, 0.0 ], [ 12.103813340587717, 8.56007554744779, 0.0 ], [ 12.096186658862155, 8.552424451826369, 0.0 ], [ 12.09548000757129, 8.547575547472775, 0.0 ], [ 12.092019991904223, 8.544091118809327, 0.0 ], [ 12.091666666258863, 8.52500000014914, 0.0 ], [ 12.094091118884927, 8.524646673604428, 0.0 ], [ 12.097575547548175, 8.521186658836534, 0.0 ], [ 12.102424451901316, 8.520480007545633, 0.0 ], [ 12.105908881463934, 8.517019991878422, 0.0 ], [ 12.112500000148698, 8.516666666232844, 0.0 ], [ 12.112853325794235, 8.514242214505851, 0.0 ], [ 12.1163133405619, 8.51075778494301, 0.0 ], [ 12.11702473937388, 8.505876328728805, 0.0 ], [ 12.122575547496721, 8.500353325844632, 0.0 ], [ 12.127424451850016, 8.499646673654345, 0.0 ], [ 12.139242214428798, 8.48785332586956, 0.0 ], [ 12.141666666155812, 8.48750000022399, 0.0 ], [ 12.142019992700552, 8.485075547597623, 0.0 ], [ 12.14548000746815, 8.481591118934157, 0.0 ], [ 12.146186658758978, 8.472575547622576, 0.0 ], [ 12.150353325716861, 8.468379720147082, 0.0 ], [ 12.149646674425988, 8.460075547647591, 0.0 ], [ 12.146186658758941, 8.45659111808477, 0.0 ], [ 12.145833333113622, 8.454166666357715, 0.0 ], [ 12.146400620963442, 8.418622842969009, 0.0 ], [ 12.149432712221275, 8.414710489896384, 0.0 ], [ 12.150567287921245, 8.40612284299397, 0.0 ], [ 12.161932712195444, 8.393877156005068, 0.0 ], [ 12.163350931370884, 8.38835076177733, 0.0 ], [ 12.16887715652568, 8.386932711674339, 0.0 ], [ 12.172789509598031, 8.38390062131584, 0.0 ], [ 12.195833333010118, 8.383333333465668, 0.0 ], [ 12.194906954860359, 8.380093044657386, 0.0 ], [ 12.189506530470544, 8.378549193789437, 0.0 ], [ 12.185493469516889, 8.375617472267528, 0.0 ], [ 12.181173197454227, 8.374382527730509, 0.0 ], [ 12.177160135601197, 8.371450805309621, 0.0 ], [ 12.172839864437904, 8.370215860772433, 0.0 ], [ 12.156326802610627, 8.354784138376537, 0.0 ], [ 12.152006530548007, 8.353549193839344, 0.0 ], [ 12.14799346959428, 8.350617472317785, 0.0 ], [ 12.139506530573763, 8.349382527780596, 0.0 ], [ 12.125806342161706, 8.336882527805592, 0.0 ], [ 12.11745571518226, 8.338328382248189, 0.0 ], [ 12.115667046370428, 8.35061747231785, 0.0 ], [ 12.085339863718838, 8.349382527780712, 0.0 ], [ 12.081326802765135, 8.346450805359595, 0.0 ], [ 12.077006530702423, 8.34521586082257, 0.0 ], [ 12.072993468849342, 8.342284138401686, 0.0 ], [ 12.068673197685998, 8.341049193864658, 0.0 ], [ 12.062969122603274, 8.33688252780572, 0.0 ], [ 12.060339863770192, 8.338117472342756, 0.0 ], [ 12.056326802816436, 8.341049193864684, 0.0 ], [ 12.052006530753772, 8.342284138401727, 0.0 ], [ 12.047993468900634, 8.345215860822625, 0.0 ], [ 12.041780598773112, 8.346991984092089, 0.0 ], [ 12.038117642093095, 8.352006361004223, 0.0 ], [ 12.036638556801615, 8.362169053558381, 0.0 ], [ 12.031326802867788, 8.366049193814566, 0.0 ], [ 12.025926377578555, 8.367593044682707, 0.0 ], [ 12.025000000328113, 8.370833333490991, 0.0 ], [ 12.018408881643294, 8.370480006946297, 0.0 ], [ 12.014924452080628, 8.367019992178252, 0.0 ], [ 12.0083333333958, 8.366666666532925, 0.0 ], [ 12.004790242854829, 8.365757581446767, 0.0 ], [ 12.004166666437822, 8.354166667007702, 0.0 ], [ 12.005093044587644, 8.350926378648991, 0.0 ], [ 12.010493468977511, 8.349382527780847, 0.0 ], [ 12.014506530830664, 8.346450806259091, 0.0 ], [ 12.020141261888291, 8.344839817402979, 0.0 ], [ 12.021538967527773, 8.325807020676944, 0.0 ], [ 12.031326801968332, 8.324382527830805, 0.0 ], [ 12.047839863795774, 8.308950806333993, 0.0 ], [ 12.056326801916994, 8.307715861796947, 0.0 ], [ 12.060339863770125, 8.304784139375869, 0.0 ], [ 12.068826801891335, 8.303549194838821, 0.0 ], [ 12.07700653070232, 8.296450806358958, 0.0 ], [ 12.081326801865648, 8.295215861821921, 0.0 ], [ 12.085339863718717, 8.292284139400788, 0.0 ], [ 12.093826801839901, 8.291049194863739, 0.0 ], [ 12.10200653065086, 8.283950806383876, 0.0 ], [ 12.122993468746301, 8.282715861846803, 0.0 ], [ 12.127006530599347, 8.279784139425725, 0.0 ], [ 12.133333333138781, 8.279166666707564, 0.0 ], [ 12.13333333313874, 8.262500000673809, 0.0 ], [ 12.13298000749341, 8.255908881988487, 0.0 ], [ 12.124646673577656, 8.247549099910161, 0.0 ], [ 12.125353325767879, 8.243408882013471, 0.0 ], [ 12.129152085472613, 8.239583334202855, 0.0 ], [ 12.125353325767863, 8.235757785492714, 0.0 ], [ 12.124646673577619, 8.230908882038495, 0.0 ], [ 12.121186658809945, 8.227424452475843, 0.0 ], [ 12.120478651341493, 8.214215087955242, 0.0 ], [ 12.106591117959301, 8.200353326444146, 0.0 ], [ 12.104166666436347, 8.20000000039898, 0.0 ], [ 12.104901631646769, 8.19247131347584, 0.0 ], [ 12.118673197401025, 8.179784138996618, 0.0 ], [ 12.128478664794198, 8.178357272677104, 0.0 ], [ 12.129166666638779, 8.166666666665847, 0.0 ], [ 12.128813340900864, 8.16424221462599, 0.0 ], [ 12.12464667423451, 8.160046386717989, 0.0 ], [ 12.125353325710085, 8.151742214625951, 0.0 ], [ 12.128813340900825, 8.148257785372566, 0.0 ], [ 12.129166666638731, 8.145833333332536, 0.0 ], [ 12.126956176730063, 8.145266045463606, 0.0 ], [ 12.104868740479112, 8.124063449435042, 0.0 ], [ 12.103458150201345, 8.113387383354295, 0.0 ], [ 12.099999999973695, 8.11249999999924, 0.0 ], [ 12.095833333307336, 8.112499999999248, 0.0 ], [ 12.09498240150397, 8.115815904404688, 0.0 ], [ 12.091666666449481, 8.116666666849175, 0.0 ], [ 12.091666666257968, 8.112500000074228, 0.0 ], [ 12.091313340612421, 8.110075548347181, 0.0 ], [ 12.083686658886869, 8.102424452725588, 0.0 ], [ 12.083333333241379, 8.100000000099213, 0.0 ], [ 12.081122842819857, 8.099432712249271, 0.0 ], [ 12.077210489747285, 8.096400621890565, 0.0 ], [ 12.072789509803277, 8.095266046190336, 0.0 ], [ 12.068877155831666, 8.09223395493248, 0.0 ], [ 12.065920003281279, 8.091099379232427, 0.0 ], [ 12.060543822815088, 8.095266046190357, 0.0 ], [ 12.057586669365497, 8.096400621890599, 0.0 ], [ 12.052210489798606, 8.09223395493251, 0.0 ], [ 12.034239027086759, 8.091028849900937, 0.0 ], [ 12.032766045493943, 8.085289510601831, 0.0 ], [ 12.02973395423623, 8.08137715662984, 0.0 ], [ 12.028599378536216, 8.076956177584963, 0.0 ], [ 12.017233954261812, 8.064710490596106, 0.0 ], [ 12.016099378561798, 8.060289510651849, 0.0 ], [ 12.003200106578534, 8.046499973694404, 0.0 ], [ 11.990920002535638, 8.045266046290456, 0.0 ], [ 11.98430107951099, 8.050396050836584, 0.0 ], [ 11.982766045596538, 8.056377156679904, 0.0 ], [ 11.9755672873807, 8.064456177610015, 0.0 ], [ 11.974432711680697, 8.068877156654949, 0.0 ], [ 11.969337632306514, 8.074986776518097, 0.0 ], [ 11.964710489977882, 8.071400621940739, 0.0 ], [ 11.960289510033823, 8.070266046240684, 0.0 ], [ 11.956250000018612, 8.067135281367756, 0.0 ], [ 11.952083333060706, 8.070364719855595, 0.0 ], [ 11.948043823045492, 8.067233954982665, 0.0 ], [ 11.939456176143453, 8.066099379282612, 0.0 ], [ 11.935543823070999, 8.063067288024529, 0.0 ], [ 11.92916666659073, 8.06250000017442, 0.0 ], [ 11.924999999632753, 8.062500000174428, 0.0 ], [ 11.917566256660256, 8.063161215017697, 0.0 ], [ 11.916099378766306, 8.068877156655033, 0.0 ], [ 11.90996501845159, 8.075761625321594, 0.0 ], [ 11.910770830034016, 8.076143994706266, 0.0 ], [ 11.911040311840329, 8.076689424158943, 0.0 ], [ 11.911599670864099, 8.077216907407227, 0.0 ], [ 11.911592149853512, 8.077797656817078, 0.0 ], [ 11.910790807302462, 8.079375003565065, 0.0 ], [ 11.910537796975376, 8.081571489741069, 0.0 ], [ 11.910166448250575, 8.081931446211589, 0.0 ], [ 11.910550922095771, 8.08266079766304, 0.0 ], [ 11.910543204817992, 8.083214023387628, 0.0 ], [ 11.909717175246257, 8.084016579824434, 0.0 ], [ 11.9097533070904, 8.08535134292228, 0.0 ], [ 11.909472456755118, 8.086480330344711, 0.0 ], [ 11.90891543655534, 8.087021589787858, 0.0 ], [ 11.907860337768614, 8.088650023817705, 0.0 ], [ 11.907677374394577, 8.090706719938792, 0.0 ], [ 11.906475920786175, 8.091708719942146, 0.0 ], [ 11.905815884761362, 8.092694488662705, 0.0 ], [ 11.905069824482505, 8.09288138985727, 0.0 ], [ 11.904626776190081, 8.093250887595168, 0.0 ], [ 11.904664267661886, 8.094614708905988, 0.0 ], [ 11.904089445543123, 8.094897770015411, 0.0 ], [ 11.903570320335696, 8.095985579569168, 0.0 ], [ 11.902719276912448, 8.096267429512535, 0.0 ], [ 11.901946406287658, 8.097081252141502, 0.0 ], [ 11.900026625741823, 8.097362231549099, 0.0 ], [ 11.899504695157969, 8.097911707569979, 0.0 ], [ 11.898023788067301, 8.098210733220972, 0.0 ], [ 11.897618505830192, 8.100364383732838, 0.0 ], [ 11.897344922336266, 8.101177300405157, 0.0 ], [ 11.897857581357924, 8.102151375483729, 0.0 ], [ 11.898187347846971, 8.104733870125868, 0.0 ], [ 11.897106991180422, 8.105783324584833, 0.0 ], [ 11.896845442792014, 8.106348419103011, 0.0 ], [ 11.897393083265666, 8.106865409553176, 0.0 ], [ 11.897672293120658, 8.108765926210483, 0.0 ], [ 11.897952527389286, 8.1090296678292, 0.0 ], [ 11.898223974929063, 8.1098461191949, 0.0 ], [ 11.898649405763203, 8.110653532613334, 0.0 ], [ 11.898234556375463, 8.111470633499279, 0.0 ], [ 11.898515867214329, 8.111735954497846, 0.0 ], [ 11.899016083092054, 8.112247499504535, 0.0 ], [ 11.899999999683837, 8.112500000074531, 0.0 ], [ 11.899960167585773, 8.113712776950853, 0.0 ], [ 11.90117427006617, 8.113998532238728, 0.0 ], [ 11.90152246811998, 8.114701148771085, 0.0 ], [ 11.902074669140994, 8.114962946016094, 0.0 ], [ 11.902342239328162, 8.115237360563315, 0.0 ], [ 11.903710320471285, 8.115493335183755, 0.0 ], [ 11.903704761909921, 8.115902564378271, 0.0 ], [ 11.903716318915054, 8.116328081288044, 0.0 ], [ 11.90453246608954, 8.117098285489973, 0.0 ], [ 11.904809548679738, 8.117956504230875, 0.0 ], [ 11.903952865290515, 8.118789468032757, 0.0 ], [ 11.9042893138609, 8.120368239660007, 0.0 ], [ 11.904284904184639, 8.120641416926771, 0.0 ], [ 11.904293227156804, 8.120912385626061, 0.0 ], [ 11.904287652028438, 8.121318967646495, 0.0 ], [ 11.904322175850982, 8.122573814351112, 0.0 ], [ 11.90485273207379, 8.123073966311283, 0.0 ], [ 11.905122303023308, 8.123625212638164, 0.0 ], [ 11.904309474077396, 8.123614081161977, 0.0 ], [ 11.902914796011389, 8.12365262790294, 0.0 ], [ 11.902407611898997, 8.12418666024236, 0.0 ], [ 11.9018529726069, 8.124178973850405, 0.0 ], [ 11.901328913866877, 8.124730595621289, 0.0 ], [ 11.900780516603387, 8.125000244383108, 0.0 ], [ 11.899965510941632, 8.125426367359067, 0.0 ], [ 11.899984167989848, 8.126100630499149, 0.0 ], [ 11.899374340766821, 8.126693094157277, 0.0 ], [ 11.897808339403696, 8.127731740675186, 0.0 ], [ 11.897533122632867, 8.128021142900172, 0.0 ], [ 11.897553101221421, 8.128731924685043, 0.0 ], [ 11.896450224533055, 8.130202396911066, 0.0 ], [ 11.895108230533198, 8.130184436903233, 0.0 ], [ 11.894846423146262, 8.131010510178291, 0.0 ], [ 11.89455416206267, 8.131294210690145, 0.0 ], [ 11.89348205177218, 8.131280145695866, 0.0 ], [ 11.89349763111562, 8.13182262518314, 0.0 ], [ 11.892949703066236, 8.132900593169257, 0.0 ], [ 11.892968504265978, 8.13359603405979, 0.0 ], [ 11.892950723950227, 8.134967723890529, 0.0 ], [ 11.892051868203252, 8.135409789255277, 0.0 ], [ 11.890537606217052, 8.137003882972641, 0.0 ], [ 11.889725158849757, 8.137792058779278, 0.0 ], [ 11.889191320661286, 8.138910688673249, 0.0 ], [ 11.887282996662238, 8.139190008991049, 0.0 ], [ 11.88536201975076, 8.139483704516195, 0.0 ], [ 11.884596427548781, 8.14028901175759, 0.0 ], [ 11.883937887718394, 8.140613426860245, 0.0 ], [ 11.882337523948523, 8.142654900131584, 0.0 ], [ 11.883253376512497, 8.143840512318198, 0.0 ], [ 11.883228285143549, 8.145678102244609, 0.0 ], [ 11.882171622330143, 8.147086304199947, 0.0 ], [ 11.881639883333465, 8.147908477752701, 0.0 ], [ 11.8813634244285, 8.148176181957947, 0.0 ], [ 11.881371758191245, 8.148449802968504, 0.0 ], [ 11.881357209060139, 8.149534039020221, 0.0 ], [ 11.881394593994942, 8.150896879274717, 0.0 ], [ 11.880700291827431, 8.151571458579555, 0.0 ], [ 11.881135680796641, 8.151982853010264, 0.0 ], [ 11.881124448047622, 8.152788092048119, 0.0 ], [ 11.881132782846182, 8.153061713032768, 0.0 ], [ 11.880361986187596, 8.153440923896493, 0.0 ], [ 11.879524126950775, 8.156325552873362, 0.0 ], [ 11.879249603244583, 8.1568642778055, 0.0 ], [ 11.878953608297996, 8.158114090200867, 0.0 ], [ 11.878157391550518, 8.158506185809669, 0.0 ], [ 11.878190524180535, 8.15972030899766, 0.0 ], [ 11.878177342683497, 8.160698665710003, 0.0 ], [ 11.877389113355136, 8.161464964899267, 0.0 ], [ 11.877116929330512, 8.16203437744776, 0.0 ], [ 11.876298404776582, 8.162576970240652, 0.0 ], [ 11.8757666416336, 8.163399146833651, 0.0 ], [ 11.875218171412245, 8.163668784927392, 0.0 ], [ 11.87414240544337, 8.164494826484404, 0.0 ], [ 11.873411814015993, 8.164854161182893, 0.0 ], [ 11.873062160852429, 8.16558663914036, 0.0 ], [ 11.872777147356134, 8.166146084729059, 0.0 ], [ 11.872807068813083, 8.167209366355022, 0.0 ], [ 11.872525317875136, 8.167482402645623, 0.0 ], [ 11.872245376151476, 8.169914415835136, 0.0 ], [ 11.872851774950202, 8.170744505242846, 0.0 ], [ 11.872866420045264, 8.170751455922371, 0.0 ], [ 11.873777334012415, 8.171682485885798, 0.0 ], [ 11.874459872929611, 8.172327163340961, 0.0 ], [ 11.874995716804813, 8.173408019105894, 0.0 ], [ 11.876120157379338, 8.174774774586945, 0.0 ], [ 11.876389713527628, 8.175320218071466, 0.0 ], [ 11.876670000753009, 8.175583962346026, 0.0 ], [ 11.876937614420036, 8.175858384936518, 0.0 ], [ 11.877519593617853, 8.176406895294432, 0.0 ], [ 11.878304687548191, 8.176385420758612, 0.0 ], [ 11.879606471271215, 8.17640261194507, 0.0 ], [ 11.880476668407198, 8.176098906946736, 0.0 ], [ 11.881010131116206, 8.176105690497108, 0.0 ], [ 11.881849587930835, 8.175812789758227, 0.0 ], [ 11.882527575368535, 8.175821716083579, 0.0 ], [ 11.882927592590818, 8.176628783827638, 0.0 ], [ 11.883479889727692, 8.176890580234438, 0.0 ], [ 11.884062170715104, 8.177184453246138, 0.0 ], [ 11.884567424613714, 8.177701206469919, 0.0 ], [ 11.885550611171105, 8.178629031667951, 0.0 ], [ 11.886451236394034, 8.177681925405803, 0.0 ], [ 11.887154729658238, 8.177691190871615, 0.0 ], [ 11.888637791388994, 8.177650413565594, 0.0 ], [ 11.888921468281202, 8.177941120057108, 0.0 ], [ 11.890017779215365, 8.178199014018631, 0.0 ], [ 11.890287354985599, 8.178744440761934, 0.0 ], [ 11.890689190075966, 8.179506484855034, 0.0 ], [ 11.892016183286326, 8.179925233570584, 0.0 ], [ 11.892499812526534, 8.182302813004215, 0.0 ], [ 11.892489563594845, 8.183091097531198, 0.0 ], [ 11.893596885171755, 8.184136048689533, 0.0 ], [ 11.893864514285038, 8.184410453927118, 0.0 ], [ 11.894563147512756, 8.18506978399078, 0.0 ], [ 11.895234349047719, 8.185755777604427, 0.0 ], [ 11.895537124526514, 8.186041044607361, 0.0 ], [ 11.896641996915781, 8.186010352875375, 0.0 ], [ 11.898224446252106, 8.185457990342423, 0.0 ], [ 11.899316930353191, 8.185184408176701, 0.0 ], [ 11.899580563277031, 8.18490619136236, 0.0 ], [ 11.899857022360651, 8.18463847051974, 0.0 ], [ 11.900120654558203, 8.184360253601945, 0.0 ], [ 11.900700880200924, 8.18407446915638, 0.0 ], [ 11.901501080926552, 8.18408512726694, 0.0 ], [ 11.902245087726172, 8.184846278569038, 0.0 ], [ 11.903399689541223, 8.184054534707727, 0.0 ], [ 11.904498503398322, 8.184069390615695, 0.0 ], [ 11.905277834492138, 8.184865746763858, 0.0 ], [ 11.906117064525731, 8.185130202016516, 0.0 ], [ 11.906660639266443, 8.185944662149314, 0.0 ], [ 11.90694094896087, 8.186208375723853, 0.0 ], [ 11.907226291934849, 8.188921881981468, 0.0 ], [ 11.908322629759626, 8.189179711413901, 0.0 ], [ 11.908596176478609, 8.190267138882994, 0.0 ], [ 11.908876491010087, 8.190530849555852, 0.0 ], [ 11.909156885583641, 8.191097876620251, 0.0 ], [ 11.909150245201509, 8.19164632910153, 0.0 ], [ 11.908940950393916, 8.192058455055552, 0.0 ], [ 11.911770629694049, 8.192470296566555, 0.0 ], [ 11.911841542506462, 8.193233388162687, 0.0 ], [ 11.911886164599375, 8.193217799868995, 0.0 ], [ 11.912155947122285, 8.1934937582141, 0.0 ], [ 11.913005746915799, 8.194039727424027, 0.0 ], [ 11.913814567269776, 8.1956700901105, 0.0 ], [ 11.91435810243707, 8.196182801839507, 0.0 ], [ 11.914627726432645, 8.196728196053273, 0.0 ], [ 11.914910024329275, 8.197262910106467, 0.0 ], [ 11.915179650197537, 8.197808303406012, 0.0 ], [ 11.915459974504712, 8.198072006036902, 0.0 ], [ 11.915727626216453, 8.198346388079052, 0.0 ], [ 11.916007951253956, 8.198610090063106, 0.0 ], [ 11.916738403023446, 8.200418867197717, 0.0 ], [ 11.917111817458046, 8.200770294518559, 0.0 ], [ 11.917553968375456, 8.202095217712863, 0.0 ], [ 11.918493034758251, 8.206712761030653, 0.0 ], [ 11.918789419340051, 8.206991692699935, 0.0 ], [ 11.919065195105091, 8.208376573336089, 0.0 ], [ 11.918507899699756, 8.209474767850681, 0.0 ], [ 11.917988766862141, 8.209978762773297, 0.0 ], [ 11.917729100622983, 8.210799012191702, 0.0 ], [ 11.916640541758925, 8.211614684168715, 0.0 ], [ 11.916376913564672, 8.211892913850622, 0.0 ], [ 11.915840893435094, 8.212413440012927, 0.0 ], [ 11.915568764054957, 8.212982870302374, 0.0 ], [ 11.915277534698742, 8.213265004794856, 0.0 ], [ 11.914752110213566, 8.214364027567017, 0.0 ], [ 11.914216085010711, 8.214884553406904, 0.0 ], [ 11.913954625050076, 8.215460259418698, 0.0 ], [ 11.914603342508327, 8.216692637889063, 0.0 ], [ 11.913476411938822, 8.217786493351685, 0.0 ], [ 11.913992959168082, 8.219254330629042, 0.0 ], [ 11.914530115462874, 8.219760724034341, 0.0 ], [ 11.914799766946324, 8.220306111926309, 0.0 ], [ 11.915362805103507, 8.220573052419802, 0.0 ], [ 11.915337635029674, 8.22250851942052, 0.0 ], [ 11.914819535770601, 8.223010921469079, 0.0 ], [ 11.914561844377324, 8.224102183979117, 0.0 ], [ 11.914285380671339, 8.224369920574953, 0.0 ], [ 11.913812449188979, 8.225000000532212, 0.0 ], [ 11.920833332995658, 8.225000000374306, 0.0 ], [ 11.921450975189027, 8.227160305446573, 0.0 ], [ 11.924496272488689, 8.231329002214132, 0.0 ], [ 11.924909957229071, 8.231317573941885, 0.0 ], [ 11.925604337168537, 8.231667700041191, 0.0 ], [ 11.926815875828593, 8.231244393756645, 0.0 ], [ 11.927126529336615, 8.231870454181461, 0.0 ], [ 11.927412243137645, 8.232139391841299, 0.0 ], [ 11.927401104160907, 8.232937187391352, 0.0 ], [ 11.928034948087367, 8.234737079050518, 0.0 ], [ 11.930699472643013, 8.235363414699258, 0.0 ], [ 11.930408250087963, 8.235646091256683, 0.0 ], [ 11.929874729583247, 8.235639401333815, 0.0 ], [ 11.92961509245001, 8.23645965482762, 0.0 ], [ 11.928522530004926, 8.236733360614858, 0.0 ], [ 11.928272859630258, 8.238908648596313, 0.0 ], [ 11.927794873301112, 8.239373192480251, 0.0 ], [ 11.926354370530598, 8.239733601823307, 0.0 ], [ 11.925639388462402, 8.240486247532839, 0.0 ], [ 11.925111660016162, 8.242713855300751, 0.0 ], [ 11.923399632781571, 8.243004249680176, 0.0 ], [ 11.923135997801545, 8.24328248904337, 0.0 ], [ 11.921853170950696, 8.244133495676174, 0.0 ], [ 11.92146470495234, 8.24535751912588, 0.0 ], [ 11.919638104483683, 8.246256952721973, 0.0 ], [ 11.919377159005347, 8.250085471125159, 0.0 ], [ 11.918556592981037, 8.250357181715106, 0.0 ], [ 11.918298921322076, 8.251448447943456, 0.0 ], [ 11.91802244847908, 8.251716192553861, 0.0 ], [ 11.917498314270679, 8.252267883014087, 0.0 ], [ 11.917211344991388, 8.252264150692286, 0.0 ], [ 11.916314885295545, 8.252577049970052, 0.0 ], [ 11.916780237631807, 8.25837754182373, 0.0 ], [ 11.916907336292789, 8.258333171867161, 0.0 ], [ 11.91728057234686, 8.259084235297598, 0.0 ], [ 11.918122807556868, 8.259878459343192, 0.0 ], [ 11.91918076542972, 8.260380495886967, 0.0 ], [ 11.91946988929133, 8.260676405518831, 0.0 ], [ 11.92082995742312, 8.260638949707305, 0.0 ], [ 11.921903085601066, 8.26118003906705, 0.0 ], [ 11.923260249299494, 8.260892746496857, 0.0 ], [ 11.924108415400807, 8.260903485274735, 0.0 ], [ 11.924656680001604, 8.261463753346259, 0.0 ], [ 11.925175584146601, 8.262510168079853, 0.0 ], [ 11.926002080216335, 8.263040870691807, 0.0 ], [ 11.926545848645643, 8.263855249796652, 0.0 ], [ 11.926826239662452, 8.264118924833246, 0.0 ], [ 11.927093957037803, 8.264393280236531, 0.0 ], [ 11.930077928801472, 8.264785892817818, 0.0 ], [ 11.931723085549757, 8.264353009152753, 0.0 ], [ 11.932307661594368, 8.264647796343398, 0.0 ], [ 11.932813107603607, 8.265164426402521, 0.0 ], [ 11.933365556678966, 8.265426098953318, 0.0 ], [ 11.933641296224348, 8.266784468662905, 0.0 ], [ 11.933921692973353, 8.267048136309507, 0.0 ], [ 11.934191421456996, 8.267593489510245, 0.0 ], [ 11.934471819198972, 8.267857156433088, 0.0 ], [ 11.934461994404961, 8.268540071616254, 0.0 ], [ 11.935296010190497, 8.268935181317392, 0.0 ], [ 11.935563735867172, 8.2692095277974, 0.0 ], [ 11.935844135707372, 8.2694731930183, 0.0 ], [ 11.936157165166854, 8.270411520153463, 0.0 ], [ 11.93744663437154, 8.26973719828351, 0.0 ], [ 11.938852731131643, 8.269456368789081, 0.0 ], [ 11.939513470577815, 8.270131700400949, 0.0 ], [ 11.940044323715004, 8.270632778133859, 0.0 ], [ 11.941841425014243, 8.271055188060048, 0.0 ], [ 11.9421091556326, 8.271329528033801, 0.0 ], [ 11.942389560212364, 8.271593186579105, 0.0 ], [ 11.942767511673527, 8.275832993023814, 0.0 ], [ 11.943243975324661, 8.276736225035375, 0.0 ], [ 11.943517753802228, 8.277823570067969, 0.0 ], [ 11.945085857564528, 8.278317513295798, 0.0 ], [ 11.945436282815358, 8.279706536351126, 0.0 ], [ 11.945872754406079, 8.280946710114426, 0.0 ], [ 11.946282679306432, 8.281332740631759, 0.0 ], [ 11.947372991634415, 8.28402850096546, 0.0 ], [ 11.948624724797721, 8.284422597380033, 0.0 ], [ 11.94928551319599, 8.285098428021175, 0.0 ], [ 11.949565933785209, 8.285362076265605, 0.0 ], [ 11.949833681123703, 8.285636405611658, 0.0 ], [ 11.950253250848673, 8.28603188563625, 0.0 ], [ 11.950655935800482, 8.286443369578246, 0.0 ], [ 11.950936358235495, 8.286707016187252, 0.0 ], [ 11.951210172601058, 8.287794345635906, 0.0 ], [ 11.952036749382827, 8.28832496302185, 0.0 ], [ 11.952854898608642, 8.289434724679042, 0.0 ], [ 11.951906986712995, 8.291301799686369, 0.0 ], [ 11.952337139221159, 8.292116951856066, 0.0 ], [ 11.952610966115992, 8.293204277420896, 0.0 ], [ 11.952912798553404, 8.294341150308226, 0.0 ], [ 11.952896818683209, 8.295616416274186, 0.0 ], [ 11.953178557701261, 8.296936285909574, 0.0 ], [ 11.953813340894643, 8.297575547972803, 0.0 ], [ 11.954023754053631, 8.29901936260277, 0.0 ], [ 11.95456635668735, 8.299146810648361, 0.0 ], [ 11.954838173549081, 8.299963130986495, 0.0 ], [ 11.955662755833051, 8.300222730622135, 0.0 ], [ 11.955971725518467, 8.302878176866429, 0.0 ], [ 11.955942853122545, 8.305125903443022, 0.0 ], [ 11.954880722735471, 8.305648826095577, 0.0 ], [ 11.954116175615237, 8.306453785541372, 0.0 ], [ 11.953439500067113, 8.306786991612078, 0.0 ], [ 11.951900038468247, 8.307297043680347, 0.0 ], [ 11.951103879537449, 8.307713709254577, 0.0 ], [ 11.950838407828622, 8.310020368471211, 0.0 ], [ 11.94977655051464, 8.310724841843292, 0.0 ], [ 11.949492188995574, 8.31192746591138, 0.0 ], [ 11.94921571696878, 8.312195238851011, 0.0 ], [ 11.948954103558629, 8.312744504993759, 0.0 ], [ 11.948405547509029, 8.313014296045498, 0.0 ], [ 11.948156090417376, 8.315189567910055, 0.0 ], [ 11.947879615643366, 8.31545734099682, 0.0 ], [ 11.94761597319126, 8.315735606527991, 0.0 ], [ 11.947064084712746, 8.316271145414778, 0.0 ], [ 11.946034795749419, 8.317354374417215, 0.0 ], [ 11.945296670462701, 8.31771767372013, 0.0 ], [ 11.944927516430779, 8.320091806264198, 0.0 ], [ 11.944391450821621, 8.320612406334488, 0.0 ], [ 11.944119349657274, 8.321181865038589, 0.0 ], [ 11.943570778213152, 8.321451654556618, 0.0 ], [ 11.943309055701786, 8.322556718690169, 0.0 ], [ 11.942766654595216, 8.323083717087123, 0.0 ], [ 11.942233055416482, 8.323650879800041, 0.0 ], [ 11.942781131067228, 8.324167678379947, 0.0 ], [ 11.943052000575115, 8.324855388116054, 0.0 ], [ 11.942238668611697, 8.325255768120783, 0.0 ], [ 11.941999319321702, 8.328786060868705, 0.0 ], [ 11.941178640616561, 8.3290578686393, 0.0 ], [ 11.941205943782405, 8.330008874282433, 0.0 ], [ 11.940372475921293, 8.330418931998926, 0.0 ], [ 11.940108820085479, 8.330697197692265, 0.0 ], [ 11.939290159505362, 8.331240006252914, 0.0 ], [ 11.939026502303138, 8.331518271672884, 0.0 ], [ 11.938477912951063, 8.331788060243118, 0.0 ], [ 11.938218302549693, 8.332608331714555, 0.0 ], [ 11.93787619788375, 8.333626654872873, 0.0 ], [ 11.938232667346021, 8.333962257096472, 0.0 ], [ 11.937799064465725, 8.334105695755861, 0.0 ], [ 11.937853325253151, 8.335757786192513, 0.0 ], [ 11.949646673936801, 8.347575548772207, 0.0 ], [ 11.949999999582124, 8.350000000049629, 0.0 ], [ 11.949999999582145, 8.362499999574858, 0.0 ], [ 11.947865125956799, 8.363142903321812, 0.0 ], [ 11.935468207174463, 8.374357095802967, 0.0 ], [ 11.917441473928113, 8.375739203600936, 0.0 ], [ 11.915921698810683, 8.390636529052269, 0.0 ], [ 11.910484783435315, 8.392273542309828, 0.0 ], [ 11.91063637796861, 8.392702775585432, 0.0 ], [ 11.91089630125194, 8.394055974027754, 0.0 ], [ 11.910370288996249, 8.393517813928199, 0.0 ], [ 11.909594650123752, 8.393150357585688, 0.0 ], [ 11.909283753804623, 8.393802160317218, 0.0 ], [ 11.908417706571148, 8.39397713626045, 0.0 ], [ 11.906637842475975, 8.39550122542634, 0.0 ], [ 11.906162771527656, 8.396998101801953, 0.0 ], [ 11.905223330461652, 8.397621194522314, 0.0 ], [ 11.903995671118427, 8.399516845096205, 0.0 ], [ 11.901496776000156, 8.399883058035755, 0.0 ], [ 11.897686862907152, 8.40079555900353, 0.0 ], [ 11.888794618399492, 8.408410437897514, 0.0 ], [ 11.888666606848734, 8.409090792262004, 0.0 ], [ 11.888735939848493, 8.411559714918868, 0.0 ], [ 11.888328294955665, 8.412361505500474, 0.0 ], [ 11.887833582265612, 8.412395269446703, 0.0 ], [ 11.886673651352561, 8.420006985034039, 0.0 ], [ 11.87703179216841, 8.421476237138243, 0.0 ], [ 11.874670025399753, 8.423150838033521, 0.0 ], [ 11.874686124927999, 8.423731598732839, 0.0 ], [ 11.874667594347891, 8.425109126737029, 0.0 ], [ 11.873802083452659, 8.426401810993958, 0.0 ], [ 11.873041984024841, 8.427139482071356, 0.0 ], [ 11.872240205022402, 8.42712894300637, 0.0 ], [ 11.871421174267949, 8.428526098481141, 0.0 ], [ 11.870863175343136, 8.429067479236304, 0.0 ], [ 11.870190429929661, 8.431301540932989, 0.0 ], [ 11.869266665681881, 8.432604552921045, 0.0 ], [ 11.868225042408019, 8.435883262755389, 0.0 ], [ 11.869024411298446, 8.438156312793513, 0.0 ], [ 11.86851736442034, 8.44019171520225, 0.0 ], [ 11.868531871963711, 8.440716206257974, 0.0 ], [ 11.868515363663919, 8.441935976270868, 0.0 ], [ 11.868564472202948, 8.443689391424368, 0.0 ], [ 11.868277308379835, 8.443967821538505, 0.0 ], [ 11.868015456990372, 8.444793956193422, 0.0 ], [ 11.867469923676662, 8.444786835274721, 0.0 ], [ 11.867197768329907, 8.444794122678923, 0.0 ], [ 11.866789417873749, 8.444789172635803, 0.0 ], [ 11.866379057810589, 8.444800117636145, 0.0 ], [ 11.866348033492864, 8.44478980917601, 0.0 ], [ 11.866023762971734, 8.447968206966923, 0.0 ], [ 11.85395541689484, 8.461309136007559, 0.0 ], [ 11.849999999786082, 8.462499999375089, 0.0 ], [ 11.849149237533304, 8.46581590408038, 0.0 ], [ 11.845833332828134, 8.466666666333248, 0.0 ], [ 11.845480007182587, 8.469091118060241, 0.0 ], [ 11.842019992414881, 8.472575547623078, 0.0 ], [ 11.841666666769527, 8.491666666283264, 0.0 ], [ 11.838350762064351, 8.492517428536075, 0.0 ], [ 11.836932711961479, 8.498043822763869, 0.0 ], [ 11.833900620703668, 8.501956176735812, 0.0 ], [ 11.833333332853568, 8.50416666625831, 0.0 ], [ 11.833688184648629, 8.510785590182603, 0.0 ], [ 11.843408881101229, 8.520480007546039, 0.0 ], [ 11.858333333702117, 8.520833333191414, 0.0 ], [ 11.858900621552046, 8.52304382271385, 0.0 ], [ 11.86193271191083, 8.526956176685847, 0.0 ], [ 11.863067287610857, 8.5313771566301, 0.0 ], [ 11.878599378843216, 8.547789509677679, 0.0 ], [ 11.879733954543413, 8.552210489621995, 0.0 ], [ 11.883729214316594, 8.55736558705178, 0.0 ], [ 11.89081573444312, 8.559184095369398, 0.0 ], [ 11.892233954517998, 8.564710489596955, 0.0 ], [ 11.895266045775754, 8.568622843568949, 0.0 ], [ 11.896644253214046, 8.573993258481709, 0.0 ], [ 11.900746663611937, 8.575567287899656, 0.0 ], [ 11.906250000121437, 8.571301947326649, 0.0 ], [ 11.910289510136616, 8.574432712199579, 0.0 ], [ 11.918877156139315, 8.575567287899629, 0.0 ], [ 11.92278951011116, 8.578599378258286, 0.0 ], [ 11.92721049005524, 8.579733953958341, 0.0 ], [ 11.931122843127707, 8.582766045216427, 0.0 ], [ 11.942413329594048, 8.583900620916477, 0.0 ], [ 11.947789510060142, 8.579733953958309, 0.0 ], [ 11.977951728270607, 8.578599378258202, 0.0 ], [ 11.979166666489384, 8.583333333066305, 0.0 ], [ 11.979524400611504, 8.585788302387622, 0.0 ], [ 11.98924221473693, 8.595480007395929, 0.0 ], [ 11.995833333421773, 8.595833333491052, 0.0 ], [ 11.996804978946846, 8.59923163543119, 0.0 ], [ 12.007676527029796, 8.600814141858558, 0.0 ], [ 12.008333333396266, 8.620833333890674, 0.0 ], [ 12.007635498159422, 8.636721124080044, 0.0 ], [ 11.992696803894868, 8.638244968629822, 0.0 ], [ 11.991666666463948, 8.641666666882557, 0.0 ], [ 11.992019992109443, 8.644091119508984, 0.0 ], [ 11.995480006877171, 8.647575548172432, 0.0 ], [ 11.995833333421869, 8.650000000798805, 0.0 ], [ 12.010543822918653, 8.650567288648896, 0.0 ], [ 12.014456175991263, 8.653599379007609, 0.0 ], [ 12.018877155935137, 8.654733954707662, 0.0 ], [ 12.022789509906948, 8.657766045965751, 0.0 ], [ 12.035543822867455, 8.658900621665733, 0.0 ], [ 12.051956176813681, 8.674432712898826, 0.0 ], [ 12.057482401069354, 8.675850763001744, 0.0 ], [ 12.059184264619461, 8.682482571512773, 0.0 ], [ 12.064710489774336, 8.683900621615741, 0.0 ], [ 12.074080233892225, 8.692249552474186, 0.0 ], [ 12.074999999327028, 8.695833333740582, 0.0 ], [ 12.074646673681491, 8.698257785467803, 0.0 ], [ 12.071186658913861, 8.701742215030478, 0.0 ], [ 12.070480007623013, 8.706591119384067, 0.0 ], [ 12.067019991955945, 8.710075548047527, 0.0 ], [ 12.066313340665136, 8.735757785392865, 0.0 ], [ 12.060790167809282, 8.74130859441544, 0.0 ], [ 12.058333333294026, 8.741666666682709, 0.0 ], [ 12.054166666336315, 8.741666666682715, 0.0 ], [ 12.053813340690775, 8.744091119309147, 0.0 ], [ 12.046186658965203, 8.751742214930543, 0.0 ], [ 12.045480007674376, 8.769091119259171, 0.0 ], [ 12.042019992007358, 8.772575548821836, 0.0 ], [ 12.041666666361822, 8.779166667507162, 0.0 ], [ 12.045250447628273, 8.780086263869437, 0.0 ], [ 12.053599378486323, 8.789456177060353, 0.0 ], [ 12.055017598560964, 8.794982571288081, 0.0 ], [ 12.060543822816523, 8.796400621390827, 0.0 ], [ 12.064456176788266, 8.799432712648912, 0.0 ], [ 12.070124816783773, 8.800887384044845, 0.0 ], [ 12.071537611248621, 8.811580404111766, 0.0 ], [ 12.076956176762673, 8.816099379582019, 0.0 ], [ 12.079166666284996, 8.816666667432132, 0.0 ], [ 12.123257784892878, 8.81701999307743, 0.0 ], [ 12.127453782339954, 8.821186659136146, 0.0 ], [ 12.139924451825024, 8.820480007845214, 0.0 ], [ 12.143408881387463, 8.817019993077384, 0.0 ], [ 12.148288472407474, 8.816308933309848, 0.0 ], [ 12.157980007443227, 8.806591119183974, 0.0 ], [ 12.15833333308875, 8.800000000498821, 0.0 ], [ 12.162500000046586, 8.800000000498811, 0.0 ] ] ] } },
{ "type": "Feature", "properties": { "Stra_Catch": "Yedzaram East Chad", "State": "Borno", "LGA": "Askira_Uba", "Population": 0, "Cleard_TOR": "Yes", "Status": "Yet to be awarded", "Start_Date": "2025-03-01T00:00:00", "End_Date": "2025-12-01T00:00:00", "Micr_Catch": "Uba", "Size_Ha": 65539.144272699996, "Comments": null, "OBJECTID_1": 0, "Shape_Leng": 0.0, "Shape_Area": 0.0, "parent_strategic_name": "Hawal-Kilunga", "clipped_to_state": true }, "geometry": { "type": "Polygon", "coordinates": [ [ [ 13.204408267842865, 10.332684505140472, 0.0 ], [ 13.204425720619163, 10.332667472511872, 0.0 ], [ 13.204519992222915, 10.330908881429064, 0.0 ], [ 13.205280730598211, 10.330142818843781, 0.0 ], [ 13.205500793930604, 10.328137486327977, 0.0 ], [ 13.20653711527792, 10.327789352319572, 0.0 ], [ 13.207474423860619, 10.327141735239884, 0.0 ], [ 13.207871759657804, 10.325872135778891, 0.0 ], [ 13.208528075150683, 10.324568497379365, 0.0 ], [ 13.20783946318854, 10.324248700111847, 0.0 ], [ 13.20784551464307, 10.323420305830922, 0.0 ], [ 13.208385127933722, 10.322893647644692, 0.0 ], [ 13.208572940275014, 10.322694589029311, 0.0 ], [ 13.208521506716984, 10.320877090845732, 0.0 ], [ 13.208073034683215, 10.320461936888549, 0.0 ], [ 13.2077906146095, 10.320178593813198, 0.0 ], [ 13.207801991683692, 10.318627005291328, 0.0 ], [ 13.207461673692492, 10.317683138268132, 0.0 ], [ 13.208413141701669, 10.317047816223436, 0.0 ], [ 13.208374241955068, 10.315673223029883, 0.0 ], [ 13.208140941140552, 10.315456799913527, 0.0 ], [ 13.207734086535238, 10.315048214645717, 0.0 ], [ 13.206631118073705, 10.314797245028918, 0.0 ], [ 13.206342602814651, 10.313171860275862, 0.0 ], [ 13.205770642923746, 10.311827156575898, 0.0 ], [ 13.207304246700136, 10.31106500709326, 0.0 ], [ 13.207921761126524, 10.309091620710511, 0.0 ], [ 13.208173844622479, 10.308591819332985, 0.0 ], [ 13.208156864344037, 10.307991790355649, 0.0 ], [ 13.20734162848527, 10.307613290331096, 0.0 ], [ 13.207349656248583, 10.306530612869864, 0.0 ], [ 13.20733224575757, 10.306023912430096, 0.0 ], [ 13.206124300210023, 10.305261553673908, 0.0 ], [ 13.206500835142167, 10.304514492612759, 0.0 ], [ 13.206751341419064, 10.303281175006578, 0.0 ], [ 13.205926364560579, 10.302898114825494, 0.0 ], [ 13.205929477475427, 10.302489465438578, 0.0 ], [ 13.205905079672938, 10.301777757496561, 0.0 ], [ 13.205070652060682, 10.301004179569272, 0.0 ], [ 13.205081953364022, 10.299523419399073, 0.0 ], [ 13.204225837819262, 10.299125954109803, 0.0 ], [ 13.204232177342103, 10.298316582026466, 0.0 ], [ 13.204219937056255, 10.297955629313927, 0.0 ], [ 13.204181247285138, 10.297916666710149, 0.0 ], [ 13.204217381855482, 10.297880279223111, 0.0 ], [ 13.204186577181972, 10.296971882916017, 0.0 ], [ 13.204762458528789, 10.296685815419927, 0.0 ], [ 13.204743500651489, 10.296142130576433, 0.0 ], [ 13.205017579825416, 10.295316588837718, 0.0 ], [ 13.204998825905772, 10.294788230750532, 0.0 ], [ 13.205007054407774, 10.29371876295124, 0.0 ], [ 13.20444177868489, 10.29319434307928, 0.0 ], [ 13.204096479233671, 10.292513766359285, 0.0 ], [ 13.204425975303979, 10.291519937228163, 0.0 ], [ 13.204398468513329, 10.290733735037458, 0.0 ], [ 13.205210302950981, 10.289645885736368, 0.0 ], [ 13.205466300258921, 10.288825337373597, 0.0 ], [ 13.205854129401731, 10.288447100953269, 0.0 ], [ 13.20543671605437, 10.286916413722208, 0.0 ], [ 13.205442174907422, 10.286039921726857, 0.0 ], [ 13.206821473773179, 10.284999669387044, 0.0 ], [ 13.206756614588892, 10.283086978110598, 0.0 ], [ 13.205649915775318, 10.282062137475856, 0.0 ], [ 13.205382126480801, 10.278292669452684, 0.0 ], [ 13.204519992221739, 10.277424451966244, 0.0 ], [ 13.204166666576253, 10.270833333281105, 0.0 ], [ 13.200850761871996, 10.27168409553404, 0.0 ], [ 13.199999999619463, 10.274999999339967, 0.0 ], [ 13.197575547893154, 10.275353325884785, 0.0 ], [ 13.192024739771647, 10.280876328769168, 0.0 ], [ 13.191313340959992, 10.285757784983444, 0.0 ], [ 13.185790337178165, 10.291308593106853, 0.0 ], [ 13.180908880965367, 10.292019991918924, 0.0 ], [ 13.177424451403692, 10.295480007586189, 0.0 ], [ 13.174999999677359, 10.295833333231684, 0.0 ], [ 13.167566256706669, 10.296494547175714, 0.0 ], [ 13.166099378813081, 10.302210489712449, 0.0 ], [ 13.163067287556053, 10.306122842785127, 0.0 ], [ 13.161584472776497, 10.311901515732579, 0.0 ], [ 13.141666666720262, 10.312500000165441, 0.0 ], [ 13.141313341075126, 10.323257784909428, 0.0 ], [ 13.137514580471898, 10.327083332720274, 0.0 ], [ 13.141313341075275, 10.330908881430295, 0.0 ], [ 13.142019992366059, 10.335046386072412, 0.0 ], [ 13.137853325409193, 10.339242214447291, 0.0 ], [ 13.137146674118517, 10.343379719988754, 0.0 ], [ 13.141313341075605, 10.347575547464103, 0.0 ], [ 13.142019992366389, 10.35171305300554, 0.0 ], [ 13.137853325409523, 10.355908881380417, 0.0 ], [ 13.137146674118858, 10.360757784834528, 0.0 ], [ 13.133686658452728, 10.364242214397366, 0.0 ], [ 13.132980007162049, 10.368379719938826, 0.0 ], [ 13.137146674119089, 10.372575547414234, 0.0 ], [ 13.137853325409932, 10.376713052955608, 0.0 ], [ 13.133686658453056, 10.380908881330488, 0.0 ], [ 13.132980007162713, 10.402424451717783, 0.0 ], [ 13.129519992395837, 10.405908881280565, 0.0 ], [ 13.128813341105468, 10.423257784709765, 0.0 ], [ 13.110784572697666, 10.441311984151808, 0.0 ], [ 13.104166666807767, 10.441666666874369, 0.0 ], [ 13.104166666807844, 10.445833332933148, 0.0 ], [ 13.099999999850763, 10.445833332933221, 0.0 ], [ 13.100074825171212, 10.449876342798461, 0.0 ], [ 13.1074456, 10.4471226, 0.0 ], [ 13.1097506, 10.444829, 0.0 ], [ 13.1143798, 10.4448175, 0.0 ], [ 13.1224765, 10.443656, 0.0 ], [ 13.1282519, 10.4413538, 0.0 ], [ 13.1398, 10.435607, 0.0 ], [ 13.1413342, 10.4350971, 0.0 ], [ 13.1416083, 10.434991, 0.0 ], [ 13.1432152, 10.4344549, 0.0 ], [ 13.1478348, 10.4321556, 0.0 ], [ 13.1481453, 10.4320231, 0.0 ], [ 13.155921, 10.4287052, 0.0 ], [ 13.1621001, 10.4252505, 0.0 ], [ 13.1664273, 10.4228311, 0.0 ], [ 13.1784063, 10.4173144, 0.0 ], [ 13.181124205473415, 10.415663304885165, 0.0 ], [ 13.181362390560604, 10.415159458502336, 0.0 ], [ 13.180900650306278, 10.414731507062553, 0.0 ], [ 13.180591057554523, 10.414420501972078, 0.0 ], [ 13.180605849514217, 10.41232804826868, 0.0 ], [ 13.180293794950648, 10.410391581629185, 0.0 ], [ 13.179195540157583, 10.40988208047607, 0.0 ], [ 13.178367389834298, 10.408805009804336, 0.0 ], [ 13.178073276885693, 10.408532915017176, 0.0 ], [ 13.178087085280687, 10.406684689611637, 0.0 ], [ 13.177778282056734, 10.406111473151617, 0.0 ], [ 13.177486027544528, 10.404215438404606, 0.0 ], [ 13.176472694228337, 10.403745513293623, 0.0 ], [ 13.177475281341341, 10.403408908897742, 0.0 ], [ 13.177731334003347, 10.402588322273019, 0.0 ], [ 13.17893827097731, 10.402280235879484, 0.0 ], [ 13.179626713515978, 10.401210310323473, 0.0 ], [ 13.180176269548978, 10.400937767085862, 0.0 ], [ 13.180439528556841, 10.400658390017528, 0.0 ], [ 13.180749478489508, 10.400356730986138, 0.0 ], [ 13.181801892238795, 10.399833923991569, 0.0 ], [ 13.182065148723183, 10.399554546492432, 0.0 ], [ 13.182614698626086, 10.399282000988322, 0.0 ], [ 13.182949193283616, 10.397457610605645, 0.0 ], [ 13.183399652466131, 10.396561537801123, 0.0 ], [ 13.183115282150686, 10.396298304096394, 0.0 ], [ 13.182842777313684, 10.395883730452791, 0.0 ], [ 13.18365753932631, 10.395479267347817, 0.0 ], [ 13.183932762216701, 10.394896309803054, 0.0 ], [ 13.183906395299502, 10.394120121110138, 0.0 ], [ 13.183913029669522, 10.393336100686204, 0.0 ], [ 13.183564854071035, 10.392371699935886, 0.0 ], [ 13.181902047193534, 10.391322972795869, 0.0 ], [ 13.18236602859754, 10.389918728192658, 0.0 ], [ 13.182760294277179, 10.389534035070792, 0.0 ], [ 13.182474851109868, 10.389269754803205, 0.0 ], [ 13.18219214961084, 10.388088819894486, 0.0 ], [ 13.184043054085516, 10.387467318824466, 0.0 ], [ 13.18433599098792, 10.385168254052868, 0.0 ], [ 13.184879938244585, 10.384637295567847, 0.0 ], [ 13.185144775622321, 10.384076679151317, 0.0 ], [ 13.186232147460814, 10.383537037164457, 0.0 ], [ 13.188005129179917, 10.382440265696509, 0.0 ], [ 13.187349210590426, 10.381219283903388, 0.0 ], [ 13.187844417808591, 10.380236998304984, 0.0 ], [ 13.187807953950198, 10.379183423868813, 0.0 ], [ 13.187814893273137, 10.378341784367278, 0.0 ], [ 13.188343007481953, 10.377825834187311, 0.0 ], [ 13.188595428312162, 10.376734655420179, 0.0 ], [ 13.188868011874531, 10.376195084512551, 0.0 ], [ 13.189127642607257, 10.375645109551774, 0.0 ], [ 13.189573538384789, 10.375210054143704, 0.0 ], [ 13.188537584712467, 10.374557005469056, 0.0 ], [ 13.187761574770775, 10.37377792015509, 0.0 ], [ 13.18718565859767, 10.373510560086759, 0.0 ], [ 13.186419257516784, 10.373132032328169, 0.0 ], [ 13.184992944306261, 10.373636436613154, 0.0 ], [ 13.185004099849694, 10.372147716153014, 0.0 ], [ 13.18552695367374, 10.371637656721386, 0.0 ], [ 13.185855129376071, 10.370219865003772, 0.0 ], [ 13.185488142604937, 10.369202314354846, 0.0 ], [ 13.185495063459786, 10.36835802929183, 0.0 ], [ 13.186293024975102, 10.367578491204847, 0.0 ], [ 13.186282815314138, 10.367292644251158, 0.0 ], [ 13.186553542440958, 10.36589093426301, 0.0 ], [ 13.186527354781383, 10.365126373236537, 0.0 ], [ 13.186530125525616, 10.364853044209637, 0.0 ], [ 13.185973572749649, 10.364594937957211, 0.0 ], [ 13.185600199299971, 10.364220261621286, 0.0 ], [ 13.186236892067717, 10.36295703436639, 0.0 ], [ 13.186217803485938, 10.362404882722462, 0.0 ], [ 13.185662117824062, 10.361890385280068, 0.0 ], [ 13.186951748990996, 10.360265007311028, 0.0 ], [ 13.187837261946568, 10.359968012933349, 0.0 ], [ 13.187781226318668, 10.358323703452683, 0.0 ], [ 13.188903564596718, 10.35833180187255, 0.0 ], [ 13.189163192941095, 10.357781832235748, 0.0 ], [ 13.190136504626155, 10.357503777583652, 0.0 ], [ 13.19135687983797, 10.358299803100202, 0.0 ], [ 13.191781039936258, 10.358559630089436, 0.0 ], [ 13.192194080598775, 10.35678075762465, 0.0 ], [ 13.191832666667512, 10.355458664132476, 0.0 ], [ 13.192686570223037, 10.355034680690167, 0.0 ], [ 13.192928184863797, 10.353131708706769, 0.0 ], [ 13.193242360559648, 10.352509139005285, 0.0 ], [ 13.193161882881746, 10.35015206610932, 0.0 ], [ 13.193466339712099, 10.348237176315356, 0.0 ], [ 13.194778714742711, 10.34824701763468, 0.0 ], [ 13.195312212379184, 10.347417015964727, 0.0 ], [ 13.196366465506253, 10.34600351095634, 0.0 ], [ 13.195551360537136, 10.345248721857828, 0.0 ], [ 13.195556743992192, 10.344610094870879, 0.0 ], [ 13.197379725499887, 10.343997445091963, 0.0 ], [ 13.197988547141623, 10.343051753495679, 0.0 ], [ 13.198811825711143, 10.343057395995551, 0.0 ], [ 13.199154696419745, 10.339939439699567, 0.0 ], [ 13.200032670379773, 10.339081686357764, 0.0 ], [ 13.201215725790846, 10.3386845925533, 0.0 ], [ 13.201753277597849, 10.338401643505694, 0.0 ], [ 13.202441999856703, 10.338406395489944, 0.0 ], [ 13.20286567315436, 10.337509639093623, 0.0 ], [ 13.202795068182528, 10.335414652376429, 0.0 ], [ 13.203628399077616, 10.335134713937105, 0.0 ], [ 13.204361059356501, 10.33387369703121, 0.0 ], [ 13.204422667767211, 10.332724421985597, 0.0 ], [ 13.204408267842865, 10.332684505140472, 0.0 ] ] ] } },
{ "type": "Feature", "properties": { "Stra_Catch": "Gongola", "State": "Gombe", "LGA": "Shongom", "Population": 150948, "Cleard_TOR": "Not Yet", "Status": "Not yet awarded", "Start_Date": "2024-03-20T00:00:00", "End_Date": "2025-12-20T00:00:00", "Micr_Catch": "Shongom", "Size_Ha": 100345.624605, "Comments": null, "OBJECTID_1": 0, "Shape_Leng": 0.0, "Shape_Area": 0.0, "parent_strategic_name": "Gali-Lamurde", "clipped_to_state": true }, "geometry": { "type": "MultiPolygon", "coordinates": [ [ [ [ 11.613612799994778, 9.656329699997597, 0.0 ], [ 11.6136128, 9.6563297, 0.0 ], [ 11.634469699997108, 9.627462800004004, 0.0 ], [ 11.634469699992751, 9.627462799999726, 0.0 ], [ 11.613612799994778, 9.656329699997597, 0.0 ] ] ], [ [ [ 11.562784799994036, 9.605119199999796, 0.0 ], [ 11.54562569999432, 9.605158799999799, 0.0 ], [ 11.527322799995124, 9.608237299999702, 0.0 ], [ 11.5273228, 9.6082373, 0.0 ], [ 11.5456257, 9.6051588, 0.0 ], [ 11.5627848, 9.6051192, 0.0 ], [ 11.562987199994165, 9.60511890000001, 0.0 ], [ 11.562987199993994, 9.605118899999772, 0.0 ], [ 11.562784799994036, 9.605119199999796, 0.0 ] ] ], [ [ [ 11.506284699994907, 9.607536299999802, 0.0 ], [ 11.501706599994899, 9.607546699999869, 0.0 ], [ 11.501655599999591, 9.607546799999866, 0.0 ], [ 11.5016556, 9.6075468, 0.0 ], [ 11.5017066, 9.6075467, 0.0 ], [ 11.5062847, 9.6075363, 0.0 ], [ 11.515543899997526, 9.6075153, 0.0 ], [ 11.515543899994741, 9.607515299999834, 0.0 ], [ 11.506284699994907, 9.607536299999802, 0.0 ] ] ], [ [ [ 11.484329699995151, 9.604154499999868, 0.0 ], [ 11.484278699999594, 9.604154599999866, 0.0 ], [ 11.4842787, 9.6041546, 0.0 ], [ 11.4843297, 9.6041545, 0.0 ], [ 11.491222699995506, 9.60413850000001, 0.0 ], [ 11.491222699995088, 9.604138499999873, 0.0 ], [ 11.484329699995151, 9.604154499999868, 0.0 ] ] ] ] } },
{ "type": "Feature", "properties": { "Stra_Catch": "Hawal-Kilunga", "State": "Adamawa", "LGA": "Demsa", "Population": 0, "Cleard_TOR": "Cleared", "Status": "Completed", "Start_Date": "2024-01-04T00:00:00", "End_Date": "2024-03-15T00:00:00", "Micr_Catch": "Demsa-Lamurde", "Size_Ha": 149290.72328599999, "Comments": null, "OBJECTID_1": 0, "Shape_Leng": 0.0, "Shape_Area": 0.0, "parent_strategic_name": "Gali-Lamurde", "clipped_to_state": true }, "geometry": { "type": "MultiPolygon", "coordinates": [ [ [ [ 11.988255616606095, 9.666550135726739, 0.0 ], [ 11.988340208142322, 9.666629335646507, 0.0 ], [ 11.98861172842601, 9.667174251193673, 0.0 ], [ 11.988893562166346, 9.667437497853813, 0.0 ], [ 11.989162689436453, 9.667711441463215, 0.0 ], [ 11.98944452404441, 9.667974687399177, 0.0 ], [ 11.990502716346013, 9.669049443003296, 0.0 ], [ 11.992116576037837, 9.668418248278739, 0.0 ], [ 11.992519280020055, 9.667149762971347, 0.0 ], [ 11.993738340282372, 9.667114265861612, 0.0 ], [ 11.994901437172643, 9.667385174445164, 0.0 ], [ 11.99682374559131, 9.667855875667481, 0.0 ], [ 11.999761488885587, 9.66842672821295, 0.0 ], [ 12.000344121766458, 9.667481645745946, 0.0 ], [ 12.000358004838803, 9.666280597773021, 0.0 ], [ 12.00007560969609, 9.66571409190329, 0.0 ], [ 11.99979136921479, 9.665179888197768, 0.0 ], [ 11.999740682469964, 9.664840834072908, 0.0 ], [ 11.998257785150711, 9.666313340987312, 0.0 ], [ 11.988255616606095, 9.666550135726739, 0.0 ] ] ], [ [ [ 11.986932711657918, 9.660543824037601, 0.0 ], [ 11.988467745572432, 9.654562548222342, 0.0 ], [ 11.993622843002004, 9.650567288449011, 0.0 ], [ 11.997793011822088, 9.649497056818355, 0.0 ], [ 11.996657160929299, 9.648432836087764, 0.0 ], [ 11.996608405358911, 9.646779266556907, 0.0 ], [ 11.997729201855153, 9.646497459477281, 0.0 ], [ 11.998344012884397, 9.64521178335105, 0.0 ], [ 11.999615371131345, 9.64458621934647, 0.0 ], [ 11.999879591965291, 9.64430763446974, 0.0 ], [ 12.00097589813055, 9.64403238530306, 0.0 ], [ 12.001248575525615, 9.643745257706625, 0.0 ], [ 12.002050506055813, 9.644559702957185, 0.0 ], [ 12.002889744993398, 9.644286689132066, 0.0 ], [ 12.003411726918145, 9.642639796343921, 0.0 ], [ 12.00376233734206, 9.642643716075188, 0.0 ], [ 12.004733954290316, 9.635289510202089, 0.0 ], [ 12.007749028714029, 9.631399114207282, 0.0 ], [ 12.006868121548967, 9.630984142614381, 0.0 ], [ 12.008175751386695, 9.627958525188248, 0.0 ], [ 12.008641967945596, 9.627964043882566, 0.0 ], [ 12.00890062124828, 9.626956177185198, 0.0 ], [ 12.009545236743502, 9.626124440586866, 0.0 ], [ 12.009543569228528, 9.626069792098738, 0.0 ], [ 12.009614706931458, 9.626034804364583, 0.0 ], [ 12.010194238144958, 9.625287044927033, 0.0 ], [ 12.01035361486402, 9.624434153121511, 0.0 ], [ 12.010898949664019, 9.623621725960534, 0.0 ], [ 12.011164599308868, 9.622784745511817, 0.0 ], [ 12.012125014818771, 9.622795796058952, 0.0 ], [ 12.013067287306864, 9.621579997618243, 0.0 ], [ 12.011932711606731, 9.560289510351986, 0.0 ], [ 12.004733954290154, 9.552210490321221, 0.0 ], [ 12.003599378590188, 9.547789510376962, 0.0 ], [ 12.00056728733222, 9.543877157304351, 0.0 ], [ 11.999432711632188, 9.535289510401993, 0.0 ], [ 11.995266045573405, 9.529913330835051, 0.0 ], [ 11.996400621273585, 9.52695617738512, 0.0 ], [ 11.999432711632164, 9.52304382341312, 0.0 ], [ 12.000567287332171, 9.518622843468858, 0.0 ], [ 12.003599378590124, 9.514710490396233, 0.0 ], [ 12.004875182924904, 9.505054050503537, 0.0 ], [ 12.010543822920285, 9.503599379107349, 0.0 ], [ 12.014456175992898, 9.500567288748856, 0.0 ], [ 12.028267076345053, 9.499338786055448, 0.0 ], [ 12.029733954238994, 9.49362284351874, 0.0 ], [ 12.029938042302236, 9.493359505613167, 0.0 ], [ 12.029397199232182, 9.491750668253871, 0.0 ], [ 12.028331593246266, 9.492307690153192, 0.0 ], [ 12.027533031499139, 9.4919494126425, 0.0 ], [ 12.027063364573831, 9.490554625438172, 0.0 ], [ 12.025004322710728, 9.490173904471044, 0.0 ], [ 12.024481195298783, 9.489125184462871, 0.0 ], [ 12.021990152165023, 9.488845034460939, 0.0 ], [ 12.021443507592977, 9.488031505297538, 0.0 ], [ 12.019803117932341, 9.487728109500793, 0.0 ], [ 12.020062943199861, 9.486959481847087, 0.0 ], [ 12.021142163514687, 9.485521662872426, 0.0 ], [ 12.020869151059307, 9.484784629292363, 0.0 ], [ 12.020314563447998, 9.484523723728403, 0.0 ], [ 12.019585268511561, 9.484158470077377, 0.0 ], [ 12.019229231479555, 9.484533090556452, 0.0 ], [ 12.018679295582537, 9.484803529103051, 0.0 ], [ 12.018344385629499, 9.485155737819191, 0.0 ], [ 12.015421709373335, 9.485748319622019, 0.0 ], [ 12.015415969053276, 9.48618925346058, 0.0 ], [ 12.015424758515163, 9.48646281205437, 0.0 ], [ 12.013510138613563, 9.486745004981366, 0.0 ], [ 12.013246014125915, 9.487023561673162, 0.0 ], [ 12.012425498612926, 9.487567312037639, 0.0 ], [ 12.011951175743425, 9.488561140569573, 0.0 ], [ 12.010701403710774, 9.487935182758871, 0.0 ], [ 12.010255546068581, 9.488404253002486, 0.0 ], [ 12.008351403568737, 9.488790070228843, 0.0 ], [ 12.008344705183886, 9.48936650955258, 0.0 ], [ 12.008372104615193, 9.490306797464694, 0.0 ], [ 12.008052804979142, 9.490617053930347, 0.0 ], [ 12.008107613880684, 9.49249868771485, 0.0 ], [ 12.005957819631508, 9.492473777873345, 0.0 ], [ 12.004756931461399, 9.493297600566413, 0.0 ], [ 12.002644639350418, 9.492805524588016, 0.0 ], [ 12.000246108569376, 9.492013142580067, 0.0 ], [ 11.999209451262937, 9.492474570672865, 0.0 ], [ 11.998716495122585, 9.494028002876197, 0.0 ], [ 11.998298087278386, 9.494468778219945, 0.0 ], [ 11.996322011337666, 9.494805408313468, 0.0 ], [ 11.994752770314212, 9.495577846949823, 0.0 ], [ 11.994215674139816, 9.495858734564802, 0.0 ], [ 11.993111283751769, 9.496136011020694, 0.0 ], [ 11.992510153276733, 9.497392383942559, 0.0 ], [ 11.99177561940278, 9.497776582349585, 0.0 ], [ 11.989858604025031, 9.498165076917582, 0.0 ], [ 11.989894835578715, 9.499390589268208, 0.0 ], [ 11.989608487228946, 9.499692085656319, 0.0 ], [ 11.988519734473339, 9.500053374711769, 0.0 ], [ 11.988790291226165, 9.50051206766063, 0.0 ], [ 11.989335336742698, 9.501022397810432, 0.0 ], [ 11.989358384313846, 9.501834652316131, 0.0 ], [ 11.988813156236422, 9.502408828780572, 0.0 ], [ 11.988536111642491, 9.502676899867582, 0.0 ], [ 11.988283716271818, 9.5043103163888, 0.0 ], [ 11.987733714017686, 9.504580723152097, 0.0 ], [ 11.987028920331621, 9.505322460375995, 0.0 ], [ 11.98370920743686, 9.504677060631124, 0.0 ], [ 11.983382247755944, 9.505707200970864, 0.0 ], [ 11.983067706996842, 9.506324919978544, 0.0 ], [ 11.983839902124558, 9.509910592008319, 0.0 ], [ 11.98178033166471, 9.510593508581429, 0.0 ], [ 11.981383010587194, 9.511011335577276, 0.0 ], [ 11.980968490729902, 9.51141343078773, 0.0 ], [ 11.980639361052901, 9.512809329535644, 0.0 ], [ 11.979376576772564, 9.514136455849215, 0.0 ], [ 11.978856327413339, 9.514151484558292, 0.0 ], [ 11.977714093070409, 9.51388547653586, 0.0 ], [ 11.976688526081016, 9.513546484922179, 0.0 ], [ 11.976100982806811, 9.514164415059795, 0.0 ], [ 11.974216135343067, 9.514218598881353, 0.0 ], [ 11.97304283986638, 9.513443660521496, 0.0 ], [ 11.970862133181827, 9.515293588837574, 0.0 ], [ 11.970353351926034, 9.515032217184997, 0.0 ], [ 11.969822716935891, 9.513969150770931, 0.0 ], [ 11.96884139728108, 9.51332064914042, 0.0 ], [ 11.967087833746898, 9.513760590056165, 0.0 ], [ 11.96707140517184, 9.515193000703436, 0.0 ], [ 11.967098757807904, 9.516138087545759, 0.0 ], [ 11.966815174503228, 9.516146322669719, 0.0 ], [ 11.966306328982506, 9.515630353356649, 0.0 ], [ 11.965710854800317, 9.515332130895823, 0.0 ], [ 11.964763088200721, 9.515359242470771, 0.0 ], [ 11.963541970387308, 9.515344742236572, 0.0 ], [ 11.96326721150422, 9.515634484209945, 0.0 ], [ 11.962444190618184, 9.51590718137461, 0.0 ], [ 11.961665336031954, 9.516726795487337, 0.0 ], [ 11.957262430592243, 9.516498448266036, 0.0 ], [ 11.955972711102161, 9.516072179265818, 0.0 ], [ 11.955633318492822, 9.516783258827795, 0.0 ], [ 11.955096077969637, 9.51730440785558, 0.0 ], [ 11.954580682809866, 9.518382194880351, 0.0 ], [ 11.951264146507702, 9.518746914828904, 0.0 ], [ 11.951282148019013, 9.517241958421552, 0.0 ], [ 11.949356558253415, 9.517650461395172, 0.0 ], [ 11.948812701028803, 9.516034864571367, 0.0 ], [ 11.947427061760587, 9.515490278694958, 0.0 ], [ 11.947063550626105, 9.516251312255974, 0.0 ], [ 11.946063506704153, 9.51578021146206, 0.0 ], [ 11.945499807381195, 9.515206971590024, 0.0 ], [ 11.943651340165541, 9.517150303705133, 0.0 ], [ 11.942519461337938, 9.51635213554626, 0.0 ], [ 11.942248366432464, 9.516076007816038, 0.0 ], [ 11.941681445894908, 9.516371907228365, 0.0 ], [ 11.94004416631406, 9.51470833917012, 0.0 ], [ 11.938137928912292, 9.514763039401483, 0.0 ], [ 11.937854525662347, 9.513919592616011, 0.0 ], [ 11.935950421441543, 9.513974260798655, 0.0 ], [ 11.935493662501216, 9.513059754087072, 0.0 ], [ 11.934570725518524, 9.512625015142831, 0.0 ], [ 11.934031789181578, 9.512076948049653, 0.0 ], [ 11.931885054160142, 9.511064954106253, 0.0 ], [ 11.931551818782589, 9.510753342936825, 0.0 ], [ 11.931207583584754, 9.509401198720962, 0.0 ], [ 11.930450638193671, 9.509673268331976, 0.0 ], [ 11.929902822219246, 9.509959461262911, 0.0 ], [ 11.929073095764036, 9.50995001696363, 0.0 ], [ 11.927766721361889, 9.511321839743177, 0.0 ], [ 11.926359382091807, 9.511607299159248, 0.0 ], [ 11.925837255912024, 9.512156340817162, 0.0 ], [ 11.925560141240211, 9.512424378989778, 0.0 ], [ 11.925298217004983, 9.512973885568558, 0.0 ], [ 11.924748122806639, 9.513244212023297, 0.0 ], [ 11.924437388255923, 9.513571815667976, 0.0 ], [ 11.92310568783782, 9.512721251948332, 0.0 ], [ 11.921890636396233, 9.511918401203726, 0.0 ], [ 11.921463165820906, 9.512187695937749, 0.0 ], [ 11.920033901419568, 9.51328369800077, 0.0 ], [ 11.91804493030137, 9.512891706612182, 0.0 ], [ 11.917648006130774, 9.51248851058811, 0.0 ], [ 11.916156315857547, 9.513267431684522, 0.0 ], [ 11.915294466234542, 9.511986803503659, 0.0 ], [ 11.914095706613107, 9.511972467914926, 0.0 ], [ 11.913565100452537, 9.51253056628372, 0.0 ], [ 11.91314276204389, 9.512525623438497, 0.0 ], [ 11.91191668585774, 9.512560206069841, 0.0 ], [ 11.911297100966067, 9.51193019249313, 0.0 ], [ 11.909678810895249, 9.512495242035797, 0.0 ], [ 11.909176815722272, 9.512024627037267, 0.0 ], [ 11.908658352507551, 9.511498039589698, 0.0 ], [ 11.907811386914036, 9.511217676638887, 0.0 ], [ 11.906983799784483, 9.510958852498579, 0.0 ], [ 11.906191043018787, 9.510152416462443, 0.0 ], [ 11.904222928291755, 9.510713471629149, 0.0 ], [ 11.903072880285105, 9.511922487335818, 0.0 ], [ 11.901686274843236, 9.511006114745832, 0.0 ], [ 11.900464045847265, 9.510991926113297, 0.0 ], [ 11.89989495173128, 9.51128884316655, 0.0 ], [ 11.898542398589663, 9.511628261346225, 0.0 ], [ 11.898532751869986, 9.512381571441008, 0.0 ], [ 11.898541456294627, 9.51265516063515, 0.0 ], [ 11.898296646450698, 9.512891914544291, 0.0 ], [ 11.901742214612279, 9.516313340928317, 0.0 ], [ 11.904166666652168, 9.516666666666254, 0.0 ], [ 11.912499999822796, 9.516666666799427, 0.0 ], [ 11.915815904365621, 9.517517599157411, 0.0 ], [ 11.917233954468506, 9.52304382341325, 0.0 ], [ 11.924432711784899, 9.531122843443962, 0.0 ], [ 11.925567287485114, 9.543877157304475, 0.0 ], [ 11.928599378742929, 9.547789510377088, 0.0 ], [ 11.929733954443128, 9.552210490321341, 0.0 ], [ 11.932766044801681, 9.556122844293338, 0.0 ], [ 11.93390062050171, 9.560543823338275, 0.0 ], [ 11.941099378717475, 9.568622844268358, 0.0 ], [ 11.942233954417674, 9.573043823313235, 0.0 ], [ 11.94943271173428, 9.58112284424338, 0.0 ], [ 11.950567287434263, 9.592603896152333, 0.0 ], [ 11.942233954417718, 9.601956177235246, 0.0 ], [ 11.941099378717549, 9.613437229144262, 0.0 ], [ 11.949432711734353, 9.622789510227312, 0.0 ], [ 11.950567287434328, 9.631377157129554, 0.0 ], [ 11.970266044725443, 9.651956177135279, 0.0 ], [ 11.971400621324856, 9.660543824037626, 0.0 ], [ 11.974432711683455, 9.664456177110244, 0.0 ], [ 11.974999999533383, 9.666666667532061, 0.0 ], [ 11.97491041552561, 9.667281375536477, 0.0 ], [ 11.975959114644413, 9.667293615162551, 0.0 ], [ 11.97769225268946, 9.666998075578858, 0.0 ], [ 11.979227753543793, 9.665945246851226, 0.0 ], [ 11.981503542573728, 9.665610052329615, 0.0 ], [ 11.982241588640422, 9.665224680062552, 0.0 ], [ 11.983281451628306, 9.666280572004387, 0.0 ], [ 11.983488265432024, 9.666062960500788, 0.0 ], [ 11.983900621299389, 9.664456177110232, 0.0 ], [ 11.986932711657918, 9.660543824037601, 0.0 ] ] ], [ [ [ 11.874707453196992, 9.328188273551428, 0.0 ], [ 11.8768381981341, 9.327654140171758, 0.0 ], [ 11.876784856837174, 9.325828351882878, 0.0 ], [ 11.876789007845204, 9.325554649659713, 0.0 ], [ 11.876225864897421, 9.324209388966461, 0.0 ], [ 11.875877220009874, 9.322505086875982, 0.0 ], [ 11.875825417434418, 9.322456441915149, 0.0 ], [ 11.875567287586524, 9.322789510826949, 0.0 ], [ 11.874707453196992, 9.328188273551428, 0.0 ] ] ], [ [ [ 11.879635860169802, 9.340730488269436, 0.0 ], [ 11.879654874627315, 9.339153437163198, 0.0 ], [ 11.879351405078125, 9.338542923987568, 0.0 ], [ 11.878882016549747, 9.338102119240256, 0.0 ], [ 11.879189601044891, 9.341162980299694, 0.0 ], [ 11.879635860169802, 9.340730488269436, 0.0 ] ] ], [ [ [ 11.879741080455902, 9.344582682741271, 0.0 ], [ 11.87950962087729, 9.344347588947741, 0.0 ], [ 11.879581189277607, 9.34505978651646, 0.0 ], [ 11.879741080455902, 9.344582682741271, 0.0 ] ] ], [ [ [ 11.87443271188639, 9.367603895702853, 0.0 ], [ 11.876322110637082, 9.369724318366696, 0.0 ], [ 11.876053850777209, 9.368924049625415, 0.0 ], [ 11.875762472295129, 9.368103295250465, 0.0 ], [ 11.875772959758212, 9.367305496470053, 0.0 ], [ 11.875217552037899, 9.366784372425496, 0.0 ], [ 11.875193623000399, 9.365949269178317, 0.0 ], [ 11.876560358608639, 9.365966227314134, 0.0 ], [ 11.876896403308598, 9.364961989787204, 0.0 ], [ 11.876464358216049, 9.364146082625039, 0.0 ], [ 11.876956849657706, 9.363629155072246, 0.0 ], [ 11.877508877846459, 9.363093215810121, 0.0 ], [ 11.877906245424647, 9.362675516809501, 0.0 ], [ 11.878320797281532, 9.36227355805854, 0.0 ], [ 11.878851328376594, 9.361716620374695, 0.0 ], [ 11.879403350623864, 9.36118067988663, 0.0 ], [ 11.87980071380535, 9.36076298005286, 0.0 ], [ 11.880621294383035, 9.360219564049048, 0.0 ], [ 11.880885491156075, 9.359941102269881, 0.0 ], [ 11.881846769116464, 9.359009066945394, 0.0 ], [ 11.881426455598129, 9.358581603420999, 0.0 ], [ 11.881145003507836, 9.358318164836597, 0.0 ], [ 11.881158411235491, 9.357228680673234, 0.0 ], [ 11.879498659519006, 9.356444984478518, 0.0 ], [ 11.879793142273014, 9.355184357623791, 0.0 ], [ 11.880794282571324, 9.354692411545324, 0.0 ], [ 11.881107006833361, 9.353705833860774, 0.0 ], [ 11.881639689797069, 9.352117731324524, 0.0 ], [ 11.881370641957625, 9.351806549743008, 0.0 ], [ 11.880723951644732, 9.351199889530584, 0.0 ], [ 11.881080228194991, 9.350453806650242, 0.0 ], [ 11.881467291225494, 9.349692653502288, 0.0 ], [ 11.880273071367167, 9.349129078654988, 0.0 ], [ 11.879448939236084, 9.347942640265877, 0.0 ], [ 11.879421416845439, 9.34698325935044, 0.0 ], [ 11.875567287586568, 9.351956176835742, 0.0 ], [ 11.87443271188639, 9.367603895702853, 0.0 ] ] ], [ [ [ 11.880735229911227, 9.374035379512298, 0.0 ], [ 11.880159476074724, 9.37376375224861, 0.0 ], [ 11.880175967231269, 9.372403223201308, 0.0 ], [ 11.879619475094705, 9.371881589918949, 0.0 ], [ 11.879349647493848, 9.371607470352009, 0.0 ], [ 11.878548198716578, 9.371629869314321, 0.0 ], [ 11.877986328155984, 9.371101923370421, 0.0 ], [ 11.877596124442473, 9.370320087652637, 0.0 ], [ 11.87656560783525, 9.369997588885896, 0.0 ], [ 11.880962968834174, 9.374932631803546, 0.0 ], [ 11.880735229911227, 9.374035379512298, 0.0 ] ] ], [ [ [ 11.8908159044163, 9.388350932449235, 0.0 ], [ 11.891063246163929, 9.38931483771777, 0.0 ], [ 11.891332149875502, 9.389053967229742, 0.0 ], [ 11.890933597639316, 9.388300813138834, 0.0 ], [ 11.8909564623759, 9.386430497914528, 0.0 ], [ 11.890113139530021, 9.386419926653797, 0.0 ], [ 11.889049484995441, 9.386450325544645, 0.0 ], [ 11.888166396609483, 9.38588639219493, 0.0 ], [ 11.887642821356641, 9.385353396439827, 0.0 ], [ 11.887107002573329, 9.385916219684681, 0.0 ], [ 11.886835002517392, 9.385639482603432, 0.0 ], [ 11.886273103120823, 9.385112620364213, 0.0 ], [ 11.885729102552739, 9.384558614414344, 0.0 ], [ 11.884937227207324, 9.384581486812912, 0.0 ], [ 11.884361452241404, 9.384309872752223, 0.0 ], [ 11.883957221653976, 9.38389870152135, 0.0 ], [ 11.883644392284733, 9.383605184496689, 0.0 ], [ 11.884041680165428, 9.386612616678603, 0.0 ], [ 11.8908159044163, 9.388350932449235, 0.0 ] ] ], [ [ [ 11.89109937881901, 9.405103895627878, 0.0 ], [ 11.897978695554098, 9.412824373115381, 0.0 ], [ 11.897982394951372, 9.412517007669413, 0.0 ], [ 11.897959626674748, 9.411704147232625, 0.0 ], [ 11.897967829125106, 9.411025481339259, 0.0 ], [ 11.896596434120267, 9.410595820598681, 0.0 ], [ 11.896581553476004, 9.410089375618618, 0.0 ], [ 11.89660156139009, 9.408395889293873, 0.0 ], [ 11.896297969306813, 9.407785419808629, 0.0 ], [ 11.896016458450967, 9.407522009051307, 0.0 ], [ 11.895470237474177, 9.40670815048726, 0.0 ], [ 11.893407911720399, 9.406392126339462, 0.0 ], [ 11.892927053063923, 9.404591583560935, 0.0 ], [ 11.893730793140415, 9.40419593445373, 0.0 ], [ 11.892984031900612, 9.403494872938898, 0.0 ], [ 11.892702911014615, 9.402123565216344, 0.0 ], [ 11.892264460947173, 9.401916816300375, 0.0 ], [ 11.892233954519201, 9.401956177635119, 0.0 ], [ 11.89109937881901, 9.405103895627878, 0.0 ] ] ], [ [ [ 11.900489881006004, 9.417513206507339, 0.0 ], [ 11.900995401455367, 9.417519238377194, 0.0 ], [ 11.901015920677565, 9.415890861157724, 0.0 ], [ 11.900457067829073, 9.415610683200615, 0.0 ], [ 11.899796318189777, 9.415403879431262, 0.0 ], [ 11.900567287535806, 9.417413330160686, 0.0 ], [ 11.900489881006004, 9.417513206507339, 0.0 ] ] ], [ [ [ 11.898594923768904, 9.420382012897999, 0.0 ], [ 11.898583053329798, 9.419973554264633, 0.0 ], [ 11.898064244615657, 9.420642964443763, 0.0 ], [ 11.898594923768904, 9.420382012897999, 0.0 ] ] ], [ [ [ 11.895290532741409, 9.435268543694228, 0.0 ], [ 11.896778047919293, 9.434154725375125, 0.0 ], [ 11.896788810563105, 9.43327330569854, 0.0 ], [ 11.896508156934013, 9.432988191745588, 0.0 ], [ 11.895686098301285, 9.432600610456756, 0.0 ], [ 11.89593434455807, 9.430281167769866, 0.0 ], [ 11.897293194787334, 9.430730496073107, 0.0 ], [ 11.89730202420146, 9.430000480214149, 0.0 ], [ 11.896746499634824, 9.429738802422387, 0.0 ], [ 11.89727026351148, 9.427090497729653, 0.0 ], [ 11.897278962661938, 9.426344603121569, 0.0 ], [ 11.897236848511181, 9.424875535960076, 0.0 ], [ 11.897800222490929, 9.424035090263915, 0.0 ], [ 11.896688520551882, 9.423686412975808, 0.0 ], [ 11.896698401639686, 9.422826172869833, 0.0 ], [ 11.896686618362342, 9.422420492484198, 0.0 ], [ 11.896400620577809, 9.422789510627023, 0.0 ], [ 11.895290532741409, 9.435268543694228, 0.0 ] ] ], [ [ [ 11.890815904416383, 9.444982401815958, 0.0 ], [ 11.883960299614154, 9.446741740138833, 0.0 ], [ 11.883953744228069, 9.446856533832364, 0.0 ], [ 11.88434162178177, 9.446910113850279, 0.0 ], [ 11.886366630290663, 9.447706534678018, 0.0 ], [ 11.886853520010757, 9.44740557795418, 0.0 ], [ 11.887608191910731, 9.446612258512245, 0.0 ], [ 11.890257704984876, 9.446222584719282, 0.0 ], [ 11.890601424670763, 9.445503572078859, 0.0 ], [ 11.891431800906936, 9.445095507297612, 0.0 ], [ 11.89140364507902, 9.444149297079449, 0.0 ], [ 11.893031776329833, 9.441981524537278, 0.0 ], [ 11.893287754384087, 9.440332144026016, 0.0 ], [ 11.89357543408412, 9.440053466470204, 0.0 ], [ 11.893551632565964, 9.439245905662526, 0.0 ], [ 11.894365541351487, 9.437889417353441, 0.0 ], [ 11.894553345890445, 9.43646343032272, 0.0 ], [ 11.892233954519254, 9.439456177560166, 0.0 ], [ 11.890815904416383, 9.444982401815958, 0.0 ] ] ], [ [ [ 11.884375898370955, 9.455885733413655, 0.0 ], [ 11.884910040013782, 9.455367889732592, 0.0 ], [ 11.885551416756279, 9.454411935838124, 0.0 ], [ 11.885214635259887, 9.453407384425665, 0.0 ], [ 11.884933082534296, 9.453143973945741, 0.0 ], [ 11.884940385343585, 9.452612992559416, 0.0 ], [ 11.884659718090479, 9.452327871169725, 0.0 ], [ 11.883828012687873, 9.452067920465995, 0.0 ], [ 11.884368500417182, 9.451544204493596, 0.0 ], [ 11.884376511901138, 9.450842243180478, 0.0 ], [ 11.884357007010777, 9.450164857082127, 0.0 ], [ 11.885177844316928, 9.449761114404133, 0.0 ], [ 11.884751766548142, 9.448275601430998, 0.0 ], [ 11.883873312669641, 9.448264999413221, 0.0 ], [ 11.883411008262799, 9.456360576045489, 0.0 ], [ 11.884375898370955, 9.455885733413655, 0.0 ] ] ], [ [ [ 11.882866830577809, 9.467763349663198, 0.0 ], [ 11.882886010175948, 9.466205686198055, 0.0 ], [ 11.88285241008812, 9.466142387040255, 0.0 ], [ 11.882766044903303, 9.467654758459814, 0.0 ], [ 11.882866830577809, 9.467763349663198, 0.0 ] ] ], [ [ [ 11.88425398059014, 9.469134347665454, 0.0 ], [ 11.884142170663257, 9.469137460768577, 0.0 ], [ 11.884272605511249, 9.469277997379322, 0.0 ], [ 11.88425398059014, 9.469134347665454, 0.0 ] ] ], [ [ [ 11.872789510077677, 9.513067287868562, 0.0 ], [ 11.868877156562208, 9.516099378797307, 0.0 ], [ 11.861562771254327, 9.517233954535238, 0.0 ], [ 11.852210489896027, 9.508900621201816, 0.0 ], [ 11.849253336575853, 9.507766045464118, 0.0 ], [ 11.843877156563025, 9.511932712130735, 0.0 ], [ 11.812499999988413, 9.512499999999708, 0.0 ], [ 11.812499999988418, 9.516666666666366, 0.0 ], [ 11.812499999926121, 9.520833333612018, 0.0 ], [ 11.810075547237236, 9.521186659536456, 0.0 ], [ 11.806591118573886, 9.524646674304346, 0.0 ], [ 11.797575547262619, 9.52535332649463, 0.0 ], [ 11.794091118599212, 9.52881334126246, 0.0 ], [ 11.791666665972908, 9.52916666690785, 0.0 ], [ 11.791666665972899, 9.520833333890973, 0.0 ], [ 11.787499999914235, 9.520833333890979, 0.0 ], [ 11.784184095209035, 9.519982401666176, 0.0 ], [ 11.783333332956243, 9.516666666932824, 0.0 ], [ 11.78090888122926, 9.517019992578389, 0.0 ], [ 11.771186997671444, 9.526715766119411, 0.0 ], [ 11.77083333298159, 9.554166666857887, 0.0 ], [ 11.77048000733611, 9.569091119459285, 0.0 ], [ 11.758686658652461, 9.580908882039015, 0.0 ], [ 11.757980007361429, 9.594091119409313, 0.0 ], [ 11.742019991719781, 9.610075548047822, 0.0 ], [ 11.741313340428736, 9.614924452401411, 0.0 ], [ 11.735786268112422, 9.620479329956844, 0.0 ], [ 11.710075547439827, 9.621186659336662, 0.0 ], [ 11.702424451818398, 9.628813341062648, 0.0 ], [ 11.687500000116533, 9.629166666708052, 0.0 ], [ 11.68664923786374, 9.632482402340779, 0.0 ], [ 11.683333333158695, 9.633333333666151, 0.0 ], [ 11.683686658804039, 9.64825778626756, 0.0 ], [ 11.687146673571847, 9.651742214931014, 0.0 ], [ 11.687334439420829, 9.664101917717975, 0.0 ], [ 11.688261, 9.6643286, 0.0 ], [ 11.6963835, 9.6688862, 0.0 ], [ 11.6990395, 9.671814, 0.0 ], [ 11.7008553, 9.6738148, 0.0 ], [ 11.7068653, 9.6767874, 0.0 ], [ 11.7116194, 9.6800976, 0.0 ], [ 11.7165155, 9.683507, 0.0 ], [ 11.7185049, 9.6847763, 0.0 ], [ 11.7244234, 9.6890459, 0.0 ], [ 11.7265768, 9.6905565, 0.0 ], [ 11.7312279, 9.6951227, 0.0 ], [ 11.735878, 9.6996889, 0.0 ], [ 11.735929131974299, 9.699688800327536, 0.0 ], [ 11.735929299887891, 9.699688799997849, 0.0 ], [ 11.73593600438854, 9.699688783411579, 0.0 ], [ 11.735936005339605, 9.699688783409226, 0.0 ], [ 11.7381926, 9.6996832, 0.0 ], [ 11.7463217, 9.7053852, 0.0 ], [ 11.7486544, 9.7076758, 0.0 ], [ 11.7498093, 9.7088099, 0.0 ], [ 11.7556334, 9.7168055, 0.0 ], [ 11.756588, 9.7186747, 0.0 ], [ 11.765813, 9.712197, 0.0 ], [ 11.7760874, 9.707141, 0.0 ], [ 11.7961595, 9.7309391, 0.0 ], [ 11.8171632, 9.7408803, 0.0 ], [ 11.8247347, 9.7538347, 0.0 ], [ 11.832374054437699, 9.766905153108427, 0.0 ], [ 11.839018726986977, 9.766384346888131, 0.0 ], [ 11.839229982554963, 9.765718850606527, 0.0 ], [ 11.840308658978884, 9.764672860909039, 0.0 ], [ 11.840034695627748, 9.76383031173515, 0.0 ], [ 11.839574390597928, 9.762534610054388, 0.0 ], [ 11.840016354894852, 9.761667560116372, 0.0 ], [ 11.839993732038808, 9.760887493597364, 0.0 ], [ 11.840271615960853, 9.760305012171454, 0.0 ], [ 11.843280933050321, 9.76001416099971, 0.0 ], [ 11.84381964516151, 9.759733343249131, 0.0 ], [ 11.844305289551063, 9.759738814464525, 0.0 ], [ 11.846008291529685, 9.759449324239776, 0.0 ], [ 11.846280935514647, 9.758879589540282, 0.0 ], [ 11.846818666738489, 9.758358455466007, 0.0 ], [ 11.847076202532547, 9.757266914832439, 0.0 ], [ 11.847893017995444, 9.756181285947813, 0.0 ], [ 11.848155156416224, 9.75563175355564, 0.0 ], [ 11.848432492735942, 9.75536370510261, 0.0 ], [ 11.849195148442815, 9.754561725623812, 0.0 ], [ 11.849945557492534, 9.754540239778287, 0.0 ], [ 11.849999999787766, 9.754166667357541, 0.0 ], [ 11.849432711937638, 9.735289510901804, 0.0 ], [ 11.84640062067986, 9.731377156929975, 0.0 ], [ 11.845266044979819, 9.722789510926768, 0.0 ], [ 11.842233954621022, 9.718877156954946, 0.0 ], [ 11.841099378920974, 9.706122843993644, 0.0 ], [ 11.838067287663197, 9.70221049002182, 0.0 ], [ 11.836932711962978, 9.689456177060514, 0.0 ], [ 11.832766045004941, 9.684079997493567, 0.0 ], [ 11.83390062070513, 9.672789510127389, 0.0 ], [ 11.836932711962952, 9.668877157054759, 0.0 ], [ 11.838067287663119, 9.643622844118594, 0.0 ], [ 11.845266044979704, 9.635543824087803, 0.0 ], [ 11.846541680241939, 9.625887384195108, 0.0 ], [ 11.853315904492829, 9.624149068424344, 0.0 ], [ 11.854733954595705, 9.618622844168502, 0.0 ], [ 11.85776604495415, 9.614710490196556, 0.0 ], [ 11.858900620654323, 9.597789510277261, 0.0 ], [ 11.861932711912258, 9.593877157204641, 0.0 ], [ 11.863067287612273, 9.589456177260383, 0.0 ], [ 11.878599378844644, 9.573043823313325, 0.0 ], [ 11.879733954544836, 9.568622844268445, 0.0 ], [ 11.882766044903443, 9.564710490296445, 0.0 ], [ 11.883333333036504, 9.562500000386732, 0.0 ], [ 11.885790337442744, 9.562141927082928, 0.0 ], [ 11.891313340914696, 9.55659111870626, 0.0 ], [ 11.892019992390519, 9.543408881292994, 0.0 ], [ 11.89548000758136, 9.539924452039378, 0.0 ], [ 11.89618665905695, 9.522575547959663, 0.0 ], [ 11.89641849592091, 9.522342076255706, 0.0 ], [ 11.895981557373585, 9.519812265337285, 0.0 ], [ 11.895314021033657, 9.519186322692089, 0.0 ], [ 11.895042817789029, 9.518641249971488, 0.0 ], [ 11.894621444588308, 9.518246164651066, 0.0 ], [ 11.894217000474134, 9.517835058338688, 0.0 ], [ 11.893935375503229, 9.517571673653455, 0.0 ], [ 11.89340077995433, 9.51702825459912, 0.0 ], [ 11.892849563523376, 9.517043943139821, 0.0 ], [ 11.892296949300555, 9.516766923492574, 0.0 ], [ 11.891469348116967, 9.516508063059511, 0.0 ], [ 11.891200432842698, 9.516233982161502, 0.0 ], [ 11.88979659706709, 9.514917528779849, 0.0 ], [ 11.88844238905568, 9.513540841373239, 0.0 ], [ 11.88738367729645, 9.513571307564687, 0.0 ], [ 11.886659196485349, 9.512891818363917, 0.0 ], [ 11.886239709769882, 9.512465472127024, 0.0 ], [ 11.88493243048481, 9.511849554390603, 0.0 ], [ 11.88449712167467, 9.510553644241687, 0.0 ], [ 11.883177661452505, 9.510900672592964, 0.0 ], [ 11.881346418897177, 9.510878742706183, 0.0 ], [ 11.880784069297656, 9.511983868887519, 0.0 ], [ 11.88040571012001, 9.512774640321085, 0.0 ], [ 11.878344778689188, 9.512833464532568, 0.0 ], [ 11.877863984963168, 9.512344091206295, 0.0 ], [ 11.877258343297454, 9.511895625536525, 0.0 ], [ 11.877210489895139, 9.511932712130694, 0.0 ], [ 11.872789510077677, 9.513067287868562, 0.0 ] ] ], [ [ [ 11.896664077196302, 9.515405236780015, 0.0 ], [ 11.896647720132499, 9.516732405920184, 0.0 ], [ 11.898571313558733, 9.517334677212167, 0.0 ], [ 11.898615167020308, 9.518867238561201, 0.0 ], [ 11.898052422452112, 9.519412886337406, 0.0 ], [ 11.898048470793402, 9.519702989743175, 0.0 ], [ 11.898076888497377, 9.520671989221032, 0.0 ], [ 11.899985419364899, 9.518749999999448, 0.0 ], [ 11.896664077196302, 9.515405236780015, 0.0 ] ] ], [ [ [ 11.955596157843022, 9.675663858029349, 0.0 ], [ 11.956193819131594, 9.675850428480423, 0.0 ], [ 11.956722355606837, 9.676387345490426, 0.0 ], [ 11.957805348623678, 9.676399716225765, 0.0 ], [ 11.958459560037133, 9.676058505449024, 0.0 ], [ 11.959987632873302, 9.677067398106329, 0.0 ], [ 11.960841495347983, 9.676621248746592, 0.0 ], [ 11.961112768505986, 9.676897316806855, 0.0 ], [ 11.962760100748755, 9.677148804930031, 0.0 ], [ 11.963975914322088, 9.677951300119469, 0.0 ], [ 11.964430028979166, 9.677665265715762, 0.0 ], [ 11.965173188248533, 9.676883962129386, 0.0 ], [ 11.96589216641024, 9.676508304838508, 0.0 ], [ 11.966649775677178, 9.676887610190397, 0.0 ], [ 11.967384498472693, 9.675753869389279, 0.0 ], [ 11.968307853654849, 9.67544789620149, 0.0 ], [ 11.968836251016373, 9.674660382556322, 0.0 ], [ 11.955908880873967, 9.675353326194536, 0.0 ], [ 11.955596157843022, 9.675663858029349, 0.0 ] ] ], [ [ [ 11.947459298086422, 9.679635428381674, 0.0 ], [ 11.947659130284826, 9.680419696929137, 0.0 ], [ 11.948453546737692, 9.681226403010243, 0.0 ], [ 11.948916634386091, 9.679765791988729, 0.0 ], [ 11.94973467362343, 9.679205334185761, 0.0 ], [ 11.947575547857415, 9.679519993152706, 0.0 ], [ 11.947459298086422, 9.679635428381674, 0.0 ] ] ], [ [ [ 11.937380237532309, 9.683329041779539, 0.0 ], [ 11.937556934584929, 9.683246156679351, 0.0 ], [ 11.93724042317676, 9.68325904874394, 0.0 ], [ 11.937380237532309, 9.683329041779539, 0.0 ] ] ], [ [ [ 11.92603908675974, 9.68438626731942, 0.0 ], [ 11.926767874396882, 9.684231719329816, 0.0 ], [ 11.927562267113233, 9.685038485830857, 0.0 ], [ 11.928136337296136, 9.685045229941929, 0.0 ], [ 11.928405938762443, 9.684760806424471, 0.0 ], [ 11.930879791898207, 9.684472903749048, 0.0 ], [ 11.931657950149889, 9.683654825997243, 0.0 ], [ 11.932766212300116, 9.683623120186009, 0.0 ], [ 11.933136365546035, 9.684720382165489, 0.0 ], [ 11.934145430197137, 9.684446039855899, 0.0 ], [ 11.93447445964938, 9.683757244963369, 0.0 ], [ 11.935147182813203, 9.683344310094006, 0.0 ], [ 11.926742213966907, 9.683686659211459, 0.0 ], [ 11.92603908675974, 9.68438626731942, 0.0 ] ] ], [ [ [ 11.921176875575929, 9.689999825424174, 0.0 ], [ 11.921626708953614, 9.689702050128023, 0.0 ], [ 11.921599871727352, 9.68880326441182, 0.0 ], [ 11.921186998266508, 9.689214071471802, 0.0 ], [ 11.921176875575929, 9.689999825424174, 0.0 ] ] ], [ [ [ 11.921288565355049, 9.692052956615916, 0.0 ], [ 11.921156763189016, 9.691561009912222, 0.0 ], [ 11.921146837484583, 9.692331473202241, 0.0 ], [ 11.921288565355049, 9.692052956615916, 0.0 ] ] ], [ [ [ 11.921155698585942, 9.698393648326975, 0.0 ], [ 11.921131630544661, 9.697586124539155, 0.0 ], [ 11.921920068140111, 9.695608775896241, 0.0 ], [ 11.921391086164485, 9.694034881251007, 0.0 ], [ 11.921131199751253, 9.693545321504201, 0.0 ], [ 11.921066481022548, 9.69856898556613, 0.0 ], [ 11.921155698585942, 9.698393648326975, 0.0 ] ] ], [ [ [ 11.921016337349302, 9.71456105182509, 0.0 ], [ 11.920869185592345, 9.713883655401757, 0.0 ], [ 11.920859790485977, 9.714612932060422, 0.0 ], [ 11.921016337349302, 9.71456105182509, 0.0 ] ] ] ] } },
{ "type": "Feature", "properties": { "Stra_Catch": "Hawal-Kilunga", "State": "Adamawa", "LGA": "Shelleng", "Population": 0, "Cleard_TOR": "Not Cleared", "Status": "Proposed", "Start_Date": "2025-12-30T00:00:00", "End_Date": "2026-12-30T00:00:00", "Micr_Catch": "Guyuk-Shelleng", "Size_Ha": 144598.982127, "Comments": null, "OBJECTID_1": 0, "Shape_Leng": 0.0, "Shape_Area": 0.0, "parent_strategic_name": "Gali-Lamurde", "clipped_to_state": true }, "geometry": { "type": "MultiPolygon", "coordinates": [ [ [ [ 11.913172700694396, 9.72283709840362, 0.0 ], [ 11.913356858766472, 9.722055894754607, 0.0 ], [ 11.912169623446937, 9.723239341722739, 0.0 ], [ 11.913172700694396, 9.72283709840362, 0.0 ] ] ], [ [ [ 11.90826834665112, 9.725046958501339, 0.0 ], [ 11.909096504761237, 9.725305622740514, 0.0 ], [ 11.910070702650698, 9.72579329371832, 0.0 ], [ 11.910459966569142, 9.725028292528515, 0.0 ], [ 11.910449168130901, 9.724670864589811, 0.0 ], [ 11.907914245615494, 9.724869554856463, 0.0 ], [ 11.90826834665112, 9.725046958501339, 0.0 ] ] ], [ [ [ 11.900572928541616, 9.726514419191409, 0.0 ], [ 11.901305389367373, 9.726997955185771, 0.0 ], [ 11.901733102124149, 9.726728603888166, 0.0 ], [ 11.901891207625168, 9.725341647797009, 0.0 ], [ 11.901742214017856, 9.725353326094623, 0.0 ], [ 11.900572928541616, 9.726514419191409, 0.0 ] ] ], [ [ [ 11.89123862427663, 9.731687192171558, 0.0 ], [ 11.892204022499003, 9.73169878856524, 0.0 ], [ 11.892740199050316, 9.731135280480036, 0.0 ], [ 11.893571566117567, 9.731145173346871, 0.0 ], [ 11.893896750517712, 9.730120824964098, 0.0 ], [ 11.89492661379199, 9.729761154422324, 0.0 ], [ 11.896136958444552, 9.730161113912429, 0.0 ], [ 11.896839648655552, 9.729480268402151, 0.0 ], [ 11.89691256144252, 9.729009386918589, 0.0 ], [ 11.893408881001205, 9.729519993052763, 0.0 ], [ 11.89123862427663, 9.731687192171558, 0.0 ] ] ], [ [ [ 11.890853450960098, 9.732241140626451, 0.0 ], [ 11.891007991708829, 9.731917499808457, 0.0 ], [ 11.890519743083006, 9.732405060556296, 0.0 ], [ 11.890853450960098, 9.732241140626451, 0.0 ] ] ], [ [ [ 11.874999999736978, 9.750000000399236, 0.0 ], [ 11.874500160587832, 9.751947885694392, 0.0 ], [ 11.875320413493611, 9.750683459980049, 0.0 ], [ 11.876797549233535, 9.749704965477489, 0.0 ], [ 11.877061956623772, 9.749426422696605, 0.0 ], [ 11.877612438860039, 9.749156052067969, 0.0 ], [ 11.877912802132174, 9.747222523004192, 0.0 ], [ 11.878404598684147, 9.74670492066584, 0.0 ], [ 11.878681898302716, 9.746436856463408, 0.0 ], [ 11.87932647215362, 9.745442097631109, 0.0 ], [ 11.880023002286743, 9.746149218540896, 0.0 ], [ 11.881409010676492, 9.745871784097117, 0.0 ], [ 11.88167341108907, 9.745593239650628, 0.0 ], [ 11.881950706652789, 9.745325173786537, 0.0 ], [ 11.882208122484792, 9.74423364143866, 0.0 ], [ 11.883528563180647, 9.743902763614425, 0.0 ], [ 11.883581152775122, 9.73946603125281, 0.0 ], [ 11.883546556697844, 9.739368422640595, 0.0 ], [ 11.875357563887224, 9.74754587823929, 0.0 ], [ 11.874999999736978, 9.750000000399236, 0.0 ] ] ], [ [ [ 11.868077723672082, 9.754094121339339, 0.0 ], [ 11.868621395450674, 9.754646930750111, 0.0 ], [ 11.870457165276202, 9.753918984386996, 0.0 ], [ 11.870706546634015, 9.753656900806458, 0.0 ], [ 11.86732578604621, 9.753740130457322, 0.0 ], [ 11.868077723672082, 9.754094121339339, 0.0 ] ] ], [ [ [ 11.849945557492521, 9.754540239778287, 0.0 ], [ 11.850605679020058, 9.754521339061172, 0.0 ], [ 11.850885586653698, 9.754806957822224, 0.0 ], [ 11.851566312219694, 9.754787496930335, 0.0 ], [ 11.853060578083072, 9.754805155607983, 0.0 ], [ 11.853406678798589, 9.754082799630861, 0.0 ], [ 11.849999999787764, 9.754166667357461, 0.0 ], [ 11.849945557492521, 9.754540239778287, 0.0 ] ] ], [ [ [ 11.833377036304395, 9.768621191755955, 0.0 ], [ 11.833494491129834, 9.768497570660838, 0.0 ], [ 11.835158387145363, 9.768749437973758, 0.0 ], [ 11.835700736411505, 9.769021236705429, 0.0 ], [ 11.837075420041581, 9.769275504533594, 0.0 ], [ 11.837604015948706, 9.769813145537944, 0.0 ], [ 11.838170585393227, 9.76954268687469, 0.0 ], [ 11.838435044551664, 9.769264160797199, 0.0 ], [ 11.838954814568943, 9.768761179234843, 0.0 ], [ 11.838972775134138, 9.767229632338999, 0.0 ], [ 11.838954514201085, 9.766586629699656, 0.0 ], [ 11.839018726986971, 9.766384346888147, 0.0 ], [ 11.832374054437663, 9.766905153108366, 0.0 ], [ 11.833377036304395, 9.768621191755955, 0.0 ] ] ] ] } },
{ "type": "Feature", "properties": { "Stra_Catch": "Hawal-Kilunga", "State": "Adamawa", "LGA": "Mayo Belwa", "Population": 0, "Cleard_TOR": "Not Cleared", "Status": "Proposed", "Start_Date": "2025-12-30T00:00:00", "End_Date": "2026-12-30T00:00:00", "Micr_Catch": "Jada-Mayo", "Size_Ha": 266234.88834200002, "Comments": null, "OBJECTID_1": 0, "Shape_Leng": 0.0, "Shape_Area": 0.0, "parent_strategic_name": "Gali-Lamurde", "clipped_to_state": true }, "geometry": { "type": "MultiPolygon", "coordinates": [ [ [ [ 11.760306672673183, 9.048643357811377, 0.0 ], [ 11.759207754008676, 9.048123831853385, 0.0 ], [ 11.75893731282094, 9.047578472730898, 0.0 ], [ 11.758108857483034, 9.047047904710265, 0.0 ], [ 11.75758178179359, 9.046510300188032, 0.0 ], [ 11.757172932068492, 9.046505036355992, 0.0 ], [ 11.760682221835252, 9.050286123674914, 0.0 ], [ 11.760306672673183, 9.048643357811377, 0.0 ] ] ], [ [ [ 11.766872664800456, 9.05887514945938, 0.0 ], [ 11.766781896055152, 9.058782737873429, 0.0 ], [ 11.767133198856895, 9.060151827786193, 0.0 ], [ 11.766872664800456, 9.05887514945938, 0.0 ] ] ], [ [ [ 11.768667134553528, 9.061944248538719, 0.0 ], [ 11.768309190708299, 9.06160759157112, 0.0 ], [ 11.768040797790475, 9.061333279837946, 0.0 ], [ 11.76735294663537, 9.061008224220744, 0.0 ], [ 11.767517428275861, 9.061649238621181, 0.0 ], [ 11.768667134553528, 9.061944248538719, 0.0 ] ] ], [ [ [ 11.77892315725212, 9.066604174087562, 0.0 ], [ 11.778497397048952, 9.06617040885275, 0.0 ], [ 11.777553266281799, 9.065565611594018, 0.0 ], [ 11.776533364824257, 9.064526229543054, 0.0 ], [ 11.775691984089729, 9.064262101062361, 0.0 ], [ 11.775330039769184, 9.063180659839681, 0.0 ], [ 11.774049697906129, 9.063456129173787, 0.0 ], [ 11.773673211627154, 9.063555067873835, 0.0 ], [ 11.776956176475286, 9.066099379082788, 0.0 ], [ 11.77892315725212, 9.066604174087562, 0.0 ] ] ], [ [ [ 11.787213045123757, 9.072300490814708, 0.0 ], [ 11.786609527354155, 9.072207564205444, 0.0 ], [ 11.787372870138887, 9.07293315665944, 0.0 ], [ 11.787213045123757, 9.072300490814708, 0.0 ] ] ], [ [ [ 11.788867593901751, 9.074271990380584, 0.0 ], [ 11.78860301164597, 9.074102462786048, 0.0 ], [ 11.788866567790166, 9.074352985032746, 0.0 ], [ 11.788867593901751, 9.074271990380584, 0.0 ] ] ], [ [ [ 11.833333332854313, 9.112500000774052, 0.0 ], [ 11.838048130721949, 9.112345149296706, 0.0 ], [ 11.836868409426964, 9.11040495287121, 0.0 ], [ 11.835506511498798, 9.109125515758148, 0.0 ], [ 11.835447318396321, 9.107023350229284, 0.0 ], [ 11.83573491992375, 9.105806222867031, 0.0 ], [ 11.837102633182649, 9.105529825186904, 0.0 ], [ 11.837423625864991, 9.103820131961147, 0.0 ], [ 11.837907795406766, 9.103350520034349, 0.0 ], [ 11.835713588786488, 9.103101349036253, 0.0 ], [ 11.835442982411353, 9.102556095489028, 0.0 ], [ 11.835161815343875, 9.102292545663802, 0.0 ], [ 11.834616393706231, 9.101478397049283, 0.0 ], [ 11.834108781698978, 9.101001157522555, 0.0 ], [ 11.833378265522761, 9.099948115737122, 0.0 ], [ 11.833862832274793, 9.097499747129259, 0.0 ], [ 11.833070842783812, 9.096755269382609, 0.0 ], [ 11.832391277057377, 9.094729914065622, 0.0 ], [ 11.832100453881782, 9.094456376269598, 0.0 ], [ 11.831829847434824, 9.094180033901615, 0.0 ], [ 11.831288815334547, 9.09446268332362, 0.0 ], [ 11.828012389599753, 9.094753866331285, 0.0 ], [ 11.827748273326097, 9.095032245546081, 0.0 ], [ 11.827195375834606, 9.095568019139549, 0.0 ], [ 11.826666075173613, 9.096124784399827, 0.0 ], [ 11.824690599962238, 9.096460372362479, 0.0 ], [ 11.824080660426212, 9.097101647803129, 0.0 ], [ 11.832678900697973, 9.105144925097903, 0.0 ], [ 11.833333332854313, 9.112500000774052, 0.0 ] ] ], [ [ [ 11.847575548059879, 9.108686659461371, 0.0 ], [ 11.854166666744863, 9.108333333815938, 0.0 ], [ 11.857482570550674, 9.10918409606878, 0.0 ], [ 11.858333332803516, 9.112500000774018, 0.0 ], [ 11.862499999761473, 9.112500000774002, 0.0 ], [ 11.862986585081298, 9.110434000606109, 0.0 ], [ 11.861946847317368, 9.109942789719165, 0.0 ], [ 11.861678356822635, 9.10966858020328, 0.0 ], [ 11.860851808179705, 9.109409347157316, 0.0 ], [ 11.860482653077174, 9.108666393929047, 0.0 ], [ 11.858389056813005, 9.10834459129136, 0.0 ], [ 11.858045952954919, 9.106992144644302, 0.0 ], [ 11.855653593432566, 9.10727666032837, 0.0 ], [ 11.854651113124492, 9.107800117066013, 0.0 ], [ 11.850814606942032, 9.107050453476358, 0.0 ], [ 11.849668307329214, 9.107036139196167, 0.0 ], [ 11.849388359334581, 9.107331065681752, 0.0 ], [ 11.847569359870459, 9.10778678782577, 0.0 ], [ 11.847213341911162, 9.108161182180307, 0.0 ], [ 11.846663689347238, 9.10843121946621, 0.0 ], [ 11.846399584926166, 9.108709610707471, 0.0 ], [ 11.846122614651113, 9.108977514239092, 0.0 ], [ 11.84585850941758, 9.109255905330787, 0.0 ], [ 11.845308853777851, 9.109525941376338, 0.0 ], [ 11.844847190295997, 9.110011796717332, 0.0 ], [ 11.843419901511297, 9.111106023621479, 0.0 ], [ 11.842051638601701, 9.111448623974939, 0.0 ], [ 11.841789671695798, 9.111998028820647, 0.0 ], [ 11.840759382736501, 9.112256101708304, 0.0 ], [ 11.844091118497225, 9.112146675128596, 0.0 ], [ 11.847575548059879, 9.108686659461371, 0.0 ] ] ] ] } },
{ "type": "Feature", "properties": { "Stra_Catch": "Hawal-Kilunga", "State": "Adamawa", "LGA": "Ganye", "Population": 0, "Cleard_TOR": "Cleared", "Status": "Completed", "Start_Date": "2024-01-04T00:00:00", "End_Date": "2024-03-15T00:00:00", "Micr_Catch": "Toungo-Ganye", "Size_Ha": 171289.36091700001, "Comments": null, "OBJECTID_1": 0, "Shape_Leng": 0.0, "Shape_Area": 0.0, "parent_strategic_name": "Wase-Taraba", "clipped_to_state": true }, "geometry": { "type": "MultiPolygon", "coordinates": [ [ [ [ 11.907860337768614, 8.088650023817705, 0.0 ], [ 11.90891543655534, 8.087021589787858, 0.0 ], [ 11.909472456755118, 8.086480330344711, 0.0 ], [ 11.9097533070904, 8.08535134292228, 0.0 ], [ 11.909717175246257, 8.084016579824434, 0.0 ], [ 11.910543204817992, 8.083214023387628, 0.0 ], [ 11.910550922095771, 8.08266079766304, 0.0 ], [ 11.910166448250575, 8.081931446211589, 0.0 ], [ 11.910537796975376, 8.081571489741069, 0.0 ], [ 11.910790807302462, 8.079375003565065, 0.0 ], [ 11.911592149853512, 8.077797656817078, 0.0 ], [ 11.911599670864099, 8.077216907407227, 0.0 ], [ 11.911040311840329, 8.076689424158943, 0.0 ], [ 11.910770830034016, 8.076143994706266, 0.0 ], [ 11.90996501845159, 8.075761625321594, 0.0 ], [ 11.908900620550424, 8.076956177585137, 0.0 ], [ 11.907860337768614, 8.088650023817705, 0.0 ] ] ], [ [ [ 11.905815884761362, 8.092694488662705, 0.0 ], [ 11.906475920786175, 8.091708719942146, 0.0 ], [ 11.905069824482505, 8.09288138985727, 0.0 ], [ 11.905815884761362, 8.092694488662705, 0.0 ] ] ], [ [ [ 11.895266044875731, 8.097048272259546, 0.0 ], [ 11.896489291031678, 8.111599053852906, 0.0 ], [ 11.899016083092054, 8.112247499504535, 0.0 ], [ 11.898515867214329, 8.111735954497846, 0.0 ], [ 11.898234556375463, 8.111470633499279, 0.0 ], [ 11.898649405763203, 8.110653532613334, 0.0 ], [ 11.898223974929063, 8.1098461191949, 0.0 ], [ 11.897952527389286, 8.1090296678292, 0.0 ], [ 11.897672293120658, 8.108765926210483, 0.0 ], [ 11.897393083265666, 8.106865409553176, 0.0 ], [ 11.896845442792014, 8.106348419103011, 0.0 ], [ 11.897106991180422, 8.105783324584833, 0.0 ], [ 11.898187347846971, 8.104733870125868, 0.0 ], [ 11.897857581357924, 8.102151375483729, 0.0 ], [ 11.897344922336266, 8.101177300405157, 0.0 ], [ 11.897618505830192, 8.100364383732838, 0.0 ], [ 11.898023788067301, 8.098210733220972, 0.0 ], [ 11.899504695157969, 8.097911707569979, 0.0 ], [ 11.900026625741823, 8.097362231549099, 0.0 ], [ 11.901946406287658, 8.097081252141502, 0.0 ], [ 11.902719276912448, 8.096267429512535, 0.0 ], [ 11.903570320335696, 8.095985579569168, 0.0 ], [ 11.904089445543123, 8.094897770015411, 0.0 ], [ 11.904664267661886, 8.094614708905988, 0.0 ], [ 11.904626776190081, 8.093250887595168, 0.0 ], [ 11.902210489206164, 8.095266046190602, 0.0 ], [ 11.895266044875731, 8.097048272259546, 0.0 ] ] ], [ [ [ 11.881620787953393, 8.141308932860708, 0.0 ], [ 11.879166666692775, 8.141666666982674, 0.0 ], [ 11.878446790871301, 8.153390164424165, 0.0 ], [ 11.870833332776854, 8.154166666957881, 0.0 ], [ 11.870833332776865, 8.162500000873971, 0.0 ], [ 11.871450974567558, 8.168826972486533, 0.0 ], [ 11.872245376151476, 8.169914415835136, 0.0 ], [ 11.872525317875136, 8.167482402645623, 0.0 ], [ 11.872807068813083, 8.167209366355022, 0.0 ], [ 11.872777147356134, 8.166146084729059, 0.0 ], [ 11.873062160852429, 8.16558663914036, 0.0 ], [ 11.873411814015993, 8.164854161182893, 0.0 ], [ 11.87414240544337, 8.164494826484404, 0.0 ], [ 11.875218171412245, 8.163668784927392, 0.0 ], [ 11.8757666416336, 8.163399146833651, 0.0 ], [ 11.876298404776582, 8.162576970240652, 0.0 ], [ 11.877116929330512, 8.16203437744776, 0.0 ], [ 11.877389113355136, 8.161464964899267, 0.0 ], [ 11.878177342683497, 8.160698665710003, 0.0 ], [ 11.878190524180535, 8.15972030899766, 0.0 ], [ 11.878157391550518, 8.158506185809669, 0.0 ], [ 11.878953608297996, 8.158114090200867, 0.0 ], [ 11.879249603244583, 8.1568642778055, 0.0 ], [ 11.879524126950775, 8.156325552873362, 0.0 ], [ 11.880361986187596, 8.153440923896493, 0.0 ], [ 11.881132782846182, 8.153061713032768, 0.0 ], [ 11.881124448047622, 8.152788092048119, 0.0 ], [ 11.881135680796641, 8.151982853010264, 0.0 ], [ 11.880700291827431, 8.151571458579555, 0.0 ], [ 11.881394593994942, 8.150896879274717, 0.0 ], [ 11.881357209060139, 8.149534039020221, 0.0 ], [ 11.881371758191245, 8.148449802968504, 0.0 ], [ 11.8813634244285, 8.148176181957947, 0.0 ], [ 11.881639883333465, 8.147908477752701, 0.0 ], [ 11.882171622330143, 8.147086304199947, 0.0 ], [ 11.883228285143549, 8.145678102244609, 0.0 ], [ 11.883253376512497, 8.143840512318198, 0.0 ], [ 11.882337523948523, 8.142654900131584, 0.0 ], [ 11.883937887718394, 8.140613426860245, 0.0 ], [ 11.884596427548781, 8.14028901175759, 0.0 ], [ 11.88536201975076, 8.139483704516195, 0.0 ], [ 11.887282996662238, 8.139190008991049, 0.0 ], [ 11.889191320661286, 8.138910688673249, 0.0 ], [ 11.889725158849757, 8.137792058779278, 0.0 ], [ 11.890537606217052, 8.137003882972641, 0.0 ], [ 11.892051868203252, 8.135409789255277, 0.0 ], [ 11.892950723950227, 8.134967723890529, 0.0 ], [ 11.892968504265978, 8.13359603405979, 0.0 ], [ 11.892949703066236, 8.132900593169257, 0.0 ], [ 11.89349763111562, 8.13182262518314, 0.0 ], [ 11.89348205177218, 8.131280145695866, 0.0 ], [ 11.89455416206267, 8.131294210690145, 0.0 ], [ 11.894846423146262, 8.131010510178291, 0.0 ], [ 11.895108230533198, 8.130184436903233, 0.0 ], [ 11.896450224533055, 8.130202396911066, 0.0 ], [ 11.897553101221421, 8.128731924685043, 0.0 ], [ 11.897533122632867, 8.128021142900172, 0.0 ], [ 11.897808339403696, 8.127731740675186, 0.0 ], [ 11.899374340766821, 8.126693094157277, 0.0 ], [ 11.899984167989848, 8.126100630499149, 0.0 ], [ 11.899965510941632, 8.125426367359067, 0.0 ], [ 11.900780516603387, 8.125000244383108, 0.0 ], [ 11.901328913866877, 8.124730595621289, 0.0 ], [ 11.9018529726069, 8.124178973850405, 0.0 ], [ 11.902407611898997, 8.12418666024236, 0.0 ], [ 11.902914796011389, 8.12365262790294, 0.0 ], [ 11.904309474077396, 8.123614081161977, 0.0 ], [ 11.905122303023308, 8.123625212638164, 0.0 ], [ 11.90485273207379, 8.123073966311283, 0.0 ], [ 11.904322175850982, 8.122573814351112, 0.0 ], [ 11.904287652028438, 8.121318967646495, 0.0 ], [ 11.904293227156804, 8.120912385626061, 0.0 ], [ 11.904284904184639, 8.120641416926771, 0.0 ], [ 11.9042893138609, 8.120368239660007, 0.0 ], [ 11.903952865290515, 8.118789468032757, 0.0 ], [ 11.904809548679738, 8.117956504230875, 0.0 ], [ 11.90453246608954, 8.117098285489973, 0.0 ], [ 11.903716318915054, 8.116328081288044, 0.0 ], [ 11.903704761909921, 8.115902564378271, 0.0 ], [ 11.903710320471285, 8.115493335183755, 0.0 ], [ 11.902342239328162, 8.115237360563315, 0.0 ], [ 11.902074669140994, 8.114962946016094, 0.0 ], [ 11.90152246811998, 8.114701148771085, 0.0 ], [ 11.90117427006617, 8.113998532238728, 0.0 ], [ 11.899960167585773, 8.113712776950853, 0.0 ], [ 11.899646674038305, 8.123257785717955, 0.0 ], [ 11.881620787953393, 8.141308932860708, 0.0 ] ] ], [ [ [ 11.875986225968139, 8.178449504340879, 0.0 ], [ 11.890680439534744, 8.179883830374092, 0.0 ], [ 11.892593044817165, 8.186573622674137, 0.0 ], [ 11.897993469206975, 8.188117472642888, 0.0 ], [ 11.902006530160911, 8.19104919506395, 0.0 ], [ 11.908940950393916, 8.192058455055552, 0.0 ], [ 11.909150245201509, 8.19164632910153, 0.0 ], [ 11.909156885583641, 8.191097876620251, 0.0 ], [ 11.908876491010087, 8.190530849555852, 0.0 ], [ 11.908596176478609, 8.190267138882994, 0.0 ], [ 11.908322629759626, 8.189179711413901, 0.0 ], [ 11.907226291934849, 8.188921881981468, 0.0 ], [ 11.90694094896087, 8.186208375723853, 0.0 ], [ 11.906660639266443, 8.185944662149314, 0.0 ], [ 11.906117064525731, 8.185130202016516, 0.0 ], [ 11.905277834492138, 8.184865746763858, 0.0 ], [ 11.904498503398322, 8.184069390615695, 0.0 ], [ 11.903399689541223, 8.184054534707727, 0.0 ], [ 11.902245087726172, 8.184846278569038, 0.0 ], [ 11.901501080926552, 8.18408512726694, 0.0 ], [ 11.900700880200924, 8.18407446915638, 0.0 ], [ 11.900120654558203, 8.184360253601945, 0.0 ], [ 11.899857022360651, 8.18463847051974, 0.0 ], [ 11.899580563277031, 8.18490619136236, 0.0 ], [ 11.899316930353191, 8.185184408176701, 0.0 ], [ 11.898224446252106, 8.185457990342423, 0.0 ], [ 11.896641996915781, 8.186010352875375, 0.0 ], [ 11.895537124526514, 8.186041044607361, 0.0 ], [ 11.895234349047719, 8.185755777604427, 0.0 ], [ 11.894563147512756, 8.18506978399078, 0.0 ], [ 11.893864514285038, 8.184410453927118, 0.0 ], [ 11.893596885171755, 8.184136048689533, 0.0 ], [ 11.892489563594845, 8.183091097531198, 0.0 ], [ 11.892499812526534, 8.182302813004215, 0.0 ], [ 11.892016183286326, 8.179925233570584, 0.0 ], [ 11.890689190075966, 8.179506484855034, 0.0 ], [ 11.890287354985599, 8.178744440761934, 0.0 ], [ 11.890017779215365, 8.178199014018631, 0.0 ], [ 11.888921468281202, 8.177941120057108, 0.0 ], [ 11.888637791388994, 8.177650413565594, 0.0 ], [ 11.887154729658238, 8.177691190871615, 0.0 ], [ 11.886451236394034, 8.177681925405803, 0.0 ], [ 11.885550611171105, 8.178629031667951, 0.0 ], [ 11.884567424613714, 8.177701206469919, 0.0 ], [ 11.884062170715104, 8.177184453246138, 0.0 ], [ 11.883479889727692, 8.176890580234438, 0.0 ], [ 11.882927592590818, 8.176628783827638, 0.0 ], [ 11.882527575368535, 8.175821716083579, 0.0 ], [ 11.881849587930835, 8.175812789758227, 0.0 ], [ 11.881010131116206, 8.176105690497108, 0.0 ], [ 11.880476668407198, 8.176098906946736, 0.0 ], [ 11.879606471271215, 8.17640261194507, 0.0 ], [ 11.878304687548191, 8.176385420758612, 0.0 ], [ 11.877519593617853, 8.176406895294432, 0.0 ], [ 11.876937614420036, 8.175858384936518, 0.0 ], [ 11.876670000753009, 8.175583962346026, 0.0 ], [ 11.876389713527628, 8.175320218071466, 0.0 ], [ 11.876120157379338, 8.174774774586945, 0.0 ], [ 11.874995716804813, 8.173408019105894, 0.0 ], [ 11.874459872929611, 8.172327163340961, 0.0 ], [ 11.873777334012415, 8.171682485885798, 0.0 ], [ 11.872866420045264, 8.170751455922371, 0.0 ], [ 11.872851774950202, 8.170744505242846, 0.0 ], [ 11.874382357944189, 8.172839695295323, 0.0 ], [ 11.875986225968139, 8.178449504340879, 0.0 ] ] ], [ [ [ 11.9048265244082, 8.20933600595156, 0.0 ], [ 11.904166666641924, 8.225000000749153, 0.0 ], [ 11.913812449188979, 8.225000000532212, 0.0 ], [ 11.914285380671339, 8.224369920574953, 0.0 ], [ 11.914561844377324, 8.224102183979117, 0.0 ], [ 11.914819535770601, 8.223010921469079, 0.0 ], [ 11.915337635029674, 8.22250851942052, 0.0 ], [ 11.915362805103507, 8.220573052419802, 0.0 ], [ 11.914799766946324, 8.220306111926309, 0.0 ], [ 11.914530115462874, 8.219760724034341, 0.0 ], [ 11.913992959168082, 8.219254330629042, 0.0 ], [ 11.913476411938822, 8.217786493351685, 0.0 ], [ 11.914603342508327, 8.216692637889063, 0.0 ], [ 11.913954625050076, 8.215460259418698, 0.0 ], [ 11.914216085010711, 8.214884553406904, 0.0 ], [ 11.914752110213566, 8.214364027567017, 0.0 ], [ 11.915277534698742, 8.213265004794856, 0.0 ], [ 11.915568764054957, 8.212982870302374, 0.0 ], [ 11.915840893435094, 8.212413440012927, 0.0 ], [ 11.916376913564672, 8.211892913850622, 0.0 ], [ 11.916640541758925, 8.211614684168715, 0.0 ], [ 11.917729100622983, 8.210799012191702, 0.0 ], [ 11.917988766862141, 8.209978762773297, 0.0 ], [ 11.918507899699756, 8.209474767850681, 0.0 ], [ 11.919065195105091, 8.208376573336089, 0.0 ], [ 11.918789419340051, 8.206991692699935, 0.0 ], [ 11.918493034758251, 8.206712761030653, 0.0 ], [ 11.917553968375456, 8.202095217712863, 0.0 ], [ 11.917111817458046, 8.200770294518559, 0.0 ], [ 11.916738403023446, 8.200418867197717, 0.0 ], [ 11.916007951253956, 8.198610090063106, 0.0 ], [ 11.915727626216453, 8.198346388079052, 0.0 ], [ 11.915459974504712, 8.198072006036902, 0.0 ], [ 11.915179650197537, 8.197808303406012, 0.0 ], [ 11.914910024329275, 8.197262910106467, 0.0 ], [ 11.914627726432645, 8.196728196053273, 0.0 ], [ 11.91435810243707, 8.196182801839507, 0.0 ], [ 11.913814567269776, 8.1956700901105, 0.0 ], [ 11.913005746915799, 8.194039727424027, 0.0 ], [ 11.912155947122285, 8.1934937582141, 0.0 ], [ 11.911886164599375, 8.193217799868995, 0.0 ], [ 11.911841542506462, 8.193233388162687, 0.0 ], [ 11.913117641449125, 8.206965467681679, 0.0 ], [ 11.9048265244082, 8.20933600595156, 0.0 ] ] ], [ [ [ 11.924382358109886, 8.239660305446613, 0.0 ], [ 11.916049024776973, 8.249263170029996, 0.0 ], [ 11.916314885295545, 8.252577049970052, 0.0 ], [ 11.917211344991388, 8.252264150692286, 0.0 ], [ 11.917498314270679, 8.252267883014087, 0.0 ], [ 11.91802244847908, 8.251716192553861, 0.0 ], [ 11.918298921322076, 8.251448447943456, 0.0 ], [ 11.918556592981037, 8.250357181715106, 0.0 ], [ 11.919377159005347, 8.250085471125159, 0.0 ], [ 11.919638104483683, 8.246256952721973, 0.0 ], [ 11.92146470495234, 8.24535751912588, 0.0 ], [ 11.921853170950696, 8.244133495676174, 0.0 ], [ 11.923135997801545, 8.24328248904337, 0.0 ], [ 11.923399632781571, 8.243004249680176, 0.0 ], [ 11.925111660016162, 8.242713855300751, 0.0 ], [ 11.925639388462402, 8.240486247532839, 0.0 ], [ 11.926354370530598, 8.239733601823307, 0.0 ], [ 11.927794873301112, 8.239373192480251, 0.0 ], [ 11.928272859630258, 8.238908648596313, 0.0 ], [ 11.928522530004926, 8.236733360614858, 0.0 ], [ 11.92961509245001, 8.23645965482762, 0.0 ], [ 11.929874729583247, 8.235639401333815, 0.0 ], [ 11.930408250087963, 8.235646091256683, 0.0 ], [ 11.930699472643013, 8.235363414699258, 0.0 ], [ 11.928034948087367, 8.234737079050518, 0.0 ], [ 11.927401104160907, 8.232937187391352, 0.0 ], [ 11.927412243137645, 8.232139391841299, 0.0 ], [ 11.927126529336615, 8.231870454181461, 0.0 ], [ 11.926815875828593, 8.231244393756645, 0.0 ], [ 11.925604337168537, 8.231667700041191, 0.0 ], [ 11.924909957229071, 8.231317573941885, 0.0 ], [ 11.924496272488689, 8.231329002214132, 0.0 ], [ 11.925617641855522, 8.232864040798137, 0.0 ], [ 11.924382358109886, 8.239660305446613, 0.0 ] ] ], [ [ [ 11.927160135887718, 8.267284138997029, 0.0 ], [ 11.947839864076842, 8.286882527668739, 0.0 ], [ 11.949999999781888, 8.287500000311903, 0.0 ], [ 11.950353325227585, 8.294091119309298, 0.0 ], [ 11.953178557701261, 8.296936285909574, 0.0 ], [ 11.952896818683209, 8.295616416274186, 0.0 ], [ 11.952912798553404, 8.294341150308226, 0.0 ], [ 11.952610966115992, 8.293204277420896, 0.0 ], [ 11.952337139221159, 8.292116951856066, 0.0 ], [ 11.951906986712995, 8.291301799686369, 0.0 ], [ 11.952854898608642, 8.289434724679042, 0.0 ], [ 11.952036749382827, 8.28832496302185, 0.0 ], [ 11.951210172601058, 8.287794345635906, 0.0 ], [ 11.950936358235495, 8.286707016187252, 0.0 ], [ 11.950655935800482, 8.286443369578246, 0.0 ], [ 11.950253250848673, 8.28603188563625, 0.0 ], [ 11.949833681123703, 8.285636405611658, 0.0 ], [ 11.949565933785209, 8.285362076265605, 0.0 ], [ 11.94928551319599, 8.285098428021175, 0.0 ], [ 11.948624724797721, 8.284422597380033, 0.0 ], [ 11.947372991634415, 8.28402850096546, 0.0 ], [ 11.946282679306432, 8.281332740631759, 0.0 ], [ 11.945872754406079, 8.280946710114426, 0.0 ], [ 11.945436282815358, 8.279706536351126, 0.0 ], [ 11.945085857564528, 8.278317513295798, 0.0 ], [ 11.943517753802228, 8.277823570067969, 0.0 ], [ 11.943243975324661, 8.276736225035375, 0.0 ], [ 11.942767511673527, 8.275832993023814, 0.0 ], [ 11.942389560212364, 8.271593186579105, 0.0 ], [ 11.9421091556326, 8.271329528033801, 0.0 ], [ 11.941841425014243, 8.271055188060048, 0.0 ], [ 11.940044323715004, 8.270632778133859, 0.0 ], [ 11.939513470577815, 8.270131700400949, 0.0 ], [ 11.938852731131643, 8.269456368789081, 0.0 ], [ 11.93744663437154, 8.26973719828351, 0.0 ], [ 11.936157165166854, 8.270411520153463, 0.0 ], [ 11.935844135707372, 8.2694731930183, 0.0 ], [ 11.935563735867172, 8.2692095277974, 0.0 ], [ 11.935296010190497, 8.268935181317392, 0.0 ], [ 11.934461994404961, 8.268540071616254, 0.0 ], [ 11.934471819198972, 8.267857156433088, 0.0 ], [ 11.934191421456996, 8.267593489510245, 0.0 ], [ 11.933921692973353, 8.267048136309507, 0.0 ], [ 11.933641296224348, 8.266784468662905, 0.0 ], [ 11.933365556678966, 8.265426098953318, 0.0 ], [ 11.932813107603607, 8.265164426402521, 0.0 ], [ 11.932307661594368, 8.264647796343398, 0.0 ], [ 11.931723085549757, 8.264353009152753, 0.0 ], [ 11.930077928801472, 8.264785892817818, 0.0 ], [ 11.927093957037803, 8.264393280236531, 0.0 ], [ 11.926826239662452, 8.264118924833246, 0.0 ], [ 11.926545848645643, 8.263855249796652, 0.0 ], [ 11.926002080216335, 8.263040870691807, 0.0 ], [ 11.925175584146601, 8.262510168079853, 0.0 ], [ 11.924656680001604, 8.261463753346259, 0.0 ], [ 11.924108415400807, 8.260903485274735, 0.0 ], [ 11.923260249299494, 8.260892746496857, 0.0 ], [ 11.921903085601066, 8.26118003906705, 0.0 ], [ 11.92082995742312, 8.260638949707305, 0.0 ], [ 11.91946988929133, 8.260676405518831, 0.0 ], [ 11.91918076542972, 8.260380495886967, 0.0 ], [ 11.918122807556868, 8.259878459343192, 0.0 ], [ 11.91728057234686, 8.259084235297598, 0.0 ], [ 11.916907336292789, 8.258333171867161, 0.0 ], [ 11.916780237631807, 8.25837754182373, 0.0 ], [ 11.917380608435725, 8.265861002603771, 0.0 ], [ 11.927160135887718, 8.267284138997029, 0.0 ] ] ], [ [ [ 11.953315734315311, 8.303315904404919, 0.0 ], [ 11.94668426484885, 8.305017429810151, 0.0 ], [ 11.94526604477422, 8.310543824037882, 0.0 ], [ 11.942233954415645, 8.314456177110506, 0.0 ], [ 11.940815734340847, 8.31998257133807, 0.0 ], [ 11.937499999607637, 8.320833333591109, 0.0 ], [ 11.937499999607645, 8.325000000549208, 0.0 ], [ 11.937799064465725, 8.334105695755861, 0.0 ], [ 11.938232667346021, 8.333962257096472, 0.0 ], [ 11.93787619788375, 8.333626654872873, 0.0 ], [ 11.938218302549693, 8.332608331714555, 0.0 ], [ 11.938477912951063, 8.331788060243118, 0.0 ], [ 11.939026502303138, 8.331518271672884, 0.0 ], [ 11.939290159505362, 8.331240006252914, 0.0 ], [ 11.940108820085479, 8.330697197692265, 0.0 ], [ 11.940372475921293, 8.330418931998926, 0.0 ], [ 11.941205943782405, 8.330008874282433, 0.0 ], [ 11.941178640616561, 8.3290578686393, 0.0 ], [ 11.941999319321702, 8.328786060868705, 0.0 ], [ 11.942238668611697, 8.325255768120783, 0.0 ], [ 11.943052000575115, 8.324855388116054, 0.0 ], [ 11.942781131067228, 8.324167678379947, 0.0 ], [ 11.942233055416482, 8.323650879800041, 0.0 ], [ 11.942766654595216, 8.323083717087123, 0.0 ], [ 11.943309055701786, 8.322556718690169, 0.0 ], [ 11.943570778213152, 8.321451654556618, 0.0 ], [ 11.944119349657274, 8.321181865038589, 0.0 ], [ 11.944391450821621, 8.320612406334488, 0.0 ], [ 11.944927516430779, 8.320091806264198, 0.0 ], [ 11.945296670462701, 8.31771767372013, 0.0 ], [ 11.946034795749419, 8.317354374417215, 0.0 ], [ 11.947064084712746, 8.316271145414778, 0.0 ], [ 11.94761597319126, 8.315735606527991, 0.0 ], [ 11.947879615643366, 8.31545734099682, 0.0 ], [ 11.948156090417376, 8.315189567910055, 0.0 ], [ 11.948405547509029, 8.313014296045498, 0.0 ], [ 11.948954103558629, 8.312744504993759, 0.0 ], [ 11.94921571696878, 8.312195238851011, 0.0 ], [ 11.949492188995574, 8.31192746591138, 0.0 ], [ 11.94977655051464, 8.310724841843292, 0.0 ], [ 11.950838407828622, 8.310020368471211, 0.0 ], [ 11.951103879537449, 8.307713709254577, 0.0 ], [ 11.951900038468247, 8.307297043680347, 0.0 ], [ 11.953439500067113, 8.306786991612078, 0.0 ], [ 11.954116175615237, 8.306453785541372, 0.0 ], [ 11.954880722735471, 8.305648826095577, 0.0 ], [ 11.955942853122545, 8.305125903443022, 0.0 ], [ 11.955971725518467, 8.302878176866429, 0.0 ], [ 11.955662755833051, 8.300222730622135, 0.0 ], [ 11.954838173549081, 8.299963130986495, 0.0 ], [ 11.95456635668735, 8.299146810648361, 0.0 ], [ 11.954023754053631, 8.29901936260277, 0.0 ], [ 11.954166666540019, 8.300000000599178, 0.0 ], [ 11.953315734315311, 8.303315904404919, 0.0 ] ] ], [ [ [ 11.908417706571148, 8.39397713626045, 0.0 ], [ 11.909283753804623, 8.393802160317218, 0.0 ], [ 11.909594650123752, 8.393150357585688, 0.0 ], [ 11.910370288996249, 8.393517813928199, 0.0 ], [ 11.91089630125194, 8.394055974027754, 0.0 ], [ 11.91063637796861, 8.392702775585432, 0.0 ], [ 11.910484783435315, 8.392273542309828, 0.0 ], [ 11.91036512603341, 8.392309570230029, 0.0 ], [ 11.908417706571148, 8.39397713626045, 0.0 ] ] ], [ [ [ 11.897865126058882, 8.4006429032471, 0.0 ], [ 11.897686862907152, 8.40079555900353, 0.0 ], [ 11.901496776000156, 8.399883058035755, 0.0 ], [ 11.903995671118427, 8.399516845096205, 0.0 ], [ 11.905223330461652, 8.397621194522314, 0.0 ], [ 11.906162771527656, 8.396998101801953, 0.0 ], [ 11.906637842475975, 8.39550122542634, 0.0 ], [ 11.902134874208963, 8.399357095753018, 0.0 ], [ 11.897865126058882, 8.4006429032471, 0.0 ] ] ], [ [ [ 11.887833582265612, 8.412395269446703, 0.0 ], [ 11.888328294955665, 8.412361505500474, 0.0 ], [ 11.888735939848493, 8.411559714918868, 0.0 ], [ 11.888666606848734, 8.409090792262004, 0.0 ], [ 11.888794618399492, 8.408410437897514, 0.0 ], [ 11.888387722300051, 8.408758883615242, 0.0 ], [ 11.887833582265612, 8.412395269446703, 0.0 ] ] ], [ [ [ 11.870863175343136, 8.429067479236304, 0.0 ], [ 11.871421174267949, 8.428526098481141, 0.0 ], [ 11.872240205022402, 8.42712894300637, 0.0 ], [ 11.873041984024841, 8.427139482071356, 0.0 ], [ 11.873802083452659, 8.426401810993958, 0.0 ], [ 11.874667594347891, 8.425109126737029, 0.0 ], [ 11.874686124927999, 8.423731598732839, 0.0 ], [ 11.874670025399753, 8.423150838033521, 0.0 ], [ 11.872095065419987, 8.424976602687613, 0.0 ], [ 11.870863175343136, 8.429067479236304, 0.0 ] ] ], [ [ [ 11.866348033492864, 8.44478980917601, 0.0 ], [ 11.866379057810589, 8.444800117636145, 0.0 ], [ 11.866789417873749, 8.444789172635803, 0.0 ], [ 11.867197768329907, 8.444794122678923, 0.0 ], [ 11.867469923676662, 8.444786835274721, 0.0 ], [ 11.868015456990372, 8.444793956193422, 0.0 ], [ 11.868277308379835, 8.443967821538505, 0.0 ], [ 11.868564472202948, 8.443689391424368, 0.0 ], [ 11.868515363663919, 8.441935976270868, 0.0 ], [ 11.868531871963711, 8.440716206257974, 0.0 ], [ 11.86851736442034, 8.44019171520225, 0.0 ], [ 11.869024411298446, 8.438156312793513, 0.0 ], [ 11.868225042408019, 8.435883262755389, 0.0 ], [ 11.869266665681881, 8.432604552921045, 0.0 ], [ 11.867309570465572, 8.435365125799622, 0.0 ], [ 11.866348033492864, 8.44478980917601, 0.0 ] ] ] ] } }
]
}
