{
"type": "FeatureCollection",
"name": "Kogi_strategic_catchments",
"crs": { "type": "name", "properties": { "name": "urn:ogc:def:crs:OGC:1.3:CRS84" } },
"features": [
{ "type": "Feature", "properties": { "Id": 72, "gridcode": 4, "Shape_Leng": 113.139455934, "Shape_Area": 615.68675088299995, "NUMB": 5.0, "NAME": "Oshin-Oyi", "source_state": "Kogi" }, "geometry": { "type": "MultiPolygon", "coordinates": [ [ [ [ 5.438610179001773, 8.413133352824275 ], [ 5.438374097760184, 8.412893683942807 ], [ 5.438277849462594, 8.413222916898293 ], [ 5.438610179001773, 8.413133352824275 ] ] ], [ [ [ 5.519202818630788, 8.537524979405418 ], [ 5.519829742449812, 8.537555321937777 ], [ 5.521856745236462, 8.537259221571068 ], [ 5.521653317886005, 8.5346414071971 ], [ 5.521113436973491, 8.533603835816557 ], [ 5.520864032245374, 8.531654659685412 ], [ 5.520586122770782, 8.531120988715324 ], [ 5.520268350762476, 8.530089116918157 ], [ 5.519250206924223, 8.528400214449114 ], [ 5.518998658658998, 8.527303864558974 ], [ 5.518677945661575, 8.526039711094912 ], [ 5.519281661928705, 8.524928289716049 ], [ 5.519055085673713, 8.521074184680927 ], [ 5.518498411578099, 8.520806776799585 ], [ 5.519332897041938, 8.519269943215225 ], [ 5.518523548781576, 8.517267076726416 ], [ 5.517738111612859, 8.517290715424917 ], [ 5.517187286573337, 8.516994262977237 ], [ 5.515818606577985, 8.516721682552658 ], [ 5.515287621834626, 8.516435458615481 ], [ 5.514191028287483, 8.516165316250857 ], [ 5.51379449530185, 8.513533938054966 ], [ 5.511730985982877, 8.513024972073843 ], [ 5.510688375940517, 8.512341589645052 ], [ 5.509713713249221, 8.510993268917098 ], [ 5.508818364914812, 8.51094977515177 ], [ 5.508778216846513, 8.51177262036429 ], [ 5.509241405468004, 8.512207962037433 ], [ 5.508232410669169, 8.513121558128754 ], [ 5.507723461559624, 8.513658730331441 ], [ 5.506869473443246, 8.513390754281696 ], [ 5.506197824669848, 8.513029188959251 ], [ 5.505327237691002, 8.513477397249195 ], [ 5.504123090518713, 8.513086170692066 ], [ 5.503452173149179, 8.512352157408264 ], [ 5.502541753478731, 8.51171597728837 ], [ 5.501419746497417, 8.511439230207412 ], [ 5.500746204593486, 8.510702547091796 ], [ 5.499457686019124, 8.509802664534153 ], [ 5.497920664121236, 8.510049101931154 ], [ 5.497618184298189, 8.510672765808881 ], [ 5.494248525495345, 8.510509574860343 ], [ 5.491137466601095, 8.510603691610694 ], [ 5.491118853338571, 8.509993007682725 ], [ 5.491135176220959, 8.50965985767357 ], [ 5.489789956940363, 8.508396518938859 ], [ 5.489516871011639, 8.507806286070876 ], [ 5.489239018090564, 8.507272616574509 ], [ 5.488945623508033, 8.505325207632845 ], [ 5.487900913295924, 8.504822701269118 ], [ 5.486835729097409, 8.503448149750161 ], [ 5.48602877660433, 8.502690146946543 ], [ 5.486002565108974, 8.501834980764398 ], [ 5.486317104080134, 8.501550025453595 ], [ 5.48520575713385, 8.501188698382556 ], [ 5.485228311234199, 8.500725992563098 ], [ 5.484461907487979, 8.499252037177708 ], [ 5.484139076366167, 8.498203207348309 ], [ 5.483616830064737, 8.4971986030423 ], [ 5.483640340186589, 8.496718447311864 ], [ 5.481871348837113, 8.496333184936718 ], [ 5.480637084615455, 8.496370692485904 ], [ 5.480219919810741, 8.495469671097915 ], [ 5.478728978585476, 8.494984809057742 ], [ 5.478793334008222, 8.493669148015297 ], [ 5.478205291010737, 8.492801497714288 ], [ 5.478264781232066, 8.491582078168015 ], [ 5.477921832978829, 8.490468529005067 ], [ 5.476898078718188, 8.489976255846701 ], [ 5.476884736419477, 8.489546028423726 ], [ 5.47720564150268, 8.487805759271238 ], [ 5.476093804647515, 8.486165213323492 ], [ 5.476123504536057, 8.485560266153659 ], [ 5.475854427945513, 8.484388134927466 ], [ 5.475574129536939, 8.484125313255428 ], [ 5.475320222939995, 8.483299838573059 ], [ 5.474969029037132, 8.482624786925269 ], [ 5.475335190740378, 8.481950934702002 ], [ 5.474877467080484, 8.481070713315452 ], [ 5.475888931019957, 8.480606902882347 ], [ 5.476172677397005, 8.478161093404463 ], [ 5.476760008865785, 8.476773979383148 ], [ 5.476736241179517, 8.476000314911316 ], [ 5.477103078819283, 8.474988409310541 ], [ 5.47648955334039, 8.474411507639982 ], [ 5.476776278551738, 8.471665227991721 ], [ 5.47759077140141, 8.471704853739318 ], [ 5.477618528044116, 8.471136919230521 ], [ 5.477597597166093, 8.470459563779796 ], [ 5.477666460256671, 8.469053477555629 ], [ 5.476595170748372, 8.467367821344112 ], [ 5.476011669550486, 8.467054126533942 ], [ 5.475229024595845, 8.467077743703538 ], [ 5.474410037005422, 8.466308008362866 ], [ 5.473885543864472, 8.465175369621317 ], [ 5.472467158480346, 8.464292825809908 ], [ 5.471674953366936, 8.464316880683942 ], [ 5.470842389033463, 8.464017859944134 ], [ 5.469575286434739, 8.46405666359893 ], [ 5.468708109814504, 8.463242048681808 ], [ 5.468435065868043, 8.462651826088782 ], [ 5.467350076443708, 8.462299200669516 ], [ 5.467623177731353, 8.461019300174152 ], [ 5.467913147204976, 8.460219910409942 ], [ 5.468199342859512, 8.457503277478432 ], [ 5.46849939524261, 8.456675409634864 ], [ 5.468483665382699, 8.456156816335163 ], [ 5.468535295297117, 8.455097632394009 ], [ 5.468223936041555, 8.454805438822028 ], [ 5.467496618607951, 8.4540090238514 ], [ 5.466597811531211, 8.453577147323198 ], [ 5.46579280449208, 8.453143472031678 ], [ 5.465398308040749, 8.453956728287425 ], [ 5.462874986817147, 8.453258335785284 ], [ 5.462000382681685, 8.452300816338967 ], [ 5.460904052260312, 8.452030612256555 ], [ 5.460372411519804, 8.451744358114674 ], [ 5.459949622492918, 8.451756930457522 ], [ 5.459564571208826, 8.450924459398435 ], [ 5.458267302032961, 8.449706003491377 ], [ 5.457922386707475, 8.448697201914626 ], [ 5.457982822171624, 8.447461415526567 ], [ 5.457697554937619, 8.44684463408149 ], [ 5.456999275778398, 8.446508728431377 ], [ 5.457974671735418, 8.445124634040187 ], [ 5.457719813442739, 8.444407084612662 ], [ 5.455657890710111, 8.44389853901237 ], [ 5.454996383447796, 8.443580422546068 ], [ 5.454497419619312, 8.443034182161421 ], [ 5.453139818174178, 8.44333453591449 ], [ 5.452244393920028, 8.444688125154785 ], [ 5.451717478432956, 8.445165287369612 ], [ 5.451353025769243, 8.445916897496787 ], [ 5.449769810066447, 8.446514083674 ], [ 5.449170270551658, 8.447146642756937 ], [ 5.445538201731951, 8.4476077646307 ], [ 5.445052435970403, 8.448608486147764 ], [ 5.443964784921634, 8.448641979347286 ], [ 5.443532216666037, 8.447810132745746 ], [ 5.443280862556257, 8.446713839315107 ], [ 5.443003096392641, 8.446180179644099 ], [ 5.442746776022175, 8.445625555693937 ], [ 5.44219451758257, 8.445360257504479 ], [ 5.441940682523574, 8.444534799520056 ], [ 5.44166043500439, 8.444271974372272 ], [ 5.441401633041024, 8.443988184856485 ], [ 5.440849378185952, 8.443722886094005 ], [ 5.440605482460444, 8.441814093514344 ], [ 5.440327721477913, 8.44128043481312 ], [ 5.44008134134001, 8.439642477128228 ], [ 5.439783748394582, 8.439070020855588 ], [ 5.439821706175137, 8.438291125245623 ], [ 5.439753621170825, 8.436068639336074 ], [ 5.440391642294177, 8.434308051149291 ], [ 5.440145888912151, 8.432600799220113 ], [ 5.4398656484024, 8.432337976736143 ], [ 5.439611815882997, 8.431512522387337 ], [ 5.438069638359944, 8.431204905592429 ], [ 5.437470219477975, 8.429450534714485 ], [ 5.437425019224996, 8.427976817399021 ], [ 5.437478281698074, 8.426889647069226 ], [ 5.437193187428699, 8.426055445387499 ], [ 5.437218694743803, 8.425533010688534 ], [ 5.436933600887471, 8.424698809417061 ], [ 5.436997371163539, 8.423392192894143 ], [ 5.43642848829544, 8.422857482516195 ], [ 5.436399820567619, 8.421927214851181 ], [ 5.436710965399313, 8.420381085888275 ], [ 5.436995963972951, 8.420123397651327 ], [ 5.43753685545053, 8.419305161275034 ], [ 5.43836363110423, 8.418131901731872 ], [ 5.437952127868954, 8.41697438581004 ], [ 5.437551015414007, 8.416597261334516 ], [ 5.437597098045575, 8.415654444990018 ], [ 5.437552905117321, 8.414213535482761 ], [ 5.437858412606878, 8.413890962833245 ], [ 5.438143404199733, 8.413633271396723 ], [ 5.438277849462594, 8.413222916898293 ], [ 5.437606961191711, 8.412805258751193 ], [ 5.435128087751456, 8.412310886699039 ], [ 5.433588248745405, 8.410625227726246 ], [ 5.432231481568276, 8.410559478277989 ], [ 5.431759797453035, 8.410986339264635 ], [ 5.43130864417754, 8.411462584597206 ], [ 5.430256698580997, 8.411120278368099 ], [ 5.430301120010067, 8.41021501476817 ], [ 5.429194521806802, 8.409489206919455 ], [ 5.428936140969976, 8.408930339860881 ], [ 5.428391687361062, 8.409211056786923 ], [ 5.42675704142094, 8.409961142781496 ], [ 5.426110087734557, 8.410643499339239 ], [ 5.424284065000163, 8.411059083294061 ], [ 5.4234736782724, 8.411603989337513 ], [ 5.422372742246957, 8.411854236103652 ], [ 5.422108801377135, 8.412133262965344 ], [ 5.420526003159869, 8.412616108547475 ], [ 5.419584669907055, 8.413101619091879 ], [ 5.418854921465325, 8.412415724309881 ], [ 5.41882940546316, 8.411579663335841 ], [ 5.419268468665928, 8.410368012438573 ], [ 5.418735409272471, 8.409784422068867 ], [ 5.418035156969298, 8.409126834292252 ], [ 5.418333729669185, 8.408576746760614 ], [ 5.418318384494785, 8.408078812811732 ], [ 5.420225545430293, 8.407734350731188 ], [ 5.420324317291302, 8.405714448632683 ], [ 5.419725780714102, 8.40505885002651 ], [ 5.419152176905776, 8.404783303991229 ], [ 5.419205110813214, 8.403705144180014 ], [ 5.419176100900794, 8.402756902690074 ], [ 5.419234968426097, 8.401552893560064 ], [ 5.418933959923011, 8.401270309027783 ], [ 5.418677683308924, 8.40071569495025 ], [ 5.417922926789544, 8.399602143616775 ], [ 5.418410008876488, 8.399088154769913 ], [ 5.418694992433222, 8.398830478166081 ], [ 5.418958921727647, 8.398551450699834 ], [ 5.419771948307456, 8.398178495487135 ], [ 5.4197996834891, 8.397616414512925 ], [ 5.41978698802141, 8.397205262022196 ], [ 5.420335802567263, 8.39670769932834 ], [ 5.419860451150066, 8.395625260824565 ], [ 5.419532586971189, 8.395317041826253 ], [ 5.419276309677116, 8.394762429289734 ], [ 5.418949001837594, 8.394133109241741 ], [ 5.4190427631873, 8.392222137323106 ], [ 5.418768354588099, 8.390400920811157 ], [ 5.418222444236962, 8.389888111020655 ], [ 5.417834040148984, 8.389462432583478 ], [ 5.416885222450187, 8.388570893881846 ], [ 5.417154561959643, 8.387701015901275 ], [ 5.41852518502537, 8.38595453854604 ], [ 5.418557205405103, 8.385300979062933 ], [ 5.417844114639911, 8.383526033898162 ], [ 5.418295411377059, 8.383116982974203 ], [ 5.41827963859967, 8.382606349510528 ], [ 5.418840939004894, 8.381757635408702 ], [ 5.419157510018858, 8.381471145185538 ], [ 5.419124407927811, 8.38038744118635 ], [ 5.420208841674977, 8.37940487385341 ], [ 5.420341148431045, 8.376702324683251 ], [ 5.419978266205884, 8.376361524334508 ], [ 5.419474292897268, 8.37527248857258 ], [ 5.41890258272973, 8.374996977162976 ], [ 5.418921554512417, 8.37460727227411 ], [ 5.418105141652738, 8.374167134262921 ], [ 5.416465186566803, 8.373891970942331 ], [ 5.416175831647562, 8.373266705348284 ], [ 5.41530709975216, 8.372449967728619 ], [ 5.415436808737483, 8.369800308715131 ], [ 5.414614953503256, 8.369027905470258 ], [ 5.414106843197827, 8.367377562645071 ], [ 5.41380769975605, 8.367096589451542 ], [ 5.413419314490319, 8.366670917819485 ], [ 5.412999302140715, 8.366276698772637 ], [ 5.412743037536375, 8.365722093241784 ], [ 5.412148180066337, 8.364844365099326 ], [ 5.41167262350913, 8.363816426598863 ], [ 5.410862370244008, 8.363055238300024 ], [ 5.410604697987646, 8.361639935287588 ], [ 5.410324517207868, 8.361377120649943 ], [ 5.409852356469495, 8.360356092144295 ], [ 5.409311724613207, 8.359764518198098 ], [ 5.408304033677196, 8.359103104013398 ], [ 5.407285674786147, 8.357693586343622 ], [ 5.406557067928185, 8.357009315642241 ], [ 5.406298332544115, 8.35672553692994 ], [ 5.405202347770657, 8.356455304479725 ], [ 5.404943613943519, 8.356171525442246 ], [ 5.404468327435738, 8.355724960820734 ], [ 5.405305232224578, 8.354184193163119 ], [ 5.405218803148936, 8.351356441031959 ], [ 5.405743416102346, 8.350389967110383 ], [ 5.406092687726083, 8.348327400006276 ], [ 5.406946969267819, 8.347553825708081 ], [ 5.408135498861336, 8.346299247518061 ], [ 5.40909475594334, 8.345429810068273 ], [ 5.40980613060466, 8.343089086302315 ], [ 5.409448206973153, 8.33941986534542 ], [ 5.408961989891693, 8.338484416877749 ], [ 5.40890366892562, 8.336583717909711 ], [ 5.409219985192755, 8.335011749270112 ], [ 5.410344958433864, 8.333992503913978 ], [ 5.410297504264271, 8.332441570979375 ], [ 5.410607529571126, 8.331586337221987 ], [ 5.410915868745508, 8.326432419887553 ], [ 5.411747086054852, 8.325908820008648 ], [ 5.412013415889639, 8.325358950804407 ], [ 5.412570244448271, 8.325103715791682 ], [ 5.412846044814784, 8.324534357537816 ], [ 5.413939700570806, 8.324032695914525 ], [ 5.414302720500438, 8.322925598117687 ], [ 5.415303555925519, 8.322409337722254 ], [ 5.416284402834427, 8.321959018663376 ], [ 5.417439035508801, 8.320913017863367 ], [ 5.418127018897212, 8.319872322686127 ], [ 5.419768244747411, 8.319371344461269 ], [ 5.420240589280115, 8.318943404480979 ], [ 5.420504439809599, 8.31866435193086 ], [ 5.42160508696634, 8.318413999644115 ], [ 5.422115081871891, 8.317875304438006 ], [ 5.422972041715449, 8.317613758245949 ], [ 5.423238348478542, 8.317063872282194 ], [ 5.423744959756577, 8.316605021794166 ], [ 5.424356194931691, 8.314917694640801 ], [ 5.424814544364233, 8.313074518480811 ], [ 5.426456070574665, 8.312039198845772 ], [ 5.428385471506248, 8.310503894337959 ], [ 5.429614281829836, 8.309939898059559 ], [ 5.429054180990696, 8.308301276954294 ], [ 5.430673980627282, 8.30793228797984 ], [ 5.431209726672195, 8.307655662855183 ], [ 5.432066663661175, 8.307394085834032 ], [ 5.432576629252211, 8.306855363936647 ], [ 5.433149424537426, 8.306592820530897 ], [ 5.433794733646612, 8.30462432547632 ], [ 5.434475749753728, 8.303905150455774 ], [ 5.434784147549508, 8.303895747893266 ], [ 5.435574632337875, 8.303934043861513 ], [ 5.436415184117101, 8.303368650722023 ], [ 5.437541341800499, 8.303112112577306 ], [ 5.438298758082602, 8.302312671872251 ], [ 5.43888032419938, 8.302578155312279 ], [ 5.439903065549535, 8.303129023600119 ], [ 5.441158322038913, 8.302161569491423 ], [ 5.441642133599824, 8.301163934930832 ], [ 5.445373990151223, 8.301344887268064 ], [ 5.445939180647633, 8.300303531476191 ], [ 5.44543447492366, 8.298313605581086 ], [ 5.445197659234591, 8.295592321596246 ], [ 5.442947022741037, 8.295304007629548 ], [ 5.441946982184928, 8.29420899600446 ], [ 5.441448769294013, 8.29374112266181 ], [ 5.440898780946292, 8.292682931446103 ], [ 5.440858110582177, 8.291360549293239 ], [ 5.440897821262361, 8.290548330796181 ], [ 5.440811884223808, 8.287764393998668 ], [ 5.441453510039984, 8.287433138565351 ], [ 5.442042539577194, 8.287162777730781 ], [ 5.441988453257499, 8.285411768706101 ], [ 5.442034684949451, 8.284464177866024 ], [ 5.442005325710321, 8.283506389907702 ], [ 5.442328454674422, 8.282034365224424 ], [ 5.442762939564545, 8.279871903132797 ], [ 5.44341633994677, 8.278523965642156 ], [ 5.443714360064255, 8.278514984388652 ], [ 5.443991199286487, 8.278528560833644 ], [ 5.444273256066874, 8.276601205593066 ], [ 5.444829041429182, 8.27609776783363 ], [ 5.445104995654017, 8.274464491823375 ], [ 5.445690629178635, 8.27338627009763 ], [ 5.445649097799429, 8.272036893887538 ], [ 5.445726920023358, 8.270436236719407 ], [ 5.445415674541346, 8.270144091234361 ], [ 5.44516178970242, 8.269318674149376 ], [ 5.444717002795594, 8.268017553949115 ], [ 5.445324496328129, 8.266898259980424 ], [ 5.445826619606697, 8.265862140810722 ], [ 5.447654806835974, 8.264205097942877 ], [ 5.447921018425617, 8.263655164475601 ], [ 5.448632583717472, 8.263010259860998 ], [ 5.449292570241322, 8.262313050345002 ], [ 5.449799067876286, 8.261854123119255 ], [ 5.450230234293369, 8.261059654499574 ], [ 5.449567195245336, 8.260436924334941 ], [ 5.450835203517869, 8.258912951536454 ], [ 5.450388454953814, 8.25696746458503 ], [ 5.4480935372724, 8.256308031381252 ], [ 5.447516546649647, 8.255061290046614 ], [ 5.44719600804835, 8.254710346246558 ], [ 5.446915837565046, 8.254447578167976 ], [ 5.446497222708447, 8.253988901001472 ], [ 5.44472694634337, 8.254434482226319 ], [ 5.443992527408898, 8.25363071998459 ], [ 5.443072311772789, 8.253026862955297 ], [ 5.442334481040012, 8.252219367131469 ], [ 5.441774422194262, 8.251693302507238 ], [ 5.441295599778281, 8.251169019068872 ], [ 5.440424754645283, 8.250597868899799 ], [ 5.440170876721015, 8.249772457703838 ], [ 5.439610824115487, 8.249246392677518 ], [ 5.439093092767028, 8.248679441445457 ], [ 5.438008675975927, 8.248326990672906 ], [ 5.438378977658245, 8.246590343886698 ], [ 5.439114840902815, 8.246252496018165 ], [ 5.439655335972279, 8.245434148497422 ], [ 5.439971746890632, 8.245147587370102 ], [ 5.439934924870403, 8.243952205344026 ], [ 5.439968727886546, 8.243261077787613 ], [ 5.439407628549458, 8.242733948852605 ], [ 5.439153751053747, 8.241908539786291 ], [ 5.438599345785826, 8.241642277323464 ], [ 5.438944982821936, 8.240374645983092 ], [ 5.438361866605426, 8.23925270605238 ], [ 5.438683088028873, 8.237597615902796 ], [ 5.441871871631143, 8.2372466229402 ], [ 5.442333799474964, 8.231372773050344 ], [ 5.44189522340135, 8.230089711594093 ], [ 5.442262002233354, 8.227580644191931 ], [ 5.442725316823499, 8.225469195439349 ], [ 5.441479459137897, 8.225064033384941 ], [ 5.441754564079506, 8.22351326760613 ], [ 5.442540713744457, 8.222800764437741 ], [ 5.442597625973839, 8.221630015490671 ], [ 5.442580955015589, 8.221088150199702 ], [ 5.442607292974192, 8.220546665807539 ], [ 5.442599089984101, 8.220275734332176 ], [ 5.442618908999802, 8.219869621586851 ], [ 5.442606339144175, 8.219463222020629 ], [ 5.442619374871766, 8.219192478605912 ], [ 5.442611171505812, 8.218921547124511 ], [ 5.442636205326875, 8.218407031322133 ], [ 5.442362489499283, 8.218107278635221 ], [ 5.442318, 8.2181416 ], [ 5.4330279, 8.2239471 ], [ 5.4318843, 8.2246618 ], [ 5.4223199, 8.2281399 ], [ 5.4188423, 8.2355309 ], [ 5.4223199, 8.2511807 ], [ 5.4218855, 8.2616148 ], [ 5.4197116, 8.2677011 ], [ 5.4214506, 8.2737875 ], [ 5.4184074, 8.2837858 ], [ 5.4044962, 8.2920456 ], [ 5.3971057, 8.2920456 ], [ 5.3875413, 8.2833509 ], [ 5.3810205, 8.2781343 ], [ 5.3723259, 8.2742214 ], [ 5.3627615, 8.2733526 ], [ 5.3566751, 8.2746563 ], [ 5.3531976, 8.286829 ], [ 5.3527627, 8.2981319 ], [ 5.3531976, 8.3055229 ], [ 5.3531976, 8.3098698 ], [ 5.3475461, 8.3155212 ], [ 5.3431988, 8.3216076 ], [ 5.3358083, 8.3285637 ], [ 5.3323302, 8.331172 ], [ 5.3245049, 8.3337803 ], [ 5.323493, 8.3370991 ], [ 5.3215027, 8.3410788 ], [ 5.3228297, 8.3443956 ], [ 5.3274732, 8.3490391 ], [ 5.3307896, 8.3556728 ], [ 5.3419008, 8.3752413 ], [ 5.3477054, 8.3827047 ], [ 5.359314, 8.3951426 ], [ 5.372581, 8.4092388 ], [ 5.3808727, 8.4208469 ], [ 5.3966274, 8.4382601 ], [ 5.4123821, 8.4523563 ], [ 5.4331117, 8.4664526 ], [ 5.4463787, 8.4797192 ], [ 5.4535136, 8.4862909 ], [ 5.4657235, 8.4923954 ], [ 5.4765773, 8.4998579 ], [ 5.4901438, 8.5181732 ], [ 5.4962492, 8.529026 ], [ 5.5030322, 8.5344534 ], [ 5.5104942, 8.5351315 ], [ 5.514564, 8.5351315 ], [ 5.5132074, 8.5385227 ], [ 5.519139131213632, 8.537656204996072 ], [ 5.519202818630788, 8.537524979405418 ] ] ], [ [ [ 5.515118799867817, 8.129093286462336 ], [ 5.513556393204884, 8.128251894973284 ], [ 5.513004400163736, 8.1279868573675 ], [ 5.512629665756284, 8.127177351566521 ], [ 5.512201390580717, 8.127156744503568 ], [ 5.511705377114962, 8.127172059862954 ], [ 5.51111316813457, 8.126615693737923 ], [ 5.511133180447668, 8.126204785248175 ], [ 5.511091008484327, 8.124850028711769 ], [ 5.511156601663666, 8.123496197430914 ], [ 5.511135788320721, 8.122833105830981 ], [ 5.511587095508984, 8.122000535189514 ], [ 5.512285463068621, 8.120347393045551 ], [ 5.512257178460974, 8.119442456149741 ], [ 5.512290102302871, 8.118765540430756 ], [ 5.512260598161778, 8.117817209953724 ], [ 5.512293255239799, 8.117140291855483 ], [ 5.512284976697988, 8.116869341584257 ], [ 5.512311155226743, 8.116327807507552 ], [ 5.512294332158491, 8.115785904677695 ], [ 5.512307288388043, 8.115515136477143 ], [ 5.512290909035902, 8.114983289784615 ], [ 5.512862540940578, 8.114170789922888 ], [ 5.513464972943683, 8.112926309572057 ], [ 5.515585068547493, 8.112441860249795 ], [ 5.515329886526552, 8.111743429072384 ], [ 5.5143137052228, 8.111254866310189 ], [ 5.513972577927948, 8.110934666386985 ], [ 5.513938, 8.1112461 ], [ 5.5072124, 8.1112461 ], [ 5.5069785, 8.1112461 ], [ 5.4979639, 8.1106644 ], [ 5.4979639, 8.1146746 ], [ 5.5044847, 8.1238041 ], [ 5.5076661, 8.1255487 ], [ 5.515261367856104, 8.129713504199433 ], [ 5.515118799867817, 8.129093286462336 ] ] ] ] } },
{ "type": "Feature", "properties": { "Id": 86, "gridcode": 23, "Shape_Leng": 113.15224602399999, "Shape_Area": 615.83697052599996, "NUMB": 9.0, "NAME": "Gurara-Gbako (Abuja)", "source_state": "Kogi" }, "geometry": { "type": "MultiPolygon", "coordinates": [ [ [ [ 6.82513474066313, 7.850807992283042 ], [ 6.824897500086999, 7.850568953622832 ], [ 6.824802832816476, 7.850898963348715 ], [ 6.82513474066313, 7.850807992283042 ] ] ], [ [ [ 6.969692842740128, 8.241221123959374 ], [ 6.967220502269997, 8.240893967902373 ], [ 6.962205112205001, 8.240970216559399 ], [ 6.960607389089528, 8.240444595724338 ], [ 6.960589403195524, 8.239285029205179 ], [ 6.961132997284973, 8.238726858107144 ], [ 6.9617043712796, 8.238454326786453 ], [ 6.961979631179552, 8.23682324126227 ], [ 6.963070314705678, 8.236476540103689 ], [ 6.962676101928005, 8.234961762749885 ], [ 6.961446267377869, 8.234656247931955 ], [ 6.961048037026487, 8.234239483521417 ], [ 6.960633775990863, 8.233838527834154 ], [ 6.960368289803469, 8.233560684034719 ], [ 6.95900602500517, 8.23274546558158 ], [ 6.957973713220515, 8.231663902412286 ], [ 6.956836632546665, 8.231107249002761 ], [ 6.956572541432236, 8.23055821387125 ], [ 6.955751943472364, 8.230288137903617 ], [ 6.955490636251725, 8.229196723119493 ], [ 6.95439782840866, 8.228925259488149 ], [ 6.953860136562764, 8.228646026745311 ], [ 6.95303954543016, 8.228375946621465 ], [ 6.952290186806592, 8.227590848602269 ], [ 6.950604638010397, 8.226477870510221 ], [ 6.95087441279705, 8.225918845167218 ], [ 6.9514242439486, 8.224868645714661 ], [ 6.950954193571615, 8.223843436618727 ], [ 6.949816594521829, 8.222152724373899 ], [ 6.949796707724248, 8.220849611365646 ], [ 6.950264071473079, 8.21898116571381 ], [ 6.950639814131438, 8.218595354439833 ], [ 6.951392593354061, 8.2178820033992 ], [ 6.950645356193751, 8.217515895519908 ], [ 6.950382671278469, 8.216695671258732 ], [ 6.950107908056425, 8.216157176301676 ], [ 6.949843832123435, 8.215608141063983 ], [ 6.948484511563628, 8.215270691308707 ], [ 6.948756666243656, 8.214246619724639 ], [ 6.949711920853464, 8.213341499461833 ], [ 6.950153659331612, 8.212008426447863 ], [ 6.952042231416175, 8.210532287968061 ], [ 6.951404716290993, 8.210129135057688 ], [ 6.94831115282174, 8.209481471515934 ], [ 6.947835689712491, 8.210445182975571 ], [ 6.946055530410867, 8.210170205268106 ], [ 6.945790068451307, 8.209892357883204 ], [ 6.945270041583226, 8.209389157700187 ], [ 6.944973706240677, 8.208808707305948 ], [ 6.944711035194394, 8.207988483287888 ], [ 6.944193117591369, 8.206455599521501 ], [ 6.944156052140227, 8.204048552738415 ], [ 6.944460013949694, 8.202834491799504 ], [ 6.945234143388559, 8.200960730493339 ], [ 6.944200235517842, 8.200934799463736 ], [ 6.943403244893926, 8.20094662394945 ], [ 6.943110173108772, 8.200663339267473 ], [ 6.942844718354871, 8.200385491881789 ], [ 6.94175200168465, 8.20011401503451 ], [ 6.941486548367563, 8.199836167069929 ], [ 6.940338976532863, 8.199274143531273 ], [ 6.940674428078662, 8.19793365522594 ], [ 6.940968792809602, 8.197654959513194 ], [ 6.941497973747423, 8.196581887049296 ], [ 6.942869203151649, 8.194588291902699 ], [ 6.942589306609405, 8.194121277234755 ], [ 6.942047080828661, 8.193596778581458 ], [ 6.941526994601505, 8.191971721654882 ], [ 6.940984772780561, 8.19144722258582 ], [ 6.94045998670298, 8.189806781398616 ], [ 6.939907717137634, 8.189272696297786 ], [ 6.940177483388871, 8.188710496340073 ], [ 6.940456349976998, 8.188446022138162 ], [ 6.940724639163172, 8.188170899001552 ], [ 6.941003505019346, 8.187906424231944 ], [ 6.941283143026549, 8.186249959100227 ], [ 6.942104773755307, 8.185471285029035 ], [ 6.942387815244304, 8.182735881124326 ], [ 6.942940802578982, 8.181678811884197 ], [ 6.943296100058305, 8.180607492177003 ], [ 6.946486085241099, 8.180340872986855 ], [ 6.946757141209715, 8.179523365595799 ], [ 6.947575697066823, 8.179132913762279 ], [ 6.947317916642898, 8.177356646791548 ], [ 6.945757925463746, 8.175847609335008 ], [ 6.94541844250168, 8.175182725136947 ], [ 6.945155775387039, 8.174362505363016 ], [ 6.944349755452736, 8.173968034071132 ], [ 6.944335013541249, 8.173006062601566 ], [ 6.945657229933615, 8.172152054356278 ], [ 6.946050153221162, 8.170579842136291 ], [ 6.946533415490067, 8.170572761782529 ], [ 6.947216434258014, 8.170590001390069 ], [ 6.947623606787498, 8.169764707030511 ], [ 6.947903839245058, 8.169229033750678 ], [ 6.947896348032971, 8.168718383820464 ], [ 6.948333686024196, 8.167398520000171 ], [ 6.950105029880271, 8.165719934997341 ], [ 6.949662906390905, 8.164854315483268 ], [ 6.950821132125777, 8.163314041688693 ], [ 6.952521414138919, 8.162743704013646 ], [ 6.953106923182755, 8.163012564793648 ], [ 6.953648247129387, 8.163293915269534 ], [ 6.953918114011863, 8.163016665808776 ], [ 6.954196951805356, 8.162752175142799 ], [ 6.954465212251295, 8.162477035967965 ], [ 6.955011666899646, 8.161959119263077 ], [ 6.955019648984604, 8.161643998250515 ], [ 6.953383282489989, 8.161669099577384 ], [ 6.952702933205511, 8.161651888410567 ], [ 6.950674757877014, 8.161682412683904 ], [ 6.950365987717548, 8.161040464626677 ], [ 6.948831946823005, 8.159557006601856 ], [ 6.948224697949375, 8.158654003043669 ], [ 6.947960643230296, 8.158104975110634 ], [ 6.946868027780572, 8.157833539258631 ], [ 6.946605359973032, 8.157013321849892 ], [ 6.945518289729447, 8.155657127330381 ], [ 6.945263934883311, 8.153209776150659 ], [ 6.944987816806049, 8.15294247753155 ], [ 6.94396580069888, 8.150508713886587 ], [ 6.942561567068436, 8.150472987669051 ], [ 6.942278880158759, 8.150763405438024 ], [ 6.9415416857793, 8.148872948058697 ], [ 6.940655454944267, 8.148581362530262 ], [ 6.940391414970703, 8.148032333618177 ], [ 6.940115303656468, 8.147765033303413 ], [ 6.939717164745232, 8.147348272933145 ], [ 6.939297179142259, 8.146941994244491 ], [ 6.939343582607655, 8.14514503262539 ], [ 6.939050062484055, 8.14422878783385 ], [ 6.938538043356786, 8.143733586980094 ], [ 6.938247692310637, 8.140432219216935 ], [ 6.93825441639102, 8.140156820493242 ], [ 6.937715502665034, 8.139101084411708 ], [ 6.938406591948774, 8.137633149023836 ], [ 6.939198648028558, 8.136481412817549 ], [ 6.940010270064133, 8.134516186167554 ], [ 6.939101995605267, 8.134071416210704 ], [ 6.939388973855093, 8.130128357471003 ], [ 6.939936457068002, 8.129609400180131 ], [ 6.940347830051484, 8.128367799864535 ], [ 6.941582481326385, 8.127975205672948 ], [ 6.94209970156228, 8.126926940778255 ], [ 6.942668769467637, 8.126342935867669 ], [ 6.943354580703957, 8.125692780728079 ], [ 6.942431970404276, 8.1247256859288 ], [ 6.941596499769454, 8.124704508060832 ], [ 6.940524303209274, 8.124720795841503 ], [ 6.939432800572579, 8.122582781217316 ], [ 6.93970263434239, 8.121994085516649 ], [ 6.940253582466078, 8.121730977399475 ], [ 6.940525963131051, 8.120642276697641 ], [ 6.940807535300066, 8.119835412292149 ], [ 6.941079911998927, 8.118746710431559 ], [ 6.941558700390956, 8.117831198946902 ], [ 6.940545284733981, 8.116850933011413 ], [ 6.940284018338975, 8.115759531195252 ], [ 6.939742405287937, 8.115235587016304 ], [ 6.940012096119275, 8.114673372945926 ], [ 6.940290899239078, 8.114408885202753 ], [ 6.940564650964969, 8.113048994135983 ], [ 6.941397212426404, 8.111966302357494 ], [ 6.941377279105467, 8.110661071552123 ], [ 6.942194146967566, 8.109004653239923 ], [ 6.943688667592208, 8.108503176314136 ], [ 6.945414041607934, 8.108071715686666 ], [ 6.947352798449229, 8.108744117626062 ], [ 6.947907931388726, 8.108280264486991 ], [ 6.948211898072835, 8.107663656799946 ], [ 6.94903495212029, 8.107401900456999 ], [ 6.949350689034151, 8.106140197676275 ], [ 6.950895222295861, 8.106676059875102 ], [ 6.951218861588619, 8.106056898701933 ], [ 6.951489821020804, 8.105239370558234 ], [ 6.952587385156956, 8.103456145056303 ], [ 6.95232386880092, 8.10280278177467 ], [ 6.951788597550416, 8.102284711860793 ], [ 6.951775704412226, 8.101471054087 ], [ 6.9521457096371, 8.10072076260257 ], [ 6.95288043544446, 8.100370093293035 ], [ 6.95315138510549, 8.099552562046373 ], [ 6.954167669915752, 8.099229256989956 ], [ 6.954534934653999, 8.098178087022797 ], [ 6.954514972339414, 8.096868078988686 ], [ 6.955075268890988, 8.095797218059211 ], [ 6.954590555122981, 8.094740187532388 ], [ 6.954271216820853, 8.094405415495432 ], [ 6.953197048712747, 8.093879351527418 ], [ 6.953184258402889, 8.093043975860423 ], [ 6.954018778679158, 8.092504704595084 ], [ 6.953202659329503, 8.091715092095605 ], [ 6.953193414025777, 8.09112497851234 ], [ 6.954287687921195, 8.090087514796025 ], [ 6.954025093603772, 8.08925141684499 ], [ 6.953749001369696, 8.08898413283527 ], [ 6.95348359191014, 8.088706307448621 ], [ 6.952982710835625, 8.088221785306684 ], [ 6.953948609176657, 8.086817666363602 ], [ 6.954319928313048, 8.085696595199249 ], [ 6.955403501469981, 8.084669134565621 ], [ 6.955023730769564, 8.08346008301101 ], [ 6.954600773728743, 8.083016739297534 ], [ 6.954324684230927, 8.082749456565283 ], [ 6.954060644022746, 8.082200440965735 ], [ 6.953922600115622, 8.082066799540476 ], [ 6.95379002506917, 8.080847862783431 ], [ 6.953810538974002, 8.080046552937654 ], [ 6.952166869287608, 8.080004953345469 ], [ 6.952432190637421, 8.080299197773689 ], [ 6.952973788994895, 8.080823118349956 ], [ 6.952176650204323, 8.081648610340162 ], [ 6.951119399970929, 8.081146999605563 ], [ 6.950818538476136, 8.077573837675223 ], [ 6.950544141572266, 8.076761518112189 ], [ 6.951090420122379, 8.07519692219377 ], [ 6.95111758043368, 8.07413186528904 ], [ 6.950840566286868, 8.072679145505671 ], [ 6.950280995365397, 8.072138184471013 ], [ 6.949688246541199, 8.070904762352097 ], [ 6.948130430494919, 8.069972129928408 ], [ 6.947866403631317, 8.069423114180855 ], [ 6.947318222138016, 8.069154465876611 ], [ 6.94677012083885, 8.068869926160406 ], [ 6.94488858407101, 8.068898622883108 ], [ 6.944335899456552, 8.06804941654034 ], [ 6.943513634822771, 8.067646437423884 ], [ 6.942711510813834, 8.066414078166179 ], [ 6.941390913167081, 8.065136738401025 ], [ 6.940606238900106, 8.063504027805678 ], [ 6.940004375696979, 8.062609020299909 ], [ 6.939741736174123, 8.061788813833571 ], [ 6.939193571823652, 8.061520158490168 ], [ 6.938878801523948, 8.059870211473701 ], [ 6.937748844178373, 8.059887833786421 ], [ 6.936914587324803, 8.058604988806449 ], [ 6.936222334337169, 8.058245559759612 ], [ 6.935456292320175, 8.057870397710037 ], [ 6.935120949025604, 8.056822064222732 ], [ 6.933643866431498, 8.055392965458688 ], [ 6.933245802614606, 8.054976221491975 ], [ 6.93296974519791, 8.054708932321393 ], [ 6.932709874089365, 8.053346349609573 ], [ 6.932433817949259, 8.053079060426917 ], [ 6.931651824576591, 8.05145165551332 ], [ 6.930830003792153, 8.050656703681131 ], [ 6.930545705441985, 8.049815201527789 ], [ 6.930291348336673, 8.04736786856995 ], [ 6.929877271396135, 8.046966933444985 ], [ 6.929346534551828, 8.046411274379619 ], [ 6.928921353257625, 8.045999688971957 ], [ 6.928948483571858, 8.044947887451553 ], [ 6.928269210175005, 8.044236283126061 ], [ 6.927855138140623, 8.043835347215465 ], [ 6.927592527555548, 8.043015141519914 ], [ 6.926354249775972, 8.042607396892086 ], [ 6.925700350542509, 8.040564841893652 ], [ 6.924716213829391, 8.039612811506972 ], [ 6.923261453744702, 8.037574686122117 ], [ 6.922997474390929, 8.037025667332086 ], [ 6.921905198788128, 8.036754249414969 ], [ 6.92163984135672, 8.036476416806495 ], [ 6.920700272491234, 8.035855123633848 ], [ 6.920289118358954, 8.034571231444403 ], [ 6.919468929014229, 8.034301185459457 ], [ 6.919207719360886, 8.033209793812802 ], [ 6.916755082350781, 8.032931478757646 ], [ 6.916493880333006, 8.03184008739648 ], [ 6.915525155472887, 8.031521082081037 ], [ 6.91513159706038, 8.030750002488318 ], [ 6.915456262237774, 8.030442319682134 ], [ 6.91541556812354, 8.027793748721502 ], [ 6.916088908148923, 8.026428484922217 ], [ 6.916793601549704, 8.026417751260601 ], [ 6.917847239496292, 8.026965469851039 ], [ 6.918152548028802, 8.026701119012372 ], [ 6.918422094233625, 8.02615479929883 ], [ 6.918817588441274, 8.025398306916841 ], [ 6.917618020202229, 8.024810657637891 ], [ 6.916976508616479, 8.023476341898178 ], [ 6.915440588817446, 8.023094617607526 ], [ 6.915472514197855, 8.021835216266737 ], [ 6.914646075665042, 8.020711832607434 ], [ 6.914105128484849, 8.020188425087685 ], [ 6.91408391517069, 8.018824940394946 ], [ 6.915052111281187, 8.018199001738566 ], [ 6.915476302023857, 8.016919339455455 ], [ 6.915755033583887, 8.016654854314632 ], [ 6.916140237419735, 8.014368613856984 ], [ 6.916634684016017, 8.013900233514793 ], [ 6.917955557610671, 8.010898889844402 ], [ 6.917702254395352, 8.008252418318355 ], [ 6.917163488682402, 8.00719670661864 ], [ 6.917440040367714, 8.005267970259728 ], [ 6.917718761122901, 8.005003481290309 ], [ 6.917988286064401, 8.004457157811254 ], [ 6.918267005874365, 8.004192668229065 ], [ 6.918809961866985, 8.003376529880377 ], [ 6.919088680374415, 8.00311203940516 ], [ 6.919362329625901, 8.001752154614032 ], [ 6.919913400401293, 8.000172793513821 ], [ 6.919921965057265, 7.999846027612073 ], [ 6.919374683563881, 7.999316772840941 ], [ 6.91886410178833, 7.995532851684489 ], [ 6.918451831156243, 7.995100678692125 ], [ 6.91803780866531, 7.994699747180149 ], [ 6.917772474426592, 7.99442191920554 ], [ 6.916136213784845, 7.994147772665099 ], [ 6.915875011576505, 7.993056385772677 ], [ 6.915601753421101, 7.992246725759071 ], [ 6.915270130225304, 7.991211129839351 ], [ 6.914793677442992, 7.991700263046368 ], [ 6.914242919097507, 7.991963378953848 ], [ 6.913717321671931, 7.992503110913399 ], [ 6.913425371931596, 7.992235741419793 ], [ 6.913160042746346, 7.991957911663087 ], [ 6.912884033909924, 7.991690622471031 ], [ 6.912622840757988, 7.990599236029879 ], [ 6.911245378728792, 7.990323733078359 ], [ 6.910524984787773, 7.989569016985429 ], [ 6.908490661092223, 7.989212323279359 ], [ 6.907727583093344, 7.989223821859602 ], [ 6.906648891474207, 7.988399488747409 ], [ 6.905556759380158, 7.988128062980731 ], [ 6.905292821469421, 7.987579045904101 ], [ 6.905016821327351, 7.987311753484416 ], [ 6.904751501555916, 7.987033920555159 ], [ 6.904203459848127, 7.986765249154125 ], [ 6.903857229340364, 7.985682966773021 ], [ 6.903395552014387, 7.985671092182974 ], [ 6.902353503907779, 7.985686994988582 ], [ 6.901762005171374, 7.985396913528688 ], [ 6.901496689047105, 7.985119079376167 ], [ 6.900938879678631, 7.984579164663421 ], [ 6.900966147506357, 7.983505663102894 ], [ 6.900690262981094, 7.983216652801353 ], [ 6.900414268828755, 7.982949358790719 ], [ 6.900150340174309, 7.982400340944997 ], [ 6.899603108409887, 7.981871073041317 ], [ 6.899617636277802, 7.981315523776236 ], [ 6.899607284457828, 7.980637495222885 ], [ 6.899623990309622, 7.979967548966772 ], [ 6.899344124184955, 7.979418451311617 ], [ 6.898817858823112, 7.976969769771426 ], [ 6.897731519720541, 7.976612025521315 ], [ 6.898006139850131, 7.975067317677736 ], [ 6.898879872627198, 7.974502359114412 ], [ 6.898835266428478, 7.971583128322224 ], [ 6.899116420845375, 7.970733905865454 ], [ 6.899611886880957, 7.970263953587545 ], [ 6.898576484583868, 7.969922893682249 ], [ 6.898053900549882, 7.968835481804707 ], [ 6.897493695994122, 7.96856091991888 ], [ 6.898047460215377, 7.966974193360309 ], [ 6.897786496701636, 7.965845735338757 ], [ 6.8974534115828, 7.965523596854545 ], [ 6.897815903500594, 7.964143529964863 ], [ 6.897791944896192, 7.962590949816348 ], [ 6.898605277412424, 7.962612021358678 ], [ 6.89903719103966, 7.961786867136325 ], [ 6.898358048626239, 7.960456606358112 ], [ 6.898629068552387, 7.959612627160219 ], [ 6.898907759495127, 7.959348145454824 ], [ 6.899180023720228, 7.958259464668357 ], [ 6.899733497907528, 7.957453991832451 ], [ 6.900002996077021, 7.956907677029728 ], [ 6.900564358837408, 7.956639326497502 ], [ 6.901165092579275, 7.955420417536351 ], [ 6.902195490921587, 7.954754534302272 ], [ 6.902464983544187, 7.954208216524605 ], [ 6.90274504656598, 7.953672546313307 ], [ 6.903027182240058, 7.95199703481377 ], [ 6.905881495771318, 7.952069703043753 ], [ 6.906288409788912, 7.951244407393253 ], [ 6.906568465498102, 7.950708732715085 ], [ 6.906556121598622, 7.949895094752601 ], [ 6.907450870114561, 7.949467920865434 ], [ 6.90711681475977, 7.948813152306283 ], [ 6.906855635464195, 7.947721771125865 ], [ 6.906581028784287, 7.947183300912646 ], [ 6.906185138283042, 7.946359785351978 ], [ 6.904717493593597, 7.944411142382149 ], [ 6.904695593014593, 7.942967677556329 ], [ 6.904739409997491, 7.94124169995097 ], [ 6.90417393918942, 7.940648795823811 ], [ 6.903377640716149, 7.941466830728691 ], [ 6.902929648828365, 7.941071026588578 ], [ 6.901723302543111, 7.939565443972718 ], [ 6.90146351439834, 7.938202879934938 ], [ 6.899283476671566, 7.93792598185623 ], [ 6.899304036346992, 7.937120987880567 ], [ 6.8979417149718, 7.936412824488458 ], [ 6.896599428828786, 7.93709354952431 ], [ 6.89566447530099, 7.936656611678228 ], [ 6.895219726788301, 7.93573062029094 ], [ 6.894682594968057, 7.93521094664232 ], [ 6.894145323750128, 7.934092747446923 ], [ 6.893593394777302, 7.933558167901221 ], [ 6.893337775530698, 7.931382057675107 ], [ 6.892256851733769, 7.928941175816687 ], [ 6.891956155108077, 7.928002141844484 ], [ 6.890894013402264, 7.927299723003294 ], [ 6.890928497119343, 7.925953483983814 ], [ 6.889291877336555, 7.924871559844926 ], [ 6.889016416825749, 7.924298654556504 ], [ 6.887394282495395, 7.923503878088282 ], [ 6.887389905957909, 7.923216247319249 ], [ 6.887832994429996, 7.922795819959305 ], [ 6.886848815181685, 7.922123451820573 ], [ 6.886063025848507, 7.922135356686394 ], [ 6.885218251570985, 7.921317504980408 ], [ 6.884690476985833, 7.920219479046856 ], [ 6.884136702859261, 7.91994812875337 ], [ 6.8841712221937, 7.918597657807307 ], [ 6.883606852546521, 7.918320957363094 ], [ 6.883341582974501, 7.918043125250055 ], [ 6.88280025851895, 7.917519187482598 ], [ 6.883211043592302, 7.916661626637951 ], [ 6.884708442295835, 7.916699415729534 ], [ 6.885518567302207, 7.916288795951067 ], [ 6.887699864248853, 7.915770182563549 ], [ 6.886986829788539, 7.914642619876897 ], [ 6.886482185126291, 7.914113575341802 ], [ 6.884447740787429, 7.913443830305291 ], [ 6.884182804397027, 7.912892694477561 ], [ 6.883119689584571, 7.913431796795788 ], [ 6.88227320307898, 7.913161609918596 ], [ 6.881870022358308, 7.91273900917408 ], [ 6.881462545476872, 7.913157494422669 ], [ 6.880911895532014, 7.913420588820262 ], [ 6.880255546994043, 7.914407197041671 ], [ 6.879561212245312, 7.913679617729245 ], [ 6.878465348893141, 7.913142264770276 ], [ 6.878475411494989, 7.912732885943108 ], [ 6.878467560775668, 7.912190470823341 ], [ 6.878484840561732, 7.911512589651698 ], [ 6.876347178550325, 7.910465166670751 ], [ 6.875448591010023, 7.909271502100051 ], [ 6.874642795487695, 7.907594197091594 ], [ 6.872785781799283, 7.90579660238781 ], [ 6.871493334885995, 7.904442029165178 ], [ 6.869266474726454, 7.903603875312617 ], [ 6.868458653745945, 7.903052084703853 ], [ 6.867910745386129, 7.902783399869723 ], [ 6.86763123259474, 7.902490130231784 ], [ 6.866555022152498, 7.901962921420814 ], [ 6.865480569395943, 7.901404468999515 ], [ 6.863914222770076, 7.900636404216375 ], [ 6.865208797601968, 7.900328932047096 ], [ 6.865492208365558, 7.897070856102228 ], [ 6.865770861866896, 7.896806390331021 ], [ 6.866041730553274, 7.895988918892214 ], [ 6.86632038289209, 7.895724452454758 ], [ 6.866592640955469, 7.894635801467799 ], [ 6.86773561651059, 7.894364089380392 ], [ 6.868512873220085, 7.892481401783107 ], [ 6.868508978676985, 7.892204898638246 ], [ 6.868801506288811, 7.891927258107063 ], [ 6.867937790914318, 7.891091290131438 ], [ 6.867988970563001, 7.889086257449959 ], [ 6.867966773736734, 7.887612629471813 ], [ 6.868808574978674, 7.886814481213092 ], [ 6.867985569793208, 7.886225015317891 ], [ 6.866545359364188, 7.886247338214183 ], [ 6.865442423419154, 7.88441333108439 ], [ 6.86719754182216, 7.882749078210533 ], [ 6.866719187426233, 7.882180435377595 ], [ 6.865842065388265, 7.881891539883603 ], [ 6.865580997124572, 7.880800169360052 ], [ 6.865040265765781, 7.880276758964334 ], [ 6.865019493405419, 7.878940322406011 ], [ 6.865321512039883, 7.87836347270467 ], [ 6.865317617238021, 7.878086969958997 ], [ 6.866423254930003, 7.875657224654677 ], [ 6.866694097502562, 7.874839748005811 ], [ 6.867255875849334, 7.874571420415267 ], [ 6.866433419281533, 7.873775393997558 ], [ 6.866420683079057, 7.872942703238889 ], [ 6.866453922976502, 7.871637260025862 ], [ 6.866176304743647, 7.87076932339606 ], [ 6.865714030238994, 7.869863371686995 ], [ 6.866451168219327, 7.869164792420866 ], [ 6.866127798987086, 7.86779132799897 ], [ 6.86536899464295, 7.868053356791213 ], [ 6.86483760618115, 7.869131688760798 ], [ 6.862646616532341, 7.868587164714375 ], [ 6.861684766319771, 7.868253345388602 ], [ 6.861014900722092, 7.868573551235617 ], [ 6.860729488672838, 7.869434910067409 ], [ 6.857758453709519, 7.869359366690645 ], [ 6.857471105579861, 7.870182574794842 ], [ 6.857200252005947, 7.871000041608405 ], [ 6.856653657379159, 7.87151843050381 ], [ 6.856917407658879, 7.872083333899278 ], [ 6.857194020453915, 7.872626056874374 ], [ 6.85664129395794, 7.872890178522816 ], [ 6.856116367075172, 7.873429333612175 ], [ 6.855689263135265, 7.873435623954994 ], [ 6.853663059139185, 7.873384472906684 ], [ 6.853184239765367, 7.874356058205008 ], [ 6.852002343062392, 7.873945877389157 ], [ 6.849861506678369, 7.873978335077254 ], [ 6.849567550581691, 7.873401622728567 ], [ 6.849306527038945, 7.872310254531717 ], [ 6.84849231294243, 7.870955460165095 ], [ 6.848228493838163, 7.870406443796129 ], [ 6.847851979929882, 7.869668293089538 ], [ 6.849048730949491, 7.868533556343523 ], [ 6.848539650960334, 7.86744197631742 ], [ 6.847181617148084, 7.867407469258426 ], [ 6.846307916815221, 7.86770065088005 ], [ 6.845246772228971, 7.867673486233262 ], [ 6.844933813682856, 7.868926097239164 ], [ 6.843343529975591, 7.868402043195005 ], [ 6.844591721678242, 7.866050442780783 ], [ 6.845802187886978, 7.865241521509191 ], [ 6.846892713001679, 7.864720642488485 ], [ 6.847437008665376, 7.863617516374041 ], [ 6.848262232289347, 7.862834681081172 ], [ 6.848001293394731, 7.861727425177567 ], [ 6.847190002374738, 7.860942027442023 ], [ 6.84718172614408, 7.860383728955694 ], [ 6.847697027862218, 7.859854597764445 ], [ 6.848279111975494, 7.859559384893416 ], [ 6.849369618961337, 7.859038494451699 ], [ 6.848996572099979, 7.858246339257381 ], [ 6.846830081510952, 7.857707704145924 ], [ 6.845831600722254, 7.857378966693784 ], [ 6.845852269456126, 7.856563935642316 ], [ 6.844938859216041, 7.856116461979247 ], [ 6.84424098136846, 7.854662691718843 ], [ 6.843855136906861, 7.855015049900284 ], [ 6.843219690369094, 7.855668029117648 ], [ 6.842600116874227, 7.854377792041179 ], [ 6.842052289934919, 7.854109094487078 ], [ 6.841787084636156, 7.853831253614177 ], [ 6.841219124715236, 7.853552918063051 ], [ 6.84046947952795, 7.852766770944993 ], [ 6.839852876713221, 7.852445812118352 ], [ 6.838256296620172, 7.851920135338947 ], [ 6.837810425381248, 7.851452279145764 ], [ 6.836383194995252, 7.852176383116113 ], [ 6.83608076152158, 7.851908942477427 ], [ 6.835562516703199, 7.851365501803508 ], [ 6.833905257070699, 7.851892441458372 ], [ 6.833091905481794, 7.852435907787534 ], [ 6.831453567019833, 7.852693342233929 ], [ 6.830677137111874, 7.853490694670561 ], [ 6.829017692218628, 7.853516023900466 ], [ 6.828736649468909, 7.853221676352045 ], [ 6.827101074358741, 7.852947341739159 ], [ 6.826559383780199, 7.852114584088558 ], [ 6.825212819450578, 7.852135160785824 ], [ 6.824934016318567, 7.851309059153282 ], [ 6.824802832816476, 7.850898963348715 ], [ 6.823988652995516, 7.851192411600882 ], [ 6.822482799624341, 7.851305374381154 ], [ 6.821667480228294, 7.851001900683985 ], [ 6.821296728539287, 7.851819870406661 ], [ 6.819810131573264, 7.851295759635144 ], [ 6.818155679250172, 7.849859256046657 ], [ 6.81868337475618, 7.849094538400188 ], [ 6.819502838715369, 7.848398068400452 ], [ 6.819166360395949, 7.848245375158225 ], [ 6.817711001173445, 7.848354347554404 ], [ 6.817042669738086, 7.847774096734461 ], [ 6.817526380870627, 7.846480567710411 ], [ 6.817093165736673, 7.845018620623858 ], [ 6.816554369959831, 7.844043928585758 ], [ 6.818338656140184, 7.843800542992282 ], [ 6.818924111414423, 7.844485759828456 ], [ 6.81952791064189, 7.843587963794029 ], [ 6.81916328517182, 7.842110483690397 ], [ 6.816959831591447, 7.841764325343424 ], [ 6.816028073115486, 7.840674251582647 ], [ 6.815193409508564, 7.840418869853599 ], [ 6.813833176266245, 7.839912884673345 ], [ 6.81289509328948, 7.839832803291654 ], [ 6.811523187858843, 7.839935310080557 ], [ 6.811118712028748, 7.839584172990524 ], [ 6.810642548710085, 7.839027161608398 ], [ 6.809219465804491, 7.838760765280492 ], [ 6.808859968938432, 7.838340477644244 ], [ 6.806962377093559, 7.837812080769816 ], [ 6.806248617563949, 7.838204534929701 ], [ 6.805833466012178, 7.838169004655817 ], [ 6.804609280155394, 7.838260607149378 ], [ 6.803522030548852, 7.838167546498407 ], [ 6.802732471318611, 7.838226984525036 ], [ 6.80244583136224, 7.837891815697799 ], [ 6.801612612081716, 7.837365243101056 ], [ 6.801366144440292, 7.836257540336018 ], [ 6.801084540623371, 7.8362788453696 ], [ 6.800676825349722, 7.836243879152277 ], [ 6.800132747217598, 7.836284468313365 ], [ 6.7990826667899, 7.836194769222892 ], [ 6.798353886357567, 7.836514569352156 ], [ 6.797599112701408, 7.836929037279572 ], [ 6.797867274739562, 7.833807165503917 ], [ 6.796634949251301, 7.83342997683523 ], [ 6.795365760098054, 7.831883154012525 ], [ 6.795422357904321, 7.831220344424425 ], [ 6.794402007529079, 7.83002597237955 ], [ 6.792746361834372, 7.829657153073616 ], [ 6.791355907044841, 7.82976109373972 ], [ 6.791069282265766, 7.829425921179823 ], [ 6.789555357830227, 7.829074782531494 ], [ 6.789063283656961, 7.82741391492231 ], [ 6.787529793109239, 7.826444585631123 ], [ 6.787060012366789, 7.825895008100161 ], [ 6.786022325398728, 7.825577607738535 ], [ 6.785112858977867, 7.824513565545091 ], [ 6.784006346538029, 7.82425670812961 ], [ 6.782658717146242, 7.823497548203016 ], [ 6.778866191672006, 7.823091495611154 ], [ 6.779200452404702, 7.821046229862626 ], [ 6.780190580630507, 7.820611845058441 ], [ 6.779155985952403, 7.819713972352782 ], [ 6.779415484826754, 7.818246668850733 ], [ 6.779954839378849, 7.817788196834002 ], [ 6.780241243776442, 7.817157321713921 ], [ 6.781228780695768, 7.817713859985172 ], [ 6.782974682149176, 7.817471986590361 ], [ 6.783227949474614, 7.817182018015441 ], [ 6.783774234064518, 7.816717749363216 ], [ 6.783252424237013, 7.816368630171896 ], [ 6.782056289104746, 7.816091176869911 ], [ 6.780790690708614, 7.815291138525476 ], [ 6.78054193522107, 7.814727361543851 ], [ 6.780105793761281, 7.814348501406525 ], [ 6.779729459348132, 7.813907987308776 ], [ 6.778218461932639, 7.814021327564904 ], [ 6.777286224203865, 7.813354383702837 ], [ 6.776341565324387, 7.812927825880123 ], [ 6.775910715370591, 7.812553757066325 ], [ 6.77559794661979, 7.811844523487742 ], [ 6.773203162525145, 7.81037013034137 ], [ 6.772505405407424, 7.80955400121672 ], [ 6.771305592846482, 7.809275445879343 ], [ 6.770357780308866, 7.807944785290772 ], [ 6.769682813050844, 7.807639866064783 ], [ 6.769160736755231, 7.80734581513132 ], [ 6.768476235133762, 7.807036606681456 ], [ 6.767932080597723, 7.8064002990431 ], [ 6.766421805595789, 7.805984509273953 ], [ 6.765643878590923, 7.805168480494356 ], [ 6.764538597193817, 7.804893588189375 ], [ 6.764274920442251, 7.804344559547671 ], [ 6.76372722862918, 7.804075791584074 ], [ 6.760756132674673, 7.801343090166682 ], [ 6.760208447775807, 7.801074319351855 ], [ 6.759943334887176, 7.800796450683608 ], [ 6.757725545286752, 7.800514063743011 ], [ 6.757787822249956, 7.798095069426255 ], [ 6.757224742218613, 7.797228268429243 ], [ 6.756161221223401, 7.796198338757695 ], [ 6.756432306107552, 7.795354494870855 ], [ 6.756992489848738, 7.795368585670706 ], [ 6.756976497108752, 7.794283300615972 ], [ 6.757263531497673, 7.79373454137646 ], [ 6.756966059925833, 7.793151968152836 ], [ 6.757000170559825, 7.791832324167983 ], [ 6.756478293734552, 7.790808444929662 ], [ 6.756190720679715, 7.789663992877474 ], [ 6.755932835613324, 7.788030324898548 ], [ 6.755394671315101, 7.786974582749437 ], [ 6.755712728735862, 7.785983751619892 ], [ 6.756484285535588, 7.7855927360843 ], [ 6.757573695623133, 7.785246300933703 ], [ 6.757311017279227, 7.784512439913628 ], [ 6.757035238022846, 7.784245109872632 ], [ 6.756771577652398, 7.783696082510258 ], [ 6.756223916519921, 7.783427313578068 ], [ 6.755686932339563, 7.783148007033314 ], [ 6.754611207860594, 7.782620632513834 ], [ 6.754331852360089, 7.78232733005693 ], [ 6.753206296389134, 7.781485622449193 ], [ 6.752599004058582, 7.780848445873803 ], [ 6.751617346691946, 7.781504741714423 ], [ 6.750006949328342, 7.781463364137506 ], [ 6.749455368883397, 7.782030309866981 ], [ 6.74889891349012, 7.781520508369846 ], [ 6.748890788711537, 7.780953240373838 ], [ 6.749443387869599, 7.779896399499153 ], [ 6.749926840099683, 7.777963725448823 ], [ 6.750543277555563, 7.777979704745186 ], [ 6.750152813929306, 7.775917403407867 ], [ 6.749196597866182, 7.774991320490147 ], [ 6.749557052150379, 7.773617273197654 ], [ 6.748663270200709, 7.773631070849174 ], [ 6.748571335893434, 7.740808308244469 ], [ 6.747751877209469, 7.740538109327012 ], [ 6.74749400162767, 7.738904450661971 ], [ 6.747218251886826, 7.738637124010456 ], [ 6.746695954088795, 7.73700312808694 ], [ 6.74505352463383, 7.736727517919424 ], [ 6.744268345578991, 7.735904041125589 ], [ 6.743159055511775, 7.735920947202493 ], [ 6.742814693716186, 7.734478556879266 ], [ 6.74210027868253, 7.733729070658093 ], [ 6.741533930296529, 7.733991941692178 ], [ 6.740720780263314, 7.734535263682848 ], [ 6.739628453805963, 7.735056978340725 ], [ 6.739354316957521, 7.735883850040034 ], [ 6.738808024232509, 7.735869831889055 ], [ 6.738535880020414, 7.736421841215181 ], [ 6.737442483026493, 7.736944071176067 ], [ 6.737167957639108, 7.738041573711827 ], [ 6.73688351168664, 7.738311228737417 ], [ 6.736899652041788, 7.739366313865063 ], [ 6.736322094942079, 7.740234999025832 ], [ 6.735716907972618, 7.740808538885035 ], [ 6.736191524777496, 7.742215078113676 ], [ 6.735253453041429, 7.743178234677353 ], [ 6.733874372409224, 7.742905035591156 ], [ 6.732290651645321, 7.742573014652385 ], [ 6.731976715915843, 7.742894939883202 ], [ 6.730610723813323, 7.743153534172824 ], [ 6.730338345591217, 7.744242033772201 ], [ 6.728966503459268, 7.744501649423605 ], [ 6.728983025906569, 7.745580034857785 ], [ 6.728693231291484, 7.745854948705054 ], [ 6.728392107320603, 7.747351625266735 ], [ 6.727600920279952, 7.747752559816712 ], [ 6.726612141942441, 7.748066639999085 ], [ 6.7262358279941, 7.74882992406928 ], [ 6.725685381865237, 7.74909285022567 ], [ 6.724598874041003, 7.749905829069772 ], [ 6.724048425917977, 7.750168752394789 ], [ 6.723508539001275, 7.750442324681035 ], [ 6.722686234474315, 7.750703792013705 ], [ 6.722281513594722, 7.751119491731466 ], [ 6.720283447100186, 7.750425066969671 ], [ 6.718877344183617, 7.75122572215323 ], [ 6.71860784850701, 7.751771896937007 ], [ 6.715080643437132, 7.752243926303557 ], [ 6.714717377421716, 7.753339857647956 ], [ 6.713141933318391, 7.753638038888748 ], [ 6.712356498835662, 7.754444649034574 ], [ 6.709889999225102, 7.754165518554887 ], [ 6.70948186531549, 7.753737516520116 ], [ 6.708775984272513, 7.754462457249177 ], [ 6.706049764112975, 7.754099816842528 ], [ 6.704438177133297, 7.754404653072307 ], [ 6.703127316035061, 7.755750722324838 ], [ 6.701455154562743, 7.755475829986187 ], [ 6.700935629785466, 7.754930707133644 ], [ 6.699042149098311, 7.755224994219212 ], [ 6.698722218482893, 7.757424829301154 ], [ 6.697627097632139, 7.759517193572406 ], [ 6.697356093970805, 7.760334494307733 ], [ 6.696805623772043, 7.76059737333437 ], [ 6.695714726455357, 7.761326022867583 ], [ 6.69464199211334, 7.759501020768791 ], [ 6.694122779054736, 7.758997731011041 ], [ 6.693826999664588, 7.758417272099805 ], [ 6.693487840572453, 7.757710002115 ], [ 6.69192993405772, 7.757322356221856 ], [ 6.689937186451179, 7.756735332285013 ], [ 6.688397350818455, 7.757026720797497 ], [ 6.687346423087604, 7.757729084485314 ], [ 6.685982506164452, 7.757018887392402 ], [ 6.684589933013253, 7.757277167755828 ], [ 6.682142603902755, 7.758353752782861 ], [ 6.679779959805177, 7.758800560730195 ], [ 6.679414339964998, 7.759147040091579 ], [ 6.679146280223081, 7.759422027562247 ], [ 6.678595807033112, 7.759684880015881 ], [ 6.678324769949585, 7.760502157738801 ], [ 6.677680064346512, 7.760810039514571 ], [ 6.677223142752704, 7.762117764966416 ], [ 6.676950610624004, 7.763206185696838 ], [ 6.676400131283076, 7.763469033400861 ], [ 6.676129085764972, 7.764286307616367 ], [ 6.675034894392954, 7.764546179402058 ], [ 6.674762353615143, 7.765634596483547 ], [ 6.673940014397923, 7.765895951803248 ], [ 6.673668743800212, 7.766174092888473 ], [ 6.672667376744373, 7.76481125820519 ], [ 6.671625207152761, 7.764784365019865 ], [ 6.669866668803051, 7.765060176827843 ], [ 6.669466614117565, 7.76587143874698 ], [ 6.667925837143208, 7.765269840568892 ], [ 6.66717796868887, 7.76454495959162 ], [ 6.666882230266462, 7.763964491834024 ], [ 6.666618708580724, 7.763415445743313 ], [ 6.666071161478934, 7.763146584514368 ], [ 6.665673636471869, 7.762729730763879 ], [ 6.663628986374292, 7.76231971460914 ], [ 6.663110046401864, 7.761775090125231 ], [ 6.661086791774792, 7.761722655228556 ], [ 6.659824601680851, 7.762022340918945 ], [ 6.659552028184784, 7.763110737205006 ], [ 6.659273396100558, 7.763375056426384 ], [ 6.659000819373555, 7.764463451612403 ], [ 6.657926999584819, 7.764976003132717 ], [ 6.65735691585803, 7.76580484458675 ], [ 6.657018080088808, 7.767158724250137 ], [ 6.653001231796797, 7.766870699070495 ], [ 6.652733584701317, 7.766590127832747 ], [ 6.652328797849964, 7.767005205354081 ], [ 6.650279726168412, 7.767392655640801 ], [ 6.649739793952302, 7.767666113431763 ], [ 6.649189301572393, 7.767928919031776 ], [ 6.648376006996985, 7.768472009634761 ], [ 6.64656984231924, 7.768813650062113 ], [ 6.646189867599359, 7.769539194147657 ], [ 6.645915076659231, 7.770636560330698 ], [ 6.643815304607561, 7.771638538033044 ], [ 6.642647039667655, 7.772419014379179 ], [ 6.641217228617078, 7.772872869505382 ], [ 6.640632905278265, 7.77405694725999 ], [ 6.638863541266241, 7.774650301700778 ], [ 6.638451877226116, 7.774297958207212 ], [ 6.638834016787632, 7.773568201305754 ], [ 6.638558278485915, 7.773027023521282 ], [ 6.638305409734823, 7.770580006322822 ], [ 6.63749973617186, 7.768998430854684 ], [ 6.637495144566394, 7.768680126138242 ], [ 6.637505382938101, 7.768273464249028 ], [ 6.637493471106387, 7.767459960307024 ], [ 6.637538796414058, 7.765715769807008 ], [ 6.636975830490328, 7.765170347629059 ], [ 6.636709176419376, 7.764334773245499 ], [ 6.635283918346088, 7.763979969284463 ], [ 6.634805457543274, 7.763516042282738 ], [ 6.634271654543178, 7.762694338942347 ], [ 6.633724141366014, 7.762425442425509 ], [ 6.632133763527338, 7.76159679656669 ], [ 6.631059002554745, 7.761613050822755 ], [ 6.629940155095935, 7.761063995856442 ], [ 6.629660920328095, 7.760770640633634 ], [ 6.628569727178125, 7.760498707667069 ], [ 6.628307783472147, 7.759678517513682 ], [ 6.627760279747936, 7.759409615595479 ], [ 6.627362805744807, 7.758992738291534 ], [ 6.62532504577436, 7.758320451242166 ], [ 6.625596223047352, 7.757494234886262 ], [ 6.626106528065265, 7.757010931474524 ], [ 6.624785236850035, 7.756681572339598 ], [ 6.62452330131365, 7.755861382652522 ], [ 6.623975805685963, 7.755592478035235 ], [ 6.623710827468936, 7.755314558313965 ], [ 6.62316333327879, 7.755045653014332 ], [ 6.622110880796864, 7.754497485968194 ], [ 6.62153385487794, 7.75476010749344 ], [ 6.620993933726973, 7.755033528143295 ], [ 6.62044345357581, 7.755296296193319 ], [ 6.619384906005386, 7.755832659509654 ], [ 6.619082707160164, 7.755565122108508 ], [ 6.61856331867994, 7.755019930194059 ], [ 6.617678797161118, 7.755295653060065 ], [ 6.616380018982372, 7.756628730107446 ], [ 6.615327054004442, 7.756644541472816 ], [ 6.614937219823349, 7.754592376133268 ], [ 6.612022577944734, 7.754169845876772 ], [ 6.611218528728175, 7.753075472259362 ], [ 6.610942884753388, 7.752808080212372 ], [ 6.610680978778383, 7.751987890733788 ], [ 6.61039477378305, 7.751710377309214 ], [ 6.609866273542267, 7.75005461592973 ], [ 6.609057827130846, 7.749271076535523 ], [ 6.609531750987522, 7.74836658106587 ], [ 6.609067593612628, 7.747917016849414 ], [ 6.608533860944481, 7.747095301748661 ], [ 6.608258221938469, 7.746827909596868 ], [ 6.607994791326179, 7.746278852876839 ], [ 6.607581333732826, 7.745877763575636 ], [ 6.606421745161296, 7.74466065039859 ], [ 6.604003174419195, 7.744597804863611 ], [ 6.60337604466817, 7.744897190889503 ], [ 6.602852158936566, 7.74543493433252 ], [ 6.601201389736927, 7.744890247267745 ], [ 6.600936435374579, 7.744612319820047 ], [ 6.599845321732258, 7.744340331216638 ], [ 6.59957665838228, 7.743780123171316 ], [ 6.599035148932123, 7.744335766116894 ], [ 6.598484679800075, 7.744598505947642 ], [ 6.598216594958312, 7.744873429507908 ], [ 6.597122470250434, 7.745133101639114 ], [ 6.596591817214349, 7.74620777709768 ], [ 6.595760922208241, 7.746486406336553 ], [ 6.594666793465006, 7.746746070395278 ], [ 6.593075220382327, 7.747279354017395 ], [ 6.592220315578339, 7.74673754273115 ], [ 6.591953760051588, 7.746182110102125 ], [ 6.587061782756054, 7.745623802380925 ], [ 6.586773327680653, 7.744719791895116 ], [ 6.585972966728364, 7.745883473209704 ], [ 6.585572804365989, 7.746694613655805 ], [ 6.585426195830703, 7.746427942550108 ], [ 6.585035303195099, 7.745612318101458 ], [ 6.582167415439316, 7.745861888349645 ], [ 6.581899322121898, 7.746136798111424 ], [ 6.581077021660739, 7.746397968061888 ], [ 6.580537102480785, 7.746671332706384 ], [ 6.5797148008545, 7.746932499438135 ], [ 6.579396414852281, 7.748203753596504 ], [ 6.578618833011072, 7.74937177920653 ], [ 6.57834017817355, 7.749636032913755 ], [ 6.578051920071072, 7.753435574700143 ], [ 6.577228052225152, 7.753967857670351 ], [ 6.576888383323531, 7.754316492186332 ], [ 6.57501363149453, 7.754784533094851 ], [ 6.573433811679898, 7.754743222018919 ], [ 6.573149685497621, 7.755034447532089 ], [ 6.572327365883402, 7.755295593453746 ], [ 6.571812515861168, 7.755823801993817 ], [ 6.57095340603616, 7.756111742106329 ], [ 6.569353411261076, 7.756070300153007 ], [ 6.569064473678224, 7.756366789523067 ], [ 6.566922127974393, 7.757388233609174 ], [ 6.566501265511498, 7.757820590195004 ], [ 6.564980837828206, 7.757422665120985 ], [ 6.563889745386492, 7.757150581339336 ], [ 6.563081161642261, 7.756869521607904 ], [ 6.560902763697124, 7.75659120038269 ], [ 6.559818676453794, 7.756026304496111 ], [ 6.558182215129673, 7.756050275901121 ], [ 6.557117259955425, 7.754931572866355 ], [ 6.555229656123236, 7.754959388107733 ], [ 6.554536227887508, 7.754230976844827 ], [ 6.554123376308582, 7.754654362825653 ], [ 6.553566035757912, 7.755182826961567 ], [ 6.55289575126284, 7.755870034699934 ], [ 6.552203880563749, 7.756525344608496 ], [ 6.552213815030479, 7.75719422329624 ], [ 6.549368118495297, 7.757731744277428 ], [ 6.548654349624951, 7.758408101040892 ], [ 6.547856400902493, 7.759226418761339 ], [ 6.544156335246258, 7.759505847467484 ], [ 6.543704128764602, 7.761309519067101 ], [ 6.542208459278092, 7.761682147531928 ], [ 6.541580148101469, 7.761354961650437 ], [ 6.540042684780774, 7.760971679907564 ], [ 6.540765543287722, 7.760286923115276 ], [ 6.540414206703068, 7.75953293659866 ], [ 6.539698205952645, 7.758126028837065 ], [ 6.539423001788828, 7.756971087499146 ], [ 6.536943384068175, 7.75700757201119 ], [ 6.533175094719861, 7.756702429028922 ], [ 6.532160312389097, 7.756007607885523 ], [ 6.531821295713014, 7.756694575553596 ], [ 6.530728809005275, 7.757215658556515 ], [ 6.530454277460327, 7.758042267403281 ], [ 6.528298364103276, 7.758379768645921 ], [ 6.5279869735394, 7.760515714190911 ], [ 6.526354756543832, 7.761814184449985 ], [ 6.524538930988466, 7.762098037355476 ], [ 6.525007019494668, 7.763490274348511 ], [ 6.523339287826785, 7.7661346067029 ], [ 6.522565154121835, 7.76650394732735 ], [ 6.522237169883158, 7.767749625782946 ], [ 6.521890119710623, 7.769801149921754 ], [ 6.520584928473415, 7.770461807479907 ], [ 6.520046644625586, 7.770448073024045 ], [ 6.519503490198698, 7.771263565236471 ], [ 6.518952963515035, 7.771526175436356 ], [ 6.518684820060249, 7.771801027093798 ], [ 6.517862463978627, 7.772062046606939 ], [ 6.51787377239207, 7.772847945381372 ], [ 6.51731611496862, 7.773419760343135 ], [ 6.516781138168402, 7.77392657415318 ], [ 6.516738749282046, 7.775536644834544 ], [ 6.517077576379902, 7.776243439186612 ], [ 6.517850802026569, 7.775851870251489 ], [ 6.518640706039292, 7.777499642106945 ], [ 6.51945688676739, 7.778291306802894 ], [ 6.519185456294769, 7.779124269882204 ], [ 6.518361489752105, 7.779656399198446 ], [ 6.51807937542873, 7.781853383514994 ], [ 6.516442903475597, 7.783402754182901 ], [ 6.516427838762306, 7.783977211866887 ], [ 6.516975158189448, 7.78426266107031 ], [ 6.518066247080871, 7.784534877694256 ], [ 6.518326359763308, 7.785626186951735 ], [ 6.518610842658257, 7.786185454333536 ], [ 6.518583469923754, 7.787227421614611 ], [ 6.5189448571614, 7.787981479400259 ], [ 6.519674932300413, 7.788340013943506 ], [ 6.520195748957963, 7.789972448156012 ], [ 6.521025615720063, 7.790246310415319 ], [ 6.520742623100808, 7.790786370484768 ], [ 6.520196238813193, 7.792144082132023 ], [ 6.519915926315678, 7.792679390242937 ], [ 6.519644571943342, 7.793496465036053 ], [ 6.519291765521518, 7.794169556790668 ], [ 6.519900114680205, 7.795364049618463 ], [ 6.519202051002021, 7.796148967520137 ], [ 6.5182478839411, 7.79660354089714 ], [ 6.518277334375041, 7.798632896077386 ], [ 6.517421407543498, 7.798904292228186 ], [ 6.517446659280829, 7.800654025746034 ], [ 6.517109523691398, 7.803167870968423 ], [ 6.517676528802448, 7.805429139266411 ], [ 6.51762454463494, 7.807398706874594 ], [ 6.517917036949221, 7.8089403141559 ], [ 6.518192628722582, 7.809207759196001 ], [ 6.518452736789973, 7.81029907212703 ], [ 6.518726728656982, 7.810837630182916 ], [ 6.518988438926639, 7.811657830427121 ], [ 6.519529070996008, 7.812182068485717 ], [ 6.51922298710888, 7.813121256648524 ], [ 6.517874414642064, 7.813548611978632 ], [ 6.51709070558557, 7.814352605035984 ], [ 6.515439907820777, 7.814077069929908 ], [ 6.514387554913031, 7.81352863426164 ], [ 6.513819149540656, 7.814019872720214 ], [ 6.513535813073474, 7.815150348485727 ], [ 6.513255468869429, 7.815685644160231 ], [ 6.512721262758197, 7.816766982081866 ], [ 6.512160015085727, 7.817034795993402 ], [ 6.51216751881199, 7.817560666786028 ], [ 6.511611402668796, 7.818395639567518 ], [ 6.511343327355054, 7.818114465643546 ], [ 6.510795880808431, 7.817845412679231 ], [ 6.510530972852715, 7.817567433817349 ], [ 6.509443032557358, 7.816752950677187 ], [ 6.508902667556685, 7.816185810350477 ], [ 6.507545884949683, 7.816205338478176 ], [ 6.50700224163076, 7.816191008221106 ], [ 6.504917418632041, 7.816221054824395 ], [ 6.50373783134077, 7.815641660443127 ], [ 6.504188005823765, 7.813514021390923 ], [ 6.503211326198155, 7.813191590191884 ], [ 6.502884919775249, 7.81146974789845 ], [ 6.50065151376912, 7.809525877684918 ], [ 6.500100977216503, 7.810047383752055 ], [ 6.499528279794406, 7.810634418808736 ], [ 6.498607608375237, 7.810182047300584 ], [ 6.49782295603053, 7.809358221008035 ], [ 6.497525056316307, 7.809362282277902 ], [ 6.496540550985068, 7.809019671417646 ], [ 6.49509513105427, 7.809751913077189 ], [ 6.493820815575469, 7.809125869881168 ], [ 6.492908496767384, 7.808521564487902 ], [ 6.492374092362741, 7.807406389518276 ], [ 6.491012044338592, 7.807425841701945 ], [ 6.489389670177195, 7.806315326150578 ], [ 6.488038778794309, 7.806334835142266 ], [ 6.4872494108626, 7.805505675708837 ], [ 6.48313831628335, 7.805747039648774 ], [ 6.482793338691091, 7.806786555254561 ], [ 6.479874916353777, 7.806828471346413 ], [ 6.479397713941338, 7.805832245845433 ], [ 6.477447115315285, 7.805187833712593 ], [ 6.477162684837597, 7.804629611475761 ], [ 6.477444664436674, 7.804091713479207 ], [ 6.47771447972534, 7.803545798849967 ], [ 6.47811032141339, 7.802790946542199 ], [ 6.476369885884473, 7.801103046125422 ], [ 6.47610501464681, 7.800825056028367 ], [ 6.475285786378134, 7.800554349089817 ], [ 6.475293408863787, 7.800257334297853 ], [ 6.474476782067952, 7.799465065274791 ], [ 6.474216794634084, 7.798373763069086 ], [ 6.473125737175685, 7.798101431109191 ], [ 6.472715238174147, 7.794576624746108 ], [ 6.472064934512068, 7.794559503419366 ], [ 6.471533904533151, 7.795104382571585 ], [ 6.470141840417861, 7.794827600162986 ], [ 6.469355169571349, 7.794001617350339 ], [ 6.468804081745197, 7.793466688272129 ], [ 6.468539220222977, 7.793188696484222 ], [ 6.467451443969473, 7.79237415023209 ], [ 6.467186584069605, 7.792096158091515 ], [ 6.46691104312236, 7.791828693450054 ], [ 6.46651375488946, 7.791411705944181 ], [ 6.466100444469218, 7.79101050780196 ], [ 6.465581283323254, 7.790465177462341 ], [ 6.464471130550725, 7.790724348967609 ], [ 6.464191521225885, 7.792896863692745 ], [ 6.463097289330033, 7.793156124620456 ], [ 6.462824202126846, 7.794244229295349 ], [ 6.462542192654783, 7.795050577143181 ], [ 6.462265865114176, 7.795882905653371 ], [ 6.461718525280084, 7.796401194299162 ], [ 6.461442159641271, 7.798031498511329 ], [ 6.461163413968586, 7.798295641377035 ], [ 6.460893586146606, 7.798841539749409 ], [ 6.460182303014437, 7.799515047411931 ], [ 6.459516411873703, 7.801815489253611 ], [ 6.459237662122274, 7.802079629610427 ], [ 6.458964552470228, 7.80316772630384 ], [ 6.45868580131736, 7.803431865881277 ], [ 6.458168166021259, 7.80447930695268 ], [ 6.457867375803666, 7.804787793189302 ], [ 6.457305603922029, 7.805055525044681 ], [ 6.457324273301475, 7.806358236366016 ], [ 6.45703710754948, 7.807222790331601 ], [ 6.456486513682516, 7.807485291451735 ], [ 6.455669711525299, 7.808570109597807 ], [ 6.455098881740351, 7.808842017529831 ], [ 6.454577430499469, 7.809376860133614 ], [ 6.454298672137839, 7.80964099453105 ], [ 6.453891020902412, 7.810058970101835 ], [ 6.453234163256984, 7.809368765994017 ], [ 6.451580282113755, 7.809624607542625 ], [ 6.451300752782918, 7.810190555583089 ], [ 6.450758187504179, 7.810704083173903 ], [ 6.450486689991244, 7.811521066399672 ], [ 6.449936088284236, 7.811783555791245 ], [ 6.449352367848562, 7.812078674579036 ], [ 6.446440744502337, 7.811706312728076 ], [ 6.444534595107458, 7.810400671331699 ], [ 6.444493516261676, 7.811131142294924 ], [ 6.444766164434462, 7.81257093169237 ], [ 6.445090033270608, 7.813533415799744 ], [ 6.444761578006284, 7.814197548622098 ], [ 6.444482811380453, 7.814461673455376 ], [ 6.443953291272164, 7.815533895921113 ], [ 6.443659039033665, 7.815812223290191 ], [ 6.443390824173868, 7.816087001967707 ], [ 6.442843434550519, 7.816605249705676 ], [ 6.442567044110399, 7.817437547409483 ], [ 6.442286621964166, 7.81797276649838 ], [ 6.442016752562916, 7.818518640360931 ], [ 6.44131982265123, 7.819178944408357 ], [ 6.440649275494425, 7.819865882866447 ], [ 6.43928313023905, 7.820123405549988 ], [ 6.439014909739219, 7.820398179575225 ], [ 6.438596747545637, 7.820794358056882 ], [ 6.438139379933609, 7.821263369014343 ], [ 6.436590915481035, 7.820857365977903 ], [ 6.436280177363084, 7.821486115769331 ], [ 6.435737580858141, 7.821999613127234 ], [ 6.435464385465843, 7.823087669842224 ], [ 6.434917511671293, 7.823605374696919 ], [ 6.435719318860112, 7.824986958089519 ], [ 6.436175898935904, 7.8254297511235 ], [ 6.436523254205408, 7.826889585162025 ], [ 6.436797127780431, 7.827428166017679 ], [ 6.437058661413955, 7.828248368796919 ], [ 6.437871261153865, 7.829603542332074 ], [ 6.43813279708327, 7.830423745486939 ], [ 6.439153063435955, 7.831944857618721 ], [ 6.439572283659813, 7.832768136836808 ], [ 6.440000176672596, 7.837211161034904 ], [ 6.439714216211892, 7.838561246257766 ], [ 6.439432713282569, 7.841004784583505 ], [ 6.437761148747653, 7.843174576260319 ], [ 6.437784192304941, 7.844787584049954 ], [ 6.437760039252905, 7.845696594370334 ], [ 6.438016650177696, 7.849400444824347 ], [ 6.439395957269692, 7.850738431692757 ], [ 6.43935935162205, 7.852119684198817 ], [ 6.439633235438272, 7.852658269137164 ], [ 6.439969216073272, 7.854068796783996 ], [ 6.440966928486367, 7.855116938830408 ], [ 6.442299806785191, 7.856410163312378 ], [ 6.442610722448562, 7.857059111735031 ], [ 6.443700262176576, 7.858115753174203 ], [ 6.443651960556116, 7.859933781183693 ], [ 6.444197972803692, 7.861647407879618 ], [ 6.44581537113303, 7.86244197958631 ], [ 6.445823086645415, 7.86300330329481 ], [ 6.445544277946155, 7.863267418030743 ], [ 6.445276023396733, 7.863542187958828 ], [ 6.444295021353029, 7.864009593252164 ], [ 6.444971909939366, 7.865423788169551 ], [ 6.44529023042421, 7.865731780879466 ], [ 6.445226202191703, 7.868122639634383 ], [ 6.44551270631324, 7.868423555653471 ], [ 6.445788263713852, 7.868691045213402 ], [ 6.447280717812268, 7.870816040222785 ], [ 6.448491015135867, 7.871410629155256 ], [ 6.448483434008303, 7.871694928815277 ], [ 6.449533843312795, 7.872211235645357 ], [ 6.449843193161166, 7.872511229462087 ], [ 6.450240510683938, 7.872928250606502 ], [ 6.451720172009827, 7.873416982767804 ], [ 6.451734729697252, 7.874423136804202 ], [ 6.451699594445236, 7.875739810624888 ], [ 6.451995022227636, 7.876319829433559 ], [ 6.452246639357538, 7.878766629831842 ], [ 6.452537519281738, 7.879048508882674 ], [ 6.453132650320576, 7.880291707008956 ], [ 6.45386634045511, 7.880674237853173 ], [ 6.454424384561537, 7.880948738791012 ], [ 6.454945596574001, 7.882036341843632 ], [ 6.45602677495221, 7.883084987050337 ], [ 6.454981738750851, 7.884723821880232 ], [ 6.454108413234248, 7.885550369260015 ], [ 6.453319631927416, 7.886358896092019 ], [ 6.452458360428345, 7.886083075665357 ], [ 6.451938616491645, 7.885537165839353 ], [ 6.451391158315515, 7.885268020312676 ], [ 6.450340380985834, 7.884719934894068 ], [ 6.44976853317521, 7.88470480193958 ], [ 6.449402464415622, 7.885080110700245 ], [ 6.448677245827012, 7.884701859064759 ], [ 6.448407368091724, 7.884978734548566 ], [ 6.447312880226741, 7.885237873035818 ], [ 6.446500833671795, 7.885509322646267 ], [ 6.445678231613972, 7.885770114679878 ], [ 6.44540835157486, 7.886046988258726 ], [ 6.444352291644055, 7.88549620957984 ], [ 6.443503138101025, 7.885756834785988 ], [ 6.443506749951021, 7.886033258902883 ], [ 6.442964049676747, 7.886546740049333 ], [ 6.44268442536697, 7.887112660216746 ], [ 6.440230497945024, 7.887363467197807 ], [ 6.439041378583267, 7.888156270924334 ], [ 6.436534894522279, 7.887283658614859 ], [ 6.435883923091779, 7.887613256752053 ], [ 6.434789430506504, 7.887872357695363 ], [ 6.434246599597521, 7.888147018298423 ], [ 6.433707197016719, 7.887865721683626 ], [ 6.433159755751883, 7.887596555100299 ], [ 6.432896558482833, 7.887047436445656 ], [ 6.432349118993094, 7.886778269305784 ], [ 6.431808830247549, 7.886211035933743 ], [ 6.429374845355317, 7.886245337214238 ], [ 6.428848995412331, 7.885147103055584 ], [ 6.426197939430254, 7.885077330645195 ], [ 6.425293833074684, 7.885379408710225 ], [ 6.424199349188309, 7.885638481714264 ], [ 6.423931065773343, 7.885913228534601 ], [ 6.423652227845906, 7.88617731902995 ], [ 6.42324712691705, 7.88659259821953 ], [ 6.421873635004741, 7.886113947131836 ], [ 6.421203607790246, 7.886433340398117 ], [ 6.42067825716971, 7.886971776842216 ], [ 6.419330358118952, 7.886991000775465 ], [ 6.419026838260889, 7.886696318621776 ], [ 6.418512956843706, 7.886156241055316 ], [ 6.417134058124228, 7.885866042437899 ], [ 6.415164382142716, 7.885533539205738 ], [ 6.414437887301243, 7.884770288770512 ], [ 6.413279056788161, 7.885130067056952 ], [ 6.411966613288055, 7.886110516632332 ], [ 6.411144010237795, 7.886371233340807 ], [ 6.40955183738634, 7.886903580136571 ], [ 6.408695372139838, 7.886632473833142 ], [ 6.408215800027799, 7.886128605876929 ], [ 6.407115415791396, 7.885374679300104 ], [ 6.405587762313645, 7.884843136682886 ], [ 6.404358834746135, 7.884436812635102 ], [ 6.403835640579889, 7.881988388103953 ], [ 6.403560113079887, 7.881720876936523 ], [ 6.403298652852608, 7.880900665630037 ], [ 6.403023126305778, 7.880633154443032 ], [ 6.40275067331642, 7.87859558141465 ], [ 6.401956192740713, 7.878181360204177 ], [ 6.400593179684406, 7.877907102866918 ], [ 6.398556711332923, 7.876845019545357 ], [ 6.395495631356492, 7.877868560112735 ], [ 6.39489446584438, 7.877876999993362 ], [ 6.393831647689198, 7.877322902720087 ], [ 6.393526254779175, 7.877586803734997 ], [ 6.393257964446781, 7.877861526082264 ], [ 6.392979120778137, 7.87812559164689 ], [ 6.392705738476749, 7.879213569762991 ], [ 6.392426893390036, 7.879477634533913 ], [ 6.392096186110474, 7.881112211220833 ], [ 6.391601090845012, 7.881099067383329 ], [ 6.391302213117319, 7.886253318852684 ], [ 6.390314206931179, 7.886723694313386 ], [ 6.38992749152399, 7.887886674474538 ], [ 6.389112031938496, 7.888658337870979 ], [ 6.389369958120658, 7.890036603172239 ], [ 6.389649285307299, 7.890585831325891 ], [ 6.389635045737494, 7.891119990775884 ], [ 6.389646451365175, 7.891925405509709 ], [ 6.389356375759096, 7.892199984529913 ], [ 6.388996706586858, 7.893282119514297 ], [ 6.387176201379187, 7.893004948546969 ], [ 6.38555213759868, 7.892439371318919 ], [ 6.385278359341828, 7.892993085787085 ], [ 6.384183863108492, 7.893252039268457 ], [ 6.383889096551356, 7.893554117784704 ], [ 6.381509670599472, 7.893490510903971 ], [ 6.380651307143698, 7.893777407624643 ], [ 6.379590310558442, 7.894113331784506 ], [ 6.378737903982643, 7.895391974102866 ], [ 6.377913570782304, 7.895923694503019 ], [ 6.377408743876347, 7.896441004580312 ], [ 6.376826198135134, 7.896735445059379 ], [ 6.375459814164421, 7.896992664197629 ], [ 6.375191498947295, 7.897267366709388 ], [ 6.374640751384018, 7.897529704145595 ], [ 6.374370722117696, 7.898075487048136 ], [ 6.374090139277052, 7.898610612559099 ], [ 6.373818394358003, 7.899427475689101 ], [ 6.372456903552556, 7.899749308853784 ], [ 6.372713559938413, 7.901318171190478 ], [ 6.373797495181181, 7.901850757102222 ], [ 6.373816555594098, 7.903203158822709 ], [ 6.37324891314208, 7.90349027151796 ], [ 6.372698155633955, 7.903752603207687 ], [ 6.372428117472694, 7.904298382540957 ], [ 6.371635536712984, 7.90467567575644 ], [ 6.372154680192895, 7.906219716747332 ], [ 6.372122706051223, 7.907411364372498 ], [ 6.372132469074636, 7.908091802016701 ], [ 6.371853324435688, 7.908355840422599 ], [ 6.371560147907092, 7.908948594955871 ], [ 6.370480150293952, 7.910515919643438 ], [ 6.370204945616405, 7.911874935370279 ], [ 6.369799856217003, 7.913030871280937 ], [ 6.370457770814711, 7.914045257044551 ], [ 6.371017351089435, 7.914320405326905 ], [ 6.372213117336195, 7.916357949195941 ], [ 6.371798392421273, 7.916227202166742 ], [ 6.371264151748162, 7.915933681919777 ], [ 6.370724630173612, 7.916221491675159 ], [ 6.370446737026436, 7.916203325587906 ], [ 6.369259423971475, 7.916266256488824 ], [ 6.368819555328631, 7.91675059647621 ], [ 6.367714965183582, 7.916999889530454 ], [ 6.367184768788416, 7.917282457018785 ], [ 6.366623958650781, 7.917535180184821 ], [ 6.366365651866053, 7.917819463570785 ], [ 6.365804840756358, 7.918072185224684 ], [ 6.365399177882019, 7.918939014998304 ], [ 6.361012884118096, 7.918650238603823 ], [ 6.360103545859012, 7.919135299419782 ], [ 6.359228358589468, 7.919386019067932 ], [ 6.358745918083132, 7.918840785162631 ], [ 6.35846026132325, 7.918582711475427 ], [ 6.358205595385439, 7.918295184272164 ], [ 6.357887201067416, 7.918007782642127 ], [ 6.355310981724438, 7.918144462913501 ], [ 6.354931890170324, 7.917715835545438 ], [ 6.354394815333349, 7.917744195359736 ], [ 6.353987138838255, 7.917717252555073 ], [ 6.352484280304477, 7.917797190489089 ], [ 6.350870654018976, 7.915973517712112 ], [ 6.349507011633527, 7.915543925836333 ], [ 6.34897888317628, 7.915253598295734 ], [ 6.348564789711403, 7.915275850406772 ], [ 6.347634257267257, 7.915214339329682 ], [ 6.347347329858086, 7.915530192799692 ], [ 6.346472152103717, 7.915780885635341 ], [ 6.345768564279926, 7.91498538750451 ], [ 6.345162059287631, 7.914703028775528 ], [ 6.344907406780702, 7.914415497226803 ], [ 6.344258281658252, 7.914113275863112 ], [ 6.340952740078286, 7.914288644725216 ], [ 6.340560752060811, 7.913845632727178 ], [ 6.339191064046853, 7.913038468381682 ], [ 6.338937632851096, 7.9124787992586 ], [ 6.336706509086286, 7.912596925308955 ], [ 6.336778529575138, 7.91151199148433 ], [ 6.335945902639018, 7.91030691768897 ], [ 6.335695480111622, 7.909362350583141 ], [ 6.336828575358499, 7.907314745491725 ], [ 6.336782575278032, 7.906456195752473 ], [ 6.336245627485258, 7.905971490356481 ], [ 6.335990986331857, 7.905683957084088 ], [ 6.33472560729972, 7.905095063655025 ], [ 6.333675672215316, 7.90515083571973 ], [ 6.333268015945838, 7.905123877177656 ], [ 6.332942386521487, 7.905140858002742 ], [ 6.331939606612867, 7.906245785423703 ], [ 6.331073110520186, 7.907007961042218 ], [ 6.330813051892804, 7.907563288117091 ], [ 6.330252250973291, 7.907815959435419 ], [ 6.328902939832033, 7.908635397827826 ], [ 6.326977515410187, 7.909692572844672 ], [ 6.32647210582423, 7.910248970538657 ], [ 6.325958817164985, 7.910214973265432 ], [ 6.324268810131833, 7.910503281034831 ], [ 6.322428007163532, 7.910747728467137 ], [ 6.322059107706449, 7.909529204093289 ], [ 6.320958918675384, 7.908855558889365 ], [ 6.320469547773487, 7.909394577923318 ], [ 6.320180617475392, 7.909648978443902 ], [ 6.319918792181074, 7.910475362276761 ], [ 6.316567811666984, 7.910710079646157 ], [ 6.315570640355709, 7.910161506417714 ], [ 6.314698795947846, 7.909899641760306 ], [ 6.314201659921592, 7.910447601072736 ], [ 6.313939394782424, 7.910151008651361 ], [ 6.313024710200994, 7.909862921911373 ], [ 6.309934945135021, 7.910026204495483 ], [ 6.30958756313091, 7.910408873991071 ], [ 6.309026754433492, 7.910661511099734 ], [ 6.308496552482496, 7.910943993357009 ], [ 6.30719950799022, 7.911191877229446 ], [ 6.306694451318309, 7.90952350309148 ], [ 6.305688883179583, 7.909576309814645 ], [ 6.304692419124253, 7.910107792738048 ], [ 6.302258028954866, 7.909769098249884 ], [ 6.301649467084113, 7.910709695525476 ], [ 6.301140116605572, 7.913336157685855 ], [ 6.300138232210172, 7.913637811160121 ], [ 6.299237101676854, 7.913309015387919 ], [ 6.295145287959289, 7.913026249322081 ], [ 6.294870461245999, 7.912419314079748 ], [ 6.29338919963948, 7.912497592410777 ], [ 6.292023736272, 7.912407726039193 ], [ 6.291365209726895, 7.911360450367162 ], [ 6.290837480729515, 7.911100773859564 ], [ 6.288908357557019, 7.912715742966138 ], [ 6.288624384937302, 7.912696955090366 ], [ 6.287616858686403, 7.913049894944919 ], [ 6.287184406561424, 7.913973601677963 ], [ 6.286436650963489, 7.914310225872752 ], [ 6.286172984745908, 7.915407626107399 ], [ 6.28534029336614, 7.915658454628828 ], [ 6.284781568603469, 7.91595606697448 ], [ 6.28317910620673, 7.915850859944932 ], [ 6.282787141722707, 7.917481621571882 ], [ 6.282356226210999, 7.916994376952069 ], [ 6.280768005933443, 7.915972795723742 ], [ 6.280462020799061, 7.915626666407577 ], [ 6.279192625127908, 7.914695577709345 ], [ 6.276744252993784, 7.91540068736878 ], [ 6.27539605373383, 7.91531193521424 ], [ 6.274984126733324, 7.914401792406022 ], [ 6.27280476996425, 7.915341056722996 ], [ 6.272846597494212, 7.91612648017048 ], [ 6.272798869980199, 7.916843020825215 ], [ 6.271062803624771, 7.917191675533134 ], [ 6.269026053641179, 7.916633022717364 ], [ 6.268490766768257, 7.916918585908297 ], [ 6.267256643725312, 7.917166743164011 ], [ 6.265230238922792, 7.916611318220077 ], [ 6.264128266610936, 7.916347844037873 ], [ 6.264164832724346, 7.915795888342426 ], [ 6.263318831182697, 7.915529327881858 ], [ 6.262792386255575, 7.91523998071642 ], [ 6.261291541717694, 7.914950058205167 ], [ 6.260255176433223, 7.915005193848989 ], [ 6.259797565227741, 7.915509379049276 ], [ 6.257262233963603, 7.914951635655791 ], [ 6.256265731963473, 7.915482977150454 ], [ 6.255393872751649, 7.915875367814231 ], [ 6.25409657192212, 7.915161102446734 ], [ 6.253215841308884, 7.916131031920262 ], [ 6.252118535216504, 7.915527140173628 ], [ 6.251379468626707, 7.91435171118486 ], [ 6.250006456714172, 7.914086418052211 ], [ 6.249023361457064, 7.912717198251527 ], [ 6.245882989621142, 7.91240211626986 ], [ 6.245414712917191, 7.911872778585658 ], [ 6.245129156454944, 7.911614652459936 ], [ 6.244874595334876, 7.911327083785497 ], [ 6.244221931873106, 7.910737762174829 ], [ 6.243233133470524, 7.910789995473761 ], [ 6.242705130162855, 7.910499560294266 ], [ 6.241368759589249, 7.910078308413602 ], [ 6.241020129126309, 7.908925572531636 ], [ 6.239913640499476, 7.907114522680774 ], [ 6.239405878876394, 7.906655864186354 ], [ 6.239493213150245, 7.905340833824225 ], [ 6.239149077909263, 7.905069613353698 ], [ 6.238659639527605, 7.905608501819218 ], [ 6.237011412102153, 7.905853835356292 ], [ 6.236481199676509, 7.906136211436282 ], [ 6.235920386740691, 7.906388737011786 ], [ 6.235662027214157, 7.906672911629434 ], [ 6.234829359313228, 7.906923634828001 ], [ 6.234025159589935, 7.907205250527449 ], [ 6.233747840239881, 7.907187000822996 ], [ 6.233414794679391, 7.907204382156227 ], [ 6.232657174000241, 7.908821491725062 ], [ 6.232264862392935, 7.909166187120837 ], [ 6.230829801916897, 7.909811554021357 ], [ 6.229151741751411, 7.910189004558623 ], [ 6.228290854734842, 7.910132462770536 ], [ 6.22707286882595, 7.910196370742154 ], [ 6.226390032706831, 7.91094836383217 ], [ 6.226101065532042, 7.911202679074958 ], [ 6.225840883998963, 7.911757891869463 ], [ 6.225279265119081, 7.912010392902698 ], [ 6.225301885708788, 7.91243883834654 ], [ 6.224178644279558, 7.912943837075529 ], [ 6.222683342393706, 7.913741236795798 ], [ 6.222290430842469, 7.914173796146593 ], [ 6.222001459198327, 7.914428106860175 ], [ 6.221743086187379, 7.914712267716218 ], [ 6.221090119902946, 7.915005975673783 ], [ 6.219423277897686, 7.914895864592946 ], [ 6.217904636635083, 7.914975734670824 ], [ 6.21795553525616, 7.915936424452501 ], [ 6.215646391143633, 7.916350360682433 ], [ 6.215203990316635, 7.916837108923001 ], [ 6.214839433351725, 7.917157612973798 ], [ 6.213284594050584, 7.91926379514921 ], [ 6.212658297781756, 7.9198144266568 ], [ 6.211914175938825, 7.919764978530385 ], [ 6.210962295179754, 7.91981525543665 ], [ 6.210134047103741, 7.919760476902439 ], [ 6.208903084200617, 7.920605636738236 ], [ 6.207830953046195, 7.920534925877837 ], [ 6.206607109732803, 7.920599251637889 ], [ 6.205837776243179, 7.92054856535724 ], [ 6.204851669356169, 7.920005665108102 ], [ 6.204196360249389, 7.919700567280905 ], [ 6.203142166117551, 7.918507629766423 ], [ 6.201130018064141, 7.91787366366214 ], [ 6.20051847114395, 7.917537092008216 ], [ 6.199344500412376, 7.917256034661109 ], [ 6.198401774873798, 7.916189838122793 ], [ 6.197795442363391, 7.915907298353741 ], [ 6.197269071624176, 7.915617883986703 ], [ 6.196439853620373, 7.915356079039331 ], [ 6.195801337212409, 7.915004498672799 ], [ 6.194921333518123, 7.91400913125963 ], [ 6.193462346370047, 7.913438681032863 ], [ 6.192665970063356, 7.912876393629282 ], [ 6.192066134605716, 7.912616126608377 ], [ 6.191576641940028, 7.913154935224542 ], [ 6.189631570968468, 7.913444120093835 ], [ 6.188841302218437, 7.913391677239484 ], [ 6.188524676622224, 7.914707741702165 ], [ 6.188584000362565, 7.91582517061417 ], [ 6.18769866911107, 7.91694840267917 ], [ 6.187775847974615, 7.918407411753209 ], [ 6.187712596291198, 7.919355664006996 ], [ 6.187782038812355, 7.920663213545597 ], [ 6.187430283627755, 7.920972653859045 ], [ 6.187164525177948, 7.922340937762823 ], [ 6.186323261228749, 7.92271906930424 ], [ 6.18552788186877, 7.923143036091104 ], [ 6.184434689354143, 7.923634338801219 ], [ 6.184161243845479, 7.924218001481273 ], [ 6.183476830342697, 7.924525716697677 ], [ 6.182375527652479, 7.924452623012483 ], [ 6.181178340981741, 7.923098803275068 ], [ 6.180735040054699, 7.922698228733886 ], [ 6.180362684098436, 7.923108105847339 ], [ 6.179258133030504, 7.923356854311019 ], [ 6.178808736144831, 7.923851439873728 ], [ 6.178446792609885, 7.924992476208324 ], [ 6.178115317801073, 7.925246456501549 ], [ 6.177633183754359, 7.924701091650292 ], [ 6.176655041713287, 7.924438236070951 ], [ 6.176264577668969, 7.926061880028763 ], [ 6.175819750245252, 7.926586137415725 ], [ 6.175450970022021, 7.925770491014591 ], [ 6.175165467435247, 7.925512328870688 ], [ 6.174828597749581, 7.924767308379702 ], [ 6.174085459732018, 7.924420809380067 ], [ 6.173703711054061, 7.923988883626599 ], [ 6.172374600126025, 7.923570114610809 ], [ 6.171134842116206, 7.923635282533672 ], [ 6.170038453607153, 7.922107429643652 ], [ 6.16787990072239, 7.922863020861595 ], [ 6.166557087602368, 7.922379694373067 ], [ 6.166025825869037, 7.922964230213673 ], [ 6.165565274512962, 7.923263905846219 ], [ 6.163579079655854, 7.922537832276201 ], [ 6.163160597165115, 7.920687955339564 ], [ 6.162354217813125, 7.920004321661942 ], [ 6.161235352433814, 7.920600729862908 ], [ 6.160264508663431, 7.92024630890876 ], [ 6.159020740939016, 7.919854027361731 ], [ 6.158639015427982, 7.919422094737642 ], [ 6.157495522758699, 7.919158075088718 ], [ 6.156911291923977, 7.919800996493267 ], [ 6.156137407365824, 7.919374856956467 ], [ 6.155364832300222, 7.919415640009836 ], [ 6.154690460534362, 7.919267044374739 ], [ 6.155121171130345, 7.920490211119016 ], [ 6.154264806192339, 7.920747466459659 ], [ 6.154002671087452, 7.921573629054555 ], [ 6.152354444433217, 7.921818587583768 ], [ 6.151506199232955, 7.922400401813851 ], [ 6.149274217111482, 7.922252788939269 ], [ 6.147251124777655, 7.922960483783201 ], [ 6.146109676190278, 7.921669452709954 ], [ 6.14474646115335, 7.92123925661686 ], [ 6.14395391050411, 7.920134837440957 ], [ 6.142852914944443, 7.919871071289651 ], [ 6.142598443833507, 7.919583463257068 ], [ 6.141186877166945, 7.918775482792844 ], [ 6.140697329364889, 7.91931420547867 ], [ 6.139093068746916, 7.920230661386409 ], [ 6.137693983183718, 7.921190867192625 ], [ 6.135169310281703, 7.921643070183005 ], [ 6.13273473557976, 7.922004293837327 ], [ 6.132244047782737, 7.923050661224514 ], [ 6.13113951344247, 7.92329927169652 ], [ 6.130291250088374, 7.923881030916677 ], [ 6.129428299834965, 7.923823735384678 ], [ 6.128382807592065, 7.922640796390094 ], [ 6.128467545302935, 7.921370363027171 ], [ 6.12766656433846, 7.920647015314945 ], [ 6.126722593175034, 7.91914397929748 ], [ 6.12406206523411, 7.919283908866002 ], [ 6.122857200511011, 7.918843628179792 ], [ 6.122212361571207, 7.919186970655162 ], [ 6.121551167516357, 7.919438618399992 ], [ 6.12003966680498, 7.918886104083899 ], [ 6.118478081595601, 7.918512165226621 ], [ 6.118136721824198, 7.918887771878765 ], [ 6.117086160667673, 7.919203419047954 ], [ 6.115952571061616, 7.919128346457009 ], [ 6.115596437180616, 7.919147056786813 ], [ 6.114867164301561, 7.919949288700662 ], [ 6.114257048130552, 7.920223509417818 ], [ 6.113662600824317, 7.920877921461724 ], [ 6.110812973712007, 7.920688775499154 ], [ 6.109722491780814, 7.92143661148821 ], [ 6.110504692873941, 7.921801474492938 ], [ 6.111106275180433, 7.924463046291388 ], [ 6.110634817845872, 7.924876913493955 ], [ 6.111021885957915, 7.925599531772131 ], [ 6.111615670840675, 7.927172152785225 ], [ 6.111218416817452, 7.929315431696161 ], [ 6.111873117072173, 7.931175391634 ], [ 6.111506645848467, 7.931836669044963 ], [ 6.111242526741013, 7.932933791714524 ], [ 6.110953496957654, 7.933187996347512 ], [ 6.110689374345534, 7.934285117765212 ], [ 6.109878117041665, 7.93499782585798 ], [ 6.109590635339866, 7.935903683602338 ], [ 6.10930160221408, 7.936157885942084 ], [ 6.108982690700053, 7.936508752864103 ], [ 6.109036157926583, 7.937518616856288 ], [ 6.109004430545864, 7.937993233444206 ], [ 6.107927213878117, 7.938316592632196 ], [ 6.10766497281397, 7.939142688339755 ], [ 6.106020009114216, 7.939636779940109 ], [ 6.105750667601925, 7.940755558900737 ], [ 6.105210794546594, 7.941229811330379 ], [ 6.10491971584237, 7.941850839505451 ], [ 6.104240386228202, 7.941805346093278 ], [ 6.103351205727133, 7.941852085569974 ], [ 6.103017007794499, 7.942904767251061 ], [ 6.102184272832156, 7.943155170386177 ], [ 6.101911155351201, 7.945528495358411 ], [ 6.103008912836665, 7.945874941994004 ], [ 6.102707047647713, 7.946140162153354 ], [ 6.102209662452458, 7.946687224899221 ], [ 6.100798399620923, 7.946939937545626 ], [ 6.100539941711441, 7.947223986025991 ], [ 6.099831499947622, 7.94754247680909 ], [ 6.098652100844379, 7.948839632080917 ], [ 6.096751808140169, 7.948713596732988 ], [ 6.096446965636473, 7.949363631123429 ], [ 6.095886066101969, 7.949615916448463 ], [ 6.095614248888763, 7.951797075012388 ], [ 6.095204163384921, 7.952536890791485 ], [ 6.095326666258223, 7.954858439789043 ], [ 6.093422109488992, 7.954731820454968 ], [ 6.091777771014923, 7.956106674349929 ], [ 6.09072710875937, 7.956422212979469 ], [ 6.089593450197504, 7.956347033454316 ], [ 6.089283237745248, 7.956363384491853 ], [ 6.088576471968303, 7.957870252981402 ], [ 6.088221003654978, 7.959294360407571 ], [ 6.090572453863196, 7.959676647211642 ], [ 6.091499423687956, 7.961728039950233 ], [ 6.092977080531549, 7.962194177343362 ], [ 6.093341374418168, 7.963506882991145 ], [ 6.092790616701932, 7.964500851488654 ], [ 6.092501920277283, 7.965116581514896 ], [ 6.092526983022846, 7.965590528552858 ], [ 6.092508295302598, 7.965868307763538 ], [ 6.092821974692192, 7.966151595524322 ], [ 6.093311272164615, 7.96777167429322 ], [ 6.093596723119058, 7.968029884509994 ], [ 6.093847037690833, 7.968902427625115 ], [ 6.093299894956337, 7.969382947183135 ], [ 6.093039499746888, 7.969937999344327 ], [ 6.090303674269506, 7.970174994351587 ], [ 6.090045191085964, 7.970459028147443 ], [ 6.089484257320246, 7.970711292808322 ], [ 6.089223856334563, 7.971266340378453 ], [ 6.087575474393203, 7.971510956165401 ], [ 6.086861553446119, 7.972296254968781 ], [ 6.086233658816347, 7.970905996818783 ], [ 6.085650813871929, 7.970428127050384 ], [ 6.085068262866977, 7.971670646151464 ], [ 6.085410224215793, 7.972308802726998 ], [ 6.085660612659397, 7.973168112626413 ], [ 6.084422080864978, 7.973724207660996 ], [ 6.083489798137741, 7.974749341655889 ], [ 6.082928856756207, 7.975001593814062 ], [ 6.082669561829376, 7.975286673152071 ], [ 6.081366018369794, 7.975200197935692 ], [ 6.080218154327433, 7.97581143866659 ], [ 6.079689252720291, 7.975776475696265 ], [ 6.079130380280338, 7.976073729830964 ], [ 6.0782715000984, 7.976331811200414 ], [ 6.077761439208941, 7.977419192540602 ], [ 6.077407435658748, 7.97773006525637 ], [ 6.073677502975197, 7.977374979288373 ], [ 6.073364092737098, 7.977391289885327 ], [ 6.07340643545169, 7.978194075267277 ], [ 6.073360991661754, 7.978871314609865 ], [ 6.073439103342558, 7.980355619672829 ], [ 6.072827535141569, 7.980892811092575 ], [ 6.072552408375061, 7.98175898746624 ], [ 6.07126247254402, 7.982891648662475 ], [ 6.070912735391401, 7.984688408252254 ], [ 6.070479964326233, 7.985469299128747 ], [ 6.06881850439888, 7.984861481469468 ], [ 6.067916408015881, 7.985480236649706 ], [ 6.066180793040177, 7.98625981648264 ], [ 6.065083790174493, 7.985654931959894 ], [ 6.064656063399519, 7.985171254065855 ], [ 6.064085459433486, 7.984655329738038 ], [ 6.063095970999425, 7.981379100164979 ], [ 6.06222284103822, 7.981103465381982 ], [ 6.061696560328732, 7.980813883951142 ], [ 6.060867409310737, 7.980551792543729 ], [ 6.060613298084654, 7.980221267715966 ], [ 6.061239031086863, 7.979672025188112 ], [ 6.060880192623924, 7.978652616137441 ], [ 6.06091555043637, 7.978126176083466 ], [ 6.060616863369982, 7.977568777527524 ], [ 6.060364384280589, 7.97701012002212 ], [ 6.060078958376212, 7.976751892246726 ], [ 6.059826480235158, 7.976193234841883 ], [ 6.059541055185125, 7.97593500701521 ], [ 6.059296328218538, 7.974292320563027 ], [ 6.058990360927961, 7.973119780531105 ], [ 6.059064680896666, 7.972008169222563 ], [ 6.058695233611724, 7.969464723469172 ], [ 6.055741899571068, 7.968532751777212 ], [ 6.055844152823571, 7.967005283586626 ], [ 6.055347671095726, 7.966078592524241 ], [ 6.055010931647504, 7.965275313979629 ], [ 6.055651866497119, 7.964712949207279 ], [ 6.055534525501991, 7.962483608816332 ], [ 6.05566292730645, 7.960565146779511 ], [ 6.054220267464701, 7.959635971961289 ], [ 6.053651742262288, 7.958129678667448 ], [ 6.0526066364089, 7.957185329000125 ], [ 6.052352234701293, 7.956897680477231 ], [ 6.051255172850688, 7.956091646391498 ], [ 6.050985544702737, 7.954592242551628 ], [ 6.051030430731166, 7.953921365098445 ], [ 6.050728932403639, 7.953648732499523 ], [ 6.050088197640559, 7.952923754362364 ], [ 6.049678394984536, 7.9506452346706 ], [ 6.049392990722707, 7.950387008356723 ], [ 6.04863296809118, 7.949526732149131 ], [ 6.047908901664489, 7.949912232444542 ], [ 6.047041546689664, 7.949434428779749 ], [ 6.047822180195091, 7.948749199872119 ], [ 6.047772875714003, 7.94781087113656 ], [ 6.046424109341715, 7.947384695401971 ], [ 6.046082579823181, 7.944693787274286 ], [ 6.045633814199996, 7.943855838554481 ], [ 6.045383301578105, 7.943026181811625 ], [ 6.04509711284008, 7.942767420358774 ], [ 6.045139924667351, 7.942126703933685 ], [ 6.043554920211994, 7.941105466132536 ], [ 6.043229982843046, 7.940029671041002 ], [ 6.042809790139027, 7.938835687297418 ], [ 6.042142679829648, 7.937868617475845 ], [ 6.041739934999902, 7.935164578013278 ], [ 6.041305438816014, 7.933929735878901 ], [ 6.03987011371739, 7.933476475074952 ], [ 6.0370614812925, 7.9336232183207 ], [ 6.036768249280313, 7.931311140741435 ], [ 6.036466775224967, 7.93103850704748 ], [ 6.036520863502171, 7.930232725055946 ], [ 6.036492096045036, 7.929690488008899 ], [ 6.036510495258361, 7.929419602915863 ], [ 6.036495978651306, 7.929148483448962 ], [ 6.036548289514322, 7.928368096398201 ], [ 6.035694583141066, 7.927253075689302 ], [ 6.03544214916984, 7.926694425488427 ], [ 6.034858617355427, 7.925848638798804 ], [ 6.034919571375541, 7.924936512177118 ], [ 6.034896450225214, 7.924495417541969 ], [ 6.036251384149851, 7.923305604643587 ], [ 6.035733395226665, 7.92183303267202 ], [ 6.035494539730675, 7.919377368523273 ], [ 6.035380639097001, 7.919120363249129 ], [ 6.033847765727257, 7.919656780574963 ], [ 6.033595721179004, 7.918821825104945 ], [ 6.033310345711039, 7.918563599183676 ], [ 6.033055975693431, 7.918275952060612 ], [ 6.031955162451268, 7.918011919885446 ], [ 6.031657215608264, 7.916692834626057 ], [ 6.031729432688926, 7.915616169546443 ], [ 6.034436271153244, 7.915319423738983 ], [ 6.037131674899646, 7.913391715659228 ], [ 6.036513292754065, 7.909771477689233 ], [ 6.036716854696536, 7.906729811883931 ], [ 6.036130332059799, 7.905635230537371 ], [ 6.035617962210212, 7.902112088114393 ], [ 6.036808385197657, 7.901754770175676 ], [ 6.037896339570984, 7.901174932112076 ], [ 6.038330830411117, 7.900697382256009 ], [ 6.039435265247351, 7.900449016051896 ], [ 6.040809452835291, 7.899968593653764 ], [ 6.041664521523507, 7.89902767678095 ], [ 6.041556724890771, 7.896981577020668 ], [ 6.04193041822325, 7.896653390318209 ], [ 6.042575973699474, 7.893334815127306 ], [ 6.043566319807677, 7.892889769736915 ], [ 6.043828369984305, 7.892097624341472 ], [ 6.041656046784463, 7.891792186341823 ], [ 6.040586285756219, 7.891498777913392 ], [ 6.039443056831741, 7.89123448919956 ], [ 6.038824242875914, 7.891915590065154 ], [ 6.038390720058469, 7.892296284121561 ], [ 6.038130350304679, 7.892851294452204 ], [ 6.037055931679567, 7.893099877046294 ], [ 6.036781429145684, 7.890610084707098 ], [ 6.033826678222137, 7.889775560966617 ], [ 6.033542774487835, 7.888196680015178 ], [ 6.033076505014043, 7.887326334487145 ], [ 6.031797155264439, 7.887393482880002 ], [ 6.030842010119201, 7.885772259755512 ], [ 6.033234933815669, 7.885470577403031 ], [ 6.034300167534849, 7.883826095030928 ], [ 6.034666701565369, 7.880887214096337 ], [ 6.034991232834106, 7.880602087039967 ], [ 6.035499741075775, 7.878411090314786 ], [ 6.034959614180031, 7.877922931109643 ], [ 6.034561825983641, 7.876605263049486 ], [ 6.033375840627238, 7.876052717740539 ], [ 6.032646226151648, 7.875226034312259 ], [ 6.031991200473276, 7.874920736517997 ], [ 6.031736847156152, 7.874633098330899 ], [ 6.030907925442561, 7.874371031260683 ], [ 6.030381789654094, 7.874081466902105 ], [ 6.029552870768165, 7.87381939786717 ], [ 6.029300452170025, 7.87326075783387 ], [ 6.026133539871491, 7.872867770647629 ], [ 6.022614410007693, 7.873591247582707 ], [ 6.020979463490955, 7.872690367449287 ], [ 6.019563437261672, 7.872243610426126 ], [ 6.019256164880866, 7.871563364633682 ], [ 6.01885175223765, 7.870808323445379 ], [ 6.018161302991045, 7.870486349350171 ], [ 6.017912779724792, 7.869385711911765 ], [ 6.017469738166305, 7.868985040974413 ], [ 6.01709734157888, 7.869394732317952 ], [ 6.016264782182466, 7.869644999664805 ], [ 6.016006353441873, 7.869928993035833 ], [ 6.014086684335929, 7.870171516560015 ], [ 6.0130017528608, 7.870452796260749 ], [ 6.012006426734457, 7.869749120770135 ], [ 6.011645242263865, 7.868149594943803 ], [ 6.011674358774785, 7.867716290890122 ], [ 6.010988214764994, 7.866721577322569 ], [ 6.009309657505476, 7.865396906166602 ], [ 6.008515343943309, 7.864497755894763 ], [ 6.008078881655035, 7.864181288304353 ], [ 6.006880728303498, 7.864819566627046 ], [ 6.006533201353103, 7.864426452047306 ], [ 6.00543256118752, 7.864162408832652 ], [ 6.004531593469516, 7.863665832064899 ], [ 6.00404067914771, 7.864205933163829 ], [ 6.002367904408315, 7.864667720601966 ], [ 6.001645222684267, 7.863849531104961 ], [ 6.000239954941551, 7.863577476797674 ], [ 6.000294960595686, 7.86275637677896 ], [ 5.99975121235388, 7.862264992238332 ], [ 5.999488605256046, 7.861395042958732 ], [ 5.999203285832752, 7.861136815749599 ], [ 5.998936935468489, 7.859347953766338 ], [ 5.99898243894978, 7.858667054847153 ], [ 5.997309070365796, 7.857886529644524 ], [ 5.99680017728344, 7.857310705192449 ], [ 5.995800532315017, 7.85699496610492 ], [ 5.995449156055943, 7.856217012693192 ], [ 5.994892079486707, 7.855956840507919 ], [ 5.994641667110111, 7.855127207807616 ], [ 5.994342067677364, 7.854567700737877 ], [ 5.99341465652929, 7.854616111508777 ], [ 5.991485021477712, 7.854487435922247 ], [ 5.990575826040203, 7.853039087227915 ], [ 5.990324714219846, 7.850760204720743 ], [ 5.990038616085939, 7.850501441017181 ], [ 5.990093617488717, 7.849681936832948 ], [ 5.990043407682691, 7.848730410319268 ], [ 5.989119756268552, 7.847006192272024 ], [ 5.987479437458965, 7.846363509190158 ], [ 5.986135746286292, 7.846433805024863 ], [ 5.985456650014033, 7.846388709900352 ], [ 5.985129557707275, 7.846405419999426 ], [ 5.983027840130768, 7.845636615201788 ], [ 5.982559727293315, 7.844085040565821 ], [ 5.981663846326492, 7.843666813190114 ], [ 5.981394515372502, 7.841858365988272 ], [ 5.978690239578037, 7.841477439902044 ], [ 5.977890332961984, 7.841184813161782 ], [ 5.977567493290709, 7.841201549306921 ], [ 5.976425542771039, 7.840571943950152 ], [ 5.975998040216096, 7.840088266214048 ], [ 5.975663181214553, 7.839785216029861 ], [ 5.973953675902905, 7.839874552596471 ], [ 5.970925955419006, 7.839672808774721 ], [ 5.970299196467223, 7.838963270534973 ], [ 5.969728891830122, 7.838447332439724 ], [ 5.969220063037168, 7.837871497504072 ], [ 5.968123472821937, 7.837065418720294 ], [ 5.967837791631017, 7.83579992696004 ], [ 5.967048276179217, 7.835431671713627 ], [ 5.966797922223222, 7.834602047389846 ], [ 5.966512643501853, 7.834343812289638 ], [ 5.96602330409731, 7.833789818089047 ], [ 5.964616344865475, 7.833517148624462 ], [ 5.964094255823468, 7.832685566489163 ], [ 5.962268875707111, 7.832108706358847 ], [ 5.959923585960775, 7.832230990175311 ], [ 5.959208846512355, 7.831837329464372 ], [ 5.957692962718648, 7.831473875108071 ], [ 5.957042815392345, 7.830737696230848 ], [ 5.955094252537674, 7.830463206079176 ], [ 5.954603093561227, 7.829907075322617 ], [ 5.953634979539652, 7.829031510237646 ], [ 5.952506390591505, 7.827233288132765 ], [ 5.952162860249189, 7.826922756642691 ], [ 5.952181913955003, 7.826638136430581 ], [ 5.951895859287688, 7.826379361793093 ], [ 5.951643566982606, 7.825820724137911 ], [ 5.951254164868758, 7.825468576345931 ], [ 5.95175755878068, 7.824559720117223 ], [ 5.951368157293506, 7.824207572826798 ], [ 5.950672234980586, 7.823419191769823 ], [ 5.950017384855163, 7.823113818797906 ], [ 5.949542295834117, 7.822575799946506 ], [ 5.948936378145963, 7.822293010725612 ], [ 5.948181496781387, 7.821876821197677 ], [ 5.947862880197627, 7.822556238833987 ], [ 5.94747358851092, 7.822809597027081 ], [ 5.945396731203984, 7.822049321904335 ], [ 5.944054725853451, 7.823070650364374 ], [ 5.942726854366392, 7.823317200086493 ], [ 5.94243433978705, 7.821689112605137 ], [ 5.942070621822169, 7.820654897744826 ], [ 5.942183155957546, 7.81897787704238 ], [ 5.941896322110839, 7.818718564845996 ], [ 5.941933522239471, 7.818165731402757 ], [ 5.940544414202056, 7.817896311303815 ], [ 5.939645201306555, 7.816641737695906 ], [ 5.935758930970115, 7.817070838863766 ], [ 5.934906984024503, 7.81701384078113 ], [ 5.932706431790135, 7.817466265641135 ], [ 5.931733534192003, 7.816929912265361 ], [ 5.929358469729163, 7.817332885361932 ], [ 5.927990604390632, 7.816956668366753 ], [ 5.927301322413611, 7.816176257077607 ], [ 5.925887268823753, 7.815621861633539 ], [ 5.925633033692606, 7.81533419996857 ], [ 5.925347799706276, 7.815075951597373 ], [ 5.92463388122924, 7.813494032631268 ], [ 5.922916234686033, 7.813161304994052 ], [ 5.922116454545423, 7.812868607675822 ], [ 5.921839045722506, 7.812882992863983 ], [ 5.920622687247656, 7.812802142356407 ], [ 5.919940803690454, 7.812029189506634 ], [ 5.919675002325379, 7.81259569237126 ], [ 5.918942127658832, 7.813239236805204 ], [ 5.917741389392261, 7.81377827123359 ], [ 5.915332819622031, 7.813617775965406 ], [ 5.914714499772269, 7.813946699085729 ], [ 5.914109549605643, 7.815236349580533 ], [ 5.911762103970664, 7.816289896669993 ], [ 5.907946071940905, 7.816559934900811 ], [ 5.907144211116055, 7.816839864239501 ], [ 5.905636034334213, 7.817109320677015 ], [ 5.904145751388336, 7.817902877094643 ], [ 5.903617145299494, 7.817867771908557 ], [ 5.902722014205378, 7.818344423111465 ], [ 5.899970574906151, 7.818835486553517 ], [ 5.898981397351165, 7.819362245754089 ], [ 5.897558053834426, 7.820001189051516 ], [ 5.894604032045366, 7.820255728223396 ], [ 5.893800157807792, 7.820806593527402 ], [ 5.892959087076775, 7.821184114236374 ], [ 5.892163849661784, 7.821607486357429 ], [ 5.891391120060663, 7.821857954288227 ], [ 5.891085135142076, 7.820500789993719 ], [ 5.890416883267171, 7.820188892635522 ], [ 5.88946690915696, 7.818862971753952 ], [ 5.889181705529023, 7.818604706692571 ], [ 5.88890751091738, 7.816109869668844 ], [ 5.887612804552625, 7.815505964996785 ], [ 5.887319925935865, 7.814207648556004 ], [ 5.885273519581438, 7.814313754878762 ], [ 5.884363627304836, 7.813812183561931 ], [ 5.883687432502725, 7.81156949038813 ], [ 5.882986675105299, 7.811242529873806 ], [ 5.882734492077844, 7.810683889895954 ], [ 5.880977016598407, 7.810262327788622 ], [ 5.880261731507833, 7.808676686220887 ], [ 5.880460999961216, 7.805711146527339 ], [ 5.879274666320301, 7.803990774074281 ], [ 5.880069642018118, 7.803633573150531 ], [ 5.88032807243635, 7.803349682352366 ], [ 5.881707880525648, 7.802561743437775 ], [ 5.881970327697219, 7.801735921242649 ], [ 5.882260115762658, 7.801481368178202 ], [ 5.882245459797811, 7.801203400197243 ], [ 5.882279129661962, 7.800706146809974 ], [ 5.881966419758242, 7.799507190304026 ], [ 5.881446911156362, 7.799037084393979 ], [ 5.881196740188962, 7.798207482232899 ], [ 5.88036816040456, 7.797945211711784 ], [ 5.880115982459853, 7.797386574395277 ], [ 5.878305345271532, 7.796055371144473 ], [ 5.877667287382043, 7.795757455046059 ], [ 5.877421144582694, 7.794385926745351 ], [ 5.876888467886168, 7.79390407845395 ], [ 5.876348622878609, 7.792707683958315 ], [ 5.877395301149033, 7.791788681698933 ], [ 5.877701562677785, 7.791136251664653 ], [ 5.878869678819478, 7.790407082233763 ], [ 5.879660670414364, 7.789186625855531 ], [ 5.880180130033625, 7.788730529054144 ], [ 5.880444155398367, 7.787689309020717 ], [ 5.879016646690376, 7.787367060871911 ], [ 5.878011035513899, 7.787902666089787 ], [ 5.877183332224501, 7.787847343448349 ], [ 5.876650172937659, 7.788433530810931 ], [ 5.876216710458855, 7.788814043630246 ], [ 5.875361719779542, 7.789754571486473 ], [ 5.873966129826337, 7.790172965641758 ], [ 5.873653662979022, 7.789480512730893 ], [ 5.872825108830041, 7.789218235986552 ], [ 5.872570931529923, 7.788930562578627 ], [ 5.872285755871101, 7.788672297907218 ], [ 5.872031579250542, 7.788384624445615 ], [ 5.871474716750076, 7.78812435281131 ], [ 5.87062797472061, 7.787525334998903 ], [ 5.869037587013699, 7.787022436496454 ], [ 5.868237927340682, 7.786729671087651 ], [ 5.866653278210942, 7.786812158818458 ], [ 5.866056370025195, 7.788084292804619 ], [ 5.864788881138831, 7.78836864556315 ], [ 5.864144972302436, 7.788325771826576 ], [ 5.863465458717493, 7.788360962445297 ], [ 5.860664682034254, 7.788173497630909 ], [ 5.860344919640887, 7.78885491386593 ], [ 5.858878294102462, 7.789513534065853 ], [ 5.858430999194479, 7.790466562910745 ], [ 5.857326956651991, 7.790714524366845 ], [ 5.856939308339939, 7.791140864197798 ], [ 5.856288425637317, 7.791712379004779 ], [ 5.855408227688215, 7.791226875786007 ], [ 5.854726591435664, 7.791262034424683 ], [ 5.854337504695113, 7.792874924600482 ], [ 5.854127845910337, 7.793129520528255 ], [ 5.853726006601918, 7.791797073979044 ], [ 5.85243449357564, 7.790963970835258 ], [ 5.852180334552012, 7.790676290308631 ], [ 5.85131210242789, 7.790401508510488 ], [ 5.850827993371823, 7.789853317606198 ], [ 5.850271153584143, 7.789593022495436 ], [ 5.85001699701571, 7.789305341572858 ], [ 5.848366690204184, 7.788909362000408 ], [ 5.847577939654306, 7.788474277287406 ], [ 5.846206061891764, 7.788207910672445 ], [ 5.844631029751948, 7.787540981278718 ], [ 5.843822731720358, 7.78574930657225 ], [ 5.843237082081425, 7.785476090058587 ], [ 5.84325979022394, 7.785136488075502 ], [ 5.842017732495786, 7.78401265716926 ], [ 5.839176934096612, 7.78354903366883 ], [ 5.837683913546818, 7.781857571457589 ], [ 5.835936353920298, 7.781948258496024 ], [ 5.83471436898593, 7.781866100239634 ], [ 5.834216696368439, 7.781892020820576 ], [ 5.833195104831656, 7.782435849512486 ], [ 5.832668440883158, 7.782400689338709 ], [ 5.831305505691676, 7.782680520969174 ], [ 5.830520402426764, 7.779930051765199 ], [ 5.829974164510225, 7.779958250591898 ], [ 5.82758086906425, 7.779797984950497 ], [ 5.827010308416536, 7.78101359132508 ], [ 5.825881325088728, 7.78126710751071 ], [ 5.824994154765099, 7.781576942602487 ], [ 5.824532124790158, 7.782084716217155 ], [ 5.824200687032524, 7.782338379904235 ], [ 5.823302555809454, 7.781320821892813 ], [ 5.822294681898408, 7.780713122510711 ], [ 5.820540087612668, 7.781916130486463 ], [ 5.819289653000643, 7.781457964103766 ], [ 5.818775882017349, 7.78087566364493 ], [ 5.818924387017574, 7.778669374835925 ], [ 5.819407540489177, 7.778245383752466 ], [ 5.819090530879523, 7.777958282213167 ], [ 5.818602494903977, 7.77579326033158 ], [ 5.818234447926613, 7.774745277496887 ], [ 5.816967221874672, 7.774440992431251 ], [ 5.816492393025384, 7.773902911761338 ], [ 5.81588669788604, 7.773619994098444 ], [ 5.815360915141096, 7.773330266670938 ], [ 5.814490023687813, 7.773067584176404 ], [ 5.813684218064346, 7.773953805631072 ], [ 5.811144620101318, 7.77378389634566 ], [ 5.810345982866497, 7.772878214716179 ], [ 5.809660860866884, 7.77225863670326 ], [ 5.809398678011362, 7.771388742069464 ], [ 5.809117661406896, 7.770588562679306 ], [ 5.808869434956254, 7.769486974031785 ], [ 5.808182551546965, 7.769522559660258 ], [ 5.80738252614358, 7.769468913804994 ], [ 5.806224894020926, 7.767622752664949 ], [ 5.805882341393519, 7.76731269863251 ], [ 5.805628233237093, 7.767025008414753 ], [ 5.805343126250897, 7.766766720831115 ], [ 5.805101312681759, 7.764853359811563 ], [ 5.804532417336955, 7.76433838301675 ], [ 5.802332971617866, 7.764034465486048 ], [ 5.801773301832319, 7.764649966657841 ], [ 5.80020589633727, 7.764545019360606 ], [ 5.799767711214205, 7.764567649836742 ], [ 5.799290155387268, 7.765584910499914 ], [ 5.79870250457174, 7.76576094441998 ], [ 5.798576535631542, 7.764808992423694 ], [ 5.796955380367057, 7.764270730326444 ], [ 5.796417140119929, 7.763703585522878 ], [ 5.795866987689198, 7.763168104348594 ], [ 5.795369809477991, 7.762644135485282 ], [ 5.793751805813224, 7.76179735752832 ], [ 5.793158474433839, 7.762058544668657 ], [ 5.793165505149651, 7.762600512751915 ], [ 5.791171645265754, 7.762025022509928 ], [ 5.78988523849329, 7.760100615220675 ], [ 5.78887515025979, 7.757983546062324 ], [ 5.788089814307619, 7.757572766475851 ], [ 5.785046314355847, 7.757125334595193 ], [ 5.783601505511395, 7.756744488598422 ], [ 5.782878198785796, 7.757108933677586 ], [ 5.782332608357155, 7.757093691105624 ], [ 5.781786848230034, 7.757100673872193 ], [ 5.780872165723947, 7.756780987259927 ], [ 5.778803221693983, 7.756807124374542 ], [ 5.778092977485375, 7.756787313587746 ], [ 5.7916155, 7.7820687 ], [ 5.7679539, 7.7876363 ], [ 5.755775, 7.7956395 ], [ 5.7504088, 7.8008139 ], [ 5.7460318, 7.8050346 ], [ 5.7411604, 7.8123422 ], [ 5.7372894, 7.8210793 ], [ 5.7289815, 7.8283486 ], [ 5.7101913, 7.8300881 ], [ 5.6886172, 7.8297405 ], [ 5.6684351, 7.8290443 ], [ 5.6588387, 7.8276782 ], [ 5.6585332, 7.8277699 ], [ 5.6582133, 7.8278659 ], [ 5.6566043, 7.8283486 ], [ 5.6426859, 7.8286963 ], [ 5.630507, 7.83496 ], [ 5.6231995, 7.8429632 ], [ 5.621938, 7.846117 ], [ 5.6141524, 7.865581 ], [ 5.6124125, 7.876368 ], [ 5.6109414, 7.8896079 ], [ 5.6085849, 7.9108167 ], [ 5.6040616, 7.926475 ], [ 5.6019735, 7.9428296 ], [ 5.5988417, 7.9518766 ], [ 5.5988417, 7.958488 ], [ 5.6016254, 7.9637074 ], [ 5.6096287, 7.9661436 ], [ 5.6141524, 7.962316 ], [ 5.627027, 7.9570961 ], [ 5.6343346, 7.958488 ], [ 5.6383045, 7.9601008 ], [ 5.6454697, 7.9630117 ], [ 5.6472092, 7.9661436 ], [ 5.6475573, 7.9741468 ], [ 5.6475573, 7.9861584 ], [ 5.6495733, 7.9878864 ], [ 5.650733, 7.9907408 ], [ 5.6569524, 7.994329 ], [ 5.6632156, 8.0002441 ], [ 5.6680875, 8.0023317 ], [ 5.6674002, 8.0085156 ], [ 5.6673913, 8.0085955 ], [ 5.6625199, 8.0152063 ], [ 5.6563282, 8.019577 ], [ 5.6506891, 8.0235577 ], [ 5.6489491, 8.0326052 ], [ 5.6472092, 8.0409565 ], [ 5.6430335, 8.0482636 ], [ 5.6399021, 8.0538311 ], [ 5.6430335, 8.0590506 ], [ 5.6458173, 8.0607901 ], [ 5.6538205, 8.06427 ], [ 5.6597362, 8.0698376 ], [ 5.6562567, 8.0747089 ], [ 5.6489491, 8.0743608 ], [ 5.6436362, 8.0739679 ], [ 5.639554, 8.0736656 ], [ 5.6245914, 8.0726213 ], [ 5.5991898, 8.0736656 ], [ 5.5765719, 8.0712299 ], [ 5.5727444, 8.0684462 ], [ 5.5591736, 8.0580063 ], [ 5.5550318, 8.0545549 ], [ 5.5535558, 8.0533251 ], [ 5.5508223, 8.0510473 ], [ 5.5452552, 8.0440884 ], [ 5.5375996, 8.0406084 ], [ 5.5316844, 8.0350409 ], [ 5.5257688, 8.0308657 ], [ 5.5160255, 8.0221663 ], [ 5.5087185, 8.017643 ], [ 5.5059347, 8.0186863 ], [ 5.5038471, 8.0235577 ], [ 5.5045428, 8.0294733 ], [ 5.5055809, 8.0323277 ], [ 5.5073266, 8.0371284 ], [ 5.5073266, 8.0454798 ], [ 5.5104585, 8.0667057 ], [ 5.5125461, 8.0767965 ], [ 5.5135899, 8.0837564 ], [ 5.5128942, 8.0896721 ], [ 5.513938, 8.0966311 ], [ 5.5146337, 8.1049824 ], [ 5.5140571, 8.1101734 ], [ 5.513972577927948, 8.110934666386985 ], [ 5.5143137052228, 8.111254866310189 ], [ 5.515329886526552, 8.111743429072384 ], [ 5.515585068547493, 8.112441860249795 ], [ 5.513464972943683, 8.112926309572057 ], [ 5.512862540940578, 8.114170789922888 ], [ 5.512290909035902, 8.114983289784615 ], [ 5.512307288388043, 8.115515136477143 ], [ 5.512294332158491, 8.115785904677695 ], [ 5.512311155226743, 8.116327807507552 ], [ 5.512284976697988, 8.116869341584257 ], [ 5.512293255239799, 8.117140291855483 ], [ 5.512260598161778, 8.117817209953724 ], [ 5.512290102302871, 8.118765540430756 ], [ 5.512257178460974, 8.119442456149741 ], [ 5.512285463068621, 8.120347393045551 ], [ 5.511587095508984, 8.122000535189514 ], [ 5.511135788320721, 8.122833105830981 ], [ 5.511156601663666, 8.123496197430914 ], [ 5.511091008484327, 8.124850028711769 ], [ 5.511133180447668, 8.126204785248175 ], [ 5.51111316813457, 8.126615693737923 ], [ 5.511705377114962, 8.127172059862954 ], [ 5.512201390580717, 8.127156744503568 ], [ 5.512629665756284, 8.127177351566521 ], [ 5.513004400163736, 8.1279868573675 ], [ 5.513556393204884, 8.128251894973284 ], [ 5.515118799867817, 8.129093286462336 ], [ 5.515261367856104, 8.129713504199433 ], [ 5.5179615, 8.1311941 ], [ 5.5262213, 8.13902 ], [ 5.5319812, 8.1459313 ], [ 5.5327425, 8.1468449 ], [ 5.5366549, 8.1564093 ], [ 5.5370898, 8.1633644 ], [ 5.538394, 8.1785803 ], [ 5.5396981, 8.190753 ], [ 5.5396981, 8.1985779 ], [ 5.5386279, 8.2014321 ], [ 5.5370898, 8.205534 ], [ 5.5337181, 8.205689 ], [ 5.5315504, 8.2059898 ], [ 5.5300823, 8.2058414 ], [ 5.5269472, 8.2062786 ], [ 5.5236073, 8.2071581 ], [ 5.521495, 8.2085408 ], [ 5.5186149, 8.2105876 ], [ 5.517147, 8.2111584 ], [ 5.5153203, 8.211912 ], [ 5.5139221, 8.2124421 ], [ 5.5102511, 8.2093819 ], [ 5.510393, 8.2084336 ], [ 5.5094799, 8.2088744 ], [ 5.5066421, 8.2109359 ], [ 5.5059484, 8.2109105 ], [ 5.5040002, 8.2125429 ], [ 5.5013297, 8.2153043 ], [ 5.4949207, 8.2146635 ], [ 5.4775314, 8.2050991 ], [ 5.4718795, 8.2042294 ], [ 5.466228, 8.2024908 ], [ 5.4575334, 8.2064037 ], [ 5.442362489499283, 8.218107278635221 ], [ 5.442636205326875, 8.218407031322133 ], [ 5.442611171505812, 8.218921547124511 ], [ 5.442619374871766, 8.219192478605912 ], [ 5.442606339144175, 8.219463222020629 ], [ 5.442618908999802, 8.219869621586851 ], [ 5.442599089984101, 8.220275734332176 ], [ 5.442607292974192, 8.220546665807539 ], [ 5.442580955015589, 8.221088150199702 ], [ 5.442597625973839, 8.221630015490671 ], [ 5.442540713744457, 8.222800764437741 ], [ 5.441754564079506, 8.22351326760613 ], [ 5.441479459137897, 8.225064033384941 ], [ 5.442725316823499, 8.225469195439349 ], [ 5.442262002233354, 8.227580644191931 ], [ 5.44189522340135, 8.230089711594093 ], [ 5.442333799474964, 8.231372773050344 ], [ 5.441871871631143, 8.2372466229402 ], [ 5.438683088028873, 8.237597615902796 ], [ 5.438361866605426, 8.23925270605238 ], [ 5.438944982821936, 8.240374645983092 ], [ 5.438599345785826, 8.241642277323464 ], [ 5.439153751053747, 8.241908539786291 ], [ 5.439407628549458, 8.242733948852605 ], [ 5.439968727886546, 8.243261077787613 ], [ 5.439934924870403, 8.243952205344026 ], [ 5.439971746890632, 8.245147587370102 ], [ 5.439655335972279, 8.245434148497422 ], [ 5.439114840902815, 8.246252496018165 ], [ 5.438378977658245, 8.246590343886698 ], [ 5.438008675975927, 8.248326990672906 ], [ 5.439093092767028, 8.248679441445457 ], [ 5.439610824115487, 8.249246392677518 ], [ 5.440170876721015, 8.249772457703838 ], [ 5.440424754645283, 8.250597868899799 ], [ 5.441295599778281, 8.251169019068872 ], [ 5.441774422194262, 8.251693302507238 ], [ 5.442334481040012, 8.252219367131469 ], [ 5.443072311772789, 8.253026862955297 ], [ 5.443992527408898, 8.25363071998459 ], [ 5.44472694634337, 8.254434482226319 ], [ 5.446497222708447, 8.253988901001472 ], [ 5.446915837565046, 8.254447578167976 ], [ 5.44719600804835, 8.254710346246558 ], [ 5.447516546649647, 8.255061290046614 ], [ 5.4480935372724, 8.256308031381252 ], [ 5.450388454953814, 8.25696746458503 ], [ 5.450835203517869, 8.258912951536454 ], [ 5.449567195245336, 8.260436924334941 ], [ 5.450230234293369, 8.261059654499574 ], [ 5.449799067876286, 8.261854123119255 ], [ 5.449292570241322, 8.262313050345002 ], [ 5.448632583717472, 8.263010259860998 ], [ 5.447921018425617, 8.263655164475601 ], [ 5.447654806835974, 8.264205097942877 ], [ 5.445826619606697, 8.265862140810722 ], [ 5.445324496328129, 8.266898259980424 ], [ 5.444717002795594, 8.268017553949115 ], [ 5.44516178970242, 8.269318674149376 ], [ 5.445415674541346, 8.270144091234361 ], [ 5.445726920023358, 8.270436236719407 ], [ 5.445649097799429, 8.272036893887538 ], [ 5.445690629178635, 8.27338627009763 ], [ 5.445104995654017, 8.274464491823375 ], [ 5.444829041429182, 8.27609776783363 ], [ 5.444273256066874, 8.276601205593066 ], [ 5.443991199286487, 8.278528560833644 ], [ 5.443714360064255, 8.278514984388652 ], [ 5.44341633994677, 8.278523965642156 ], [ 5.442762939564545, 8.279871903132797 ], [ 5.442328454674422, 8.282034365224424 ], [ 5.442005325710321, 8.283506389907702 ], [ 5.442034684949451, 8.284464177866024 ], [ 5.441988453257499, 8.285411768706101 ], [ 5.442042539577194, 8.287162777730781 ], [ 5.441453510039984, 8.287433138565351 ], [ 5.440811884223808, 8.287764393998668 ], [ 5.440897821262361, 8.290548330796181 ], [ 5.440858110582177, 8.291360549293239 ], [ 5.440898780946292, 8.292682931446103 ], [ 5.441448769294013, 8.29374112266181 ], [ 5.441946982184928, 8.29420899600446 ], [ 5.442947022741037, 8.295304007629548 ], [ 5.445197659234591, 8.295592321596246 ], [ 5.44543447492366, 8.298313605581086 ], [ 5.445939180647633, 8.300303531476191 ], [ 5.445373990151223, 8.301344887268064 ], [ 5.441642133599824, 8.301163934930832 ], [ 5.441158322038913, 8.302161569491423 ], [ 5.439903065549535, 8.303129023600119 ], [ 5.43888032419938, 8.302578155312279 ], [ 5.438298758082602, 8.302312671872251 ], [ 5.437541341800499, 8.303112112577306 ], [ 5.436415184117101, 8.303368650722023 ], [ 5.435574632337875, 8.303934043861513 ], [ 5.434784147549508, 8.303895747893266 ], [ 5.434475749753728, 8.303905150455774 ], [ 5.433794733646612, 8.30462432547632 ], [ 5.433149424537426, 8.306592820530897 ], [ 5.432576629252211, 8.306855363936647 ], [ 5.432066663661175, 8.307394085834032 ], [ 5.431209726672195, 8.307655662855183 ], [ 5.430673980627282, 8.30793228797984 ], [ 5.429054180990696, 8.308301276954294 ], [ 5.429614281829836, 8.309939898059559 ], [ 5.428385471506248, 8.310503894337959 ], [ 5.426456070574665, 8.312039198845772 ], [ 5.424814544364233, 8.313074518480811 ], [ 5.424356194931691, 8.314917694640801 ], [ 5.423744959756577, 8.316605021794166 ], [ 5.423238348478542, 8.317063872282194 ], [ 5.422972041715449, 8.317613758245949 ], [ 5.422115081871891, 8.317875304438006 ], [ 5.42160508696634, 8.318413999644115 ], [ 5.420504439809599, 8.31866435193086 ], [ 5.420240589280115, 8.318943404480979 ], [ 5.419768244747411, 8.319371344461269 ], [ 5.418127018897212, 8.319872322686127 ], [ 5.417439035508801, 8.320913017863367 ], [ 5.416284402834427, 8.321959018663376 ], [ 5.415303555925519, 8.322409337722254 ], [ 5.414302720500438, 8.322925598117687 ], [ 5.413939700570806, 8.324032695914525 ], [ 5.412846044814784, 8.324534357537816 ], [ 5.412570244448271, 8.325103715791682 ], [ 5.412013415889639, 8.325358950804407 ], [ 5.411747086054852, 8.325908820008648 ], [ 5.410915868745508, 8.326432419887553 ], [ 5.410607529571126, 8.331586337221987 ], [ 5.410297504264271, 8.332441570979375 ], [ 5.410344958433864, 8.333992503913978 ], [ 5.409219985192755, 8.335011749270112 ], [ 5.40890366892562, 8.336583717909711 ], [ 5.408961989891693, 8.338484416877749 ], [ 5.409448206973153, 8.33941986534542 ], [ 5.40980613060466, 8.343089086302315 ], [ 5.40909475594334, 8.345429810068273 ], [ 5.408135498861336, 8.346299247518061 ], [ 5.406946969267819, 8.347553825708081 ], [ 5.406092687726083, 8.348327400006276 ], [ 5.405743416102346, 8.350389967110383 ], [ 5.405218803148936, 8.351356441031959 ], [ 5.405305232224578, 8.354184193163119 ], [ 5.404468327435738, 8.355724960820734 ], [ 5.404943613943519, 8.356171525442246 ], [ 5.405202347770657, 8.356455304479725 ], [ 5.406298332544115, 8.35672553692994 ], [ 5.406557067928185, 8.357009315642241 ], [ 5.407285674786147, 8.357693586343622 ], [ 5.408304033677196, 8.359103104013398 ], [ 5.409311724613207, 8.359764518198098 ], [ 5.409852356469495, 8.360356092144295 ], [ 5.410324517207868, 8.361377120649943 ], [ 5.410604697987646, 8.361639935287588 ], [ 5.410862370244008, 8.363055238300024 ], [ 5.41167262350913, 8.363816426598863 ], [ 5.412148180066337, 8.364844365099326 ], [ 5.412743037536375, 8.365722093241784 ], [ 5.412999302140715, 8.366276698772637 ], [ 5.413419314490319, 8.366670917819485 ], [ 5.41380769975605, 8.367096589451542 ], [ 5.414106843197827, 8.367377562645071 ], [ 5.414614953503256, 8.369027905470258 ], [ 5.415436808737483, 8.369800308715131 ], [ 5.41530709975216, 8.372449967728619 ], [ 5.416175831647562, 8.373266705348284 ], [ 5.416465186566803, 8.373891970942331 ], [ 5.418105141652738, 8.374167134262921 ], [ 5.418921554512417, 8.37460727227411 ], [ 5.41890258272973, 8.374996977162976 ], [ 5.419474292897268, 8.37527248857258 ], [ 5.419978266205884, 8.376361524334508 ], [ 5.420341148431045, 8.376702324683251 ], [ 5.420208841674977, 8.37940487385341 ], [ 5.419124407927811, 8.38038744118635 ], [ 5.419157510018858, 8.381471145185538 ], [ 5.418840939004894, 8.381757635408702 ], [ 5.41827963859967, 8.382606349510528 ], [ 5.418295411377059, 8.383116982974203 ], [ 5.417844114639911, 8.383526033898162 ], [ 5.418557205405103, 8.385300979062933 ], [ 5.41852518502537, 8.38595453854604 ], [ 5.417154561959643, 8.387701015901275 ], [ 5.416885222450187, 8.388570893881846 ], [ 5.417834040148984, 8.389462432583478 ], [ 5.418222444236962, 8.389888111020655 ], [ 5.418768354588099, 8.390400920811157 ], [ 5.4190427631873, 8.392222137323106 ], [ 5.418949001837594, 8.394133109241741 ], [ 5.419276309677116, 8.394762429289734 ], [ 5.419532586971189, 8.395317041826253 ], [ 5.419860451150066, 8.395625260824565 ], [ 5.420335802567263, 8.39670769932834 ], [ 5.41978698802141, 8.397205262022196 ], [ 5.4197996834891, 8.397616414512925 ], [ 5.419771948307456, 8.398178495487135 ], [ 5.418958921727647, 8.398551450699834 ], [ 5.418694992433222, 8.398830478166081 ], [ 5.418410008876488, 8.399088154769913 ], [ 5.417922926789544, 8.399602143616775 ], [ 5.418677683308924, 8.40071569495025 ], [ 5.418933959923011, 8.401270309027783 ], [ 5.419234968426097, 8.401552893560064 ], [ 5.419176100900794, 8.402756902690074 ], [ 5.419205110813214, 8.403705144180014 ], [ 5.419152176905776, 8.404783303991229 ], [ 5.419725780714102, 8.40505885002651 ], [ 5.420324317291302, 8.405714448632683 ], [ 5.420225545430293, 8.407734350731188 ], [ 5.418318384494785, 8.408078812811732 ], [ 5.418333729669185, 8.408576746760614 ], [ 5.418035156969298, 8.409126834292252 ], [ 5.418735409272471, 8.409784422068867 ], [ 5.419268468665928, 8.410368012438573 ], [ 5.41882940546316, 8.411579663335841 ], [ 5.418854921465325, 8.412415724309881 ], [ 5.419584669907055, 8.413101619091879 ], [ 5.420526003159869, 8.412616108547475 ], [ 5.422108801377135, 8.412133262965344 ], [ 5.422372742246957, 8.411854236103652 ], [ 5.4234736782724, 8.411603989337513 ], [ 5.424284065000163, 8.411059083294061 ], [ 5.426110087734557, 8.410643499339239 ], [ 5.42675704142094, 8.409961142781496 ], [ 5.428391687361062, 8.409211056786923 ], [ 5.428936140969976, 8.408930339860881 ], [ 5.429194521806802, 8.409489206919455 ], [ 5.430301120010067, 8.41021501476817 ], [ 5.430256698580997, 8.411120278368099 ], [ 5.43130864417754, 8.411462584597206 ], [ 5.431759797453035, 8.410986339264635 ], [ 5.432231481568276, 8.410559478277989 ], [ 5.433588248745405, 8.410625227726246 ], [ 5.435128087751456, 8.412310886699039 ], [ 5.437606961191711, 8.412805258751193 ], [ 5.438277849462594, 8.413222916898293 ], [ 5.438143404199733, 8.413633271396723 ], [ 5.437858412606878, 8.413890962833245 ], [ 5.437552905117321, 8.414213535482761 ], [ 5.437597098045575, 8.415654444990018 ], [ 5.437551015414007, 8.416597261334516 ], [ 5.437952127868954, 8.41697438581004 ], [ 5.43836363110423, 8.418131901731872 ], [ 5.43753685545053, 8.419305161275034 ], [ 5.436995963972951, 8.420123397651327 ], [ 5.436710965399313, 8.420381085888275 ], [ 5.436399820567619, 8.421927214851181 ], [ 5.43642848829544, 8.422857482516195 ], [ 5.436997371163539, 8.423392192894143 ], [ 5.436933600887471, 8.424698809417061 ], [ 5.437218694743803, 8.425533010688534 ], [ 5.437193187428699, 8.426055445387499 ], [ 5.437478281698074, 8.426889647069226 ], [ 5.437425019224996, 8.427976817399021 ], [ 5.437470219477975, 8.429450534714485 ], [ 5.438069638359944, 8.431204905592429 ], [ 5.439611815882997, 8.431512522387337 ], [ 5.4398656484024, 8.432337976736143 ], [ 5.440145888912151, 8.432600799220113 ], [ 5.440391642294177, 8.434308051149291 ], [ 5.439753621170825, 8.436068639336074 ], [ 5.439821706175137, 8.438291125245623 ], [ 5.439783748394582, 8.439070020855588 ], [ 5.44008134134001, 8.439642477128228 ], [ 5.440327721477913, 8.44128043481312 ], [ 5.440605482460444, 8.441814093514344 ], [ 5.440849378185952, 8.443722886094005 ], [ 5.441401633041024, 8.443988184856485 ], [ 5.44166043500439, 8.444271974372272 ], [ 5.441940682523574, 8.444534799520056 ], [ 5.44219451758257, 8.445360257504479 ], [ 5.442746776022175, 8.445625555693937 ], [ 5.443003096392641, 8.446180179644099 ], [ 5.443280862556257, 8.446713839315107 ], [ 5.443532216666037, 8.447810132745746 ], [ 5.443964784921634, 8.448641979347286 ], [ 5.445052435970403, 8.448608486147764 ], [ 5.445538201731951, 8.4476077646307 ], [ 5.449170270551658, 8.447146642756937 ], [ 5.449769810066447, 8.446514083674 ], [ 5.451353025769243, 8.445916897496787 ], [ 5.451717478432956, 8.445165287369612 ], [ 5.452244393920028, 8.444688125154785 ], [ 5.453139818174178, 8.44333453591449 ], [ 5.454497419619312, 8.443034182161421 ], [ 5.454996383447796, 8.443580422546068 ], [ 5.455657890710111, 8.44389853901237 ], [ 5.457719813442739, 8.444407084612662 ], [ 5.457974671735418, 8.445124634040187 ], [ 5.456999275778398, 8.446508728431377 ], [ 5.457697554937619, 8.44684463408149 ], [ 5.457982822171624, 8.447461415526567 ], [ 5.457922386707475, 8.448697201914626 ], [ 5.458267302032961, 8.449706003491377 ], [ 5.459564571208826, 8.450924459398435 ], [ 5.459949622492918, 8.451756930457522 ], [ 5.460372411519804, 8.451744358114674 ], [ 5.460904052260312, 8.452030612256555 ], [ 5.462000382681685, 8.452300816338967 ], [ 5.462874986817147, 8.453258335785284 ], [ 5.465398308040749, 8.453956728287425 ], [ 5.46579280449208, 8.453143472031678 ], [ 5.466597811531211, 8.453577147323198 ], [ 5.467496618607951, 8.4540090238514 ], [ 5.468223936041555, 8.454805438822028 ], [ 5.468535295297117, 8.455097632394009 ], [ 5.468483665382699, 8.456156816335163 ], [ 5.46849939524261, 8.456675409634864 ], [ 5.468199342859512, 8.457503277478432 ], [ 5.467913147204976, 8.460219910409942 ], [ 5.467623177731353, 8.461019300174152 ], [ 5.467350076443708, 8.462299200669516 ], [ 5.468435065868043, 8.462651826088782 ], [ 5.468708109814504, 8.463242048681808 ], [ 5.469575286434739, 8.46405666359893 ], [ 5.470842389033463, 8.464017859944134 ], [ 5.471674953366936, 8.464316880683942 ], [ 5.472467158480346, 8.464292825809908 ], [ 5.473885543864472, 8.465175369621317 ], [ 5.474410037005422, 8.466308008362866 ], [ 5.475229024595845, 8.467077743703538 ], [ 5.476011669550486, 8.467054126533942 ], [ 5.476595170748372, 8.467367821344112 ], [ 5.477666460256671, 8.469053477555629 ], [ 5.477597597166093, 8.470459563779796 ], [ 5.477618528044116, 8.471136919230521 ], [ 5.47759077140141, 8.471704853739318 ], [ 5.476776278551738, 8.471665227991721 ], [ 5.47648955334039, 8.474411507639982 ], [ 5.477103078819283, 8.474988409310541 ], [ 5.476736241179517, 8.476000314911316 ], [ 5.476760008865785, 8.476773979383148 ], [ 5.476172677397005, 8.478161093404463 ], [ 5.475888931019957, 8.480606902882347 ], [ 5.474877467080484, 8.481070713315452 ], [ 5.475335190740378, 8.481950934702002 ], [ 5.474969029037132, 8.482624786925269 ], [ 5.475320222939995, 8.483299838573059 ], [ 5.475574129536939, 8.484125313255428 ], [ 5.475854427945513, 8.484388134927466 ], [ 5.476123504536057, 8.485560266153659 ], [ 5.476093804647515, 8.486165213323492 ], [ 5.47720564150268, 8.487805759271238 ], [ 5.476884736419477, 8.489546028423726 ], [ 5.476898078718188, 8.489976255846701 ], [ 5.477921832978829, 8.490468529005067 ], [ 5.478264781232066, 8.491582078168015 ], [ 5.478205291010737, 8.492801497714288 ], [ 5.478793334008222, 8.493669148015297 ], [ 5.478728978585476, 8.494984809057742 ], [ 5.480219919810741, 8.495469671097915 ], [ 5.480637084615455, 8.496370692485904 ], [ 5.481871348837113, 8.496333184936718 ], [ 5.483640340186589, 8.496718447311864 ], [ 5.483616830064737, 8.4971986030423 ], [ 5.484139076366167, 8.498203207348309 ], [ 5.484461907487979, 8.499252037177708 ], [ 5.485228311234199, 8.500725992563098 ], [ 5.48520575713385, 8.501188698382556 ], [ 5.486317104080134, 8.501550025453595 ], [ 5.486002565108974, 8.501834980764398 ], [ 5.48602877660433, 8.502690146946543 ], [ 5.486835729097409, 8.503448149750161 ], [ 5.487900913295924, 8.504822701269118 ], [ 5.488945623508033, 8.505325207632845 ], [ 5.489239018090564, 8.507272616574509 ], [ 5.489516871011639, 8.507806286070876 ], [ 5.489789956940363, 8.508396518938859 ], [ 5.491135176220959, 8.50965985767357 ], [ 5.491118853338571, 8.509993007682725 ], [ 5.491137466601095, 8.510603691610694 ], [ 5.494248525495345, 8.510509574860343 ], [ 5.497618184298189, 8.510672765808881 ], [ 5.497920664121236, 8.510049101931154 ], [ 5.499457686019124, 8.509802664534153 ], [ 5.500746204593486, 8.510702547091796 ], [ 5.501419746497417, 8.511439230207412 ], [ 5.502541753478731, 8.51171597728837 ], [ 5.503452173149179, 8.512352157408264 ], [ 5.504123090518713, 8.513086170692066 ], [ 5.505327237691002, 8.513477397249195 ], [ 5.506197824669848, 8.513029188959251 ], [ 5.506869473443246, 8.513390754281696 ], [ 5.507723461559624, 8.513658730331441 ], [ 5.508232410669169, 8.513121558128754 ], [ 5.509241405468004, 8.512207962037433 ], [ 5.508778216846513, 8.51177262036429 ], [ 5.508818364914812, 8.51094977515177 ], [ 5.509713713249221, 8.510993268917098 ], [ 5.510688375940517, 8.512341589645052 ], [ 5.511730985982877, 8.513024972073843 ], [ 5.51379449530185, 8.513533938054966 ], [ 5.514191028287483, 8.516165316250857 ], [ 5.515287621834626, 8.516435458615481 ], [ 5.515818606577985, 8.516721682552658 ], [ 5.517187286573337, 8.516994262977237 ], [ 5.517738111612859, 8.517290715424917 ], [ 5.518523548781576, 8.517267076726416 ], [ 5.519332897041938, 8.519269943215225 ], [ 5.518498411578099, 8.520806776799585 ], [ 5.519055085673713, 8.521074184680927 ], [ 5.519281661928705, 8.524928289716049 ], [ 5.518677945661575, 8.526039711094912 ], [ 5.518998658658998, 8.527303864558974 ], [ 5.519250206924223, 8.528400214449114 ], [ 5.520268350762476, 8.530089116918157 ], [ 5.520586122770782, 8.531120988715324 ], [ 5.520864032245374, 8.531654659685412 ], [ 5.521113436973491, 8.533603835816557 ], [ 5.521653317886005, 8.5346414071971 ], [ 5.521856745236462, 8.537259221571068 ], [ 5.5241098, 8.5369301 ], [ 5.5338693, 8.5304232 ], [ 5.5444422, 8.5231037 ], [ 5.5542021, 8.5125303 ], [ 5.5745344, 8.5060244 ], [ 5.5883603, 8.4970779 ], [ 5.5997467, 8.488945 ], [ 5.6428518, 8.4629192 ], [ 5.6433915, 8.4628056 ], [ 5.6583042, 8.4596663 ], [ 5.6881766, 8.4528513 ], [ 5.7046623, 8.4458399 ], [ 5.7120571, 8.4446077 ], [ 5.7193022, 8.4434004 ], [ 5.7485809, 8.4377069 ], [ 5.7664733, 8.432827 ], [ 5.7827396, 8.427947 ], [ 5.7908726, 8.4271345 ], [ 5.805512, 8.4255075 ], [ 5.8185248, 8.4271345 ], [ 5.8290977, 8.426321 ], [ 5.8494301, 8.4222546 ], [ 5.865696, 8.423068 ], [ 5.8835888, 8.423068 ], [ 5.8974147, 8.423068 ], [ 5.9120541, 8.4238806 ], [ 5.9250669, 8.4181881 ], [ 5.9429598, 8.4124947 ], [ 5.9449661, 8.4119046 ], [ 5.9567857, 8.4084282 ], [ 5.978745, 8.4051752 ], [ 5.9909444, 8.4019222 ], [ 6.0137167, 8.4002953 ], [ 6.0202231, 8.3978558 ], [ 6.040556, 8.3929758 ], [ 6.0600748, 8.3937883 ], [ 6.0779676, 8.3978558 ], [ 6.0816155, 8.4008954 ], [ 6.0826578, 8.4017639 ], [ 6.097487, 8.4141216 ], [ 6.1113129, 8.431201 ], [ 6.1131248, 8.4414682 ], [ 6.1137528, 8.4450264 ], [ 6.1137528, 8.4612932 ], [ 6.1170058, 8.4832516 ], [ 6.1194458, 8.5109043 ], [ 6.1235123, 8.5385561 ], [ 6.1251392, 8.5556355 ], [ 6.1332722, 8.5678349 ], [ 6.1397786, 8.5808477 ], [ 6.1479115, 8.5963011 ], [ 6.154418, 8.6174469 ], [ 6.1625509, 8.6377792 ], [ 6.1698704, 8.6629915 ], [ 6.1836967, 8.6865768 ], [ 6.2085361, 8.7323751 ], [ 6.2245126, 8.7351141 ], [ 6.2465749, 8.7387915 ], [ 6.2677174, 8.7387915 ], [ 6.302649, 8.7277603 ], [ 6.3153198, 8.7189455 ], [ 6.3237915, 8.7130518 ], [ 6.3430958, 8.6974249 ], [ 6.3587227, 8.6845551 ], [ 6.3665402, 8.6736977 ], [ 6.3752694, 8.6615744 ], [ 6.3798656, 8.6487045 ], [ 6.3840966, 8.6442623 ], [ 6.3982506, 8.6294003 ], [ 6.4056044, 8.6119347 ], [ 6.4080372, 8.6030149 ], [ 6.4081398, 8.6026388 ], [ 6.4137353, 8.5821215 ], [ 6.4138775, 8.5816002 ], [ 6.4140049, 8.5812286 ], [ 6.4235982, 8.5532483 ], [ 6.4247547, 8.549875 ], [ 6.4249086, 8.5494261 ], [ 6.4249899, 8.5490428 ], [ 6.4291101, 8.5296194 ], [ 6.4291179, 8.529583 ], [ 6.4307228, 8.5220169 ], [ 6.4311976, 8.5197731 ], [ 6.4312607, 8.5194808 ], [ 6.4313436, 8.5190907 ], [ 6.4314575, 8.5187154 ], [ 6.4323021, 8.5159331 ], [ 6.4323073, 8.515916 ], [ 6.4391565, 8.4933518 ], [ 6.4490405, 8.4601064 ], [ 6.4490961, 8.4599209 ], [ 6.4492688, 8.4593401 ], [ 6.4494303, 8.4588556 ], [ 6.4528225, 8.4486784 ], [ 6.4529457, 8.4483089 ], [ 6.4532588, 8.4480766 ], [ 6.4811261, 8.4274007 ], [ 6.4814425, 8.427166 ], [ 6.4819435, 8.426832 ], [ 6.4830904, 8.4260674 ], [ 6.4988978, 8.4155294 ], [ 6.5031611, 8.4126872 ], [ 6.5035043, 8.4124584 ], [ 6.5037205, 8.4121341 ], [ 6.5124776, 8.3989979 ], [ 6.5126967, 8.3986692 ], [ 6.5150949, 8.3949222 ], [ 6.5155145, 8.3942665 ], [ 6.5271947, 8.3760168 ], [ 6.5274048, 8.3756886 ], [ 6.5277812, 8.3755872 ], [ 6.5416275, 8.3718595 ], [ 6.5509289, 8.3693554 ], [ 6.5513053, 8.3692541 ], [ 6.55153, 8.3689358 ], [ 6.5544869, 8.3647465 ], [ 6.5620384, 8.3540478 ], [ 6.562336, 8.3536263 ], [ 6.5626398, 8.3532617 ], [ 6.5670127, 8.348014 ], [ 6.5700123, 8.3444145 ], [ 6.5712196, 8.3429657 ], [ 6.5715284, 8.3425951 ], [ 6.5717521, 8.342272 ], [ 6.5726048, 8.3410406 ], [ 6.5772197, 8.3343753 ], [ 6.5795803, 8.3309659 ], [ 6.579802, 8.3306456 ], [ 6.5801427, 8.3304563 ], [ 6.5877147, 8.3262491 ], [ 6.5880752, 8.3260489 ], [ 6.588482, 8.325981 ], [ 6.5926541, 8.3252856 ], [ 6.5987213, 8.3242743 ], [ 6.5991058, 8.3242102 ], [ 6.599368, 8.3239218 ], [ 6.6080361, 8.3143868 ], [ 6.6082983, 8.3140984 ], [ 6.6084351, 8.3137336 ], [ 6.6105113, 8.3081973 ], [ 6.6136771, 8.2997555 ], [ 6.6138139, 8.2993908 ], [ 6.6140995, 8.2991256 ], [ 6.6217976, 8.2919771 ], [ 6.6263976, 8.2877055 ], [ 6.6266832, 8.2874403 ], [ 6.6268331, 8.2870807 ], [ 6.6285467, 8.2829683 ], [ 6.6310721, 8.2769077 ], [ 6.6312795, 8.2764101 ], [ 6.6314843, 8.2759819 ], [ 6.6412226, 8.2556198 ], [ 6.6413913, 8.2552671 ], [ 6.6416464, 8.2549696 ], [ 6.6446571, 8.2514571 ], [ 6.657545, 8.2364213 ], [ 6.657938, 8.2359629 ], [ 6.6582579, 8.2355629 ], [ 6.6603832, 8.2329063 ], [ 6.665021, 8.2271089 ], [ 6.6652918, 8.2267704 ], [ 6.6656272, 8.226435 ], [ 6.6714505, 8.2206121 ], [ 6.6717267, 8.220336 ], [ 6.6720601, 8.2201308 ], [ 6.6760674, 8.2176644 ], [ 6.6814735, 8.2143377 ], [ 6.6822379, 8.2138696 ], [ 6.6830053, 8.2134042 ], [ 6.6831739, 8.213299 ], [ 6.6833449, 8.2131854 ], [ 6.6836767, 8.2129812 ], [ 6.6838304, 8.212614 ], [ 6.6838721, 8.2125249 ], [ 6.6839513, 8.2123433 ], [ 6.6844058, 8.2112359 ], [ 6.6847876, 8.2103157 ], [ 6.6873156, 8.204249 ], [ 6.6880086, 8.2025954 ], [ 6.6880837, 8.2024112 ], [ 6.6881143, 8.2023317 ], [ 6.688273, 8.201951 ], [ 6.6883185, 8.2015414 ], [ 6.6890144, 8.1952788 ], [ 6.6900665, 8.18581 ], [ 6.6901116, 8.1854038 ], [ 6.6902739, 8.1850647 ], [ 6.6903209, 8.1849568 ], [ 6.6904036, 8.1847774 ], [ 6.6908698, 8.1837849 ], [ 6.6909551, 8.1836072 ], [ 6.6909984, 8.1835211 ], [ 6.6910425, 8.1834384 ], [ 6.6910919, 8.1833544 ], [ 6.6912584, 8.1830063 ], [ 6.6915755, 8.1832328 ], [ 6.6994452, 8.1888536 ], [ 6.6997638, 8.1890812 ], [ 6.7000553, 8.1893727 ], [ 6.7123577, 8.2016756 ], [ 6.7126331, 8.201951 ], [ 6.7126591, 8.2023401 ], [ 6.7139709, 8.2220214 ], [ 6.714444, 8.2291185 ], [ 6.7144713, 8.2295284 ], [ 6.7145723, 8.2299071 ], [ 6.7180483, 8.24294 ], [ 6.7181487, 8.2433167 ], [ 6.7245831, 8.2497511 ], [ 6.7273925, 8.2524488 ], [ 6.7199869, 8.2745714 ], [ 6.7202753, 8.2748336 ], [ 6.7298103, 8.2835017 ], [ 6.7300987, 8.2837639 ], [ 6.7303327, 8.283452 ], [ 6.7394067, 8.2713533 ], [ 6.7421487, 8.2676969 ], [ 6.7427474, 8.2668964 ], [ 6.7434629, 8.2659318 ], [ 6.7435848, 8.2657746 ], [ 6.7436472, 8.2656981 ], [ 6.7438874, 8.265379 ], [ 6.7442563, 8.265256 ], [ 6.7490341, 8.2636632 ], [ 6.749403, 8.2635403 ], [ 6.7497249, 8.2637694 ], [ 6.7498063, 8.2638203 ], [ 6.7499679, 8.26393 ], [ 6.7501288, 8.2640451 ], [ 6.750771, 8.264513 ], [ 6.7513336, 8.2649181 ], [ 6.7552755, 8.2677331 ], [ 6.7554012, 8.2678241 ], [ 6.7558379, 8.268136 ], [ 6.7561547, 8.2684001 ], [ 6.7610536, 8.2724832 ], [ 6.761353, 8.2727327 ], [ 6.7614319, 8.2731235 ], [ 6.7614556, 8.2732189 ], [ 6.7614774, 8.2733153 ], [ 6.7615176, 8.2735103 ], [ 6.7617455, 8.2746878 ], [ 6.7621354, 8.2766444 ], [ 6.7631108, 8.2815208 ], [ 6.7631917, 8.2819252 ], [ 6.7631239, 8.2823321 ], [ 6.7614171, 8.2925718 ], [ 6.761353, 8.2929564 ], [ 6.7610098, 8.2931411 ], [ 6.7565226, 8.2955573 ], [ 6.7497462, 8.299206 ], [ 6.749403, 8.2993908 ], [ 6.7495259, 8.2997597 ], [ 6.7511183, 8.304537 ], [ 6.7512412, 8.3049059 ], [ 6.751636, 8.3049462 ], [ 6.7517299, 8.3049623 ], [ 6.7518261, 8.3049755 ], [ 6.7519237, 8.3049869 ], [ 6.7521216, 8.3050064 ], [ 6.7529188, 8.3050775 ], [ 6.7536129, 8.305144 ], [ 6.7568358, 8.3054654 ], [ 6.7600466, 8.3057865 ], [ 6.7604342, 8.3058252 ], [ 6.7608128, 8.3059875 ], [ 6.7608911, 8.3060184 ], [ 6.7611654, 8.306134 ], [ 6.7620779, 8.3065284 ], [ 6.7627194, 8.3068032 ], [ 6.7640195, 8.3073524 ], [ 6.7641914, 8.30743 ], [ 6.7642745, 8.3074713 ], [ 6.7643378, 8.3075062 ], [ 6.7649732, 8.3077708 ], [ 6.7665233, 8.3084353 ], [ 6.7668686, 8.3085833 ], [ 6.7669803, 8.3089557 ], [ 6.7695081, 8.3173806 ], [ 6.7696266, 8.3177757 ], [ 6.769656, 8.3181869 ], [ 6.7697389, 8.3193482 ], [ 6.7700132, 8.3231906 ], [ 6.7705178, 8.3302572 ], [ 6.7705455, 8.3306456 ], [ 6.77069, 8.3310068 ], [ 6.7722396, 8.33488 ], [ 6.7723842, 8.3352413 ], [ 6.7727323, 8.3350673 ], [ 6.7767231, 8.3330721 ], [ 6.7793898, 8.331739 ], [ 6.7797379, 8.3315649 ], [ 6.7801487, 8.3315307 ], [ 6.7903818, 8.3306778 ], [ 6.7907691, 8.3306456 ], [ 6.791081, 8.3308795 ], [ 6.7947261, 8.3336132 ], [ 6.8014205, 8.3386339 ], [ 6.8018003, 8.3389187 ], [ 6.8023008, 8.3392524 ], [ 6.8024583, 8.3393583 ], [ 6.8040315, 8.3404061 ], [ 6.8069916, 8.3423793 ], [ 6.8073154, 8.3425951 ], [ 6.8074628, 8.3429625 ], [ 6.8075416, 8.3431421 ], [ 6.8076526, 8.3434173 ], [ 6.8079425, 8.3441562 ], [ 6.8081984, 8.3448009 ], [ 6.8094633, 8.3479645 ], [ 6.8101099, 8.3495815 ], [ 6.8107318, 8.3511461 ], [ 6.8108476, 8.3514248 ], [ 6.8109927, 8.3517876 ], [ 6.8112504, 8.3521097 ], [ 6.8113022, 8.3521783 ], [ 6.8114254, 8.352335 ], [ 6.8123634, 8.3535018 ], [ 6.8133823, 8.354775 ], [ 6.814296, 8.3559166 ], [ 6.8143496, 8.3559842 ], [ 6.8146696, 8.3563843 ], [ 6.8149937, 8.3568164 ], [ 6.8178312, 8.3605998 ], [ 6.8227075, 8.3671018 ], [ 6.8229427, 8.3674154 ], [ 6.8231201, 8.3677697 ], [ 6.8232549, 8.3680343 ], [ 6.8239618, 8.3694531 ], [ 6.8252907, 8.3721112 ], [ 6.8257786, 8.3730856 ], [ 6.826313, 8.3741478 ], [ 6.8264449, 8.3744197 ], [ 6.8266196, 8.3747692 ], [ 6.8266965, 8.3751534 ], [ 6.8270699, 8.3770203 ], [ 6.8271858, 8.3776053 ], [ 6.8273778, 8.3785846 ], [ 6.8274175, 8.3787799 ], [ 6.8274604, 8.378974 ], [ 6.827539, 8.379365 ], [ 6.8277575, 8.3797147 ], [ 6.8302333, 8.3836764 ], [ 6.8319166, 8.38637 ], [ 6.8321352, 8.3867197 ], [ 6.8324269, 8.3870114 ], [ 6.8341548, 8.3887391 ], [ 6.8364557, 8.3910397 ], [ 6.8367314, 8.3913155 ], [ 6.8367955, 8.3917 ], [ 6.8375867, 8.396447 ], [ 6.8376508, 8.3968315 ], [ 6.837375, 8.3971072 ], [ 6.8333303, 8.4011516 ], [ 6.8330545, 8.4014273 ], [ 6.8326787, 8.401553 ], [ 6.8325864, 8.4015872 ], [ 6.8323998, 8.4016521 ], [ 6.8308925, 8.4021486 ], [ 6.8296562, 8.4025602 ], [ 6.8251507, 8.4040622 ], [ 6.8247814, 8.4041853 ], [ 6.8249747, 8.4045235 ], [ 6.8294465, 8.412349 ], [ 6.8319419, 8.416716 ], [ 6.8321352, 8.4170542 ], [ 6.8321352, 8.4174441 ], [ 6.8321352, 8.4249396 ], [ 6.8321352, 8.4253273 ], [ 6.8318596, 8.425603 ], [ 6.8280913, 8.4293717 ], [ 6.825056, 8.4324074 ], [ 6.8247814, 8.432682 ], [ 6.8248298, 8.4330689 ], [ 6.825925, 8.441831 ], [ 6.827261, 8.4525185 ], [ 6.8278416, 8.4571635 ], [ 6.8278899, 8.45755 ], [ 6.8335376, 8.4576161 ], [ 6.8343902, 8.457626 ], [ 6.8872841, 8.4582445 ], [ 6.9211164, 8.45864 ], [ 6.940822, 8.4588704 ], [ 6.9475626, 8.4561211 ], [ 6.9774162, 8.4439446 ], [ 6.9808149, 8.4437277 ], [ 6.9695625, 8.3913155 ], [ 6.9576125, 8.3747692 ], [ 6.9560239, 8.3612674 ], [ 6.9557738, 8.3591423 ], [ 6.9511776, 8.3462725 ], [ 6.9419851, 8.3223724 ], [ 6.9346313, 8.3104219 ], [ 6.9346313, 8.3012295 ], [ 6.9402273, 8.2940345 ], [ 6.9410658, 8.2929564 ], [ 6.9530163, 8.2837639 ], [ 6.9594507, 8.2754908 ], [ 6.9649663, 8.265379 ], [ 6.9704819, 8.2451553 ], [ 6.970841180177008, 8.241203628390853 ], [ 6.969692842740128, 8.241221123959374 ] ], [ [ 6.953827925574605, 8.08239684845617 ], [ 6.953590493589386, 8.082157831595884 ], [ 6.953922600115622, 8.082066799540476 ], [ 6.953827925574605, 8.08239684845617 ] ], [ [ 6.372543897242931, 7.91645269189027 ], [ 6.372304219740906, 7.916688915932596 ], [ 6.372213117336195, 7.916357949195941 ], [ 6.372543897242931, 7.91645269189027 ] ], [ [ 5.798552397990795, 7.766103803287819 ], [ 5.798076919010789, 7.765866305263342 ], [ 5.79870250457174, 7.76576094441998 ], [ 5.798552397990795, 7.766103803287819 ] ], [ [ 5.438374097760184, 8.412893683942807 ], [ 5.438610179001773, 8.413133352824275 ], [ 5.438277849462594, 8.413222916898293 ], [ 5.438374097760184, 8.412893683942807 ] ] ], [ [ [ 5.519202818630788, 8.537524979405418 ], [ 5.519139131213632, 8.537656204996072 ], [ 5.519829742449812, 8.537555321937777 ], [ 5.519202818630788, 8.537524979405418 ] ] ] ] } },
{ "type": "Feature", "properties": { "Id": 99, "gridcode": 8, "Shape_Leng": 299.421176398, "Shape_Area": 3319.2477188600001, "NUMB": 11.0, "NAME": "Okwa-Mada", "source_state": "Kogi" }, "geometry": { "type": "MultiPolygon", "coordinates": [ [ [ [ 6.953590493589386, 8.082157831595884 ], [ 6.953827925574605, 8.08239684845617 ], [ 6.953922600115622, 8.082066799540476 ], [ 6.953590493589386, 8.082157831595884 ] ] ], [ [ [ 7.79539625115639, 7.351910430612421 ], [ 7.794440205764546, 7.351945485691987 ], [ 7.793668041883181, 7.351109323351297 ], [ 7.792428264840424, 7.351056704929387 ], [ 7.791451851599926, 7.351362485082313 ], [ 7.791189943966344, 7.351643692767875 ], [ 7.790363338772424, 7.351902182106129 ], [ 7.789836987314714, 7.353008281326462 ], [ 7.788992599876817, 7.35297208697135 ], [ 7.788204743897423, 7.353816229843849 ], [ 7.787639102069099, 7.354336665631454 ], [ 7.787377190350178, 7.354617870376744 ], [ 7.785735290129228, 7.354874143574655 ], [ 7.784929113479517, 7.355425187201917 ], [ 7.782513778621602, 7.355706905175115 ], [ 7.782457593486186, 7.357041071921802 ], [ 7.782509484044253, 7.358450779649464 ], [ 7.780960454090144, 7.359875209626201 ], [ 7.780567574850799, 7.360297009778112 ], [ 7.780284481013051, 7.360556956240731 ], [ 7.780021819580424, 7.361109468011116 ], [ 7.779000321232717, 7.361587314676076 ], [ 7.778650176196121, 7.361909076002906 ], [ 7.777881448161744, 7.362733109904572 ], [ 7.77756141434719, 7.362719518904746 ], [ 7.777298959159119, 7.363001244321066 ], [ 7.776509180341525, 7.363370555284336 ], [ 7.777218881545637, 7.364717937970464 ], [ 7.7767388881554, 7.365159632393739 ], [ 7.776476219024658, 7.365712140805481 ], [ 7.775850662818816, 7.366004531490639 ], [ 7.775114397594667, 7.366793673097156 ], [ 7.774559527422181, 7.3670528707351 ], [ 7.77429685429973, 7.36760537719342 ], [ 7.774013006255156, 7.368136630304106 ], [ 7.773748839398546, 7.369231760244544 ], [ 7.773465203452067, 7.369492229212792 ], [ 7.773513627196976, 7.370799120677858 ], [ 7.772654020744399, 7.372039401421627 ], [ 7.772912456710895, 7.37302786246629 ], [ 7.773253426337974, 7.373344624652987 ], [ 7.773732446373411, 7.375190026419626 ], [ 7.774003063305744, 7.378696653819791 ], [ 7.774804503186849, 7.378730646459745 ], [ 7.775343335929814, 7.378710927646146 ], [ 7.775613776945107, 7.379004178885066 ], [ 7.776164420161791, 7.379515991463075 ], [ 7.776435873711002, 7.382724283686385 ], [ 7.777532122569649, 7.383073847315563 ], [ 7.776688982451819, 7.383337553885916 ], [ 7.776337013912411, 7.385858962764672 ], [ 7.774256150973671, 7.386831998122482 ], [ 7.774231738520587, 7.387407943164406 ], [ 7.774645175994118, 7.3914809071079 ], [ 7.774054590016396, 7.393707025022553 ], [ 7.774755850896584, 7.394466722930151 ], [ 7.775789629182067, 7.394957080108307 ], [ 7.776105062658926, 7.397997510076333 ], [ 7.776647253515359, 7.398501883688795 ], [ 7.77638073911923, 7.400440092813927 ], [ 7.776097613879029, 7.400700031578233 ], [ 7.775835663899142, 7.400981223333117 ], [ 7.774515989021671, 7.401942031569553 ], [ 7.774200430270509, 7.402604609503855 ], [ 7.773225629922607, 7.404009895132948 ], [ 7.77274431025721, 7.404912594791747 ], [ 7.773366191943378, 7.40558676274392 ], [ 7.773908386991861, 7.406091140533438 ], [ 7.773641100684184, 7.408300656203786 ], [ 7.771470000750806, 7.40999514707977 ], [ 7.77141662387188, 7.411249823980283 ], [ 7.771734847107112, 7.411545861724764 ], [ 7.77144638860836, 7.411811079848302 ], [ 7.771104303458448, 7.413228700249221 ], [ 7.770082139005385, 7.413706502695543 ], [ 7.769820176752246, 7.413987688862448 ], [ 7.768993443856703, 7.414246116932048 ], [ 7.768606312610756, 7.415058984291447 ], [ 7.766236254302255, 7.414787460857279 ], [ 7.765198902552879, 7.41423559760688 ], [ 7.764645418409438, 7.413973345346511 ], [ 7.7643074875706, 7.412179200157111 ], [ 7.763385697965931, 7.411689123528003 ], [ 7.763030556817369, 7.412069669439111 ], [ 7.762475621195428, 7.412328841039267 ], [ 7.761669306791741, 7.412879819400223 ], [ 7.76084257382536, 7.413138231883821 ], [ 7.760318110420317, 7.413700060773143 ], [ 7.759752354085154, 7.414220441965967 ], [ 7.757830223468778, 7.416646816655732 ], [ 7.756499223410867, 7.416695556762021 ], [ 7.75614513286361, 7.415942099324787 ], [ 7.755642172551104, 7.416404890094251 ], [ 7.755029663068511, 7.417691375766779 ], [ 7.754033956369931, 7.418002819967851 ], [ 7.752399969404768, 7.419322469711796 ], [ 7.750637859722242, 7.419387466430687 ], [ 7.748682934636878, 7.419304600406389 ], [ 7.747777239903896, 7.419884414695514 ], [ 7.747515261368505, 7.420165584685508 ], [ 7.746416711521277, 7.420423200450101 ], [ 7.746152426762892, 7.421518295062391 ], [ 7.745869271471725, 7.42177820917849 ], [ 7.745411597458029, 7.422739751407646 ], [ 7.744520891882107, 7.421774400964052 ], [ 7.742064822578082, 7.421506740886806 ], [ 7.741201286532635, 7.420324732420136 ], [ 7.738675724347975, 7.420417192384023 ], [ 7.736428337781366, 7.420321783625971 ], [ 7.735866029066514, 7.420924802487643 ], [ 7.734186544973999, 7.420127818268275 ], [ 7.733810568412967, 7.418130609337791 ], [ 7.733185565391568, 7.417453204744798 ], [ 7.732574950508131, 7.417128224450089 ], [ 7.731194962255853, 7.416861457192377 ], [ 7.73124106002432, 7.415779530576186 ], [ 7.73009402801125, 7.415730685203332 ], [ 7.729042363169203, 7.416857427467268 ], [ 7.728215613566542, 7.417115774792693 ], [ 7.726045848239933, 7.419019850505321 ], [ 7.725497542189314, 7.418996553031367 ], [ 7.724949642736873, 7.419016177073739 ], [ 7.723993975883677, 7.418507910729241 ], [ 7.721425486270042, 7.418399319090302 ], [ 7.71941218496093, 7.418872021923588 ], [ 7.718512650181965, 7.419698719861289 ], [ 7.71815803483383, 7.421167104168504 ], [ 7.717726763929059, 7.421974484549373 ], [ 7.718280589456729, 7.423025810727021 ], [ 7.716892195731734, 7.423460558638355 ], [ 7.716235433329172, 7.424406647818321 ], [ 7.715860967224956, 7.425576639090687 ], [ 7.715202243038292, 7.426282146304426 ], [ 7.714336066447665, 7.426582210203075 ], [ 7.714055804465767, 7.426570801321869 ], [ 7.713331135962953, 7.426950227804875 ], [ 7.712886083318257, 7.426468320646557 ], [ 7.711066504942119, 7.426030116694549 ], [ 7.710221624332609, 7.425580431032531 ], [ 7.708870017933044, 7.426502761979203 ], [ 7.705490195715874, 7.426626984364762 ], [ 7.704412636731618, 7.426053673861078 ], [ 7.702970198092338, 7.426809862724087 ], [ 7.702639973562108, 7.426276882769806 ], [ 7.701890310214394, 7.424679179352943 ], [ 7.701263285168355, 7.42434563200578 ], [ 7.700479398200099, 7.425185340799118 ], [ 7.700196218344099, 7.42544522077713 ], [ 7.70006521490538, 7.425585788876152 ], [ 7.700203376293038, 7.425719196519199 ], [ 7.700468943745478, 7.426033671306492 ], [ 7.699913732952601, 7.42763656631038 ], [ 7.698831901360406, 7.428156931974586 ], [ 7.698292798814678, 7.42843195667643 ], [ 7.697743110438119, 7.428696350541463 ], [ 7.697140738491293, 7.429004041274871 ], [ 7.696386211471976, 7.429782889090252 ], [ 7.69447223401394, 7.430396708215355 ], [ 7.694492704603941, 7.431554584516685 ], [ 7.695442115004191, 7.432017854447909 ], [ 7.694447986557891, 7.432495543073826 ], [ 7.694488445294186, 7.434793808400843 ], [ 7.694453246648776, 7.436285883517141 ], [ 7.694463233965961, 7.436858197804476 ], [ 7.695552132019101, 7.437909001019549 ], [ 7.696292539169626, 7.438682173636815 ], [ 7.69574532054785, 7.440262295646232 ], [ 7.69498987385381, 7.440625697280722 ], [ 7.694209713885471, 7.441805590629911 ], [ 7.69471907230418, 7.442799050869789 ], [ 7.694439041812647, 7.443065821281511 ], [ 7.694076937646788, 7.443439918383674 ], [ 7.69444114016993, 7.444151047976963 ], [ 7.694706018971053, 7.444699738341018 ], [ 7.694982348864104, 7.444966558230078 ], [ 7.69524746216644, 7.445436294808034 ], [ 7.694155995148829, 7.446863258260302 ], [ 7.693623486749487, 7.447950087305055 ], [ 7.692521118845391, 7.448214958534497 ], [ 7.691202112653937, 7.449207788820435 ], [ 7.690890720222714, 7.449843268386683 ], [ 7.690609869164149, 7.450383987098027 ], [ 7.691160131070253, 7.450652679706518 ], [ 7.691695967495434, 7.451489374327583 ], [ 7.691150795720465, 7.452009175563634 ], [ 7.69088024782169, 7.453370198007596 ], [ 7.690600724100759, 7.454177985189436 ], [ 7.690315079079534, 7.455615796305138 ], [ 7.690328235019432, 7.456369341148346 ], [ 7.690869786071254, 7.45689182761647 ], [ 7.691132136434025, 7.458291518592925 ], [ 7.689763853439565, 7.459596298508027 ], [ 7.688781330713493, 7.460610246766501 ], [ 7.687870122559128, 7.460138588917164 ], [ 7.687321973172138, 7.459870956804802 ], [ 7.687056289730569, 7.459593564162756 ], [ 7.684877244829623, 7.459321082767095 ], [ 7.684478723345377, 7.458904992945698 ], [ 7.683881065840521, 7.458328283407855 ], [ 7.681603588178553, 7.457954814402368 ], [ 7.681065189242323, 7.45851118250875 ], [ 7.67937557687837, 7.459322698907926 ], [ 7.677949421394628, 7.460795236479463 ], [ 7.677526680035478, 7.461198277750315 ], [ 7.677536199981264, 7.461740382559 ], [ 7.67724831170561, 7.462848048282058 ], [ 7.67668287793643, 7.463386841633413 ], [ 7.676720483585885, 7.465535123376316 ], [ 7.675072306832596, 7.465797776193721 ], [ 7.674802512171818, 7.466887477470091 ], [ 7.672621845142424, 7.467146932102866 ], [ 7.671801179655717, 7.468517403506085 ], [ 7.670728298409524, 7.468492450056449 ], [ 7.669346273029211, 7.46904678835379 ], [ 7.668810627920561, 7.469034575785757 ], [ 7.668271458610949, 7.469309551396217 ], [ 7.666901460388957, 7.469572479380306 ], [ 7.667450404578227, 7.470101903873991 ], [ 7.667716755982879, 7.471206991821919 ], [ 7.668266648210271, 7.472826395315555 ], [ 7.668243481262105, 7.473814033817987 ], [ 7.667433437157153, 7.474999064074117 ], [ 7.667163566489171, 7.476104652243658 ], [ 7.667887207840617, 7.476802579231477 ], [ 7.668421489597007, 7.479019118957244 ], [ 7.667420271605343, 7.479339854276244 ], [ 7.667150444547061, 7.480429545418683 ], [ 7.666604674632618, 7.480949832652592 ], [ 7.666330843487785, 7.481783575409787 ], [ 7.66536065366733, 7.48394575222671 ], [ 7.664734398250959, 7.482647754608049 ], [ 7.662866159167275, 7.482277529596464 ], [ 7.662526925061942, 7.481224147954504 ], [ 7.66225059952323, 7.480957307646376 ], [ 7.661985750750081, 7.480408601966586 ], [ 7.661558251532574, 7.479574325526283 ], [ 7.659899054241125, 7.479603198495276 ], [ 7.658850095639803, 7.477996048185287 ], [ 7.657911320458345, 7.477688508821555 ], [ 7.657235478363256, 7.477338317623954 ], [ 7.656557507546743, 7.477684387020752 ], [ 7.654211807278021, 7.478247919592735 ], [ 7.653561621676305, 7.479574353560847 ], [ 7.653135112859513, 7.479981061273248 ], [ 7.651098766751728, 7.479557817868932 ], [ 7.651122678641674, 7.480933997376309 ], [ 7.65028775990227, 7.481729444603483 ], [ 7.650294979092836, 7.482144364849936 ], [ 7.648654299172213, 7.482538339358535 ], [ 7.648385649423382, 7.483230072425954 ], [ 7.650012900005998, 7.484441602180686 ], [ 7.650278568359277, 7.484719015351295 ], [ 7.650826715350735, 7.484986694682981 ], [ 7.652177198485041, 7.486081327775367 ], [ 7.652916725277583, 7.486442319983754 ], [ 7.652446544301906, 7.486890752791005 ], [ 7.652045489192068, 7.487304424072806 ], [ 7.651383612882835, 7.487935608740954 ], [ 7.647089087351787, 7.48824513633156 ], [ 7.646735892679121, 7.489320241208461 ], [ 7.646184427410064, 7.490127145095782 ], [ 7.645916213884096, 7.490674218529992 ], [ 7.645364745140068, 7.4914811207674 ], [ 7.645095691218607, 7.492299490045143 ], [ 7.644671615459647, 7.493114731031424 ], [ 7.644272386131819, 7.493105553351112 ], [ 7.643178008567573, 7.493663855180825 ], [ 7.643200541446253, 7.494960543320127 ], [ 7.642893576820748, 7.495846087948358 ], [ 7.642359476235792, 7.496355244599756 ], [ 7.642085418392216, 7.498270977231321 ], [ 7.641536403429185, 7.498794393491218 ], [ 7.641219095525921, 7.499759915222685 ], [ 7.641595799989913, 7.500870649540087 ], [ 7.640703015889919, 7.502329299699306 ], [ 7.639895517780591, 7.502310375942675 ], [ 7.639623677873384, 7.503677155415707 ], [ 7.639303228915234, 7.503942162663245 ], [ 7.637355696955415, 7.50293306780074 ], [ 7.636895486083192, 7.503408531768557 ], [ 7.635952077645014, 7.503386530173092 ], [ 7.635122708188968, 7.503400381848254 ], [ 7.634728898670032, 7.504204574832821 ], [ 7.634347520930233, 7.504937801709873 ], [ 7.63335742617404, 7.505413204639581 ], [ 7.6333646256342, 7.505828121924277 ], [ 7.632670290725439, 7.506634555854202 ], [ 7.632277286146553, 7.505819439472431 ], [ 7.63144136424651, 7.505550838503711 ], [ 7.630917226555911, 7.506091800976529 ], [ 7.63064275013899, 7.506085646331806 ], [ 7.629340813698331, 7.506108081018929 ], [ 7.62901010485052, 7.5074423414067 ], [ 7.628731272398998, 7.507978766455531 ], [ 7.628461322976033, 7.509068412152924 ], [ 7.62750728709949, 7.509046356236105 ], [ 7.627099566388685, 7.509878049161078 ], [ 7.626558508810295, 7.510393517459137 ], [ 7.626280635651066, 7.510960676443307 ], [ 7.626002649483969, 7.511225804360277 ], [ 7.625458289358742, 7.513128478316839 ], [ 7.624908458345174, 7.513392753896766 ], [ 7.624641054532581, 7.513668512310924 ], [ 7.624051341959245, 7.513951737416256 ], [ 7.623144720412265, 7.514887305036694 ], [ 7.622565839078689, 7.515439209429388 ], [ 7.621366804189073, 7.51582331332592 ], [ 7.621383832204248, 7.516821123544665 ], [ 7.619972196699341, 7.517273438613352 ], [ 7.619442990162584, 7.519409820869074 ], [ 7.618529503899501, 7.521166129643192 ], [ 7.617775993881585, 7.521527779303352 ], [ 7.61781909737361, 7.52401355833333 ], [ 7.6183509384523, 7.525580485103864 ], [ 7.61861059255609, 7.5277569706647 ], [ 7.619476760396457, 7.528040534481164 ], [ 7.62023646177364, 7.530761187145958 ], [ 7.620779578011923, 7.531285354459201 ], [ 7.621040958583665, 7.532919253915005 ], [ 7.621316423663752, 7.533457414411843 ], [ 7.62159073103114, 7.534026304538934 ], [ 7.62240488446008, 7.534812023560569 ], [ 7.622936229209349, 7.535366885776094 ], [ 7.62321255472749, 7.535633752042371 ], [ 7.623472180269301, 7.537826135237072 ], [ 7.622926816942882, 7.538345816517846 ], [ 7.622519051667562, 7.539177497576468 ], [ 7.622932258454987, 7.539984209227194 ], [ 7.622919940318917, 7.540521464622615 ], [ 7.623719283785762, 7.541292829666755 ], [ 7.624003093408056, 7.541881355110537 ], [ 7.62455128377438, 7.542149076571358 ], [ 7.624814341373939, 7.543256285190282 ], [ 7.623997351302658, 7.54403475207133 ], [ 7.623720989319636, 7.546800892238029 ], [ 7.624260229165507, 7.548390097660208 ], [ 7.623967994664758, 7.549793348455108 ], [ 7.623988176719582, 7.550967085903292 ], [ 7.623960569551225, 7.55214067366227 ], [ 7.624336468139106, 7.554001720478159 ], [ 7.622788496464068, 7.554373052914322 ], [ 7.623206739047856, 7.555604742408015 ], [ 7.622071984617765, 7.557785306916298 ], [ 7.621779375243275, 7.558966004439243 ], [ 7.621501350930104, 7.559231122902722 ], [ 7.621232190176218, 7.560049459515243 ], [ 7.620953303646918, 7.560585870550291 ], [ 7.620572227216497, 7.561363582345621 ], [ 7.620952584512238, 7.5624849390694 ], [ 7.62121654725437, 7.563304960345569 ], [ 7.62149202499046, 7.563843123524562 ], [ 7.621756542501372, 7.564488817199077 ], [ 7.619872877811471, 7.565712698253012 ], [ 7.619581991692095, 7.566012746448059 ], [ 7.618897035193177, 7.566665501894925 ], [ 7.618488447899757, 7.567908351246443 ], [ 7.618192610767721, 7.56876209997251 ], [ 7.618251368410082, 7.572155068840527 ], [ 7.617859199741152, 7.57290836504573 ], [ 7.617917900458192, 7.576316698975065 ], [ 7.617638996111549, 7.576853104873591 ], [ 7.617660930256799, 7.578134408956345 ], [ 7.61734803717489, 7.579336757900384 ], [ 7.616266595756996, 7.580918171920903 ], [ 7.615998271505138, 7.581465208010356 ], [ 7.61557990430001, 7.582269814070569 ], [ 7.61517741518143, 7.58309036604209 ], [ 7.61489936945528, 7.583355476485164 ], [ 7.61462751927403, 7.585003575367475 ], [ 7.615169624615258, 7.585526696220812 ], [ 7.615609444119444, 7.585986436639704 ], [ 7.617070233156532, 7.586346629357327 ], [ 7.617335927373246, 7.586624068665089 ], [ 7.617614922689239, 7.58689360120569 ], [ 7.617334211405789, 7.587161354169424 ], [ 7.617065016359082, 7.587979682642287 ], [ 7.615969567117792, 7.588784782373881 ], [ 7.615674930891657, 7.589088521093351 ], [ 7.615697764582053, 7.59041698573624 ], [ 7.614551666220442, 7.59078424449415 ], [ 7.613246409459617, 7.591765644366566 ], [ 7.612696465669158, 7.592029884303725 ], [ 7.612428998028944, 7.592305624118221 ], [ 7.612150943991435, 7.592570731319349 ], [ 7.611883475667255, 7.592846470667874 ], [ 7.611061638807123, 7.593109839375059 ], [ 7.61079329820045, 7.593656869397743 ], [ 7.610241982093706, 7.594181798623831 ], [ 7.610251388955535, 7.594724947149956 ], [ 7.609966227589378, 7.595547984196244 ], [ 7.60969634685009, 7.596572951495959 ], [ 7.61124577612213, 7.596955178142866 ], [ 7.611600819191588, 7.599175416267621 ], [ 7.611570721040462, 7.600444362573052 ], [ 7.613201683157232, 7.601240145722263 ], [ 7.613481670589485, 7.601533000186135 ], [ 7.614020085541405, 7.602052405143757 ], [ 7.614293829160803, 7.602636668513185 ], [ 7.613499597162343, 7.603393437925094 ], [ 7.613197205446462, 7.607100516018404 ], [ 7.614033378405272, 7.607508540965857 ], [ 7.615093966095058, 7.607490204776388 ], [ 7.615385176241849, 7.608093599600028 ], [ 7.615360593018281, 7.609135250078878 ], [ 7.616662747201923, 7.611293338746131 ], [ 7.617804347339506, 7.61185069695979 ], [ 7.618320939747287, 7.612390695380749 ], [ 7.618889356841278, 7.612668040628695 ], [ 7.619151592058455, 7.614030650626845 ], [ 7.62024367236513, 7.614300125223791 ], [ 7.620502801774397, 7.616635042594265 ], [ 7.619287781352509, 7.619596340595535 ], [ 7.618587808432085, 7.620263337357183 ], [ 7.618317662890814, 7.621368850080461 ], [ 7.618861401224135, 7.621893039426084 ], [ 7.618546750866487, 7.622799707467196 ], [ 7.61803267967147, 7.623788398157144 ], [ 7.617669593772496, 7.624892552971511 ], [ 7.616375973554496, 7.62486192475391 ], [ 7.615860958460609, 7.624324046855539 ], [ 7.615312680590042, 7.62405629764997 ], [ 7.614234727302211, 7.622691076140976 ], [ 7.61258288166561, 7.622419789523946 ], [ 7.612058557064471, 7.622960696825134 ], [ 7.611230818031841, 7.623224036431013 ], [ 7.611261502122476, 7.621942377283944 ], [ 7.609954569542819, 7.621597475290504 ], [ 7.607708001928236, 7.622946723825477 ], [ 7.605743080411235, 7.62341781080596 ], [ 7.604979902376482, 7.624571527679161 ], [ 7.604301234005923, 7.624555563002503 ], [ 7.60365540648664, 7.624566195923707 ], [ 7.603345140120716, 7.626730771112244 ], [ 7.602681847312737, 7.627049199887786 ], [ 7.601991530187326, 7.629147899987101 ], [ 7.601425893391985, 7.629974785810795 ], [ 7.601157510206016, 7.630521802595847 ], [ 7.600335594523523, 7.630785136322271 ], [ 7.599794412902596, 7.631602561331043 ], [ 7.596253355758592, 7.631857071500025 ], [ 7.595718345039794, 7.632408515938694 ], [ 7.594243324672735, 7.633116923267233 ], [ 7.593535147452164, 7.632377044664637 ], [ 7.592992138292493, 7.632936936820471 ], [ 7.592429227521815, 7.632923976710533 ], [ 7.591908050699566, 7.63184294056976 ], [ 7.591631697522799, 7.631576047900944 ], [ 7.591345787704318, 7.630983785547782 ], [ 7.59137716117884, 7.62967352709462 ], [ 7.59029441802058, 7.629145431240119 ], [ 7.590014434564523, 7.628852561750648 ], [ 7.588404485799724, 7.62779181742373 ], [ 7.588115505782726, 7.62748990993922 ], [ 7.587551315803945, 7.627222075976547 ], [ 7.587024294904353, 7.627765586048882 ], [ 7.586755956108806, 7.627485470257106 ], [ 7.586233965053267, 7.62698198258614 ], [ 7.583080308173886, 7.626531875929141 ], [ 7.582627264901032, 7.626058282639748 ], [ 7.58048737021911, 7.626598087302902 ], [ 7.580506975709097, 7.627739478963226 ], [ 7.579744001367523, 7.628005085344855 ], [ 7.579396132896047, 7.626560064084859 ], [ 7.578324286837617, 7.626922149215923 ], [ 7.577814090815441, 7.626388488383312 ], [ 7.577367335120281, 7.626103542992554 ], [ 7.576968998110331, 7.626916103328405 ], [ 7.57655185073605, 7.627313718112871 ], [ 7.57535177084416, 7.628551236179578 ], [ 7.574786079667026, 7.628258478297226 ], [ 7.573698910986097, 7.629075651766215 ], [ 7.571998638608098, 7.629483333334241 ], [ 7.570980737614687, 7.628790090117539 ], [ 7.570706156494512, 7.628794481956049 ], [ 7.570415148279345, 7.628787691031349 ], [ 7.569894904934357, 7.628243922420934 ], [ 7.569618569912268, 7.627977018573521 ], [ 7.569355595184489, 7.62688569272191 ], [ 7.568726715840397, 7.625953175624503 ], [ 7.567215881296477, 7.624495295608168 ], [ 7.565543579022745, 7.624163890391036 ], [ 7.565009822763585, 7.623056830607622 ], [ 7.563668266969164, 7.623079403609611 ], [ 7.562513990881423, 7.622680825866264 ], [ 7.561751673684454, 7.62306933035379 ], [ 7.560940982562727, 7.62251717005255 ], [ 7.560120850346935, 7.622248453504216 ], [ 7.559295992507233, 7.621963823276178 ], [ 7.55790292668387, 7.621987267349049 ], [ 7.556999649283709, 7.622918927933955 ], [ 7.556582491627406, 7.623316520820671 ], [ 7.556314971448404, 7.623592215455206 ], [ 7.556036865881805, 7.623857276230846 ], [ 7.555758686235108, 7.624144061233741 ], [ 7.555767525923669, 7.624675539726683 ], [ 7.555487289449095, 7.62494218257897 ], [ 7.555782228049754, 7.625517533777765 ], [ 7.553051153456866, 7.625452774342903 ], [ 7.552772021949815, 7.626021968304108 ], [ 7.552369528379546, 7.626794743620806 ], [ 7.553312204160854, 7.627103625349548 ], [ 7.554120717809594, 7.627670098252827 ], [ 7.553575154212671, 7.628189654295912 ], [ 7.552788563338668, 7.629000885013053 ], [ 7.551048175600255, 7.629334166468763 ], [ 7.55058399876456, 7.629812662454305 ], [ 7.549761157378486, 7.630347178425873 ], [ 7.549489971136111, 7.631708002419932 ], [ 7.54838231241996, 7.631973451771104 ], [ 7.547855776927784, 7.632516376483406 ], [ 7.544956934333348, 7.633211337601491 ], [ 7.544589208199032, 7.6335905361113 ], [ 7.543339821574405, 7.633990606933096 ], [ 7.542142049520269, 7.633576989806409 ], [ 7.54159819514847, 7.633586282324281 ], [ 7.541326187463484, 7.633301362442286 ], [ 7.540343632014701, 7.633633443358947 ], [ 7.539243054667369, 7.633062780623991 ], [ 7.537227488372014, 7.633570982692217 ], [ 7.536606179885472, 7.633556163497888 ], [ 7.535884455101532, 7.634646278238097 ], [ 7.535332575150898, 7.635452964653054 ], [ 7.535034866607575, 7.636945613483809 ], [ 7.532595726460396, 7.638314954631893 ], [ 7.532611669864204, 7.639245430749771 ], [ 7.531783870987076, 7.639510192904733 ], [ 7.531258905263742, 7.640051507194586 ], [ 7.530421534946242, 7.640319413182534 ], [ 7.530153988430269, 7.640595086249862 ], [ 7.527972477516896, 7.640853640630061 ], [ 7.527563160408754, 7.641275596777405 ], [ 7.526581717713901, 7.642205317849157 ], [ 7.525526206492508, 7.641658087583104 ], [ 7.523616371555512, 7.64213955383395 ], [ 7.523622075806812, 7.642488745334427 ], [ 7.522259428258584, 7.642456000977226 ], [ 7.52198826706811, 7.643008766949082 ], [ 7.521136629724097, 7.643561663054046 ], [ 7.51999179236283, 7.64474248410132 ], [ 7.52034840612621, 7.645439400187785 ], [ 7.520637451639815, 7.646942516715809 ], [ 7.521891099000529, 7.64902170740627 ], [ 7.520872906629866, 7.649510448225319 ], [ 7.520604358642627, 7.650073288270293 ], [ 7.521146394939173, 7.650596519328142 ], [ 7.521417338755924, 7.650879858806854 ], [ 7.522222523783259, 7.65086619330086 ], [ 7.522787133436033, 7.651158485994359 ], [ 7.52276733028812, 7.651974388332777 ], [ 7.523315195176769, 7.652502935701344 ], [ 7.523578929750358, 7.653338884121598 ], [ 7.523033298063082, 7.653858387811074 ], [ 7.522765737576945, 7.654134053616161 ], [ 7.522487592079554, 7.654399084766792 ], [ 7.521595092892335, 7.656476217216753 ], [ 7.520847659407689, 7.656835009890376 ], [ 7.520574480459818, 7.658738353481578 ], [ 7.519760810903712, 7.659513377880683 ], [ 7.519481173707823, 7.66036229601305 ], [ 7.518648010352903, 7.660629124731675 ], [ 7.518674936120581, 7.662212407234701 ], [ 7.518378814443028, 7.663066035355716 ], [ 7.518108430241958, 7.664155535255877 ], [ 7.517830274748527, 7.664420561486552 ], [ 7.517562575316561, 7.664733310459681 ], [ 7.518100942022888, 7.666320472827763 ], [ 7.518363785721375, 7.667411808008681 ], [ 7.519145328118358, 7.66779334003731 ], [ 7.519445811505862, 7.669059124768519 ], [ 7.518900152136797, 7.669578618076173 ], [ 7.51863244940983, 7.669891367175802 ], [ 7.519247584918097, 7.671704510480735 ], [ 7.518346906899048, 7.672289540801393 ], [ 7.517795761077283, 7.672857759493314 ], [ 7.517804590853273, 7.67337545242552 ], [ 7.517795214872399, 7.673782344108425 ], [ 7.517801772149441, 7.67418929070406 ], [ 7.51779054370284, 7.674670884512628 ], [ 7.516157579635966, 7.675062108464634 ], [ 7.516172144433597, 7.675916275250532 ], [ 7.517260586180533, 7.676633737231595 ], [ 7.517241317119283, 7.677442749295984 ], [ 7.517247873255329, 7.677849695743359 ], [ 7.51723849583209, 7.678256587212582 ], [ 7.517247768627801, 7.67879918429114 ], [ 7.517222328874215, 7.679855614467075 ], [ 7.514778666692367, 7.680144419508365 ], [ 7.514791694897926, 7.679604549596877 ], [ 7.514783733723192, 7.679144083776771 ], [ 7.513701466904671, 7.678789583069986 ], [ 7.51341776611821, 7.678201000235798 ], [ 7.512338953905555, 7.677159825299356 ], [ 7.512636838026248, 7.676876328393507 ], [ 7.512622710507945, 7.676051306375921 ], [ 7.512081189787377, 7.67552859274308 ], [ 7.511528706547806, 7.674951266027572 ], [ 7.511554152156043, 7.67389642738102 ], [ 7.511543138598234, 7.673245206846999 ], [ 7.510422811564307, 7.672538750336844 ], [ 7.508831835945682, 7.673075800232904 ], [ 7.508402196409331, 7.673065832713477 ], [ 7.507744647505949, 7.671701845098803 ], [ 7.506113861399209, 7.671167398167525 ], [ 7.505576282209274, 7.670888950589624 ], [ 7.505007896191379, 7.670611456116781 ], [ 7.504481361089801, 7.670060705794373 ], [ 7.502856422693683, 7.669528387447747 ], [ 7.502000185140599, 7.668945225997693 ], [ 7.500005745630395, 7.668978545682034 ], [ 7.49851450970427, 7.668943143649098 ], [ 7.498233206556333, 7.669798920494799 ], [ 7.497408291012708, 7.670583918573799 ], [ 7.497428940349153, 7.671812699455196 ], [ 7.497383502336818, 7.673711502337938 ], [ 7.497409038337663, 7.675212110255913 ], [ 7.496818447787912, 7.674905915396067 ], [ 7.496185555460849, 7.674244576642431 ], [ 7.495771098636357, 7.673844154490513 ], [ 7.495510221509878, 7.672210262799456 ], [ 7.495234872368875, 7.671672038561621 ], [ 7.495247938610577, 7.671127934593272 ], [ 7.494422908638747, 7.67058407759685 ], [ 7.49389880692817, 7.669497123620499 ], [ 7.492874993356722, 7.668997074832869 ], [ 7.491710843056091, 7.66702462961157 ], [ 7.491735772018997, 7.665978276631519 ], [ 7.491428253001279, 7.665377416952541 ], [ 7.49090794775772, 7.664874891675117 ], [ 7.490927270534438, 7.664063240363436 ], [ 7.489938530673428, 7.663411245751702 ], [ 7.48743215802267, 7.664042498029416 ], [ 7.485199533671309, 7.664306986332902 ], [ 7.484408892698907, 7.664709533076805 ], [ 7.484110423903146, 7.666207402873884 ], [ 7.483560328117209, 7.666471444801564 ], [ 7.483292737551154, 7.666747079491528 ], [ 7.481383030318509, 7.667006324774514 ], [ 7.480290292825544, 7.667826899261363 ], [ 7.479615314417928, 7.667811269440476 ], [ 7.479188281181158, 7.66781823793471 ], [ 7.478664286003441, 7.668358411920845 ], [ 7.477841298365773, 7.668892758301518 ], [ 7.477437238553851, 7.66930937237408 ], [ 7.47566499364668, 7.668696961588317 ], [ 7.475673749063822, 7.66832610452288 ], [ 7.47621891528386, 7.667807203891742 ], [ 7.476211954030687, 7.667375360270185 ], [ 7.475238799984661, 7.665931810922279 ], [ 7.474317882438425, 7.665630248227388 ], [ 7.473919446282332, 7.665213972104982 ], [ 7.472689262951593, 7.664810640729012 ], [ 7.472151720854693, 7.664532157090795 ], [ 7.469145101543369, 7.664254438572495 ], [ 7.469165056823618, 7.663425843596121 ], [ 7.468583386590515, 7.662864796566406 ], [ 7.466989697842703, 7.662086093061289 ], [ 7.466729840743056, 7.659901178528115 ], [ 7.465669727043111, 7.658877468297704 ], [ 7.465376088555105, 7.658268698871004 ], [ 7.463778645773054, 7.657951462428496 ], [ 7.463328743930232, 7.65841558427332 ], [ 7.460956301618018, 7.659174318804079 ], [ 7.460474797738759, 7.66015544352737 ], [ 7.459924701879973, 7.660419453975752 ], [ 7.459653204351671, 7.661780160882421 ], [ 7.458950597701741, 7.66280605692446 ], [ 7.458283454693527, 7.663126338451765 ], [ 7.457743936788397, 7.663400980773988 ], [ 7.457106586101376, 7.663706530774039 ], [ 7.458455022941207, 7.664595655894539 ], [ 7.458004704645744, 7.665024268947758 ], [ 7.457458424374977, 7.665848854612504 ], [ 7.454216499181888, 7.666468256224417 ], [ 7.453918504941484, 7.668541486362967 ], [ 7.453639334875292, 7.669077734124877 ], [ 7.453366827184425, 7.670709702818177 ], [ 7.45199997056489, 7.671242036730781 ], [ 7.451439688377631, 7.671527190414875 ], [ 7.450103018323463, 7.671495354319471 ], [ 7.449554044887377, 7.672323623725678 ], [ 7.448159053062207, 7.673143011963424 ], [ 7.447183501434112, 7.673119356480327 ], [ 7.446781748299148, 7.671868031305302 ], [ 7.445021643911555, 7.672461971527537 ], [ 7.444248114111477, 7.673259748871977 ], [ 7.442978251362457, 7.672820691126625 ], [ 7.441760292063021, 7.671546805178828 ], [ 7.439633713909353, 7.671124238646923 ], [ 7.438952109599989, 7.67147145372026 ], [ 7.438065732488164, 7.671754873739325 ], [ 7.436898478784949, 7.671726791128152 ], [ 7.43649893119864, 7.670898274389469 ], [ 7.435402677931709, 7.670916541805169 ], [ 7.434871339293615, 7.671999169168316 ], [ 7.434321217549888, 7.672263140528942 ], [ 7.434051611990292, 7.673081275125263 ], [ 7.433773408300559, 7.673346235514771 ], [ 7.433231880301658, 7.674163378629721 ], [ 7.432953675371983, 7.674428338231278 ], [ 7.432683071443686, 7.675517739696041 ], [ 7.43239434502765, 7.676624558067088 ], [ 7.43185605081306, 7.677137057643286 ], [ 7.431581778405532, 7.679225170051956 ], [ 7.432668180691626, 7.679581469624241 ], [ 7.432930797585798, 7.680672815162646 ], [ 7.433209176857086, 7.680941393516179 ], [ 7.432927834070647, 7.681481322090865 ], [ 7.432657221970012, 7.682570722281802 ], [ 7.432378015320998, 7.683106948709069 ], [ 7.432106404757856, 7.684467616404699 ], [ 7.431826200223009, 7.685275110412853 ], [ 7.431556518598223, 7.686109134863263 ], [ 7.43283622531935, 7.687344599526349 ], [ 7.432359105154903, 7.688261049032128 ], [ 7.431842177812612, 7.689314048765725 ], [ 7.430847620287523, 7.690696972339724 ], [ 7.430122858228452, 7.689192790554474 ], [ 7.429095261997488, 7.689882044300753 ], [ 7.427625251318077, 7.689846989649855 ], [ 7.427143738046863, 7.688347404658304 ], [ 7.426377651591504, 7.687973188198793 ], [ 7.42639084288122, 7.687420097209216 ], [ 7.42583779380765, 7.68688612370945 ], [ 7.425572196360744, 7.686608579655835 ], [ 7.425297594681699, 7.686612871307736 ], [ 7.424761745951613, 7.686600308672518 ], [ 7.424170034001103, 7.686901727325649 ], [ 7.422441410068974, 7.686859879805578 ], [ 7.421497561870761, 7.686875484192086 ], [ 7.420720966242217, 7.68647313944249 ], [ 7.420406446009522, 7.685494985109407 ], [ 7.419318570319027, 7.684963275477658 ], [ 7.419052978872921, 7.684685728467805 ], [ 7.417887012096938, 7.684303669453309 ], [ 7.415790123064188, 7.682602090914116 ], [ 7.415803934146425, 7.682028341568492 ], [ 7.414435995517892, 7.681690035698669 ], [ 7.4141619304984, 7.68112105282535 ], [ 7.413624253995758, 7.680601959694282 ], [ 7.413358669101465, 7.68032441041403 ], [ 7.413082423966777, 7.680057419264772 ], [ 7.412818951802643, 7.679210847858538 ], [ 7.413648807972246, 7.678421295455521 ], [ 7.413628752024223, 7.677241833499914 ], [ 7.411868703714021, 7.676664713653679 ], [ 7.411473353562606, 7.675434592545144 ], [ 7.411189683234741, 7.674879879577865 ], [ 7.410344123295395, 7.674894238223384 ], [ 7.409292773779544, 7.675977545314969 ], [ 7.40851912657857, 7.674791588353518 ], [ 7.406382501139042, 7.673515280275948 ], [ 7.40471688753588, 7.673543012852861 ], [ 7.403868762433865, 7.672965008512302 ], [ 7.403048697362871, 7.672695994254042 ], [ 7.402784136794954, 7.672147176040727 ], [ 7.402507903894845, 7.67188018043266 ], [ 7.402219055415174, 7.671578168639051 ], [ 7.401140747862254, 7.67106129548206 ], [ 7.400589530118618, 7.672184055285906 ], [ 7.399590712602116, 7.673134546754707 ], [ 7.398496662001013, 7.672567274494662 ], [ 7.39788457499342, 7.673490590389287 ], [ 7.397583435684171, 7.673777160455301 ], [ 7.396518692185824, 7.673751468139399 ], [ 7.396251051009171, 7.674027036376331 ], [ 7.395972828190613, 7.674291967377595 ], [ 7.395566033345473, 7.67471112674195 ], [ 7.3945339223906, 7.673631211349064 ], [ 7.395298352060905, 7.672164345581516 ], [ 7.396259182896364, 7.671856925700185 ], [ 7.3965288546095, 7.671038829366997 ], [ 7.397061308564968, 7.670532186862554 ], [ 7.397843771340884, 7.66935148418488 ], [ 7.397352698602271, 7.668877056031665 ], [ 7.397088147412352, 7.668328236213751 ], [ 7.396540009162743, 7.66806022499656 ], [ 7.396279621266271, 7.666399859502168 ], [ 7.396923669588548, 7.665164069650477 ], [ 7.396391327060629, 7.664649750705265 ], [ 7.394902942272048, 7.664162068244046 ], [ 7.394939468190243, 7.662634204855994 ], [ 7.394657936307574, 7.662083202917859 ], [ 7.394944624780114, 7.661257223705197 ], [ 7.394935566975194, 7.660697700535731 ], [ 7.394123305439911, 7.659913189143706 ], [ 7.393857745749536, 7.659635632807667 ], [ 7.393581526057568, 7.659368634137262 ], [ 7.392927682303593, 7.65868484775906 ], [ 7.391682256976376, 7.658276478631326 ], [ 7.391417717498076, 7.65772765793055 ], [ 7.390597692372189, 7.657458627408493 ], [ 7.389211114777795, 7.65673925106183 ], [ 7.389260224712207, 7.65469221752681 ], [ 7.390811696502191, 7.653216108940543 ], [ 7.390223340581072, 7.65206632610142 ], [ 7.391179339554819, 7.651760479550648 ], [ 7.391161088824527, 7.650679051702836 ], [ 7.391445156761772, 7.65040884407851 ], [ 7.391965316384385, 7.649349556173191 ], [ 7.392823985830679, 7.648229539205323 ], [ 7.39281002615908, 7.647418864036091 ], [ 7.392269375159062, 7.647427976154916 ], [ 7.391620480565639, 7.647412311612053 ], [ 7.390898146040225, 7.64630388681269 ], [ 7.390367945483744, 7.645792223612092 ], [ 7.390649790659689, 7.644980532910878 ], [ 7.390920599622462, 7.643854088101913 ], [ 7.390219396045141, 7.641784650793752 ], [ 7.389270629162856, 7.641159104964845 ], [ 7.388211094214979, 7.6400504797554 ], [ 7.388223095210942, 7.639540839224392 ], [ 7.387946890101829, 7.639273840125631 ], [ 7.387682362510324, 7.638725020103363 ], [ 7.387114122591445, 7.638447393592258 ], [ 7.386199535004485, 7.637490834765567 ], [ 7.385509028878077, 7.636823333957025 ], [ 7.385243451336053, 7.636272390814523 ], [ 7.384636370855481, 7.636581653926333 ], [ 7.383739151628668, 7.637506007788045 ], [ 7.383336555558702, 7.636252013813501 ], [ 7.38277727418116, 7.635712156962695 ], [ 7.381333284342691, 7.635735889311804 ], [ 7.380891186999502, 7.637077318181326 ], [ 7.379253535902464, 7.637337144475278 ], [ 7.378983868142866, 7.638155228769735 ], [ 7.378413750782404, 7.639504118679413 ], [ 7.377633012780627, 7.638686859785699 ], [ 7.377328705311978, 7.638692075105116 ], [ 7.376304583239776, 7.639747856954718 ], [ 7.375718701131618, 7.638800992968853 ], [ 7.376566138262326, 7.637563880982339 ], [ 7.376534495533493, 7.635677089775774 ], [ 7.375181853101878, 7.635699555993024 ], [ 7.373014687729412, 7.635136684846624 ], [ 7.372740665614325, 7.635419104155837 ], [ 7.37207374171394, 7.635403346169024 ], [ 7.370246946248942, 7.634288619394307 ], [ 7.369441901500938, 7.633446357826162 ], [ 7.368945574297525, 7.632415586804823 ], [ 7.367540260237418, 7.631488407077322 ], [ 7.36699600885255, 7.629794128847278 ], [ 7.367328195036046, 7.629156958018114 ], [ 7.366783678237671, 7.628093156187697 ], [ 7.366523853006267, 7.625753580157816 ], [ 7.367340991849441, 7.625361954118212 ], [ 7.367336283681789, 7.625063121412468 ], [ 7.365977308400425, 7.625085541729435 ], [ 7.365361471555651, 7.624765857232818 ], [ 7.363494034456497, 7.625140263115744 ], [ 7.363815520071102, 7.624524247672675 ], [ 7.363243078748577, 7.623405768460841 ], [ 7.362446817701396, 7.622636117636574 ], [ 7.361899916859638, 7.622064499977602 ], [ 7.360556353585787, 7.622086963493023 ], [ 7.360285550577307, 7.621803547829361 ], [ 7.359346822256888, 7.621495349258626 ], [ 7.358657340454435, 7.620437881860017 ], [ 7.358386522789025, 7.620716595301539 ], [ 7.356644793663503, 7.621133305737703 ], [ 7.355663619312641, 7.621791313065146 ], [ 7.354281980046291, 7.622052026267403 ], [ 7.353761539229458, 7.621507521793407 ], [ 7.353479548826619, 7.621235186615446 ], [ 7.353499640186492, 7.620424124419545 ], [ 7.353490103194762, 7.619862489455043 ], [ 7.352948873919478, 7.619339628373663 ], [ 7.352686475577567, 7.618248281221466 ], [ 7.352272224197354, 7.617847758510077 ], [ 7.351623269906863, 7.617168722391213 ], [ 7.35057277290721, 7.616655046416218 ], [ 7.350224993076665, 7.614842304755003 ], [ 7.35073583562966, 7.611922351682074 ], [ 7.350260220450362, 7.611462786319766 ], [ 7.349420852292806, 7.610174803194565 ], [ 7.348363363949006, 7.609827989613978 ], [ 7.348077238796885, 7.609528616939031 ], [ 7.346710889956028, 7.609550958693844 ], [ 7.345103136508328, 7.610629341194872 ], [ 7.344175365375498, 7.611074015319283 ], [ 7.343464637252125, 7.612521912583017 ], [ 7.3433154689145, 7.612787305110782 ], [ 7.342923002869886, 7.611972020505126 ], [ 7.340052999510499, 7.611680769791596 ], [ 7.339527263173187, 7.610588944424002 ], [ 7.33847528746965, 7.610606106079167 ], [ 7.338029349212203, 7.611958580591571 ], [ 7.337604595632262, 7.612773381851825 ], [ 7.336937189620397, 7.612757046438493 ], [ 7.336385454046551, 7.613589902749176 ], [ 7.335850240090542, 7.613029961647948 ], [ 7.334758483269666, 7.612759805905809 ], [ 7.334492992331768, 7.61248222677829 ], [ 7.33402427690828, 7.612029031970083 ], [ 7.332913896765495, 7.612594301480942 ], [ 7.331773240887201, 7.612199975924947 ], [ 7.329656099599021, 7.612624141055524 ], [ 7.327602671638548, 7.612090656453053 ], [ 7.326770014676002, 7.612514993977175 ], [ 7.325748154411749, 7.612161377209254 ], [ 7.324701492054356, 7.612178524979221 ], [ 7.324437062637492, 7.611629686358409 ], [ 7.324156174117661, 7.611080784974462 ], [ 7.322049049310801, 7.611115546892328 ], [ 7.321449703843161, 7.610804351445417 ], [ 7.320885769530282, 7.610536207411091 ], [ 7.320361167111086, 7.611076691634855 ], [ 7.320082956993809, 7.611341573157834 ], [ 7.319562617439042, 7.611877834535742 ], [ 7.31877367919203, 7.612255701655224 ], [ 7.318449654041543, 7.613239344546866 ], [ 7.317338834196618, 7.61350523062 ], [ 7.317361692030717, 7.614860019291852 ], [ 7.317343437864267, 7.615591603234741 ], [ 7.316092437033456, 7.615990979360396 ], [ 7.315717221846549, 7.616755081986009 ], [ 7.31516713690913, 7.617018901524736 ], [ 7.314866974535922, 7.617328197036755 ], [ 7.314257846632543, 7.618568206362053 ], [ 7.313808862436549, 7.618098645074884 ], [ 7.31268950758478, 7.617828326444124 ], [ 7.312716548035403, 7.619466571309188 ], [ 7.312164906435778, 7.619991040713141 ], [ 7.311361972467234, 7.620818634313839 ], [ 7.310340950051915, 7.620793458822522 ], [ 7.310807612268146, 7.622171167479856 ], [ 7.310794277934896, 7.622727933545442 ], [ 7.31152005802135, 7.625599625754198 ], [ 7.310592763377715, 7.626044216047266 ], [ 7.310244787697185, 7.625679944335701 ], [ 7.308423966396972, 7.625406870720749 ], [ 7.307995113268597, 7.62670690662907 ], [ 7.305345770266637, 7.625930979328317 ], [ 7.305061058227148, 7.6262239010263 ], [ 7.303579154264566, 7.626187893371481 ], [ 7.301453388422399, 7.626222995401396 ], [ 7.30045308399211, 7.62673190944486 ], [ 7.297728002660747, 7.626987150638785 ], [ 7.297388602260762, 7.628351626387178 ], [ 7.296909677187051, 7.628340204228967 ], [ 7.296341458818072, 7.628349622040933 ], [ 7.295790147177517, 7.628917509042028 ], [ 7.295817987771382, 7.630603424776226 ], [ 7.29470897509678, 7.632410947862247 ], [ 7.293380505770147, 7.632378685179884 ], [ 7.2923065914771, 7.633099201793314 ], [ 7.291457655576134, 7.632658766818562 ], [ 7.290605958504742, 7.63237937761892 ], [ 7.289283651467173, 7.632400636129939 ], [ 7.288689794551622, 7.631779487724182 ], [ 7.285460503900153, 7.631832385664687 ], [ 7.284706184610677, 7.633368966857496 ], [ 7.282198454321568, 7.633707609410233 ], [ 7.282207419426574, 7.634254919413399 ], [ 7.28029792684431, 7.634513279080955 ], [ 7.280028087121535, 7.635331261300682 ], [ 7.278934214531244, 7.635592859583189 ], [ 7.278940540737636, 7.636002412614311 ], [ 7.278910698262461, 7.637222929477717 ], [ 7.278942816773061, 7.639148313657815 ], [ 7.278654619211402, 7.638846773923973 ], [ 7.277353323909799, 7.638524772088109 ], [ 7.276761266873712, 7.636397954974576 ], [ 7.275942486088522, 7.63585748280932 ], [ 7.275409506225888, 7.6344937976642 ], [ 7.273219125696194, 7.634219097410328 ], [ 7.273232322110252, 7.635032375166667 ], [ 7.272915070057557, 7.636546301322547 ], [ 7.272131909036722, 7.636921967898116 ], [ 7.270758050730811, 7.637745589014215 ], [ 7.270776040746217, 7.638817950644926 ], [ 7.270762120623515, 7.639374171509046 ], [ 7.269297940259086, 7.64007557249818 ], [ 7.268606286143728, 7.639351759767387 ], [ 7.266547598561523, 7.638941922910073 ], [ 7.266138025754135, 7.637665083657806 ], [ 7.265064255608186, 7.636627689551499 ], [ 7.264777129003411, 7.636327207010209 ], [ 7.264809536795761, 7.635007110640315 ], [ 7.264212310190278, 7.63352025178755 ], [ 7.263310398464631, 7.633979660821212 ], [ 7.262503897775856, 7.633560537424773 ], [ 7.261552818610361, 7.632257680162993 ], [ 7.262642425709221, 7.631735454069724 ], [ 7.263090865010683, 7.631273693062727 ], [ 7.261818966769951, 7.63065191116063 ], [ 7.262378222131429, 7.629835641043392 ], [ 7.262647734336943, 7.629105089883498 ], [ 7.260450868724265, 7.628739182872052 ], [ 7.259394270896554, 7.628190842307148 ], [ 7.258846302494631, 7.627922685260953 ], [ 7.258580053706298, 7.626532518436687 ], [ 7.256701794013081, 7.626563096972601 ], [ 7.255297432433836, 7.626270292362024 ], [ 7.254782428180081, 7.625731014136326 ], [ 7.254234466763791, 7.625462852572803 ], [ 7.253972331536406, 7.624371500119411 ], [ 7.250599674803047, 7.624058550929163 ], [ 7.250172849660774, 7.622728660271316 ], [ 7.249187053592766, 7.622405215073159 ], [ 7.248817947753664, 7.621638186560001 ], [ 7.248443478373867, 7.621276420162422 ], [ 7.247730480209967, 7.62163908391552 ], [ 7.246610094086476, 7.621900496479131 ], [ 7.245029499442709, 7.62107981723233 ], [ 7.244503257330821, 7.621088279235239 ], [ 7.244207422490827, 7.618891138210127 ], [ 7.244759126575153, 7.618366772690908 ], [ 7.244749720544144, 7.617807815750499 ], [ 7.243956369811691, 7.617041185346445 ], [ 7.243322099289776, 7.616066995938053 ], [ 7.243677982594886, 7.615383962702742 ], [ 7.243673313785833, 7.615096272917578 ], [ 7.24231444952491, 7.615118309469942 ], [ 7.241778324540308, 7.614557215823482 ], [ 7.240760741796863, 7.614223032073101 ], [ 7.240424283419342, 7.613267532669712 ], [ 7.241612499576104, 7.610558292097748 ], [ 7.239887708571842, 7.610214881886452 ], [ 7.238940199103469, 7.609887338065738 ], [ 7.237798635215557, 7.610271556766681 ], [ 7.236555792656577, 7.609322436181172 ], [ 7.236092643574575, 7.608837923613041 ], [ 7.235816569702424, 7.608570851989347 ], [ 7.235823009246129, 7.608294333161525 ], [ 7.233628050801384, 7.608019448599902 ], [ 7.232819694518337, 7.608852143866399 ], [ 7.232845617119157, 7.610431517486491 ], [ 7.232259064586878, 7.611556492590084 ], [ 7.230116279210353, 7.611504305487332 ], [ 7.229827805338549, 7.611801391931659 ], [ 7.228973947962976, 7.612073916742175 ], [ 7.228151023422824, 7.612054129943364 ], [ 7.227110417814982, 7.611513740418578 ], [ 7.226204214697193, 7.611216007142137 ], [ 7.224657617833286, 7.610413422242961 ], [ 7.223975279718323, 7.610424400843961 ], [ 7.223577440096957, 7.611233327230292 ], [ 7.223098441516004, 7.612151582600741 ], [ 7.22167688516618, 7.61283233947106 ], [ 7.221260962044057, 7.613260809051748 ], [ 7.220832379773343, 7.613668565362666 ], [ 7.219856553277062, 7.613644955314879 ], [ 7.218684145036898, 7.611207945319975 ], [ 7.217592532443772, 7.610937511717458 ], [ 7.217329375032853, 7.610117399082569 ], [ 7.216782975623786, 7.610126277190717 ], [ 7.214441125751397, 7.610068957830932 ], [ 7.213491499750735, 7.610388736255968 ], [ 7.212516746911555, 7.610365115857383 ], [ 7.212172103717, 7.608197456023195 ], [ 7.210264964285884, 7.607923643186393 ], [ 7.209237768688378, 7.606848204194233 ], [ 7.20848871977172, 7.606560093880834 ], [ 7.207823649909068, 7.607913559422331 ], [ 7.207262901317644, 7.608182483933899 ], [ 7.206619783246737, 7.609490476259522 ], [ 7.205644387899012, 7.60898421764952 ], [ 7.203737255973256, 7.608710376244968 ], [ 7.20347255847714, 7.607884427874675 ], [ 7.202381365190447, 7.607902155327984 ], [ 7.201808834491784, 7.607302731968511 ], [ 7.199605211773188, 7.607338618920552 ], [ 7.198847066180475, 7.609232570723573 ], [ 7.19797832174075, 7.609509737669873 ], [ 7.196680913154291, 7.610846243510236 ], [ 7.195763251095234, 7.611139094297429 ], [ 7.194473681710705, 7.611107235649937 ], [ 7.193788442230846, 7.611813209131474 ], [ 7.192583668273124, 7.610551579890742 ], [ 7.19172876562414, 7.610565496565294 ], [ 7.190272425459777, 7.611306388458192 ], [ 7.189325662794815, 7.610815049336017 ], [ 7.188277050466855, 7.610302092784002 ], [ 7.187089519058472, 7.609491355093635 ], [ 7.186069918214258, 7.610541321991812 ], [ 7.185518310401958, 7.610527887883232 ], [ 7.184177022801889, 7.61054928910301 ], [ 7.183891035809508, 7.610249833604015 ], [ 7.181712090608239, 7.609974758175558 ], [ 7.181174876825117, 7.609695967418494 ], [ 7.180083313580233, 7.609425445677352 ], [ 7.179634514619213, 7.608955780560383 ], [ 7.179137525134044, 7.609966599322031 ], [ 7.178718394442392, 7.61077060745351 ], [ 7.178722536321177, 7.611047161480234 ], [ 7.178444260030002, 7.611311932236196 ], [ 7.178175411566844, 7.611858577083221 ], [ 7.177798566067354, 7.6125811772389 ], [ 7.177348181390335, 7.612109914407371 ], [ 7.17736800977852, 7.611312705698708 ], [ 7.177086161169077, 7.611040282131317 ], [ 7.176551878674284, 7.610068569953969 ], [ 7.177487339247874, 7.608704658520193 ], [ 7.176959603687152, 7.60819439703397 ], [ 7.176285620619581, 7.607489098429586 ], [ 7.17491514536758, 7.607510880096821 ], [ 7.17494130788617, 7.609108751465644 ], [ 7.174084908020877, 7.610357500733765 ], [ 7.172465986886185, 7.610744289814506 ], [ 7.172194834095996, 7.611833394495701 ], [ 7.171101022087179, 7.612094718959958 ], [ 7.170275731013455, 7.612514513478235 ], [ 7.170286175253865, 7.613181526171795 ], [ 7.170007893383081, 7.613446289926325 ], [ 7.169689192337961, 7.614727492775614 ], [ 7.168706535667879, 7.615068213178513 ], [ 7.168380983580659, 7.6137106524241 ], [ 7.168104959366604, 7.613443546772301 ], [ 7.16783959873681, 7.613165889793472 ], [ 7.167302355239895, 7.612646572752241 ], [ 7.167026047117857, 7.612071675147646 ], [ 7.166210445264773, 7.612085176923121 ], [ 7.16571256431159, 7.611050040229197 ], [ 7.163463945071924, 7.611807607245816 ], [ 7.162949853678252, 7.612336776246865 ], [ 7.161568269276242, 7.61259685492 ], [ 7.161048133377903, 7.612052176251844 ], [ 7.160228431346166, 7.611782759519 ], [ 7.159691235842803, 7.611503944905269 ], [ 7.158606116100387, 7.610972758336128 ], [ 7.158336657920145, 7.610413249083916 ], [ 7.158061800807739, 7.609874908496602 ], [ 7.157804553503259, 7.607698634160831 ], [ 7.157513770111015, 7.607160226068192 ], [ 7.15698901358808, 7.607700466619345 ], [ 7.156296069255281, 7.607963457756773 ], [ 7.155902944835864, 7.607145962243 ], [ 7.15535913916884, 7.607422300770396 ], [ 7.15480901628305, 7.607685896974177 ], [ 7.154530637881571, 7.607972369518279 ], [ 7.153723156696173, 7.607952509517204 ], [ 7.15290757053191, 7.607965458209474 ], [ 7.151100956561402, 7.607921205732275 ], [ 7.149646518709188, 7.608211663670782 ], [ 7.148888941711952, 7.608193067192916 ], [ 7.148511811904798, 7.606621265991126 ], [ 7.148839676859519, 7.606309581082761 ], [ 7.14910855299248, 7.605762962357214 ], [ 7.149400699902858, 7.605485028602112 ], [ 7.148303548224051, 7.604424016903828 ], [ 7.148031109390278, 7.603573128409606 ], [ 7.147489146413327, 7.603049007457535 ], [ 7.147224970266105, 7.602500113526103 ], [ 7.146134353083781, 7.602517705243886 ], [ 7.145873947993656, 7.600595706503138 ], [ 7.145576057270009, 7.599243563520107 ], [ 7.144518255635664, 7.599781510130486 ], [ 7.14418114997245, 7.599773182283292 ], [ 7.14343910644865, 7.597872963921979 ], [ 7.142891278737017, 7.597604685672041 ], [ 7.142615374537209, 7.59731584989288 ], [ 7.142648162150365, 7.595986841381974 ], [ 7.142355776437385, 7.595703762204866 ], [ 7.142074587529197, 7.59540960573864 ], [ 7.140728597978004, 7.595431392638327 ], [ 7.140038469077742, 7.59541413445387 ], [ 7.139647485782898, 7.59460193920043 ], [ 7.13937149313325, 7.594334822236368 ], [ 7.139106164014117, 7.594057154700309 ], [ 7.138558344585309, 7.593788872758423 ], [ 7.137566311095518, 7.593111836228513 ], [ 7.136889088089281, 7.592071680612325 ], [ 7.135851226318965, 7.592421101918042 ], [ 7.135440867448565, 7.592411394740052 ], [ 7.134625318543047, 7.592424316019333 ], [ 7.133945813166322, 7.592407623854219 ], [ 7.133410079404016, 7.592415917652542 ], [ 7.132820486775424, 7.592109837687019 ], [ 7.132291956891522, 7.591556626400222 ], [ 7.130688260525877, 7.590771528609249 ], [ 7.129934585287153, 7.589982138656652 ], [ 7.129542329254712, 7.591557511781573 ], [ 7.126878049636665, 7.59183474687243 ], [ 7.126606697419547, 7.592950286122154 ], [ 7.127286354515756, 7.594280235009183 ], [ 7.126863952878272, 7.595089457320392 ], [ 7.126331525675454, 7.596172083948719 ], [ 7.12577076857823, 7.596440894744588 ], [ 7.125306262247333, 7.596918841255516 ], [ 7.124809149313223, 7.598915960517563 ], [ 7.124051051295632, 7.600368959185407 ], [ 7.12439693157893, 7.60104588128237 ], [ 7.124659897460925, 7.601866007323808 ], [ 7.12520771298901, 7.602134307113415 ], [ 7.125520263080826, 7.602784598437857 ], [ 7.125132078989358, 7.604269391216754 ], [ 7.123560816097712, 7.604568261118529 ], [ 7.1232919125722, 7.605114856359668 ], [ 7.123013615560582, 7.605379584323577 ], [ 7.122745889917781, 7.60565495383981 ], [ 7.121876076741862, 7.60593248348071 ], [ 7.119758414455932, 7.605880398243856 ], [ 7.119479178314744, 7.606725720698625 ], [ 7.118887021245229, 7.607860515665513 ], [ 7.118107565644921, 7.608601424873989 ], [ 7.117828075199746, 7.611329457323306 ], [ 7.117539876141151, 7.612158315621068 ], [ 7.114821936826811, 7.613752153732324 ], [ 7.114553014972079, 7.614298739222599 ], [ 7.113731033308433, 7.614561091810783 ], [ 7.113447296344611, 7.614852804950326 ], [ 7.111918352021989, 7.614814889190183 ], [ 7.111494345517078, 7.616099256516183 ], [ 7.110415825364447, 7.616987698036086 ], [ 7.108825557325547, 7.616161775575385 ], [ 7.108009974852652, 7.616174635607079 ], [ 7.108020310358157, 7.616844274461948 ], [ 7.107998976783527, 7.617712958322167 ], [ 7.106703786115538, 7.618125792663556 ], [ 7.106099818360776, 7.620244765367564 ], [ 7.106641206197366, 7.620768398628359 ], [ 7.106906521760838, 7.621046084630798 ], [ 7.108269862058182, 7.62131797495252 ], [ 7.108535179169646, 7.621595660290351 ], [ 7.108811161218483, 7.621862796176726 ], [ 7.109074028332894, 7.622698818634363 ], [ 7.108522194297771, 7.623222970591838 ], [ 7.108533032572952, 7.623898438549235 ], [ 7.108494930180215, 7.625441409965336 ], [ 7.107671702102882, 7.626223416189372 ], [ 7.107715525715151, 7.628936944107688 ], [ 7.108783638404257, 7.629459704552874 ], [ 7.10875915556313, 7.630439619426577 ], [ 7.107947424689017, 7.631623218531479 ], [ 7.107649013347685, 7.632229526283366 ], [ 7.106438670372726, 7.633379590165766 ], [ 7.106852219221213, 7.63460192551165 ], [ 7.107109112266948, 7.636794590676132 ], [ 7.105222262618555, 7.636748176796112 ], [ 7.104938502927396, 7.637039879067472 ], [ 7.10466017207416, 7.637304587042557 ], [ 7.104243343381946, 7.638151931683867 ], [ 7.102482316932545, 7.638108705689007 ], [ 7.099354227669637, 7.63862680999254 ], [ 7.098937385510763, 7.639474675454285 ], [ 7.098202090946326, 7.640173341966937 ], [ 7.097336092202138, 7.638371595355714 ], [ 7.097010938749905, 7.638057617421558 ], [ 7.09573408292557, 7.637432196434411 ], [ 7.096241745108146, 7.636459186677172 ], [ 7.096510708203946, 7.63591262222202 ], [ 7.097003387123959, 7.635924857857359 ], [ 7.097326320872257, 7.635900322971402 ], [ 7.096646942636477, 7.635243103743377 ], [ 7.096248972401457, 7.634826565637066 ], [ 7.095701770261092, 7.634297595764697 ], [ 7.095712125181707, 7.63387755880478 ], [ 7.095701829117329, 7.63320474606252 ], [ 7.096341514599667, 7.632272047444405 ], [ 7.09596250735941, 7.631530333841456 ], [ 7.096329726310382, 7.628095010927688 ], [ 7.096002996071927, 7.627778908042762 ], [ 7.095740085363999, 7.626958775024846 ], [ 7.095464111005773, 7.626691632047003 ], [ 7.095020073235546, 7.625768462025395 ], [ 7.095475418042365, 7.625335552768015 ], [ 7.095746933844092, 7.624209465486667 ], [ 7.095205020879578, 7.622606742114237 ], [ 7.09521799365339, 7.62207441187005 ], [ 7.094672582643512, 7.621263631816423 ], [ 7.094407906909248, 7.62084344372427 ], [ 7.095350730969666, 7.620392548665207 ], [ 7.094832066059308, 7.618335942488984 ], [ 7.093579106498974, 7.617722289283225 ], [ 7.092923882949096, 7.617732647212606 ], [ 7.09232664223438, 7.617717833102758 ], [ 7.091742194747751, 7.615892432921497 ], [ 7.090321870252072, 7.615548731028129 ], [ 7.089263987895501, 7.616086515710331 ], [ 7.088474041779948, 7.616067138147827 ], [ 7.087381870864471, 7.616434720785474 ], [ 7.087051951778317, 7.615404516808614 ], [ 7.085976150564709, 7.614715876453176 ], [ 7.085188895894718, 7.615526070439294 ], [ 7.08407914733782, 7.615787089496041 ], [ 7.083559129313892, 7.615242340760931 ], [ 7.082643547932668, 7.614941108041116 ], [ 7.080567457060449, 7.614974292608247 ], [ 7.079072518249059, 7.614937471562137 ], [ 7.078118368849203, 7.614952310015911 ], [ 7.077331228212519, 7.614543571681198 ], [ 7.077044841661039, 7.61304368613392 ], [ 7.076354959304532, 7.61237581012553 ], [ 7.075691742233464, 7.611681564297122 ], [ 7.074873344081094, 7.611140781790384 ], [ 7.07434277428329, 7.610585384363459 ], [ 7.071602994660793, 7.610038704486208 ], [ 7.071080359181064, 7.60949128560698 ], [ 7.070356658961477, 7.608790939728818 ], [ 7.06917709479571, 7.608403222367599 ], [ 7.06891181506384, 7.608125521059815 ], [ 7.068364045552923, 7.607857156971167 ], [ 7.068101372226606, 7.606759974815512 ], [ 7.066604608800606, 7.606784027982362 ], [ 7.065245611645602, 7.606750421429545 ], [ 7.064568643967546, 7.606761173100034 ], [ 7.064298086066761, 7.606477619634379 ], [ 7.063947083183772, 7.606137556036692 ], [ 7.062928309553465, 7.60648050861986 ], [ 7.062941143668115, 7.607288402241558 ], [ 7.061647558841585, 7.607821884356516 ], [ 7.060141212305656, 7.606670405904093 ], [ 7.059323737145384, 7.605813887375402 ], [ 7.058590994706581, 7.606186184757116 ], [ 7.058313887300152, 7.606179646300061 ], [ 7.058034191317307, 7.606748380441752 ], [ 7.056547266785369, 7.606711524938238 ], [ 7.056003574048662, 7.606719681759567 ], [ 7.055336818867076, 7.60670344942539 ], [ 7.054509994652543, 7.606981555161966 ], [ 7.053416197610781, 7.607242568057856 ], [ 7.053148436831314, 7.607517883221134 ], [ 7.052326460923347, 7.607780113258755 ], [ 7.051240154147064, 7.608145510462295 ], [ 7.04979991500144, 7.607646390562677 ], [ 7.04933802314424, 7.608585633038554 ], [ 7.04877194018856, 7.608849006572294 ], [ 7.048251983640045, 7.60830422858654 ], [ 7.047417037048372, 7.608029780228421 ], [ 7.046223366064364, 7.606779023098228 ], [ 7.046902666037083, 7.60613370192827 ], [ 7.047176561763605, 7.604502326190515 ], [ 7.047671426568919, 7.603080126097267 ], [ 7.047185122159963, 7.602609132441294 ], [ 7.046924767453277, 7.601246569902668 ], [ 7.046628491946653, 7.600666248964229 ], [ 7.046091974314589, 7.600146823528481 ], [ 7.04290731319344, 7.599511639201519 ], [ 7.04248852046533, 7.598202925167577 ], [ 7.040908792656335, 7.597684088018243 ], [ 7.039864174980416, 7.596588675243678 ], [ 7.038788313647292, 7.596062041916469 ], [ 7.038251251028629, 7.595783100876488 ], [ 7.036954142397731, 7.595461526163086 ], [ 7.035983370395226, 7.596111340893486 ], [ 7.035256359364724, 7.596859725694829 ], [ 7.034978029151961, 7.597124385090409 ], [ 7.034602398597121, 7.597888130618057 ], [ 7.031983149098754, 7.59819568513657 ], [ 7.03103263721068, 7.599173474677072 ], [ 7.030625920432113, 7.59790295234639 ], [ 7.029946187143886, 7.597245135808121 ], [ 7.029537755528427, 7.596817389308606 ], [ 7.02956438734543, 7.595750127382549 ], [ 7.02819258987856, 7.594929193924467 ], [ 7.027916781892394, 7.594640304737183 ], [ 7.028009040433698, 7.590940112247878 ], [ 7.026848647401985, 7.589399722005392 ], [ 7.021422102832511, 7.589485231663572 ], [ 7.020875788604279, 7.588912770374501 ], [ 7.020888836114228, 7.588381524008202 ], [ 7.020612938826066, 7.58811435084463 ], [ 7.020331856207352, 7.587820137391654 ], [ 7.019111275907839, 7.587839473419477 ], [ 7.018713129944962, 7.588648123896897 ], [ 7.017582222545054, 7.58890888358027 ], [ 7.016409830861249, 7.58768042401191 ], [ 7.01445320422491, 7.585787297972339 ], [ 7.013694110084334, 7.586931721084147 ], [ 7.012896575278751, 7.587313177654105 ], [ 7.009741938111097, 7.587234651311229 ], [ 7.008858797018175, 7.58902950934973 ], [ 7.007088500641965, 7.589451521922766 ], [ 7.006745007879178, 7.590491889243808 ], [ 7.006465420264455, 7.591027733521962 ], [ 7.006142807176913, 7.591683625534591 ], [ 7.004827088409717, 7.592647485648619 ], [ 7.004555049770149, 7.592926982997548 ], [ 7.00429128919516, 7.592102600684031 ], [ 7.00277384185117, 7.591799519320641 ], [ 7.002393666555551, 7.591009032957372 ], [ 7.001031821700479, 7.590465644683489 ], [ 7.000763434617295, 7.590184723232686 ], [ 6.999924786995062, 7.591303317813386 ], [ 6.999953858594774, 7.593167498963269 ], [ 6.999147091468704, 7.593933981438878 ], [ 6.997015112306294, 7.594270054370704 ], [ 6.99661613241001, 7.595478067711871 ], [ 6.995027040047853, 7.59585689026943 ], [ 6.994759260277709, 7.596132161750659 ], [ 6.994480912580957, 7.596396788882233 ], [ 6.99418171626079, 7.598179462077275 ], [ 6.993102686149507, 7.598695706309059 ], [ 6.993117458317126, 7.599630178165995 ], [ 6.992756420646119, 7.601008924847032 ], [ 6.991880029204117, 7.600986860005939 ], [ 6.991105407826107, 7.600999166672153 ], [ 6.991485599189009, 7.602124433731792 ], [ 6.991454296458546, 7.603375985013545 ], [ 6.988688004227325, 7.602654952269646 ], [ 6.988203106056854, 7.603153275771791 ], [ 6.986293895585956, 7.603410329161837 ], [ 6.985754296714402, 7.603684330468277 ], [ 6.984660511851395, 7.603945161307809 ], [ 6.984120911719632, 7.604219160127442 ], [ 6.983298934555783, 7.604481250075784 ], [ 6.98302987558576, 7.60502771331026 ], [ 6.981392468671931, 7.605286006087842 ], [ 6.980852865635548, 7.605559999838296 ], [ 6.980302694733257, 7.605823348331513 ], [ 6.979360249811536, 7.606302046957523 ], [ 6.978938774031149, 7.607991953039764 ], [ 6.97866040974487, 7.608256565334681 ], [ 6.978139749580472, 7.6087923153448 ], [ 6.97723786632152, 7.609223523354464 ], [ 6.975664134626736, 7.609598620613709 ], [ 6.975391244583046, 7.610958678907364 ], [ 6.975112876325553, 7.611223287812495 ], [ 6.974584905571011, 7.612296643233256 ], [ 6.974291073240437, 7.612575481503179 ], [ 6.974021996574244, 7.613121934625923 ], [ 6.971688862305212, 7.613766786557212 ], [ 6.9693415817727, 7.613355868427198 ], [ 6.968160254317955, 7.613374166214856 ], [ 6.967765199690457, 7.614177455453151 ], [ 6.965716762218913, 7.614566703836111 ], [ 6.965315049862278, 7.614979570614869 ], [ 6.964173852067067, 7.615718433524385 ], [ 6.962094116577992, 7.614865375068899 ], [ 6.96177892566423, 7.615505355565833 ], [ 6.961228735226648, 7.615768673295468 ], [ 6.960827018249023, 7.616181534453196 ], [ 6.960409449252637, 7.616578429596576 ], [ 6.959897296195178, 7.617105184154593 ], [ 6.959045249890565, 7.617656819863678 ], [ 6.958643529116952, 7.61806967794008 ], [ 6.958225956375769, 7.618466569926047 ], [ 6.957802359278693, 7.618902101163101 ], [ 6.957408086884742, 7.620095233870725 ], [ 6.956422094059348, 7.620566776175606 ], [ 6.954537990147517, 7.620889994478159 ], [ 6.954130570632645, 7.620041617600394 ], [ 6.952008945634215, 7.620074490441613 ], [ 6.951690967542096, 7.621966640478933 ], [ 6.950615768319271, 7.622662863662971 ], [ 6.950321570739866, 7.624129779431772 ], [ 6.949496261103567, 7.624524727415718 ], [ 6.94864528837846, 7.624957159382984 ], [ 6.947322438055027, 7.624923870136968 ], [ 6.946509687556238, 7.625467714754845 ], [ 6.945282969048661, 7.625760106030505 ], [ 6.945783164581674, 7.627745116757957 ], [ 6.946224959835672, 7.628173086473859 ], [ 6.946492266552063, 7.629008620661449 ], [ 6.947033945471201, 7.629532938939486 ], [ 6.947295832059081, 7.630503518842215 ], [ 6.945503638483365, 7.631360520818725 ], [ 6.945955376736274, 7.633153554555448 ], [ 6.945906311326929, 7.635089872389027 ], [ 6.945925439389616, 7.636309312593442 ], [ 6.944925795668894, 7.636627669685541 ], [ 6.944540320506262, 7.637411366808375 ], [ 6.943981384478179, 7.637941576079808 ], [ 6.942383515017258, 7.637901654566355 ], [ 6.942099671340653, 7.638193221267495 ], [ 6.941821266239675, 7.638457798337726 ], [ 6.941553249939922, 7.638770097304826 ], [ 6.942159985294894, 7.640565990159503 ], [ 6.941809578039114, 7.640898553647461 ], [ 6.9415378397759, 7.641987360184481 ], [ 6.939356652261406, 7.642242856648012 ], [ 6.939087508412686, 7.642789270643074 ], [ 6.93849296643537, 7.643655650223658 ], [ 6.937731870764696, 7.644378217519616 ], [ 6.932549285117076, 7.644651102260175 ], [ 6.932028526200799, 7.645186768969999 ], [ 6.931458063977942, 7.645459471039465 ], [ 6.930876342042961, 7.645754895290945 ], [ 6.930372122299223, 7.646273158698879 ], [ 6.929854759174149, 7.646764343965501 ], [ 6.927916477272437, 7.647069670649116 ], [ 6.927648625072713, 7.647344880183908 ], [ 6.926825243181841, 7.647878023633049 ], [ 6.926557389820232, 7.648153232157222 ], [ 6.923534389523829, 7.648466033678795 ], [ 6.921659260629304, 7.649214449255505 ], [ 6.92052389728844, 7.649484940545442 ], [ 6.917330252417987, 7.649404378373975 ], [ 6.916899674237277, 7.650279450996817 ], [ 6.916227607335562, 7.650262432403102 ], [ 6.914896531625782, 7.650709934135466 ], [ 6.914581239073223, 7.651349853398754 ], [ 6.913531067227137, 7.652879256781651 ], [ 6.913203637867518, 7.655139936262836 ], [ 6.912867757746718, 7.656735824491467 ], [ 6.910726719848064, 7.657021008446791 ], [ 6.91020693976601, 7.656476095954369 ], [ 6.909225232169716, 7.655826713953125 ], [ 6.908416321056854, 7.65458334075457 ], [ 6.906406588641122, 7.654293382561663 ], [ 6.905537136466736, 7.653381820002353 ], [ 6.903694943556773, 7.652924227946734 ], [ 6.903338396114298, 7.652550660637202 ], [ 6.902612948717818, 7.652918964632421 ], [ 6.901488737959814, 7.653186806369563 ], [ 6.900187400433554, 7.653847330705299 ], [ 6.899896046458044, 7.652629245006428 ], [ 6.899620214214319, 7.652362004387983 ], [ 6.899356379280234, 7.651813033490384 ], [ 6.898686876232691, 7.651165155522509 ], [ 6.896276883845808, 7.649571794479308 ], [ 6.895286981361242, 7.649086549769825 ], [ 6.894900703161108, 7.648282207104309 ], [ 6.894488188672637, 7.646765325318103 ], [ 6.895345496005957, 7.646355833081479 ], [ 6.896387613769018, 7.645284616306939 ], [ 6.897083691335729, 7.644623266650703 ], [ 6.897489469586913, 7.643396926905547 ], [ 6.898157335141283, 7.642423988643102 ], [ 6.898590009213027, 7.640690347146329 ], [ 6.899227401537427, 7.640084851601838 ], [ 6.900011541564105, 7.638130452934624 ], [ 6.900515378062014, 7.636062927539601 ], [ 6.899860148882246, 7.634778455398972 ], [ 6.898892284944969, 7.63445965176542 ], [ 6.898355317647926, 7.634180548876601 ], [ 6.895361367887685, 7.633900079891891 ], [ 6.895097544008857, 7.633351110519737 ], [ 6.894278101010033, 7.633081222216346 ], [ 6.893470656202446, 7.632529603276777 ], [ 6.89292302751258, 7.632261037836338 ], [ 6.891845104643091, 7.631436905095398 ], [ 6.891026997896828, 7.630895825811138 ], [ 6.890227538901063, 7.628717085694767 ], [ 6.886104053602521, 7.628409334275577 ], [ 6.885340325954866, 7.627608444039179 ], [ 6.884650804082684, 7.626940334574204 ], [ 6.883987957261043, 7.626245870489287 ], [ 6.882996739684324, 7.625286023644291 ], [ 6.882640930306735, 7.62379855518188 ], [ 6.882365125420098, 7.623531311185952 ], [ 6.882102656407675, 7.622711155039728 ], [ 6.881571028055493, 7.621136490983179 ], [ 6.881301916807585, 7.619724131065409 ], [ 6.881027448324875, 7.619185702386829 ], [ 6.880499851110396, 7.618087761324733 ], [ 6.879950917034379, 7.617010903093314 ], [ 6.879404411001855, 7.615872614808588 ], [ 6.877125633037153, 7.613667031596996 ], [ 6.876164434292071, 7.613195682049872 ], [ 6.875899308058005, 7.612917894575168 ], [ 6.875023581208172, 7.61233891013215 ], [ 6.874275215980346, 7.611553978357601 ], [ 6.872552877674937, 7.610415215554323 ], [ 6.871164959024727, 7.60895976026985 ], [ 6.870717460908283, 7.608526413362436 ], [ 6.869666784403941, 7.608011182011289 ], [ 6.869269106957203, 7.607594498676232 ], [ 6.868333437566627, 7.606688406635687 ], [ 6.868050745500193, 7.606099616505016 ], [ 6.866678575737539, 7.604471031645053 ], [ 6.866153550756224, 7.605010826700752 ], [ 6.865096427356976, 7.605695248023371 ], [ 6.864786558354172, 7.606631230538292 ], [ 6.864236355049225, 7.606894412129543 ], [ 6.863498738877993, 7.607268959452048 ], [ 6.862883665880238, 7.608518055036304 ], [ 6.861345558883288, 7.608884412565137 ], [ 6.860693584563341, 7.60986531097682 ], [ 6.860140685602453, 7.610670847770979 ], [ 6.860158307379367, 7.611827190859606 ], [ 6.857952887948726, 7.613371913685508 ], [ 6.857677481971751, 7.61420477109792 ], [ 6.857130771833744, 7.614723784194877 ], [ 6.856862912198529, 7.614998943340432 ], [ 6.855497313490315, 7.615258074091259 ], [ 6.855225405529223, 7.616346772420612 ], [ 6.853074980354317, 7.616754548749055 ], [ 6.852496656612529, 7.618502740708716 ], [ 6.851674637750514, 7.618764551601747 ], [ 6.851405420309905, 7.619310885122692 ], [ 6.85031160418766, 7.619571343680973 ], [ 6.850039678252179, 7.6206600341371 ], [ 6.849492972529642, 7.621706574102953 ], [ 6.849163621148325, 7.623025378802162 ], [ 6.848102353452334, 7.623356965250375 ], [ 6.847367768015904, 7.622586365308695 ], [ 6.847043419613038, 7.620884546648552 ], [ 6.846094052875729, 7.619965101721877 ], [ 6.845696396476828, 7.619548400213984 ], [ 6.845396968375473, 7.619552736840234 ], [ 6.843788380849935, 7.620628937142868 ], [ 6.842950431539077, 7.620890649478642 ], [ 6.842430791066425, 7.62034569014638 ], [ 6.841856683082313, 7.620076940647701 ], [ 6.840612895468059, 7.620708444624184 ], [ 6.840256436295967, 7.620334846259919 ], [ 6.838666820141215, 7.620061024817371 ], [ 6.83834601257234, 7.621893091567221 ], [ 6.839703329731711, 7.622230375029447 ], [ 6.839968430476654, 7.622508179678687 ], [ 6.840509936913749, 7.623032593909771 ], [ 6.840776887143492, 7.623894618990834 ], [ 6.83995757685479, 7.624672301610425 ], [ 6.839688261072259, 7.625234511689823 ], [ 6.840229241311227, 7.62575839472534 ], [ 6.840495515796861, 7.628025066051688 ], [ 6.841891645464189, 7.630472166287833 ], [ 6.843405257246059, 7.631937337765017 ], [ 6.844264199903797, 7.633105811103576 ], [ 6.845083585221245, 7.633375785676106 ], [ 6.845348695217556, 7.633653589784138 ], [ 6.845762365873252, 7.634054485070919 ], [ 6.846354903495846, 7.634675550279987 ], [ 6.846762566676247, 7.636382553388929 ], [ 6.847512232445458, 7.636370928879836 ], [ 6.847792502803302, 7.636378152279355 ], [ 6.847772773909411, 7.637137584530456 ], [ 6.845520464124487, 7.638786303868073 ], [ 6.847499949904517, 7.639353906054705 ], [ 6.848057522744365, 7.639643761167733 ], [ 6.85011540323064, 7.639612168658264 ], [ 6.851019979869533, 7.641003851733768 ], [ 6.85131214559405, 7.641287085373804 ], [ 6.851285008301259, 7.642361100544928 ], [ 6.851628713004198, 7.643379229089749 ], [ 6.85113315909927, 7.643849748048429 ], [ 6.850732995690157, 7.645096693295971 ], [ 6.851271350687769, 7.646152337843017 ], [ 6.851855795584053, 7.647652598021264 ], [ 6.852615493355477, 7.649142077354228 ], [ 6.852876467104404, 7.650249308066958 ], [ 6.852330228461643, 7.650767772873838 ], [ 6.852342587929231, 7.651586689602808 ], [ 6.851779809551744, 7.652120960328366 ], [ 6.851402946845195, 7.655072995313742 ], [ 6.84986078618314, 7.655365619632606 ], [ 6.849590170999341, 7.656183122825374 ], [ 6.849037171366034, 7.656988621459489 ], [ 6.848765192206843, 7.658077301871115 ], [ 6.848479476071065, 7.658623541661208 ], [ 6.847941729284137, 7.658610261861498 ], [ 6.84766086550481, 7.659458430814601 ], [ 6.846684107530793, 7.660385746576002 ], [ 6.845473281615951, 7.660771107503765 ], [ 6.845490131954604, 7.661854871214274 ], [ 6.845465715963325, 7.662803895458045 ], [ 6.845486952850301, 7.664176344488194 ], [ 6.84682475542048, 7.66483187040501 ], [ 6.847386650841666, 7.666274291939722 ], [ 6.848106388244026, 7.667685723918638 ], [ 6.848429368148612, 7.669763070716492 ], [ 6.847880420508911, 7.670813284316038 ], [ 6.847609783898187, 7.671630781959825 ], [ 6.847331309793775, 7.671895275778584 ], [ 6.847062035338431, 7.672441594531484 ], [ 6.846766111130914, 7.67300843559675 ], [ 6.846802932946784, 7.675397376586031 ], [ 6.84649671673339, 7.675687683318448 ], [ 6.846224706404398, 7.676776356154181 ], [ 6.845130734495722, 7.677036759283651 ], [ 6.844860085850649, 7.677854252423855 ], [ 6.844037942512155, 7.678116015147209 ], [ 6.843765923081254, 7.679204684144259 ], [ 6.842943776826806, 7.679466443849302 ], [ 6.842671752980543, 7.680555111076772 ], [ 6.842038409518338, 7.680858070935473 ], [ 6.841413065234483, 7.68336125971882 ], [ 6.841835739661101, 7.684613371921269 ], [ 6.842094020127539, 7.686247070520979 ], [ 6.842380804276674, 7.687388331589972 ], [ 6.842348293779296, 7.688673643890558 ], [ 6.84268413548513, 7.68966843697472 ], [ 6.841499278381158, 7.690045418727705 ], [ 6.84044494963118, 7.690018927002871 ], [ 6.840164644013425, 7.692215584447261 ], [ 6.839072541667259, 7.693251914357152 ], [ 6.838524273432676, 7.694364604398342 ], [ 6.836556288896416, 7.694628509673869 ], [ 6.834325048278729, 7.695187152512112 ], [ 6.833891838751271, 7.696537168558006 ], [ 6.834430175573305, 7.697592838314391 ], [ 6.834692470596934, 7.698428897420198 ], [ 6.8341461384613, 7.698947314793142 ], [ 6.83387682270573, 7.699493615202985 ], [ 6.833038704898098, 7.699755262608441 ], [ 6.832519012824005, 7.699210269968776 ], [ 6.83192794047428, 7.698920208425698 ], [ 6.830423625364649, 7.698943315302693 ], [ 6.830068263063965, 7.700016708640742 ], [ 6.829515153804244, 7.700822154584513 ], [ 6.829139065097341, 7.701585595417041 ], [ 6.827974380820316, 7.701955744151551 ], [ 6.827333251741275, 7.703257022194195 ], [ 6.826740226325254, 7.704391172978734 ], [ 6.826232292800614, 7.704873224113896 ], [ 6.825955962179919, 7.70679127354118 ], [ 6.826496995846744, 7.707315196132081 ], [ 6.826754150256052, 7.709155447544409 ], [ 6.825393222965882, 7.709479036060181 ], [ 6.825122501977005, 7.710296499333735 ], [ 6.824843986060019, 7.710560967200834 ], [ 6.824530652702403, 7.711196542784141 ], [ 6.823968160602074, 7.712897034433638 ], [ 6.82319317522478, 7.713267023723911 ], [ 6.823207965624882, 7.714216229937991 ], [ 6.823183425102592, 7.715173180609616 ], [ 6.823735557504154, 7.715707758215295 ], [ 6.824133249939595, 7.716124497294568 ], [ 6.824546953126938, 7.716525428303246 ], [ 6.824836965435029, 7.717129115248943 ], [ 6.824788519092778, 7.719022895521467 ], [ 6.824089821880868, 7.720358292342185 ], [ 6.824527314857412, 7.722544263175017 ], [ 6.825221774243413, 7.723906349803286 ], [ 6.824769104004298, 7.725204333432208 ], [ 6.824492809515268, 7.727106485761048 ], [ 6.823640403886012, 7.727657743260109 ], [ 6.823127956434992, 7.728184250293508 ], [ 6.822849424797887, 7.728448713043357 ], [ 6.822578677062532, 7.729266169303615 ], [ 6.821497587661283, 7.729782356533968 ], [ 6.821215203592408, 7.730072751681406 ], [ 6.820657604113509, 7.73060167119622 ], [ 6.820666417375326, 7.731160494502577 ], [ 6.821222412174619, 7.731151680692387 ], [ 6.822015657979391, 7.731990985257178 ], [ 6.821469260338936, 7.732509369368087 ], [ 6.821180407538844, 7.736852066635016 ], [ 6.820895110281711, 7.737398264353381 ], [ 6.820911364290133, 7.738472472659231 ], [ 6.820345598795075, 7.739554298893026 ], [ 6.819837437927155, 7.740585572024027 ], [ 6.82135894747214, 7.740963575389858 ], [ 6.821780162290056, 7.742282432144625 ], [ 6.822511415805851, 7.742271339012704 ], [ 6.822768700326166, 7.744182035479729 ], [ 6.823588254246872, 7.744452105464464 ], [ 6.824203087464691, 7.745398020477533 ], [ 6.823846460918297, 7.746080504578548 ], [ 6.823575694166962, 7.746897958251705 ], [ 6.823295754148003, 7.747433590542567 ], [ 6.823324366655672, 7.749306043358298 ], [ 6.822971649186946, 7.749640037646977 ], [ 6.823312104705467, 7.751692046429446 ], [ 6.822265301460448, 7.754408552664907 ], [ 6.822940848453102, 7.755734010740125 ], [ 6.822163641520673, 7.756105552748503 ], [ 6.821895651240236, 7.756380657451671 ], [ 6.820826787437202, 7.757394754080464 ], [ 6.820527885369527, 7.758000728585407 ], [ 6.820221044685892, 7.758292050610293 ], [ 6.8178078495887, 7.758230419341512 ], [ 6.816711800272692, 7.759879408221457 ], [ 6.816161360633432, 7.760142463296996 ], [ 6.815893364210747, 7.760417562371006 ], [ 6.814785342409433, 7.760680929051827 ], [ 6.813987218875334, 7.761500954075083 ], [ 6.81371415721027, 7.761214600567183 ], [ 6.812895987570524, 7.760673333728871 ], [ 6.811852493616455, 7.759959830332712 ], [ 6.810484165557591, 7.760654035940426 ], [ 6.809323023071288, 7.760920820702307 ], [ 6.80783362605092, 7.759358643389342 ], [ 6.807466548328251, 7.760103017511073 ], [ 6.806628298573249, 7.760364574426687 ], [ 6.806103317467445, 7.759813686778841 ], [ 6.805531359928862, 7.759822388035206 ], [ 6.804474495284993, 7.760358756030159 ], [ 6.803902224869886, 7.760632273267859 ], [ 6.80311376148779, 7.760611781406361 ], [ 6.802706417305515, 7.761030211153318 ], [ 6.80174156809836, 7.761945739700684 ], [ 6.801745864508343, 7.762242890344357 ], [ 6.800920193335254, 7.762637439202122 ], [ 6.800110368527305, 7.76304795712067 ], [ 6.79930384835265, 7.763027363540077 ], [ 6.798192325179787, 7.763860026462447 ], [ 6.798200179217536, 7.76439129511119 ], [ 6.798190095697359, 7.764798005863089 ], [ 6.798199906836754, 7.765463284113516 ], [ 6.797902336465544, 7.766316050003775 ], [ 6.797914174550307, 7.767101565967632 ], [ 6.797888802621011, 7.768098214991892 ], [ 6.796547722457452, 7.767632594562386 ], [ 6.795694566962528, 7.768915719436622 ], [ 6.794619071452393, 7.769251222878104 ], [ 6.794096741173917, 7.76870351375562 ], [ 6.793811640750753, 7.768996511412875 ], [ 6.792730421692508, 7.769512586471601 ], [ 6.79246240650128, 7.769787664719452 ], [ 6.792187899121507, 7.769780940866269 ], [ 6.791372171810892, 7.769793118275806 ], [ 6.790542812404355, 7.769771856136634 ], [ 6.790563525186446, 7.768958971799096 ], [ 6.790095406432831, 7.768505286962196 ], [ 6.789204099400003, 7.768957195209282 ], [ 6.788926937847838, 7.768950455591562 ], [ 6.788658921316522, 7.76922553084776 ], [ 6.786477183750475, 7.769480042590635 ], [ 6.783875530477145, 7.77021643818503 ], [ 6.782936050991058, 7.769727449145152 ], [ 6.78214581995476, 7.769739212149778 ], [ 6.780409087904899, 7.769285777654551 ], [ 6.779146046339091, 7.768628256068841 ], [ 6.776285469890467, 7.768214477511211 ], [ 6.77588780269662, 7.767797694169578 ], [ 6.77561201612738, 7.767530375779432 ], [ 6.775209071168902, 7.767107737954217 ], [ 6.774791018979931, 7.767537197870171 ], [ 6.772630582826221, 7.767481917537945 ], [ 6.772312749851496, 7.768442059135888 ], [ 6.772738028035743, 7.770570755181899 ], [ 6.773695647779539, 7.771040262556368 ], [ 6.773984691903892, 7.773829754174101 ], [ 6.77393727004536, 7.775673150438155 ], [ 6.77339129324042, 7.776190912518418 ], [ 6.773123123722741, 7.776492454616339 ], [ 6.773661332964942, 7.777548183525011 ], [ 6.773917864462088, 7.779453022480681 ], [ 6.774189360876876, 7.780534363589975 ], [ 6.774182595181353, 7.780810266162305 ], [ 6.774569959144197, 7.781570729734395 ], [ 6.773905015018462, 7.781888195777661 ], [ 6.773636980767186, 7.782163256304781 ], [ 6.772555713268387, 7.782679263161175 ], [ 6.772273259181682, 7.782969605777464 ], [ 6.771977582600912, 7.783249815474513 ], [ 6.770186091265082, 7.783204382531693 ], [ 6.769808870728071, 7.784343219174048 ], [ 6.768720614558625, 7.785375565342202 ], [ 6.768344673310605, 7.80600896407236 ], [ 6.767932080597723, 7.8064002990431 ], [ 6.768476235133762, 7.807036606681456 ], [ 6.769160736755231, 7.80734581513132 ], [ 6.769682813050844, 7.807639866064783 ], [ 6.770357780308866, 7.807944785290772 ], [ 6.771305592846482, 7.809275445879343 ], [ 6.772505405407424, 7.80955400121672 ], [ 6.773203162525145, 7.81037013034137 ], [ 6.77559794661979, 7.811844523487742 ], [ 6.775910715370591, 7.812553757066325 ], [ 6.776341565324387, 7.812927825880123 ], [ 6.777286224203865, 7.813354383702837 ], [ 6.778218461932639, 7.814021327564904 ], [ 6.779729459348132, 7.813907987308776 ], [ 6.780105793761281, 7.814348501406525 ], [ 6.78054193522107, 7.814727361543851 ], [ 6.780790690708614, 7.815291138525476 ], [ 6.782056289104746, 7.816091176869911 ], [ 6.783252424237013, 7.816368630171896 ], [ 6.783774234064518, 7.816717749363216 ], [ 6.783227949474614, 7.817182018015441 ], [ 6.782974682149176, 7.817471986590361 ], [ 6.781228780695768, 7.817713859985172 ], [ 6.780241243776442, 7.817157321713921 ], [ 6.779954839378849, 7.817788196834002 ], [ 6.779415484826754, 7.818246668850733 ], [ 6.779155985952403, 7.819713972352782 ], [ 6.780190580630507, 7.820611845058441 ], [ 6.779200452404702, 7.821046229862626 ], [ 6.778866191672006, 7.823091495611154 ], [ 6.782658717146242, 7.823497548203016 ], [ 6.784006346538029, 7.82425670812961 ], [ 6.785112858977867, 7.824513565545091 ], [ 6.786022325398728, 7.825577607738535 ], [ 6.787060012366789, 7.825895008100161 ], [ 6.787529793109239, 7.826444585631123 ], [ 6.789063283656961, 7.82741391492231 ], [ 6.789555357830227, 7.829074782531494 ], [ 6.791069282265766, 7.829425921179823 ], [ 6.791355907044841, 7.82976109373972 ], [ 6.792746361834372, 7.829657153073616 ], [ 6.794402007529079, 7.83002597237955 ], [ 6.795422357904321, 7.831220344424425 ], [ 6.795365760098054, 7.831883154012525 ], [ 6.796634949251301, 7.83342997683523 ], [ 6.797867274739562, 7.833807165503917 ], [ 6.797599112701408, 7.836929037279572 ], [ 6.798353886357567, 7.836514569352156 ], [ 6.7990826667899, 7.836194769222892 ], [ 6.800132747217598, 7.836284468313365 ], [ 6.800676825349722, 7.836243879152277 ], [ 6.801084540623371, 7.8362788453696 ], [ 6.801366144440292, 7.836257540336018 ], [ 6.801612612081716, 7.837365243101056 ], [ 6.80244583136224, 7.837891815697799 ], [ 6.802732471318611, 7.838226984525036 ], [ 6.803522030548852, 7.838167546498407 ], [ 6.804609280155394, 7.838260607149378 ], [ 6.805833466012178, 7.838169004655817 ], [ 6.806248617563949, 7.838204534929701 ], [ 6.806962377093559, 7.837812080769816 ], [ 6.808859968938432, 7.838340477644244 ], [ 6.809219465804491, 7.838760765280492 ], [ 6.810642548710085, 7.839027161608398 ], [ 6.811118712028748, 7.839584172990524 ], [ 6.811523187858843, 7.839935310080557 ], [ 6.81289509328948, 7.839832803291654 ], [ 6.813833176266245, 7.839912884673345 ], [ 6.815193409508564, 7.840418869853599 ], [ 6.816028073115486, 7.840674251582647 ], [ 6.816959831591447, 7.841764325343424 ], [ 6.81916328517182, 7.842110483690397 ], [ 6.81952791064189, 7.843587963794029 ], [ 6.818924111414423, 7.844485759828456 ], [ 6.818338656140184, 7.843800542992282 ], [ 6.816554369959831, 7.844043928585758 ], [ 6.817093165736673, 7.845018620623858 ], [ 6.817526380870627, 7.846480567710411 ], [ 6.817042669738086, 7.847774096734461 ], [ 6.817711001173445, 7.848354347554404 ], [ 6.819166360395949, 7.848245375158225 ], [ 6.819502838715369, 7.848398068400452 ], [ 6.81868337475618, 7.849094538400188 ], [ 6.818155679250172, 7.849859256046657 ], [ 6.819810131573264, 7.851295759635144 ], [ 6.821296728539287, 7.851819870406661 ], [ 6.821667480228294, 7.851001900683985 ], [ 6.822482799624341, 7.851305374381154 ], [ 6.823988652995516, 7.851192411600882 ], [ 6.824802832816476, 7.850898963348715 ], [ 6.824934016318567, 7.851309059153282 ], [ 6.825212819450578, 7.852135160785824 ], [ 6.826559383780199, 7.852114584088558 ], [ 6.827101074358741, 7.852947341739159 ], [ 6.828736649468909, 7.853221676352045 ], [ 6.829017692218628, 7.853516023900466 ], [ 6.830677137111874, 7.853490694670561 ], [ 6.831453567019833, 7.852693342233929 ], [ 6.833091905481794, 7.852435907787534 ], [ 6.833905257070699, 7.851892441458372 ], [ 6.835562516703199, 7.851365501803508 ], [ 6.83608076152158, 7.851908942477427 ], [ 6.836383194995252, 7.852176383116113 ], [ 6.837810425381248, 7.851452279145764 ], [ 6.838256296620172, 7.851920135338947 ], [ 6.839852876713221, 7.852445812118352 ], [ 6.84046947952795, 7.852766770944993 ], [ 6.841219124715236, 7.853552918063051 ], [ 6.841787084636156, 7.853831253614177 ], [ 6.842052289934919, 7.854109094487078 ], [ 6.842600116874227, 7.854377792041179 ], [ 6.843219690369094, 7.855668029117648 ], [ 6.843855136906861, 7.855015049900284 ], [ 6.84424098136846, 7.854662691718843 ], [ 6.844938859216041, 7.856116461979247 ], [ 6.845852269456126, 7.856563935642316 ], [ 6.845831600722254, 7.857378966693784 ], [ 6.846830081510952, 7.857707704145924 ], [ 6.848996572099979, 7.858246339257381 ], [ 6.849369618961337, 7.859038494451699 ], [ 6.848279111975494, 7.859559384893416 ], [ 6.847697027862218, 7.859854597764445 ], [ 6.84718172614408, 7.860383728955694 ], [ 6.847190002374738, 7.860942027442023 ], [ 6.848001293394731, 7.861727425177567 ], [ 6.848262232289347, 7.862834681081172 ], [ 6.847437008665376, 7.863617516374041 ], [ 6.846892713001679, 7.864720642488485 ], [ 6.845802187886978, 7.865241521509191 ], [ 6.844591721678242, 7.866050442780783 ], [ 6.843343529975591, 7.868402043195005 ], [ 6.844933813682856, 7.868926097239164 ], [ 6.845246772228971, 7.867673486233262 ], [ 6.846307916815221, 7.86770065088005 ], [ 6.847181617148084, 7.867407469258426 ], [ 6.848539650960334, 7.86744197631742 ], [ 6.849048730949491, 7.868533556343523 ], [ 6.847851979929882, 7.869668293089538 ], [ 6.848228493838163, 7.870406443796129 ], [ 6.84849231294243, 7.870955460165095 ], [ 6.849306527038945, 7.872310254531717 ], [ 6.849567550581691, 7.873401622728567 ], [ 6.849861506678369, 7.873978335077254 ], [ 6.852002343062392, 7.873945877389157 ], [ 6.853184239765367, 7.874356058205008 ], [ 6.853663059139185, 7.873384472906684 ], [ 6.855689263135265, 7.873435623954994 ], [ 6.856116367075172, 7.873429333612175 ], [ 6.85664129395794, 7.872890178522816 ], [ 6.857194020453915, 7.872626056874374 ], [ 6.856917407658879, 7.872083333899278 ], [ 6.856653657379159, 7.87151843050381 ], [ 6.857200252005947, 7.871000041608405 ], [ 6.857471105579861, 7.870182574794842 ], [ 6.857758453709519, 7.869359366690645 ], [ 6.860729488672838, 7.869434910067409 ], [ 6.861014900722092, 7.868573551235617 ], [ 6.861684766319771, 7.868253345388602 ], [ 6.862646616532341, 7.868587164714375 ], [ 6.86483760618115, 7.869131688760798 ], [ 6.86536899464295, 7.868053356791213 ], [ 6.866127798987086, 7.86779132799897 ], [ 6.866451168219327, 7.869164792420866 ], [ 6.865714030238994, 7.869863371686995 ], [ 6.866176304743647, 7.87076932339606 ], [ 6.866453922976502, 7.871637260025862 ], [ 6.866420683079057, 7.872942703238889 ], [ 6.866433419281533, 7.873775393997558 ], [ 6.867255875849334, 7.874571420415267 ], [ 6.866694097502562, 7.874839748005811 ], [ 6.866423254930003, 7.875657224654677 ], [ 6.865317617238021, 7.878086969958997 ], [ 6.865321512039883, 7.87836347270467 ], [ 6.865019493405419, 7.878940322406011 ], [ 6.865040265765781, 7.880276758964334 ], [ 6.865580997124572, 7.880800169360052 ], [ 6.865842065388265, 7.881891539883603 ], [ 6.866719187426233, 7.882180435377595 ], [ 6.86719754182216, 7.882749078210533 ], [ 6.865442423419154, 7.88441333108439 ], [ 6.866545359364188, 7.886247338214183 ], [ 6.867985569793208, 7.886225015317891 ], [ 6.868808574978674, 7.886814481213092 ], [ 6.867966773736734, 7.887612629471813 ], [ 6.867988970563001, 7.889086257449959 ], [ 6.867937790914318, 7.891091290131438 ], [ 6.868801506288811, 7.891927258107063 ], [ 6.868508978676985, 7.892204898638246 ], [ 6.868512873220085, 7.892481401783107 ], [ 6.86773561651059, 7.894364089380392 ], [ 6.866592640955469, 7.894635801467799 ], [ 6.86632038289209, 7.895724452454758 ], [ 6.866041730553274, 7.895988918892214 ], [ 6.865770861866896, 7.896806390331021 ], [ 6.865492208365558, 7.897070856102228 ], [ 6.865208797601968, 7.900328932047096 ], [ 6.863914222770076, 7.900636404216375 ], [ 6.865480569395943, 7.901404468999515 ], [ 6.866555022152498, 7.901962921420814 ], [ 6.86763123259474, 7.902490130231784 ], [ 6.867910745386129, 7.902783399869723 ], [ 6.868458653745945, 7.903052084703853 ], [ 6.869266474726454, 7.903603875312617 ], [ 6.871493334885995, 7.904442029165178 ], [ 6.872785781799283, 7.90579660238781 ], [ 6.874642795487695, 7.907594197091594 ], [ 6.875448591010023, 7.909271502100051 ], [ 6.876347178550325, 7.910465166670751 ], [ 6.878484840561732, 7.911512589651698 ], [ 6.878467560775668, 7.912190470823341 ], [ 6.878475411494989, 7.912732885943108 ], [ 6.878465348893141, 7.913142264770276 ], [ 6.879561212245312, 7.913679617729245 ], [ 6.880255546994043, 7.914407197041671 ], [ 6.880911895532014, 7.913420588820262 ], [ 6.881462545476872, 7.913157494422669 ], [ 6.881870022358308, 7.91273900917408 ], [ 6.88227320307898, 7.913161609918596 ], [ 6.883119689584571, 7.913431796795788 ], [ 6.884182804397027, 7.912892694477561 ], [ 6.884447740787429, 7.913443830305291 ], [ 6.886482185126291, 7.914113575341802 ], [ 6.886986829788539, 7.914642619876897 ], [ 6.887699864248853, 7.915770182563549 ], [ 6.885518567302207, 7.916288795951067 ], [ 6.884708442295835, 7.916699415729534 ], [ 6.883211043592302, 7.916661626637951 ], [ 6.88280025851895, 7.917519187482598 ], [ 6.883341582974501, 7.918043125250055 ], [ 6.883606852546521, 7.918320957363094 ], [ 6.8841712221937, 7.918597657807307 ], [ 6.884136702859261, 7.91994812875337 ], [ 6.884690476985833, 7.920219479046856 ], [ 6.885218251570985, 7.921317504980408 ], [ 6.886063025848507, 7.922135356686394 ], [ 6.886848815181685, 7.922123451820573 ], [ 6.887832994429996, 7.922795819959305 ], [ 6.887389905957909, 7.923216247319249 ], [ 6.887394282495395, 7.923503878088282 ], [ 6.889016416825749, 7.924298654556504 ], [ 6.889291877336555, 7.924871559844926 ], [ 6.890928497119343, 7.925953483983814 ], [ 6.890894013402264, 7.927299723003294 ], [ 6.891956155108077, 7.928002141844484 ], [ 6.892256851733769, 7.928941175816687 ], [ 6.893337775530698, 7.931382057675107 ], [ 6.893593394777302, 7.933558167901221 ], [ 6.894145323750128, 7.934092747446923 ], [ 6.894682594968057, 7.93521094664232 ], [ 6.895219726788301, 7.93573062029094 ], [ 6.89566447530099, 7.936656611678228 ], [ 6.896599428828786, 7.93709354952431 ], [ 6.8979417149718, 7.936412824488458 ], [ 6.899304036346992, 7.937120987880567 ], [ 6.899283476671566, 7.93792598185623 ], [ 6.90146351439834, 7.938202879934938 ], [ 6.901723302543111, 7.939565443972718 ], [ 6.902929648828365, 7.941071026588578 ], [ 6.903377640716149, 7.941466830728691 ], [ 6.90417393918942, 7.940648795823811 ], [ 6.904739409997491, 7.94124169995097 ], [ 6.904695593014593, 7.942967677556329 ], [ 6.904717493593597, 7.944411142382149 ], [ 6.906185138283042, 7.946359785351978 ], [ 6.906581028784287, 7.947183300912646 ], [ 6.906855635464195, 7.947721771125865 ], [ 6.90711681475977, 7.948813152306283 ], [ 6.907450870114561, 7.949467920865434 ], [ 6.906556121598622, 7.949895094752601 ], [ 6.906568465498102, 7.950708732715085 ], [ 6.906288409788912, 7.951244407393253 ], [ 6.905881495771318, 7.952069703043753 ], [ 6.903027182240058, 7.95199703481377 ], [ 6.90274504656598, 7.953672546313307 ], [ 6.902464983544187, 7.954208216524605 ], [ 6.902195490921587, 7.954754534302272 ], [ 6.901165092579275, 7.955420417536351 ], [ 6.900564358837408, 7.956639326497502 ], [ 6.900002996077021, 7.956907677029728 ], [ 6.899733497907528, 7.957453991832451 ], [ 6.899180023720228, 7.958259464668357 ], [ 6.898907759495127, 7.959348145454824 ], [ 6.898629068552387, 7.959612627160219 ], [ 6.898358048626239, 7.960456606358112 ], [ 6.89903719103966, 7.961786867136325 ], [ 6.898605277412424, 7.962612021358678 ], [ 6.897791944896192, 7.962590949816348 ], [ 6.897815903500594, 7.964143529964863 ], [ 6.8974534115828, 7.965523596854545 ], [ 6.897786496701636, 7.965845735338757 ], [ 6.898047460215377, 7.966974193360309 ], [ 6.897493695994122, 7.96856091991888 ], [ 6.898053900549882, 7.968835481804707 ], [ 6.898576484583868, 7.969922893682249 ], [ 6.899611886880957, 7.970263953587545 ], [ 6.899116420845375, 7.970733905865454 ], [ 6.898835266428478, 7.971583128322224 ], [ 6.898879872627198, 7.974502359114412 ], [ 6.898006139850131, 7.975067317677736 ], [ 6.897731519720541, 7.976612025521315 ], [ 6.898817858823112, 7.976969769771426 ], [ 6.899344124184955, 7.979418451311617 ], [ 6.899623990309622, 7.979967548966772 ], [ 6.899607284457828, 7.980637495222885 ], [ 6.899617636277802, 7.981315523776236 ], [ 6.899603108409887, 7.981871073041317 ], [ 6.900150340174309, 7.982400340944997 ], [ 6.900414268828755, 7.982949358790719 ], [ 6.900690262981094, 7.983216652801353 ], [ 6.900966147506357, 7.983505663102894 ], [ 6.900938879678631, 7.984579164663421 ], [ 6.901496689047105, 7.985119079376167 ], [ 6.901762005171374, 7.985396913528688 ], [ 6.902353503907779, 7.985686994988582 ], [ 6.903395552014387, 7.985671092182974 ], [ 6.903857229340364, 7.985682966773021 ], [ 6.904203459848127, 7.986765249154125 ], [ 6.904751501555916, 7.987033920555159 ], [ 6.905016821327351, 7.987311753484416 ], [ 6.905292821469421, 7.987579045904101 ], [ 6.905556759380158, 7.988128062980731 ], [ 6.906648891474207, 7.988399488747409 ], [ 6.907727583093344, 7.989223821859602 ], [ 6.908490661092223, 7.989212323279359 ], [ 6.910524984787773, 7.989569016985429 ], [ 6.911245378728792, 7.990323733078359 ], [ 6.912622840757988, 7.990599236029879 ], [ 6.912884033909924, 7.991690622471031 ], [ 6.913160042746346, 7.991957911663087 ], [ 6.913425371931596, 7.992235741419793 ], [ 6.913717321671931, 7.992503110913399 ], [ 6.914242919097507, 7.991963378953848 ], [ 6.914793677442992, 7.991700263046368 ], [ 6.915270130225304, 7.991211129839351 ], [ 6.915601753421101, 7.992246725759071 ], [ 6.915875011576505, 7.993056385772677 ], [ 6.916136213784845, 7.994147772665099 ], [ 6.917772474426592, 7.99442191920554 ], [ 6.91803780866531, 7.994699747180149 ], [ 6.918451831156243, 7.995100678692125 ], [ 6.91886410178833, 7.995532851684489 ], [ 6.919374683563881, 7.999316772840941 ], [ 6.919921965057265, 7.999846027612073 ], [ 6.919913400401293, 8.000172793513821 ], [ 6.919362329625901, 8.001752154614032 ], [ 6.919088680374415, 8.00311203940516 ], [ 6.918809961866985, 8.003376529880377 ], [ 6.918267005874365, 8.004192668229065 ], [ 6.917988286064401, 8.004457157811254 ], [ 6.917718761122901, 8.005003481290309 ], [ 6.917440040367714, 8.005267970259728 ], [ 6.917163488682402, 8.00719670661864 ], [ 6.917702254395352, 8.008252418318355 ], [ 6.917955557610671, 8.010898889844402 ], [ 6.916634684016017, 8.013900233514793 ], [ 6.916140237419735, 8.014368613856984 ], [ 6.915755033583887, 8.016654854314632 ], [ 6.915476302023857, 8.016919339455455 ], [ 6.915052111281187, 8.018199001738566 ], [ 6.91408391517069, 8.018824940394946 ], [ 6.914105128484849, 8.020188425087685 ], [ 6.914646075665042, 8.020711832607434 ], [ 6.915472514197855, 8.021835216266737 ], [ 6.915440588817446, 8.023094617607526 ], [ 6.916976508616479, 8.023476341898178 ], [ 6.917618020202229, 8.024810657637891 ], [ 6.918817588441274, 8.025398306916841 ], [ 6.918422094233625, 8.02615479929883 ], [ 6.918152548028802, 8.026701119012372 ], [ 6.917847239496292, 8.026965469851039 ], [ 6.916793601549704, 8.026417751260601 ], [ 6.916088908148923, 8.026428484922217 ], [ 6.91541556812354, 8.027793748721502 ], [ 6.915456262237774, 8.030442319682134 ], [ 6.91513159706038, 8.030750002488318 ], [ 6.915525155472887, 8.031521082081037 ], [ 6.916493880333006, 8.03184008739648 ], [ 6.916755082350781, 8.032931478757646 ], [ 6.919207719360886, 8.033209793812802 ], [ 6.919468929014229, 8.034301185459457 ], [ 6.920289118358954, 8.034571231444403 ], [ 6.920700272491234, 8.035855123633848 ], [ 6.92163984135672, 8.036476416806495 ], [ 6.921905198788128, 8.036754249414969 ], [ 6.922997474390929, 8.037025667332086 ], [ 6.923261453744702, 8.037574686122117 ], [ 6.924716213829391, 8.039612811506972 ], [ 6.925700350542509, 8.040564841893652 ], [ 6.926354249775972, 8.042607396892086 ], [ 6.927592527555548, 8.043015141519914 ], [ 6.927855138140623, 8.043835347215465 ], [ 6.928269210175005, 8.044236283126061 ], [ 6.928948483571858, 8.044947887451553 ], [ 6.928921353257625, 8.045999688971957 ], [ 6.929346534551828, 8.046411274379619 ], [ 6.929877271396135, 8.046966933444985 ], [ 6.930291348336673, 8.04736786856995 ], [ 6.930545705441985, 8.049815201527789 ], [ 6.930830003792153, 8.050656703681131 ], [ 6.931651824576591, 8.05145165551332 ], [ 6.932433817949259, 8.053079060426917 ], [ 6.932709874089365, 8.053346349609573 ], [ 6.93296974519791, 8.054708932321393 ], [ 6.933245802614606, 8.054976221491975 ], [ 6.933643866431498, 8.055392965458688 ], [ 6.935120949025604, 8.056822064222732 ], [ 6.935456292320175, 8.057870397710037 ], [ 6.936222334337169, 8.058245559759612 ], [ 6.936914587324803, 8.058604988806449 ], [ 6.937748844178373, 8.059887833786421 ], [ 6.938878801523948, 8.059870211473701 ], [ 6.939193571823652, 8.061520158490168 ], [ 6.939741736174123, 8.061788813833571 ], [ 6.940004375696979, 8.062609020299909 ], [ 6.940606238900106, 8.063504027805678 ], [ 6.941390913167081, 8.065136738401025 ], [ 6.942711510813834, 8.066414078166179 ], [ 6.943513634822771, 8.067646437423884 ], [ 6.944335899456552, 8.06804941654034 ], [ 6.94488858407101, 8.068898622883108 ], [ 6.94677012083885, 8.068869926160406 ], [ 6.947318222138016, 8.069154465876611 ], [ 6.947866403631317, 8.069423114180855 ], [ 6.948130430494919, 8.069972129928408 ], [ 6.949688246541199, 8.070904762352097 ], [ 6.950280995365397, 8.072138184471013 ], [ 6.950840566286868, 8.072679145505671 ], [ 6.95111758043368, 8.07413186528904 ], [ 6.951090420122379, 8.07519692219377 ], [ 6.950544141572266, 8.076761518112189 ], [ 6.950818538476136, 8.077573837675223 ], [ 6.951119399970929, 8.081146999605563 ], [ 6.952176650204323, 8.081648610340162 ], [ 6.952973788994895, 8.080823118349956 ], [ 6.952432190637421, 8.080299197773689 ], [ 6.952166869287608, 8.080004953345469 ], [ 6.953810538974002, 8.080046552937654 ], [ 6.95379002506917, 8.080847862783431 ], [ 6.953922600115622, 8.082066799540476 ], [ 6.954060644022746, 8.082200440965735 ], [ 6.954324684230927, 8.082749456565283 ], [ 6.954600773728743, 8.083016739297534 ], [ 6.955023730769564, 8.08346008301101 ], [ 6.955403501469981, 8.084669134565621 ], [ 6.954319928313048, 8.085696595199249 ], [ 6.953948609176657, 8.086817666363602 ], [ 6.952982710835625, 8.088221785306684 ], [ 6.95348359191014, 8.088706307448621 ], [ 6.953749001369696, 8.08898413283527 ], [ 6.954025093603772, 8.08925141684499 ], [ 6.954287687921195, 8.090087514796025 ], [ 6.953193414025777, 8.09112497851234 ], [ 6.953202659329503, 8.091715092095605 ], [ 6.954018778679158, 8.092504704595084 ], [ 6.953184258402889, 8.093043975860423 ], [ 6.953197048712747, 8.093879351527418 ], [ 6.954271216820853, 8.094405415495432 ], [ 6.954590555122981, 8.094740187532388 ], [ 6.955075268890988, 8.095797218059211 ], [ 6.954514972339414, 8.096868078988686 ], [ 6.954534934653999, 8.098178087022797 ], [ 6.954167669915752, 8.099229256989956 ], [ 6.95315138510549, 8.099552562046373 ], [ 6.95288043544446, 8.100370093293035 ], [ 6.9521457096371, 8.10072076260257 ], [ 6.951775704412226, 8.101471054087 ], [ 6.951788597550416, 8.102284711860793 ], [ 6.95232386880092, 8.10280278177467 ], [ 6.952587385156956, 8.103456145056303 ], [ 6.951489821020804, 8.105239370558234 ], [ 6.951218861588619, 8.106056898701933 ], [ 6.950895222295861, 8.106676059875102 ], [ 6.949350689034151, 8.106140197676275 ], [ 6.94903495212029, 8.107401900456999 ], [ 6.948211898072835, 8.107663656799946 ], [ 6.947907931388726, 8.108280264486991 ], [ 6.947352798449229, 8.108744117626062 ], [ 6.945414041607934, 8.108071715686666 ], [ 6.943688667592208, 8.108503176314136 ], [ 6.942194146967566, 8.109004653239923 ], [ 6.941377279105467, 8.110661071552123 ], [ 6.941397212426404, 8.111966302357494 ], [ 6.940564650964969, 8.113048994135983 ], [ 6.940290899239078, 8.114408885202753 ], [ 6.940012096119275, 8.114673372945926 ], [ 6.939742405287937, 8.115235587016304 ], [ 6.940284018338975, 8.115759531195252 ], [ 6.940545284733981, 8.116850933011413 ], [ 6.941558700390956, 8.117831198946902 ], [ 6.941079911998927, 8.118746710431559 ], [ 6.940807535300066, 8.119835412292149 ], [ 6.940525963131051, 8.120642276697641 ], [ 6.940253582466078, 8.121730977399475 ], [ 6.93970263434239, 8.121994085516649 ], [ 6.939432800572579, 8.122582781217316 ], [ 6.940524303209274, 8.124720795841503 ], [ 6.941596499769454, 8.124704508060832 ], [ 6.942431970404276, 8.1247256859288 ], [ 6.943354580703957, 8.125692780728079 ], [ 6.942668769467637, 8.126342935867669 ], [ 6.94209970156228, 8.126926940778255 ], [ 6.941582481326385, 8.127975205672948 ], [ 6.940347830051484, 8.128367799864535 ], [ 6.939936457068002, 8.129609400180131 ], [ 6.939388973855093, 8.130128357471003 ], [ 6.939101995605267, 8.134071416210704 ], [ 6.940010270064133, 8.134516186167554 ], [ 6.939198648028558, 8.136481412817549 ], [ 6.938406591948774, 8.137633149023836 ], [ 6.937715502665034, 8.139101084411708 ], [ 6.93825441639102, 8.140156820493242 ], [ 6.938247692310637, 8.140432219216935 ], [ 6.938538043356786, 8.143733586980094 ], [ 6.939050062484055, 8.14422878783385 ], [ 6.939343582607655, 8.14514503262539 ], [ 6.939297179142259, 8.146941994244491 ], [ 6.939717164745232, 8.147348272933145 ], [ 6.940115303656468, 8.147765033303413 ], [ 6.940391414970703, 8.148032333618177 ], [ 6.940655454944267, 8.148581362530262 ], [ 6.9415416857793, 8.148872948058697 ], [ 6.942278880158759, 8.150763405438024 ], [ 6.942561567068436, 8.150472987669051 ], [ 6.94396580069888, 8.150508713886587 ], [ 6.944987816806049, 8.15294247753155 ], [ 6.945263934883311, 8.153209776150659 ], [ 6.945518289729447, 8.155657127330381 ], [ 6.946605359973032, 8.157013321849892 ], [ 6.946868027780572, 8.157833539258631 ], [ 6.947960643230296, 8.158104975110634 ], [ 6.948224697949375, 8.158654003043669 ], [ 6.948831946823005, 8.159557006601856 ], [ 6.950365987717548, 8.161040464626677 ], [ 6.950674757877014, 8.161682412683904 ], [ 6.952702933205511, 8.161651888410567 ], [ 6.953383282489989, 8.161669099577384 ], [ 6.955019648984604, 8.161643998250515 ], [ 6.955011666899646, 8.161959119263077 ], [ 6.954465212251295, 8.162477035967965 ], [ 6.954196951805356, 8.162752175142799 ], [ 6.953918114011863, 8.163016665808776 ], [ 6.953648247129387, 8.163293915269534 ], [ 6.953106923182755, 8.163012564793648 ], [ 6.952521414138919, 8.162743704013646 ], [ 6.950821132125777, 8.163314041688693 ], [ 6.949662906390905, 8.164854315483268 ], [ 6.950105029880271, 8.165719934997341 ], [ 6.948333686024196, 8.167398520000171 ], [ 6.947896348032971, 8.168718383820464 ], [ 6.947903839245058, 8.169229033750678 ], [ 6.947623606787498, 8.169764707030511 ], [ 6.947216434258014, 8.170590001390069 ], [ 6.946533415490067, 8.170572761782529 ], [ 6.946050153221162, 8.170579842136291 ], [ 6.945657229933615, 8.172152054356278 ], [ 6.944335013541249, 8.173006062601566 ], [ 6.944349755452736, 8.173968034071132 ], [ 6.945155775387039, 8.174362505363016 ], [ 6.94541844250168, 8.175182725136947 ], [ 6.945757925463746, 8.175847609335008 ], [ 6.947317916642898, 8.177356646791548 ], [ 6.947575697066823, 8.179132913762279 ], [ 6.946757141209715, 8.179523365595799 ], [ 6.946486085241099, 8.180340872986855 ], [ 6.943296100058305, 8.180607492177003 ], [ 6.942940802578982, 8.181678811884197 ], [ 6.942387815244304, 8.182735881124326 ], [ 6.942104773755307, 8.185471285029035 ], [ 6.941283143026549, 8.186249959100227 ], [ 6.941003505019346, 8.187906424231944 ], [ 6.940724639163172, 8.188170899001552 ], [ 6.940456349976998, 8.188446022138162 ], [ 6.940177483388871, 8.188710496340073 ], [ 6.939907717137634, 8.189272696297786 ], [ 6.94045998670298, 8.189806781398616 ], [ 6.940984772780561, 8.19144722258582 ], [ 6.941526994601505, 8.191971721654882 ], [ 6.942047080828661, 8.193596778581458 ], [ 6.942589306609405, 8.194121277234755 ], [ 6.942869203151649, 8.194588291902699 ], [ 6.941497973747423, 8.196581887049296 ], [ 6.940968792809602, 8.197654959513194 ], [ 6.940674428078662, 8.19793365522594 ], [ 6.940338976532863, 8.199274143531273 ], [ 6.941486548367563, 8.199836167069929 ], [ 6.94175200168465, 8.20011401503451 ], [ 6.942844718354871, 8.200385491881789 ], [ 6.943110173108772, 8.200663339267473 ], [ 6.943403244893926, 8.20094662394945 ], [ 6.944200235517842, 8.200934799463736 ], [ 6.945234143388559, 8.200960730493339 ], [ 6.944460013949694, 8.202834491799504 ], [ 6.944156052140227, 8.204048552738415 ], [ 6.944193117591369, 8.206455599521501 ], [ 6.944711035194394, 8.207988483287888 ], [ 6.944973706240677, 8.208808707305948 ], [ 6.945270041583226, 8.209389157700187 ], [ 6.945790068451307, 8.209892357883204 ], [ 6.946055530410867, 8.210170205268106 ], [ 6.947835689712491, 8.210445182975571 ], [ 6.94831115282174, 8.209481471515934 ], [ 6.951404716290993, 8.210129135057688 ], [ 6.952042231416175, 8.210532287968061 ], [ 6.950153659331612, 8.212008426447863 ], [ 6.949711920853464, 8.213341499461833 ], [ 6.948756666243656, 8.214246619724639 ], [ 6.948484511563628, 8.215270691308707 ], [ 6.949843832123435, 8.215608141063983 ], [ 6.950107908056425, 8.216157176301676 ], [ 6.950382671278469, 8.216695671258732 ], [ 6.950645356193751, 8.217515895519908 ], [ 6.951392593354061, 8.2178820033992 ], [ 6.950639814131438, 8.218595354439833 ], [ 6.950264071473079, 8.21898116571381 ], [ 6.949796707724248, 8.220849611365646 ], [ 6.949816594521829, 8.222152724373899 ], [ 6.950954193571615, 8.223843436618727 ], [ 6.9514242439486, 8.224868645714661 ], [ 6.95087441279705, 8.225918845167218 ], [ 6.950604638010397, 8.226477870510221 ], [ 6.952290186806592, 8.227590848602269 ], [ 6.95303954543016, 8.228375946621465 ], [ 6.953860136562764, 8.228646026745311 ], [ 6.95439782840866, 8.228925259488149 ], [ 6.955490636251725, 8.229196723119493 ], [ 6.955751943472364, 8.230288137903617 ], [ 6.956572541432236, 8.23055821387125 ], [ 6.956836632546665, 8.231107249002761 ], [ 6.957973713220515, 8.231663902412286 ], [ 6.95900602500517, 8.23274546558158 ], [ 6.960368289803469, 8.233560684034719 ], [ 6.960633775990863, 8.233838527834154 ], [ 6.961048037026487, 8.234239483521417 ], [ 6.961446267377869, 8.234656247931955 ], [ 6.962676101928005, 8.234961762749885 ], [ 6.963070314705678, 8.236476540103689 ], [ 6.961979631179552, 8.23682324126227 ], [ 6.9617043712796, 8.238454326786453 ], [ 6.961132997284973, 8.238726858107144 ], [ 6.960589403195524, 8.239285029205179 ], [ 6.960607389089528, 8.240444595724338 ], [ 6.962205112205001, 8.240970216559399 ], [ 6.967220502269997, 8.240893967902373 ], [ 6.969692842740128, 8.241221123959374 ], [ 6.970841180177008, 8.241203628390853 ], [ 6.9723206, 8.2249317 ], [ 6.9796743, 8.2111435 ], [ 6.9925437, 8.1955156 ], [ 7.0008173, 8.1817274 ], [ 7.0026555, 8.1670189 ], [ 6.9971399, 8.1532307 ], [ 6.9833512, 8.1155415 ], [ 6.9870286, 8.0925598 ], [ 6.9870286, 8.0778522 ], [ 6.9773765, 8.0502748 ], [ 6.9709415, 8.0300512 ], [ 6.9722073, 8.0241636 ], [ 6.9727802, 8.0199394 ], [ 6.9792147, 8.0006351 ], [ 6.9782953, 7.9859276 ], [ 6.9684822, 7.968754 ], [ 6.9635878, 7.9601884 ], [ 6.9608297, 7.9427228 ], [ 6.9571528, 7.9298534 ], [ 6.9525566, 7.9179034 ], [ 6.9543953, 7.9050336 ], [ 6.9599104, 7.8967605 ], [ 6.9626684, 7.887568 ], [ 6.9635878, 7.8792949 ], [ 6.9665465, 7.8790612 ], [ 6.9794745, 7.8876801 ], [ 7.006289, 7.9025235 ], [ 7.0354972, 7.9231133 ], [ 7.0564861, 7.9341458 ], [ 7.0693778, 7.940922 ], [ 7.0728455, 7.9427447 ], [ 7.1178551, 7.9590249 ], [ 7.1959033, 7.9930215 ], [ 7.2538409, 8.0150471 ], [ 7.289005, 8.0222102 ], [ 7.3055539, 8.0276695 ], [ 7.3931785, 8.0439497 ], [ 7.4044852, 8.0450531 ], [ 7.4324422, 8.0477806 ], [ 7.445787, 8.046949 ], [ 7.4509954, 8.0486065 ], [ 7.458526, 8.0466125 ], [ 7.5001475, 8.0471333 ], [ 7.5053449, 8.0471983 ], [ 7.5427103, 8.0431213 ], [ 7.5834727, 8.0376863 ], [ 7.6249142, 8.0295343 ], [ 7.6656761, 8.0193434 ], [ 7.67515, 8.0171146 ], [ 7.6772256, 8.0166264 ], [ 7.6768379, 8.0144711 ], [ 7.672782, 7.9919398 ], [ 7.6711111, 7.9826579 ], [ 7.6662985, 7.9489685 ], [ 7.6643176, 7.935102 ], [ 7.6636381, 7.905889 ], [ 7.6697526, 7.8848286 ], [ 7.6928511, 7.8386312 ], [ 7.6934285, 7.8378761 ], [ 7.7281785, 7.7924342 ], [ 7.7446904, 7.7686567 ], [ 7.7501696, 7.7517896 ], [ 7.7526355, 7.7441988 ], [ 7.7526355, 7.7081923 ], [ 7.7539945, 7.6796589 ], [ 7.754674, 7.6613159 ], [ 7.754674, 7.6477284 ], [ 7.7524481, 7.6477828 ], [ 7.7524481, 7.6397312 ], [ 7.7410432, 7.6387316 ], [ 7.7325541, 7.6390134 ], [ 7.7242557, 7.6204962 ], [ 7.7262583, 7.6144665 ], [ 7.731816, 7.6127036 ], [ 7.7362046, 7.5993812 ], [ 7.7368376, 7.5917865 ], [ 7.7368774, 7.5852725 ], [ 7.736677, 7.5781859 ], [ 7.7377669, 7.567204 ], [ 7.7374077, 7.5390833 ], [ 7.7557831, 7.5303941 ], [ 7.7552984, 7.5236086 ], [ 7.7545323, 7.5128841 ], [ 7.7553663, 7.5049629 ], [ 7.7585784, 7.492456 ], [ 7.7595353, 7.4786983 ], [ 7.7607861, 7.4516001 ], [ 7.7622577, 7.4436897 ], [ 7.7641211, 7.4336734 ], [ 7.76829, 7.4270029 ], [ 7.7762113, 7.4194989 ], [ 7.7928872, 7.4149132 ], [ 7.7921889, 7.4098641 ], [ 7.7993788, 7.401134 ], [ 7.8001166, 7.3917775 ], [ 7.7983971, 7.3852456 ], [ 7.7971226, 7.3759522 ], [ 7.8026083, 7.3642883 ], [ 7.7983445, 7.3570832 ], [ 7.795803218762432, 7.351927661208403 ], [ 7.79539625115639, 7.351910430612421 ] ], [ [ 6.824897500086999, 7.850568953622832 ], [ 6.82513474066313, 7.850807992283042 ], [ 6.824802832816476, 7.850898963348715 ], [ 6.824897500086999, 7.850568953622832 ] ] ] ] } },
{ "type": "Feature", "properties": { "Id": 122, "gridcode": 7, "Shape_Leng": 113.139455934, "Shape_Area": 615.68675088299995, "NUMB": 10.0, "NAME": "Lokoja-Niger", "source_state": "Kogi" }, "geometry": { "type": "MultiPolygon", "coordinates": [ [ [ [ 6.372304219740906, 7.916688915932596 ], [ 6.372543897242931, 7.91645269189027 ], [ 6.372213117336195, 7.916357949195941 ], [ 6.372304219740906, 7.916688915932596 ] ] ], [ [ [ 6.371017351089435, 7.914320405326905 ], [ 6.370457770814711, 7.914045257044551 ], [ 6.369799856217003, 7.913030871280937 ], [ 6.370204945616405, 7.911874935370279 ], [ 6.370480150293952, 7.910515919643438 ], [ 6.371560147907092, 7.908948594955871 ], [ 6.371853324435688, 7.908355840422599 ], [ 6.372132469074636, 7.908091802016701 ], [ 6.372122706051223, 7.907411364372498 ], [ 6.372154680192895, 7.906219716747332 ], [ 6.371635536712984, 7.90467567575644 ], [ 6.372428117472694, 7.904298382540957 ], [ 6.372698155633955, 7.903752603207687 ], [ 6.37324891314208, 7.90349027151796 ], [ 6.373816555594098, 7.903203158822709 ], [ 6.373797495181181, 7.901850757102222 ], [ 6.372713559938413, 7.901318171190478 ], [ 6.372456903552556, 7.899749308853784 ], [ 6.373818394358003, 7.899427475689101 ], [ 6.374090139277052, 7.898610612559099 ], [ 6.374370722117696, 7.898075487048136 ], [ 6.374640751384018, 7.897529704145595 ], [ 6.375191498947295, 7.897267366709388 ], [ 6.375459814164421, 7.896992664197629 ], [ 6.376826198135134, 7.896735445059379 ], [ 6.377408743876347, 7.896441004580312 ], [ 6.377913570782304, 7.895923694503019 ], [ 6.378737903982643, 7.895391974102866 ], [ 6.379590310558442, 7.894113331784506 ], [ 6.380651307143698, 7.893777407624643 ], [ 6.381509670599472, 7.893490510903971 ], [ 6.383889096551356, 7.893554117784704 ], [ 6.384183863108492, 7.893252039268457 ], [ 6.385278359341828, 7.892993085787085 ], [ 6.38555213759868, 7.892439371318919 ], [ 6.387176201379187, 7.893004948546969 ], [ 6.388996706586858, 7.893282119514297 ], [ 6.389356375759096, 7.892199984529913 ], [ 6.389646451365175, 7.891925405509709 ], [ 6.389635045737494, 7.891119990775884 ], [ 6.389649285307299, 7.890585831325891 ], [ 6.389369958120658, 7.890036603172239 ], [ 6.389112031938496, 7.888658337870979 ], [ 6.38992749152399, 7.887886674474538 ], [ 6.390314206931179, 7.886723694313386 ], [ 6.391302213117319, 7.886253318852684 ], [ 6.391601090845012, 7.881099067383329 ], [ 6.392096186110474, 7.881112211220833 ], [ 6.392426893390036, 7.879477634533913 ], [ 6.392705738476749, 7.879213569762991 ], [ 6.392979120778137, 7.87812559164689 ], [ 6.393257964446781, 7.877861526082264 ], [ 6.393526254779175, 7.877586803734997 ], [ 6.393831647689198, 7.877322902720087 ], [ 6.39489446584438, 7.877876999993362 ], [ 6.395495631356492, 7.877868560112735 ], [ 6.398556711332923, 7.876845019545357 ], [ 6.400593179684406, 7.877907102866918 ], [ 6.401956192740713, 7.878181360204177 ], [ 6.40275067331642, 7.87859558141465 ], [ 6.403023126305778, 7.880633154443032 ], [ 6.403298652852608, 7.880900665630037 ], [ 6.403560113079887, 7.881720876936523 ], [ 6.403835640579889, 7.881988388103953 ], [ 6.404358834746135, 7.884436812635102 ], [ 6.405587762313645, 7.884843136682886 ], [ 6.407115415791396, 7.885374679300104 ], [ 6.408215800027799, 7.886128605876929 ], [ 6.408695372139838, 7.886632473833142 ], [ 6.40955183738634, 7.886903580136571 ], [ 6.411144010237795, 7.886371233340807 ], [ 6.411966613288055, 7.886110516632332 ], [ 6.413279056788161, 7.885130067056952 ], [ 6.414437887301243, 7.884770288770512 ], [ 6.415164382142716, 7.885533539205738 ], [ 6.417134058124228, 7.885866042437899 ], [ 6.418512956843706, 7.886156241055316 ], [ 6.419026838260889, 7.886696318621776 ], [ 6.419330358118952, 7.886991000775465 ], [ 6.42067825716971, 7.886971776842216 ], [ 6.421203607790246, 7.886433340398117 ], [ 6.421873635004741, 7.886113947131836 ], [ 6.42324712691705, 7.88659259821953 ], [ 6.423652227845906, 7.88617731902995 ], [ 6.423931065773343, 7.885913228534601 ], [ 6.424199349188309, 7.885638481714264 ], [ 6.425293833074684, 7.885379408710225 ], [ 6.426197939430254, 7.885077330645195 ], [ 6.428848995412331, 7.885147103055584 ], [ 6.429374845355317, 7.886245337214238 ], [ 6.431808830247549, 7.886211035933743 ], [ 6.432349118993094, 7.886778269305784 ], [ 6.432896558482833, 7.887047436445656 ], [ 6.433159755751883, 7.887596555100299 ], [ 6.433707197016719, 7.887865721683626 ], [ 6.434246599597521, 7.888147018298423 ], [ 6.434789430506504, 7.887872357695363 ], [ 6.435883923091779, 7.887613256752053 ], [ 6.436534894522279, 7.887283658614859 ], [ 6.439041378583267, 7.888156270924334 ], [ 6.440230497945024, 7.887363467197807 ], [ 6.44268442536697, 7.887112660216746 ], [ 6.442964049676747, 7.886546740049333 ], [ 6.443506749951021, 7.886033258902883 ], [ 6.443503138101025, 7.885756834785988 ], [ 6.444352291644055, 7.88549620957984 ], [ 6.44540835157486, 7.886046988258726 ], [ 6.445678231613972, 7.885770114679878 ], [ 6.446500833671795, 7.885509322646267 ], [ 6.447312880226741, 7.885237873035818 ], [ 6.448407368091724, 7.884978734548566 ], [ 6.448677245827012, 7.884701859064759 ], [ 6.449402464415622, 7.885080110700245 ], [ 6.44976853317521, 7.88470480193958 ], [ 6.450340380985834, 7.884719934894068 ], [ 6.451391158315515, 7.885268020312676 ], [ 6.451938616491645, 7.885537165839353 ], [ 6.452458360428345, 7.886083075665357 ], [ 6.453319631927416, 7.886358896092019 ], [ 6.454108413234248, 7.885550369260015 ], [ 6.454981738750851, 7.884723821880232 ], [ 6.45602677495221, 7.883084987050337 ], [ 6.454945596574001, 7.882036341843632 ], [ 6.454424384561537, 7.880948738791012 ], [ 6.45386634045511, 7.880674237853173 ], [ 6.453132650320576, 7.880291707008956 ], [ 6.452537519281738, 7.879048508882674 ], [ 6.452246639357538, 7.878766629831842 ], [ 6.451995022227636, 7.876319829433559 ], [ 6.451699594445236, 7.875739810624888 ], [ 6.451734729697252, 7.874423136804202 ], [ 6.451720172009827, 7.873416982767804 ], [ 6.450240510683938, 7.872928250606502 ], [ 6.449843193161166, 7.872511229462087 ], [ 6.449533843312795, 7.872211235645357 ], [ 6.448483434008303, 7.871694928815277 ], [ 6.448491015135867, 7.871410629155256 ], [ 6.447280717812268, 7.870816040222785 ], [ 6.445788263713852, 7.868691045213402 ], [ 6.44551270631324, 7.868423555653471 ], [ 6.445226202191703, 7.868122639634383 ], [ 6.44529023042421, 7.865731780879466 ], [ 6.444971909939366, 7.865423788169551 ], [ 6.444295021353029, 7.864009593252164 ], [ 6.445276023396733, 7.863542187958828 ], [ 6.445544277946155, 7.863267418030743 ], [ 6.445823086645415, 7.86300330329481 ], [ 6.44581537113303, 7.86244197958631 ], [ 6.444197972803692, 7.861647407879618 ], [ 6.443651960556116, 7.859933781183693 ], [ 6.443700262176576, 7.858115753174203 ], [ 6.442610722448562, 7.857059111735031 ], [ 6.442299806785191, 7.856410163312378 ], [ 6.440966928486367, 7.855116938830408 ], [ 6.439969216073272, 7.854068796783996 ], [ 6.439633235438272, 7.852658269137164 ], [ 6.43935935162205, 7.852119684198817 ], [ 6.439395957269692, 7.850738431692757 ], [ 6.438016650177696, 7.849400444824347 ], [ 6.437760039252905, 7.845696594370334 ], [ 6.437784192304941, 7.844787584049954 ], [ 6.437761148747653, 7.843174576260319 ], [ 6.439432713282569, 7.841004784583505 ], [ 6.439714216211892, 7.838561246257766 ], [ 6.440000176672596, 7.837211161034904 ], [ 6.439572283659813, 7.832768136836808 ], [ 6.439153063435955, 7.831944857618721 ], [ 6.43813279708327, 7.830423745486939 ], [ 6.437871261153865, 7.829603542332074 ], [ 6.437058661413955, 7.828248368796919 ], [ 6.436797127780431, 7.827428166017679 ], [ 6.436523254205408, 7.826889585162025 ], [ 6.436175898935904, 7.8254297511235 ], [ 6.435719318860112, 7.824986958089519 ], [ 6.434917511671293, 7.823605374696919 ], [ 6.435464385465843, 7.823087669842224 ], [ 6.435737580858141, 7.821999613127234 ], [ 6.436280177363084, 7.821486115769331 ], [ 6.436590915481035, 7.820857365977903 ], [ 6.438139379933609, 7.821263369014343 ], [ 6.438596747545637, 7.820794358056882 ], [ 6.439014909739219, 7.820398179575225 ], [ 6.43928313023905, 7.820123405549988 ], [ 6.440649275494425, 7.819865882866447 ], [ 6.44131982265123, 7.819178944408357 ], [ 6.442016752562916, 7.818518640360931 ], [ 6.442286621964166, 7.81797276649838 ], [ 6.442567044110399, 7.817437547409483 ], [ 6.442843434550519, 7.816605249705676 ], [ 6.443390824173868, 7.816087001967707 ], [ 6.443659039033665, 7.815812223290191 ], [ 6.443953291272164, 7.815533895921113 ], [ 6.444482811380453, 7.814461673455376 ], [ 6.444761578006284, 7.814197548622098 ], [ 6.445090033270608, 7.813533415799744 ], [ 6.444766164434462, 7.81257093169237 ], [ 6.444493516261676, 7.811131142294924 ], [ 6.444534595107458, 7.810400671331699 ], [ 6.446440744502337, 7.811706312728076 ], [ 6.449352367848562, 7.812078674579036 ], [ 6.449936088284236, 7.811783555791245 ], [ 6.450486689991244, 7.811521066399672 ], [ 6.450758187504179, 7.810704083173903 ], [ 6.451300752782918, 7.810190555583089 ], [ 6.451580282113755, 7.809624607542625 ], [ 6.453234163256984, 7.809368765994017 ], [ 6.453891020902412, 7.810058970101835 ], [ 6.454298672137839, 7.80964099453105 ], [ 6.454577430499469, 7.809376860133614 ], [ 6.455098881740351, 7.808842017529831 ], [ 6.455669711525299, 7.808570109597807 ], [ 6.456486513682516, 7.807485291451735 ], [ 6.45703710754948, 7.807222790331601 ], [ 6.457324273301475, 7.806358236366016 ], [ 6.457305603922029, 7.805055525044681 ], [ 6.457867375803666, 7.804787793189302 ], [ 6.458168166021259, 7.80447930695268 ], [ 6.45868580131736, 7.803431865881277 ], [ 6.458964552470228, 7.80316772630384 ], [ 6.459237662122274, 7.802079629610427 ], [ 6.459516411873703, 7.801815489253611 ], [ 6.460182303014437, 7.799515047411931 ], [ 6.460893586146606, 7.798841539749409 ], [ 6.461163413968586, 7.798295641377035 ], [ 6.461442159641271, 7.798031498511329 ], [ 6.461718525280084, 7.796401194299162 ], [ 6.462265865114176, 7.795882905653371 ], [ 6.462542192654783, 7.795050577143181 ], [ 6.462824202126846, 7.794244229295349 ], [ 6.463097289330033, 7.793156124620456 ], [ 6.464191521225885, 7.792896863692745 ], [ 6.464471130550725, 7.790724348967609 ], [ 6.465581283323254, 7.790465177462341 ], [ 6.466100444469218, 7.79101050780196 ], [ 6.46651375488946, 7.791411705944181 ], [ 6.46691104312236, 7.791828693450054 ], [ 6.467186584069605, 7.792096158091515 ], [ 6.467451443969473, 7.79237415023209 ], [ 6.468539220222977, 7.793188696484222 ], [ 6.468804081745197, 7.793466688272129 ], [ 6.469355169571349, 7.794001617350339 ], [ 6.470141840417861, 7.794827600162986 ], [ 6.471533904533151, 7.795104382571585 ], [ 6.472064934512068, 7.794559503419366 ], [ 6.472715238174147, 7.794576624746108 ], [ 6.473125737175685, 7.798101431109191 ], [ 6.474216794634084, 7.798373763069086 ], [ 6.474476782067952, 7.799465065274791 ], [ 6.475293408863787, 7.800257334297853 ], [ 6.475285786378134, 7.800554349089817 ], [ 6.47610501464681, 7.800825056028367 ], [ 6.476369885884473, 7.801103046125422 ], [ 6.47811032141339, 7.802790946542199 ], [ 6.47771447972534, 7.803545798849967 ], [ 6.477444664436674, 7.804091713479207 ], [ 6.477162684837597, 7.804629611475761 ], [ 6.477447115315285, 7.805187833712593 ], [ 6.479397713941338, 7.805832245845433 ], [ 6.479874916353777, 7.806828471346413 ], [ 6.482793338691091, 7.806786555254561 ], [ 6.48313831628335, 7.805747039648774 ], [ 6.4872494108626, 7.805505675708837 ], [ 6.488038778794309, 7.806334835142266 ], [ 6.489389670177195, 7.806315326150578 ], [ 6.491012044338592, 7.807425841701945 ], [ 6.492374092362741, 7.807406389518276 ], [ 6.492908496767384, 7.808521564487902 ], [ 6.493820815575469, 7.809125869881168 ], [ 6.49509513105427, 7.809751913077189 ], [ 6.496540550985068, 7.809019671417646 ], [ 6.497525056316307, 7.809362282277902 ], [ 6.49782295603053, 7.809358221008035 ], [ 6.498607608375237, 7.810182047300584 ], [ 6.499528279794406, 7.810634418808736 ], [ 6.500100977216503, 7.810047383752055 ], [ 6.50065151376912, 7.809525877684918 ], [ 6.502884919775249, 7.81146974789845 ], [ 6.503211326198155, 7.813191590191884 ], [ 6.504188005823765, 7.813514021390923 ], [ 6.50373783134077, 7.815641660443127 ], [ 6.504917418632041, 7.816221054824395 ], [ 6.50700224163076, 7.816191008221106 ], [ 6.507545884949683, 7.816205338478176 ], [ 6.508902667556685, 7.816185810350477 ], [ 6.509443032557358, 7.816752950677187 ], [ 6.510530972852715, 7.817567433817349 ], [ 6.510795880808431, 7.817845412679231 ], [ 6.511343327355054, 7.818114465643546 ], [ 6.511611402668796, 7.818395639567518 ], [ 6.51216751881199, 7.817560666786028 ], [ 6.512160015085727, 7.817034795993402 ], [ 6.512721262758197, 7.816766982081866 ], [ 6.513255468869429, 7.815685644160231 ], [ 6.513535813073474, 7.815150348485727 ], [ 6.513819149540656, 7.814019872720214 ], [ 6.514387554913031, 7.81352863426164 ], [ 6.515439907820777, 7.814077069929908 ], [ 6.51709070558557, 7.814352605035984 ], [ 6.517874414642064, 7.813548611978632 ], [ 6.51922298710888, 7.813121256648524 ], [ 6.519529070996008, 7.812182068485717 ], [ 6.518988438926639, 7.811657830427121 ], [ 6.518726728656982, 7.810837630182916 ], [ 6.518452736789973, 7.81029907212703 ], [ 6.518192628722582, 7.809207759196001 ], [ 6.517917036949221, 7.8089403141559 ], [ 6.51762454463494, 7.807398706874594 ], [ 6.517676528802448, 7.805429139266411 ], [ 6.517109523691398, 7.803167870968423 ], [ 6.517446659280829, 7.800654025746034 ], [ 6.517421407543498, 7.798904292228186 ], [ 6.518277334375041, 7.798632896077386 ], [ 6.5182478839411, 7.79660354089714 ], [ 6.519202051002021, 7.796148967520137 ], [ 6.519900114680205, 7.795364049618463 ], [ 6.519291765521518, 7.794169556790668 ], [ 6.519644571943342, 7.793496465036053 ], [ 6.519915926315678, 7.792679390242937 ], [ 6.520196238813193, 7.792144082132023 ], [ 6.520742623100808, 7.790786370484768 ], [ 6.521025615720063, 7.790246310415319 ], [ 6.520195748957963, 7.789972448156012 ], [ 6.519674932300413, 7.788340013943506 ], [ 6.5189448571614, 7.787981479400259 ], [ 6.518583469923754, 7.787227421614611 ], [ 6.518610842658257, 7.786185454333536 ], [ 6.518326359763308, 7.785626186951735 ], [ 6.518066247080871, 7.784534877694256 ], [ 6.516975158189448, 7.78426266107031 ], [ 6.516427838762306, 7.783977211866887 ], [ 6.516442903475597, 7.783402754182901 ], [ 6.51807937542873, 7.781853383514994 ], [ 6.518361489752105, 7.779656399198446 ], [ 6.519185456294769, 7.779124269882204 ], [ 6.51945688676739, 7.778291306802894 ], [ 6.518640706039292, 7.777499642106945 ], [ 6.517850802026569, 7.775851870251489 ], [ 6.517077576379902, 7.776243439186612 ], [ 6.516738749282046, 7.775536644834544 ], [ 6.516781138168402, 7.77392657415318 ], [ 6.51731611496862, 7.773419760343135 ], [ 6.51787377239207, 7.772847945381372 ], [ 6.517862463978627, 7.772062046606939 ], [ 6.518684820060249, 7.771801027093798 ], [ 6.518952963515035, 7.771526175436356 ], [ 6.519503490198698, 7.771263565236471 ], [ 6.520046644625586, 7.770448073024045 ], [ 6.520584928473415, 7.770461807479907 ], [ 6.521890119710623, 7.769801149921754 ], [ 6.522237169883158, 7.767749625782946 ], [ 6.522565154121835, 7.76650394732735 ], [ 6.523339287826785, 7.7661346067029 ], [ 6.525007019494668, 7.763490274348511 ], [ 6.524538930988466, 7.762098037355476 ], [ 6.526354756543832, 7.761814184449985 ], [ 6.5279869735394, 7.760515714190911 ], [ 6.528298364103276, 7.758379768645921 ], [ 6.530454277460327, 7.758042267403281 ], [ 6.530728809005275, 7.757215658556515 ], [ 6.531821295713014, 7.756694575553596 ], [ 6.532160312389097, 7.756007607885523 ], [ 6.533175094719861, 7.756702429028922 ], [ 6.536943384068175, 7.75700757201119 ], [ 6.539423001788828, 7.756971087499146 ], [ 6.539698205952645, 7.758126028837065 ], [ 6.540414206703068, 7.75953293659866 ], [ 6.540765543287722, 7.760286923115276 ], [ 6.540042684780774, 7.760971679907564 ], [ 6.541580148101469, 7.761354961650437 ], [ 6.542208459278092, 7.761682147531928 ], [ 6.543704128764602, 7.761309519067101 ], [ 6.544156335246258, 7.759505847467484 ], [ 6.547856400902493, 7.759226418761339 ], [ 6.548654349624951, 7.758408101040892 ], [ 6.549368118495297, 7.757731744277428 ], [ 6.552213815030479, 7.75719422329624 ], [ 6.552203880563749, 7.756525344608496 ], [ 6.55289575126284, 7.755870034699934 ], [ 6.553566035757912, 7.755182826961567 ], [ 6.554123376308582, 7.754654362825653 ], [ 6.554536227887508, 7.754230976844827 ], [ 6.555229656123236, 7.754959388107733 ], [ 6.557117259955425, 7.754931572866355 ], [ 6.558182215129673, 7.756050275901121 ], [ 6.559818676453794, 7.756026304496111 ], [ 6.560902763697124, 7.75659120038269 ], [ 6.563081161642261, 7.756869521607904 ], [ 6.563889745386492, 7.757150581339336 ], [ 6.564980837828206, 7.757422665120985 ], [ 6.566501265511498, 7.757820590195004 ], [ 6.566922127974393, 7.757388233609174 ], [ 6.569064473678224, 7.756366789523067 ], [ 6.569353411261076, 7.756070300153007 ], [ 6.57095340603616, 7.756111742106329 ], [ 6.571812515861168, 7.755823801993817 ], [ 6.572327365883402, 7.755295593453746 ], [ 6.573149685497621, 7.755034447532089 ], [ 6.573433811679898, 7.754743222018919 ], [ 6.57501363149453, 7.754784533094851 ], [ 6.576888383323531, 7.754316492186332 ], [ 6.577228052225152, 7.753967857670351 ], [ 6.578051920071072, 7.753435574700143 ], [ 6.57834017817355, 7.749636032913755 ], [ 6.578618833011072, 7.74937177920653 ], [ 6.579396414852281, 7.748203753596504 ], [ 6.5797148008545, 7.746932499438135 ], [ 6.580537102480785, 7.746671332706384 ], [ 6.581077021660739, 7.746397968061888 ], [ 6.581899322121898, 7.746136798111424 ], [ 6.582167415439316, 7.745861888349645 ], [ 6.585035303195099, 7.745612318101458 ], [ 6.585426195830703, 7.746427942550108 ], [ 6.585572804365989, 7.746694613655805 ], [ 6.585972966728364, 7.745883473209704 ], [ 6.586773327680653, 7.744719791895116 ], [ 6.587061782756054, 7.745623802380925 ], [ 6.591953760051588, 7.746182110102125 ], [ 6.592220315578339, 7.74673754273115 ], [ 6.593075220382327, 7.747279354017395 ], [ 6.594666793465006, 7.746746070395278 ], [ 6.595760922208241, 7.746486406336553 ], [ 6.596591817214349, 7.74620777709768 ], [ 6.597122470250434, 7.745133101639114 ], [ 6.598216594958312, 7.744873429507908 ], [ 6.598484679800075, 7.744598505947642 ], [ 6.599035148932123, 7.744335766116894 ], [ 6.59957665838228, 7.743780123171316 ], [ 6.599845321732258, 7.744340331216638 ], [ 6.600936435374579, 7.744612319820047 ], [ 6.601201389736927, 7.744890247267745 ], [ 6.602852158936566, 7.74543493433252 ], [ 6.60337604466817, 7.744897190889503 ], [ 6.604003174419195, 7.744597804863611 ], [ 6.606421745161296, 7.74466065039859 ], [ 6.607581333732826, 7.745877763575636 ], [ 6.607994791326179, 7.746278852876839 ], [ 6.608258221938469, 7.746827909596868 ], [ 6.608533860944481, 7.747095301748661 ], [ 6.609067593612628, 7.747917016849414 ], [ 6.609531750987522, 7.74836658106587 ], [ 6.609057827130846, 7.749271076535523 ], [ 6.609866273542267, 7.75005461592973 ], [ 6.61039477378305, 7.751710377309214 ], [ 6.610680978778383, 7.751987890733788 ], [ 6.610942884753388, 7.752808080212372 ], [ 6.611218528728175, 7.753075472259362 ], [ 6.612022577944734, 7.754169845876772 ], [ 6.614937219823349, 7.754592376133268 ], [ 6.615327054004442, 7.756644541472816 ], [ 6.616380018982372, 7.756628730107446 ], [ 6.617678797161118, 7.755295653060065 ], [ 6.61856331867994, 7.755019930194059 ], [ 6.619082707160164, 7.755565122108508 ], [ 6.619384906005386, 7.755832659509654 ], [ 6.62044345357581, 7.755296296193319 ], [ 6.620993933726973, 7.755033528143295 ], [ 6.62153385487794, 7.75476010749344 ], [ 6.622110880796864, 7.754497485968194 ], [ 6.62316333327879, 7.755045653014332 ], [ 6.623710827468936, 7.755314558313965 ], [ 6.623975805685963, 7.755592478035235 ], [ 6.62452330131365, 7.755861382652522 ], [ 6.624785236850035, 7.756681572339598 ], [ 6.626106528065265, 7.757010931474524 ], [ 6.625596223047352, 7.757494234886262 ], [ 6.62532504577436, 7.758320451242166 ], [ 6.627362805744807, 7.758992738291534 ], [ 6.627760279747936, 7.759409615595479 ], [ 6.628307783472147, 7.759678517513682 ], [ 6.628569727178125, 7.760498707667069 ], [ 6.629660920328095, 7.760770640633634 ], [ 6.629940155095935, 7.761063995856442 ], [ 6.631059002554745, 7.761613050822755 ], [ 6.632133763527338, 7.76159679656669 ], [ 6.633724141366014, 7.762425442425509 ], [ 6.634271654543178, 7.762694338942347 ], [ 6.634805457543274, 7.763516042282738 ], [ 6.635283918346088, 7.763979969284463 ], [ 6.636709176419376, 7.764334773245499 ], [ 6.636975830490328, 7.765170347629059 ], [ 6.637538796414058, 7.765715769807008 ], [ 6.637493471106387, 7.767459960307024 ], [ 6.637505382938101, 7.768273464249028 ], [ 6.637495144566394, 7.768680126138242 ], [ 6.63749973617186, 7.768998430854684 ], [ 6.638305409734823, 7.770580006322822 ], [ 6.638558278485915, 7.773027023521282 ], [ 6.638834016787632, 7.773568201305754 ], [ 6.638451877226116, 7.774297958207212 ], [ 6.638863541266241, 7.774650301700778 ], [ 6.640632905278265, 7.77405694725999 ], [ 6.641217228617078, 7.772872869505382 ], [ 6.642647039667655, 7.772419014379179 ], [ 6.643815304607561, 7.771638538033044 ], [ 6.645915076659231, 7.770636560330698 ], [ 6.646189867599359, 7.769539194147657 ], [ 6.64656984231924, 7.768813650062113 ], [ 6.648376006996985, 7.768472009634761 ], [ 6.649189301572393, 7.767928919031776 ], [ 6.649739793952302, 7.767666113431763 ], [ 6.650279726168412, 7.767392655640801 ], [ 6.652328797849964, 7.767005205354081 ], [ 6.652733584701317, 7.766590127832747 ], [ 6.653001231796797, 7.766870699070495 ], [ 6.657018080088808, 7.767158724250137 ], [ 6.65735691585803, 7.76580484458675 ], [ 6.657926999584819, 7.764976003132717 ], [ 6.659000819373555, 7.764463451612403 ], [ 6.659273396100558, 7.763375056426384 ], [ 6.659552028184784, 7.763110737205006 ], [ 6.659824601680851, 7.762022340918945 ], [ 6.661086791774792, 7.761722655228556 ], [ 6.663110046401864, 7.761775090125231 ], [ 6.663628986374292, 7.76231971460914 ], [ 6.665673636471869, 7.762729730763879 ], [ 6.666071161478934, 7.763146584514368 ], [ 6.666618708580724, 7.763415445743313 ], [ 6.666882230266462, 7.763964491834024 ], [ 6.66717796868887, 7.76454495959162 ], [ 6.667925837143208, 7.765269840568892 ], [ 6.669466614117565, 7.76587143874698 ], [ 6.669866668803051, 7.765060176827843 ], [ 6.671625207152761, 7.764784365019865 ], [ 6.672667376744373, 7.76481125820519 ], [ 6.673668743800212, 7.766174092888473 ], [ 6.673940014397923, 7.765895951803248 ], [ 6.674762353615143, 7.765634596483547 ], [ 6.675034894392954, 7.764546179402058 ], [ 6.676129085764972, 7.764286307616367 ], [ 6.676400131283076, 7.763469033400861 ], [ 6.676950610624004, 7.763206185696838 ], [ 6.677223142752704, 7.762117764966416 ], [ 6.677680064346512, 7.760810039514571 ], [ 6.678324769949585, 7.760502157738801 ], [ 6.678595807033112, 7.759684880015881 ], [ 6.679146280223081, 7.759422027562247 ], [ 6.679414339964998, 7.759147040091579 ], [ 6.679779959805177, 7.758800560730195 ], [ 6.682142603902755, 7.758353752782861 ], [ 6.684589933013253, 7.757277167755828 ], [ 6.685982506164452, 7.757018887392402 ], [ 6.687346423087604, 7.757729084485314 ], [ 6.688397350818455, 7.757026720797497 ], [ 6.689937186451179, 7.756735332285013 ], [ 6.69192993405772, 7.757322356221856 ], [ 6.693487840572453, 7.757710002115 ], [ 6.693826999664588, 7.758417272099805 ], [ 6.694122779054736, 7.758997731011041 ], [ 6.69464199211334, 7.759501020768791 ], [ 6.695714726455357, 7.761326022867583 ], [ 6.696805623772043, 7.76059737333437 ], [ 6.697356093970805, 7.760334494307733 ], [ 6.697627097632139, 7.759517193572406 ], [ 6.698722218482893, 7.757424829301154 ], [ 6.699042149098311, 7.755224994219212 ], [ 6.700935629785466, 7.754930707133644 ], [ 6.701455154562743, 7.755475829986187 ], [ 6.703127316035061, 7.755750722324838 ], [ 6.704438177133297, 7.754404653072307 ], [ 6.706049764112975, 7.754099816842528 ], [ 6.708775984272513, 7.754462457249177 ], [ 6.70948186531549, 7.753737516520116 ], [ 6.709889999225102, 7.754165518554887 ], [ 6.712356498835662, 7.754444649034574 ], [ 6.713141933318391, 7.753638038888748 ], [ 6.714717377421716, 7.753339857647956 ], [ 6.715080643437132, 7.752243926303557 ], [ 6.71860784850701, 7.751771896937007 ], [ 6.718877344183617, 7.75122572215323 ], [ 6.720283447100186, 7.750425066969671 ], [ 6.722281513594722, 7.751119491731466 ], [ 6.722686234474315, 7.750703792013705 ], [ 6.723508539001275, 7.750442324681035 ], [ 6.724048425917977, 7.750168752394789 ], [ 6.724598874041003, 7.749905829069772 ], [ 6.725685381865237, 7.74909285022567 ], [ 6.7262358279941, 7.74882992406928 ], [ 6.726612141942441, 7.748066639999085 ], [ 6.727600920279952, 7.747752559816712 ], [ 6.728392107320603, 7.747351625266735 ], [ 6.728693231291484, 7.745854948705054 ], [ 6.728983025906569, 7.745580034857785 ], [ 6.728966503459268, 7.744501649423605 ], [ 6.730338345591217, 7.744242033772201 ], [ 6.730610723813323, 7.743153534172824 ], [ 6.731976715915843, 7.742894939883202 ], [ 6.732290651645321, 7.742573014652385 ], [ 6.733874372409224, 7.742905035591156 ], [ 6.735253453041429, 7.743178234677353 ], [ 6.736191524777496, 7.742215078113676 ], [ 6.735716907972618, 7.740808538885035 ], [ 6.736322094942079, 7.740234999025832 ], [ 6.736899652041788, 7.739366313865063 ], [ 6.73688351168664, 7.738311228737417 ], [ 6.737167957639108, 7.738041573711827 ], [ 6.737442483026493, 7.736944071176067 ], [ 6.738535880020414, 7.736421841215181 ], [ 6.738808024232509, 7.735869831889055 ], [ 6.739354316957521, 7.735883850040034 ], [ 6.739628453805963, 7.735056978340725 ], [ 6.740720780263314, 7.734535263682848 ], [ 6.741533930296529, 7.733991941692178 ], [ 6.74210027868253, 7.733729070658093 ], [ 6.742814693716186, 7.734478556879266 ], [ 6.743159055511775, 7.735920947202493 ], [ 6.744268345578991, 7.735904041125589 ], [ 6.74505352463383, 7.736727517919424 ], [ 6.746695954088795, 7.73700312808694 ], [ 6.747218251886826, 7.738637124010456 ], [ 6.74749400162767, 7.738904450661971 ], [ 6.747751877209469, 7.740538109327012 ], [ 6.748571335893434, 7.740808308244469 ], [ 6.748663270200709, 7.773631070849174 ], [ 6.749557052150379, 7.773617273197654 ], [ 6.749196597866182, 7.774991320490147 ], [ 6.750152813929306, 7.775917403407867 ], [ 6.750543277555563, 7.777979704745186 ], [ 6.749926840099683, 7.777963725448823 ], [ 6.749443387869599, 7.779896399499153 ], [ 6.748890788711537, 7.780953240373838 ], [ 6.74889891349012, 7.781520508369846 ], [ 6.749455368883397, 7.782030309866981 ], [ 6.750006949328342, 7.781463364137506 ], [ 6.751617346691946, 7.781504741714423 ], [ 6.752599004058582, 7.780848445873803 ], [ 6.753206296389134, 7.781485622449193 ], [ 6.754331852360089, 7.78232733005693 ], [ 6.754611207860594, 7.782620632513834 ], [ 6.755686932339563, 7.783148007033314 ], [ 6.756223916519921, 7.783427313578068 ], [ 6.756771577652398, 7.783696082510258 ], [ 6.757035238022846, 7.784245109872632 ], [ 6.757311017279227, 7.784512439913628 ], [ 6.757573695623133, 7.785246300933703 ], [ 6.756484285535588, 7.7855927360843 ], [ 6.755712728735862, 7.785983751619892 ], [ 6.755394671315101, 7.786974582749437 ], [ 6.755932835613324, 7.788030324898548 ], [ 6.756190720679715, 7.789663992877474 ], [ 6.756478293734552, 7.790808444929662 ], [ 6.757000170559825, 7.791832324167983 ], [ 6.756966059925833, 7.793151968152836 ], [ 6.757263531497673, 7.79373454137646 ], [ 6.756976497108752, 7.794283300615972 ], [ 6.756992489848738, 7.795368585670706 ], [ 6.756432306107552, 7.795354494870855 ], [ 6.756161221223401, 7.796198338757695 ], [ 6.757224742218613, 7.797228268429243 ], [ 6.757787822249956, 7.798095069426255 ], [ 6.757725545286752, 7.800514063743011 ], [ 6.759943334887176, 7.800796450683608 ], [ 6.760208447775807, 7.801074319351855 ], [ 6.760756132674673, 7.801343090166682 ], [ 6.76372722862918, 7.804075791584074 ], [ 6.764274920442251, 7.804344559547671 ], [ 6.764538597193817, 7.804893588189375 ], [ 6.765643878590923, 7.805168480494356 ], [ 6.766421805595789, 7.805984509273953 ], [ 6.767932080597723, 7.8064002990431 ], [ 6.768344673310605, 7.80600896407236 ], [ 6.768720614558625, 7.785375565342202 ], [ 6.769808870728071, 7.784343219174048 ], [ 6.770186091265082, 7.783204382531693 ], [ 6.771977582600912, 7.783249815474513 ], [ 6.772273259181682, 7.782969605777464 ], [ 6.772555713268387, 7.782679263161175 ], [ 6.773636980767186, 7.782163256304781 ], [ 6.773905015018462, 7.781888195777661 ], [ 6.774569959144197, 7.781570729734395 ], [ 6.774182595181353, 7.780810266162305 ], [ 6.774189360876876, 7.780534363589975 ], [ 6.773917864462088, 7.779453022480681 ], [ 6.773661332964942, 7.777548183525011 ], [ 6.773123123722741, 7.776492454616339 ], [ 6.77339129324042, 7.776190912518418 ], [ 6.77393727004536, 7.775673150438155 ], [ 6.773984691903892, 7.773829754174101 ], [ 6.773695647779539, 7.771040262556368 ], [ 6.772738028035743, 7.770570755181899 ], [ 6.772312749851496, 7.768442059135888 ], [ 6.772630582826221, 7.767481917537945 ], [ 6.774791018979931, 7.767537197870171 ], [ 6.775209071168902, 7.767107737954217 ], [ 6.77561201612738, 7.767530375779432 ], [ 6.77588780269662, 7.767797694169578 ], [ 6.776285469890467, 7.768214477511211 ], [ 6.779146046339091, 7.768628256068841 ], [ 6.780409087904899, 7.769285777654551 ], [ 6.78214581995476, 7.769739212149778 ], [ 6.782936050991058, 7.769727449145152 ], [ 6.783875530477145, 7.77021643818503 ], [ 6.786477183750475, 7.769480042590635 ], [ 6.788658921316522, 7.76922553084776 ], [ 6.788926937847838, 7.768950455591562 ], [ 6.789204099400003, 7.768957195209282 ], [ 6.790095406432831, 7.768505286962196 ], [ 6.790563525186446, 7.768958971799096 ], [ 6.790542812404355, 7.769771856136634 ], [ 6.791372171810892, 7.769793118275806 ], [ 6.792187899121507, 7.769780940866269 ], [ 6.79246240650128, 7.769787664719452 ], [ 6.792730421692508, 7.769512586471601 ], [ 6.793811640750753, 7.768996511412875 ], [ 6.794096741173917, 7.76870351375562 ], [ 6.794619071452393, 7.769251222878104 ], [ 6.795694566962528, 7.768915719436622 ], [ 6.796547722457452, 7.767632594562386 ], [ 6.797888802621011, 7.768098214991892 ], [ 6.797914174550307, 7.767101565967632 ], [ 6.797902336465544, 7.766316050003775 ], [ 6.798199906836754, 7.765463284113516 ], [ 6.798190095697359, 7.764798005863089 ], [ 6.798200179217536, 7.76439129511119 ], [ 6.798192325179787, 7.763860026462447 ], [ 6.79930384835265, 7.763027363540077 ], [ 6.800110368527305, 7.76304795712067 ], [ 6.800920193335254, 7.762637439202122 ], [ 6.801745864508343, 7.762242890344357 ], [ 6.80174156809836, 7.761945739700684 ], [ 6.802706417305515, 7.761030211153318 ], [ 6.80311376148779, 7.760611781406361 ], [ 6.803902224869886, 7.760632273267859 ], [ 6.804474495284993, 7.760358756030159 ], [ 6.805531359928862, 7.759822388035206 ], [ 6.806103317467445, 7.759813686778841 ], [ 6.806628298573249, 7.760364574426687 ], [ 6.807466548328251, 7.760103017511073 ], [ 6.80783362605092, 7.759358643389342 ], [ 6.809323023071288, 7.760920820702307 ], [ 6.810484165557591, 7.760654035940426 ], [ 6.811852493616455, 7.759959830332712 ], [ 6.812895987570524, 7.760673333728871 ], [ 6.81371415721027, 7.761214600567183 ], [ 6.813987218875334, 7.761500954075083 ], [ 6.814785342409433, 7.760680929051827 ], [ 6.815893364210747, 7.760417562371006 ], [ 6.816161360633432, 7.760142463296996 ], [ 6.816711800272692, 7.759879408221457 ], [ 6.8178078495887, 7.758230419341512 ], [ 6.820221044685892, 7.758292050610293 ], [ 6.820527885369527, 7.758000728585407 ], [ 6.820826787437202, 7.757394754080464 ], [ 6.821895651240236, 7.756380657451671 ], [ 6.822163641520673, 7.756105552748503 ], [ 6.822940848453102, 7.755734010740125 ], [ 6.822265301460448, 7.754408552664907 ], [ 6.823312104705467, 7.751692046429446 ], [ 6.822971649186946, 7.749640037646977 ], [ 6.823324366655672, 7.749306043358298 ], [ 6.823295754148003, 7.747433590542567 ], [ 6.823575694166962, 7.746897958251705 ], [ 6.823846460918297, 7.746080504578548 ], [ 6.824203087464691, 7.745398020477533 ], [ 6.823588254246872, 7.744452105464464 ], [ 6.822768700326166, 7.744182035479729 ], [ 6.822511415805851, 7.742271339012704 ], [ 6.821780162290056, 7.742282432144625 ], [ 6.82135894747214, 7.740963575389858 ], [ 6.819837437927155, 7.740585572024027 ], [ 6.820345598795075, 7.739554298893026 ], [ 6.820911364290133, 7.738472472659231 ], [ 6.820895110281711, 7.737398264353381 ], [ 6.821180407538844, 7.736852066635016 ], [ 6.821469260338936, 7.732509369368087 ], [ 6.822015657979391, 7.731990985257178 ], [ 6.821222412174619, 7.731151680692387 ], [ 6.820666417375326, 7.731160494502577 ], [ 6.820657604113509, 7.73060167119622 ], [ 6.821215203592408, 7.730072751681406 ], [ 6.821497587661283, 7.729782356533968 ], [ 6.822578677062532, 7.729266169303615 ], [ 6.822849424797887, 7.728448713043357 ], [ 6.823127956434992, 7.728184250293508 ], [ 6.823640403886012, 7.727657743260109 ], [ 6.824492809515268, 7.727106485761048 ], [ 6.824769104004298, 7.725204333432208 ], [ 6.825221774243413, 7.723906349803286 ], [ 6.824527314857412, 7.722544263175017 ], [ 6.824089821880868, 7.720358292342185 ], [ 6.824788519092778, 7.719022895521467 ], [ 6.824836965435029, 7.717129115248943 ], [ 6.824546953126938, 7.716525428303246 ], [ 6.824133249939595, 7.716124497294568 ], [ 6.823735557504154, 7.715707758215295 ], [ 6.823183425102592, 7.715173180609616 ], [ 6.823207965624882, 7.714216229937991 ], [ 6.82319317522478, 7.713267023723911 ], [ 6.823968160602074, 7.712897034433638 ], [ 6.824530652702403, 7.711196542784141 ], [ 6.824843986060019, 7.710560967200834 ], [ 6.825122501977005, 7.710296499333735 ], [ 6.825393222965882, 7.709479036060181 ], [ 6.826754150256052, 7.709155447544409 ], [ 6.826496995846744, 7.707315196132081 ], [ 6.825955962179919, 7.70679127354118 ], [ 6.826232292800614, 7.704873224113896 ], [ 6.826740226325254, 7.704391172978734 ], [ 6.827333251741275, 7.703257022194195 ], [ 6.827974380820316, 7.701955744151551 ], [ 6.829139065097341, 7.701585595417041 ], [ 6.829515153804244, 7.700822154584513 ], [ 6.830068263063965, 7.700016708640742 ], [ 6.830423625364649, 7.698943315302693 ], [ 6.83192794047428, 7.698920208425698 ], [ 6.832519012824005, 7.699210269968776 ], [ 6.833038704898098, 7.699755262608441 ], [ 6.83387682270573, 7.699493615202985 ], [ 6.8341461384613, 7.698947314793142 ], [ 6.834692470596934, 7.698428897420198 ], [ 6.834430175573305, 7.697592838314391 ], [ 6.833891838751271, 7.696537168558006 ], [ 6.834325048278729, 7.695187152512112 ], [ 6.836556288896416, 7.694628509673869 ], [ 6.838524273432676, 7.694364604398342 ], [ 6.839072541667259, 7.693251914357152 ], [ 6.840164644013425, 7.692215584447261 ], [ 6.84044494963118, 7.690018927002871 ], [ 6.841499278381158, 7.690045418727705 ], [ 6.84268413548513, 7.68966843697472 ], [ 6.842348293779296, 7.688673643890558 ], [ 6.842380804276674, 7.687388331589972 ], [ 6.842094020127539, 7.686247070520979 ], [ 6.841835739661101, 7.684613371921269 ], [ 6.841413065234483, 7.68336125971882 ], [ 6.842038409518338, 7.680858070935473 ], [ 6.842671752980543, 7.680555111076772 ], [ 6.842943776826806, 7.679466443849302 ], [ 6.843765923081254, 7.679204684144259 ], [ 6.844037942512155, 7.678116015147209 ], [ 6.844860085850649, 7.677854252423855 ], [ 6.845130734495722, 7.677036759283651 ], [ 6.846224706404398, 7.676776356154181 ], [ 6.84649671673339, 7.675687683318448 ], [ 6.846802932946784, 7.675397376586031 ], [ 6.846766111130914, 7.67300843559675 ], [ 6.847062035338431, 7.672441594531484 ], [ 6.847331309793775, 7.671895275778584 ], [ 6.847609783898187, 7.671630781959825 ], [ 6.847880420508911, 7.670813284316038 ], [ 6.848429368148612, 7.669763070716492 ], [ 6.848106388244026, 7.667685723918638 ], [ 6.847386650841666, 7.666274291939722 ], [ 6.84682475542048, 7.66483187040501 ], [ 6.845486952850301, 7.664176344488194 ], [ 6.845465715963325, 7.662803895458045 ], [ 6.845490131954604, 7.661854871214274 ], [ 6.845473281615951, 7.660771107503765 ], [ 6.846684107530793, 7.660385746576002 ], [ 6.84766086550481, 7.659458430814601 ], [ 6.847941729284137, 7.658610261861498 ], [ 6.848479476071065, 7.658623541661208 ], [ 6.848765192206843, 7.658077301871115 ], [ 6.849037171366034, 7.656988621459489 ], [ 6.849590170999341, 7.656183122825374 ], [ 6.84986078618314, 7.655365619632606 ], [ 6.851402946845195, 7.655072995313742 ], [ 6.851779809551744, 7.652120960328366 ], [ 6.852342587929231, 7.651586689602808 ], [ 6.852330228461643, 7.650767772873838 ], [ 6.852876467104404, 7.650249308066958 ], [ 6.852615493355477, 7.649142077354228 ], [ 6.851855795584053, 7.647652598021264 ], [ 6.851271350687769, 7.646152337843017 ], [ 6.850732995690157, 7.645096693295971 ], [ 6.85113315909927, 7.643849748048429 ], [ 6.851628713004198, 7.643379229089749 ], [ 6.851285008301259, 7.642361100544928 ], [ 6.85131214559405, 7.641287085373804 ], [ 6.851019979869533, 7.641003851733768 ], [ 6.85011540323064, 7.639612168658264 ], [ 6.848057522744365, 7.639643761167733 ], [ 6.847499949904517, 7.639353906054705 ], [ 6.845520464124487, 7.638786303868073 ], [ 6.847772773909411, 7.637137584530456 ], [ 6.847792502803302, 7.636378152279355 ], [ 6.847512232445458, 7.636370928879836 ], [ 6.846762566676247, 7.636382553388929 ], [ 6.846354903495846, 7.634675550279987 ], [ 6.845762365873252, 7.634054485070919 ], [ 6.845348695217556, 7.633653589784138 ], [ 6.845083585221245, 7.633375785676106 ], [ 6.844264199903797, 7.633105811103576 ], [ 6.843405257246059, 7.631937337765017 ], [ 6.841891645464189, 7.630472166287833 ], [ 6.840495515796861, 7.628025066051688 ], [ 6.840229241311227, 7.62575839472534 ], [ 6.839688261072259, 7.625234511689823 ], [ 6.83995757685479, 7.624672301610425 ], [ 6.840776887143492, 7.623894618990834 ], [ 6.840509936913749, 7.623032593909771 ], [ 6.839968430476654, 7.622508179678687 ], [ 6.839703329731711, 7.622230375029447 ], [ 6.83834601257234, 7.621893091567221 ], [ 6.838666820141215, 7.620061024817371 ], [ 6.840256436295967, 7.620334846259919 ], [ 6.840612895468059, 7.620708444624184 ], [ 6.841856683082313, 7.620076940647701 ], [ 6.842430791066425, 7.62034569014638 ], [ 6.842950431539077, 7.620890649478642 ], [ 6.843788380849935, 7.620628937142868 ], [ 6.845396968375473, 7.619552736840234 ], [ 6.845696396476828, 7.619548400213984 ], [ 6.846094052875729, 7.619965101721877 ], [ 6.847043419613038, 7.620884546648552 ], [ 6.847367768015904, 7.622586365308695 ], [ 6.848102353452334, 7.623356965250375 ], [ 6.849163621148325, 7.623025378802162 ], [ 6.849492972529642, 7.621706574102953 ], [ 6.850039678252179, 7.6206600341371 ], [ 6.85031160418766, 7.619571343680973 ], [ 6.851405420309905, 7.619310885122692 ], [ 6.851674637750514, 7.618764551601747 ], [ 6.852496656612529, 7.618502740708716 ], [ 6.853074980354317, 7.616754548749055 ], [ 6.855225405529223, 7.616346772420612 ], [ 6.855497313490315, 7.615258074091259 ], [ 6.856862912198529, 7.614998943340432 ], [ 6.857130771833744, 7.614723784194877 ], [ 6.857677481971751, 7.61420477109792 ], [ 6.857952887948726, 7.613371913685508 ], [ 6.860158307379367, 7.611827190859606 ], [ 6.860140685602453, 7.610670847770979 ], [ 6.860693584563341, 7.60986531097682 ], [ 6.861345558883288, 7.608884412565137 ], [ 6.862883665880238, 7.608518055036304 ], [ 6.863498738877993, 7.607268959452048 ], [ 6.864236355049225, 7.606894412129543 ], [ 6.864786558354172, 7.606631230538292 ], [ 6.865096427356976, 7.605695248023371 ], [ 6.866153550756224, 7.605010826700752 ], [ 6.866678575737539, 7.604471031645053 ], [ 6.868050745500193, 7.606099616505016 ], [ 6.868333437566627, 7.606688406635687 ], [ 6.869269106957203, 7.607594498676232 ], [ 6.869666784403941, 7.608011182011289 ], [ 6.870717460908283, 7.608526413362436 ], [ 6.871164959024727, 7.60895976026985 ], [ 6.872552877674937, 7.610415215554323 ], [ 6.874275215980346, 7.611553978357601 ], [ 6.875023581208172, 7.61233891013215 ], [ 6.875899308058005, 7.612917894575168 ], [ 6.876164434292071, 7.613195682049872 ], [ 6.877125633037153, 7.613667031596996 ], [ 6.879404411001855, 7.615872614808588 ], [ 6.879950917034379, 7.617010903093314 ], [ 6.880499851110396, 7.618087761324733 ], [ 6.881027448324875, 7.619185702386829 ], [ 6.881301916807585, 7.619724131065409 ], [ 6.881571028055493, 7.621136490983179 ], [ 6.882102656407675, 7.622711155039728 ], [ 6.882365125420098, 7.623531311185952 ], [ 6.882640930306735, 7.62379855518188 ], [ 6.882996739684324, 7.625286023644291 ], [ 6.883987957261043, 7.626245870489287 ], [ 6.884650804082684, 7.626940334574204 ], [ 6.885340325954866, 7.627608444039179 ], [ 6.886104053602521, 7.628409334275577 ], [ 6.890227538901063, 7.628717085694767 ], [ 6.891026997896828, 7.630895825811138 ], [ 6.891845104643091, 7.631436905095398 ], [ 6.89292302751258, 7.632261037836338 ], [ 6.893470656202446, 7.632529603276777 ], [ 6.894278101010033, 7.633081222216346 ], [ 6.895097544008857, 7.633351110519737 ], [ 6.895361367887685, 7.633900079891891 ], [ 6.898355317647926, 7.634180548876601 ], [ 6.898892284944969, 7.63445965176542 ], [ 6.899860148882246, 7.634778455398972 ], [ 6.900515378062014, 7.636062927539601 ], [ 6.900011541564105, 7.638130452934624 ], [ 6.899227401537427, 7.640084851601838 ], [ 6.898590009213027, 7.640690347146329 ], [ 6.898157335141283, 7.642423988643102 ], [ 6.897489469586913, 7.643396926905547 ], [ 6.897083691335729, 7.644623266650703 ], [ 6.896387613769018, 7.645284616306939 ], [ 6.895345496005957, 7.646355833081479 ], [ 6.894488188672637, 7.646765325318103 ], [ 6.894900703161108, 7.648282207104309 ], [ 6.895286981361242, 7.649086549769825 ], [ 6.896276883845808, 7.649571794479308 ], [ 6.898686876232691, 7.651165155522509 ], [ 6.899356379280234, 7.651813033490384 ], [ 6.899620214214319, 7.652362004387983 ], [ 6.899896046458044, 7.652629245006428 ], [ 6.900187400433554, 7.653847330705299 ], [ 6.901488737959814, 7.653186806369563 ], [ 6.902612948717818, 7.652918964632421 ], [ 6.903338396114298, 7.652550660637202 ], [ 6.903694943556773, 7.652924227946734 ], [ 6.905537136466736, 7.653381820002353 ], [ 6.906406588641122, 7.654293382561663 ], [ 6.908416321056854, 7.65458334075457 ], [ 6.909225232169716, 7.655826713953125 ], [ 6.91020693976601, 7.656476095954369 ], [ 6.910726719848064, 7.657021008446791 ], [ 6.912867757746718, 7.656735824491467 ], [ 6.913203637867518, 7.655139936262836 ], [ 6.913531067227137, 7.652879256781651 ], [ 6.914581239073223, 7.651349853398754 ], [ 6.914896531625782, 7.650709934135466 ], [ 6.916227607335562, 7.650262432403102 ], [ 6.916899674237277, 7.650279450996817 ], [ 6.917330252417987, 7.649404378373975 ], [ 6.92052389728844, 7.649484940545442 ], [ 6.921659260629304, 7.649214449255505 ], [ 6.923534389523829, 7.648466033678795 ], [ 6.926557389820232, 7.648153232157222 ], [ 6.926825243181841, 7.647878023633049 ], [ 6.927648625072713, 7.647344880183908 ], [ 6.927916477272437, 7.647069670649116 ], [ 6.929854759174149, 7.646764343965501 ], [ 6.930372122299223, 7.646273158698879 ], [ 6.930876342042961, 7.645754895290945 ], [ 6.931458063977942, 7.645459471039465 ], [ 6.932028526200799, 7.645186768969999 ], [ 6.932549285117076, 7.644651102260175 ], [ 6.937731870764696, 7.644378217519616 ], [ 6.93849296643537, 7.643655650223658 ], [ 6.939087508412686, 7.642789270643074 ], [ 6.939356652261406, 7.642242856648012 ], [ 6.9415378397759, 7.641987360184481 ], [ 6.941809578039114, 7.640898553647461 ], [ 6.942159985294894, 7.640565990159503 ], [ 6.941553249939922, 7.638770097304826 ], [ 6.941821266239675, 7.638457798337726 ], [ 6.942099671340653, 7.638193221267495 ], [ 6.942383515017258, 7.637901654566355 ], [ 6.943981384478179, 7.637941576079808 ], [ 6.944540320506262, 7.637411366808375 ], [ 6.944925795668894, 7.636627669685541 ], [ 6.945925439389616, 7.636309312593442 ], [ 6.945906311326929, 7.635089872389027 ], [ 6.945955376736274, 7.633153554555448 ], [ 6.945503638483365, 7.631360520818725 ], [ 6.947295832059081, 7.630503518842215 ], [ 6.947033945471201, 7.629532938939486 ], [ 6.946492266552063, 7.629008620661449 ], [ 6.946224959835672, 7.628173086473859 ], [ 6.945783164581674, 7.627745116757957 ], [ 6.945282969048661, 7.625760106030505 ], [ 6.946509687556238, 7.625467714754845 ], [ 6.947322438055027, 7.624923870136968 ], [ 6.94864528837846, 7.624957159382984 ], [ 6.949496261103567, 7.624524727415718 ], [ 6.950321570739866, 7.624129779431772 ], [ 6.950615768319271, 7.622662863662971 ], [ 6.951690967542096, 7.621966640478933 ], [ 6.952008945634215, 7.620074490441613 ], [ 6.954130570632645, 7.620041617600394 ], [ 6.954537990147517, 7.620889994478159 ], [ 6.956422094059348, 7.620566776175606 ], [ 6.957408086884742, 7.620095233870725 ], [ 6.957802359278693, 7.618902101163101 ], [ 6.958225956375769, 7.618466569926047 ], [ 6.958643529116952, 7.61806967794008 ], [ 6.959045249890565, 7.617656819863678 ], [ 6.959897296195178, 7.617105184154593 ], [ 6.960409449252637, 7.616578429596576 ], [ 6.960827018249023, 7.616181534453196 ], [ 6.961228735226648, 7.615768673295468 ], [ 6.96177892566423, 7.615505355565833 ], [ 6.962094116577992, 7.614865375068899 ], [ 6.964173852067067, 7.615718433524385 ], [ 6.965315049862278, 7.614979570614869 ], [ 6.965716762218913, 7.614566703836111 ], [ 6.967765199690457, 7.614177455453151 ], [ 6.968160254317955, 7.613374166214856 ], [ 6.9693415817727, 7.613355868427198 ], [ 6.971688862305212, 7.613766786557212 ], [ 6.974021996574244, 7.613121934625923 ], [ 6.974291073240437, 7.612575481503179 ], [ 6.974584905571011, 7.612296643233256 ], [ 6.975112876325553, 7.611223287812495 ], [ 6.975391244583046, 7.610958678907364 ], [ 6.975664134626736, 7.609598620613709 ], [ 6.97723786632152, 7.609223523354464 ], [ 6.978139749580472, 7.6087923153448 ], [ 6.97866040974487, 7.608256565334681 ], [ 6.978938774031149, 7.607991953039764 ], [ 6.979360249811536, 7.606302046957523 ], [ 6.980302694733257, 7.605823348331513 ], [ 6.980852865635548, 7.605559999838296 ], [ 6.981392468671931, 7.605286006087842 ], [ 6.98302987558576, 7.60502771331026 ], [ 6.983298934555783, 7.604481250075784 ], [ 6.984120911719632, 7.604219160127442 ], [ 6.984660511851395, 7.603945161307809 ], [ 6.985754296714402, 7.603684330468277 ], [ 6.986293895585956, 7.603410329161837 ], [ 6.988203106056854, 7.603153275771791 ], [ 6.988688004227325, 7.602654952269646 ], [ 6.991454296458546, 7.603375985013545 ], [ 6.991485599189009, 7.602124433731792 ], [ 6.991105407826107, 7.600999166672153 ], [ 6.991880029204117, 7.600986860005939 ], [ 6.992756420646119, 7.601008924847032 ], [ 6.993117458317126, 7.599630178165995 ], [ 6.993102686149507, 7.598695706309059 ], [ 6.99418171626079, 7.598179462077275 ], [ 6.994480912580957, 7.596396788882233 ], [ 6.994759260277709, 7.596132161750659 ], [ 6.995027040047853, 7.59585689026943 ], [ 6.99661613241001, 7.595478067711871 ], [ 6.997015112306294, 7.594270054370704 ], [ 6.999147091468704, 7.593933981438878 ], [ 6.999953858594774, 7.593167498963269 ], [ 6.999924786995062, 7.591303317813386 ], [ 7.000763434617295, 7.590184723232686 ], [ 7.001031821700479, 7.590465644683489 ], [ 7.002393666555551, 7.591009032957372 ], [ 7.00277384185117, 7.591799519320641 ], [ 7.00429128919516, 7.592102600684031 ], [ 7.004555049770149, 7.592926982997548 ], [ 7.004827088409717, 7.592647485648619 ], [ 7.006142807176913, 7.591683625534591 ], [ 7.006465420264455, 7.591027733521962 ], [ 7.006745007879178, 7.590491889243808 ], [ 7.007088500641965, 7.589451521922766 ], [ 7.008858797018175, 7.58902950934973 ], [ 7.009741938111097, 7.587234651311229 ], [ 7.012896575278751, 7.587313177654105 ], [ 7.013694110084334, 7.586931721084147 ], [ 7.01445320422491, 7.585787297972339 ], [ 7.016409830861249, 7.58768042401191 ], [ 7.017582222545054, 7.58890888358027 ], [ 7.018713129944962, 7.588648123896897 ], [ 7.019111275907839, 7.587839473419477 ], [ 7.020331856207352, 7.587820137391654 ], [ 7.020612938826066, 7.58811435084463 ], [ 7.020888836114228, 7.588381524008202 ], [ 7.020875788604279, 7.588912770374501 ], [ 7.021422102832511, 7.589485231663572 ], [ 7.026848647401985, 7.589399722005392 ], [ 7.028009040433698, 7.590940112247878 ], [ 7.027916781892394, 7.594640304737183 ], [ 7.02819258987856, 7.594929193924467 ], [ 7.02956438734543, 7.595750127382549 ], [ 7.029537755528427, 7.596817389308606 ], [ 7.029946187143886, 7.597245135808121 ], [ 7.030625920432113, 7.59790295234639 ], [ 7.03103263721068, 7.599173474677072 ], [ 7.031983149098754, 7.59819568513657 ], [ 7.034602398597121, 7.597888130618057 ], [ 7.034978029151961, 7.597124385090409 ], [ 7.035256359364724, 7.596859725694829 ], [ 7.035983370395226, 7.596111340893486 ], [ 7.036954142397731, 7.595461526163086 ], [ 7.038251251028629, 7.595783100876488 ], [ 7.038788313647292, 7.596062041916469 ], [ 7.039864174980416, 7.596588675243678 ], [ 7.040908792656335, 7.597684088018243 ], [ 7.04248852046533, 7.598202925167577 ], [ 7.04290731319344, 7.599511639201519 ], [ 7.046091974314589, 7.600146823528481 ], [ 7.046628491946653, 7.600666248964229 ], [ 7.046924767453277, 7.601246569902668 ], [ 7.047185122159963, 7.602609132441294 ], [ 7.047671426568919, 7.603080126097267 ], [ 7.047176561763605, 7.604502326190515 ], [ 7.046902666037083, 7.60613370192827 ], [ 7.046223366064364, 7.606779023098228 ], [ 7.047417037048372, 7.608029780228421 ], [ 7.048251983640045, 7.60830422858654 ], [ 7.04877194018856, 7.608849006572294 ], [ 7.04933802314424, 7.608585633038554 ], [ 7.04979991500144, 7.607646390562677 ], [ 7.051240154147064, 7.608145510462295 ], [ 7.052326460923347, 7.607780113258755 ], [ 7.053148436831314, 7.607517883221134 ], [ 7.053416197610781, 7.607242568057856 ], [ 7.054509994652543, 7.606981555161966 ], [ 7.055336818867076, 7.60670344942539 ], [ 7.056003574048662, 7.606719681759567 ], [ 7.056547266785369, 7.606711524938238 ], [ 7.058034191317307, 7.606748380441752 ], [ 7.058313887300152, 7.606179646300061 ], [ 7.058590994706581, 7.606186184757116 ], [ 7.059323737145384, 7.605813887375402 ], [ 7.060141212305656, 7.606670405904093 ], [ 7.061647558841585, 7.607821884356516 ], [ 7.062941143668115, 7.607288402241558 ], [ 7.062928309553465, 7.60648050861986 ], [ 7.063947083183772, 7.606137556036692 ], [ 7.064298086066761, 7.606477619634379 ], [ 7.064568643967546, 7.606761173100034 ], [ 7.065245611645602, 7.606750421429545 ], [ 7.066604608800606, 7.606784027982362 ], [ 7.068101372226606, 7.606759974815512 ], [ 7.068364045552923, 7.607857156971167 ], [ 7.06891181506384, 7.608125521059815 ], [ 7.06917709479571, 7.608403222367599 ], [ 7.070356658961477, 7.608790939728818 ], [ 7.071080359181064, 7.60949128560698 ], [ 7.071602994660793, 7.610038704486208 ], [ 7.07434277428329, 7.610585384363459 ], [ 7.074873344081094, 7.611140781790384 ], [ 7.075691742233464, 7.611681564297122 ], [ 7.076354959304532, 7.61237581012553 ], [ 7.077044841661039, 7.61304368613392 ], [ 7.077331228212519, 7.614543571681198 ], [ 7.078118368849203, 7.614952310015911 ], [ 7.079072518249059, 7.614937471562137 ], [ 7.080567457060449, 7.614974292608247 ], [ 7.082643547932668, 7.614941108041116 ], [ 7.083559129313892, 7.615242340760931 ], [ 7.08407914733782, 7.615787089496041 ], [ 7.085188895894718, 7.615526070439294 ], [ 7.085976150564709, 7.614715876453176 ], [ 7.087051951778317, 7.615404516808614 ], [ 7.087381870864471, 7.616434720785474 ], [ 7.088474041779948, 7.616067138147827 ], [ 7.089263987895501, 7.616086515710331 ], [ 7.090321870252072, 7.615548731028129 ], [ 7.091742194747751, 7.615892432921497 ], [ 7.09232664223438, 7.617717833102758 ], [ 7.092923882949096, 7.617732647212606 ], [ 7.093579106498974, 7.617722289283225 ], [ 7.094832066059308, 7.618335942488984 ], [ 7.095350730969666, 7.620392548665207 ], [ 7.094407906909248, 7.62084344372427 ], [ 7.094672582643512, 7.621263631816423 ], [ 7.09521799365339, 7.62207441187005 ], [ 7.095205020879578, 7.622606742114237 ], [ 7.095746933844092, 7.624209465486667 ], [ 7.095475418042365, 7.625335552768015 ], [ 7.095020073235546, 7.625768462025395 ], [ 7.095464111005773, 7.626691632047003 ], [ 7.095740085363999, 7.626958775024846 ], [ 7.096002996071927, 7.627778908042762 ], [ 7.096329726310382, 7.628095010927688 ], [ 7.09596250735941, 7.631530333841456 ], [ 7.096341514599667, 7.632272047444405 ], [ 7.095701829117329, 7.63320474606252 ], [ 7.095712125181707, 7.63387755880478 ], [ 7.095701770261092, 7.634297595764697 ], [ 7.096248972401457, 7.634826565637066 ], [ 7.096646942636477, 7.635243103743377 ], [ 7.097326320872257, 7.635900322971402 ], [ 7.097003387123959, 7.635924857857359 ], [ 7.096510708203946, 7.63591262222202 ], [ 7.096241745108146, 7.636459186677172 ], [ 7.09573408292557, 7.637432196434411 ], [ 7.097010938749905, 7.638057617421558 ], [ 7.097336092202138, 7.638371595355714 ], [ 7.098202090946326, 7.640173341966937 ], [ 7.098937385510763, 7.639474675454285 ], [ 7.099354227669637, 7.63862680999254 ], [ 7.102482316932545, 7.638108705689007 ], [ 7.104243343381946, 7.638151931683867 ], [ 7.10466017207416, 7.637304587042557 ], [ 7.104938502927396, 7.637039879067472 ], [ 7.105222262618555, 7.636748176796112 ], [ 7.107109112266948, 7.636794590676132 ], [ 7.106852219221213, 7.63460192551165 ], [ 7.106438670372726, 7.633379590165766 ], [ 7.107649013347685, 7.632229526283366 ], [ 7.107947424689017, 7.631623218531479 ], [ 7.10875915556313, 7.630439619426577 ], [ 7.108783638404257, 7.629459704552874 ], [ 7.107715525715151, 7.628936944107688 ], [ 7.107671702102882, 7.626223416189372 ], [ 7.108494930180215, 7.625441409965336 ], [ 7.108533032572952, 7.623898438549235 ], [ 7.108522194297771, 7.623222970591838 ], [ 7.109074028332894, 7.622698818634363 ], [ 7.108811161218483, 7.621862796176726 ], [ 7.108535179169646, 7.621595660290351 ], [ 7.108269862058182, 7.62131797495252 ], [ 7.106906521760838, 7.621046084630798 ], [ 7.106641206197366, 7.620768398628359 ], [ 7.106099818360776, 7.620244765367564 ], [ 7.106703786115538, 7.618125792663556 ], [ 7.107998976783527, 7.617712958322167 ], [ 7.108020310358157, 7.616844274461948 ], [ 7.108009974852652, 7.616174635607079 ], [ 7.108825557325547, 7.616161775575385 ], [ 7.110415825364447, 7.616987698036086 ], [ 7.111494345517078, 7.616099256516183 ], [ 7.111918352021989, 7.614814889190183 ], [ 7.113447296344611, 7.614852804950326 ], [ 7.113731033308433, 7.614561091810783 ], [ 7.114553014972079, 7.614298739222599 ], [ 7.114821936826811, 7.613752153732324 ], [ 7.117539876141151, 7.612158315621068 ], [ 7.117828075199746, 7.611329457323306 ], [ 7.118107565644921, 7.608601424873989 ], [ 7.118887021245229, 7.607860515665513 ], [ 7.119479178314744, 7.606725720698625 ], [ 7.119758414455932, 7.605880398243856 ], [ 7.121876076741862, 7.60593248348071 ], [ 7.122745889917781, 7.60565495383981 ], [ 7.123013615560582, 7.605379584323577 ], [ 7.1232919125722, 7.605114856359668 ], [ 7.123560816097712, 7.604568261118529 ], [ 7.125132078989358, 7.604269391216754 ], [ 7.125520263080826, 7.602784598437857 ], [ 7.12520771298901, 7.602134307113415 ], [ 7.124659897460925, 7.601866007323808 ], [ 7.12439693157893, 7.60104588128237 ], [ 7.124051051295632, 7.600368959185407 ], [ 7.124809149313223, 7.598915960517563 ], [ 7.125306262247333, 7.596918841255516 ], [ 7.12577076857823, 7.596440894744588 ], [ 7.126331525675454, 7.596172083948719 ], [ 7.126863952878272, 7.595089457320392 ], [ 7.127286354515756, 7.594280235009183 ], [ 7.126606697419547, 7.592950286122154 ], [ 7.126878049636665, 7.59183474687243 ], [ 7.129542329254712, 7.591557511781573 ], [ 7.129934585287153, 7.589982138656652 ], [ 7.130688260525877, 7.590771528609249 ], [ 7.132291956891522, 7.591556626400222 ], [ 7.132820486775424, 7.592109837687019 ], [ 7.133410079404016, 7.592415917652542 ], [ 7.133945813166322, 7.592407623854219 ], [ 7.134625318543047, 7.592424316019333 ], [ 7.135440867448565, 7.592411394740052 ], [ 7.135851226318965, 7.592421101918042 ], [ 7.136889088089281, 7.592071680612325 ], [ 7.137566311095518, 7.593111836228513 ], [ 7.138558344585309, 7.593788872758423 ], [ 7.139106164014117, 7.594057154700309 ], [ 7.13937149313325, 7.594334822236368 ], [ 7.139647485782898, 7.59460193920043 ], [ 7.140038469077742, 7.59541413445387 ], [ 7.140728597978004, 7.595431392638327 ], [ 7.142074587529197, 7.59540960573864 ], [ 7.142355776437385, 7.595703762204866 ], [ 7.142648162150365, 7.595986841381974 ], [ 7.142615374537209, 7.59731584989288 ], [ 7.142891278737017, 7.597604685672041 ], [ 7.14343910644865, 7.597872963921979 ], [ 7.14418114997245, 7.599773182283292 ], [ 7.144518255635664, 7.599781510130486 ], [ 7.145576057270009, 7.599243563520107 ], [ 7.145873947993656, 7.600595706503138 ], [ 7.146134353083781, 7.602517705243886 ], [ 7.147224970266105, 7.602500113526103 ], [ 7.147489146413327, 7.603049007457535 ], [ 7.148031109390278, 7.603573128409606 ], [ 7.148303548224051, 7.604424016903828 ], [ 7.149400699902858, 7.605485028602112 ], [ 7.14910855299248, 7.605762962357214 ], [ 7.148839676859519, 7.606309581082761 ], [ 7.148511811904798, 7.606621265991126 ], [ 7.148888941711952, 7.608193067192916 ], [ 7.149646518709188, 7.608211663670782 ], [ 7.151100956561402, 7.607921205732275 ], [ 7.15290757053191, 7.607965458209474 ], [ 7.153723156696173, 7.607952509517204 ], [ 7.154530637881571, 7.607972369518279 ], [ 7.15480901628305, 7.607685896974177 ], [ 7.15535913916884, 7.607422300770396 ], [ 7.155902944835864, 7.607145962243 ], [ 7.156296069255281, 7.607963457756773 ], [ 7.15698901358808, 7.607700466619345 ], [ 7.157513770111015, 7.607160226068192 ], [ 7.157804553503259, 7.607698634160831 ], [ 7.158061800807739, 7.609874908496602 ], [ 7.158336657920145, 7.610413249083916 ], [ 7.158606116100387, 7.610972758336128 ], [ 7.159691235842803, 7.611503944905269 ], [ 7.160228431346166, 7.611782759519 ], [ 7.161048133377903, 7.612052176251844 ], [ 7.161568269276242, 7.61259685492 ], [ 7.162949853678252, 7.612336776246865 ], [ 7.163463945071924, 7.611807607245816 ], [ 7.16571256431159, 7.611050040229197 ], [ 7.166210445264773, 7.612085176923121 ], [ 7.167026047117857, 7.612071675147646 ], [ 7.167302355239895, 7.612646572752241 ], [ 7.16783959873681, 7.613165889793472 ], [ 7.168104959366604, 7.613443546772301 ], [ 7.168380983580659, 7.6137106524241 ], [ 7.168706535667879, 7.615068213178513 ], [ 7.169689192337961, 7.614727492775614 ], [ 7.170007893383081, 7.613446289926325 ], [ 7.170286175253865, 7.613181526171795 ], [ 7.170275731013455, 7.612514513478235 ], [ 7.171101022087179, 7.612094718959958 ], [ 7.172194834095996, 7.611833394495701 ], [ 7.172465986886185, 7.610744289814506 ], [ 7.174084908020877, 7.610357500733765 ], [ 7.17494130788617, 7.609108751465644 ], [ 7.17491514536758, 7.607510880096821 ], [ 7.176285620619581, 7.607489098429586 ], [ 7.176959603687152, 7.60819439703397 ], [ 7.177487339247874, 7.608704658520193 ], [ 7.176551878674284, 7.610068569953969 ], [ 7.177086161169077, 7.611040282131317 ], [ 7.17736800977852, 7.611312705698708 ], [ 7.177348181390335, 7.612109914407371 ], [ 7.177798566067354, 7.6125811772389 ], [ 7.178175411566844, 7.611858577083221 ], [ 7.178444260030002, 7.611311932236196 ], [ 7.178722536321177, 7.611047161480234 ], [ 7.178718394442392, 7.61077060745351 ], [ 7.179137525134044, 7.609966599322031 ], [ 7.179634514619213, 7.608955780560383 ], [ 7.180083313580233, 7.609425445677352 ], [ 7.181174876825117, 7.609695967418494 ], [ 7.181712090608239, 7.609974758175558 ], [ 7.183891035809508, 7.610249833604015 ], [ 7.184177022801889, 7.61054928910301 ], [ 7.185518310401958, 7.610527887883232 ], [ 7.186069918214258, 7.610541321991812 ], [ 7.187089519058472, 7.609491355093635 ], [ 7.188277050466855, 7.610302092784002 ], [ 7.189325662794815, 7.610815049336017 ], [ 7.190272425459777, 7.611306388458192 ], [ 7.19172876562414, 7.610565496565294 ], [ 7.192583668273124, 7.610551579890742 ], [ 7.193788442230846, 7.611813209131474 ], [ 7.194473681710705, 7.611107235649937 ], [ 7.195763251095234, 7.611139094297429 ], [ 7.196680913154291, 7.610846243510236 ], [ 7.19797832174075, 7.609509737669873 ], [ 7.198847066180475, 7.609232570723573 ], [ 7.199605211773188, 7.607338618920552 ], [ 7.201808834491784, 7.607302731968511 ], [ 7.202381365190447, 7.607902155327984 ], [ 7.20347255847714, 7.607884427874675 ], [ 7.203737255973256, 7.608710376244968 ], [ 7.205644387899012, 7.60898421764952 ], [ 7.206619783246737, 7.609490476259522 ], [ 7.207262901317644, 7.608182483933899 ], [ 7.207823649909068, 7.607913559422331 ], [ 7.20848871977172, 7.606560093880834 ], [ 7.209237768688378, 7.606848204194233 ], [ 7.210264964285884, 7.607923643186393 ], [ 7.212172103717, 7.608197456023195 ], [ 7.212516746911555, 7.610365115857383 ], [ 7.213491499750735, 7.610388736255968 ], [ 7.214441125751397, 7.610068957830932 ], [ 7.216782975623786, 7.610126277190717 ], [ 7.217329375032853, 7.610117399082569 ], [ 7.217592532443772, 7.610937511717458 ], [ 7.218684145036898, 7.611207945319975 ], [ 7.219856553277062, 7.613644955314879 ], [ 7.220832379773343, 7.613668565362666 ], [ 7.221260962044057, 7.613260809051748 ], [ 7.22167688516618, 7.61283233947106 ], [ 7.223098441516004, 7.612151582600741 ], [ 7.223577440096957, 7.611233327230292 ], [ 7.223975279718323, 7.610424400843961 ], [ 7.224657617833286, 7.610413422242961 ], [ 7.226204214697193, 7.611216007142137 ], [ 7.227110417814982, 7.611513740418578 ], [ 7.228151023422824, 7.612054129943364 ], [ 7.228973947962976, 7.612073916742175 ], [ 7.229827805338549, 7.611801391931659 ], [ 7.230116279210353, 7.611504305487332 ], [ 7.232259064586878, 7.611556492590084 ], [ 7.232845617119157, 7.610431517486491 ], [ 7.232819694518337, 7.608852143866399 ], [ 7.233628050801384, 7.608019448599902 ], [ 7.235823009246129, 7.608294333161525 ], [ 7.235816569702424, 7.608570851989347 ], [ 7.236092643574575, 7.608837923613041 ], [ 7.236555792656577, 7.609322436181172 ], [ 7.237798635215557, 7.610271556766681 ], [ 7.238940199103469, 7.609887338065738 ], [ 7.239887708571842, 7.610214881886452 ], [ 7.241612499576104, 7.610558292097748 ], [ 7.240424283419342, 7.613267532669712 ], [ 7.240760741796863, 7.614223032073101 ], [ 7.241778324540308, 7.614557215823482 ], [ 7.24231444952491, 7.615118309469942 ], [ 7.243673313785833, 7.615096272917578 ], [ 7.243677982594886, 7.615383962702742 ], [ 7.243322099289776, 7.616066995938053 ], [ 7.243956369811691, 7.617041185346445 ], [ 7.244749720544144, 7.617807815750499 ], [ 7.244759126575153, 7.618366772690908 ], [ 7.244207422490827, 7.618891138210127 ], [ 7.244503257330821, 7.621088279235239 ], [ 7.245029499442709, 7.62107981723233 ], [ 7.246610094086476, 7.621900496479131 ], [ 7.247730480209967, 7.62163908391552 ], [ 7.248443478373867, 7.621276420162422 ], [ 7.248817947753664, 7.621638186560001 ], [ 7.249187053592766, 7.622405215073159 ], [ 7.250172849660774, 7.622728660271316 ], [ 7.250599674803047, 7.624058550929163 ], [ 7.253972331536406, 7.624371500119411 ], [ 7.254234466763791, 7.625462852572803 ], [ 7.254782428180081, 7.625731014136326 ], [ 7.255297432433836, 7.626270292362024 ], [ 7.256701794013081, 7.626563096972601 ], [ 7.258580053706298, 7.626532518436687 ], [ 7.258846302494631, 7.627922685260953 ], [ 7.259394270896554, 7.628190842307148 ], [ 7.260450868724265, 7.628739182872052 ], [ 7.262647734336943, 7.629105089883498 ], [ 7.262378222131429, 7.629835641043392 ], [ 7.261818966769951, 7.63065191116063 ], [ 7.263090865010683, 7.631273693062727 ], [ 7.262642425709221, 7.631735454069724 ], [ 7.261552818610361, 7.632257680162993 ], [ 7.262503897775856, 7.633560537424773 ], [ 7.263310398464631, 7.633979660821212 ], [ 7.264212310190278, 7.63352025178755 ], [ 7.264809536795761, 7.635007110640315 ], [ 7.264777129003411, 7.636327207010209 ], [ 7.265064255608186, 7.636627689551499 ], [ 7.266138025754135, 7.637665083657806 ], [ 7.266547598561523, 7.638941922910073 ], [ 7.268606286143728, 7.639351759767387 ], [ 7.269297940259086, 7.64007557249818 ], [ 7.270762120623515, 7.639374171509046 ], [ 7.270776040746217, 7.638817950644926 ], [ 7.270758050730811, 7.637745589014215 ], [ 7.272131909036722, 7.636921967898116 ], [ 7.272915070057557, 7.636546301322547 ], [ 7.273232322110252, 7.635032375166667 ], [ 7.273219125696194, 7.634219097410328 ], [ 7.275409506225888, 7.6344937976642 ], [ 7.275942486088522, 7.63585748280932 ], [ 7.276761266873712, 7.636397954974576 ], [ 7.277353323909799, 7.638524772088109 ], [ 7.278654619211402, 7.638846773923973 ], [ 7.278942816773061, 7.639148313657815 ], [ 7.278910698262461, 7.637222929477717 ], [ 7.278940540737636, 7.636002412614311 ], [ 7.278934214531244, 7.635592859583189 ], [ 7.280028087121535, 7.635331261300682 ], [ 7.28029792684431, 7.634513279080955 ], [ 7.282207419426574, 7.634254919413399 ], [ 7.282198454321568, 7.633707609410233 ], [ 7.284706184610677, 7.633368966857496 ], [ 7.285460503900153, 7.631832385664687 ], [ 7.288689794551622, 7.631779487724182 ], [ 7.289283651467173, 7.632400636129939 ], [ 7.290605958504742, 7.63237937761892 ], [ 7.291457655576134, 7.632658766818562 ], [ 7.2923065914771, 7.633099201793314 ], [ 7.293380505770147, 7.632378685179884 ], [ 7.29470897509678, 7.632410947862247 ], [ 7.295817987771382, 7.630603424776226 ], [ 7.295790147177517, 7.628917509042028 ], [ 7.296341458818072, 7.628349622040933 ], [ 7.296909677187051, 7.628340204228967 ], [ 7.297388602260762, 7.628351626387178 ], [ 7.297728002660747, 7.626987150638785 ], [ 7.30045308399211, 7.62673190944486 ], [ 7.301453388422399, 7.626222995401396 ], [ 7.303579154264566, 7.626187893371481 ], [ 7.305061058227148, 7.6262239010263 ], [ 7.305345770266637, 7.625930979328317 ], [ 7.307995113268597, 7.62670690662907 ], [ 7.308423966396972, 7.625406870720749 ], [ 7.310244787697185, 7.625679944335701 ], [ 7.310592763377715, 7.626044216047266 ], [ 7.31152005802135, 7.625599625754198 ], [ 7.310794277934896, 7.622727933545442 ], [ 7.310807612268146, 7.622171167479856 ], [ 7.310340950051915, 7.620793458822522 ], [ 7.311361972467234, 7.620818634313839 ], [ 7.312164906435778, 7.619991040713141 ], [ 7.312716548035403, 7.619466571309188 ], [ 7.31268950758478, 7.617828326444124 ], [ 7.313808862436549, 7.618098645074884 ], [ 7.314257846632543, 7.618568206362053 ], [ 7.314866974535922, 7.617328197036755 ], [ 7.31516713690913, 7.617018901524736 ], [ 7.315717221846549, 7.616755081986009 ], [ 7.316092437033456, 7.615990979360396 ], [ 7.317343437864267, 7.615591603234741 ], [ 7.317361692030717, 7.614860019291852 ], [ 7.317338834196618, 7.61350523062 ], [ 7.318449654041543, 7.613239344546866 ], [ 7.31877367919203, 7.612255701655224 ], [ 7.319562617439042, 7.611877834535742 ], [ 7.320082956993809, 7.611341573157834 ], [ 7.320361167111086, 7.611076691634855 ], [ 7.320885769530282, 7.610536207411091 ], [ 7.321449703843161, 7.610804351445417 ], [ 7.322049049310801, 7.611115546892328 ], [ 7.324156174117661, 7.611080784974462 ], [ 7.324437062637492, 7.611629686358409 ], [ 7.324701492054356, 7.612178524979221 ], [ 7.325748154411749, 7.612161377209254 ], [ 7.326770014676002, 7.612514993977175 ], [ 7.327602671638548, 7.612090656453053 ], [ 7.329656099599021, 7.612624141055524 ], [ 7.331773240887201, 7.612199975924947 ], [ 7.332913896765495, 7.612594301480942 ], [ 7.33402427690828, 7.612029031970083 ], [ 7.334492992331768, 7.61248222677829 ], [ 7.334758483269666, 7.612759805905809 ], [ 7.335850240090542, 7.613029961647948 ], [ 7.336385454046551, 7.613589902749176 ], [ 7.336937189620397, 7.612757046438493 ], [ 7.337604595632262, 7.612773381851825 ], [ 7.338029349212203, 7.611958580591571 ], [ 7.33847528746965, 7.610606106079167 ], [ 7.339527263173187, 7.610588944424002 ], [ 7.340052999510499, 7.611680769791596 ], [ 7.342923002869886, 7.611972020505126 ], [ 7.3433154689145, 7.612787305110782 ], [ 7.343464637252125, 7.612521912583017 ], [ 7.344175365375498, 7.611074015319283 ], [ 7.345103136508328, 7.610629341194872 ], [ 7.346710889956028, 7.609550958693844 ], [ 7.348077238796885, 7.609528616939031 ], [ 7.348363363949006, 7.609827989613978 ], [ 7.349420852292806, 7.610174803194565 ], [ 7.350260220450362, 7.611462786319766 ], [ 7.35073583562966, 7.611922351682074 ], [ 7.350224993076665, 7.614842304755003 ], [ 7.35057277290721, 7.616655046416218 ], [ 7.351623269906863, 7.617168722391213 ], [ 7.352272224197354, 7.617847758510077 ], [ 7.352686475577567, 7.618248281221466 ], [ 7.352948873919478, 7.619339628373663 ], [ 7.353490103194762, 7.619862489455043 ], [ 7.353499640186492, 7.620424124419545 ], [ 7.353479548826619, 7.621235186615446 ], [ 7.353761539229458, 7.621507521793407 ], [ 7.354281980046291, 7.622052026267403 ], [ 7.355663619312641, 7.621791313065146 ], [ 7.356644793663503, 7.621133305737703 ], [ 7.358386522789025, 7.620716595301539 ], [ 7.358657340454435, 7.620437881860017 ], [ 7.359346822256888, 7.621495349258626 ], [ 7.360285550577307, 7.621803547829361 ], [ 7.360556353585787, 7.622086963493023 ], [ 7.361899916859638, 7.622064499977602 ], [ 7.362446817701396, 7.622636117636574 ], [ 7.363243078748577, 7.623405768460841 ], [ 7.363815520071102, 7.624524247672675 ], [ 7.363494034456497, 7.625140263115744 ], [ 7.365361471555651, 7.624765857232818 ], [ 7.365977308400425, 7.625085541729435 ], [ 7.367336283681789, 7.625063121412468 ], [ 7.367340991849441, 7.625361954118212 ], [ 7.366523853006267, 7.625753580157816 ], [ 7.366783678237671, 7.628093156187697 ], [ 7.367328195036046, 7.629156958018114 ], [ 7.36699600885255, 7.629794128847278 ], [ 7.367540260237418, 7.631488407077322 ], [ 7.368945574297525, 7.632415586804823 ], [ 7.369441901500938, 7.633446357826162 ], [ 7.370246946248942, 7.634288619394307 ], [ 7.37207374171394, 7.635403346169024 ], [ 7.372740665614325, 7.635419104155837 ], [ 7.373014687729412, 7.635136684846624 ], [ 7.375181853101878, 7.635699555993024 ], [ 7.376534495533493, 7.635677089775774 ], [ 7.376566138262326, 7.637563880982339 ], [ 7.375718701131618, 7.638800992968853 ], [ 7.376304583239776, 7.639747856954718 ], [ 7.377328705311978, 7.638692075105116 ], [ 7.377633012780627, 7.638686859785699 ], [ 7.378413750782404, 7.639504118679413 ], [ 7.378983868142866, 7.638155228769735 ], [ 7.379253535902464, 7.637337144475278 ], [ 7.380891186999502, 7.637077318181326 ], [ 7.381333284342691, 7.635735889311804 ], [ 7.38277727418116, 7.635712156962695 ], [ 7.383336555558702, 7.636252013813501 ], [ 7.383739151628668, 7.637506007788045 ], [ 7.384636370855481, 7.636581653926333 ], [ 7.385243451336053, 7.636272390814523 ], [ 7.385509028878077, 7.636823333957025 ], [ 7.386199535004485, 7.637490834765567 ], [ 7.387114122591445, 7.638447393592258 ], [ 7.387682362510324, 7.638725020103363 ], [ 7.387946890101829, 7.639273840125631 ], [ 7.388223095210942, 7.639540839224392 ], [ 7.388211094214979, 7.6400504797554 ], [ 7.389270629162856, 7.641159104964845 ], [ 7.390219396045141, 7.641784650793752 ], [ 7.390920599622462, 7.643854088101913 ], [ 7.390649790659689, 7.644980532910878 ], [ 7.390367945483744, 7.645792223612092 ], [ 7.390898146040225, 7.64630388681269 ], [ 7.391620480565639, 7.647412311612053 ], [ 7.392269375159062, 7.647427976154916 ], [ 7.39281002615908, 7.647418864036091 ], [ 7.392823985830679, 7.648229539205323 ], [ 7.391965316384385, 7.649349556173191 ], [ 7.391445156761772, 7.65040884407851 ], [ 7.391161088824527, 7.650679051702836 ], [ 7.391179339554819, 7.651760479550648 ], [ 7.390223340581072, 7.65206632610142 ], [ 7.390811696502191, 7.653216108940543 ], [ 7.389260224712207, 7.65469221752681 ], [ 7.389211114777795, 7.65673925106183 ], [ 7.390597692372189, 7.657458627408493 ], [ 7.391417717498076, 7.65772765793055 ], [ 7.391682256976376, 7.658276478631326 ], [ 7.392927682303593, 7.65868484775906 ], [ 7.393581526057568, 7.659368634137262 ], [ 7.393857745749536, 7.659635632807667 ], [ 7.394123305439911, 7.659913189143706 ], [ 7.394935566975194, 7.660697700535731 ], [ 7.394944624780114, 7.661257223705197 ], [ 7.394657936307574, 7.662083202917859 ], [ 7.394939468190243, 7.662634204855994 ], [ 7.394902942272048, 7.664162068244046 ], [ 7.396391327060629, 7.664649750705265 ], [ 7.396923669588548, 7.665164069650477 ], [ 7.396279621266271, 7.666399859502168 ], [ 7.396540009162743, 7.66806022499656 ], [ 7.397088147412352, 7.668328236213751 ], [ 7.397352698602271, 7.668877056031665 ], [ 7.397843771340884, 7.66935148418488 ], [ 7.397061308564968, 7.670532186862554 ], [ 7.3965288546095, 7.671038829366997 ], [ 7.396259182896364, 7.671856925700185 ], [ 7.395298352060905, 7.672164345581516 ], [ 7.3945339223906, 7.673631211349064 ], [ 7.395566033345473, 7.67471112674195 ], [ 7.395972828190613, 7.674291967377595 ], [ 7.396251051009171, 7.674027036376331 ], [ 7.396518692185824, 7.673751468139399 ], [ 7.397583435684171, 7.673777160455301 ], [ 7.39788457499342, 7.673490590389287 ], [ 7.398496662001013, 7.672567274494662 ], [ 7.399590712602116, 7.673134546754707 ], [ 7.400589530118618, 7.672184055285906 ], [ 7.401140747862254, 7.67106129548206 ], [ 7.402219055415174, 7.671578168639051 ], [ 7.402507903894845, 7.67188018043266 ], [ 7.402784136794954, 7.672147176040727 ], [ 7.403048697362871, 7.672695994254042 ], [ 7.403868762433865, 7.672965008512302 ], [ 7.40471688753588, 7.673543012852861 ], [ 7.406382501139042, 7.673515280275948 ], [ 7.40851912657857, 7.674791588353518 ], [ 7.409292773779544, 7.675977545314969 ], [ 7.410344123295395, 7.674894238223384 ], [ 7.411189683234741, 7.674879879577865 ], [ 7.411473353562606, 7.675434592545144 ], [ 7.411868703714021, 7.676664713653679 ], [ 7.413628752024223, 7.677241833499914 ], [ 7.413648807972246, 7.678421295455521 ], [ 7.412818951802643, 7.679210847858538 ], [ 7.413082423966777, 7.680057419264772 ], [ 7.413358669101465, 7.68032441041403 ], [ 7.413624253995758, 7.680601959694282 ], [ 7.4141619304984, 7.68112105282535 ], [ 7.414435995517892, 7.681690035698669 ], [ 7.415803934146425, 7.682028341568492 ], [ 7.415790123064188, 7.682602090914116 ], [ 7.417887012096938, 7.684303669453309 ], [ 7.419052978872921, 7.684685728467805 ], [ 7.419318570319027, 7.684963275477658 ], [ 7.420406446009522, 7.685494985109407 ], [ 7.420720966242217, 7.68647313944249 ], [ 7.421497561870761, 7.686875484192086 ], [ 7.422441410068974, 7.686859879805578 ], [ 7.424170034001103, 7.686901727325649 ], [ 7.424761745951613, 7.686600308672518 ], [ 7.425297594681699, 7.686612871307736 ], [ 7.425572196360744, 7.686608579655835 ], [ 7.42583779380765, 7.68688612370945 ], [ 7.42639084288122, 7.687420097209216 ], [ 7.426377651591504, 7.687973188198793 ], [ 7.427143738046863, 7.688347404658304 ], [ 7.427625251318077, 7.689846989649855 ], [ 7.429095261997488, 7.689882044300753 ], [ 7.430122858228452, 7.689192790554474 ], [ 7.430847620287523, 7.690696972339724 ], [ 7.431842177812612, 7.689314048765725 ], [ 7.432359105154903, 7.688261049032128 ], [ 7.43283622531935, 7.687344599526349 ], [ 7.431556518598223, 7.686109134863263 ], [ 7.431826200223009, 7.685275110412853 ], [ 7.432106404757856, 7.684467616404699 ], [ 7.432378015320998, 7.683106948709069 ], [ 7.432657221970012, 7.682570722281802 ], [ 7.432927834070647, 7.681481322090865 ], [ 7.433209176857086, 7.680941393516179 ], [ 7.432930797585798, 7.680672815162646 ], [ 7.432668180691626, 7.679581469624241 ], [ 7.431581778405532, 7.679225170051956 ], [ 7.43185605081306, 7.677137057643286 ], [ 7.43239434502765, 7.676624558067088 ], [ 7.432683071443686, 7.675517739696041 ], [ 7.432953675371983, 7.674428338231278 ], [ 7.433231880301658, 7.674163378629721 ], [ 7.433773408300559, 7.673346235514771 ], [ 7.434051611990292, 7.673081275125263 ], [ 7.434321217549888, 7.672263140528942 ], [ 7.434871339293615, 7.671999169168316 ], [ 7.435402677931709, 7.670916541805169 ], [ 7.43649893119864, 7.670898274389469 ], [ 7.436898478784949, 7.671726791128152 ], [ 7.438065732488164, 7.671754873739325 ], [ 7.438952109599989, 7.67147145372026 ], [ 7.439633713909353, 7.671124238646923 ], [ 7.441760292063021, 7.671546805178828 ], [ 7.442978251362457, 7.672820691126625 ], [ 7.444248114111477, 7.673259748871977 ], [ 7.445021643911555, 7.672461971527537 ], [ 7.446781748299148, 7.671868031305302 ], [ 7.447183501434112, 7.673119356480327 ], [ 7.448159053062207, 7.673143011963424 ], [ 7.449554044887377, 7.672323623725678 ], [ 7.450103018323463, 7.671495354319471 ], [ 7.451439688377631, 7.671527190414875 ], [ 7.45199997056489, 7.671242036730781 ], [ 7.453366827184425, 7.670709702818177 ], [ 7.453639334875292, 7.669077734124877 ], [ 7.453918504941484, 7.668541486362967 ], [ 7.454216499181888, 7.666468256224417 ], [ 7.457458424374977, 7.665848854612504 ], [ 7.458004704645744, 7.665024268947758 ], [ 7.458455022941207, 7.664595655894539 ], [ 7.457106586101376, 7.663706530774039 ], [ 7.457743936788397, 7.663400980773988 ], [ 7.458283454693527, 7.663126338451765 ], [ 7.458950597701741, 7.66280605692446 ], [ 7.459653204351671, 7.661780160882421 ], [ 7.459924701879973, 7.660419453975752 ], [ 7.460474797738759, 7.66015544352737 ], [ 7.460956301618018, 7.659174318804079 ], [ 7.463328743930232, 7.65841558427332 ], [ 7.463778645773054, 7.657951462428496 ], [ 7.465376088555105, 7.658268698871004 ], [ 7.465669727043111, 7.658877468297704 ], [ 7.466729840743056, 7.659901178528115 ], [ 7.466989697842703, 7.662086093061289 ], [ 7.468583386590515, 7.662864796566406 ], [ 7.469165056823618, 7.663425843596121 ], [ 7.469145101543369, 7.664254438572495 ], [ 7.472151720854693, 7.664532157090795 ], [ 7.472689262951593, 7.664810640729012 ], [ 7.473919446282332, 7.665213972104982 ], [ 7.474317882438425, 7.665630248227388 ], [ 7.475238799984661, 7.665931810922279 ], [ 7.476211954030687, 7.667375360270185 ], [ 7.47621891528386, 7.667807203891742 ], [ 7.475673749063822, 7.66832610452288 ], [ 7.47566499364668, 7.668696961588317 ], [ 7.477437238553851, 7.66930937237408 ], [ 7.477841298365773, 7.668892758301518 ], [ 7.478664286003441, 7.668358411920845 ], [ 7.479188281181158, 7.66781823793471 ], [ 7.479615314417928, 7.667811269440476 ], [ 7.480290292825544, 7.667826899261363 ], [ 7.481383030318509, 7.667006324774514 ], [ 7.483292737551154, 7.666747079491528 ], [ 7.483560328117209, 7.666471444801564 ], [ 7.484110423903146, 7.666207402873884 ], [ 7.484408892698907, 7.664709533076805 ], [ 7.485199533671309, 7.664306986332902 ], [ 7.48743215802267, 7.664042498029416 ], [ 7.489938530673428, 7.663411245751702 ], [ 7.490927270534438, 7.664063240363436 ], [ 7.49090794775772, 7.664874891675117 ], [ 7.491428253001279, 7.665377416952541 ], [ 7.491735772018997, 7.665978276631519 ], [ 7.491710843056091, 7.66702462961157 ], [ 7.492874993356722, 7.668997074832869 ], [ 7.49389880692817, 7.669497123620499 ], [ 7.494422908638747, 7.67058407759685 ], [ 7.495247938610577, 7.671127934593272 ], [ 7.495234872368875, 7.671672038561621 ], [ 7.495510221509878, 7.672210262799456 ], [ 7.495771098636357, 7.673844154490513 ], [ 7.496185555460849, 7.674244576642431 ], [ 7.496818447787912, 7.674905915396067 ], [ 7.497409038337663, 7.675212110255913 ], [ 7.497383502336818, 7.673711502337938 ], [ 7.497428940349153, 7.671812699455196 ], [ 7.497408291012708, 7.670583918573799 ], [ 7.498233206556333, 7.669798920494799 ], [ 7.49851450970427, 7.668943143649098 ], [ 7.500005745630395, 7.668978545682034 ], [ 7.502000185140599, 7.668945225997693 ], [ 7.502856422693683, 7.669528387447747 ], [ 7.504481361089801, 7.670060705794373 ], [ 7.505007896191379, 7.670611456116781 ], [ 7.505576282209274, 7.670888950589624 ], [ 7.506113861399209, 7.671167398167525 ], [ 7.507744647505949, 7.671701845098803 ], [ 7.508402196409331, 7.673065832713477 ], [ 7.508831835945682, 7.673075800232904 ], [ 7.510422811564307, 7.672538750336844 ], [ 7.511543138598234, 7.673245206846999 ], [ 7.511554152156043, 7.67389642738102 ], [ 7.511528706547806, 7.674951266027572 ], [ 7.512081189787377, 7.67552859274308 ], [ 7.512622710507945, 7.676051306375921 ], [ 7.512636838026248, 7.676876328393507 ], [ 7.512338953905555, 7.677159825299356 ], [ 7.51341776611821, 7.678201000235798 ], [ 7.513701466904671, 7.678789583069986 ], [ 7.514783733723192, 7.679144083776771 ], [ 7.514791694897926, 7.679604549596877 ], [ 7.514778666692367, 7.680144419508365 ], [ 7.517222328874215, 7.679855614467075 ], [ 7.517247768627801, 7.67879918429114 ], [ 7.51723849583209, 7.678256587212582 ], [ 7.517247873255329, 7.677849695743359 ], [ 7.517241317119283, 7.677442749295984 ], [ 7.517260586180533, 7.676633737231595 ], [ 7.516172144433597, 7.675916275250532 ], [ 7.516157579635966, 7.675062108464634 ], [ 7.51779054370284, 7.674670884512628 ], [ 7.517801772149441, 7.67418929070406 ], [ 7.517795214872399, 7.673782344108425 ], [ 7.517804590853273, 7.67337545242552 ], [ 7.517795761077283, 7.672857759493314 ], [ 7.518346906899048, 7.672289540801393 ], [ 7.519247584918097, 7.671704510480735 ], [ 7.51863244940983, 7.669891367175802 ], [ 7.518900152136797, 7.669578618076173 ], [ 7.519445811505862, 7.669059124768519 ], [ 7.519145328118358, 7.66779334003731 ], [ 7.518363785721375, 7.667411808008681 ], [ 7.518100942022888, 7.666320472827763 ], [ 7.517562575316561, 7.664733310459681 ], [ 7.517830274748527, 7.664420561486552 ], [ 7.518108430241958, 7.664155535255877 ], [ 7.518378814443028, 7.663066035355716 ], [ 7.518674936120581, 7.662212407234701 ], [ 7.518648010352903, 7.660629124731675 ], [ 7.519481173707823, 7.66036229601305 ], [ 7.519760810903712, 7.659513377880683 ], [ 7.520574480459818, 7.658738353481578 ], [ 7.520847659407689, 7.656835009890376 ], [ 7.521595092892335, 7.656476217216753 ], [ 7.522487592079554, 7.654399084766792 ], [ 7.522765737576945, 7.654134053616161 ], [ 7.523033298063082, 7.653858387811074 ], [ 7.523578929750358, 7.653338884121598 ], [ 7.523315195176769, 7.652502935701344 ], [ 7.52276733028812, 7.651974388332777 ], [ 7.522787133436033, 7.651158485994359 ], [ 7.522222523783259, 7.65086619330086 ], [ 7.521417338755924, 7.650879858806854 ], [ 7.521146394939173, 7.650596519328142 ], [ 7.520604358642627, 7.650073288270293 ], [ 7.520872906629866, 7.649510448225319 ], [ 7.521891099000529, 7.64902170740627 ], [ 7.520637451639815, 7.646942516715809 ], [ 7.52034840612621, 7.645439400187785 ], [ 7.51999179236283, 7.64474248410132 ], [ 7.521136629724097, 7.643561663054046 ], [ 7.52198826706811, 7.643008766949082 ], [ 7.522259428258584, 7.642456000977226 ], [ 7.523622075806812, 7.642488745334427 ], [ 7.523616371555512, 7.64213955383395 ], [ 7.525526206492508, 7.641658087583104 ], [ 7.526581717713901, 7.642205317849157 ], [ 7.527563160408754, 7.641275596777405 ], [ 7.527972477516896, 7.640853640630061 ], [ 7.530153988430269, 7.640595086249862 ], [ 7.530421534946242, 7.640319413182534 ], [ 7.531258905263742, 7.640051507194586 ], [ 7.531783870987076, 7.639510192904733 ], [ 7.532611669864204, 7.639245430749771 ], [ 7.532595726460396, 7.638314954631893 ], [ 7.535034866607575, 7.636945613483809 ], [ 7.535332575150898, 7.635452964653054 ], [ 7.535884455101532, 7.634646278238097 ], [ 7.536606179885472, 7.633556163497888 ], [ 7.537227488372014, 7.633570982692217 ], [ 7.539243054667369, 7.633062780623991 ], [ 7.540343632014701, 7.633633443358947 ], [ 7.541326187463484, 7.633301362442286 ], [ 7.54159819514847, 7.633586282324281 ], [ 7.542142049520269, 7.633576989806409 ], [ 7.543339821574405, 7.633990606933096 ], [ 7.544589208199032, 7.6335905361113 ], [ 7.544956934333348, 7.633211337601491 ], [ 7.547855776927784, 7.632516376483406 ], [ 7.54838231241996, 7.631973451771104 ], [ 7.549489971136111, 7.631708002419932 ], [ 7.549761157378486, 7.630347178425873 ], [ 7.55058399876456, 7.629812662454305 ], [ 7.551048175600255, 7.629334166468763 ], [ 7.552788563338668, 7.629000885013053 ], [ 7.553575154212671, 7.628189654295912 ], [ 7.554120717809594, 7.627670098252827 ], [ 7.553312204160854, 7.627103625349548 ], [ 7.552369528379546, 7.626794743620806 ], [ 7.552772021949815, 7.626021968304108 ], [ 7.553051153456866, 7.625452774342903 ], [ 7.555782228049754, 7.625517533777765 ], [ 7.555487289449095, 7.62494218257897 ], [ 7.555767525923669, 7.624675539726683 ], [ 7.555758686235108, 7.624144061233741 ], [ 7.556036865881805, 7.623857276230846 ], [ 7.556314971448404, 7.623592215455206 ], [ 7.556582491627406, 7.623316520820671 ], [ 7.556999649283709, 7.622918927933955 ], [ 7.55790292668387, 7.621987267349049 ], [ 7.559295992507233, 7.621963823276178 ], [ 7.560120850346935, 7.622248453504216 ], [ 7.560940982562727, 7.62251717005255 ], [ 7.561751673684454, 7.62306933035379 ], [ 7.562513990881423, 7.622680825866264 ], [ 7.563668266969164, 7.623079403609611 ], [ 7.565009822763585, 7.623056830607622 ], [ 7.565543579022745, 7.624163890391036 ], [ 7.567215881296477, 7.624495295608168 ], [ 7.568726715840397, 7.625953175624503 ], [ 7.569355595184489, 7.62688569272191 ], [ 7.569618569912268, 7.627977018573521 ], [ 7.569894904934357, 7.628243922420934 ], [ 7.570415148279345, 7.628787691031349 ], [ 7.570706156494512, 7.628794481956049 ], [ 7.570980737614687, 7.628790090117539 ], [ 7.571998638608098, 7.629483333334241 ], [ 7.573698910986097, 7.629075651766215 ], [ 7.574786079667026, 7.628258478297226 ], [ 7.57535177084416, 7.628551236179578 ], [ 7.57655185073605, 7.627313718112871 ], [ 7.576968998110331, 7.626916103328405 ], [ 7.577367335120281, 7.626103542992554 ], [ 7.577814090815441, 7.626388488383312 ], [ 7.578324286837617, 7.626922149215923 ], [ 7.579396132896047, 7.626560064084859 ], [ 7.579744001367523, 7.628005085344855 ], [ 7.580506975709097, 7.627739478963226 ], [ 7.58048737021911, 7.626598087302902 ], [ 7.582627264901032, 7.626058282639748 ], [ 7.583080308173886, 7.626531875929141 ], [ 7.586233965053267, 7.62698198258614 ], [ 7.586755956108806, 7.627485470257106 ], [ 7.587024294904353, 7.627765586048882 ], [ 7.587551315803945, 7.627222075976547 ], [ 7.588115505782726, 7.62748990993922 ], [ 7.588404485799724, 7.62779181742373 ], [ 7.590014434564523, 7.628852561750648 ], [ 7.59029441802058, 7.629145431240119 ], [ 7.59137716117884, 7.62967352709462 ], [ 7.591345787704318, 7.630983785547782 ], [ 7.591631697522799, 7.631576047900944 ], [ 7.591908050699566, 7.63184294056976 ], [ 7.592429227521815, 7.632923976710533 ], [ 7.592992138292493, 7.632936936820471 ], [ 7.593535147452164, 7.632377044664637 ], [ 7.594243324672735, 7.633116923267233 ], [ 7.595718345039794, 7.632408515938694 ], [ 7.596253355758592, 7.631857071500025 ], [ 7.599794412902596, 7.631602561331043 ], [ 7.600335594523523, 7.630785136322271 ], [ 7.601157510206016, 7.630521802595847 ], [ 7.601425893391985, 7.629974785810795 ], [ 7.601991530187326, 7.629147899987101 ], [ 7.602681847312737, 7.627049199887786 ], [ 7.603345140120716, 7.626730771112244 ], [ 7.60365540648664, 7.624566195923707 ], [ 7.604301234005923, 7.624555563002503 ], [ 7.604979902376482, 7.624571527679161 ], [ 7.605743080411235, 7.62341781080596 ], [ 7.607708001928236, 7.622946723825477 ], [ 7.609954569542819, 7.621597475290504 ], [ 7.611261502122476, 7.621942377283944 ], [ 7.611230818031841, 7.623224036431013 ], [ 7.612058557064471, 7.622960696825134 ], [ 7.61258288166561, 7.622419789523946 ], [ 7.614234727302211, 7.622691076140976 ], [ 7.615312680590042, 7.62405629764997 ], [ 7.615860958460609, 7.624324046855539 ], [ 7.616375973554496, 7.62486192475391 ], [ 7.617669593772496, 7.624892552971511 ], [ 7.61803267967147, 7.623788398157144 ], [ 7.618546750866487, 7.622799707467196 ], [ 7.618861401224135, 7.621893039426084 ], [ 7.618317662890814, 7.621368850080461 ], [ 7.618587808432085, 7.620263337357183 ], [ 7.619287781352509, 7.619596340595535 ], [ 7.620502801774397, 7.616635042594265 ], [ 7.62024367236513, 7.614300125223791 ], [ 7.619151592058455, 7.614030650626845 ], [ 7.618889356841278, 7.612668040628695 ], [ 7.618320939747287, 7.612390695380749 ], [ 7.617804347339506, 7.61185069695979 ], [ 7.616662747201923, 7.611293338746131 ], [ 7.615360593018281, 7.609135250078878 ], [ 7.615385176241849, 7.608093599600028 ], [ 7.615093966095058, 7.607490204776388 ], [ 7.614033378405272, 7.607508540965857 ], [ 7.613197205446462, 7.607100516018404 ], [ 7.613499597162343, 7.603393437925094 ], [ 7.614293829160803, 7.602636668513185 ], [ 7.614020085541405, 7.602052405143757 ], [ 7.613481670589485, 7.601533000186135 ], [ 7.613201683157232, 7.601240145722263 ], [ 7.611570721040462, 7.600444362573052 ], [ 7.611600819191588, 7.599175416267621 ], [ 7.61124577612213, 7.596955178142866 ], [ 7.60969634685009, 7.596572951495959 ], [ 7.609966227589378, 7.595547984196244 ], [ 7.610251388955535, 7.594724947149956 ], [ 7.610241982093706, 7.594181798623831 ], [ 7.61079329820045, 7.593656869397743 ], [ 7.611061638807123, 7.593109839375059 ], [ 7.611883475667255, 7.592846470667874 ], [ 7.612150943991435, 7.592570731319349 ], [ 7.612428998028944, 7.592305624118221 ], [ 7.612696465669158, 7.592029884303725 ], [ 7.613246409459617, 7.591765644366566 ], [ 7.614551666220442, 7.59078424449415 ], [ 7.615697764582053, 7.59041698573624 ], [ 7.615674930891657, 7.589088521093351 ], [ 7.615969567117792, 7.588784782373881 ], [ 7.617065016359082, 7.587979682642287 ], [ 7.617334211405789, 7.587161354169424 ], [ 7.617614922689239, 7.58689360120569 ], [ 7.617335927373246, 7.586624068665089 ], [ 7.617070233156532, 7.586346629357327 ], [ 7.615609444119444, 7.585986436639704 ], [ 7.615169624615258, 7.585526696220812 ], [ 7.61462751927403, 7.585003575367475 ], [ 7.61489936945528, 7.583355476485164 ], [ 7.61517741518143, 7.58309036604209 ], [ 7.61557990430001, 7.582269814070569 ], [ 7.615998271505138, 7.581465208010356 ], [ 7.616266595756996, 7.580918171920903 ], [ 7.61734803717489, 7.579336757900384 ], [ 7.617660930256799, 7.578134408956345 ], [ 7.617638996111549, 7.576853104873591 ], [ 7.617917900458192, 7.576316698975065 ], [ 7.617859199741152, 7.57290836504573 ], [ 7.618251368410082, 7.572155068840527 ], [ 7.618192610767721, 7.56876209997251 ], [ 7.618488447899757, 7.567908351246443 ], [ 7.618897035193177, 7.566665501894925 ], [ 7.619581991692095, 7.566012746448059 ], [ 7.619872877811471, 7.565712698253012 ], [ 7.621756542501372, 7.564488817199077 ], [ 7.62149202499046, 7.563843123524562 ], [ 7.62121654725437, 7.563304960345569 ], [ 7.620952584512238, 7.5624849390694 ], [ 7.620572227216497, 7.561363582345621 ], [ 7.620953303646918, 7.560585870550291 ], [ 7.621232190176218, 7.560049459515243 ], [ 7.621501350930104, 7.559231122902722 ], [ 7.621779375243275, 7.558966004439243 ], [ 7.622071984617765, 7.557785306916298 ], [ 7.623206739047856, 7.555604742408015 ], [ 7.622788496464068, 7.554373052914322 ], [ 7.624336468139106, 7.554001720478159 ], [ 7.623960569551225, 7.55214067366227 ], [ 7.623988176719582, 7.550967085903292 ], [ 7.623967994664758, 7.549793348455108 ], [ 7.624260229165507, 7.548390097660208 ], [ 7.623720989319636, 7.546800892238029 ], [ 7.623997351302658, 7.54403475207133 ], [ 7.624814341373939, 7.543256285190282 ], [ 7.62455128377438, 7.542149076571358 ], [ 7.624003093408056, 7.541881355110537 ], [ 7.623719283785762, 7.541292829666755 ], [ 7.622919940318917, 7.540521464622615 ], [ 7.622932258454987, 7.539984209227194 ], [ 7.622519051667562, 7.539177497576468 ], [ 7.622926816942882, 7.538345816517846 ], [ 7.623472180269301, 7.537826135237072 ], [ 7.62321255472749, 7.535633752042371 ], [ 7.622936229209349, 7.535366885776094 ], [ 7.62240488446008, 7.534812023560569 ], [ 7.62159073103114, 7.534026304538934 ], [ 7.621316423663752, 7.533457414411843 ], [ 7.621040958583665, 7.532919253915005 ], [ 7.620779578011923, 7.531285354459201 ], [ 7.62023646177364, 7.530761187145958 ], [ 7.619476760396457, 7.528040534481164 ], [ 7.61861059255609, 7.5277569706647 ], [ 7.6183509384523, 7.525580485103864 ], [ 7.61781909737361, 7.52401355833333 ], [ 7.617775993881585, 7.521527779303352 ], [ 7.618529503899501, 7.521166129643192 ], [ 7.619442990162584, 7.519409820869074 ], [ 7.619972196699341, 7.517273438613352 ], [ 7.621383832204248, 7.516821123544665 ], [ 7.621366804189073, 7.51582331332592 ], [ 7.622565839078689, 7.515439209429388 ], [ 7.623144720412265, 7.514887305036694 ], [ 7.624051341959245, 7.513951737416256 ], [ 7.624641054532581, 7.513668512310924 ], [ 7.624908458345174, 7.513392753896766 ], [ 7.625458289358742, 7.513128478316839 ], [ 7.626002649483969, 7.511225804360277 ], [ 7.626280635651066, 7.510960676443307 ], [ 7.626558508810295, 7.510393517459137 ], [ 7.627099566388685, 7.509878049161078 ], [ 7.62750728709949, 7.509046356236105 ], [ 7.628461322976033, 7.509068412152924 ], [ 7.628731272398998, 7.507978766455531 ], [ 7.62901010485052, 7.5074423414067 ], [ 7.629340813698331, 7.506108081018929 ], [ 7.63064275013899, 7.506085646331806 ], [ 7.630917226555911, 7.506091800976529 ], [ 7.63144136424651, 7.505550838503711 ], [ 7.632277286146553, 7.505819439472431 ], [ 7.632670290725439, 7.506634555854202 ], [ 7.6333646256342, 7.505828121924277 ], [ 7.63335742617404, 7.505413204639581 ], [ 7.634347520930233, 7.504937801709873 ], [ 7.634728898670032, 7.504204574832821 ], [ 7.635122708188968, 7.503400381848254 ], [ 7.635952077645014, 7.503386530173092 ], [ 7.636895486083192, 7.503408531768557 ], [ 7.637355696955415, 7.50293306780074 ], [ 7.639303228915234, 7.503942162663245 ], [ 7.639623677873384, 7.503677155415707 ], [ 7.639895517780591, 7.502310375942675 ], [ 7.640703015889919, 7.502329299699306 ], [ 7.641595799989913, 7.500870649540087 ], [ 7.641219095525921, 7.499759915222685 ], [ 7.641536403429185, 7.498794393491218 ], [ 7.642085418392216, 7.498270977231321 ], [ 7.642359476235792, 7.496355244599756 ], [ 7.642893576820748, 7.495846087948358 ], [ 7.643200541446253, 7.494960543320127 ], [ 7.643178008567573, 7.493663855180825 ], [ 7.644272386131819, 7.493105553351112 ], [ 7.644671615459647, 7.493114731031424 ], [ 7.645095691218607, 7.492299490045143 ], [ 7.645364745140068, 7.4914811207674 ], [ 7.645916213884096, 7.490674218529992 ], [ 7.646184427410064, 7.490127145095782 ], [ 7.646735892679121, 7.489320241208461 ], [ 7.647089087351787, 7.48824513633156 ], [ 7.651383612882835, 7.487935608740954 ], [ 7.652045489192068, 7.487304424072806 ], [ 7.652446544301906, 7.486890752791005 ], [ 7.652916725277583, 7.486442319983754 ], [ 7.652177198485041, 7.486081327775367 ], [ 7.650826715350735, 7.484986694682981 ], [ 7.650278568359277, 7.484719015351295 ], [ 7.650012900005998, 7.484441602180686 ], [ 7.648385649423382, 7.483230072425954 ], [ 7.648654299172213, 7.482538339358535 ], [ 7.650294979092836, 7.482144364849936 ], [ 7.65028775990227, 7.481729444603483 ], [ 7.651122678641674, 7.480933997376309 ], [ 7.651098766751728, 7.479557817868932 ], [ 7.653135112859513, 7.479981061273248 ], [ 7.653561621676305, 7.479574353560847 ], [ 7.654211807278021, 7.478247919592735 ], [ 7.656557507546743, 7.477684387020752 ], [ 7.657235478363256, 7.477338317623954 ], [ 7.657911320458345, 7.477688508821555 ], [ 7.658850095639803, 7.477996048185287 ], [ 7.659899054241125, 7.479603198495276 ], [ 7.661558251532574, 7.479574325526283 ], [ 7.661985750750081, 7.480408601966586 ], [ 7.66225059952323, 7.480957307646376 ], [ 7.662526925061942, 7.481224147954504 ], [ 7.662866159167275, 7.482277529596464 ], [ 7.664734398250959, 7.482647754608049 ], [ 7.66536065366733, 7.48394575222671 ], [ 7.666330843487785, 7.481783575409787 ], [ 7.666604674632618, 7.480949832652592 ], [ 7.667150444547061, 7.480429545418683 ], [ 7.667420271605343, 7.479339854276244 ], [ 7.668421489597007, 7.479019118957244 ], [ 7.667887207840617, 7.476802579231477 ], [ 7.667163566489171, 7.476104652243658 ], [ 7.667433437157153, 7.474999064074117 ], [ 7.668243481262105, 7.473814033817987 ], [ 7.668266648210271, 7.472826395315555 ], [ 7.667716755982879, 7.471206991821919 ], [ 7.667450404578227, 7.470101903873991 ], [ 7.666901460388957, 7.469572479380306 ], [ 7.668271458610949, 7.469309551396217 ], [ 7.668810627920561, 7.469034575785757 ], [ 7.669346273029211, 7.46904678835379 ], [ 7.670728298409524, 7.468492450056449 ], [ 7.671801179655717, 7.468517403506085 ], [ 7.672621845142424, 7.467146932102866 ], [ 7.674802512171818, 7.466887477470091 ], [ 7.675072306832596, 7.465797776193721 ], [ 7.676720483585885, 7.465535123376316 ], [ 7.67668287793643, 7.463386841633413 ], [ 7.67724831170561, 7.462848048282058 ], [ 7.677536199981264, 7.461740382559 ], [ 7.677526680035478, 7.461198277750315 ], [ 7.677949421394628, 7.460795236479463 ], [ 7.67937557687837, 7.459322698907926 ], [ 7.681065189242323, 7.45851118250875 ], [ 7.681603588178553, 7.457954814402368 ], [ 7.683881065840521, 7.458328283407855 ], [ 7.684478723345377, 7.458904992945698 ], [ 7.684877244829623, 7.459321082767095 ], [ 7.687056289730569, 7.459593564162756 ], [ 7.687321973172138, 7.459870956804802 ], [ 7.687870122559128, 7.460138588917164 ], [ 7.688781330713493, 7.460610246766501 ], [ 7.689763853439565, 7.459596298508027 ], [ 7.691132136434025, 7.458291518592925 ], [ 7.690869786071254, 7.45689182761647 ], [ 7.690328235019432, 7.456369341148346 ], [ 7.690315079079534, 7.455615796305138 ], [ 7.690600724100759, 7.454177985189436 ], [ 7.69088024782169, 7.453370198007596 ], [ 7.691150795720465, 7.452009175563634 ], [ 7.691695967495434, 7.451489374327583 ], [ 7.691160131070253, 7.450652679706518 ], [ 7.690609869164149, 7.450383987098027 ], [ 7.690890720222714, 7.449843268386683 ], [ 7.691202112653937, 7.449207788820435 ], [ 7.692521118845391, 7.448214958534497 ], [ 7.693623486749487, 7.447950087305055 ], [ 7.694155995148829, 7.446863258260302 ], [ 7.69524746216644, 7.445436294808034 ], [ 7.694982348864104, 7.444966558230078 ], [ 7.694706018971053, 7.444699738341018 ], [ 7.69444114016993, 7.444151047976963 ], [ 7.694076937646788, 7.443439918383674 ], [ 7.694439041812647, 7.443065821281511 ], [ 7.69471907230418, 7.442799050869789 ], [ 7.694209713885471, 7.441805590629911 ], [ 7.69498987385381, 7.440625697280722 ], [ 7.69574532054785, 7.440262295646232 ], [ 7.696292539169626, 7.438682173636815 ], [ 7.695552132019101, 7.437909001019549 ], [ 7.694463233965961, 7.436858197804476 ], [ 7.694453246648776, 7.436285883517141 ], [ 7.694488445294186, 7.434793808400843 ], [ 7.694447986557891, 7.432495543073826 ], [ 7.695442115004191, 7.432017854447909 ], [ 7.694492704603941, 7.431554584516685 ], [ 7.69447223401394, 7.430396708215355 ], [ 7.696386211471976, 7.429782889090252 ], [ 7.697140738491293, 7.429004041274871 ], [ 7.697743110438119, 7.428696350541463 ], [ 7.698292798814678, 7.42843195667643 ], [ 7.698831901360406, 7.428156931974586 ], [ 7.699913732952601, 7.42763656631038 ], [ 7.700468943745478, 7.426033671306492 ], [ 7.700203376293038, 7.425719196519199 ], [ 7.70006521490538, 7.425585788876152 ], [ 7.698803354950102, 7.426491921636861 ], [ 7.697748419581043, 7.425991257838641 ], [ 7.697488069863994, 7.425708591371093 ], [ 7.695874832243985, 7.424434760803884 ], [ 7.69559189140259, 7.423532581661942 ], [ 7.695289071807557, 7.423251378586467 ], [ 7.695323826027518, 7.422446572529488 ], [ 7.693954475084757, 7.422181840721827 ], [ 7.693694930582766, 7.421627869846166 ], [ 7.693239647226989, 7.421204735422157 ], [ 7.693965416226109, 7.418472620544327 ], [ 7.693712535857446, 7.415659204125961 ], [ 7.69318314257765, 7.415166967543356 ], [ 7.693161523720075, 7.414577662302015 ], [ 7.693204870538533, 7.413559334758501 ], [ 7.69149200164402, 7.413146281117275 ], [ 7.691875285666072, 7.411342063093377 ], [ 7.691270197983734, 7.41077912678174 ], [ 7.691010661296948, 7.410225155815941 ], [ 7.69047011645505, 7.409198222841114 ], [ 7.69073306421265, 7.408596508293153 ], [ 7.691016236065067, 7.408336633244094 ], [ 7.691303796063972, 7.408028551782485 ], [ 7.692377562916522, 7.407526718939496 ], [ 7.692690992998581, 7.405284601610536 ], [ 7.693200909997919, 7.404816082613564 ], [ 7.69346610191035, 7.40344973621678 ], [ 7.695098824389326, 7.402404273523478 ], [ 7.695111387699613, 7.40210333014215 ], [ 7.695096653199347, 7.401698448261853 ], [ 7.695465912992804, 7.398693970470856 ], [ 7.696743887816864, 7.397875313707111 ], [ 7.696486242497461, 7.396675939916092 ], [ 7.696204612304622, 7.396414407616964 ], [ 7.695845243735079, 7.391350747642787 ], [ 7.694601788606498, 7.390543790437778 ], [ 7.694871841070642, 7.388780562937985 ], [ 7.695685650415188, 7.388031552632581 ], [ 7.695189425339168, 7.386917323887713 ], [ 7.693835496155551, 7.386859845091518 ], [ 7.692518650328735, 7.387550150159342 ], [ 7.692165724713169, 7.387167592666377 ], [ 7.691612330253164, 7.386905262436541 ], [ 7.691352003656621, 7.386622596586543 ], [ 7.690929572328812, 7.386230296428513 ], [ 7.690539083341614, 7.38580629631975 ], [ 7.689222551343359, 7.385489265736287 ], [ 7.68917440264557, 7.384175519495462 ], [ 7.689590296950598, 7.383001436643868 ], [ 7.688794657194923, 7.380466212584729 ], [ 7.688109935791199, 7.380101755697769 ], [ 7.687023877520077, 7.379755194099609 ], [ 7.687451117235541, 7.374730415673492 ], [ 7.688368530441908, 7.374301775356774 ], [ 7.688758737936932, 7.372292504893173 ], [ 7.689988653052485, 7.371907697683069 ], [ 7.690314807759976, 7.370558483801302 ], [ 7.691121268799486, 7.369046938155924 ], [ 7.690862688679239, 7.368172386683283 ], [ 7.690359124775636, 7.367216574005189 ], [ 7.69030605817838, 7.365766099547683 ], [ 7.690865316165169, 7.363659818188458 ], [ 7.690410902182697, 7.362053970520908 ], [ 7.689586571434953, 7.361160277772311 ], [ 7.688160546667734, 7.36109993467014 ], [ 7.687616972002392, 7.361119537430445 ], [ 7.687345247023434, 7.361108143917975 ], [ 7.686262873023731, 7.361147891634889 ], [ 7.685721615809164, 7.360560771897838 ], [ 7.685220871897345, 7.360095115488885 ], [ 7.684898899012474, 7.359483733845908 ], [ 7.684640188781808, 7.358658461879593 ], [ 7.684358586972339, 7.358396927133636 ], [ 7.684103874754396, 7.356215141662145 ], [ 7.683824677361729, 7.355138109927723 ], [ 7.683836103124505, 7.354863128805502 ], [ 7.683784508881245, 7.35345876213859 ], [ 7.684621791570363, 7.350845667918354 ], [ 7.685018461332665, 7.350420797000212 ], [ 7.68592889394959, 7.35090460910172 ], [ 7.686284032696469, 7.350524126429313 ], [ 7.686567163715129, 7.350264247498199 ], [ 7.686831516431062, 7.349169202747031 ], [ 7.687658939894926, 7.3486396103946 ], [ 7.688582989160886, 7.346290114638479 ], [ 7.689286798905347, 7.345920715407309 ], [ 7.689841672110105, 7.345661627111927 ], [ 7.69037537613555, 7.345381281831368 ], [ 7.690930248223509, 7.345122191953861 ], [ 7.691269364131792, 7.344409943863507 ], [ 7.692852643800197, 7.344038331816795 ], [ 7.693572518201671, 7.342527577176498 ], [ 7.694190128510299, 7.341865416006376 ], [ 7.694744994501614, 7.341606320213383 ], [ 7.695006946251664, 7.34132517800366 ], [ 7.696100200796707, 7.340814354674781 ], [ 7.696435504122804, 7.339766665085221 ], [ 7.697468762264822, 7.339443776498048 ], [ 7.697730711078449, 7.339162632148747 ], [ 7.698269273723811, 7.338667680230973 ], [ 7.698800615433452, 7.337552198940805 ], [ 7.700133158804272, 7.336698683884776 ], [ 7.700479698441395, 7.335066545650415 ], [ 7.70046005293774, 7.334520165151926 ], [ 7.701289702772293, 7.333757392183902 ], [ 7.701555576255409, 7.332119720146683 ], [ 7.701985564486187, 7.331724598214572 ], [ 7.701540786355812, 7.330446262987706 ], [ 7.701573249179376, 7.329683305274338 ], [ 7.701562902948297, 7.329407199542528 ], [ 7.702118281901186, 7.329147562621293 ], [ 7.702382576579401, 7.328052498810158 ], [ 7.702782801818339, 7.327302788378347 ], [ 7.703208771481907, 7.32425657776456 ], [ 7.703677063135806, 7.323826590450139 ], [ 7.702784228518873, 7.320384454345881 ], [ 7.703991134671905, 7.319091270283373 ], [ 7.705114027481495, 7.319138481807464 ], [ 7.705160703501194, 7.318043846985846 ], [ 7.704324063234519, 7.317748408187272 ], [ 7.703542746125946, 7.317776893889327 ], [ 7.703228336556601, 7.317484544942604 ], [ 7.702968817701111, 7.316930585580727 ], [ 7.702687225083654, 7.316669064597016 ], [ 7.702429274766296, 7.315572494753479 ], [ 7.701603692630402, 7.315309406470726 ], [ 7.701637277121423, 7.314523665994312 ], [ 7.70110206047089, 7.313506841065551 ], [ 7.701053346901135, 7.312182487617643 ], [ 7.701121639989025, 7.310588753735733 ], [ 7.700788752918582, 7.308979027209189 ], [ 7.70083885680385, 7.307802270101495 ], [ 7.699685813500867, 7.305344464335489 ], [ 7.698929765431351, 7.304167503934043 ], [ 7.698648182296068, 7.303905982106085 ], [ 7.698394167608152, 7.301452887858934 ], [ 7.698112586263132, 7.301191366021322 ], [ 7.69785229520557, 7.30090871095588 ], [ 7.696326301193833, 7.300613393674338 ], [ 7.695953394461028, 7.299818002412309 ], [ 7.695167437525507, 7.299444803867391 ], [ 7.694619068316759, 7.297116445613873 ], [ 7.694271863601536, 7.296793265275713 ], [ 7.694714671963545, 7.294709403542186 ], [ 7.694020938739125, 7.294379922636723 ], [ 7.69352523200415, 7.293842235626188 ], [ 7.692170300449026, 7.292581403511332 ], [ 7.692578780497003, 7.289525616461987 ], [ 7.693260796002873, 7.289500563113979 ], [ 7.693819017474958, 7.289524431306664 ], [ 7.694433052424522, 7.288234317177789 ], [ 7.695374182722619, 7.287794570280253 ], [ 7.694682183247672, 7.286319460970891 ], [ 7.694082383856776, 7.285443930771039 ], [ 7.693770562740887, 7.284450005803835 ], [ 7.692578154351176, 7.283883811992827 ], [ 7.691632366540313, 7.283004100344391 ], [ 7.691667670095652, 7.282175975457898 ], [ 7.691625858645278, 7.281038697933774 ], [ 7.691977603380428, 7.278875089970597 ], [ 7.692706950778526, 7.277343145957574 ], [ 7.693835828941738, 7.276750800113826 ], [ 7.694662313708633, 7.276492472922159 ], [ 7.69492422032269, 7.27621132326469 ], [ 7.695207292817776, 7.275951428874928 ], [ 7.695469198774742, 7.275670278779572 ], [ 7.696296464101104, 7.275140643079474 ], [ 7.697650727401236, 7.27404606156474 ], [ 7.698471380145964, 7.274336153859216 ], [ 7.69873591675609, 7.273509214120912 ], [ 7.699205747250665, 7.273077636669028 ], [ 7.697223333847072, 7.271906167529019 ], [ 7.698470784524938, 7.269568134161923 ], [ 7.698644388458701, 7.265485771679487 ], [ 7.69741441413454, 7.264340842761325 ], [ 7.697677233774304, 7.263739103731409 ], [ 7.698131624641665, 7.263321258306102 ], [ 7.697691751649984, 7.262382607722701 ], [ 7.696323401871658, 7.262117968804972 ], [ 7.695821370274007, 7.261573911690216 ], [ 7.694928774829781, 7.262317440911697 ], [ 7.695387936535445, 7.263189912562741 ], [ 7.693301617877075, 7.262918960919732 ], [ 7.691715981166944, 7.261822806021025 ], [ 7.690075943484471, 7.261557365925882 ], [ 7.689818032822178, 7.260460797323375 ], [ 7.68953647874334, 7.260199275122469 ], [ 7.689027009449507, 7.259112577450341 ], [ 7.685473999235229, 7.259383678687393 ], [ 7.685731171000644, 7.260730886607538 ], [ 7.686271585285453, 7.261757799099012 ], [ 7.685465360782952, 7.262357954488292 ], [ 7.683859711237837, 7.262860410649955 ], [ 7.683016937382962, 7.263436079695643 ], [ 7.682190474987596, 7.263694388874597 ], [ 7.680655927733082, 7.26474282893448 ], [ 7.678111064636052, 7.265039049722642 ], [ 7.677577459884828, 7.265319397121856 ], [ 7.675745837525247, 7.265604965447027 ], [ 7.675267036971547, 7.268551890778423 ], [ 7.674361093714465, 7.26858474610277 ], [ 7.672778723657694, 7.267112315506591 ], [ 7.67241445470014, 7.265565024384883 ], [ 7.669069602334037, 7.265235167668681 ], [ 7.668613099431639, 7.264739969941324 ], [ 7.668083887889366, 7.264247737262398 ], [ 7.668042115029223, 7.2631157662048 ], [ 7.668088292363088, 7.262030684146989 ], [ 7.668068675283626, 7.26148377908072 ], [ 7.668738873030151, 7.259867455670627 ], [ 7.667529284502865, 7.260124614156569 ], [ 7.666445392880412, 7.260404922583519 ], [ 7.665720063107561, 7.260019150773162 ], [ 7.663174910114657, 7.259526283017363 ], [ 7.663215370096356, 7.258583726855342 ], [ 7.662919396087504, 7.257641240029967 ], [ 7.662276952759727, 7.257043221065166 ], [ 7.661817069889235, 7.255721379974754 ], [ 7.661857555929292, 7.254770346064484 ], [ 7.660753790358606, 7.254417895717432 ], [ 7.660494350427953, 7.253863926353683 ], [ 7.660212820002722, 7.253602389702934 ], [ 7.659730947033607, 7.253080087283259 ], [ 7.657783511550655, 7.251815850982879 ], [ 7.658048184677713, 7.250601066550983 ], [ 7.658331255498222, 7.250341195821307 ], [ 7.658593695068245, 7.250059539795077 ], [ 7.659136471910193, 7.250082866267207 ], [ 7.658855268899351, 7.249173805551782 ], [ 7.658296991228767, 7.248112908913908 ], [ 7.658386496152445, 7.246019048896281 ], [ 7.657523523720293, 7.245713935829005 ], [ 7.656646079966644, 7.246174468104157 ], [ 7.656160825196666, 7.24572262856707 ], [ 7.655314186933654, 7.244562319031627 ], [ 7.654807237938595, 7.24409080827108 ], [ 7.654547004915611, 7.243808138461987 ], [ 7.654124723784028, 7.243415831319318 ], [ 7.653734375129891, 7.242991825291886 ], [ 7.653181174086137, 7.242729482213103 ], [ 7.652922553628349, 7.241904210569834 ], [ 7.652500275648709, 7.241511902472935 ], [ 7.652109930080083, 7.241087895599174 ], [ 7.651828412025687, 7.240826355961434 ], [ 7.650904618220469, 7.23938762194732 ], [ 7.65021543308367, 7.238640556324206 ], [ 7.648858947903395, 7.237996427560986 ], [ 7.649397048853738, 7.236196405257156 ], [ 7.649683867882593, 7.235387586281271 ], [ 7.64940105101241, 7.234850500782811 ], [ 7.649029012701434, 7.233269272024057 ], [ 7.647527359691435, 7.232556356358658 ], [ 7.647251213406262, 7.230492684449954 ], [ 7.646969704145084, 7.230231143423652 ], [ 7.646489985221015, 7.229710959905746 ], [ 7.645594420991983, 7.229672797100688 ], [ 7.64504134691769, 7.230265157044668 ], [ 7.643700290955486, 7.22855122246203 ], [ 7.642633112112649, 7.228590437222383 ], [ 7.642361472543927, 7.228579031298288 ], [ 7.642046255020798, 7.228590279349445 ], [ 7.641282526009149, 7.22776191125341 ], [ 7.641001022269196, 7.227500367463065 ], [ 7.640192870982727, 7.226623646427702 ], [ 7.638792106411496, 7.225544857726417 ], [ 7.636744223566229, 7.224571699719752 ], [ 7.636247531181264, 7.222462330751985 ], [ 7.635865677420121, 7.222047878817452 ], [ 7.634784188331575, 7.222087565045751 ], [ 7.634269612719863, 7.220990222465182 ], [ 7.633228642990259, 7.220436555591096 ], [ 7.631505315855423, 7.219885609953989 ], [ 7.630977498714383, 7.219313342145327 ], [ 7.630705708091977, 7.21988374172314 ], [ 7.629905134083816, 7.219850076363463 ], [ 7.629162182963274, 7.220239430057558 ], [ 7.628323920148909, 7.219330810158498 ], [ 7.627442913721495, 7.219049442212251 ], [ 7.627185166184097, 7.217952868377805 ], [ 7.626361169826733, 7.21741838616496 ], [ 7.625621289782794, 7.216615506326636 ], [ 7.621973921009741, 7.216460385588458 ], [ 7.620717070502562, 7.217119473869879 ], [ 7.619277854381128, 7.21685018276595 ], [ 7.61932412528799, 7.215764064441633 ], [ 7.619290823864562, 7.214847267739442 ], [ 7.62226706073121, 7.214973889096576 ], [ 7.623624316077508, 7.214622959824094 ], [ 7.624436117855844, 7.215502892358571 ], [ 7.626253345969523, 7.215169236796381 ], [ 7.626914342102094, 7.214153847834757 ], [ 7.628849128566689, 7.2138957773659 ], [ 7.628818702488171, 7.213074895686689 ], [ 7.629373951784888, 7.212815328212351 ], [ 7.629644278649045, 7.21061288013829 ], [ 7.630458861859178, 7.209863416132913 ], [ 7.630199564982462, 7.209280296271348 ], [ 7.629654581670433, 7.208244328333565 ], [ 7.62939356087428, 7.206293571260393 ], [ 7.628579746931144, 7.205906964849273 ], [ 7.628854662546543, 7.205176548670693 ], [ 7.629398420502322, 7.204676377868228 ], [ 7.629736898833376, 7.203274258274751 ], [ 7.630450168147094, 7.202510710570853 ], [ 7.63075793834127, 7.202499444953085 ], [ 7.631436993190455, 7.202528501078636 ], [ 7.632523741320105, 7.202488299994863 ], [ 7.634012357649937, 7.202552094240494 ], [ 7.634286576707083, 7.20169608791646 ], [ 7.635191950681087, 7.201272761033164 ], [ 7.63620441187609, 7.199813293947391 ], [ 7.636467916245562, 7.198989577014854 ], [ 7.636751769374355, 7.198458416134663 ], [ 7.637388516643964, 7.196839390494723 ], [ 7.637837962265595, 7.19682324155534 ], [ 7.638871921297743, 7.196867117622575 ], [ 7.640018161574703, 7.196265922555213 ], [ 7.641908890192966, 7.196346248268929 ], [ 7.642258059998333, 7.194901221441623 ], [ 7.642847278386548, 7.19427028249778 ], [ 7.644414192115086, 7.195477238218068 ], [ 7.645389264618102, 7.195518805013571 ], [ 7.645998432806086, 7.194958924842351 ], [ 7.646503551266867, 7.194417812304009 ], [ 7.646814222712924, 7.194679436066765 ], [ 7.647074427690331, 7.194962104779225 ], [ 7.648442526749552, 7.195226850271633 ], [ 7.648843415654392, 7.195662012343853 ], [ 7.649246871249174, 7.195229223418464 ], [ 7.650664823689345, 7.194963160137386 ], [ 7.651423292697481, 7.194150424225893 ], [ 7.651977977028848, 7.193891350755043 ], [ 7.652511500110662, 7.19361102001431 ], [ 7.653532671047676, 7.193133412189228 ], [ 7.653882736290314, 7.192811737984761 ], [ 7.654403280421019, 7.192253703375097 ], [ 7.655539942656423, 7.192554838895593 ], [ 7.656323152879534, 7.192526403419656 ], [ 7.657140664085458, 7.192561123607211 ], [ 7.657407609151059, 7.191454964717703 ], [ 7.657841350859323, 7.190642323166575 ], [ 7.656311979200261, 7.189649594873997 ], [ 7.656388337972142, 7.187858789324769 ], [ 7.655136466134833, 7.187045975469334 ], [ 7.655606486734176, 7.186164556396567 ], [ 7.655211830073108, 7.185414133753789 ], [ 7.655285899572116, 7.18368054996363 ], [ 7.654945808738657, 7.182597516971399 ], [ 7.654159022690724, 7.182224285573574 ], [ 7.653630238607832, 7.180538213562073 ], [ 7.651767245461202, 7.180606397999068 ], [ 7.65146406557176, 7.18032466545168 ], [ 7.651208659978541, 7.17841419313271 ], [ 7.650685904276989, 7.177927807574488 ], [ 7.652025951992853, 7.177613280305152 ], [ 7.652287812380445, 7.177332148391123 ], [ 7.653103867860144, 7.176950372762863 ], [ 7.652843303503053, 7.176791171398733 ], [ 7.652290176456626, 7.176528841489138 ], [ 7.652030774543836, 7.175974875580422 ], [ 7.651488973178524, 7.175470418963034 ], [ 7.651751716674188, 7.174888841803589 ], [ 7.652034735306284, 7.174628966104999 ], [ 7.652396714779698, 7.173498183780407 ], [ 7.654484278753773, 7.173008325897483 ], [ 7.654746931210979, 7.172455890118351 ], [ 7.655303388682224, 7.171944054732918 ], [ 7.655292065779913, 7.171644104020832 ], [ 7.65595544958355, 7.171034021105376 ], [ 7.655308604949898, 7.169804371833262 ], [ 7.655731731424401, 7.169708639345544 ], [ 7.657390545811781, 7.169779194958246 ], [ 7.658290155413132, 7.168396686841307 ], [ 7.658844803463637, 7.168137598262226 ], [ 7.659106653889873, 7.167856460561993 ], [ 7.65965299261576, 7.167354126545107 ], [ 7.65974796189326, 7.167057304011089 ], [ 7.6430812, 7.1582817 ], [ 7.6354515, 7.1471285 ], [ 7.6373839, 7.1326728 ], [ 7.6361461, 7.1313662 ], [ 7.6333143, 7.1283769 ], [ 7.62988, 7.1247516 ], [ 7.6219587, 7.1126618 ], [ 7.6186237, 7.1080756 ], [ 7.6144858, 7.1037082 ], [ 7.6111193, 7.1001549 ], [ 7.6019478, 7.0905662 ], [ 7.5994463, 7.0793099 ], [ 7.600697, 7.0730562 ], [ 7.6023645, 7.0622168 ], [ 7.6036153, 7.0530453 ], [ 7.6069503, 7.0413718 ], [ 7.609100133461467, 7.034615170025414 ], [ 7.608991570934361, 7.034497261432022 ], [ 7.607882218605743, 7.034784340556651 ], [ 7.606916333024097, 7.033737067499615 ], [ 7.604724550640485, 7.033643640524847 ], [ 7.60346837112632, 7.034079168100462 ], [ 7.602110228005171, 7.033139343916342 ], [ 7.600349664797861, 7.033749807355641 ], [ 7.59952336635439, 7.032853955943398 ], [ 7.59839660335216, 7.033111287245071 ], [ 7.597468128887052, 7.0337459545284 ], [ 7.596500676077945, 7.033230660429081 ], [ 7.595632139485803, 7.033686403369533 ], [ 7.594088937910798, 7.033620836005742 ], [ 7.593136998281413, 7.034120303489481 ], [ 7.591076783983897, 7.034195709697184 ], [ 7.590255352946159, 7.033627326023229 ], [ 7.588870151151198, 7.034107463304682 ], [ 7.588943183350272, 7.032403591681323 ], [ 7.588366400629605, 7.030910773612914 ], [ 7.588085031774408, 7.030649224390751 ], [ 7.587806967402919, 7.030347415340657 ], [ 7.586186655023312, 7.0298296049899 ], [ 7.585926567363225, 7.029546925254929 ], [ 7.585373653588361, 7.029284555187599 ], [ 7.585113566747555, 7.029001875153488 ], [ 7.584832201038733, 7.028740324548974 ], [ 7.584574577699884, 7.027643758543528 ], [ 7.584037226481531, 7.026621589318491 ], [ 7.584024967616013, 7.026290908214953 ], [ 7.584045507298228, 7.025813019671056 ], [ 7.583770341329927, 7.024935330350409 ], [ 7.5806856, 7.0271974 ], [ 7.543582, 7.0401211 ], [ 7.5305138, 7.0322781 ], [ 7.5256672, 7.035913 ], [ 7.5204503, 7.0431366 ], [ 7.5154266, 7.0500927 ], [ 7.5031401, 7.0674382 ], [ 7.5020347, 7.0689988 ], [ 7.4910064, 7.0737252 ], [ 7.4825197, 7.0819431 ], [ 7.4765025, 7.0850841 ], [ 7.470174, 7.0868459 ], [ 7.4703914, 7.0939086 ], [ 7.464719, 7.0892338 ], [ 7.461025, 7.092657 ], [ 7.4604068, 7.0931527 ], [ 7.4574178, 7.0959132 ], [ 7.4501955, 7.0967753 ], [ 7.442401, 7.0959247 ], [ 7.4385729, 7.0975002 ], [ 7.4358674, 7.0977513 ], [ 7.4355291, 7.0978189 ], [ 7.434791, 7.0983009 ], [ 7.4343422, 7.0992169 ], [ 7.4328115, 7.100651 ], [ 7.4318517, 7.1015502 ], [ 7.4297395, 7.1010586 ], [ 7.4286047, 7.1011028 ], [ 7.4260792, 7.1007975 ], [ 7.4245065, 7.1003041 ], [ 7.4166723, 7.0974316 ], [ 7.4069043, 7.0957383 ], [ 7.4042441, 7.0952772 ], [ 7.4005899, 7.0948822 ], [ 7.3966081, 7.0936457 ], [ 7.3944124, 7.092896 ], [ 7.3867621, 7.0861162 ], [ 7.3879452, 7.0816262 ], [ 7.3884672, 7.0756231 ], [ 7.3889207, 7.0704074 ], [ 7.3893857, 7.0650601 ], [ 7.3859035, 7.0551934 ], [ 7.3846593, 7.0516682 ], [ 7.3791823, 7.0473256 ], [ 7.3704796, 7.0414271 ], [ 7.366837, 7.039866 ], [ 7.3539367, 7.0343375 ], [ 7.3524848, 7.0337824 ], [ 7.3513716, 7.0333567 ], [ 7.3271532, 7.0240965 ], [ 7.3163904, 7.0105014 ], [ 7.3121858, 7.0051904 ], [ 7.3101439, 7.0039997 ], [ 7.2932796, 6.9941621 ], [ 7.2578306, 6.9807701 ], [ 7.2560373, 6.979791 ], [ 7.2438171, 6.9728145 ], [ 7.2412882, 6.9713173 ], [ 7.2381368, 6.9579253 ], [ 7.2389245, 6.9413824 ], [ 7.2351745, 6.9333517 ], [ 7.2329166, 6.9297304 ], [ 7.2281566, 6.929007 ], [ 7.2177772, 6.9253394 ], [ 7.2154213, 6.9154566 ], [ 7.2101151, 6.9035004 ], [ 7.2028209, 6.9023052 ], [ 7.1877208, 6.901207 ], [ 7.1822953, 6.8990369 ], [ 7.1759043, 6.8964806 ], [ 7.1731631, 6.8906429 ], [ 7.1719975, 6.8876522 ], [ 7.1701444, 6.8838627 ], [ 7.1562104, 6.8830886 ], [ 7.1522717, 6.875999 ], [ 7.1467576, 6.8641825 ], [ 7.1341534, 6.8547297 ], [ 7.1199737, 6.8484273 ], [ 7.112884, 6.837399 ], [ 7.1010675, 6.8287334 ], [ 7.0931902, 6.8192806 ], [ 7.0813737, 6.8003745 ], [ 7.0742841, 6.798799 ], [ 7.0601044, 6.7948604 ], [ 7.055378, 6.7861948 ], [ 7.0437786, 6.7834656 ], [ 7.041986, 6.7830439 ], [ 7.03017, 6.7854071 ], [ 7.0207167, 6.7893457 ], [ 7.0049615, 6.7854071 ], [ 6.9999816, 6.7854071 ], [ 6.9907823, 6.7854071 ], [ 6.9860948, 6.7885851 ], [ 6.9853367, 6.798799 ], [ 6.9870009, 6.8066764 ], [ 6.9877294, 6.812959 ], [ 6.9899945, 6.8232193 ], [ 6.9899945, 6.8334603 ], [ 6.9868431, 6.8444886 ], [ 6.978178, 6.8500028 ], [ 6.9632106, 6.8444886 ], [ 6.9608173, 6.840899 ], [ 6.9521823, 6.8279457 ], [ 6.9523992, 6.8080941 ], [ 6.9447653, 6.7986507 ], [ 6.9402311, 6.7951912 ], [ 6.9387514, 6.7939592 ], [ 6.9386665, 6.7938892 ], [ 6.9374716, 6.792879 ], [ 6.9354562, 6.791175 ], [ 6.9351998, 6.7909571 ], [ 6.929928, 6.7864873 ], [ 6.9285359, 6.7871414 ], [ 6.9254349, 6.7925414 ], [ 6.923388, 6.8019781 ], [ 6.9120574, 6.8006706 ], [ 6.8968048, 6.7923908 ], [ 6.888476, 6.7787616 ], [ 6.8848209, 6.7727804 ], [ 6.8830776, 6.7684226 ], [ 6.878284, 6.7605782 ], [ 6.8682609, 6.7553487 ], [ 6.8609656, 6.7534291 ], [ 6.8599811, 6.75317 ], [ 6.8530083, 6.7444539 ], [ 6.8421135, 6.7305088 ], [ 6.8338337, 6.722229 ], [ 6.8194528, 6.7126417 ], [ 6.8063793, 6.7030544 ], [ 6.8002782, 6.6934671 ], [ 6.7989707, 6.679522 ], [ 6.800714, 6.6699348 ], [ 6.8028932, 6.6564255 ], [ 6.8031055, 6.6545146 ], [ 6.8050718, 6.6368151 ], [ 6.8089938, 6.6158972 ], [ 6.8089938, 6.5980301 ], [ 6.8085714, 6.5893658 ], [ 6.8081226, 6.5801625 ], [ 6.7933059, 6.5723186 ], [ 6.7641082, 6.5636029 ], [ 6.7157363, 6.5603483 ], [ 6.6720332, 6.5675243 ], [ 6.6616958, 6.5579284 ], [ 6.6619449, 6.5728536 ], [ 6.6591964, 6.6077533 ], [ 6.6527762, 6.6342821 ], [ 6.651162, 6.6369128 ], [ 6.6349673, 6.6633049 ], [ 6.6280217, 6.6746235 ], [ 6.6179361, 6.7048793 ], [ 6.6216035, 6.7222991 ], [ 6.6261878, 6.7314677 ], [ 6.6280217, 6.7488875 ], [ 6.6316891, 6.7690582 ], [ 6.6295142, 6.775507 ], [ 6.6273642, 6.781951 ], [ 6.623549, 6.7907529 ], [ 6.62361, 6.7935982 ], [ 6.623661, 6.7959962 ], [ 6.6203179, 6.800128 ], [ 6.6175971, 6.806581 ], [ 6.6159439, 6.8095212 ], [ 6.61377, 6.8148012 ], [ 6.6107903, 6.8221049 ], [ 6.6141453, 6.8308287 ], [ 6.6142611, 6.8309942 ], [ 6.6216335, 6.8415256 ], [ 6.6280123, 6.853752 ], [ 6.63447, 6.8661294 ], [ 6.6462369, 6.8853846 ], [ 6.6526556, 6.9078484 ], [ 6.6618959, 6.9204931 ], [ 6.6729803, 6.9356613 ], [ 6.6793985, 6.9688225 ], [ 6.6792603, 6.9720025 ], [ 6.6784542, 6.9905367 ], [ 6.6783285, 6.9934263 ], [ 6.677259, 7.0084023 ], [ 6.677259, 7.0340757 ], [ 6.6838355, 7.0516138 ], [ 6.6900954, 7.0683069 ], [ 6.7105952, 7.1031558 ], [ 6.7114902, 7.1046772 ], [ 6.7149487, 7.1176476 ], [ 6.7157688, 7.1207232 ], [ 6.7157688, 7.1228213 ], [ 6.7157688, 7.1356993 ], [ 6.7114902, 7.1485357 ], [ 6.707211, 7.1592331 ], [ 6.7034302, 7.1705756 ], [ 6.7007928, 7.1784883 ], [ 6.6999583, 7.1858595 ], [ 6.693305, 7.2164761 ], [ 6.6901574, 7.219051 ], [ 6.6853364, 7.2230102 ], [ 6.6832328, 7.2298671 ], [ 6.6781139, 7.2311131 ], [ 6.6747222, 7.232915 ], [ 6.6691551, 7.2399961 ], [ 6.6452011, 7.2812674 ], [ 6.63767, 7.294243 ], [ 6.6323099, 7.2923308 ], [ 6.601943, 7.283839 ], [ 6.5695219, 7.2752948 ], [ 6.556313, 7.2748199 ], [ 6.5473525, 7.2748936 ], [ 6.54426, 7.274919 ], [ 6.5373569, 7.273809 ], [ 6.529881, 7.2727041 ], [ 6.5258479, 7.2715712 ], [ 6.5148849, 7.2669969 ], [ 6.5114412, 7.267025 ], [ 6.5080328, 7.269968 ], [ 6.508112, 7.2763801 ], [ 6.5059007, 7.2810037 ], [ 6.5036211, 7.2845769 ], [ 6.5013599, 7.2875099 ], [ 6.4996958, 7.2921872 ], [ 6.4997602, 7.2974319 ], [ 6.499229, 7.3009338 ], [ 6.499846, 7.3044271 ], [ 6.4999251, 7.3108382 ], [ 6.4991334, 7.3145269 ], [ 6.4982958, 7.318429 ], [ 6.498899, 7.320756 ], [ 6.4995089, 7.3236661 ], [ 6.4995518, 7.3271632 ], [ 6.4973269, 7.3330102 ], [ 6.494472, 7.334199 ], [ 6.4922051, 7.3365502 ], [ 6.4887891, 7.3389091 ], [ 6.4857631, 7.3419962 ], [ 6.4808679, 7.3483 ], [ 6.4774809, 7.3529921 ], [ 6.4757948, 7.3559198 ], [ 6.4729819, 7.3606062 ], [ 6.4703722, 7.3637009 ], [ 6.4668698, 7.3653188 ], [ 6.4632611, 7.3635998 ], [ 6.4597812, 7.360714 ], [ 6.455153, 7.3578372 ], [ 6.450532, 7.3555431 ], [ 6.4425111, 7.3567739 ], [ 6.4385071, 7.3579731 ], [ 6.435658, 7.359745 ], [ 6.4346042, 7.367332 ], [ 6.4346762, 7.3731599 ], [ 6.434144, 7.3766618 ], [ 6.4324579, 7.379591 ], [ 6.4267468, 7.381968 ], [ 6.4233532, 7.386076 ], [ 6.4222412, 7.3889999 ], [ 6.432106, 7.3976641 ], [ 6.4321642, 7.4023271 ], [ 6.4276719, 7.4105239 ], [ 6.4282031, 7.4153255 ], [ 6.423873, 7.4175408 ], [ 6.3797717, 7.3982337 ], [ 6.3769307, 7.4005888 ], [ 6.3665916, 7.4083876 ], [ 6.3614699, 7.4119266 ], [ 6.3569128, 7.4148773 ], [ 6.2954809, 7.4991756 ], [ 6.292052, 7.5003696 ], [ 6.2880408, 7.5009857 ], [ 6.2811529, 7.501042 ], [ 6.2765961, 7.495697 ], [ 6.274838, 7.4927959 ], [ 6.2730732, 7.4893141 ], [ 6.2718892, 7.4864092 ], [ 6.2701392, 7.4840908 ], [ 6.2678142, 7.4817791 ], [ 6.2637739, 7.480063 ], [ 6.2591681, 7.4789338 ], [ 6.2557168, 7.4783802 ], [ 6.25284, 7.4778199 ], [ 6.2447901, 7.4767199 ], [ 6.2378869, 7.4756112 ], [ 6.233274, 7.4738989 ], [ 6.2269239, 7.4710369 ], [ 6.2253232, 7.4683957 ], [ 6.2233939, 7.4640708 ], [ 6.2210479, 7.4600091 ], [ 6.2195534, 7.4577868 ], [ 6.216028045490807, 7.455091774960825 ], [ 6.216060450852495, 7.457392853221333 ], [ 6.215728199709492, 7.457383876933877 ], [ 6.215158344043325, 7.456784162883179 ], [ 6.211636321130037, 7.45683395674387 ], [ 6.210860052005369, 7.457630064830497 ], [ 6.210565589882207, 7.457893972235146 ], [ 6.21001075966686, 7.457310231030677 ], [ 6.207575930376313, 7.457344617846448 ], [ 6.207056458097178, 7.457877102269324 ], [ 6.2062347817429, 7.458137673326421 ], [ 6.20596676928435, 7.458412333141691 ], [ 6.205688216480965, 7.458676336617046 ], [ 6.205141756355499, 7.460033472482828 ], [ 6.204861480322729, 7.460568523356755 ], [ 6.204527652206008, 7.464063712014443 ], [ 6.202389835693458, 7.464889818278845 ], [ 6.202120091649007, 7.46543552107027 ], [ 6.201026834364403, 7.465694354774078 ], [ 6.200757088070045, 7.46624005590273 ], [ 6.199935394857836, 7.466500607952511 ], [ 6.199667372836942, 7.46677526049615 ], [ 6.198845678614481, 7.467035809897204 ], [ 6.198569019831371, 7.468665696122669 ], [ 6.193845639980258, 7.468990387874778 ], [ 6.193412756066604, 7.468085523594681 ], [ 6.193121671957371, 7.467817910258765 ], [ 6.192596295783776, 7.46835668161614 ], [ 6.190048107102173, 7.46869516536772 ], [ 6.189603883198297, 7.469150802124877 ], [ 6.184997693557148, 7.469442788479606 ], [ 6.183865691243712, 7.471318653312905 ], [ 6.183880454229195, 7.472366966125188 ], [ 6.183599878618728, 7.472901988966103 ], [ 6.183298282727616, 7.475515315018748 ], [ 6.18331434815938, 7.476649398990667 ], [ 6.185091375508062, 7.477007509644502 ], [ 6.185469542538953, 7.477798207118202 ], [ 6.185744712269299, 7.478065724528113 ], [ 6.186003994610604, 7.479156894576044 ], [ 6.186318173165936, 7.48041411863558 ], [ 6.187122321276341, 7.480785071155689 ], [ 6.188715185528885, 7.480252068827345 ], [ 6.189860588517234, 7.480553195555526 ], [ 6.191366504678706, 7.481339437055721 ], [ 6.191706227655319, 7.484657806684913 ], [ 6.192264493189823, 7.485200302460019 ], [ 6.191929203087212, 7.486782149269883 ], [ 6.192222516928593, 7.487655423638451 ], [ 6.192180377209263, 7.489224316797976 ], [ 6.193275854738325, 7.489498125459319 ], [ 6.193642786174046, 7.490265459511014 ], [ 6.195161430873688, 7.490768021284177 ], [ 6.197806957396993, 7.490244350757826 ], [ 6.198421857553428, 7.490891498564615 ], [ 6.199816028802774, 7.491450430425672 ], [ 6.200585846805352, 7.49226056260321 ], [ 6.20086103509151, 7.492528077191109 ], [ 6.201125548070236, 7.492806113144936 ], [ 6.201400737031284, 7.493073627637537 ], [ 6.201756669063167, 7.493448067848335 ], [ 6.201551602959009, 7.501091454950472 ], [ 6.200927588245317, 7.502281830280656 ], [ 6.2045991684725, 7.502581029801102 ], [ 6.204848001342435, 7.505314379797306 ], [ 6.204088809076304, 7.506033252519151 ], [ 6.204567990380238, 7.507459891819913 ], [ 6.204822937812438, 7.509235574954328 ], [ 6.204005370210524, 7.509624779283888 ], [ 6.204022748355465, 7.510847301653148 ], [ 6.203976502895284, 7.512561771438815 ], [ 6.204285371629756, 7.51411703285834 ], [ 6.20359652179407, 7.516730051745471 ], [ 6.20259908080558, 7.517205453817261 ], [ 6.201239831452641, 7.518221189077797 ], [ 6.200939312411501, 7.521365025604615 ], [ 6.19985181338907, 7.522066957746619 ], [ 6.199580265684293, 7.52288369004973 ], [ 6.198727356889065, 7.523154059862307 ], [ 6.197809665458071, 7.52409477419747 ], [ 6.197112868308243, 7.524754724603127 ], [ 6.196576988362382, 7.525303997768027 ], [ 6.195483570092749, 7.525562760528402 ], [ 6.195215496311772, 7.525837395290491 ], [ 6.194936881525194, 7.526101372977824 ], [ 6.194667063776151, 7.526647052465811 ], [ 6.194286001412367, 7.527374134379246 ], [ 6.19382851326484, 7.530331645280807 ], [ 6.19552174128732, 7.53101060858349 ], [ 6.196251281418336, 7.53289150393392 ], [ 6.197069695290211, 7.533162509128551 ], [ 6.197332476770559, 7.533711600961159 ], [ 6.197818830070547, 7.534183771238225 ], [ 6.19814189877801, 7.534556426914717 ], [ 6.197138337324432, 7.536470161771336 ], [ 6.196507297923527, 7.536140531396597 ], [ 6.195498170437356, 7.535868300599209 ], [ 6.194097352425458, 7.537971120233892 ], [ 6.193766562764934, 7.539949508389859 ], [ 6.194576357809281, 7.540736109324147 ], [ 6.19483913663239, 7.541285203015863 ], [ 6.195929173932267, 7.541557958727898 ], [ 6.196193700842247, 7.541836006916779 ], [ 6.197012129415156, 7.542107018298162 ], [ 6.197264438183294, 7.544282386211127 ], [ 6.198354486065398, 7.544555139153029 ], [ 6.199394882821467, 7.544918101154541 ], [ 6.199696511605373, 7.546232439438374 ], [ 6.199143082109908, 7.547812882543654 ], [ 6.198807762189113, 7.550411716563784 ], [ 6.200758891403894, 7.550804875519996 ], [ 6.201022406822705, 7.551241210512149 ], [ 6.199979343969259, 7.553760332553671 ], [ 6.199374538706091, 7.554048684974672 ], [ 6.198812310076312, 7.554892130123338 ], [ 6.198279320790466, 7.55539694021261 ], [ 6.197189366140528, 7.55675051863329 ], [ 6.194572131232422, 7.559603079111015 ], [ 6.194144697028747, 7.560889433781566 ], [ 6.192256367711275, 7.562676726702795 ], [ 6.191988261057366, 7.562951349902148 ], [ 6.191709612939761, 7.56321531566164 ], [ 6.191439751604678, 7.563760982373184 ], [ 6.191159348279652, 7.564295991491459 ], [ 6.190885975815084, 7.565383745250289 ], [ 6.190335699956538, 7.565645958135112 ], [ 6.190064079070422, 7.566462666499998 ], [ 6.189235150935743, 7.567807299575697 ], [ 6.188963525369828, 7.568624005923146 ], [ 6.188224955875221, 7.56969604590686 ], [ 6.187862957732716, 7.570785338340656 ], [ 6.187584301275058, 7.571049298601601 ], [ 6.186494265696634, 7.572402822680315 ], [ 6.185397201853284, 7.573203598978219 ], [ 6.185129083430017, 7.57347821384337 ], [ 6.184578794676219, 7.573740414300073 ], [ 6.183499563992498, 7.574286127931036 ], [ 6.182398716945987, 7.574810521455404 ], [ 6.182112967617327, 7.577795551040174 ], [ 6.181291041120632, 7.578055985121598 ], [ 6.181014096253703, 7.579685802710332 ], [ 6.180419928780842, 7.580818573289247 ], [ 6.179911708145676, 7.581299677998565 ], [ 6.179277866737015, 7.582250604303536 ], [ 6.177934476910579, 7.583230804120132 ], [ 6.176429656046534, 7.583947367559315 ], [ 6.174794218364485, 7.584922480285836 ], [ 6.174429149532306, 7.585660733425478 ], [ 6.174451001063242, 7.587230008912153 ], [ 6.174432780876578, 7.587907518771686 ], [ 6.17444978354335, 7.589122066690254 ], [ 6.173882706041738, 7.589392075581449 ], [ 6.173339389800854, 7.590206988383994 ], [ 6.172515665602883, 7.590738434426985 ], [ 6.172113457941701, 7.591150332976203 ], [ 6.171672482306594, 7.591567802369163 ], [ 6.170062068216018, 7.592077706470013 ], [ 6.169490073672987, 7.592935834115314 ], [ 6.168964815864893, 7.594515299553091 ], [ 6.168682580428816, 7.595321314314516 ], [ 6.168410884289163, 7.59613798626003 ], [ 6.168086365646881, 7.596756847756433 ], [ 6.167036756332695, 7.597750022381129 ], [ 6.166743709622749, 7.598342618272402 ], [ 6.16538149795966, 7.600319474695593 ], [ 6.165398445215473, 7.601536659390807 ], [ 6.165363064575621, 7.602844558278845 ], [ 6.163741483120791, 7.603149472784079 ], [ 6.16154539864881, 7.605051499760176 ], [ 6.160960537950544, 7.607939732551456 ], [ 6.159904605895581, 7.608274270022252 ], [ 6.159625738848153, 7.6101750711365 ], [ 6.15931220818135, 7.610772814240056 ], [ 6.158524956714825, 7.61151779611666 ], [ 6.157939485759379, 7.612117459366265 ], [ 6.157432920981022, 7.613142209282771 ], [ 6.156885922704094, 7.613660066355294 ], [ 6.156517829614165, 7.614766189393341 ], [ 6.156058687073299, 7.614754174310895 ], [ 6.155786944048255, 7.615570824353299 ], [ 6.155303210887213, 7.616028742813863 ], [ 6.153874767013893, 7.616366103105362 ], [ 6.153146485528169, 7.617458205043102 ], [ 6.15250936183635, 7.617441308447207 ], [ 6.152239400740251, 7.617986918849545 ], [ 6.151689040673729, 7.618249048794902 ], [ 6.151189983919143, 7.619257951089234 ], [ 6.149778532815177, 7.619591698484764 ], [ 6.149504979149263, 7.620679372416474 ], [ 6.149225999518491, 7.620943285217242 ], [ 6.149229758615154, 7.621217002472776 ], [ 6.149219867398418, 7.621589095104499 ], [ 6.148130690330967, 7.622291291880912 ], [ 6.146796017922905, 7.623287791880228 ], [ 6.146123764332017, 7.624647579006674 ], [ 6.146960428713983, 7.625460409971958 ], [ 6.148447610300166, 7.625832319949994 ], [ 6.149181359424829, 7.627724416398864 ], [ 6.149454763363582, 7.628263015491133 ], [ 6.14971389555433, 7.629354199996269 ], [ 6.149987300565552, 7.629892799345066 ], [ 6.150250025027492, 7.630441917165024 ], [ 6.151344008603189, 7.630980633669985 ], [ 6.151865606070129, 7.632620934679255 ], [ 6.152682332190297, 7.633163115895333 ], [ 6.152940528654419, 7.634396701003842 ], [ 6.1515829331235, 7.635042600776583 ], [ 6.151038125301845, 7.63614436436072 ], [ 6.150458247359777, 7.636692687445514 ], [ 6.150476954327575, 7.638032685939583 ], [ 6.150197959835778, 7.638296595244567 ], [ 6.149736639869881, 7.638769467095901 ], [ 6.14936846415527, 7.641277909462044 ], [ 6.149066772478434, 7.641563372339068 ], [ 6.147456153697408, 7.642073112349858 ], [ 6.147178957977073, 7.643702841746226 ], [ 6.146081627278983, 7.644503422308069 ], [ 6.145808025836603, 7.645591083483398 ], [ 6.145227858624814, 7.646139919810161 ], [ 6.144036037844991, 7.646107676393116 ], [ 6.142783398420731, 7.646124789495905 ], [ 6.141716741284832, 7.647217776785006 ], [ 6.139989089981054, 7.647171382051052 ], [ 6.139477681313866, 7.645562907688738 ], [ 6.137520392632153, 7.646216410231632 ], [ 6.13494279023227, 7.647032006077355 ], [ 6.133566879455678, 7.647949273485547 ], [ 6.132473144638386, 7.648207747544302 ], [ 6.13189094952998, 7.648501914420817 ], [ 6.131386326120484, 7.649018934866238 ], [ 6.129936278881564, 7.650150088814857 ], [ 6.128358235344593, 7.650901349633514 ], [ 6.127839386169587, 7.650887304584752 ], [ 6.127420956080629, 7.650892985950486 ], [ 6.126741855617762, 7.652265892641276 ], [ 6.125920557709216, 7.653042830257074 ], [ 6.125650529772887, 7.653588402422954 ], [ 6.125100112341348, 7.653850475132966 ], [ 6.124781141994671, 7.654177088375004 ], [ 6.125098091280376, 7.655774206376189 ], [ 6.125632395395702, 7.65629338253171 ], [ 6.125896904003711, 7.656571481610484 ], [ 6.126172095265452, 7.656839063318374 ], [ 6.126431153233373, 7.657930245038483 ], [ 6.126978013920452, 7.658199639562593 ], [ 6.127514193140502, 7.658479551005917 ], [ 6.128425722159591, 7.658928189039006 ], [ 6.129120918925822, 7.660382254654528 ], [ 6.129678362032008, 7.660657012368002 ], [ 6.129942875838821, 7.660935110881488 ], [ 6.13021807238641, 7.661202691928593 ], [ 6.130480771342892, 7.661751818848662 ], [ 6.13075778411123, 7.661748371308811 ], [ 6.13102229927814, 7.662026469654927 ], [ 6.131593884880204, 7.662567066873762 ], [ 6.133063938724172, 7.661824088172713 ], [ 6.134008879993932, 7.662317409517844 ], [ 6.135642446274881, 7.662594032392426 ], [ 6.136199527543771, 7.662884663914405 ], [ 6.137260098623917, 7.662870544843906 ], [ 6.137834102468637, 7.663170285948458 ], [ 6.137790466623898, 7.664776661910882 ], [ 6.138155564542423, 7.665131128536806 ], [ 6.141342727979691, 7.66670022781345 ], [ 6.141305802209074, 7.66805784472534 ], [ 6.142130195184563, 7.668330661032983 ], [ 6.142115336704679, 7.668886942607149 ], [ 6.142660752504649, 7.669416771542191 ], [ 6.142919851955677, 7.670507961117235 ], [ 6.143195063651857, 7.670775539015677 ], [ 6.143846107339773, 7.671460650375449 ], [ 6.145100711551885, 7.671876079632018 ], [ 6.14507884267771, 7.672688007045206 ], [ 6.145095779463661, 7.67392687482072 ], [ 6.145888360695073, 7.674317000330904 ], [ 6.146151085161729, 7.674866127765299 ], [ 6.147519928249921, 7.675142025919381 ], [ 6.148032984475566, 7.677860112013697 ], [ 6.1483082036254, 7.678127689470047 ], [ 6.148571702226404, 7.679237440224084 ], [ 6.15097435214285, 7.680420150868496 ], [ 6.150179397980368, 7.681934738239829 ], [ 6.149907555194151, 7.682751362558419 ], [ 6.149626977925532, 7.683286294703954 ], [ 6.148789150827055, 7.685219334922908 ], [ 6.14742093340425, 7.686513054040115 ], [ 6.146299109141864, 7.687662295011371 ], [ 6.14579236544098, 7.688686984987577 ], [ 6.144698513080979, 7.688945454067931 ], [ 6.144158036699821, 7.690569175470436 ], [ 6.143599046992233, 7.690835436895656 ], [ 6.143328995727366, 7.691381018866881 ], [ 6.143050216906654, 7.691644910302094 ], [ 6.142778349082439, 7.692461522496229 ], [ 6.142497753704224, 7.692996444136472 ], [ 6.142222251410099, 7.69435511698798 ], [ 6.1416717744376, 7.694617194892834 ], [ 6.141352735410781, 7.696492780095585 ], [ 6.140852910632539, 7.69596694651802 ], [ 6.139762604332187, 7.695693922651561 ], [ 6.138831468046893, 7.694714178555257 ], [ 6.138145095645378, 7.695417375377279 ], [ 6.137023906773879, 7.695950911538708 ], [ 6.136223180039504, 7.69677086210339 ], [ 6.135003369724294, 7.696738356604818 ], [ 6.133745284255433, 7.696755352982929 ], [ 6.133236309436717, 7.697276560345132 ], [ 6.132166290290853, 7.698288448353805 ], [ 6.131866896151782, 7.698893639058205 ], [ 6.131324274076928, 7.699406676467118 ], [ 6.13078438774406, 7.70049833792593 ], [ 6.130490376346118, 7.700776407821931 ], [ 6.129673255986964, 7.701860386605277 ], [ 6.129122765836976, 7.702122441873293 ], [ 6.128579163170892, 7.702937210531258 ], [ 6.128300368541607, 7.703201086088649 ], [ 6.128010184419712, 7.706727948936826 ], [ 6.127187987100533, 7.706988175420029 ], [ 6.126903881556284, 7.708117010749656 ], [ 6.126921493468938, 7.709399800959185 ], [ 6.126624466884307, 7.709965823921522 ], [ 6.126354376612187, 7.710511382289333 ], [ 6.126075574432842, 7.710775253977269 ], [ 6.125801821701496, 7.711862865020363 ], [ 6.125380869281845, 7.712665212042902 ], [ 6.124975727542961, 7.713483545431288 ], [ 6.124696922206912, 7.713747415154052 ], [ 6.124427695196396, 7.714164338591585 ], [ 6.125240140724616, 7.714564184525608 ], [ 6.125515209589349, 7.714853483518629 ], [ 6.125474979658494, 7.716330163789983 ], [ 6.125495435827221, 7.717818368292529 ], [ 6.125209419004432, 7.718088542041428 ], [ 6.125487737397477, 7.718917824694446 ], [ 6.125393783737703, 7.722373467597818 ], [ 6.126223664120364, 7.723179464014629 ], [ 6.12764093226505, 7.722706209949041 ], [ 6.128173931593854, 7.722720382020777 ], [ 6.12844220212982, 7.722445852007677 ], [ 6.13083288523885, 7.721997127575191 ], [ 6.131155606768533, 7.723011461419836 ], [ 6.131974251984784, 7.723282705950819 ], [ 6.133050268082831, 7.724108347080444 ], [ 6.133867089253196, 7.724650617687479 ], [ 6.134451647936506, 7.725873167294248 ], [ 6.135513368936726, 7.72657748168165 ], [ 6.136470093367777, 7.72758442441091 ], [ 6.138840242225222, 7.728062467136442 ], [ 6.141650038614682, 7.727603793114322 ], [ 6.141991263243055, 7.727962880394869 ], [ 6.14279878133421, 7.728747535048217 ], [ 6.143596033591468, 7.731768224863143 ], [ 6.144686430038095, 7.732041273311222 ], [ 6.144950984221419, 7.73231938162973 ], [ 6.146041384100467, 7.732592427437848 ], [ 6.146305939693102, 7.732870535357895 ], [ 6.146841661263529, 7.7333907961719 ], [ 6.147233399944851, 7.734210782403027 ], [ 6.144934607894004, 7.734753366734783 ], [ 6.144664509387284, 7.735298938993205 ], [ 6.144385692224792, 7.735562820592883 ], [ 6.144117416899133, 7.735837361239069 ], [ 6.143220856310035, 7.73609710361156 ], [ 6.142222703242895, 7.7347352015599 ], [ 6.141132304399933, 7.734462144883239 ], [ 6.140052592671239, 7.734178568865594 ], [ 6.138821561997485, 7.733904564182881 ], [ 6.138413098407636, 7.735528074057953 ], [ 6.137585254966398, 7.735789852996575 ], [ 6.137592716430874, 7.736335692179699 ], [ 6.137263434016302, 7.737274185783571 ], [ 6.135129182347367, 7.736713001534762 ], [ 6.133595181962622, 7.737488285474358 ], [ 6.133239468308613, 7.737114270731479 ], [ 6.132149078145391, 7.736841190948668 ], [ 6.131055398473307, 7.736270047511802 ], [ 6.129962534650661, 7.736284926505184 ], [ 6.129437190617877, 7.736822939638443 ], [ 6.128343208998027, 7.73708131722721 ], [ 6.128043029470084, 7.739401128039207 ], [ 6.126320040785485, 7.740220629241837 ], [ 6.125590370073512, 7.74169583336114 ], [ 6.12504740414486, 7.742208837213117 ], [ 6.125054854518883, 7.742753611795821 ], [ 6.125032886966525, 7.743566579253994 ], [ 6.125047014682784, 7.744613243946596 ], [ 6.124752041917771, 7.745730344419398 ], [ 6.124472710722727, 7.7476310214546 ], [ 6.12390916428384, 7.748163997058211 ], [ 6.123920076614884, 7.748979832707517 ], [ 6.123911931607385, 7.749280461190738 ], [ 6.123092246092473, 7.750055743699801 ], [ 6.122194489446674, 7.75154091197085 ], [ 6.122539364329171, 7.752220309515796 ], [ 6.122800222029458, 7.753040481682914 ], [ 6.123079109445746, 7.753589737037618 ], [ 6.123064315241607, 7.754126419648496 ], [ 6.123341328420438, 7.754951465433118 ], [ 6.123321849374761, 7.755669690259656 ], [ 6.122236528465634, 7.756012790948281 ], [ 6.121957162742937, 7.757913458896678 ], [ 6.121079647186786, 7.758331014371681 ], [ 6.119775827769026, 7.758998718077961 ], [ 6.120576740209189, 7.759776494259379 ], [ 6.12084819763524, 7.760364345699943 ], [ 6.119172232949287, 7.761160807126472 ], [ 6.118262811065203, 7.762092153852342 ], [ 6.117844533843252, 7.762487931898527 ], [ 6.117561961685156, 7.763336181395322 ], [ 6.117572592177686, 7.764112307339383 ], [ 6.117288129652138, 7.764381413912131 ], [ 6.116822856922855, 7.764857864701819 ], [ 6.116465253560379, 7.766278378554364 ], [ 6.115914663112044, 7.766540382307133 ], [ 6.115449386107122, 7.767016830106555 ], [ 6.115091774036672, 7.768437340309067 ], [ 6.114537477079706, 7.769241387550013 ], [ 6.114209846751701, 7.770855847947048 ], [ 6.112970168746588, 7.77020847320368 ], [ 6.112355887219335, 7.77112909788564 ], [ 6.110986369085326, 7.771927590186741 ], [ 6.110596865494156, 7.775289583791563 ], [ 6.110142778022603, 7.775718452771907 ], [ 6.110847598434199, 7.776770338242384 ], [ 6.110339663103271, 7.777737733315794 ], [ 6.109041511493478, 7.778148142980285 ], [ 6.108771326661339, 7.778693664332518 ], [ 6.10849245712243, 7.778957503212959 ], [ 6.10822394741616, 7.779258469147613 ], [ 6.108760216462431, 7.780314501170808 ], [ 6.109020860047774, 7.781161144508431 ], [ 6.108470158825202, 7.782209763822161 ], [ 6.108186845979311, 7.784668314809719 ], [ 6.108726762604346, 7.785192892722438 ], [ 6.109038195301062, 7.787185426966116 ], [ 6.110325517040823, 7.788436100289371 ], [ 6.110607035177373, 7.78902561521717 ], [ 6.1111427420638, 7.789545929862634 ], [ 6.111405430018517, 7.790095085831497 ], [ 6.113039411056094, 7.790371969443377 ], [ 6.114928978567658, 7.791151370932796 ], [ 6.115191357230875, 7.792831251699313 ], [ 6.116373269299755, 7.792815482861489 ], [ 6.116918064720998, 7.794529580204181 ], [ 6.117899377834655, 7.795012694218012 ], [ 6.11870384071108, 7.795432667221438 ], [ 6.119564280722737, 7.795856196836253 ], [ 6.120482314106671, 7.796822720683853 ], [ 6.120867871283468, 7.798034953116174 ], [ 6.121545706134844, 7.798693866660614 ], [ 6.121981277682705, 7.799152088074022 ], [ 6.124197723806318, 7.798790250154521 ], [ 6.124665714108847, 7.798311174489697 ], [ 6.125759867098532, 7.798052865843836 ], [ 6.12602820451534, 7.797778356272081 ], [ 6.126598810974356, 7.797506959131487 ], [ 6.127254953152898, 7.796835406683106 ], [ 6.128479978936634, 7.795677513245352 ], [ 6.12903972534659, 7.794546335229715 ], [ 6.13070392044853, 7.794291875468812 ], [ 6.131755406808605, 7.794841081508886 ], [ 6.132484933910415, 7.79520017634579 ], [ 6.132946523492244, 7.796165706671061 ], [ 6.134195493539116, 7.796478557788018 ], [ 6.134731822134603, 7.796758524425956 ], [ 6.136653558627848, 7.797037279729108 ], [ 6.137397622218104, 7.796275247843479 ], [ 6.13917337345852, 7.797493708736995 ], [ 6.140708510794752, 7.79787782636575 ], [ 6.142156838716812, 7.79838311135817 ], [ 6.143672482770858, 7.796831147984767 ], [ 6.145828813103464, 7.799581537284145 ], [ 6.146112660484496, 7.801714209885569 ], [ 6.146931460047941, 7.801985483714258 ], [ 6.147195221171444, 7.802815215886699 ], [ 6.148330564671372, 7.803373961003707 ], [ 6.148249975814159, 7.806333718110962 ], [ 6.14827190519144, 7.80795218516893 ], [ 6.147699154812903, 7.808224655915931 ], [ 6.146876128387015, 7.810137575562489 ], [ 6.147416132510048, 7.810662132923463 ], [ 6.147680539846013, 7.810966725129904 ], [ 6.14712985044171, 7.812015414428236 ], [ 6.146732588547597, 7.815443646533025 ], [ 6.147109379519923, 7.81580987759997 ], [ 6.147368442951767, 7.816901094729006 ], [ 6.147641878083385, 7.817439734429783 ], [ 6.147904626218861, 7.817988890715369 ], [ 6.148451680089227, 7.818258336378156 ], [ 6.149002821791157, 7.819410818719819 ], [ 6.14896777811932, 7.820701213456967 ], [ 6.149248595359719, 7.820974154533726 ], [ 6.14994222687917, 7.821703565621897 ], [ 6.15032761117397, 7.822915807180276 ], [ 6.150309970227361, 7.823558887102219 ], [ 6.15032361237334, 7.824558981990943 ], [ 6.151406558863205, 7.825610771212418 ], [ 6.151922382367154, 7.826689432227715 ], [ 6.152197667461145, 7.826957041599812 ], [ 6.152613987838425, 7.828265841903679 ], [ 6.152111350378304, 7.830168223704996 ], [ 6.152966748003145, 7.830999312735791 ], [ 6.1535795651476, 7.831945226377744 ], [ 6.154054308484151, 7.8329378514066 ], [ 6.155650745873555, 7.832916342119252 ], [ 6.156496713262195, 7.833496435775215 ], [ 6.157043793358375, 7.83376587935913 ], [ 6.157308398043136, 7.834044004835883 ], [ 6.157583690996819, 7.834311613571946 ], [ 6.158277883024974, 7.835041556660236 ], [ 6.159761779228669, 7.835413137774444 ], [ 6.159726400322588, 7.836715717889351 ], [ 6.161370364798487, 7.837047613057799 ], [ 6.162563916202596, 7.837963557951126 ], [ 6.163270770217593, 7.83870734694563 ], [ 6.164769463746422, 7.839444823525283 ], [ 6.165700880038567, 7.838974117372899 ], [ 6.166523367997446, 7.838713902232715 ], [ 6.166791723797352, 7.838439366918303 ], [ 6.167070623832975, 7.838175491179363 ], [ 6.167344326447921, 7.8378951682403 ], [ 6.168156938250728, 7.837917575862725 ], [ 6.168429818820105, 7.837366198781588 ], [ 6.169797722117377, 7.836838595493625 ], [ 6.17033782499138, 7.835747445618286 ], [ 6.170930074762748, 7.835187624093513 ], [ 6.171986712998494, 7.83468491718608 ], [ 6.173134303841325, 7.833920238785299 ], [ 6.173613988689296, 7.834424792595198 ], [ 6.174125578758034, 7.834921619514952 ], [ 6.176071121861368, 7.835250717200163 ], [ 6.176042123796519, 7.83632307396754 ], [ 6.176318983797194, 7.837148136613924 ], [ 6.176740840067054, 7.838474979133449 ], [ 6.17629743904423, 7.839319034259973 ], [ 6.176572497316625, 7.839860331033505 ], [ 6.177010399924044, 7.840775943661335 ], [ 6.178139549108953, 7.841331439310419 ], [ 6.17845328403402, 7.84231768703533 ], [ 6.179299176912882, 7.842878693287571 ], [ 6.179804970156948, 7.843410949839848 ], [ 6.181128163564405, 7.843849157485911 ], [ 6.179271815887329, 7.844731919791807 ], [ 6.176447172762901, 7.845018427758689 ], [ 6.175719730606033, 7.844998720945735 ], [ 6.175446848467927, 7.845550104230564 ], [ 6.17489614495301, 7.845812159856159 ], [ 6.174082354164913, 7.846354084501951 ], [ 6.17328272107533, 7.846332828670725 ], [ 6.172523619056163, 7.846716298705511 ], [ 6.172172421665932, 7.847425439047474 ], [ 6.171898003267318, 7.847418298931676 ], [ 6.171607052217942, 7.847422165827973 ], [ 6.17108155220202, 7.847960197372633 ], [ 6.169990522758079, 7.848479069197735 ], [ 6.169705518174664, 7.84905524401205 ], [ 6.169162664656921, 7.849568273433293 ], [ 6.168888792418076, 7.850655913751901 ], [ 6.168064441465786, 7.851187160539716 ], [ 6.166474810743133, 7.852814904566236 ], [ 6.165881652343217, 7.852798727916446 ], [ 6.165463008133148, 7.852804374248819 ], [ 6.165063345486502, 7.853611642264391 ], [ 6.163730607875589, 7.854033039407965 ], [ 6.163254780731239, 7.855462348720597 ], [ 6.162315740544323, 7.855759344506559 ], [ 6.161779615267846, 7.856842023573544 ], [ 6.160672291249938, 7.858191355343472 ], [ 6.160687031856637, 7.859263461236184 ], [ 6.160380324898522, 7.859553608419247 ], [ 6.160395399998511, 7.860654303459923 ], [ 6.161207614466949, 7.861443287951107 ], [ 6.160925753172861, 7.861709780013192 ], [ 6.160646309125995, 7.863610503193115 ], [ 6.160051633828999, 7.863893405879506 ], [ 6.158198338324866, 7.863843271968303 ], [ 6.157391317326899, 7.864669468821502 ], [ 6.156282874447951, 7.864930884455039 ], [ 6.156008947168025, 7.866018500099225 ], [ 6.155259465915575, 7.867825497745423 ], [ 6.153814409002132, 7.868166674062765 ], [ 6.152719364043304, 7.869807738010396 ], [ 6.151631478902205, 7.869778114742333 ], [ 6.150731780332502, 7.869790001157663 ], [ 6.148903021297312, 7.871662165447443 ], [ 6.148080462382045, 7.871922318548194 ], [ 6.147677872785004, 7.872334083837567 ], [ 6.147259464770202, 7.872729859514194 ], [ 6.1469910704239, 7.873004369467268 ], [ 6.14616824324001, 7.873264515612244 ], [ 6.146177652690947, 7.873944832290926 ], [ 6.146139046265808, 7.8753569528906 ], [ 6.14506455036807, 7.875696376256043 ], [ 6.144795898489397, 7.876007937770444 ], [ 6.146090402514638, 7.87726503370941 ], [ 6.145051546886132, 7.877593580852741 ], [ 6.144650406204322, 7.87918639379243 ], [ 6.143407651338169, 7.879479664330847 ], [ 6.143133270617277, 7.880625484161922 ], [ 6.144466965465654, 7.883251298165249 ], [ 6.144733225033539, 7.88437274987374 ], [ 6.145280346955243, 7.884642229403132 ], [ 6.145543101879378, 7.885191399695024 ], [ 6.145818406478019, 7.885459024967152 ], [ 6.147371300389642, 7.887092691284739 ], [ 6.147950773956063, 7.889536023538999 ], [ 6.148235049879397, 7.88981217997411 ], [ 6.148497810195772, 7.890361350849918 ], [ 6.148773119629609, 7.890628976018704 ], [ 6.149210964155661, 7.891544613019696 ], [ 6.150134060095136, 7.891998760818848 ], [ 6.150103264730134, 7.893121896304428 ], [ 6.149558044244539, 7.894160000107493 ], [ 6.150010965730531, 7.895509832238377 ], [ 6.151999718071692, 7.895800783608673 ], [ 6.152260627489165, 7.896620985782014 ], [ 6.152535942946082, 7.896888610741424 ], [ 6.153086278358257, 7.897467269697889 ], [ 6.153057229885691, 7.898529540651618 ], [ 6.15388929265709, 7.898518269114144 ], [ 6.155698185990414, 7.900421543316457 ], [ 6.154945528403463, 7.901512768658586 ], [ 6.154593970436725, 7.904544264673095 ], [ 6.153016684204428, 7.905294233531785 ], [ 6.152748263570852, 7.905568740668047 ], [ 6.151921797250578, 7.905961727055637 ], [ 6.151930907694766, 7.906645749482229 ], [ 6.151098430008496, 7.906908464162909 ], [ 6.151379287878633, 7.907181424114802 ], [ 6.150815959912309, 7.909073820355542 ], [ 6.150537246437747, 7.910845871632519 ], [ 6.151350048166915, 7.911245810781812 ], [ 6.1520253168197, 7.913696692227899 ], [ 6.153935320952286, 7.91638310967217 ], [ 6.154454275148201, 7.918016090549528 ], [ 6.154690460534362, 7.919267044374739 ], [ 6.155364832300222, 7.919415640009836 ], [ 6.156137407365824, 7.919374856956467 ], [ 6.156911291923977, 7.919800996493267 ], [ 6.157495522758699, 7.919158075088718 ], [ 6.158639015427982, 7.919422094737642 ], [ 6.159020740939016, 7.919854027361731 ], [ 6.160264508663431, 7.92024630890876 ], [ 6.161235352433814, 7.920600729862908 ], [ 6.162354217813125, 7.920004321661942 ], [ 6.163160597165115, 7.920687955339564 ], [ 6.163579079655854, 7.922537832276201 ], [ 6.165565274512962, 7.923263905846219 ], [ 6.166025825869037, 7.922964230213673 ], [ 6.166557087602368, 7.922379694373067 ], [ 6.16787990072239, 7.922863020861595 ], [ 6.170038453607153, 7.922107429643652 ], [ 6.171134842116206, 7.923635282533672 ], [ 6.172374600126025, 7.923570114610809 ], [ 6.173703711054061, 7.923988883626599 ], [ 6.174085459732018, 7.924420809380067 ], [ 6.174828597749581, 7.924767308379702 ], [ 6.175165467435247, 7.925512328870688 ], [ 6.175450970022021, 7.925770491014591 ], [ 6.175819750245252, 7.926586137415725 ], [ 6.176264577668969, 7.926061880028763 ], [ 6.176655041713287, 7.924438236070951 ], [ 6.177633183754359, 7.924701091650292 ], [ 6.178115317801073, 7.925246456501549 ], [ 6.178446792609885, 7.924992476208324 ], [ 6.178808736144831, 7.923851439873728 ], [ 6.179258133030504, 7.923356854311019 ], [ 6.180362684098436, 7.923108105847339 ], [ 6.180735040054699, 7.922698228733886 ], [ 6.181178340981741, 7.923098803275068 ], [ 6.182375527652479, 7.924452623012483 ], [ 6.183476830342697, 7.924525716697677 ], [ 6.184161243845479, 7.924218001481273 ], [ 6.184434689354143, 7.923634338801219 ], [ 6.18552788186877, 7.923143036091104 ], [ 6.186323261228749, 7.92271906930424 ], [ 6.187164525177948, 7.922340937762823 ], [ 6.187430283627755, 7.920972653859045 ], [ 6.187782038812355, 7.920663213545597 ], [ 6.187712596291198, 7.919355664006996 ], [ 6.187775847974615, 7.918407411753209 ], [ 6.18769866911107, 7.91694840267917 ], [ 6.188584000362565, 7.91582517061417 ], [ 6.188524676622224, 7.914707741702165 ], [ 6.188841302218437, 7.913391677239484 ], [ 6.189631570968468, 7.913444120093835 ], [ 6.191576641940028, 7.913154935224542 ], [ 6.192066134605716, 7.912616126608377 ], [ 6.192665970063356, 7.912876393629282 ], [ 6.193462346370047, 7.913438681032863 ], [ 6.194921333518123, 7.91400913125963 ], [ 6.195801337212409, 7.915004498672799 ], [ 6.196439853620373, 7.915356079039331 ], [ 6.197269071624176, 7.915617883986703 ], [ 6.197795442363391, 7.915907298353741 ], [ 6.198401774873798, 7.916189838122793 ], [ 6.199344500412376, 7.917256034661109 ], [ 6.20051847114395, 7.917537092008216 ], [ 6.201130018064141, 7.91787366366214 ], [ 6.203142166117551, 7.918507629766423 ], [ 6.204196360249389, 7.919700567280905 ], [ 6.204851669356169, 7.920005665108102 ], [ 6.205837776243179, 7.92054856535724 ], [ 6.206607109732803, 7.920599251637889 ], [ 6.207830953046195, 7.920534925877837 ], [ 6.208903084200617, 7.920605636738236 ], [ 6.210134047103741, 7.919760476902439 ], [ 6.210962295179754, 7.91981525543665 ], [ 6.211914175938825, 7.919764978530385 ], [ 6.212658297781756, 7.9198144266568 ], [ 6.213284594050584, 7.91926379514921 ], [ 6.214839433351725, 7.917157612973798 ], [ 6.215203990316635, 7.916837108923001 ], [ 6.215646391143633, 7.916350360682433 ], [ 6.21795553525616, 7.915936424452501 ], [ 6.217904636635083, 7.914975734670824 ], [ 6.219423277897686, 7.914895864592946 ], [ 6.221090119902946, 7.915005975673783 ], [ 6.221743086187379, 7.914712267716218 ], [ 6.222001459198327, 7.914428106860175 ], [ 6.222290430842469, 7.914173796146593 ], [ 6.222683342393706, 7.913741236795798 ], [ 6.224178644279558, 7.912943837075529 ], [ 6.225301885708788, 7.91243883834654 ], [ 6.225279265119081, 7.912010392902698 ], [ 6.225840883998963, 7.911757891869463 ], [ 6.226101065532042, 7.911202679074958 ], [ 6.226390032706831, 7.91094836383217 ], [ 6.22707286882595, 7.910196370742154 ], [ 6.228290854734842, 7.910132462770536 ], [ 6.229151741751411, 7.910189004558623 ], [ 6.230829801916897, 7.909811554021357 ], [ 6.232264862392935, 7.909166187120837 ], [ 6.232657174000241, 7.908821491725062 ], [ 6.233414794679391, 7.907204382156227 ], [ 6.233747840239881, 7.907187000822996 ], [ 6.234025159589935, 7.907205250527449 ], [ 6.234829359313228, 7.906923634828001 ], [ 6.235662027214157, 7.906672911629434 ], [ 6.235920386740691, 7.906388737011786 ], [ 6.236481199676509, 7.906136211436282 ], [ 6.237011412102153, 7.905853835356292 ], [ 6.238659639527605, 7.905608501819218 ], [ 6.239149077909263, 7.905069613353698 ], [ 6.239493213150245, 7.905340833824225 ], [ 6.239405878876394, 7.906655864186354 ], [ 6.239913640499476, 7.907114522680774 ], [ 6.241020129126309, 7.908925572531636 ], [ 6.241368759589249, 7.910078308413602 ], [ 6.242705130162855, 7.910499560294266 ], [ 6.243233133470524, 7.910789995473761 ], [ 6.244221931873106, 7.910737762174829 ], [ 6.244874595334876, 7.911327083785497 ], [ 6.245129156454944, 7.911614652459936 ], [ 6.245414712917191, 7.911872778585658 ], [ 6.245882989621142, 7.91240211626986 ], [ 6.249023361457064, 7.912717198251527 ], [ 6.250006456714172, 7.914086418052211 ], [ 6.251379468626707, 7.91435171118486 ], [ 6.252118535216504, 7.915527140173628 ], [ 6.253215841308884, 7.916131031920262 ], [ 6.25409657192212, 7.915161102446734 ], [ 6.255393872751649, 7.915875367814231 ], [ 6.256265731963473, 7.915482977150454 ], [ 6.257262233963603, 7.914951635655791 ], [ 6.259797565227741, 7.915509379049276 ], [ 6.260255176433223, 7.915005193848989 ], [ 6.261291541717694, 7.914950058205167 ], [ 6.262792386255575, 7.91523998071642 ], [ 6.263318831182697, 7.915529327881858 ], [ 6.264164832724346, 7.915795888342426 ], [ 6.264128266610936, 7.916347844037873 ], [ 6.265230238922792, 7.916611318220077 ], [ 6.267256643725312, 7.917166743164011 ], [ 6.268490766768257, 7.916918585908297 ], [ 6.269026053641179, 7.916633022717364 ], [ 6.271062803624771, 7.917191675533134 ], [ 6.272798869980199, 7.916843020825215 ], [ 6.272846597494212, 7.91612648017048 ], [ 6.27280476996425, 7.915341056722996 ], [ 6.274984126733324, 7.914401792406022 ], [ 6.27539605373383, 7.91531193521424 ], [ 6.276744252993784, 7.91540068736878 ], [ 6.279192625127908, 7.914695577709345 ], [ 6.280462020799061, 7.915626666407577 ], [ 6.280768005933443, 7.915972795723742 ], [ 6.282356226210999, 7.916994376952069 ], [ 6.282787141722707, 7.917481621571882 ], [ 6.28317910620673, 7.915850859944932 ], [ 6.284781568603469, 7.91595606697448 ], [ 6.28534029336614, 7.915658454628828 ], [ 6.286172984745908, 7.915407626107399 ], [ 6.286436650963489, 7.914310225872752 ], [ 6.287184406561424, 7.913973601677963 ], [ 6.287616858686403, 7.913049894944919 ], [ 6.288624384937302, 7.912696955090366 ], [ 6.288908357557019, 7.912715742966138 ], [ 6.290837480729515, 7.911100773859564 ], [ 6.291365209726895, 7.911360450367162 ], [ 6.292023736272, 7.912407726039193 ], [ 6.29338919963948, 7.912497592410777 ], [ 6.294870461245999, 7.912419314079748 ], [ 6.295145287959289, 7.913026249322081 ], [ 6.299237101676854, 7.913309015387919 ], [ 6.300138232210172, 7.913637811160121 ], [ 6.301140116605572, 7.913336157685855 ], [ 6.301649467084113, 7.910709695525476 ], [ 6.302258028954866, 7.909769098249884 ], [ 6.304692419124253, 7.910107792738048 ], [ 6.305688883179583, 7.909576309814645 ], [ 6.306694451318309, 7.90952350309148 ], [ 6.30719950799022, 7.911191877229446 ], [ 6.308496552482496, 7.910943993357009 ], [ 6.309026754433492, 7.910661511099734 ], [ 6.30958756313091, 7.910408873991071 ], [ 6.309934945135021, 7.910026204495483 ], [ 6.313024710200994, 7.909862921911373 ], [ 6.313939394782424, 7.910151008651361 ], [ 6.314201659921592, 7.910447601072736 ], [ 6.314698795947846, 7.909899641760306 ], [ 6.315570640355709, 7.910161506417714 ], [ 6.316567811666984, 7.910710079646157 ], [ 6.319918792181074, 7.910475362276761 ], [ 6.320180617475392, 7.909648978443902 ], [ 6.320469547773487, 7.909394577923318 ], [ 6.320958918675384, 7.908855558889365 ], [ 6.322059107706449, 7.909529204093289 ], [ 6.322428007163532, 7.910747728467137 ], [ 6.324268810131833, 7.910503281034831 ], [ 6.325958817164985, 7.910214973265432 ], [ 6.32647210582423, 7.910248970538657 ], [ 6.326977515410187, 7.909692572844672 ], [ 6.328902939832033, 7.908635397827826 ], [ 6.330252250973291, 7.907815959435419 ], [ 6.330813051892804, 7.907563288117091 ], [ 6.331073110520186, 7.907007961042218 ], [ 6.331939606612867, 7.906245785423703 ], [ 6.332942386521487, 7.905140858002742 ], [ 6.333268015945838, 7.905123877177656 ], [ 6.333675672215316, 7.90515083571973 ], [ 6.33472560729972, 7.905095063655025 ], [ 6.335990986331857, 7.905683957084088 ], [ 6.336245627485258, 7.905971490356481 ], [ 6.336782575278032, 7.906456195752473 ], [ 6.336828575358499, 7.907314745491725 ], [ 6.335695480111622, 7.909362350583141 ], [ 6.335945902639018, 7.91030691768897 ], [ 6.336778529575138, 7.91151199148433 ], [ 6.336706509086286, 7.912596925308955 ], [ 6.338937632851096, 7.9124787992586 ], [ 6.339191064046853, 7.913038468381682 ], [ 6.340560752060811, 7.913845632727178 ], [ 6.340952740078286, 7.914288644725216 ], [ 6.344258281658252, 7.914113275863112 ], [ 6.344907406780702, 7.914415497226803 ], [ 6.345162059287631, 7.914703028775528 ], [ 6.345768564279926, 7.91498538750451 ], [ 6.346472152103717, 7.915780885635341 ], [ 6.347347329858086, 7.915530192799692 ], [ 6.347634257267257, 7.915214339329682 ], [ 6.348564789711403, 7.915275850406772 ], [ 6.34897888317628, 7.915253598295734 ], [ 6.349507011633527, 7.915543925836333 ], [ 6.350870654018976, 7.915973517712112 ], [ 6.352484280304477, 7.917797190489089 ], [ 6.353987138838255, 7.917717252555073 ], [ 6.354394815333349, 7.917744195359736 ], [ 6.354931890170324, 7.917715835545438 ], [ 6.355310981724438, 7.918144462913501 ], [ 6.357887201067416, 7.918007782642127 ], [ 6.358205595385439, 7.918295184272164 ], [ 6.35846026132325, 7.918582711475427 ], [ 6.358745918083132, 7.918840785162631 ], [ 6.359228358589468, 7.919386019067932 ], [ 6.360103545859012, 7.919135299419782 ], [ 6.361012884118096, 7.918650238603823 ], [ 6.365399177882019, 7.918939014998304 ], [ 6.365804840756358, 7.918072185224684 ], [ 6.366365651866053, 7.917819463570785 ], [ 6.366623958650781, 7.917535180184821 ], [ 6.367184768788416, 7.917282457018785 ], [ 6.367714965183582, 7.916999889530454 ], [ 6.368819555328631, 7.91675059647621 ], [ 6.369259423971475, 7.916266256488824 ], [ 6.370446737026436, 7.916203325587906 ], [ 6.370724630173612, 7.916221491675159 ], [ 6.371264151748162, 7.915933681919777 ], [ 6.371798392421273, 7.916227202166742 ], [ 6.372213117336195, 7.916357949195941 ], [ 6.371017351089435, 7.914320405326905 ] ] ], [ [ [ 6.214965407972167, 7.454414333177398 ], [ 6.21513862731533, 7.454411842135074 ], [ 6.214963480966137, 7.454277948140764 ], [ 6.214965407972167, 7.454414333177398 ] ] ] ] } },
{ "type": "Feature", "properties": { "Id": 137, "gridcode": 22, "Shape_Leng": 169.80427938, "Shape_Area": 1228.8191279, "NUMB": 12.0, "NAME": "Aloma-Ebonyi", "source_state": "Kogi" }, "geometry": { "type": "MultiPolygon", "coordinates": [ [ [ [ 7.584045507298228, 7.025813019671056 ], [ 7.584024967616013, 7.026290908214953 ], [ 7.584037226481531, 7.026621589318491 ], [ 7.584574577699884, 7.027643758543528 ], [ 7.584832201038733, 7.028740324548974 ], [ 7.585113566747555, 7.029001875153488 ], [ 7.585373653588361, 7.029284555187599 ], [ 7.585926567363225, 7.029546925254929 ], [ 7.586186655023312, 7.0298296049899 ], [ 7.587806967402919, 7.030347415340657 ], [ 7.588085031774408, 7.030649224390751 ], [ 7.588366400629605, 7.030910773612914 ], [ 7.588943183350272, 7.032403591681323 ], [ 7.588870151151198, 7.034107463304682 ], [ 7.590255352946159, 7.033627326023229 ], [ 7.591076783983897, 7.034195709697184 ], [ 7.593136998281413, 7.034120303489481 ], [ 7.594088937910798, 7.033620836005742 ], [ 7.595632139485803, 7.033686403369533 ], [ 7.596500676077945, 7.033230660429081 ], [ 7.597468128887052, 7.0337459545284 ], [ 7.59839660335216, 7.033111287245071 ], [ 7.59952336635439, 7.032853955943398 ], [ 7.600349664797861, 7.033749807355641 ], [ 7.602110228005171, 7.033139343916342 ], [ 7.60346837112632, 7.034079168100462 ], [ 7.604724550640485, 7.033643640524847 ], [ 7.606916333024097, 7.033737067499615 ], [ 7.607882218605743, 7.034784340556651 ], [ 7.608991570934361, 7.034497261432022 ], [ 7.609100133461467, 7.034615170025414 ], [ 7.6098685, 7.0322003 ], [ 7.6111193, 7.0271974 ], [ 7.6102858, 7.0234451 ], [ 7.6077843, 7.0176086 ], [ 7.6058744, 7.0172505 ], [ 7.6011138, 7.0163579 ], [ 7.5931926, 7.0180259 ], [ 7.583770341329927, 7.024935330350409 ], [ 7.584045507298228, 7.025813019671056 ] ] ], [ [ [ 7.65965299261576, 7.167354126545107 ], [ 7.659106653889873, 7.167856460561993 ], [ 7.658844803463637, 7.168137598262226 ], [ 7.658290155413132, 7.168396686841307 ], [ 7.657390545811781, 7.169779194958246 ], [ 7.655731731424401, 7.169708639345544 ], [ 7.655308604949898, 7.169804371833262 ], [ 7.65595544958355, 7.171034021105376 ], [ 7.655292065779913, 7.171644104020832 ], [ 7.655303388682224, 7.171944054732918 ], [ 7.654746931210979, 7.172455890118351 ], [ 7.654484278753773, 7.173008325897483 ], [ 7.652396714779698, 7.173498183780407 ], [ 7.652034735306284, 7.174628966104999 ], [ 7.651751716674188, 7.174888841803589 ], [ 7.651488973178524, 7.175470418963034 ], [ 7.652030774543836, 7.175974875580422 ], [ 7.652290176456626, 7.176528841489138 ], [ 7.652843303503053, 7.176791171398733 ], [ 7.653103867860144, 7.176950372762863 ], [ 7.652287812380445, 7.177332148391123 ], [ 7.652025951992853, 7.177613280305152 ], [ 7.650685904276989, 7.177927807574488 ], [ 7.651208659978541, 7.17841419313271 ], [ 7.65146406557176, 7.18032466545168 ], [ 7.651767245461202, 7.180606397999068 ], [ 7.653630238607832, 7.180538213562073 ], [ 7.654159022690724, 7.182224285573574 ], [ 7.654945808738657, 7.182597516971399 ], [ 7.655285899572116, 7.18368054996363 ], [ 7.655211830073108, 7.185414133753789 ], [ 7.655606486734176, 7.186164556396567 ], [ 7.655136466134833, 7.187045975469334 ], [ 7.656388337972142, 7.187858789324769 ], [ 7.656311979200261, 7.189649594873997 ], [ 7.657841350859323, 7.190642323166575 ], [ 7.657407609151059, 7.191454964717703 ], [ 7.657140664085458, 7.192561123607211 ], [ 7.656323152879534, 7.192526403419656 ], [ 7.655539942656423, 7.192554838895593 ], [ 7.654403280421019, 7.192253703375097 ], [ 7.653882736290314, 7.192811737984761 ], [ 7.653532671047676, 7.193133412189228 ], [ 7.652511500110662, 7.19361102001431 ], [ 7.651977977028848, 7.193891350755043 ], [ 7.651423292697481, 7.194150424225893 ], [ 7.650664823689345, 7.194963160137386 ], [ 7.649246871249174, 7.195229223418464 ], [ 7.648843415654392, 7.195662012343853 ], [ 7.648442526749552, 7.195226850271633 ], [ 7.647074427690331, 7.194962104779225 ], [ 7.646814222712924, 7.194679436066765 ], [ 7.646503551266867, 7.194417812304009 ], [ 7.645998432806086, 7.194958924842351 ], [ 7.645389264618102, 7.195518805013571 ], [ 7.644414192115086, 7.195477238218068 ], [ 7.642847278386548, 7.19427028249778 ], [ 7.642258059998333, 7.194901221441623 ], [ 7.641908890192966, 7.196346248268929 ], [ 7.640018161574703, 7.196265922555213 ], [ 7.638871921297743, 7.196867117622575 ], [ 7.637837962265595, 7.19682324155534 ], [ 7.637388516643964, 7.196839390494723 ], [ 7.636751769374355, 7.198458416134663 ], [ 7.636467916245562, 7.198989577014854 ], [ 7.63620441187609, 7.199813293947391 ], [ 7.635191950681087, 7.201272761033164 ], [ 7.634286576707083, 7.20169608791646 ], [ 7.634012357649937, 7.202552094240494 ], [ 7.632523741320105, 7.202488299994863 ], [ 7.631436993190455, 7.202528501078636 ], [ 7.63075793834127, 7.202499444953085 ], [ 7.630450168147094, 7.202510710570853 ], [ 7.629736898833376, 7.203274258274751 ], [ 7.629398420502322, 7.204676377868228 ], [ 7.628854662546543, 7.205176548670693 ], [ 7.628579746931144, 7.205906964849273 ], [ 7.62939356087428, 7.206293571260393 ], [ 7.629654581670433, 7.208244328333565 ], [ 7.630199564982462, 7.209280296271348 ], [ 7.630458861859178, 7.209863416132913 ], [ 7.629644278649045, 7.21061288013829 ], [ 7.629373951784888, 7.212815328212351 ], [ 7.628818702488171, 7.213074895686689 ], [ 7.628849128566689, 7.2138957773659 ], [ 7.626914342102094, 7.214153847834757 ], [ 7.626253345969523, 7.215169236796381 ], [ 7.624436117855844, 7.215502892358571 ], [ 7.623624316077508, 7.214622959824094 ], [ 7.62226706073121, 7.214973889096576 ], [ 7.619290823864562, 7.214847267739442 ], [ 7.61932412528799, 7.215764064441633 ], [ 7.619277854381128, 7.21685018276595 ], [ 7.620717070502562, 7.217119473869879 ], [ 7.621973921009741, 7.216460385588458 ], [ 7.625621289782794, 7.216615506326636 ], [ 7.626361169826733, 7.21741838616496 ], [ 7.627185166184097, 7.217952868377805 ], [ 7.627442913721495, 7.219049442212251 ], [ 7.628323920148909, 7.219330810158498 ], [ 7.629162182963274, 7.220239430057558 ], [ 7.629905134083816, 7.219850076363463 ], [ 7.630705708091977, 7.21988374172314 ], [ 7.630977498714383, 7.219313342145327 ], [ 7.631505315855423, 7.219885609953989 ], [ 7.633228642990259, 7.220436555591096 ], [ 7.634269612719863, 7.220990222465182 ], [ 7.634784188331575, 7.222087565045751 ], [ 7.635865677420121, 7.222047878817452 ], [ 7.636247531181264, 7.222462330751985 ], [ 7.636744223566229, 7.224571699719752 ], [ 7.638792106411496, 7.225544857726417 ], [ 7.640192870982727, 7.226623646427702 ], [ 7.641001022269196, 7.227500367463065 ], [ 7.641282526009149, 7.22776191125341 ], [ 7.642046255020798, 7.228590279349445 ], [ 7.642361472543927, 7.228579031298288 ], [ 7.642633112112649, 7.228590437222383 ], [ 7.643700290955486, 7.22855122246203 ], [ 7.64504134691769, 7.230265157044668 ], [ 7.645594420991983, 7.229672797100688 ], [ 7.646489985221015, 7.229710959905746 ], [ 7.646969704145084, 7.230231143423652 ], [ 7.647251213406262, 7.230492684449954 ], [ 7.647527359691435, 7.232556356358658 ], [ 7.649029012701434, 7.233269272024057 ], [ 7.64940105101241, 7.234850500782811 ], [ 7.649683867882593, 7.235387586281271 ], [ 7.649397048853738, 7.236196405257156 ], [ 7.648858947903395, 7.237996427560986 ], [ 7.65021543308367, 7.238640556324206 ], [ 7.650904618220469, 7.23938762194732 ], [ 7.651828412025687, 7.240826355961434 ], [ 7.652109930080083, 7.241087895599174 ], [ 7.652500275648709, 7.241511902472935 ], [ 7.652922553628349, 7.241904210569834 ], [ 7.653181174086137, 7.242729482213103 ], [ 7.653734375129891, 7.242991825291886 ], [ 7.654124723784028, 7.243415831319318 ], [ 7.654547004915611, 7.243808138461987 ], [ 7.654807237938595, 7.24409080827108 ], [ 7.655314186933654, 7.244562319031627 ], [ 7.656160825196666, 7.24572262856707 ], [ 7.656646079966644, 7.246174468104157 ], [ 7.657523523720293, 7.245713935829005 ], [ 7.658386496152445, 7.246019048896281 ], [ 7.658296991228767, 7.248112908913908 ], [ 7.658855268899351, 7.249173805551782 ], [ 7.659136471910193, 7.250082866267207 ], [ 7.658593695068245, 7.250059539795077 ], [ 7.658331255498222, 7.250341195821307 ], [ 7.658048184677713, 7.250601066550983 ], [ 7.657783511550655, 7.251815850982879 ], [ 7.659730947033607, 7.253080087283259 ], [ 7.660212820002722, 7.253602389702934 ], [ 7.660494350427953, 7.253863926353683 ], [ 7.660753790358606, 7.254417895717432 ], [ 7.661857555929292, 7.254770346064484 ], [ 7.661817069889235, 7.255721379974754 ], [ 7.662276952759727, 7.257043221065166 ], [ 7.662919396087504, 7.257641240029967 ], [ 7.663215370096356, 7.258583726855342 ], [ 7.663174910114657, 7.259526283017363 ], [ 7.665720063107561, 7.260019150773162 ], [ 7.666445392880412, 7.260404922583519 ], [ 7.667529284502865, 7.260124614156569 ], [ 7.668738873030151, 7.259867455670627 ], [ 7.668068675283626, 7.26148377908072 ], [ 7.668088292363088, 7.262030684146989 ], [ 7.668042115029223, 7.2631157662048 ], [ 7.668083887889366, 7.264247737262398 ], [ 7.668613099431639, 7.264739969941324 ], [ 7.669069602334037, 7.265235167668681 ], [ 7.67241445470014, 7.265565024384883 ], [ 7.672778723657694, 7.267112315506591 ], [ 7.674361093714465, 7.26858474610277 ], [ 7.675267036971547, 7.268551890778423 ], [ 7.675745837525247, 7.265604965447027 ], [ 7.677577459884828, 7.265319397121856 ], [ 7.678111064636052, 7.265039049722642 ], [ 7.680655927733082, 7.26474282893448 ], [ 7.682190474987596, 7.263694388874597 ], [ 7.683016937382962, 7.263436079695643 ], [ 7.683859711237837, 7.262860410649955 ], [ 7.685465360782952, 7.262357954488292 ], [ 7.686271585285453, 7.261757799099012 ], [ 7.685731171000644, 7.260730886607538 ], [ 7.685473999235229, 7.259383678687393 ], [ 7.689027009449507, 7.259112577450341 ], [ 7.68953647874334, 7.260199275122469 ], [ 7.689818032822178, 7.260460797323375 ], [ 7.690075943484471, 7.261557365925882 ], [ 7.691715981166944, 7.261822806021025 ], [ 7.693301617877075, 7.262918960919732 ], [ 7.695387936535445, 7.263189912562741 ], [ 7.694928774829781, 7.262317440911697 ], [ 7.695821370274007, 7.261573911690216 ], [ 7.696323401871658, 7.262117968804972 ], [ 7.697691751649984, 7.262382607722701 ], [ 7.698131624641665, 7.263321258306102 ], [ 7.697677233774304, 7.263739103731409 ], [ 7.69741441413454, 7.264340842761325 ], [ 7.698644388458701, 7.265485771679487 ], [ 7.698470784524938, 7.269568134161923 ], [ 7.697223333847072, 7.271906167529019 ], [ 7.699205747250665, 7.273077636669028 ], [ 7.69873591675609, 7.273509214120912 ], [ 7.698471380145964, 7.274336153859216 ], [ 7.697650727401236, 7.27404606156474 ], [ 7.696296464101104, 7.275140643079474 ], [ 7.695469198774742, 7.275670278779572 ], [ 7.695207292817776, 7.275951428874928 ], [ 7.69492422032269, 7.27621132326469 ], [ 7.694662313708633, 7.276492472922159 ], [ 7.693835828941738, 7.276750800113826 ], [ 7.692706950778526, 7.277343145957574 ], [ 7.691977603380428, 7.278875089970597 ], [ 7.691625858645278, 7.281038697933774 ], [ 7.691667670095652, 7.282175975457898 ], [ 7.691632366540313, 7.283004100344391 ], [ 7.692578154351176, 7.283883811992827 ], [ 7.693770562740887, 7.284450005803835 ], [ 7.694082383856776, 7.285443930771039 ], [ 7.694682183247672, 7.286319460970891 ], [ 7.695374182722619, 7.287794570280253 ], [ 7.694433052424522, 7.288234317177789 ], [ 7.693819017474958, 7.289524431306664 ], [ 7.693260796002873, 7.289500563113979 ], [ 7.692578780497003, 7.289525616461987 ], [ 7.692170300449026, 7.292581403511332 ], [ 7.69352523200415, 7.293842235626188 ], [ 7.694020938739125, 7.294379922636723 ], [ 7.694714671963545, 7.294709403542186 ], [ 7.694271863601536, 7.296793265275713 ], [ 7.694619068316759, 7.297116445613873 ], [ 7.695167437525507, 7.299444803867391 ], [ 7.695953394461028, 7.299818002412309 ], [ 7.696326301193833, 7.300613393674338 ], [ 7.69785229520557, 7.30090871095588 ], [ 7.698112586263132, 7.301191366021322 ], [ 7.698394167608152, 7.301452887858934 ], [ 7.698648182296068, 7.303905982106085 ], [ 7.698929765431351, 7.304167503934043 ], [ 7.699685813500867, 7.305344464335489 ], [ 7.70083885680385, 7.307802270101495 ], [ 7.700788752918582, 7.308979027209189 ], [ 7.701121639989025, 7.310588753735733 ], [ 7.701053346901135, 7.312182487617643 ], [ 7.70110206047089, 7.313506841065551 ], [ 7.701637277121423, 7.314523665994312 ], [ 7.701603692630402, 7.315309406470726 ], [ 7.702429274766296, 7.315572494753479 ], [ 7.702687225083654, 7.316669064597016 ], [ 7.702968817701111, 7.316930585580727 ], [ 7.703228336556601, 7.317484544942604 ], [ 7.703542746125946, 7.317776893889327 ], [ 7.704324063234519, 7.317748408187272 ], [ 7.705160703501194, 7.318043846985846 ], [ 7.705114027481495, 7.319138481807464 ], [ 7.703991134671905, 7.319091270283373 ], [ 7.702784228518873, 7.320384454345881 ], [ 7.703677063135806, 7.323826590450139 ], [ 7.703208771481907, 7.32425657776456 ], [ 7.702782801818339, 7.327302788378347 ], [ 7.702382576579401, 7.328052498810158 ], [ 7.702118281901186, 7.329147562621293 ], [ 7.701562902948297, 7.329407199542528 ], [ 7.701573249179376, 7.329683305274338 ], [ 7.701540786355812, 7.330446262987706 ], [ 7.701985564486187, 7.331724598214572 ], [ 7.701555576255409, 7.332119720146683 ], [ 7.701289702772293, 7.333757392183902 ], [ 7.70046005293774, 7.334520165151926 ], [ 7.700479698441395, 7.335066545650415 ], [ 7.700133158804272, 7.336698683884776 ], [ 7.698800615433452, 7.337552198940805 ], [ 7.698269273723811, 7.338667680230973 ], [ 7.697730711078449, 7.339162632148747 ], [ 7.697468762264822, 7.339443776498048 ], [ 7.696435504122804, 7.339766665085221 ], [ 7.696100200796707, 7.340814354674781 ], [ 7.695006946251664, 7.34132517800366 ], [ 7.694744994501614, 7.341606320213383 ], [ 7.694190128510299, 7.341865416006376 ], [ 7.693572518201671, 7.342527577176498 ], [ 7.692852643800197, 7.344038331816795 ], [ 7.691269364131792, 7.344409943863507 ], [ 7.690930248223509, 7.345122191953861 ], [ 7.69037537613555, 7.345381281831368 ], [ 7.689841672110105, 7.345661627111927 ], [ 7.689286798905347, 7.345920715407309 ], [ 7.688582989160886, 7.346290114638479 ], [ 7.687658939894926, 7.3486396103946 ], [ 7.686831516431062, 7.349169202747031 ], [ 7.686567163715129, 7.350264247498199 ], [ 7.686284032696469, 7.350524126429313 ], [ 7.68592889394959, 7.35090460910172 ], [ 7.685018461332665, 7.350420797000212 ], [ 7.684621791570363, 7.350845667918354 ], [ 7.683784508881245, 7.35345876213859 ], [ 7.683836103124505, 7.354863128805502 ], [ 7.683824677361729, 7.355138109927723 ], [ 7.684103874754396, 7.356215141662145 ], [ 7.684358586972339, 7.358396927133636 ], [ 7.684640188781808, 7.358658461879593 ], [ 7.684898899012474, 7.359483733845908 ], [ 7.685220871897345, 7.360095115488885 ], [ 7.685721615809164, 7.360560771897838 ], [ 7.686262873023731, 7.361147891634889 ], [ 7.687345247023434, 7.361108143917975 ], [ 7.687616972002392, 7.361119537430445 ], [ 7.688160546667734, 7.36109993467014 ], [ 7.689586571434953, 7.361160277772311 ], [ 7.690410902182697, 7.362053970520908 ], [ 7.690865316165169, 7.363659818188458 ], [ 7.69030605817838, 7.365766099547683 ], [ 7.690359124775636, 7.367216574005189 ], [ 7.690862688679239, 7.368172386683283 ], [ 7.691121268799486, 7.369046938155924 ], [ 7.690314807759976, 7.370558483801302 ], [ 7.689988653052485, 7.371907697683069 ], [ 7.688758737936932, 7.372292504893173 ], [ 7.688368530441908, 7.374301775356774 ], [ 7.687451117235541, 7.374730415673492 ], [ 7.687023877520077, 7.379755194099609 ], [ 7.688109935791199, 7.380101755697769 ], [ 7.688794657194923, 7.380466212584729 ], [ 7.689590296950598, 7.383001436643868 ], [ 7.68917440264557, 7.384175519495462 ], [ 7.689222551343359, 7.385489265736287 ], [ 7.690539083341614, 7.38580629631975 ], [ 7.690929572328812, 7.386230296428513 ], [ 7.691352003656621, 7.386622596586543 ], [ 7.691612330253164, 7.386905262436541 ], [ 7.692165724713169, 7.387167592666377 ], [ 7.692518650328735, 7.387550150159342 ], [ 7.693835496155551, 7.386859845091518 ], [ 7.695189425339168, 7.386917323887713 ], [ 7.695685650415188, 7.388031552632581 ], [ 7.694871841070642, 7.388780562937985 ], [ 7.694601788606498, 7.390543790437778 ], [ 7.695845243735079, 7.391350747642787 ], [ 7.696204612304622, 7.396414407616964 ], [ 7.696486242497461, 7.396675939916092 ], [ 7.696743887816864, 7.397875313707111 ], [ 7.695465912992804, 7.398693970470856 ], [ 7.695096653199347, 7.401698448261853 ], [ 7.695111387699613, 7.40210333014215 ], [ 7.695098824389326, 7.402404273523478 ], [ 7.69346610191035, 7.40344973621678 ], [ 7.693200909997919, 7.404816082613564 ], [ 7.692690992998581, 7.405284601610536 ], [ 7.692377562916522, 7.407526718939496 ], [ 7.691303796063972, 7.408028551782485 ], [ 7.691016236065067, 7.408336633244094 ], [ 7.69073306421265, 7.408596508293153 ], [ 7.69047011645505, 7.409198222841114 ], [ 7.691010661296948, 7.410225155815941 ], [ 7.691270197983734, 7.41077912678174 ], [ 7.691875285666072, 7.411342063093377 ], [ 7.69149200164402, 7.413146281117275 ], [ 7.693204870538533, 7.413559334758501 ], [ 7.693161523720075, 7.414577662302015 ], [ 7.69318314257765, 7.415166967543356 ], [ 7.693712535857446, 7.415659204125961 ], [ 7.693965416226109, 7.418472620544327 ], [ 7.693239647226989, 7.421204735422157 ], [ 7.693694930582766, 7.421627869846166 ], [ 7.693954475084757, 7.422181840721827 ], [ 7.695323826027518, 7.422446572529488 ], [ 7.695289071807557, 7.423251378586467 ], [ 7.69559189140259, 7.423532581661942 ], [ 7.695874832243985, 7.424434760803884 ], [ 7.697488069863994, 7.425708591371093 ], [ 7.697748419581043, 7.425991257838641 ], [ 7.698803354950102, 7.426491921636861 ], [ 7.70006521490538, 7.425585788876152 ], [ 7.700196218344099, 7.42544522077713 ], [ 7.700479398200099, 7.425185340799118 ], [ 7.701263285168355, 7.42434563200578 ], [ 7.701890310214394, 7.424679179352943 ], [ 7.702639973562108, 7.426276882769806 ], [ 7.702970198092338, 7.426809862724087 ], [ 7.704412636731618, 7.426053673861078 ], [ 7.705490195715874, 7.426626984364762 ], [ 7.708870017933044, 7.426502761979203 ], [ 7.710221624332609, 7.425580431032531 ], [ 7.711066504942119, 7.426030116694549 ], [ 7.712886083318257, 7.426468320646557 ], [ 7.713331135962953, 7.426950227804875 ], [ 7.714055804465767, 7.426570801321869 ], [ 7.714336066447665, 7.426582210203075 ], [ 7.715202243038292, 7.426282146304426 ], [ 7.715860967224956, 7.425576639090687 ], [ 7.716235433329172, 7.424406647818321 ], [ 7.716892195731734, 7.423460558638355 ], [ 7.718280589456729, 7.423025810727021 ], [ 7.717726763929059, 7.421974484549373 ], [ 7.71815803483383, 7.421167104168504 ], [ 7.718512650181965, 7.419698719861289 ], [ 7.71941218496093, 7.418872021923588 ], [ 7.721425486270042, 7.418399319090302 ], [ 7.723993975883677, 7.418507910729241 ], [ 7.724949642736873, 7.419016177073739 ], [ 7.725497542189314, 7.418996553031367 ], [ 7.726045848239933, 7.419019850505321 ], [ 7.728215613566542, 7.417115774792693 ], [ 7.729042363169203, 7.416857427467268 ], [ 7.73009402801125, 7.415730685203332 ], [ 7.73124106002432, 7.415779530576186 ], [ 7.731194962255853, 7.416861457192377 ], [ 7.732574950508131, 7.417128224450089 ], [ 7.733185565391568, 7.417453204744798 ], [ 7.733810568412967, 7.418130609337791 ], [ 7.734186544973999, 7.420127818268275 ], [ 7.735866029066514, 7.420924802487643 ], [ 7.736428337781366, 7.420321783625971 ], [ 7.738675724347975, 7.420417192384023 ], [ 7.741201286532635, 7.420324732420136 ], [ 7.742064822578082, 7.421506740886806 ], [ 7.744520891882107, 7.421774400964052 ], [ 7.745411597458029, 7.422739751407646 ], [ 7.745869271471725, 7.42177820917849 ], [ 7.746152426762892, 7.421518295062391 ], [ 7.746416711521277, 7.420423200450101 ], [ 7.747515261368505, 7.420165584685508 ], [ 7.747777239903896, 7.419884414695514 ], [ 7.748682934636878, 7.419304600406389 ], [ 7.750637859722242, 7.419387466430687 ], [ 7.752399969404768, 7.419322469711796 ], [ 7.754033956369931, 7.418002819967851 ], [ 7.755029663068511, 7.417691375766779 ], [ 7.755642172551104, 7.416404890094251 ], [ 7.75614513286361, 7.415942099324787 ], [ 7.756499223410867, 7.416695556762021 ], [ 7.757830223468778, 7.416646816655732 ], [ 7.759752354085154, 7.414220441965967 ], [ 7.760318110420317, 7.413700060773143 ], [ 7.76084257382536, 7.413138231883821 ], [ 7.761669306791741, 7.412879819400223 ], [ 7.762475621195428, 7.412328841039267 ], [ 7.763030556817369, 7.412069669439111 ], [ 7.763385697965931, 7.411689123528003 ], [ 7.7643074875706, 7.412179200157111 ], [ 7.764645418409438, 7.413973345346511 ], [ 7.765198902552879, 7.41423559760688 ], [ 7.766236254302255, 7.414787460857279 ], [ 7.768606312610756, 7.415058984291447 ], [ 7.768993443856703, 7.414246116932048 ], [ 7.769820176752246, 7.413987688862448 ], [ 7.770082139005385, 7.413706502695543 ], [ 7.771104303458448, 7.413228700249221 ], [ 7.77144638860836, 7.411811079848302 ], [ 7.771734847107112, 7.411545861724764 ], [ 7.77141662387188, 7.411249823980283 ], [ 7.771470000750806, 7.40999514707977 ], [ 7.773641100684184, 7.408300656203786 ], [ 7.773908386991861, 7.406091140533438 ], [ 7.773366191943378, 7.40558676274392 ], [ 7.77274431025721, 7.404912594791747 ], [ 7.773225629922607, 7.404009895132948 ], [ 7.774200430270509, 7.402604609503855 ], [ 7.774515989021671, 7.401942031569553 ], [ 7.775835663899142, 7.400981223333117 ], [ 7.776097613879029, 7.400700031578233 ], [ 7.77638073911923, 7.400440092813927 ], [ 7.776647253515359, 7.398501883688795 ], [ 7.776105062658926, 7.397997510076333 ], [ 7.775789629182067, 7.394957080108307 ], [ 7.774755850896584, 7.394466722930151 ], [ 7.774054590016396, 7.393707025022553 ], [ 7.774645175994118, 7.3914809071079 ], [ 7.774231738520587, 7.387407943164406 ], [ 7.774256150973671, 7.386831998122482 ], [ 7.776337013912411, 7.385858962764672 ], [ 7.776688982451819, 7.383337553885916 ], [ 7.777532122569649, 7.383073847315563 ], [ 7.776435873711002, 7.382724283686385 ], [ 7.776164420161791, 7.379515991463075 ], [ 7.775613776945107, 7.379004178885066 ], [ 7.775343335929814, 7.378710927646146 ], [ 7.774804503186849, 7.378730646459745 ], [ 7.774003063305744, 7.378696653819791 ], [ 7.773732446373411, 7.375190026419626 ], [ 7.773253426337974, 7.373344624652987 ], [ 7.772912456710895, 7.37302786246629 ], [ 7.772654020744399, 7.372039401421627 ], [ 7.773513627196976, 7.370799120677858 ], [ 7.773465203452067, 7.369492229212792 ], [ 7.773748839398546, 7.369231760244544 ], [ 7.774013006255156, 7.368136630304106 ], [ 7.77429685429973, 7.36760537719342 ], [ 7.774559527422181, 7.3670528707351 ], [ 7.775114397594667, 7.366793673097156 ], [ 7.775850662818816, 7.366004531490639 ], [ 7.776476219024658, 7.365712140805481 ], [ 7.7767388881554, 7.365159632393739 ], [ 7.777218881545637, 7.364717937970464 ], [ 7.776509180341525, 7.363370555284336 ], [ 7.777298959159119, 7.363001244321066 ], [ 7.77756141434719, 7.362719518904746 ], [ 7.777881448161744, 7.362733109904572 ], [ 7.778650176196121, 7.361909076002906 ], [ 7.779000321232717, 7.361587314676076 ], [ 7.780021819580424, 7.361109468011116 ], [ 7.780284481013051, 7.360556956240731 ], [ 7.780567574850799, 7.360297009778112 ], [ 7.780960454090144, 7.359875209626201 ], [ 7.782509484044253, 7.358450779649464 ], [ 7.782457593486186, 7.357041071921802 ], [ 7.782513778621602, 7.355706905175115 ], [ 7.784929113479517, 7.355425187201917 ], [ 7.785735290129228, 7.354874143574655 ], [ 7.787377190350178, 7.354617870376744 ], [ 7.787639102069099, 7.354336665631454 ], [ 7.788204743897423, 7.353816229843849 ], [ 7.788992599876817, 7.35297208697135 ], [ 7.789836987314714, 7.353008281326462 ], [ 7.790363338772424, 7.351902182106129 ], [ 7.791189943966344, 7.351643692767875 ], [ 7.791451851599926, 7.351362485082313 ], [ 7.792428264840424, 7.351056704929387 ], [ 7.793668041883181, 7.351109323351297 ], [ 7.794440205764546, 7.351945485691987 ], [ 7.79539625115639, 7.351910430612421 ], [ 7.795803218762432, 7.351927661208403 ], [ 7.7957815, 7.3518836 ], [ 7.7939234, 7.3481141 ], [ 7.7899144, 7.3416278 ], [ 7.771497, 7.3071342 ], [ 7.7703208, 7.3049313 ], [ 7.7686951, 7.3018866 ], [ 7.7791295, 7.300683 ], [ 7.789969, 7.296514 ], [ 7.7970562, 7.2935953 ], [ 7.8011553, 7.2926017 ], [ 7.7958674, 7.2743426 ], [ 7.7942194, 7.2686522 ], [ 7.7970562, 7.2331452 ], [ 7.7938652, 7.2258253 ], [ 7.789969, 7.216886 ], [ 7.7848704, 7.2149887 ], [ 7.7793899, 7.2089166 ], [ 7.7677559, 7.2062735 ], [ 7.7499271, 7.1993181 ], [ 7.7293244, 7.1927042 ], [ 7.7215507, 7.1870631 ], [ 7.7180492, 7.1836 ], [ 7.7100737, 7.1831123 ], [ 7.702966, 7.1889636 ], [ 7.6910222, 7.1918299 ], [ 7.6819234, 7.1854494 ], [ 7.672369, 7.1737027 ], [ 7.65974796189326, 7.167057304011089 ], [ 7.65965299261576, 7.167354126545107 ] ] ] ] } }
]
}
