{
"type": "FeatureCollection",
"name": "Katsina_strategic_catchments",
"crs": { "type": "name", "properties": { "name": "urn:ogc:def:crs:OGC:1.3:CRS84" } },
"features": [
{ "type": "Feature", "properties": { "Id": 1, "gridcode": 0, "Shape_Leng": 113.169419209, "Shape_Area": 616.01928209100004, "NUMB": 1.0, "NAME": "Rima", "source_state": "Katsina" }, "geometry": { "type": "MultiPolygon", "coordinates": [ [ [ [ 7.896269106289666, 12.377543544927093 ], [ 7.896023161528418, 12.377077133339748 ], [ 7.895910094210042, 12.37769307477606 ], [ 7.896269106289666, 12.377543544927093 ] ] ], [ [ [ 7.998119442719769, 12.50765585817393 ], [ 7.997878257813541, 12.507417348619059 ], [ 7.997782623178994, 12.507747583124672 ], [ 7.998119442719769, 12.50765585817393 ] ] ], [ [ [ 8.513935368794838, 13.083600266773244 ], [ 8.514495815675977, 13.082792807175149 ], [ 8.514898982856607, 13.081982798314764 ], [ 8.515463271493356, 13.081972599130918 ], [ 8.516619323733591, 13.081997945912027 ], [ 8.5186441494858, 13.081357988372615 ], [ 8.51823418660023, 13.079829072067364 ], [ 8.517609691882404, 13.078560561863782 ], [ 8.516165350452994, 13.078098102733424 ], [ 8.51643809784828, 13.077365731086333 ], [ 8.517370738496401, 13.076924276087494 ], [ 8.517824348866, 13.076011966387584 ], [ 8.518932256466263, 13.075487516971993 ], [ 8.518661496580092, 13.075199713746164 ], [ 8.517314413187389, 13.073925881384708 ], [ 8.517004865347387, 13.07329759116401 ], [ 8.516474107392236, 13.073307195225718 ], [ 8.515622817609458, 13.072502515862974 ], [ 8.516206121324883, 13.071875763976029 ], [ 8.517540259507038, 13.070623893392531 ], [ 8.517578078770304, 13.068961102231658 ], [ 8.517557978837916, 13.067900748970649 ], [ 8.518117915117587, 13.067331831408266 ], [ 8.518402712456595, 13.067064666996785 ], [ 8.518114098584769, 13.066512844981069 ], [ 8.518140134928112, 13.065349790018628 ], [ 8.515860346490125, 13.063493388155084 ], [ 8.516190966154074, 13.062174075182048 ], [ 8.516799526213356, 13.0618859282506 ], [ 8.516119614113254, 13.05912730328858 ], [ 8.515389858508508, 13.058380073274913 ], [ 8.514813788961453, 13.058916237463082 ], [ 8.514521864499811, 13.059791494122431 ], [ 8.51342809198762, 13.058372549116482 ], [ 8.51448183424036, 13.057873842539191 ], [ 8.515110429691873, 13.05728399968554 ], [ 8.515089827762631, 13.056209338765221 ], [ 8.515378404505752, 13.055938607963922 ], [ 8.515709194577893, 13.053972110477781 ], [ 8.516213252399615, 13.053498725952775 ], [ 8.516485082892309, 13.05322266356502 ], [ 8.517055755480127, 13.052952457641057 ], [ 8.517030784619735, 13.051618172932665 ], [ 8.517590684137822, 13.051048725582126 ], [ 8.518426138651378, 13.051066971141823 ], [ 8.518158022137577, 13.049427979654062 ], [ 8.517593810522222, 13.049158306293355 ], [ 8.517629820307349, 13.047587963759641 ], [ 8.517322993173162, 13.046964976717236 ], [ 8.516774942501453, 13.04644671034994 ], [ 8.516373919736093, 13.045632146059024 ], [ 8.515392565278786, 13.045896283891006 ], [ 8.514455908675094, 13.046516016931246 ], [ 8.513184972752663, 13.045908302646218 ], [ 8.513174187472412, 13.04534441339541 ], [ 8.514011731888875, 13.04455853029704 ], [ 8.513741020366512, 13.044265556713603 ], [ 8.513318664827949, 13.043865935835976 ], [ 8.512565231627562, 13.043094149368955 ], [ 8.510511413317712, 13.044066217261351 ], [ 8.509767030728934, 13.045562895440622 ], [ 8.508752052304231, 13.045883768352978 ], [ 8.508203533661039, 13.04615929727604 ], [ 8.506750232464254, 13.046503833954201 ], [ 8.506259708721217, 13.046964112725648 ], [ 8.505778985872352, 13.0479302625175 ], [ 8.504570903015521, 13.048333138418293 ], [ 8.503518224685042, 13.048310060816217 ], [ 8.502935648107114, 13.048856650247755 ], [ 8.502960555750674, 13.050184841178032 ], [ 8.502525175619441, 13.050627204846531 ], [ 8.502101231797788, 13.05102521608281 ], [ 8.501633506647684, 13.051965685455325 ], [ 8.50044538649062, 13.051564435234811 ], [ 8.500165979999355, 13.051569458578518 ], [ 8.49975095600756, 13.051560312328983 ], [ 8.499064597557577, 13.051572759762598 ], [ 8.498228613676414, 13.051014558009799 ], [ 8.497573386794482, 13.053273392736164 ], [ 8.497120662144662, 13.053733594288309 ], [ 8.496573794519836, 13.054246859579477 ], [ 8.49628188294562, 13.055354687074994 ], [ 8.496294526860956, 13.05604918047861 ], [ 8.494977777921374, 13.055380887604485 ], [ 8.493249567847913, 13.055342937486307 ], [ 8.492960403492322, 13.055890342340517 ], [ 8.492600434605873, 13.056970746198946 ], [ 8.491625461549246, 13.056988302866095 ], [ 8.490192834797272, 13.056697788271983 ], [ 8.489919889060385, 13.056974878496197 ], [ 8.489107117733358, 13.05695711496614 ], [ 8.488804433020684, 13.057241165700191 ], [ 8.48928933805445, 13.057700157531695 ], [ 8.488804823986053, 13.059153835293481 ], [ 8.487975833694842, 13.059135638948879 ], [ 8.487157583554447, 13.059150442308123 ], [ 8.485674219986613, 13.058042281490845 ], [ 8.484583585826075, 13.058061965904731 ], [ 8.483827100912364, 13.05696266064384 ], [ 8.483530034976283, 13.056359921657583 ], [ 8.482167482230917, 13.056682774591481 ], [ 8.481894502532821, 13.057231392096083 ], [ 8.480118507873515, 13.056781450973549 ], [ 8.479681451245412, 13.057225625371832 ], [ 8.477549305182526, 13.057810625073293 ], [ 8.476808303475302, 13.059641259968636 ], [ 8.475797651031693, 13.059659346273815 ], [ 8.474217555559054, 13.059338774727182 ], [ 8.473061955372607, 13.059919626060216 ], [ 8.472477841471258, 13.059109924496216 ], [ 8.472031623367471, 13.05775266464185 ], [ 8.471373356035524, 13.058017291254421 ], [ 8.470483394028054, 13.058464364577908 ], [ 8.468767191689228, 13.057100655488203 ], [ 8.46722402350901, 13.057466238566963 ], [ 8.466787794137547, 13.058773739347872 ], [ 8.46461935311566, 13.059631017310767 ], [ 8.46417681607487, 13.059092860570555 ], [ 8.463508527370577, 13.057735127548238 ], [ 8.462795669242487, 13.057999618766846 ], [ 8.461720122623047, 13.058539921695708 ], [ 8.461967332369456, 13.057184088625673 ], [ 8.462348273645956, 13.056462599360714 ], [ 8.461969668953452, 13.056104314244868 ], [ 8.461700148891181, 13.055284646208694 ], [ 8.460865820969708, 13.054745668676643 ], [ 8.460595717780782, 13.054197135868133 ], [ 8.460316309211423, 13.05420211603716 ], [ 8.460039626265827, 13.05419597592649 ], [ 8.459275979526462, 13.054209613785394 ], [ 8.456723288643348, 13.053593910248157 ], [ 8.456995648468485, 13.053104659902894 ], [ 8.457471650975, 13.052658355931532 ], [ 8.456998598092117, 13.051753617906693 ], [ 8.45672850657823, 13.051205081396443 ], [ 8.455620611205827, 13.051224873418992 ], [ 8.45528582567619, 13.049866629439885 ], [ 8.454100218851309, 13.049840422458024 ], [ 8.452868570128201, 13.049862458335605 ], [ 8.45257362914827, 13.049560364975012 ], [ 8.45176606675547, 13.050380940491738 ], [ 8.450361586691297, 13.050111991104997 ], [ 8.449312743097282, 13.04957954156002 ], [ 8.448013658733592, 13.0495506799341 ], [ 8.447053309694232, 13.049567836734914 ], [ 8.446033625300689, 13.049050271323228 ], [ 8.44477757875543, 13.048625708774956 ], [ 8.443864343394079, 13.049084428838249 ], [ 8.442650342191637, 13.048467886257205 ], [ 8.442063945979696, 13.048732592986442 ], [ 8.441515352684792, 13.049007977475272 ], [ 8.440402597303457, 13.049271544020229 ], [ 8.439393589892791, 13.049778387208089 ], [ 8.438189689427329, 13.049000780122158 ], [ 8.437877670651162, 13.047415935985919 ], [ 8.436818418364082, 13.046008545903394 ], [ 8.435541295270896, 13.04559899439497 ], [ 8.434603222428832, 13.044381404455534 ], [ 8.434333804821307, 13.043561711295418 ], [ 8.432029862874492, 13.043188707297208 ], [ 8.431563428592437, 13.042747137319649 ], [ 8.431162695460786, 13.041932451709197 ], [ 8.430181278182397, 13.042196263732441 ], [ 8.429819431969058, 13.043280541109542 ], [ 8.428795997361355, 13.04301231578996 ], [ 8.427967673971384, 13.042732463340631 ], [ 8.427437929102011, 13.043270914921939 ], [ 8.426857992884603, 13.043545271251624 ], [ 8.425782438276551, 13.044085424785241 ], [ 8.425196734534552, 13.043579736220776 ], [ 8.425216528877748, 13.04273047721372 ], [ 8.425199266989678, 13.041780999918725 ], [ 8.425226937171745, 13.04056300335975 ], [ 8.424374132169952, 13.040827078775107 ], [ 8.424085967919961, 13.04111942953306 ], [ 8.422350321992008, 13.041080860551755 ], [ 8.421432808154918, 13.042446014575331 ], [ 8.41998557403322, 13.042471651632631 ], [ 8.418290077479426, 13.041898556298515 ], [ 8.417455258372556, 13.041630710459012 ], [ 8.417184630423181, 13.041353534812435 ], [ 8.415519779475753, 13.041083813524089 ], [ 8.415238372197262, 13.040795618030987 ], [ 8.413052946137865, 13.04083438446369 ], [ 8.412754916800651, 13.040263755346803 ], [ 8.41224830271765, 13.039233828529227 ], [ 8.411657470079895, 13.038628359331389 ], [ 8.41052871204201, 13.038355849928339 ], [ 8.410579230045039, 13.0361904588847 ], [ 8.409752493157054, 13.03617202018674 ], [ 8.408895855569865, 13.036457361190935 ], [ 8.408478164901638, 13.036448063591795 ], [ 8.406974765082014, 13.036474693714727 ], [ 8.406429235483319, 13.035915146700876 ], [ 8.405712732246249, 13.035899199221411 ], [ 8.404544385217388, 13.035919960294041 ], [ 8.404163976845085, 13.033201642495239 ], [ 8.40322918392455, 13.033180815397673 ], [ 8.402267821358864, 13.033197805240873 ], [ 8.401709396544682, 13.031039621870677 ], [ 8.401728713291693, 13.03019632657815 ], [ 8.40115992231269, 13.029657776757563 ], [ 8.400889325675692, 13.029380585167999 ], [ 8.399787836025084, 13.0290271640641 ], [ 8.399776842757962, 13.028431224617943 ], [ 8.399788956900139, 13.02788871775928 ], [ 8.39977178416704, 13.026941891229967 ], [ 8.400342511466414, 13.026671944560851 ], [ 8.400614434944858, 13.026396007136693 ], [ 8.40172192548428, 13.026046367812468 ], [ 8.401455934745185, 13.023402219421161 ], [ 8.400899559267108, 13.022875486456146 ], [ 8.400628969955021, 13.022598294783387 ], [ 8.400083380318531, 13.022081518928811 ], [ 8.400062796552787, 13.020979844525781 ], [ 8.400362824251594, 13.020698806173689 ], [ 8.400337950439713, 13.019358040865017 ], [ 8.402242070658195, 13.017572969509093 ], [ 8.40270575277639, 13.016640494711258 ], [ 8.404239122761583, 13.016909989728523 ], [ 8.404610155335517, 13.017663981596533 ], [ 8.406316791912538, 13.018241158242455 ], [ 8.406727679007632, 13.017463262647857 ], [ 8.406713363904988, 13.01666664511685 ], [ 8.407001519402133, 13.01637378291756 ], [ 8.407838149205434, 13.015838456574867 ], [ 8.408381954669537, 13.015286299459421 ], [ 8.409377299277773, 13.014352638736346 ], [ 8.408803134339657, 13.01380879483143 ], [ 8.408136905072359, 13.013126192273091 ], [ 8.407025216057022, 13.01276946945366 ], [ 8.406996954155842, 13.011247494924419 ], [ 8.407427007954697, 13.010811110688135 ], [ 8.408122872590756, 13.010158369867522 ], [ 8.407853613073975, 13.009322757828413 ], [ 8.407572198926692, 13.009056146247447 ], [ 8.407166325501107, 13.008640370036963 ], [ 8.406729111711106, 13.008226110334162 ], [ 8.40842220516039, 13.007425441568921 ], [ 8.408961846921965, 13.006341332625166 ], [ 8.409792699115025, 13.005948241624507 ], [ 8.40952373671078, 13.004986269453056 ], [ 8.408965356638229, 13.004174108248728 ], [ 8.409347988155362, 13.003449919228586 ], [ 8.408698912218515, 13.002835438782695 ], [ 8.409437035224148, 13.002808507794496 ], [ 8.410082126960287, 13.002822955158891 ], [ 8.410907284176792, 13.00254799617945 ], [ 8.411952473425847, 13.002217902895596 ], [ 8.412413364783891, 13.000835582246898 ], [ 8.413126104653317, 13.000111602674494 ], [ 8.413408764701058, 12.999846271346454 ], [ 8.413686018851104, 12.998201271269705 ], [ 8.41451557737973, 12.997423244723263 ], [ 8.414248653799214, 12.994665185214062 ], [ 8.413400663042687, 12.993862711935785 ], [ 8.413449351985154, 12.991764196962475 ], [ 8.413147756495743, 12.990893813831347 ], [ 8.412879097679612, 12.989802833015371 ], [ 8.412051611682347, 12.989019740949615 ], [ 8.412040599658551, 12.988418632275373 ], [ 8.413444624094863, 12.987102017696705 ], [ 8.413157945675641, 12.986553535042587 ], [ 8.412859506825928, 12.984111440951461 ], [ 8.412056590157219, 12.984375596850303 ], [ 8.410981266903278, 12.984915700886916 ], [ 8.410951407189071, 12.983830557823092 ], [ 8.411782180099143, 12.983437456440171 ], [ 8.411513230312224, 12.982475485383763 ], [ 8.411157991149505, 12.981450005445335 ], [ 8.411793658640216, 12.980853804916361 ], [ 8.412066792981024, 12.98003531674226 ], [ 8.412350067684947, 12.979498717662976 ], [ 8.4126225616584, 12.978951496283399 ], [ 8.413564677374541, 12.978067759270393 ], [ 8.413174207184392, 12.977319828981832 ], [ 8.413216913822289, 12.975465546794869 ], [ 8.412913484079391, 12.975154385757142 ], [ 8.412447207004014, 12.974712785887663 ], [ 8.413186595332947, 12.974341194391116 ], [ 8.413941073957517, 12.973984205453558 ], [ 8.41346509435237, 12.973533313551652 ], [ 8.413197085364464, 12.972171064586867 ], [ 8.412651573996074, 12.971654316765401 ], [ 8.412635713726187, 12.970816101644038 ], [ 8.412651350595265, 12.97013796389178 ], [ 8.412628355366593, 12.968886471066257 ], [ 8.414858864833233, 12.968935998926463 ], [ 8.415536798172424, 12.967573227713411 ], [ 8.416247771548846, 12.967560782901352 ], [ 8.417538856957176, 12.967589371158121 ], [ 8.41790716103368, 12.966484983231966 ], [ 8.418189776654888, 12.966219644193352 ], [ 8.418182624820339, 12.965810074487916 ], [ 8.418191678347773, 12.965401070861583 ], [ 8.417908655601211, 12.963749773830443 ], [ 8.419833911933747, 12.963792747889107 ], [ 8.42086585622425, 12.963274227878181 ], [ 8.421787644660835, 12.962967123603532 ], [ 8.423121341771379, 12.962545957331109 ], [ 8.423449694771138, 12.961885729125228 ], [ 8.423743776049044, 12.961328210548384 ], [ 8.423729399542841, 12.960532648125783 ], [ 8.423747435514889, 12.959737157364591 ], [ 8.423455924997594, 12.959178342812937 ], [ 8.423185999885517, 12.958629906621775 ], [ 8.422645885088896, 12.958118755263186 ], [ 8.422625721353421, 12.957022504323161 ], [ 8.423186217536239, 12.95618847761159 ], [ 8.423751954497106, 12.955657786162433 ], [ 8.423195291675878, 12.954592667916794 ], [ 8.423469041648941, 12.953476403497969 ], [ 8.425130747490368, 12.952513939577615 ], [ 8.424861085881775, 12.951851858753839 ], [ 8.42375824060883, 12.950807788084918 ], [ 8.423741920152972, 12.949917382006173 ], [ 8.425470962366957, 12.948554516762437 ], [ 8.428192846895907, 12.94861507266765 ], [ 8.428738082176551, 12.948060747008835 ], [ 8.429814518227339, 12.948607498039504 ], [ 8.430131687908288, 12.948335597337666 ], [ 8.429298561951175, 12.946740591063939 ], [ 8.429283198858, 12.945895485834326 ], [ 8.431599260856313, 12.945530727283176 ], [ 8.432078884104781, 12.945080625889412 ], [ 8.432063968971169, 12.944272079561623 ], [ 8.432493785720526, 12.94386875879049 ], [ 8.431795208019134, 12.943207605181559 ], [ 8.432067653443587, 12.942644463920464 ], [ 8.432367116328086, 12.942076613070869 ], [ 8.432338749185293, 12.940528136556809 ], [ 8.432627540775425, 12.939661705044777 ], [ 8.433465080349883, 12.938583741148729 ], [ 8.433460303307385, 12.938307161179154 ], [ 8.434291762269307, 12.937526943231896 ], [ 8.434017679170386, 12.936665381311343 ], [ 8.432907312148332, 12.935614180448825 ], [ 8.432929483344493, 12.934646501635362 ], [ 8.432912150763114, 12.93371079117154 ], [ 8.43319476272494, 12.933423709724872 ], [ 8.433760426025453, 12.932892992614841 ], [ 8.43319785042123, 12.931816489806977 ], [ 8.433210998705357, 12.931256227295298 ], [ 8.433181140665123, 12.92964681604397 ], [ 8.43348805641944, 12.929358727003722 ], [ 8.433205158984578, 12.928817425611866 ], [ 8.432937079026606, 12.927455189803648 ], [ 8.432656337793322, 12.926917336789996 ], [ 8.432387036687448, 12.926097639738131 ], [ 8.431819052902817, 12.925271995686625 ], [ 8.431843604193181, 12.924208422696863 ], [ 8.431264700951965, 12.923914169140772 ], [ 8.430184920537963, 12.92393353786297 ], [ 8.429627060111432, 12.923650187466581 ], [ 8.429008195557048, 12.923353987183116 ], [ 8.427711115072787, 12.922023669739893 ], [ 8.426901977925548, 12.922741663900133 ], [ 8.426585627534783, 12.923377555293401 ], [ 8.425473423850661, 12.923641082879858 ], [ 8.425133276766331, 12.924996687903599 ], [ 8.424315617081612, 12.924711960349457 ], [ 8.422802470142214, 12.923159939892656 ], [ 8.421886186472786, 12.92254808428183 ], [ 8.421328302896935, 12.922280877063679 ], [ 8.421060293296057, 12.920918631378107 ], [ 8.420779584736211, 12.920380766702076 ], [ 8.420509703600052, 12.91983232813144 ], [ 8.420228371681914, 12.91956573212793 ], [ 8.419584444093498, 12.918905199747698 ], [ 8.417509283605678, 12.918203330948806 ], [ 8.417188914692014, 12.918468588148791 ], [ 8.416466429906487, 12.919544374813883 ], [ 8.415537912642392, 12.919560843141772 ], [ 8.414544173664446, 12.919055813847116 ], [ 8.41408076004487, 12.920903068887208 ], [ 8.413312239215552, 12.92063537244 ], [ 8.412782560309131, 12.920092171627443 ], [ 8.411703980322196, 12.920068021509032 ], [ 8.411079980143048, 12.920363317238976 ], [ 8.410551554620783, 12.920900427523996 ], [ 8.409438073386482, 12.921706423910011 ], [ 8.409166278154787, 12.921982378110187 ], [ 8.408054065733111, 12.922245831024203 ], [ 8.40778098988126, 12.923064320743963 ], [ 8.405562581006508, 12.923325252006881 ], [ 8.404737683536515, 12.92360020672953 ], [ 8.404173812020458, 12.923587529361976 ], [ 8.4036302053021, 12.924139954707655 ], [ 8.403071075739136, 12.92440464819952 ], [ 8.402148499052831, 12.924867988592672 ], [ 8.401558489740303, 12.924262902987536 ], [ 8.401136516034903, 12.923862978465403 ], [ 8.400867322040403, 12.923043253250343 ], [ 8.400586655503457, 12.922505368721252 ], [ 8.400307142276173, 12.921937021174772 ], [ 8.399493385784176, 12.92116637699316 ], [ 8.399213876433837, 12.920598028392902 ], [ 8.398927300269628, 12.920049531954151 ], [ 8.399495707606393, 12.919516247174746 ], [ 8.39894764080638, 12.918996819210314 ], [ 8.398922285255846, 12.917629021875623 ], [ 8.399740782942278, 12.916861069043508 ], [ 8.399779917687404, 12.915174200110982 ], [ 8.39949818563662, 12.914634457526599 ], [ 8.399812298565875, 12.913148493091793 ], [ 8.398950725162756, 12.912735900182492 ], [ 8.398682197184996, 12.911644904551043 ], [ 8.398128219732515, 12.911120428789021 ], [ 8.397807817529536, 12.909816324522099 ], [ 8.395839031617916, 12.909184470681032 ], [ 8.396196452117341, 12.90811266779856 ], [ 8.396751494908631, 12.9070619846584 ], [ 8.396770215476428, 12.906237091808858 ], [ 8.394919403854061, 12.905296086752109 ], [ 8.394287567515093, 12.905938094797166 ], [ 8.390936393988403, 12.905663545164392 ], [ 8.390401947314105, 12.905115256725939 ], [ 8.3898441380716, 12.904847985084828 ], [ 8.389297156883266, 12.904570139988758 ], [ 8.388728560312007, 12.90429780700936 ], [ 8.387957880950825, 12.902729847347997 ], [ 8.38685615171341, 12.901599803249335 ], [ 8.385987087288244, 12.901183443103053 ], [ 8.386294468537765, 12.900710767590125 ], [ 8.387096164395556, 12.899958708748873 ], [ 8.387368617964981, 12.899411509064549 ], [ 8.388475554630519, 12.899062031630059 ], [ 8.388053770727034, 12.897053809515349 ], [ 8.386291786311377, 12.895385242442915 ], [ 8.385881206806092, 12.894549807956988 ], [ 8.383802757549558, 12.894212723112183 ], [ 8.38378845711712, 12.893435438157306 ], [ 8.384076697422614, 12.892615950425087 ], [ 8.38279500196634, 12.892002045056199 ], [ 8.382411197254187, 12.891267070129082 ], [ 8.381543785868379, 12.889094866540674 ], [ 8.380756810605689, 12.889358976980432 ], [ 8.37986839483629, 12.889805105190675 ], [ 8.379381002389565, 12.888813180418699 ], [ 8.379003663327993, 12.888090137667417 ], [ 8.379654855821178, 12.887479205621803 ], [ 8.379666930593, 12.886961861933495 ], [ 8.379347180028834, 12.885661447846006 ], [ 8.37800242075792, 12.885017436666248 ], [ 8.377733338884344, 12.884197690457887 ], [ 8.377175589638915, 12.883930394092344 ], [ 8.376488046099494, 12.8835192047551 ], [ 8.376623938714397, 12.883381244143328 ], [ 8.377304353078777, 12.882743101812938 ], [ 8.376627950061561, 12.881758936170844 ], [ 8.376358205405937, 12.881210191579786 ], [ 8.375278614430842, 12.881229342433425 ], [ 8.374699878925592, 12.880935233983198 ], [ 8.373551587270835, 12.880566648637126 ], [ 8.373612618016866, 12.877955297562737 ], [ 8.371684807078395, 12.876826132398985 ], [ 8.371665820917521, 12.875776508047316 ], [ 8.371677912340004, 12.875258370180653 ], [ 8.371186816420959, 12.874259271255145 ], [ 8.370286068387188, 12.87468546988673 ], [ 8.369753328816442, 12.875226727748652 ], [ 8.368351288396106, 12.874414843606628 ], [ 8.368084965688263, 12.87251001863264 ], [ 8.367271050626579, 12.872119960383658 ], [ 8.367243510755451, 12.870611753950842 ], [ 8.367268337867396, 12.869540512121608 ], [ 8.366716782023392, 12.868974389847747 ], [ 8.36561132275922, 12.868993969643265 ], [ 8.365314847626177, 12.868137588791102 ], [ 8.365351774369953, 12.866552184048768 ], [ 8.364781175028114, 12.866261785102584 ], [ 8.363189849997744, 12.866657940853786 ], [ 8.362297754931017, 12.864947626114342 ], [ 8.36200941832865, 12.862586300650225 ], [ 8.360363964961314, 12.862188371018323 ], [ 8.359264154005276, 12.861909119170956 ], [ 8.35815351955144, 12.861640433905755 ], [ 8.357608048625471, 12.860819728238608 ], [ 8.356997825797663, 12.860830419605024 ], [ 8.355930550191882, 12.859443376404908 ], [ 8.355990531523695, 12.856885277937025 ], [ 8.355156263457388, 12.854341142888275 ], [ 8.354853733625186, 12.853761303568133 ], [ 8.355414911539079, 12.853495652349363 ], [ 8.355688068844346, 12.852677217238549 ], [ 8.3562550804232, 12.851604128888818 ], [ 8.355967057027229, 12.851052937083814 ], [ 8.356409810465992, 12.850215049094677 ], [ 8.355702457717578, 12.849150755068779 ], [ 8.355144809709216, 12.848883415833264 ], [ 8.354597989299426, 12.84860523955877 ], [ 8.354034774823406, 12.848615246087677 ], [ 8.352667731924498, 12.847919932063901 ], [ 8.352654989585654, 12.848467736424496 ], [ 8.352667300167054, 12.849143024774984 ], [ 8.351279511667137, 12.849167415553927 ], [ 8.351274332354732, 12.848871232318674 ], [ 8.351286461589256, 12.848353096244521 ], [ 8.351006061003854, 12.84778284453092 ], [ 8.350167056033104, 12.84669172103842 ], [ 8.350736472102312, 12.846157214236905 ], [ 8.350243067057225, 12.84568922070874 ], [ 8.349278677190618, 12.844436188699383 ], [ 8.34991345129693, 12.842631067146314 ], [ 8.349908755475154, 12.842357402143762 ], [ 8.34993361715812, 12.841297554421526 ], [ 8.349641193037158, 12.840997745822023 ], [ 8.349360023655713, 12.840731079497557 ], [ 8.349091774351384, 12.839640040517214 ], [ 8.347959277179955, 12.83909734412223 ], [ 8.347997488935295, 12.837469825422309 ], [ 8.347432323922693, 12.83719900825167 ], [ 8.347741819381557, 12.836319477252758 ], [ 8.347400397280758, 12.833876149311132 ], [ 8.346897655332874, 12.832852873132367 ], [ 8.345950271522979, 12.831311384722882 ], [ 8.347452756770496, 12.829902082310324 ], [ 8.34718850250686, 12.829566914775786 ], [ 8.3468433, 12.8298983 ], [ 8.3381935, 12.8353046 ], [ 8.3374792, 12.8360113 ], [ 8.3256147, 12.8342063 ], [ 8.3003018, 12.8310083 ], [ 8.2923291, 12.8291453 ], [ 8.288608, 12.8290616 ], [ 8.2769142, 12.8291311 ], [ 8.2605856, 12.8301044 ], [ 8.2538117, 12.8292702 ], [ 8.2450178, 12.827897 ], [ 8.2421179, 12.8261416 ], [ 8.2301173, 12.8261554 ], [ 8.210958, 12.8175203 ], [ 8.2007466, 12.816431 ], [ 8.1924689, 12.8157033 ], [ 8.1878908, 12.8144177 ], [ 8.1822844, 12.8124681 ], [ 8.1809553, 12.812006 ], [ 8.1788826, 12.8112852 ], [ 8.168247, 12.8143916 ], [ 8.152061, 12.8186328 ], [ 8.1416255, 12.8110182 ], [ 8.1278364, 12.8011134 ], [ 8.1279186, 12.7968276 ], [ 8.1523046, 12.7968276 ], [ 8.1523714, 12.795902 ], [ 8.1524686, 12.794556 ], [ 8.1549432, 12.7857615 ], [ 8.1614856, 12.7697899 ], [ 8.1628658, 12.7639203 ], [ 8.167144, 12.7566878 ], [ 8.1721083, 12.7511465 ], [ 8.1801689, 12.7561075 ], [ 8.1808819, 12.7536503 ], [ 8.1819636, 12.7503264 ], [ 8.180073, 12.7500043 ], [ 8.1791781, 12.7484945 ], [ 8.1805135, 12.7433111 ], [ 8.1848983, 12.7350667 ], [ 8.1851278, 12.73247 ], [ 8.1831966, 12.7319483 ], [ 8.1812125, 12.7315098 ], [ 8.1790075, 12.7305863 ], [ 8.1778435, 12.730457 ], [ 8.1766604, 12.7303255 ], [ 8.1743289, 12.7305876 ], [ 8.1667888, 12.7289501 ], [ 8.1633305, 12.7270548 ], [ 8.1591834, 12.7267204 ], [ 8.1539184, 12.7239945 ], [ 8.1445354, 12.7212624 ], [ 8.1433315, 12.7153295 ], [ 8.1527325, 12.6928264 ], [ 8.1538901, 12.6906 ], [ 8.1560856, 12.6879612 ], [ 8.1582808, 12.6863167 ], [ 8.1600235, 12.6839655 ], [ 8.160026438125994, 12.683844150516302 ], [ 8.159172104350271, 12.683408591594432 ], [ 8.156924552881842, 12.68311908347793 ], [ 8.156382767677886, 12.683128225519727 ], [ 8.155290227942086, 12.682757334564061 ], [ 8.153859445624187, 12.684486045843638 ], [ 8.15388212142323, 12.68578917764466 ], [ 8.151660674087942, 12.686086468178138 ], [ 8.150923723063865, 12.687181873492589 ], [ 8.149745856361159, 12.687154530425659 ], [ 8.149445982062325, 12.687435691715837 ], [ 8.149086812545768, 12.688510048786029 ], [ 8.148063660656179, 12.688527166580132 ], [ 8.147791387394955, 12.687971851910108 ], [ 8.146081867815919, 12.688309941163654 ], [ 8.144434899132989, 12.687206090748528 ], [ 8.143919581780972, 12.687689202061339 ], [ 8.143511876271788, 12.688102725564784 ], [ 8.142810346112642, 12.688760336194028 ], [ 8.142820368037977, 12.689312954701085 ], [ 8.141794514005531, 12.689330305235439 ], [ 8.140599716979329, 12.689040083093765 ], [ 8.14033067566139, 12.688491393660884 ], [ 8.13977544491984, 12.687681114578417 ], [ 8.139506406657505, 12.687132424460536 ], [ 8.138763493637022, 12.686775577994156 ], [ 8.138404961364751, 12.686043814542733 ], [ 8.13770302789877, 12.685376897922335 ], [ 8.13651785937245, 12.684158206855034 ], [ 8.135381153416011, 12.683611991021667 ], [ 8.135095268223559, 12.682783241477807 ], [ 8.134704326800129, 12.681586729929597 ], [ 8.134017654738734, 12.680880648277938 ], [ 8.13296013449186, 12.680539715596709 ], [ 8.132625281402566, 12.679514775551169 ], [ 8.131515726896357, 12.679245191732178 ], [ 8.131246714534573, 12.678696494624022 ], [ 8.13068969292995, 12.678428712646429 ], [ 8.130143499365236, 12.678150367784314 ], [ 8.129033953979171, 12.677880774132095 ], [ 8.128764026338567, 12.677603331493202 ], [ 8.126800889401503, 12.677327486159472 ], [ 8.126005100070705, 12.676508973593924 ], [ 8.125184893094193, 12.676522701010814 ], [ 8.124754434084323, 12.675695850221931 ], [ 8.125286848671117, 12.673683553229054 ], [ 8.124088768390417, 12.671380793139823 ], [ 8.124361589745844, 12.67080738360054 ], [ 8.125456853378854, 12.669400119783036 ], [ 8.12486183721402, 12.668256965153716 ], [ 8.125976746396285, 12.667730561731824 ], [ 8.124929813555083, 12.666203139843407 ], [ 8.124660827533347, 12.665654437354792 ], [ 8.124000965499038, 12.664385770442026 ], [ 8.124669452712755, 12.663758827663942 ], [ 8.123802932683938, 12.662494513439722 ], [ 8.124122198347312, 12.661589069758945 ], [ 8.124398625032955, 12.659955269008703 ], [ 8.126322033977042, 12.660608743692402 ], [ 8.126343371813174, 12.659729338803514 ], [ 8.126065168831937, 12.658877559621072 ], [ 8.125755831847913, 12.657979585515269 ], [ 8.126205822781079, 12.655755884598058 ], [ 8.126632398848004, 12.654544561336126 ], [ 8.126906026369069, 12.653726380034886 ], [ 8.127462078491918, 12.652674951185661 ], [ 8.126916953915313, 12.652098855942867 ], [ 8.126372710914172, 12.651581571766078 ], [ 8.126357787001545, 12.650734895093402 ], [ 8.12739035579491, 12.650758942188766 ], [ 8.129174624881015, 12.650423056292125 ], [ 8.129686641217077, 12.649943136821776 ], [ 8.129961171919643, 12.648853693884428 ], [ 8.130249652235035, 12.648583375479701 ], [ 8.130221171318231, 12.646955720679644 ], [ 8.131082814268744, 12.646148194713769 ], [ 8.130532308001168, 12.645091027216422 ], [ 8.130520138861373, 12.644382372204847 ], [ 8.130539616322841, 12.643568654544859 ], [ 8.130505294178526, 12.641593692535926 ], [ 8.131094422067092, 12.640480108023423 ], [ 8.130825535220259, 12.639904921511894 ], [ 8.130457159065868, 12.639555108996747 ], [ 8.130951458709866, 12.63856306984524 ], [ 8.131932325715901, 12.638546661908288 ], [ 8.132899034102055, 12.638569145586766 ], [ 8.133727753676265, 12.638555150450763 ], [ 8.134415562442342, 12.638571158814731 ], [ 8.134041051111559, 12.63779933981583 ], [ 8.132493831865085, 12.637300796190944 ], [ 8.132483005881669, 12.63667161616201 ], [ 8.132901468303974, 12.636247013749427 ], [ 8.133325232835677, 12.63584944719047 ], [ 8.133610033207782, 12.633622802523327 ], [ 8.135600754680612, 12.63201626500897 ], [ 8.136368362428696, 12.63123702122963 ], [ 8.136933362579967, 12.63070718882415 ], [ 8.137206017990287, 12.630160249887275 ], [ 8.139053588879042, 12.629724095012548 ], [ 8.139690180991295, 12.629077663964306 ], [ 8.140526839044664, 12.62829333162969 ], [ 8.140261530396938, 12.626643716040247 ], [ 8.139790355739311, 12.625738611662944 ], [ 8.140634578268457, 12.624947150233767 ], [ 8.140006062026446, 12.623664316262186 ], [ 8.138884166390671, 12.623926662072826 ], [ 8.138207612799416, 12.624266204536527 ], [ 8.137317300670821, 12.623838423094845 ], [ 8.136958848506373, 12.623106660227927 ], [ 8.136401936785667, 12.622838896533619 ], [ 8.135855851271769, 12.622560304587449 ], [ 8.134236819509288, 12.622587642591668 ], [ 8.133936106264393, 12.618485431901853 ], [ 8.133655407073769, 12.618218558880603 ], [ 8.133387357730181, 12.61739860716388 ], [ 8.132745365742764, 12.617090030596227 ], [ 8.131462200448528, 12.614951003774289 ], [ 8.131181507601298, 12.614684128501329 ], [ 8.13091529909002, 12.613321658740052 ], [ 8.130635523688818, 12.612783524969203 ], [ 8.13010298307001, 12.611696747386612 ], [ 8.129809709946349, 12.611961754677209 ], [ 8.129455590169236, 12.612672925949161 ], [ 8.128180333807249, 12.613312746848546 ], [ 8.127873592229877, 12.612774522534556 ], [ 8.127911854237194, 12.611191851161584 ], [ 8.127086147818058, 12.610342523406308 ], [ 8.12575707263824, 12.610311423564809 ], [ 8.122976314347467, 12.610612511472645 ], [ 8.122358049853087, 12.610315114789902 ], [ 8.121138467833461, 12.609497324684506 ], [ 8.120455744707009, 12.60991150553315 ], [ 8.12001935701266, 12.611644121399477 ], [ 8.118771016560128, 12.611665172456407 ], [ 8.117909348191523, 12.611087225597435 ], [ 8.114609940261895, 12.611142537539958 ], [ 8.11495207085631, 12.609849358370921 ], [ 8.114633877748727, 12.609199292900991 ], [ 8.114077021494486, 12.608931485879037 ], [ 8.113689727171638, 12.608141057445986 ], [ 8.112147443944382, 12.607840042130718 ], [ 8.110573066186795, 12.607305002184132 ], [ 8.109666355005608, 12.607283969598587 ], [ 8.108835043521969, 12.60729762270212 ], [ 8.108284624621035, 12.606731280911875 ], [ 8.107596811662546, 12.606742759712196 ], [ 8.106914488092697, 12.606726705959234 ], [ 8.106354663700628, 12.607007750210407 ], [ 8.103124318769048, 12.606455470224397 ], [ 8.101689555097105, 12.606421777056157 ], [ 8.100419508292806, 12.607261216137076 ], [ 8.099861783142487, 12.607248212984487 ], [ 8.098922579841508, 12.607263856166981 ], [ 8.097857466171522, 12.606572843828872 ], [ 8.097274734749506, 12.605382793714568 ], [ 8.096853882658271, 12.604949318040385 ], [ 8.09558077231671, 12.605891240156774 ], [ 8.094249037352297, 12.605859975339843 ], [ 8.092341551280093, 12.606494035518358 ], [ 8.090962386697733, 12.605074247711494 ], [ 8.08978599922292, 12.605046667475746 ], [ 8.088956948981453, 12.606407817837571 ], [ 8.088406646757369, 12.606127265102741 ], [ 8.087297462831472, 12.605857520008113 ], [ 8.08690704672653, 12.605059630386924 ], [ 8.084590339407267, 12.605634487132667 ], [ 8.083711911215739, 12.604488961889279 ], [ 8.083313674660763, 12.602860048341046 ], [ 8.082888211306351, 12.603124548545207 ], [ 8.081996070900797, 12.603714069330376 ], [ 8.080677791783188, 12.603393512741984 ], [ 8.080133748344638, 12.602572569227069 ], [ 8.078725771786823, 12.602297522972586 ], [ 8.078771885839064, 12.600411593243296 ], [ 8.078206533793836, 12.600123023052022 ], [ 8.076848012580804, 12.600804427337081 ], [ 8.075993435114963, 12.600393529365427 ], [ 8.075723643964519, 12.600116040780101 ], [ 8.075443028007637, 12.599849111655848 ], [ 8.075145876980775, 12.598326498288944 ], [ 8.072692297642117, 12.597823964226446 ], [ 8.070831400014137, 12.598557634354798 ], [ 8.070483155054241, 12.598199074372952 ], [ 8.069481562718574, 12.597875857667727 ], [ 8.068992153065834, 12.596876277960749 ], [ 8.067721893820645, 12.596567218833597 ], [ 8.066670734556054, 12.595485147009811 ], [ 8.066068814981888, 12.59547086028207 ], [ 8.06478432273936, 12.596115376129109 ], [ 8.064156643683628, 12.595469475547423 ], [ 8.062748841307021, 12.595015012429391 ], [ 8.062771011373867, 12.594108870064423 ], [ 8.062486233279778, 12.594102308707553 ], [ 8.06221004600248, 12.594106639188732 ], [ 8.061657749502826, 12.594093841353773 ], [ 8.060853999731497, 12.594106914671976 ], [ 8.060019395836543, 12.59370557521169 ], [ 8.060000751477677, 12.592604324533662 ], [ 8.060036278570729, 12.591143265839683 ], [ 8.059739108244992, 12.590837587869599 ], [ 8.059182355434901, 12.590569672805126 ], [ 8.058636429440057, 12.590291197653617 ], [ 8.05780351577098, 12.59002230820961 ], [ 8.057539696603735, 12.588117285057907 ], [ 8.056582338964722, 12.587808483538838 ], [ 8.056992946321527, 12.587032717451793 ], [ 8.056133980706978, 12.585778307684809 ], [ 8.056503698486239, 12.584383064135332 ], [ 8.05617376143827, 12.584043624338532 ], [ 8.054541920978206, 12.583517075620106 ], [ 8.053968941784335, 12.582972538779046 ], [ 8.053959642406655, 12.582418867127712 ], [ 8.054321911067682, 12.581734058973671 ], [ 8.053701687230047, 12.580541677838848 ], [ 8.053696859638036, 12.580239940469699 ], [ 8.053706440197777, 12.579833089704779 ], [ 8.053690084813473, 12.578849727364167 ], [ 8.055092925351421, 12.577534954196768 ], [ 8.055500575806613, 12.577121560229012 ], [ 8.055928677184649, 12.576720157541937 ], [ 8.055074798739396, 12.576444565417617 ], [ 8.055107793911162, 12.575091048097025 ], [ 8.055093958867216, 12.57430160004351 ], [ 8.055377580411115, 12.573733067062166 ], [ 8.05592720071235, 12.57269421589829 ], [ 8.05594812248601, 12.571838930355929 ], [ 8.055385489963628, 12.571568340068323 ], [ 8.055115750331186, 12.571290833804756 ], [ 8.053446926134098, 12.571017926308279 ], [ 8.05273915349645, 12.568849875796232 ], [ 8.049597450801029, 12.568564053844993 ], [ 8.048565001163281, 12.567871388936519 ], [ 8.048200410771875, 12.568603069575349 ], [ 8.045596154737497, 12.568541623343309 ], [ 8.044267673924724, 12.568563644237758 ], [ 8.04299332009942, 12.566639113383308 ], [ 8.041859576593517, 12.566363012698565 ], [ 8.041328736768673, 12.565816748682892 ], [ 8.040778397714185, 12.565293460773972 ], [ 8.041052235380374, 12.56445948072786 ], [ 8.041726501862733, 12.564141099925264 ], [ 8.041340798591797, 12.562561721759803 ], [ 8.041026936822222, 12.562263383496223 ], [ 8.041090424971586, 12.559684561146527 ], [ 8.040804619803318, 12.558219710255896 ], [ 8.040249968799223, 12.557409257065279 ], [ 8.039981266149692, 12.556860485233349 ], [ 8.039700733563034, 12.556593523775476 ], [ 8.03934931973499, 12.555516778591345 ], [ 8.038464923477544, 12.555495862002257 ], [ 8.037536707888039, 12.5555110766096 ], [ 8.036356733777501, 12.555209625046299 ], [ 8.035566593584807, 12.555222414625007 ], [ 8.034475659666072, 12.5551967685272 ], [ 8.033666862581915, 12.556017689164603 ], [ 8.032275887687566, 12.556040489594482 ], [ 8.031230102032316, 12.555046527520449 ], [ 8.030300125609658, 12.553804771041982 ], [ 8.029632146703486, 12.553169250055616 ], [ 8.029227608834791, 12.552752957133546 ], [ 8.028707954120607, 12.552258632786133 ], [ 8.027578011942706, 12.55084819857019 ], [ 8.027157242550453, 12.550447737866289 ], [ 8.026498071945452, 12.549768799593668 ], [ 8.025735263008192, 12.549402062624763 ], [ 8.02524824580607, 12.548406928823979 ], [ 8.024008513594437, 12.548377523616884 ], [ 8.023459566928159, 12.548934460295969 ], [ 8.023162882080413, 12.548667424406087 ], [ 8.02234404059136, 12.547574125557498 ], [ 8.020761050080432, 12.547188758139045 ], [ 8.020187363230599, 12.546015819467364 ], [ 8.018485849747403, 12.545601927531299 ], [ 8.018759426902385, 12.544848500819141 ], [ 8.019313623701684, 12.54432920865132 ], [ 8.018558500178516, 12.54350685835607 ], [ 8.017385018987872, 12.543221245895207 ], [ 8.017391459974151, 12.542944716459795 ], [ 8.016545250569003, 12.542537386213599 ], [ 8.016574658427059, 12.541325060607139 ], [ 8.016007355658283, 12.541035304638939 ], [ 8.015226969353913, 12.54104807302803 ], [ 8.012705325512309, 12.540757229460917 ], [ 8.009987189678201, 12.540801792604524 ], [ 8.009411349462775, 12.540208685587185 ], [ 8.009102371309874, 12.540201452559614 ], [ 8.008303294647066, 12.541012529819394 ], [ 8.007233664660562, 12.540512162766719 ], [ 8.006623806246596, 12.539932168928162 ], [ 8.00594967661317, 12.53923803115927 ], [ 8.005108245153865, 12.538437313402895 ], [ 8.004434122534628, 12.537743171444587 ], [ 8.004153648627598, 12.537476176704997 ], [ 8.003059864846449, 12.536110553503015 ], [ 8.002227192220687, 12.535841507351234 ], [ 8.001955937129708, 12.535562094290682 ], [ 8.001228141016513, 12.535926799824924 ], [ 8.00057800899255, 12.535308764453042 ], [ 8.000856113793827, 12.533389832609453 ], [ 8.001697748854355, 12.532308741312665 ], [ 8.000159605190424, 12.531934288390939 ], [ 7.99948501915336, 12.53094874920764 ], [ 7.999217475495985, 12.530128694464008 ], [ 7.998385798807307, 12.528769594712008 ], [ 8.000328104460429, 12.528510604989732 ], [ 8.000738886573943, 12.527283544478619 ], [ 8.00116372987422, 12.526885394910957 ], [ 8.000886386327929, 12.525528891149893 ], [ 8.000623019935835, 12.523623838618398 ], [ 7.99982887613209, 12.522463025750213 ], [ 7.999525278915861, 12.520365508620266 ], [ 8.00030501462618, 12.51924445365758 ], [ 7.999813566458967, 12.518738264105323 ], [ 7.999527205945303, 12.518465945617272 ], [ 7.999567446537728, 12.516838573275097 ], [ 7.99870837161411, 12.516021616646597 ], [ 7.998735139606183, 12.514952596237736 ], [ 7.998094913878506, 12.514017513985982 ], [ 7.99871767634797, 12.512768196838202 ], [ 8.000231819560934, 12.512483764188106 ], [ 7.998737073467373, 12.511512660894105 ], [ 7.999022210387223, 12.51056115512662 ], [ 7.999865744761953, 12.50896723029906 ], [ 7.998514934892103, 12.508989493022371 ], [ 7.997914291568701, 12.508700110509913 ], [ 7.997782623178994, 12.507747583124672 ], [ 7.997095675681178, 12.507886214427522 ], [ 7.996401829310616, 12.507856610221436 ], [ 7.994103949958476, 12.507937569125618 ], [ 7.991607131349722, 12.506482428169035 ], [ 7.990745315008886, 12.505692193245059 ], [ 7.990481125779566, 12.505409354551503 ], [ 7.988953624389493, 12.505117006778045 ], [ 7.989648231383293, 12.503838578235154 ], [ 7.989290770943035, 12.50188919338453 ], [ 7.987998404321417, 12.502144998745077 ], [ 7.986952963637263, 12.502683574715025 ], [ 7.986343037540462, 12.501878116158668 ], [ 7.986062858730703, 12.500996549188725 ], [ 7.984957160638943, 12.499982074590744 ], [ 7.98553621215316, 12.499162549244501 ], [ 7.985803645472665, 12.498610455039934 ], [ 7.986091505282217, 12.498350880642047 ], [ 7.986358936494629, 12.497798785698317 ], [ 7.986906519225096, 12.497304165436169 ], [ 7.987191338309767, 12.496716903532167 ], [ 7.987479194606009, 12.496457327347487 ], [ 7.987878749898393, 12.496036319924206 ], [ 7.988332175256742, 12.495627169797308 ], [ 7.988302933662935, 12.494827604359932 ], [ 7.988321269084349, 12.494410727091429 ], [ 7.987310532957014, 12.493937536378338 ], [ 7.987891220723506, 12.491582410191361 ], [ 7.988582535915606, 12.491557985446212 ], [ 7.98937189486433, 12.491972328974443 ], [ 7.989946354522667, 12.490382457710162 ], [ 7.989164852291712, 12.488917833307259 ], [ 7.989431404223831, 12.488587712537889 ], [ 7.989985453109827, 12.488087280649845 ], [ 7.989282369394616, 12.487256846426918 ], [ 7.988475914101574, 12.487222299095491 ], [ 7.987923733524727, 12.487241949098113 ], [ 7.986405700534471, 12.487176910439922 ], [ 7.986093557822637, 12.489660193915258 ], [ 7.985011399242174, 12.489395463960417 ], [ 7.984747231837693, 12.4891126210611 ], [ 7.983910375361849, 12.488577557501365 ], [ 7.983090330417833, 12.488018450536048 ], [ 7.982440407104875, 12.488353210262053 ], [ 7.978785209309476, 12.489090104091439 ], [ 7.976897578274118, 12.488680836504685 ], [ 7.976458124179382, 12.488278117262038 ], [ 7.97608006372558, 12.48748252695848 ], [ 7.974530061295442, 12.487185781727366 ], [ 7.974226868388337, 12.485590227148657 ], [ 7.972593912048541, 12.4852775275487 ], [ 7.972666690443579, 12.483639695250444 ], [ 7.971236654097886, 12.483690136958415 ], [ 7.970694460159573, 12.48254928681356 ], [ 7.970128320240609, 12.48228435039597 ], [ 7.970688800093336, 12.481252870710323 ], [ 7.970311577822093, 12.480388403548787 ], [ 7.969587022151971, 12.480646294123696 ], [ 7.9690732313678, 12.48118683530279 ], [ 7.968351204004231, 12.480533229425664 ], [ 7.967658637322704, 12.479793113890498 ], [ 7.966283085973927, 12.479841355015498 ], [ 7.96504110623278, 12.479788118091431 ], [ 7.962745644011419, 12.479868836508391 ], [ 7.96118471312508, 12.477732023891797 ], [ 7.960761429600672, 12.476529893764434 ], [ 7.961347999792237, 12.475450854787374 ], [ 7.960224383377094, 12.474924686453157 ], [ 7.959684225991924, 12.474640758413443 ], [ 7.958846387845083, 12.474376871393128 ], [ 7.958458773923328, 12.473561621840137 ], [ 7.957744472178573, 12.473819520838541 ], [ 7.95733408247482, 12.474251567143655 ], [ 7.956671089697196, 12.473543063011642 ], [ 7.956370751862205, 12.473553556700725 ], [ 7.955542787955118, 12.473518302219412 ], [ 7.954576529761267, 12.473552176842365 ], [ 7.954024555662252, 12.473528316651922 ], [ 7.953350547521435, 12.473551928484985 ], [ 7.95302467247039, 12.472940614979024 ], [ 7.953070332675311, 12.471907972414412 ], [ 7.953060639434839, 12.471636683854074 ], [ 7.953085519017838, 12.471079974415533 ], [ 7.952485526733779, 12.470529581801836 ], [ 7.951976052620576, 12.469457170706621 ], [ 7.950549824484169, 12.469117600072041 ], [ 7.950036322232968, 12.468646477321197 ], [ 7.949773307266625, 12.468092357860874 ], [ 7.948930637805733, 12.467697831643063 ], [ 7.947669079315186, 12.467035452924026 ], [ 7.946736031327992, 12.466995525720467 ], [ 7.946455651126891, 12.467005291996312 ], [ 7.945914449457709, 12.466721069619583 ], [ 7.944978701703959, 12.466282725936209 ], [ 7.944281097626879, 12.464815141921598 ], [ 7.943984545712262, 12.46482537243635 ], [ 7.943460080894454, 12.464802925168067 ], [ 7.943150036664466, 12.465082763677302 ], [ 7.942727618222135, 12.465953402486795 ], [ 7.941768147947752, 12.466447642831362 ], [ 7.941368242838205, 12.46602012779937 ], [ 7.940939089257916, 12.465626669663237 ], [ 7.940963386078039, 12.465086648058996 ], [ 7.939293427568148, 12.463179490318474 ], [ 7.939032647046774, 12.462082871049557 ], [ 7.938482657333187, 12.461578209033032 ], [ 7.938750261053221, 12.460996761772183 ], [ 7.939045694200506, 12.460730380005732 ], [ 7.938289159698378, 12.460375896155684 ], [ 7.936838878380645, 12.45854799785134 ], [ 7.935903176681226, 12.458109626064676 ], [ 7.935464344702639, 12.457186337229167 ], [ 7.934902603220795, 12.456923469116212 ], [ 7.934024952875889, 12.455737000039649 ], [ 7.93324990486922, 12.456092606592778 ], [ 7.932668077906485, 12.456392286329864 ], [ 7.931736152773224, 12.456352313898241 ], [ 7.930583947940081, 12.456392789143898 ], [ 7.929937739957367, 12.456090108372434 ], [ 7.929674779754301, 12.455535973311981 ], [ 7.929389057584171, 12.45527418730582 ], [ 7.929023924377868, 12.453738751374869 ], [ 7.928303641454353, 12.453360545515597 ], [ 7.926963058454582, 12.452937757775112 ], [ 7.926919492270677, 12.451732856602579 ], [ 7.926979476984768, 12.450385324804339 ], [ 7.92567929019512, 12.44997514260316 ], [ 7.925122098681304, 12.448220139600677 ], [ 7.92404144791274, 12.4481737244573 ], [ 7.923345942717529, 12.448197974600804 ], [ 7.923001100814948, 12.447112135219712 ], [ 7.921198610935513, 12.447725062480602 ], [ 7.920136643654882, 12.446289616014884 ], [ 7.918967610560764, 12.446239649357668 ], [ 7.918463541508587, 12.446770066427602 ], [ 7.917836883139437, 12.447092845645207 ], [ 7.916575130426904, 12.44665231362486 ], [ 7.915687180171509, 12.447586204280448 ], [ 7.91498256830692, 12.44448256421062 ], [ 7.915358861840311, 12.444086471851207 ], [ 7.916120930716595, 12.4437369556641 ], [ 7.916616082704619, 12.442366272923451 ], [ 7.915647195140855, 12.441114488985106 ], [ 7.914749996637237, 12.439736372721667 ], [ 7.914234046653307, 12.439754434181577 ], [ 7.913459099203124, 12.43892512906115 ], [ 7.913172874600197, 12.438662797350558 ], [ 7.913218620525322, 12.437643150328459 ], [ 7.9126390261121, 12.437023096656542 ], [ 7.912090751312774, 12.436519984536444 ], [ 7.912031751285005, 12.434894376580301 ], [ 7.912638397603546, 12.434581858455648 ], [ 7.913721243152773, 12.434085296553809 ], [ 7.913792632560154, 12.432471070932102 ], [ 7.912292690293243, 12.430866696932771 ], [ 7.911443748965008, 12.430468597373697 ], [ 7.910462763220692, 12.429419393034662 ], [ 7.90899481909688, 12.429069654388156 ], [ 7.909516771451353, 12.426442449089471 ], [ 7.910024243214909, 12.426771102656193 ], [ 7.910981071455658, 12.427793987329732 ], [ 7.911540330022181, 12.427336649174299 ], [ 7.911843164590426, 12.426712458223387 ], [ 7.912372859772725, 12.426234337340494 ], [ 7.912447195289562, 12.424560258921955 ], [ 7.911853271689854, 12.424281856911323 ], [ 7.911589249562776, 12.423998952820405 ], [ 7.910954550775553, 12.42341629029934 ], [ 7.910368019000436, 12.420327155888366 ], [ 7.909939522351618, 12.419934188353951 ], [ 7.909424366007405, 12.419382996784208 ], [ 7.907555789009932, 12.419082502237593 ], [ 7.906924870048291, 12.417470216517803 ], [ 7.905498998669931, 12.417130435087547 ], [ 7.904445516849063, 12.416162772044169 ], [ 7.904176550077652, 12.414746638712927 ], [ 7.903880158884024, 12.414474722297062 ], [ 7.903903986939468, 12.413932852260743 ], [ 7.903523132932818, 12.412850557758441 ], [ 7.90392338717198, 12.411743873270014 ], [ 7.903904557269906, 12.411220108288783 ], [ 7.904402102359788, 12.410305066617342 ], [ 7.903492543763917, 12.409470163385562 ], [ 7.902863664687533, 12.40879718164328 ], [ 7.901845698705245, 12.40875332877039 ], [ 7.901052462187604, 12.410387139940367 ], [ 7.900596947617715, 12.410403040595538 ], [ 7.899781634863719, 12.409846378693825 ], [ 7.899215730740856, 12.409581311114168 ], [ 7.899678523124206, 12.408730241129783 ], [ 7.898410420717783, 12.406902647889881 ], [ 7.898144131712705, 12.405499766920878 ], [ 7.897310010650085, 12.404421981963212 ], [ 7.897048306009572, 12.403596580109499 ], [ 7.89676267172043, 12.403334766123871 ], [ 7.896498686323671, 12.403051850047985 ], [ 7.895585796224462, 12.402763908343777 ], [ 7.89401460184629, 12.400611103940264 ], [ 7.893752910613935, 12.399785699881619 ], [ 7.891551798783724, 12.398246979445595 ], [ 7.892169278880691, 12.397522642031825 ], [ 7.892882891990253, 12.396878161437529 ], [ 7.892291743609896, 12.395196876360767 ], [ 7.893221573165999, 12.394911672946703 ], [ 7.894266726746776, 12.394373435891923 ], [ 7.894878413363233, 12.394636578935025 ], [ 7.895960942531139, 12.395205463915637 ], [ 7.896530706900549, 12.395185529663834 ], [ 7.897347648124673, 12.395470956392822 ], [ 7.898461105375161, 12.395736129177383 ], [ 7.900341093609177, 12.396228765389095 ], [ 7.900661284433466, 12.394931302252234 ], [ 7.900949098408805, 12.394671814140555 ], [ 7.901493655751447, 12.393849677985896 ], [ 7.903426763049469, 12.393495119744994 ], [ 7.90316348753322, 12.393042682761909 ], [ 7.901883663055758, 12.392222970643209 ], [ 7.901504970953955, 12.391146776719118 ], [ 7.901518082036822, 12.390847237750464 ], [ 7.900437867303951, 12.389855353021083 ], [ 7.90151677123774, 12.388327324151366 ], [ 7.901254612293055, 12.387609999111103 ], [ 7.900970124993268, 12.38707694657929 ], [ 7.900366925801128, 12.385175767322854 ], [ 7.899020641032408, 12.38543600148976 ], [ 7.898502046042618, 12.385981958456215 ], [ 7.897938306734049, 12.386240325630279 ], [ 7.897437030570254, 12.386768072872957 ], [ 7.896581602890424, 12.386797976169229 ], [ 7.894665725494459, 12.386015119201652 ], [ 7.893144848963759, 12.387034583234961 ], [ 7.892899555655426, 12.38628526827903 ], [ 7.893525493330787, 12.385719893074885 ], [ 7.893265081634071, 12.384593843166208 ], [ 7.892716948416692, 12.384090702320597 ], [ 7.892667707569149, 12.382731613678876 ], [ 7.892998253322606, 12.382433368909766 ], [ 7.893268020271793, 12.381338881298168 ], [ 7.893831752378112, 12.381080523220833 ], [ 7.894232967783931, 12.380252783536491 ], [ 7.894666383805132, 12.379456430753494 ], [ 7.894933857841196, 12.378904427208926 ], [ 7.895774648494018, 12.378375942473625 ], [ 7.895910094210042, 12.37769307477606 ], [ 7.894682978054534, 12.37730558637408 ], [ 7.894144860746817, 12.376730175159159 ], [ 7.892336513100898, 12.376793275275022 ], [ 7.891638729298827, 12.375104138219733 ], [ 7.891377064114937, 12.374278733151485 ], [ 7.89094866775255, 12.3738857430757 ], [ 7.890552738689149, 12.373461628084097 ], [ 7.889579141292303, 12.373154355354393 ], [ 7.88916530267146, 12.372378125766817 ], [ 7.889458191982235, 12.371296185412683 ], [ 7.889448594367587, 12.371016686928144 ], [ 7.889737539027837, 12.370485171135407 ], [ 7.890008447789072, 12.369119442792879 ], [ 7.890538530201995, 12.368145218550286 ], [ 7.890588539465271, 12.367021492377786 ], [ 7.890235398715102, 12.365910160187363 ], [ 7.889507345415423, 12.366676167627636 ], [ 7.887636507512925, 12.366241522405785 ], [ 7.887273854319424, 12.365853300190844 ], [ 7.886690846410553, 12.365579932866869 ], [ 7.886726602656254, 12.364771368862902 ], [ 7.886671145862019, 12.363231865038184 ], [ 7.887648260740736, 12.361933128783443 ], [ 7.888663090888318, 12.361016515128794 ], [ 7.888400423666215, 12.360432948763153 ], [ 7.887852945837231, 12.359405586733168 ], [ 7.888120617658474, 12.358804319059191 ], [ 7.890232748959383, 12.358234944967361 ], [ 7.890609469443928, 12.357458231486085 ], [ 7.89223491298862, 12.357160224794214 ], [ 7.892311684902072, 12.35543609715376 ], [ 7.892253773164614, 12.353831152264048 ], [ 7.892588185819525, 12.352476270498904 ], [ 7.894373611814537, 12.35192857691673 ], [ 7.894773065205655, 12.351507696667795 ], [ 7.895320476205064, 12.351013245514959 ], [ 7.895780331419185, 12.350066004495845 ], [ 7.898535785156716, 12.349368044321762 ], [ 7.899063951661853, 12.349349517102798 ], [ 7.8997681225298, 12.349379910542448 ], [ 7.900549677405484, 12.348557927609548 ], [ 7.901968475521576, 12.348824303085285 ], [ 7.902444325611674, 12.349333752954484 ], [ 7.903640396405225, 12.349385189059708 ], [ 7.904180549146813, 12.348817050330862 ], [ 7.904920354010962, 12.349608608287964 ], [ 7.905946274818096, 12.350147547125399 ], [ 7.908421398834411, 12.350253895596184 ], [ 7.909413100503774, 12.349949797099175 ], [ 7.909682755400571, 12.34885528206468 ], [ 7.910262599318509, 12.348589265112835 ], [ 7.910928450365689, 12.346549605882473 ], [ 7.911445532695211, 12.346082547630168 ], [ 7.91071407710505, 12.344311466536979 ], [ 7.911358305836957, 12.343979481496547 ], [ 7.911921940165537, 12.343721076990004 ], [ 7.912745988866272, 12.343296298982022 ], [ 7.91356758079344, 12.343727906120831 ], [ 7.914123762135908, 12.343708401577523 ], [ 7.914968541017305, 12.343744612295122 ], [ 7.914910939831076, 12.342160588201457 ], [ 7.915229706538139, 12.34182491318335 ], [ 7.917989924442407, 12.341511388099596 ], [ 7.917730164228474, 12.340207347546039 ], [ 7.91743934572862, 12.339381050330852 ], [ 7.918487221882565, 12.339426002110624 ], [ 7.919114005488911, 12.339138429096394 ], [ 7.919384056333623, 12.338854209610915 ], [ 7.920431479065467, 12.33940430434472 ], [ 7.92212900490095, 12.339104008273562 ], [ 7.922150992770615, 12.338602651460103 ], [ 7.922112256209433, 12.337533652521383 ], [ 7.923250937997525, 12.337245178858613 ], [ 7.923381209368205, 12.337250768301391 ], [ 7.9226051, 12.3367097 ], [ 7.9185619, 12.3358483 ], [ 7.9027291, 12.3324752 ], [ 7.8923544, 12.3302649 ], [ 7.8866479, 12.3098188 ], [ 7.8850038, 12.2985213 ], [ 7.8769626, 12.2895763 ], [ 7.8645375, 12.2806802 ], [ 7.8701415, 12.2663691 ], [ 7.8736764, 12.2606461 ], [ 7.8781365, 12.2534248 ], [ 7.8764535, 12.2357532 ], [ 7.8764047, 12.2352413 ], [ 7.8674616, 12.2339394 ], [ 7.8631549, 12.23258 ], [ 7.8658644, 12.2291654 ], [ 7.867523, 12.2265723 ], [ 7.8707844, 12.2237299 ], [ 7.8707585, 12.2199471 ], [ 7.8695701, 12.2159516 ], [ 7.8683283, 12.214145 ], [ 7.8644027, 12.2096852 ], [ 7.8641873, 12.2072715 ], [ 7.8642626, 12.2015185 ], [ 7.8628841, 12.197151 ], [ 7.8609801, 12.1933073 ], [ 7.8616481, 12.1892058 ], [ 7.8601745, 12.1825613 ], [ 7.859509, 12.1787976 ], [ 7.8555085, 12.1767674 ], [ 7.855838, 12.1727905 ], [ 7.8596286, 12.169507 ], [ 7.8599775, 12.1629175 ], [ 7.8585421, 12.1593371 ], [ 7.8543201, 12.1566666 ], [ 7.8542217, 12.1551423 ], [ 7.8565985, 12.1507741 ], [ 7.8552675, 12.1501235 ], [ 7.8552002, 12.1470972 ], [ 7.8571254, 12.1451454 ], [ 7.8594785, 12.1443786 ], [ 7.8627852, 12.1410359 ], [ 7.865468, 12.139987 ], [ 7.8648392, 12.1349437 ], [ 7.8631863, 12.1319703 ], [ 7.8632171, 12.1216087 ], [ 7.8642114, 12.1183306 ], [ 7.8663236, 12.1174002 ], [ 7.8696036, 12.1155179 ], [ 7.8708871, 12.1143327 ], [ 7.8713177, 12.1128372 ], [ 7.8698175, 12.1096617 ], [ 7.8691758, 12.1070821 ], [ 7.8676159, 12.1042238 ], [ 7.8673219, 12.1013652 ], [ 7.869461, 12.0963454 ], [ 7.869, 12.0955 ], [ 7.8671793, 12.0947418 ], [ 7.8670367, 12.0930685 ], [ 7.8698175, 12.0902099 ], [ 7.8699364, 12.0863983 ], [ 7.8682251, 12.0826333 ], [ 7.8723622, 12.0756821 ], [ 7.8756421, 12.0650835 ], [ 7.8757369, 12.0616 ], [ 7.87771, 12.0501611 ], [ 7.8797908, 12.0443407 ], [ 7.8698658, 12.027516 ], [ 7.8655785, 12.0213919 ], [ 7.8629914, 12.0176964 ], [ 7.8597359, 12.008163 ], [ 7.85872333121595, 12.004913828650974 ], [ 7.85775255281275, 12.004709757655327 ], [ 7.857065585054324, 12.005157007912445 ], [ 7.855461452996897, 12.007291590920639 ], [ 7.8539658820343, 12.007800686512937 ], [ 7.852670700986962, 12.007119367835699 ], [ 7.852385967889403, 12.007129324786327 ], [ 7.851575372571195, 12.005758881315408 ], [ 7.850490438377929, 12.005249537434214 ], [ 7.850201144910616, 12.004939482986796 ], [ 7.849089348972102, 12.004674255615676 ], [ 7.848825774409391, 12.004391325046097 ], [ 7.84798951628378, 12.004127227107512 ], [ 7.847725943444797, 12.003844295644628 ], [ 7.846614155248077, 12.00357905904842 ], [ 7.846350584445902, 12.00329612645926 ], [ 7.845249559766187, 12.002779015716506 ], [ 7.844730591320012, 12.001685248138694 ], [ 7.843878884908924, 12.001387169724422 ], [ 7.841883825675279, 12.00091085444129 ], [ 7.841983226935227, 11.998678480517469 ], [ 7.841391909918528, 11.998652988180863 ], [ 7.840257681975623, 11.999237943728414 ], [ 7.838367924849504, 11.99893369144459 ], [ 7.836942241900636, 11.997958794030763 ], [ 7.836026231008261, 11.997476854985459 ], [ 7.834852820372936, 11.998538166272761 ], [ 7.834243446495589, 11.999459044546645 ], [ 7.833129451767625, 11.99971505752336 ], [ 7.832085814826679, 12.000253204249455 ], [ 7.830924015355537, 11.999987699170825 ], [ 7.829274302560444, 11.99955459283834 ], [ 7.828002513608729, 12.000210440905811 ], [ 7.826315159007777, 12.000269328011482 ], [ 7.825432880143723, 11.999457441682408 ], [ 7.825153443816316, 11.998867944853949 ], [ 7.824041706211563, 11.998602622406674 ], [ 7.823641036607007, 11.998172874435683 ], [ 7.821629704810355, 11.998857635670825 ], [ 7.81905785746095, 11.999115926264327 ], [ 7.817988495942251, 12.000242233140803 ], [ 7.817191989625737, 11.999389097444237 ], [ 7.816609287460174, 11.999363854113437 ], [ 7.816333023801168, 11.9996551251671 ], [ 7.815770070782354, 11.999913397254202 ], [ 7.814951838637084, 12.000463025498712 ], [ 7.814267554923342, 12.000777201933973 ], [ 7.814934226355882, 12.00203057571427 ], [ 7.814516965040018, 12.003798543411984 ], [ 7.813327405700235, 12.004344738385754 ], [ 7.811608649478907, 12.006406238010586 ], [ 7.811664713698061, 12.007980454859519 ], [ 7.810493429260411, 12.009384692969638 ], [ 7.810090843156071, 12.010619223095459 ], [ 7.809140432105607, 12.011478189482848 ], [ 7.808839012088326, 12.012100721520131 ], [ 7.808292209538817, 12.01259506104136 ], [ 7.808007625293379, 12.013182168172733 ], [ 7.807720175853727, 12.013441594980522 ], [ 7.80692158855874, 12.01428318688415 ], [ 7.805772852586994, 12.015321683244595 ], [ 7.805240274680201, 12.015882827547689 ], [ 7.80412619473383, 12.016138715778858 ], [ 7.803859632754171, 12.016419682028499 ], [ 7.802890560622094, 12.016377654833324 ], [ 7.802315928603016, 12.017562692732737 ], [ 7.801652284785396, 12.017213108103423 ], [ 7.800816047884546, 12.016948869901512 ], [ 7.800553718514948, 12.016394656190366 ], [ 7.799757259195942, 12.016020656810996 ], [ 7.799458765230937, 12.014762476378289 ], [ 7.798035189931917, 12.014422333930652 ], [ 7.797522788860492, 12.013951011660293 ], [ 7.797259264748877, 12.013668036862963 ], [ 7.796723282022252, 12.013175156328463 ], [ 7.796697440440058, 12.012450308342187 ], [ 7.79672195820279, 12.011897855186234 ], [ 7.795844424151866, 12.011485618706525 ], [ 7.795342555361226, 12.010947322643204 ], [ 7.794931464160931, 12.010569143978104 ], [ 7.795339025990511, 12.009319829832421 ], [ 7.795627690044647, 12.008788381434034 ], [ 7.795609060413697, 12.008257463119282 ], [ 7.796171650899159, 12.007967183051102 ], [ 7.796960046970541, 12.007605292862365 ], [ 7.797052647629597, 12.005535052363262 ], [ 7.797004746748661, 12.004201923826693 ], [ 7.797356173113354, 12.003228377302445 ], [ 7.797016017035737, 12.002510655129445 ], [ 7.796473624477774, 12.002011655141755 ], [ 7.796209574920161, 12.001728413107781 ], [ 7.795664347743361, 12.001747257921538 ], [ 7.795330446326219, 12.000470910089046 ], [ 7.795479170032988, 11.997154343058005 ], [ 7.794549635237739, 11.996829296587602 ], [ 7.794017336009629, 11.996847664919329 ], [ 7.792402995338498, 11.995743536677818 ], [ 7.791805574065909, 11.995764269266932 ], [ 7.791864740474165, 11.994440874637981 ], [ 7.791428248633471, 11.993972521665503 ], [ 7.791000571272124, 11.993579434510252 ], [ 7.79067634028238, 11.992554504288831 ], [ 7.788528396533794, 11.993098573326916 ], [ 7.786598242228151, 11.992591696725142 ], [ 7.785681311253306, 11.993064256718522 ], [ 7.785220782832099, 11.992198192755275 ], [ 7.784881186546712, 11.990403690804008 ], [ 7.783996446710163, 11.989937886521487 ], [ 7.783308751723383, 11.990292498602885 ], [ 7.781650492346583, 11.990000801185436 ], [ 7.781135768826561, 11.990542377101242 ], [ 7.780007975070631, 11.990038948206498 ], [ 7.779986436101932, 11.989443386122979 ], [ 7.781038965200728, 11.988491987591312 ], [ 7.780416582418558, 11.986525928325149 ], [ 7.779736764134889, 11.986206692767302 ], [ 7.779773244308972, 11.985393115792748 ], [ 7.778155871879638, 11.984632991001094 ], [ 7.777285586099976, 11.982995367371847 ], [ 7.777254001293968, 11.982122159378203 ], [ 7.777292246980203, 11.981276274697779 ], [ 7.776729312863783, 11.980217975283596 ], [ 7.777296566358244, 11.979957681362073 ], [ 7.777565014862092, 11.979134521713895 ], [ 7.778681391971756, 11.978336246337605 ], [ 7.779171766686633, 11.977819732011316 ], [ 7.780193772892948, 11.977784181506372 ], [ 7.781427926688911, 11.977837758433402 ], [ 7.781166834872946, 11.976423444056445 ], [ 7.779508094497345, 11.975898637654719 ], [ 7.778989182124499, 11.975342233333244 ], [ 7.778000553215427, 11.975376600252648 ], [ 7.77754108022924, 11.974406432850907 ], [ 7.774957093632946, 11.973588574158438 ], [ 7.77427218921545, 11.972854491466451 ], [ 7.772716116953684, 11.972123219073096 ], [ 7.77236352220187, 11.971798778113582 ], [ 7.771888544221013, 11.971289174603122 ], [ 7.770457525896459, 11.971227015032841 ], [ 7.769894994355321, 11.971516983990263 ], [ 7.769339802944209, 11.971492828441267 ], [ 7.768650948822216, 11.971516824123999 ], [ 7.768193669418734, 11.971496804009542 ], [ 7.76741294889038, 11.972319556930582 ], [ 7.766573294315352, 11.972847759725054 ], [ 7.766293914525711, 11.973702910604544 ], [ 7.764734310701501, 11.973635121714075 ], [ 7.764197902194092, 11.975278500219524 ], [ 7.763532946688774, 11.975014919904497 ], [ 7.763101244170346, 11.974103131083059 ], [ 7.762449880360928, 11.973100575575501 ], [ 7.761632940181646, 11.973128755942252 ], [ 7.760888639878312, 11.972330809464658 ], [ 7.759684720525045, 11.973088626086247 ], [ 7.75935249937013, 11.97443463344297 ], [ 7.758852537682181, 11.974452022212834 ], [ 7.757476892808703, 11.973339501742075 ], [ 7.756147615885731, 11.973385527483881 ], [ 7.755217491045337, 11.972749382539044 ], [ 7.754178539419283, 11.97226108810354 ], [ 7.75391796137375, 11.970884114081176 ], [ 7.753396197880089, 11.971433288266875 ], [ 7.752806056541391, 11.971170016772451 ], [ 7.751790322649724, 11.970080527191733 ], [ 7.750834843535195, 11.970634653995912 ], [ 7.750090307839081, 11.971418577315438 ], [ 7.748770740789367, 11.971110989472987 ], [ 7.748684956268574, 11.968705182661473 ], [ 7.748725732912315, 11.967794953802171 ], [ 7.747313202520913, 11.967347882024002 ], [ 7.747339553103139, 11.966766840734666 ], [ 7.746231528302613, 11.96574685231257 ], [ 7.746211489237477, 11.965191297926781 ], [ 7.74659899338298, 11.964119184073667 ], [ 7.746242604299269, 11.962992889654371 ], [ 7.745957026857858, 11.962730437241701 ], [ 7.745981587250427, 11.962188061896374 ], [ 7.745685831724171, 11.961916026944355 ], [ 7.745390091112974, 11.961290900975788 ], [ 7.7445901655812, 11.960554917052765 ], [ 7.744286288454822, 11.959594939451877 ], [ 7.743087730318997, 11.95896338741303 ], [ 7.742399601595604, 11.960002628702091 ], [ 7.742112157668916, 11.960261988517452 ], [ 7.741587933436817, 11.961343548254648 ], [ 7.741058939218349, 11.961361837005681 ], [ 7.740185627467721, 11.960557967854745 ], [ 7.739926625412726, 11.958624736035841 ], [ 7.739373712751228, 11.958115793965254 ], [ 7.73910773329371, 11.956993608257156 ], [ 7.738822704826558, 11.956731681126602 ], [ 7.738569349316093, 11.9542787709583 ], [ 7.73800894583031, 11.953763171584569 ], [ 7.738022151431404, 11.953467884611234 ], [ 7.738012647481201, 11.953196599975575 ], [ 7.73802466512596, 11.952925412018811 ], [ 7.738015161135961, 11.952654127374705 ], [ 7.738039795653786, 11.952098510278921 ], [ 7.737471739399775, 11.951029531536118 ], [ 7.737205861944981, 11.950468106391343 ], [ 7.736810088212627, 11.950884844534558 ], [ 7.73610450990147, 11.950235087929034 ], [ 7.735838548560859, 11.949112900647345 ], [ 7.734783386626524, 11.948435344840256 ], [ 7.735295120526617, 11.947493599465341 ], [ 7.735564908481661, 11.946399251419423 ], [ 7.735911775331889, 11.946085863699507 ], [ 7.735581961370431, 11.945043118911169 ], [ 7.735026526222443, 11.943693946775914 ], [ 7.735044574213257, 11.943282926629127 ], [ 7.735015532012526, 11.94246907042478 ], [ 7.735067689193404, 11.941316262249993 ], [ 7.734775717754521, 11.940699621989953 ], [ 7.734234099060629, 11.940201055132329 ], [ 7.733948833781954, 11.938256578349289 ], [ 7.734611715486733, 11.937317631624074 ], [ 7.733704309426797, 11.936344599673822 ], [ 7.733103238139239, 11.935790933254495 ], [ 7.733163828907653, 11.934444797972906 ], [ 7.732353298072351, 11.933698675099757 ], [ 7.732322395321461, 11.932823358050346 ], [ 7.732631703007243, 11.932253395066382 ], [ 7.732575086639445, 11.930659064553826 ], [ 7.732633270657336, 11.929367484853676 ], [ 7.732353319842484, 11.92848283368355 ], [ 7.731794734910435, 11.927125962715369 ], [ 7.732608293410032, 11.926752165745174 ], [ 7.732661647340105, 11.925573404119415 ], [ 7.732352643199492, 11.924921456370949 ], [ 7.731653565758211, 11.924277551432192 ], [ 7.732212315929417, 11.920383878975841 ], [ 7.73321203253528, 11.920349439660599 ], [ 7.733680513421085, 11.92036982363866 ], [ 7.734871243202926, 11.920096250177107 ], [ 7.735403745190684, 11.919535231572905 ], [ 7.735981794234896, 11.919012824046373 ], [ 7.735434602124996, 11.917983143418594 ], [ 7.735161800691235, 11.916832052817615 ], [ 7.734615680640409, 11.915804495288887 ], [ 7.734885654742059, 11.914660874258127 ], [ 7.735236800590534, 11.914343528381204 ], [ 7.735165865848789, 11.91235100871044 ], [ 7.735561659596804, 11.909591091524842 ], [ 7.736298606060947, 11.90925295885083 ], [ 7.736565829377001, 11.908701076721952 ], [ 7.738230347107056, 11.908447883872508 ], [ 7.738736870678038, 11.907914022799851 ], [ 7.739523407007872, 11.907552792967937 ], [ 7.740124633942807, 11.906312371036458 ], [ 7.742767876979978, 11.906012663923985 ], [ 7.744029246002879, 11.905218858802332 ], [ 7.744529806514882, 11.90469131601064 ], [ 7.7454035701758, 11.904661034442361 ], [ 7.747504906438923, 11.904752490099311 ], [ 7.747881913455731, 11.903597935310733 ], [ 7.748709935253864, 11.903217789489128 ], [ 7.748333510663555, 11.902600258142012 ], [ 7.746514699230369, 11.901432507029902 ], [ 7.746232779985061, 11.899328056656408 ], [ 7.744882575680084, 11.898973197372245 ], [ 7.744190144433406, 11.898997134530349 ], [ 7.743226358206607, 11.898955228486935 ], [ 7.741854407631535, 11.899002620689529 ], [ 7.741582929339807, 11.898145033333675 ], [ 7.740742344981669, 11.897750046122633 ], [ 7.73971094435492, 11.897206397671898 ], [ 7.738550961611644, 11.89760092683612 ], [ 7.737309310008225, 11.897274596476183 ], [ 7.735935217661893, 11.897322215923881 ], [ 7.734996719950309, 11.897281190467838 ], [ 7.733761564273802, 11.898110039213604 ], [ 7.731690851344639, 11.896299783879321 ], [ 7.731663761323825, 11.895529111344164 ], [ 7.731682344001997, 11.895117563741735 ], [ 7.731396846346203, 11.894855103005785 ], [ 7.730858227354735, 11.892916636641148 ], [ 7.729735005924021, 11.891882770130941 ], [ 7.729772780835058, 11.891045108893262 ], [ 7.729745180582774, 11.890269401734438 ], [ 7.730042486337527, 11.889956055704541 ], [ 7.731421014047522, 11.88963935821873 ], [ 7.731159897073586, 11.888876110165516 ], [ 7.730774245949845, 11.888521019347611 ], [ 7.731254394979826, 11.887636606793693 ], [ 7.730892032937891, 11.887247451586946 ], [ 7.730331675676193, 11.886984284915123 ], [ 7.729804460046358, 11.886418503764006 ], [ 7.729235095843142, 11.88589438304848 ], [ 7.728974276446619, 11.885068887663797 ], [ 7.728159070866938, 11.884318241950265 ], [ 7.727863262905203, 11.883383190047237 ], [ 7.726024424832775, 11.88344642180626 ], [ 7.724842552664767, 11.882890922450832 ], [ 7.724579223871145, 11.882607896964966 ], [ 7.723710722228014, 11.882332997369275 ], [ 7.72379468818192, 11.880473356319605 ], [ 7.722939474399961, 11.879888070671322 ], [ 7.722103745674418, 11.879623645003702 ], [ 7.721565028027312, 11.879339371612334 ], [ 7.720488916173845, 11.878833604209346 ], [ 7.720454252260161, 11.87784781219036 ], [ 7.720495081061313, 11.876936795152476 ], [ 7.720195365847691, 11.87661519210987 ], [ 7.719678604987871, 11.877159308342048 ], [ 7.719203574044005, 11.877175697913607 ], [ 7.718331128298034, 11.875333446155755 ], [ 7.717985390520925, 11.874962364172474 ], [ 7.715673738604227, 11.875041931014804 ], [ 7.715021826803508, 11.87366422026224 ], [ 7.713610410393571, 11.872522243982303 ], [ 7.71274625046598, 11.872248659027782 ], [ 7.712012520565404, 11.871461261064496 ], [ 7.711135079153646, 11.871153706044662 ], [ 7.710168412136664, 11.871291275176912 ], [ 7.710484047604642, 11.870396349161247 ], [ 7.710036308550642, 11.8695302568277 ], [ 7.709748226719554, 11.867425502192567 ], [ 7.707024148383205, 11.867038251582043 ], [ 7.707297834813388, 11.866257566793934 ], [ 7.707797658757313, 11.865312098074273 ], [ 7.708422926615517, 11.863539970054349 ], [ 7.708412609784956, 11.862874800054666 ], [ 7.708462776711266, 11.860900322373116 ], [ 7.707884468709853, 11.859782258176409 ], [ 7.70827646356181, 11.859345929689198 ], [ 7.709262384282203, 11.858421746333903 ], [ 7.708763140802198, 11.857875397943232 ], [ 7.707891978886141, 11.857043396572244 ], [ 7.707350470228373, 11.856221903737273 ], [ 7.706430595071524, 11.855343057249268 ], [ 7.705974886140583, 11.852636249750763 ], [ 7.705997380425044, 11.851742900251862 ], [ 7.705978708726342, 11.850568586874475 ], [ 7.706272992229949, 11.849978445764554 ], [ 7.707651881049399, 11.84954450460876 ], [ 7.707383652378145, 11.849169794552475 ], [ 7.706278776691263, 11.848635513128267 ], [ 7.706306421887633, 11.84756127187058 ], [ 7.705577860475777, 11.846492581444586 ], [ 7.705135935321951, 11.845201373792319 ], [ 7.705725796000588, 11.844086525367775 ], [ 7.705765440638189, 11.842519655184343 ], [ 7.705759299854773, 11.842110381694775 ], [ 7.706044189526214, 11.841571320210468 ], [ 7.705490304724105, 11.840757982325723 ], [ 7.705504164752732, 11.840212914846081 ], [ 7.705495436469707, 11.839667744179939 ], [ 7.705777418742144, 11.83940308922195 ], [ 7.706108424305851, 11.8380918368024 ], [ 7.707439733682673, 11.837240745870796 ], [ 7.707718650495328, 11.835338031262976 ], [ 7.708012753915974, 11.834781261150422 ], [ 7.707991604723697, 11.833444030692341 ], [ 7.709656936171349, 11.832920255656816 ], [ 7.710212049743964, 11.832094487218832 ], [ 7.710743036254141, 11.831596535019838 ], [ 7.711320905528613, 11.830503865098457 ], [ 7.711052357344085, 11.830199616554845 ], [ 7.710665799585106, 11.829830465836242 ], [ 7.711328673059132, 11.828844663973701 ], [ 7.711787810913081, 11.828413928017422 ], [ 7.711346745814234, 11.826132329637982 ], [ 7.709416504818406, 11.825586372205825 ], [ 7.708518460690547, 11.824657310705964 ], [ 7.707209988019125, 11.824209526191497 ], [ 7.706139726065899, 11.824226104820363 ], [ 7.705574806142873, 11.823936128830852 ], [ 7.704184858474362, 11.823662253597041 ], [ 7.703559553393929, 11.822377360309259 ], [ 7.702275580101302, 11.821756433354775 ], [ 7.701099978080571, 11.820963557549245 ], [ 7.699256168632734, 11.820918030795344 ], [ 7.698979502612436, 11.821198863931501 ], [ 7.698697535080065, 11.821463513730762 ], [ 7.698411416031843, 11.822037529168682 ], [ 7.69676763094174, 11.821996875482073 ], [ 7.696425607176103, 11.823019343587283 ], [ 7.695384533748835, 11.823346987484818 ], [ 7.694853342098576, 11.823886495584929 ], [ 7.694019187956435, 11.823899346740317 ], [ 7.693481505127295, 11.822859060882399 ], [ 7.693188485397108, 11.821711299093014 ], [ 7.693745231565193, 11.820658833909455 ], [ 7.692849853848289, 11.818729544320995 ], [ 7.691825780408822, 11.818990769315937 ], [ 7.691554513383716, 11.819266057329104 ], [ 7.690721878780534, 11.819528160247577 ], [ 7.69017527852213, 11.819802176833139 ], [ 7.68851664608114, 11.820060460709804 ], [ 7.686573781475132, 11.82060455269429 ], [ 7.685901111620044, 11.820587930984638 ], [ 7.684687814162623, 11.820606680892061 ], [ 7.684385353360704, 11.820317882493832 ], [ 7.68440258539252, 11.819637215488148 ], [ 7.684391841975087, 11.818959067911134 ], [ 7.684438871789773, 11.817105642047375 ], [ 7.683407150970105, 11.815591033228321 ], [ 7.684152596438119, 11.814892021253122 ], [ 7.683586569724429, 11.814618159056424 ], [ 7.683051908879459, 11.813519863632393 ], [ 7.68249563802203, 11.812443188149489 ], [ 7.681966311410955, 11.811355511634062 ], [ 7.681400830755184, 11.811081913419729 ], [ 7.680856888241615, 11.810802586177203 ], [ 7.680576161719644, 11.810807110562283 ], [ 7.679476674658556, 11.809977160443532 ], [ 7.678118224178792, 11.809998126317085 ], [ 7.677833553432779, 11.809703842287368 ], [ 7.677554131632691, 11.809436601441211 ], [ 7.677218125741317, 11.808746080490204 ], [ 7.676182909592574, 11.809430215894352 ], [ 7.67511359604275, 11.809935128157321 ], [ 7.674374086252506, 11.810628845156804 ], [ 7.673554858770403, 11.811460721598978 ], [ 7.67314658891669, 11.811038183420944 ], [ 7.671462886196003, 11.810706101193007 ], [ 7.670528821686729, 11.809813320907066 ], [ 7.669991605218233, 11.809257736375006 ], [ 7.669572485558286, 11.808856863830217 ], [ 7.66904215258013, 11.807767044910365 ], [ 7.667688631800021, 11.807327357489868 ], [ 7.667658959334392, 11.80545477800554 ], [ 7.667682194599981, 11.804540784272804 ], [ 7.667398929328812, 11.80395910268372 ], [ 7.666846832232261, 11.803148099136449 ], [ 7.666583476091919, 11.801785377651935 ], [ 7.666056280475086, 11.799717631822986 ], [ 7.666037756459346, 11.798543595020741 ], [ 7.666327801379823, 11.797720646969811 ], [ 7.666323758127926, 11.797444621966674 ], [ 7.666882026963261, 11.795861928849819 ], [ 7.666616232985334, 11.795004588818582 ], [ 7.666061532637237, 11.794736048577827 ], [ 7.665652344998323, 11.792619057759326 ], [ 7.664972119060319, 11.792289799250895 ], [ 7.664998024581073, 11.791268805974996 ], [ 7.664537095356581, 11.789846619091024 ], [ 7.662504941503217, 11.79010301440092 ], [ 7.661973223201328, 11.790642989493886 ], [ 7.660884522207621, 11.789945736620069 ], [ 7.66058045830821, 11.788446938558062 ], [ 7.660601003153426, 11.787647626676856 ], [ 7.660041698505229, 11.787113115066624 ], [ 7.659774436398702, 11.786564084172859 ], [ 7.659219760235061, 11.786295532997213 ], [ 7.658405862659136, 11.784930214546987 ], [ 7.657786091001389, 11.784337670813182 ], [ 7.658282594423999, 11.782854034118616 ], [ 7.659239524337432, 11.782221769910203 ], [ 7.660067311011005, 11.781830730454253 ], [ 7.659802057337926, 11.780868231590887 ], [ 7.659247391955981, 11.780599681606319 ], [ 7.658980136361246, 11.780050650580469 ], [ 7.658700761699462, 11.779783395882621 ], [ 7.65843877198439, 11.778149440437071 ], [ 7.657227675312506, 11.77775568469624 ], [ 7.656785603819723, 11.777333236296798 ], [ 7.656433325836394, 11.776246626746001 ], [ 7.655075614631053, 11.777368078414971 ], [ 7.65445583371968, 11.777997418992751 ], [ 7.654031429733555, 11.777591472662968 ], [ 7.653765507695152, 11.77677120754468 ], [ 7.653213499018536, 11.775960186297029 ], [ 7.652459837309888, 11.774051343903098 ], [ 7.651981273139647, 11.774058615062641 ], [ 7.651330224631284, 11.772720542054298 ], [ 7.650470614021462, 11.771593118289173 ], [ 7.65051640679055, 11.769810697105207 ], [ 7.649292044023712, 11.76939115625844 ], [ 7.647999631247273, 11.769695202119928 ], [ 7.647205324250461, 11.770501698172943 ], [ 7.646634564115523, 11.770233050492687 ], [ 7.646368669409044, 11.769412781241167 ], [ 7.646090644939617, 11.768874286670826 ], [ 7.645823425569021, 11.768325246963167 ], [ 7.6452688006214, 11.768056673769276 ], [ 7.645296098484112, 11.766983248426584 ], [ 7.644618742523583, 11.766635156868343 ], [ 7.643233638641163, 11.767094755251001 ], [ 7.642373656162997, 11.766272716245798 ], [ 7.641714264117622, 11.764237160983159 ], [ 7.640898972027512, 11.763842581188602 ], [ 7.640881330576432, 11.762726827876431 ], [ 7.641176981450839, 11.760437300919788 ], [ 7.64173007205045, 11.759918654282984 ], [ 7.640907876803229, 11.758522800455141 ], [ 7.639011254029732, 11.75728472236379 ], [ 7.638701922547506, 11.755682321094428 ], [ 7.637078713205292, 11.75526427577228 ], [ 7.63511526680591, 11.754939686959586 ], [ 7.634602721644179, 11.753885668836773 ], [ 7.633504279832755, 11.75335383378941 ], [ 7.632948770922815, 11.752510185709568 ], [ 7.631317490080221, 11.752535212592441 ], [ 7.631296207956502, 11.751183704374753 ], [ 7.631866037395311, 11.750649528258192 ], [ 7.631600278661617, 11.749813358888057 ], [ 7.630780442102393, 11.74860900205066 ], [ 7.631052428842738, 11.748183322836489 ], [ 7.631605509063569, 11.747664694784955 ], [ 7.631341091828973, 11.746557296835341 ], [ 7.630810285284664, 11.746049630474094 ], [ 7.633002834782964, 11.743399433809989 ], [ 7.632736074175471, 11.742766687086093 ], [ 7.631907602867882, 11.742225548193179 ], [ 7.631639094818635, 11.741947728870764 ], [ 7.631084536672057, 11.741679134997622 ], [ 7.630825400434115, 11.739502714609726 ], [ 7.630406438357354, 11.739101800361945 ], [ 7.629482727983268, 11.738145400745326 ], [ 7.628623428471252, 11.73840721479999 ], [ 7.628352193334569, 11.738682445868964 ], [ 7.628070259016076, 11.738947029006932 ], [ 7.627560203127583, 11.739465064511627 ], [ 7.626412080685441, 11.740295235504735 ], [ 7.625033666948002, 11.741380695236174 ], [ 7.624486705622364, 11.741099675340454 ], [ 7.622842684053021, 11.740565179895691 ], [ 7.622564025755046, 11.740276708911328 ], [ 7.622013983982446, 11.739750924497891 ], [ 7.621746375843272, 11.73864536094189 ], [ 7.621187779470204, 11.738111058068078 ], [ 7.620653493352564, 11.737012683159385 ], [ 7.619628886306217, 11.736679288738125 ], [ 7.619231475334852, 11.735516678539202 ], [ 7.619630623519141, 11.734384403751289 ], [ 7.618760988293252, 11.733483329879071 ], [ 7.617954171258964, 11.733463272844791 ], [ 7.616816312184841, 11.733744630583656 ], [ 7.614945135321246, 11.734035674603083 ], [ 7.613501339625398, 11.735079439281924 ], [ 7.613230094784323, 11.735354654733603 ], [ 7.612807179225896, 11.735751506053058 ], [ 7.611887533508036, 11.736684966898729 ], [ 7.61128993163395, 11.736967334748842 ], [ 7.610458752311482, 11.737516620556374 ], [ 7.609663752669566, 11.73749686126518 ], [ 7.60908257297649, 11.738041530917206 ], [ 7.608677995214438, 11.738853259564596 ], [ 7.608529344123566, 11.738586601041865 ], [ 7.608133986736744, 11.737774155322157 ], [ 7.607710417456905, 11.737763615859256 ], [ 7.606789452582153, 11.737777403716676 ], [ 7.60634371308089, 11.736400790961184 ], [ 7.605789195596393, 11.736132151883576 ], [ 7.605019742723376, 11.735736911154286 ], [ 7.601779150061997, 11.736166595167207 ], [ 7.601381306148776, 11.73691901249205 ], [ 7.601019980840723, 11.737998199068052 ], [ 7.599200095386339, 11.738025836458696 ], [ 7.598905423669638, 11.737720579693645 ], [ 7.59834687816363, 11.737186237319204 ], [ 7.597704272204776, 11.735201822693769 ], [ 7.595901118216324, 11.733094898937868 ], [ 7.595605268232099, 11.732811884776519 ], [ 7.595646071940703, 11.731228135900666 ], [ 7.59508776754052, 11.730649819994104 ], [ 7.594257272052874, 11.730107248827485 ], [ 7.594542768142047, 11.729567514008016 ], [ 7.594815395575543, 11.729021092958394 ], [ 7.595371183042858, 11.727970683131925 ], [ 7.595051060673091, 11.727279641989282 ], [ 7.59374090284704, 11.72793671341374 ], [ 7.592905088507792, 11.727915650275365 ], [ 7.592487398308158, 11.728339511914195 ], [ 7.590413090523231, 11.728728195239466 ], [ 7.589587239945164, 11.729814344747407 ], [ 7.589030052372427, 11.730077528587088 ], [ 7.588758791464318, 11.730352718691845 ], [ 7.588205679113103, 11.730871259211971 ], [ 7.588471290800458, 11.731707453145662 ], [ 7.58983020332883, 11.73204101317735 ], [ 7.58986303332988, 11.73415010064633 ], [ 7.589010726878502, 11.733879961965759 ], [ 7.588221415600501, 11.733062372702264 ], [ 7.586544360514774, 11.733447157106792 ], [ 7.586519579628121, 11.734407466156357 ], [ 7.586544637255167, 11.736031793894748 ], [ 7.585974754729567, 11.736040364721733 ], [ 7.585157193236021, 11.736019896409998 ], [ 7.584599906001766, 11.73629922725565 ], [ 7.582744088362596, 11.73673528125026 ], [ 7.58210912991315, 11.737380276201693 ], [ 7.581161547551272, 11.736398456633443 ], [ 7.580743825786598, 11.73682256312218 ], [ 7.580461853664648, 11.737087094348622 ], [ 7.580190577546581, 11.737362274416309 ], [ 7.579908604352123, 11.737626804962359 ], [ 7.579458996849448, 11.738083064951606 ], [ 7.579082655486502, 11.73735411857087 ], [ 7.57959291855031, 11.73639039966093 ], [ 7.578467492320914, 11.735812149683728 ], [ 7.577847907195218, 11.736393376036395 ], [ 7.577204297227313, 11.737046525977727 ], [ 7.574687436087744, 11.735978733528869 ], [ 7.574418996981659, 11.735700867520174 ], [ 7.574139753323487, 11.735433543428003 ], [ 7.573872708926576, 11.734884454901682 ], [ 7.57179136224057, 11.734539794366736 ], [ 7.570828421404478, 11.734044703554204 ], [ 7.570018228638118, 11.734057073496365 ], [ 7.569258391168229, 11.733269515495806 ], [ 7.566283560265997, 11.732935970788946 ], [ 7.565914256455545, 11.730228192394405 ], [ 7.564538511502126, 11.730248835754686 ], [ 7.563990974664602, 11.729681645364503 ], [ 7.562377228947152, 11.729156508217926 ], [ 7.561240326529842, 11.72831697712062 ], [ 7.560953427113842, 11.726522357086056 ], [ 7.559601632675196, 11.725867679024283 ], [ 7.559316458316898, 11.724986607202844 ], [ 7.554947928332145, 11.725052507918848 ], [ 7.554658671239785, 11.724752537508323 ], [ 7.55355379576251, 11.724481023663921 ], [ 7.553010169343489, 11.724201749362397 ], [ 7.551227567825142, 11.723906402738129 ], [ 7.550536272833426, 11.722567162656029 ], [ 7.550273532183834, 11.721204399884449 ], [ 7.549719110563314, 11.720935661590321 ], [ 7.549193544365154, 11.720391073858289 ], [ 7.548761415084189, 11.720380141875484 ], [ 7.547864180318679, 11.72039360131541 ], [ 7.546357762103465, 11.720023610615847 ], [ 7.545873172589205, 11.719560011481981 ], [ 7.544780814096947, 11.717725271529968 ], [ 7.542495366581087, 11.717077426677081 ], [ 7.541898724177875, 11.71533048950387 ], [ 7.542324932358174, 11.714931119098413 ], [ 7.542867085081705, 11.713844736684274 ], [ 7.545078950120179, 11.713551915476474 ], [ 7.544814626737833, 11.712497451188289 ], [ 7.544059164271895, 11.712131269795321 ], [ 7.543722408384804, 11.710025700139063 ], [ 7.542899819817124, 11.709238298288502 ], [ 7.542632859620326, 11.708689189860335 ], [ 7.541809317918523, 11.708290078777754 ], [ 7.542142776177863, 11.707124497875329 ], [ 7.546211042344889, 11.707063328251483 ], [ 7.5466141507652, 11.707892562348988 ], [ 7.548662913624763, 11.707944270008653 ], [ 7.548719435205242, 11.705764411794553 ], [ 7.548192291393394, 11.705218492680235 ], [ 7.547606357697983, 11.704917279321183 ], [ 7.545389486604557, 11.704638779742474 ], [ 7.545431192204861, 11.703035470588812 ], [ 7.545140894230747, 11.702734958806097 ], [ 7.544075211532975, 11.702388130194327 ], [ 7.543774835119538, 11.700829435592434 ], [ 7.543327862468458, 11.699963160058081 ], [ 7.54405294581682, 11.697909602542399 ], [ 7.544075121354439, 11.697060807994491 ], [ 7.543797531086843, 11.696489928393897 ], [ 7.543519773769439, 11.69595136260461 ], [ 7.543104667315337, 11.694234752917255 ], [ 7.542155173795617, 11.693774616991238 ], [ 7.541761141856348, 11.691730470389313 ], [ 7.541202802796372, 11.691195772685093 ], [ 7.54080025743503, 11.690778939705503 ], [ 7.539961682069121, 11.689976622092805 ], [ 7.539986610477883, 11.689014478392302 ], [ 7.539976684010632, 11.688344308499918 ], [ 7.540537996652302, 11.687283449608126 ], [ 7.540272616244523, 11.686436635892035 ], [ 7.538319806807797, 11.686157852733414 ], [ 7.538376326358445, 11.683989126987408 ], [ 7.53696584643856, 11.683710449241811 ], [ 7.536174160108208, 11.68288955609329 ], [ 7.535092684248087, 11.682905758117942 ], [ 7.534773080910125, 11.680209880878389 ], [ 7.532871574421187, 11.679894775817806 ], [ 7.53221656546364, 11.679557957813094 ], [ 7.530977698517701, 11.679968789373836 ], [ 7.530030216430571, 11.678018480793757 ], [ 7.528951907852806, 11.678559117074775 ], [ 7.527331624321225, 11.678223434303272 ], [ 7.52630338304754, 11.678238817762645 ], [ 7.525727089627198, 11.677959602411308 ], [ 7.525387129109377, 11.67760717125466 ], [ 7.523363675888224, 11.67708504878081 ], [ 7.521427478954335, 11.677847438271717 ], [ 7.520514055647894, 11.676076598171031 ], [ 7.520788417344432, 11.675216662123443 ], [ 7.521616014572743, 11.674826006443679 ], [ 7.521052514945552, 11.674670276698265 ], [ 7.520257562176965, 11.674682073963615 ], [ 7.519967200855202, 11.674404056643827 ], [ 7.519318356821914, 11.673417789883588 ], [ 7.51832483848183, 11.672768244719963 ], [ 7.518060835946124, 11.671676688982179 ], [ 7.517310882269373, 11.671313130262792 ], [ 7.516693662732954, 11.670042289878367 ], [ 7.516342349844223, 11.669706214266775 ], [ 7.51697475305, 11.667916328304335 ], [ 7.516710955149738, 11.666787692356404 ], [ 7.516156675799727, 11.666518905071355 ], [ 7.515889801890649, 11.665969781457017 ], [ 7.515342791056359, 11.665446228302384 ], [ 7.515338423101761, 11.665155911291556 ], [ 7.515370169932627, 11.663935568103275 ], [ 7.515351411829497, 11.662712579906485 ], [ 7.515701568885161, 11.662050896622741 ], [ 7.515172619574214, 11.660961680511958 ], [ 7.513353454662183, 11.661564917487704 ], [ 7.512481193068024, 11.660660653414407 ], [ 7.511221512585183, 11.660250211593809 ], [ 7.51041606914774, 11.659415418698392 ], [ 7.508803680640982, 11.65943964117128 ], [ 7.508216190445319, 11.659154776039099 ], [ 7.507399037938867, 11.658602791875065 ], [ 7.506188732383246, 11.658208478905955 ], [ 7.505338591282197, 11.657395161481015 ], [ 7.504935747614889, 11.656148991435494 ], [ 7.504658101919218, 11.655610135650125 ], [ 7.504664939363252, 11.655336564390282 ], [ 7.504661016790491, 11.655065321238553 ], [ 7.504680683308912, 11.654302344529677 ], [ 7.504320669354577, 11.653188300605761 ], [ 7.503020322616258, 11.653155315772638 ], [ 7.500996905162167, 11.654573995720346 ], [ 7.49867092477754, 11.65418840587496 ], [ 7.498349704950701, 11.652860018558755 ], [ 7.494493760141313, 11.652573943577005 ], [ 7.494065896425323, 11.651692882248405 ], [ 7.492998421229477, 11.652227883024461 ], [ 7.49203165761556, 11.650928423762656 ], [ 7.490652016810587, 11.650655267128045 ], [ 7.490165705557589, 11.650151327431001 ], [ 7.488532635629947, 11.651230022686162 ], [ 7.487644102206632, 11.650772700885195 ], [ 7.486797150608837, 11.651172165716307 ], [ 7.486298932435782, 11.65167755433187 ], [ 7.483784777427155, 11.651714906948037 ], [ 7.483756570490572, 11.649880311902406 ], [ 7.48406542596054, 11.648717862474033 ], [ 7.48324479015652, 11.647931926802201 ], [ 7.482805390707501, 11.646114235249899 ], [ 7.482429720125837, 11.645724758889001 ], [ 7.481904199512335, 11.645221660723131 ], [ 7.481331995733024, 11.644112043341144 ], [ 7.481359734845221, 11.643060681284403 ], [ 7.480798548213947, 11.641110709462721 ], [ 7.480536183352653, 11.639747926247582 ], [ 7.479447567395425, 11.638145849811998 ], [ 7.478916961604662, 11.636505132991674 ], [ 7.478351871444475, 11.635673391628291 ], [ 7.47808657220665, 11.63485303236186 ], [ 7.477807521635757, 11.634585636073659 ], [ 7.477407365143549, 11.633761916004781 ], [ 7.476991004082628, 11.632954001658865 ], [ 7.476665251442556, 11.63228297055389 ], [ 7.474522302523611, 11.631584845465481 ], [ 7.474254062528135, 11.631306908047883 ], [ 7.473835497276129, 11.63090580832155 ], [ 7.47343757408226, 11.629675267004359 ], [ 7.472614213732793, 11.628320105565752 ], [ 7.471804622943495, 11.626411981033716 ], [ 7.47070912613826, 11.624512934879252 ], [ 7.470445336641372, 11.623421360598464 ], [ 7.469909369741463, 11.622382110785605 ], [ 7.469630369450385, 11.621518502153053 ], [ 7.468941130747824, 11.62050439461998 ], [ 7.467747084312704, 11.617472266254355 ], [ 7.467267816490343, 11.61697522231213 ], [ 7.465529921326189, 11.616614512966553 ], [ 7.465115071114202, 11.616620782176437 ], [ 7.464430073833458, 11.616603365223771 ], [ 7.463892984787813, 11.61714850576548 ], [ 7.462772535275019, 11.61687661789996 ], [ 7.462504320545146, 11.616598672525027 ], [ 7.461543256154654, 11.615678452762577 ], [ 7.461138908809821, 11.613574618935036 ], [ 7.459079193048048, 11.613605213005938 ], [ 7.457300375375094, 11.613559955134612 ], [ 7.457285406138662, 11.614132504883585 ], [ 7.457301483270241, 11.615214813805943 ], [ 7.457005815845847, 11.614947312967056 ], [ 7.456480090970428, 11.61440206589633 ], [ 7.454806533896579, 11.614659030430374 ], [ 7.454535282878182, 11.614934093422166 ], [ 7.454253344283427, 11.615198503275977 ], [ 7.453848565533434, 11.616009987531502 ], [ 7.45339717695383, 11.615724432941924 ], [ 7.452757127485659, 11.615060439228392 ], [ 7.451199419816334, 11.615549491446471 ], [ 7.450665900575454, 11.618167952140965 ], [ 7.450118562833563, 11.619201411429191 ], [ 7.449830095261397, 11.620061981731585 ], [ 7.449548147038755, 11.620326385670086 ], [ 7.449275383631478, 11.620872915984988 ], [ 7.448860086217432, 11.620862207521794 ], [ 7.447095346053585, 11.620888203765899 ], [ 7.446800968136942, 11.620582823650134 ], [ 7.444596231886421, 11.62030502532417 ], [ 7.44433353408435, 11.618939051490074 ], [ 7.442125666301393, 11.620291693513714 ], [ 7.441293502984061, 11.620553116403309 ], [ 7.440747129455517, 11.620826677187992 ], [ 7.439364754628079, 11.621085119357867 ], [ 7.43853367258914, 11.621633912349688 ], [ 7.437986749001295, 11.621619826653909 ], [ 7.43622187561448, 11.622055491631295 ], [ 7.435533244106746, 11.62134087667361 ], [ 7.433733483581174, 11.621673305948168 ], [ 7.432756192102972, 11.62213414800555 ], [ 7.431126895901635, 11.623210148927969 ], [ 7.429726974720051, 11.622665398623685 ], [ 7.429380636800722, 11.6219513097579 ], [ 7.428086185124195, 11.621285292001732 ], [ 7.427808136125884, 11.622383730623955 ], [ 7.426700854081706, 11.622643609038942 ], [ 7.426305274872244, 11.623045094330134 ], [ 7.425601930501728, 11.622371695885404 ], [ 7.425333752664124, 11.622093720094666 ], [ 7.423685029488223, 11.621556059512816 ], [ 7.423414129374301, 11.620998378127467 ], [ 7.423120732152838, 11.620428390698056 ], [ 7.423148177976907, 11.619369906451208 ], [ 7.422592741770112, 11.618291814750423 ], [ 7.422607727846722, 11.61772907566719 ], [ 7.421636120520712, 11.61679835128178 ], [ 7.420449669186413, 11.615567954425394 ], [ 7.419542200598008, 11.615271908738322 ], [ 7.41824519191911, 11.613926216647625 ], [ 7.415472721922663, 11.613631584314593 ], [ 7.415200898015088, 11.613907132285938 ], [ 7.413543456642976, 11.614163941449915 ], [ 7.412267953140836, 11.615005791014902 ], [ 7.409819707810829, 11.61429256254721 ], [ 7.40858868817076, 11.614679087157651 ], [ 7.408065309897568, 11.615727147335283 ], [ 7.407573523347629, 11.616226070318968 ], [ 7.405401432464202, 11.616652146445437 ], [ 7.404456079167215, 11.61574641310159 ], [ 7.404178852451726, 11.615175176702973 ], [ 7.401985911204332, 11.615207007791248 ], [ 7.400073906752637, 11.615158009391472 ], [ 7.398959566917125, 11.615715969717215 ], [ 7.397852300220873, 11.615975737414743 ], [ 7.397579449433239, 11.616521941554332 ], [ 7.396013775517079, 11.616889069908613 ], [ 7.395642240627649, 11.617590721469838 ], [ 7.395261217952951, 11.618353765854403 ], [ 7.394260552696407, 11.618667876522391 ], [ 7.392997887329291, 11.619601341320534 ], [ 7.392612239817638, 11.619201117813462 ], [ 7.391517834490972, 11.618152554600021 ], [ 7.391790910973937, 11.617569280282565 ], [ 7.392075604935626, 11.61730230574552 ], [ 7.391793991236722, 11.617032175016773 ], [ 7.391324025472281, 11.616063899387898 ], [ 7.38977662154359, 11.617085547750982 ], [ 7.389321221230261, 11.616202104059182 ], [ 7.389728071034441, 11.615434711141605 ], [ 7.387930028796405, 11.61472413613 ], [ 7.387980112919577, 11.612834158926674 ], [ 7.386824287988842, 11.611074373448268 ], [ 7.385227650078871, 11.610757688351669 ], [ 7.384702089081333, 11.610212329562176 ], [ 7.383991522081669, 11.61053782965733 ], [ 7.383302725514819, 11.611560542054942 ], [ 7.383020732920248, 11.611824874026622 ], [ 7.382749423664165, 11.612099860738295 ], [ 7.382467430010102, 11.61236419201777 ], [ 7.382194555714041, 11.612910378221171 ], [ 7.38191099636874, 11.613445908881177 ], [ 7.381629964239316, 11.614008734173973 ], [ 7.380532420385865, 11.613980329453474 ], [ 7.380261105105284, 11.614255578053189 ], [ 7.379979106992145, 11.614519906259668 ], [ 7.379569431480149, 11.614935278320379 ], [ 7.377550499028025, 11.614241411947711 ], [ 7.376443284675275, 11.614212937228118 ], [ 7.375576099685365, 11.614766364655189 ], [ 7.375304780847774, 11.615041342954504 ], [ 7.374265484762952, 11.615531291443755 ], [ 7.374735083507478, 11.617479006557495 ], [ 7.375260340030249, 11.617982269448579 ], [ 7.37565512117995, 11.618748589314345 ], [ 7.375275870314101, 11.61910400256731 ], [ 7.375004546435313, 11.61937897990301 ], [ 7.37444744386161, 11.619641751505643 ], [ 7.373686503674719, 11.620771821563876 ], [ 7.372002227900017, 11.61990446752897 ], [ 7.371693351880246, 11.620168634111321 ], [ 7.371288340601603, 11.620979969955357 ], [ 7.370589790849071, 11.620710114944789 ], [ 7.370075460172901, 11.620176712274382 ], [ 7.368689943792702, 11.620140806684409 ], [ 7.368379297114749, 11.620431709319019 ], [ 7.36840333101002, 11.622025981443622 ], [ 7.367840664901651, 11.622596463919225 ], [ 7.366721514311394, 11.62230673873794 ], [ 7.365926423235575, 11.623113206462083 ], [ 7.365351448092837, 11.623121336874476 ], [ 7.364338760049401, 11.623095201219762 ], [ 7.363146437393638, 11.62337473896922 ], [ 7.36315834492619, 11.624187895914876 ], [ 7.362866555858799, 11.624192331702695 ], [ 7.362323351363954, 11.623912478581518 ], [ 7.360954093029175, 11.623575226390463 ], [ 7.360942913278254, 11.622822460137844 ], [ 7.360964864296885, 11.622008966527961 ], [ 7.360404962048658, 11.621737226869817 ], [ 7.360147962302883, 11.619560819849596 ], [ 7.358735807478794, 11.619212722967399 ], [ 7.357469499044094, 11.617999391523476 ], [ 7.357141016192089, 11.61628924244593 ], [ 7.356863701824039, 11.615750549553599 ], [ 7.356585648665853, 11.612770205320491 ], [ 7.355797589522049, 11.613569534562057 ], [ 7.354127144674543, 11.613294105574225 ], [ 7.353859054267486, 11.613016073725655 ], [ 7.353568936515517, 11.612737916948589 ], [ 7.353604110316081, 11.611413607487941 ], [ 7.353045907602858, 11.610033474035969 ], [ 7.352673886305014, 11.608880847987466 ], [ 7.35168005592674, 11.608398447867275 ], [ 7.351350136724347, 11.607031003761024 ], [ 7.350598954615717, 11.607041810285921 ], [ 7.350315813663023, 11.606492221274934 ], [ 7.349984860324267, 11.605119209183066 ], [ 7.34869421116194, 11.60513778792895 ], [ 7.348077674556074, 11.604820151883064 ], [ 7.345104137291877, 11.604862985011897 ], [ 7.345375634448565, 11.604560229231801 ], [ 7.345657649151537, 11.604295937720911 ], [ 7.345928981312744, 11.604020989628136 ], [ 7.346761144828469, 11.603759846791791 ], [ 7.347035668671119, 11.602942506309939 ], [ 7.34759275421222, 11.602679786331624 ], [ 7.347864082947742, 11.602404835918609 ], [ 7.348146093197186, 11.6021405413236 ], [ 7.348680643193301, 11.601598273916427 ], [ 7.350076389636904, 11.60133795711095 ], [ 7.350347714785022, 11.601063003830998 ], [ 7.350629721510365, 11.600798706284163 ], [ 7.351036706971911, 11.600386276129079 ], [ 7.352555136148941, 11.599909999330583 ], [ 7.352028038026756, 11.598451383469031 ], [ 7.350371600899224, 11.597910909711848 ], [ 7.350649983545125, 11.597256733436598 ], [ 7.351734015812503, 11.597284635332418 ], [ 7.352168362605833, 11.596877655301276 ], [ 7.352836388918519, 11.596200536797898 ], [ 7.353916119995397, 11.595861589844354 ], [ 7.353982921771073, 11.593354375957059 ], [ 7.353146109620757, 11.592948099214381 ], [ 7.352602971979783, 11.592668501602315 ], [ 7.351223835785525, 11.592394731811872 ], [ 7.350696725471898, 11.591307168740176 ], [ 7.350405042192797, 11.591299677476073 ], [ 7.349222264429256, 11.592080588254438 ], [ 7.347376110994295, 11.592107119691383 ], [ 7.347109656055613, 11.591281122735197 ], [ 7.346970221034166, 11.591147371927525 ], [ 7.346551487674055, 11.591275283509782 ], [ 7.34597111198394, 11.59157389087645 ], [ 7.344904951887847, 11.591526208664051 ], [ 7.342999489156921, 11.591589716969489 ], [ 7.342499650313321, 11.590529843939549 ], [ 7.341515649018932, 11.591036153063401 ], [ 7.339165275251717, 11.590930759274551 ], [ 7.337755371364207, 11.59204905330518 ], [ 7.337192960231503, 11.592306429698672 ], [ 7.336687156008595, 11.593347548131446 ], [ 7.336360794084427, 11.595295474165937 ], [ 7.335795157621378, 11.596096029620062 ], [ 7.335813436248321, 11.596638276778226 ], [ 7.335117184879136, 11.597266985878937 ], [ 7.334234551984359, 11.596800007302836 ], [ 7.33331980557668, 11.597761952989581 ], [ 7.331309917873286, 11.597671960375521 ], [ 7.330479670856112, 11.595533032117871 ], [ 7.327961543092359, 11.596168144141057 ], [ 7.327550116478222, 11.59660090511872 ], [ 7.326980777745426, 11.596575363192921 ], [ 7.326447163438889, 11.597136659961015 ], [ 7.325884734214588, 11.59739401142021 ], [ 7.325360848207688, 11.597945032830582 ], [ 7.324033640846991, 11.597885428767938 ], [ 7.323372396372545, 11.598225627896968 ], [ 7.323417648926035, 11.599555149747042 ], [ 7.322794475768836, 11.599816908474676 ], [ 7.321566955973898, 11.599167530900448 ], [ 7.321206336043633, 11.599547076979285 ], [ 7.320632130707832, 11.600065220695097 ], [ 7.319841685359084, 11.60089621085417 ], [ 7.31925300462547, 11.600869745521996 ], [ 7.318719367515474, 11.601431024580096 ], [ 7.317865338824673, 11.602201783863416 ], [ 7.318221344366443, 11.603221920023472 ], [ 7.318877442689503, 11.604461769877309 ], [ 7.318387411958203, 11.605814127668067 ], [ 7.318418027867607, 11.606712394372799 ], [ 7.318379150933554, 11.607551725754902 ], [ 7.317553241669317, 11.607930145024635 ], [ 7.3170201790039, 11.609557155851824 ], [ 7.31673279389743, 11.60981608805217 ], [ 7.316466771998315, 11.610096330669867 ], [ 7.315324605843697, 11.610350275238167 ], [ 7.314392543318906, 11.609347165955171 ], [ 7.313191120368509, 11.610610606587931 ], [ 7.312306745572092, 11.610880874875406 ], [ 7.31172845630941, 11.612071144261389 ], [ 7.311771428260268, 11.613322783057248 ], [ 7.311483494192736, 11.613582234431377 ], [ 7.311206033529214, 11.615760803487319 ], [ 7.310643554784724, 11.616018117804572 ], [ 7.310376324118758, 11.616496979071831 ], [ 7.311941281182375, 11.617506453572787 ], [ 7.312274219239664, 11.619322051317457 ], [ 7.31172102326158, 11.619821223003241 ], [ 7.311089879940172, 11.620772554086365 ], [ 7.311558975642956, 11.621658818905331 ], [ 7.313014142744981, 11.622346393455995 ], [ 7.313623719615505, 11.623639747217009 ], [ 7.314726734565763, 11.624991603361151 ], [ 7.315527396461466, 11.626230454726112 ], [ 7.315830137215604, 11.628515179341617 ], [ 7.315468468189611, 11.628792741304276 ], [ 7.313938235456039, 11.62798317152299 ], [ 7.312773956653429, 11.627702775767206 ], [ 7.312113021718876, 11.627353021196916 ], [ 7.30932684773077, 11.627745878128234 ], [ 7.308651214223606, 11.628763679330948 ], [ 7.306907035435657, 11.628685375359618 ], [ 7.306454344462506, 11.628197524679647 ], [ 7.306170080795539, 11.627935248509468 ], [ 7.305907437844288, 11.627651913114075 ], [ 7.305045080878947, 11.627115039360756 ], [ 7.304531911067519, 11.627654419527444 ], [ 7.304002455264117, 11.628132259888185 ], [ 7.302792632342596, 11.627301214614807 ], [ 7.300681664180814, 11.627371144889034 ], [ 7.30040888357489, 11.627077151615701 ], [ 7.299718554174197, 11.626439314298288 ], [ 7.297105650707107, 11.626525856205696 ], [ 7.296826865056546, 11.626513351552356 ], [ 7.295458832508851, 11.626787322173668 ], [ 7.293911291604708, 11.627068964369155 ], [ 7.293475992796177, 11.627964464522146 ], [ 7.293518366724995, 11.629211322992941 ], [ 7.293407610968693, 11.631603772313055 ], [ 7.292340781965956, 11.631911024512641 ], [ 7.290915590572772, 11.63115704888555 ], [ 7.290200673921275, 11.631908927938998 ], [ 7.289769524652732, 11.632297539369153 ], [ 7.289117875953181, 11.632982521824172 ], [ 7.287705852265314, 11.633239504994252 ], [ 7.287164683846486, 11.633518078057753 ], [ 7.286306639217471, 11.633773579635758 ], [ 7.285794251062143, 11.632685746528379 ], [ 7.285510005746742, 11.632423452125598 ], [ 7.284729068184824, 11.631582440259752 ], [ 7.283874569452241, 11.631610722838838 ], [ 7.283601805313759, 11.631316715635464 ], [ 7.2832675957289, 11.631054121889562 ], [ 7.281878568180253, 11.631768062409776 ], [ 7.281404390567028, 11.630761228524749 ], [ 7.280539930562308, 11.629962082891403 ], [ 7.280591380778765, 11.62884556169514 ], [ 7.278149189140674, 11.628256547608368 ], [ 7.276677217027168, 11.628305221378433 ], [ 7.275638009074456, 11.62883927795734 ], [ 7.275107299921745, 11.628815445752071 ], [ 7.274156975552197, 11.629137362619936 ], [ 7.272598268971445, 11.630181023828987 ], [ 7.272331390056923, 11.629893398883757 ], [ 7.272047161749055, 11.629631093336959 ], [ 7.271510737183392, 11.629053177866323 ], [ 7.270405279646407, 11.629089715468432 ], [ 7.269717724327013, 11.629058575338389 ], [ 7.269044345175255, 11.62908101628695 ], [ 7.267933614995094, 11.628493025149455 ], [ 7.267495511937396, 11.629828882820465 ], [ 7.265502204693159, 11.628773434077978 ], [ 7.263595972168599, 11.628495530570317 ], [ 7.262126638700621, 11.629592106543265 ], [ 7.261049114016321, 11.629543498594314 ], [ 7.260299424082949, 11.629568371938078 ], [ 7.259947262782366, 11.630643071979875 ], [ 7.259148169633487, 11.63100875357939 ], [ 7.258761849675726, 11.632563924066842 ], [ 7.257591926181811, 11.632511035245049 ], [ 7.257066869260583, 11.632528517583969 ], [ 7.256352537238941, 11.633604463058331 ], [ 7.255789985467202, 11.633861657804806 ], [ 7.25547412908437, 11.634193703509348 ], [ 7.253359877958593, 11.634098265793661 ], [ 7.253036215944083, 11.636025102874221 ], [ 7.252724042467109, 11.636885250857079 ], [ 7.251413130063065, 11.638068261690023 ], [ 7.251093621185849, 11.63872523250418 ], [ 7.250254263974704, 11.639251924757781 ], [ 7.249432870925096, 11.640342291519675 ], [ 7.248659064702988, 11.640696438684142 ], [ 7.24648760068376, 11.640121244341403 ], [ 7.244787097201189, 11.638819021769535 ], [ 7.244498209973408, 11.637589752346875 ], [ 7.243361023884359, 11.636856377511954 ], [ 7.242509211432631, 11.634658882113897 ], [ 7.242914697226994, 11.632804070287811 ], [ 7.242184225061123, 11.630708217178936 ], [ 7.241232270955201, 11.630258281744137 ], [ 7.240698021662699, 11.629430857270455 ], [ 7.238384005681321, 11.629156126395852 ], [ 7.237666905177566, 11.630236502709678 ], [ 7.237378893637495, 11.630495868431877 ], [ 7.237481384246104, 11.633505008239908 ], [ 7.236540835973836, 11.633462441217814 ], [ 7.235656251125999, 11.633491719318714 ], [ 7.235719180900691, 11.635357327917875 ], [ 7.235419659470205, 11.635907141887088 ], [ 7.235150119289449, 11.636729651961748 ], [ 7.234037364763751, 11.636983429060004 ], [ 7.232954398579912, 11.637540087503638 ], [ 7.231829783491482, 11.638054642914842 ], [ 7.230499144659131, 11.638945578918896 ], [ 7.229620182609275, 11.637998696810767 ], [ 7.22719211543923, 11.638078572669258 ], [ 7.226759315503553, 11.637611656606452 ], [ 7.226127384110887, 11.637027253633033 ], [ 7.22524170463041, 11.637482340718215 ], [ 7.224128943762871, 11.637736077757671 ], [ 7.223856708989362, 11.638977785110201 ], [ 7.225223823844094, 11.639624193777866 ], [ 7.225485416234299, 11.640738100190747 ], [ 7.225791503132066, 11.641020973311512 ], [ 7.226319256274504, 11.641003568065443 ], [ 7.226644260904235, 11.641353824306835 ], [ 7.226531629048984, 11.643779788155927 ], [ 7.224632212867438, 11.643693928550922 ], [ 7.223885194817961, 11.644478520135479 ], [ 7.223537790585054, 11.645878660632777 ], [ 7.222908369741488, 11.646166355541991 ], [ 7.223273927180324, 11.647576193160095 ], [ 7.221312527968034, 11.648023825815137 ], [ 7.220675862848154, 11.648351194453035 ], [ 7.219933895556085, 11.65019539254391 ], [ 7.219575999940886, 11.650453772887696 ], [ 7.217867367522594, 11.649851563156478 ], [ 7.216907774043023, 11.650176656279317 ], [ 7.216070060027635, 11.650432058081801 ], [ 7.215251971253565, 11.65097995062216 ], [ 7.214414253933448, 11.651235347012223 ], [ 7.213283711707652, 11.651991834698137 ], [ 7.214030234676187, 11.653815589833956 ], [ 7.212744568205847, 11.654208028332096 ], [ 7.212436753341572, 11.654531856271417 ], [ 7.212489562287155, 11.656104481796334 ], [ 7.211466814001678, 11.657981330021009 ], [ 7.210796522084662, 11.659359041921544 ], [ 7.209378750508943, 11.660991631235678 ], [ 7.209405362893043, 11.66178575609349 ], [ 7.20939287759578, 11.662056863910317 ], [ 7.209406450648658, 11.662454192844839 ], [ 7.211276377641601, 11.66355349135312 ], [ 7.210204345376497, 11.664226106449277 ], [ 7.209934694668322, 11.665048576512415 ], [ 7.208271584572716, 11.665298805876803 ], [ 7.207982203554149, 11.666180207920981 ], [ 7.208007042302784, 11.666914999313216 ], [ 7.207689477647818, 11.667498556545496 ], [ 7.208538306018522, 11.66828350784108 ], [ 7.208800680612746, 11.668596318018649 ], [ 7.208247218763389, 11.669095248701584 ], [ 7.207928561890171, 11.669430123957861 ], [ 7.207975046456702, 11.670810704353769 ], [ 7.208628277589768, 11.672684473899094 ], [ 7.208219361738776, 11.673434039214182 ], [ 7.207951434229043, 11.673985330433927 ], [ 7.207402758980462, 11.674991700090951 ], [ 7.205488671634454, 11.674317144052251 ], [ 7.204644399531782, 11.674827488817565 ], [ 7.205188049259414, 11.675856569440564 ], [ 7.205147450489951, 11.676737666141653 ], [ 7.20399768304797, 11.677204255008881 ], [ 7.202736078991908, 11.675845204888773 ], [ 7.20104547164293, 11.67551603023057 ], [ 7.199294338698712, 11.675573380167361 ], [ 7.195532880588587, 11.677626545704243 ], [ 7.195553622239179, 11.678241340388453 ], [ 7.195516748198545, 11.679040093548505 ], [ 7.195937206473891, 11.679835629537427 ], [ 7.194609403465973, 11.680240676907236 ], [ 7.193869251993238, 11.681761425800634 ], [ 7.193581686891179, 11.68202020668843 ], [ 7.193315478956849, 11.682300306473175 ], [ 7.193027912792608, 11.682559086638072 ], [ 7.19267925192322, 11.683620965966078 ], [ 7.193312502235651, 11.683920500491348 ], [ 7.193017366520719, 11.684186118058403 ], [ 7.192733572063213, 11.687177935040046 ], [ 7.19226585269913, 11.688035146566875 ], [ 7.192722206353559, 11.689344678565142 ], [ 7.192431927112298, 11.689606087461737 ], [ 7.192113226707847, 11.68994093843277 ], [ 7.192184939164218, 11.692057356939921 ], [ 7.191164174794778, 11.692010931590088 ], [ 7.190775616367214, 11.692096138398984 ], [ 7.191342597486805, 11.6931688206085 ], [ 7.192007265183939, 11.695999243398939 ], [ 7.191085580620626, 11.696830281116105 ], [ 7.191564443529696, 11.697736097170033 ], [ 7.19182348796253, 11.698561871446785 ], [ 7.192105928506396, 11.699095425891061 ], [ 7.192366545283958, 11.699679423523914 ], [ 7.191669193251395, 11.700307959711154 ], [ 7.191249286916041, 11.700749424343801 ], [ 7.19129385409554, 11.70207860528593 ], [ 7.191194582537568, 11.704205065457897 ], [ 7.190258381533389, 11.705527786852503 ], [ 7.191116455149185, 11.707625070773023 ], [ 7.190661267478272, 11.708035325437548 ], [ 7.190395028143818, 11.708315417909677 ], [ 7.190085805590053, 11.708593650187616 ], [ 7.190126862541661, 11.709799928915324 ], [ 7.190075735389952, 11.710884334197951 ], [ 7.190106847201937, 11.711801889255183 ], [ 7.189654266222529, 11.713461342049003 ], [ 7.190082174178209, 11.714271237360128 ], [ 7.189741361102246, 11.716428210583119 ], [ 7.190340923802891, 11.716711393803712 ], [ 7.190306599178977, 11.717443155803114 ], [ 7.191433983744345, 11.717802767024377 ], [ 7.191685979200648, 11.719713227139739 ], [ 7.192009844626631, 11.720325433709899 ], [ 7.192515241131689, 11.720792603475211 ], [ 7.192772535696282, 11.721889550365361 ], [ 7.193311759927101, 11.723436630076325 ], [ 7.193630019241152, 11.725490516034535 ], [ 7.194132754965406, 11.725955283998896 ], [ 7.194393392895754, 11.726539283094828 ], [ 7.193498631135427, 11.727346119765988 ], [ 7.193561178724327, 11.729215395614119 ], [ 7.193270021412445, 11.730017568690132 ], [ 7.192991403902065, 11.732195857431046 ], [ 7.19270201316825, 11.732725799672862 ], [ 7.192426917783462, 11.73436174471887 ], [ 7.191310211136006, 11.735157632906246 ], [ 7.190644003225477, 11.735857323069078 ], [ 7.189924917684154, 11.736505299952015 ], [ 7.189934404707588, 11.736781308156131 ], [ 7.189921886113107, 11.737052410487104 ], [ 7.189935356434026, 11.737459268262114 ], [ 7.189914729502808, 11.737902191405881 ], [ 7.189362705460526, 11.738399479143519 ], [ 7.189094339555663, 11.738999991882705 ], [ 7.18971872535047, 11.740180834502715 ], [ 7.189516347074637, 11.744505213879286 ], [ 7.188176904216173, 11.744913818857359 ], [ 7.187672340189277, 11.746041686533557 ], [ 7.188483617621922, 11.747576995891885 ], [ 7.188735780075551, 11.750116153713307 ], [ 7.188063894404742, 11.751348093902322 ], [ 7.187161930813959, 11.751760524624643 ], [ 7.186764192883477, 11.752578162052346 ], [ 7.186815430838277, 11.754112089847213 ], [ 7.186231007843106, 11.754379291547723 ], [ 7.185962614852976, 11.754979797417652 ], [ 7.186546655975418, 11.756084917416997 ], [ 7.186485411868685, 11.757393292855218 ], [ 7.187303953099219, 11.758150069650208 ], [ 7.18757812861766, 11.758801692447019 ], [ 7.185519998098982, 11.758708100158646 ], [ 7.184784497260819, 11.758732286722674 ], [ 7.184150142733726, 11.759398520353804 ], [ 7.183718645110792, 11.759786918980513 ], [ 7.183450563143855, 11.760338164647951 ], [ 7.18288412718636, 11.761138299238754 ], [ 7.182893572981476, 11.761419073463481 ], [ 7.18204872076813, 11.761805098522595 ], [ 7.181226764223182, 11.763042148221816 ], [ 7.180957750129953, 11.762752303467943 ], [ 7.179900191927127, 11.762213787596982 ], [ 7.179419449924776, 11.764612142630737 ], [ 7.178211860028506, 11.764980478804155 ], [ 7.177899706918132, 11.76683436843903 ], [ 7.177066947376764, 11.767584585831452 ], [ 7.176741809987228, 11.769204284804307 ], [ 7.17679804989038, 11.770866412049008 ], [ 7.176759899043227, 11.771679705619908 ], [ 7.176778279871135, 11.772234893637409 ], [ 7.175886400775688, 11.771920400787456 ], [ 7.175022903901448, 11.771948503990076 ], [ 7.17400717909772, 11.773294712397981 ], [ 7.173694414919616, 11.773280526310876 ], [ 7.172628050815324, 11.773827962329587 ], [ 7.171598563390123, 11.774081943246857 ], [ 7.171257413869962, 11.772995039854472 ], [ 7.170374753550758, 11.772425565233497 ], [ 7.169881569430093, 11.771894342361442 ], [ 7.169592201989845, 11.772487803851259 ], [ 7.168976793654955, 11.773042624785466 ], [ 7.167940478793692, 11.773516086073501 ], [ 7.167674146724775, 11.773796143395279 ], [ 7.167386452716566, 11.774054878553473 ], [ 7.167114727840786, 11.775148433953019 ], [ 7.166827031793665, 11.775407168235056 ], [ 7.166560696639878, 11.775687224040718 ], [ 7.166272999521632, 11.775945957592855 ], [ 7.166006663282825, 11.77622601270915 ], [ 7.165708147369971, 11.776494739265917 ], [ 7.165726979083275, 11.77705946041953 ], [ 7.164634447694757, 11.777009785863259 ], [ 7.163880367311005, 11.777396861752795 ], [ 7.163524364372027, 11.777012958530651 ], [ 7.163240125385609, 11.776750540578341 ], [ 7.162705914769983, 11.775922971358536 ], [ 7.162421677648553, 11.775660552853145 ], [ 7.162162687978464, 11.77483475843554 ], [ 7.160725959172511, 11.774487838718553 ], [ 7.160245191777738, 11.773466496749007 ], [ 7.16004481379347, 11.773204618029085 ], [ 7.159522493949351, 11.77479308448221 ], [ 7.158153249450834, 11.775210595679349 ], [ 7.157552898705726, 11.775841223703077 ], [ 7.156935386389695, 11.774529809688319 ], [ 7.15637594163174, 11.77426560547393 ], [ 7.156113355813735, 11.773982137563511 ], [ 7.154423491799694, 11.773710611161745 ], [ 7.153642876442858, 11.774529409121769 ], [ 7.152658067300487, 11.775416527943243 ], [ 7.150772557873621, 11.774417574507392 ], [ 7.149815623990598, 11.773386773621603 ], [ 7.149093537156436, 11.773410419334638 ], [ 7.1486808254959, 11.77339158383753 ], [ 7.148405541468902, 11.773400386957892 ], [ 7.148126100413983, 11.773387713735634 ], [ 7.147583461064104, 11.773666218026115 ], [ 7.146194898070823, 11.773917768736135 ], [ 7.145653333165223, 11.774196011049025 ], [ 7.143536451763704, 11.774678230065373 ], [ 7.143094155759864, 11.776023010097971 ], [ 7.141900337049456, 11.776330359162065 ], [ 7.141516095640506, 11.775514329696602 ], [ 7.140885403204035, 11.775216000088943 ], [ 7.140147320409936, 11.774420699796812 ], [ 7.139587897018292, 11.774156465037779 ], [ 7.138968834813693, 11.773488787685507 ], [ 7.138508819845943, 11.772511781109307 ], [ 7.138224612445907, 11.772249342366313 ], [ 7.137962380995001, 11.771916606933539 ], [ 7.13851969733155, 11.770895401171183 ], [ 7.138787875804214, 11.770344213093018 ], [ 7.139179736104959, 11.769625936663424 ], [ 7.138795101429074, 11.769270156683289 ], [ 7.138524819121621, 11.76869611958621 ], [ 7.137426366072506, 11.768176519551885 ], [ 7.137167458139291, 11.767350714272524 ], [ 7.136733282225504, 11.766529852998278 ], [ 7.13592895940827, 11.766555843486334 ], [ 7.134224431249296, 11.766478221777897 ], [ 7.132143764886046, 11.765744027279741 ], [ 7.131670611922561, 11.766240636969433 ], [ 7.131107695264512, 11.766497527814717 ], [ 7.13083950753937, 11.767048707046373 ], [ 7.130413350376979, 11.76782871202154 ], [ 7.129093284914159, 11.768129621575167 ], [ 7.128487673604088, 11.76810181130379 ], [ 7.127538718976759, 11.76813265324102 ], [ 7.127236678697527, 11.767807062593128 ], [ 7.126150088611746, 11.767842291638235 ], [ 7.124554649458723, 11.767769566846084 ], [ 7.123675024561472, 11.768357494646208 ], [ 7.122836893990253, 11.768612555378581 ], [ 7.122560243559646, 11.768903089546059 ], [ 7.121978276361018, 11.768876481306179 ], [ 7.121473464306462, 11.768332400479981 ], [ 7.121037575328732, 11.76792939024349 ], [ 7.1199421866222, 11.767519381747949 ], [ 7.119541518129259, 11.76834110993056 ], [ 7.119275521254138, 11.767775562834107 ], [ 7.118440934133989, 11.767509475467859 ], [ 7.118178398005517, 11.767225979312183 ], [ 7.116538199805853, 11.766702463156197 ], [ 7.115894665800417, 11.766008632182404 ], [ 7.114484648389975, 11.76673178686646 ], [ 7.113532326110208, 11.767731252165207 ], [ 7.112933266456925, 11.768004813044003 ], [ 7.112663193624521, 11.768827127303343 ], [ 7.112209418267796, 11.769235644268987 ], [ 7.113515976014117, 11.770444436143828 ], [ 7.112377469540707, 11.771470203168489 ], [ 7.112073911605469, 11.772393454093432 ], [ 7.110271292973037, 11.773139402538469 ], [ 7.109770056704801, 11.772074966810896 ], [ 7.107765254005717, 11.772752293728241 ], [ 7.106907638568113, 11.773651995529486 ], [ 7.106012384092059, 11.773924628914717 ], [ 7.105744140518881, 11.774475775487364 ], [ 7.105456397491577, 11.774734439162005 ], [ 7.105097970281842, 11.775110473277653 ], [ 7.103219862883225, 11.77471028721552 ], [ 7.102709626375765, 11.774726749695928 ], [ 7.102173868220552, 11.774702261081377 ], [ 7.10123470427252, 11.775184317286676 ], [ 7.100788624640914, 11.774703356761311 ], [ 7.099522276027622, 11.774299015408939 ], [ 7.098906660173776, 11.774944493669009 ], [ 7.097970224072876, 11.775498056088013 ], [ 7.096932793637071, 11.774948526338143 ], [ 7.096592994985983, 11.774959496225653 ], [ 7.095554027194438, 11.775492503608948 ], [ 7.094625364051791, 11.775775203070063 ], [ 7.093634993218433, 11.775729914275383 ], [ 7.092695815080917, 11.776211939432887 ], [ 7.092146769275267, 11.775620381043574 ], [ 7.090587963967964, 11.77654683828511 ], [ 7.090044354419141, 11.776258521631496 ], [ 7.08838416606137, 11.775986809267417 ], [ 7.087013098094564, 11.774871754301314 ], [ 7.086443722554648, 11.774890173797949 ], [ 7.086479261706708, 11.77596872245708 ], [ 7.08642567243431, 11.777109961554086 ], [ 7.085896122813049, 11.777586505500427 ], [ 7.085629715067751, 11.777866472725611 ], [ 7.085262978065103, 11.778196344769878 ], [ 7.083416038451407, 11.778111892829511 ], [ 7.083148884756031, 11.77842151145704 ], [ 7.083706498965832, 11.778937672777966 ], [ 7.083668674021168, 11.779741382387874 ], [ 7.084231632529086, 11.780262610176866 ], [ 7.084492470409269, 11.781562465168552 ], [ 7.081912669209644, 11.782740978779493 ], [ 7.080907889885208, 11.784071496872642 ], [ 7.080299880869783, 11.784618731074485 ], [ 7.08034481557001, 11.785965592738984 ], [ 7.079504184822931, 11.786491923824649 ], [ 7.079174406215237, 11.786838187749227 ], [ 7.078679786830289, 11.787852775833585 ], [ 7.077289253332513, 11.788375121466588 ], [ 7.077022825990621, 11.788655077451914 ], [ 7.073861367089708, 11.789129151952688 ], [ 7.072836271128515, 11.788585972900025 ], [ 7.071629721376346, 11.788624934988016 ], [ 7.071092534324994, 11.789726603666523 ], [ 7.069441684653509, 11.789650793934008 ], [ 7.069028283994834, 11.790499081255119 ], [ 7.06791484061943, 11.790752093502261 ], [ 7.067648402499699, 11.791032038813277 ], [ 7.06663886387936, 11.791339241835798 ], [ 7.066078191693653, 11.79248999239619 ], [ 7.066793354619656, 11.793151842143063 ], [ 7.067067889097391, 11.793788981675704 ], [ 7.065958885053048, 11.79478744650975 ], [ 7.065973067951446, 11.79521838473355 ], [ 7.065952859157047, 11.795647500044867 ], [ 7.06429899458676, 11.796150768744944 ], [ 7.063534861723892, 11.796952169157189 ], [ 7.063193559808241, 11.798323133556664 ], [ 7.062901948589844, 11.799124042637018 ], [ 7.062610976623473, 11.800293036703307 ], [ 7.062626014551562, 11.800754432468755 ], [ 7.062612126000602, 11.801048008452119 ], [ 7.062022297581493, 11.80122747926184 ], [ 7.0626, 11.8045 ], [ 7.0671, 11.8064 ], [ 7.0699, 11.8076 ], [ 7.0724, 11.8086 ], [ 7.0744305, 11.8161297 ], [ 7.0748, 11.8175 ], [ 7.1007635, 11.820451 ], [ 7.141816, 11.8493091 ], [ 7.1425681, 11.8532865 ], [ 7.1450498, 11.8589688 ], [ 7.1462369, 11.8659173 ], [ 7.1462369, 11.8729651 ], [ 7.1470553, 11.8810319 ], [ 7.1446682, 11.8872693 ], [ 7.1408178, 11.9113405 ], [ 7.145808, 11.9123701 ], [ 7.1649571, 11.9090462 ], [ 7.1714, 11.9106 ], [ 7.1825, 11.9095 ], [ 7.1907, 11.907 ], [ 7.191575, 11.9067698 ], [ 7.1909628, 11.9036973 ], [ 7.1930643, 11.9006516 ], [ 7.1997649, 11.9005145 ], [ 7.2059781, 11.9069105 ], [ 7.2052952, 11.9085444 ], [ 7.2170837, 11.9128735 ], [ 7.2264168, 11.9135112 ], [ 7.2359347, 11.9213634 ], [ 7.2465682, 11.932563 ], [ 7.2437974, 11.9388641 ], [ 7.2408502, 11.9420266 ], [ 7.2378792, 11.9455379 ], [ 7.2311766, 11.9494444 ], [ 7.2255436, 11.9522347 ], [ 7.2235111, 11.9517745 ], [ 7.2223183, 11.9495941 ], [ 7.2203218, 11.9497615 ], [ 7.2197514, 11.9514357 ], [ 7.2204666, 11.9568489 ], [ 7.2204666, 11.9609208 ], [ 7.2139444, 11.962405 ], [ 7.2110633, 11.9641716 ], [ 7.2109667, 11.9699071 ], [ 7.2097141, 11.9741379 ], [ 7.2095406, 11.9759337 ], [ 7.2119245, 11.979718 ], [ 7.2108007, 11.9854619 ], [ 7.2082167, 11.9880183 ], [ 7.2055043, 11.9890306 ], [ 7.2017592, 11.9894754 ], [ 7.198812, 11.9901729 ], [ 7.1976236, 11.9912889 ], [ 7.1972908, 11.9926373 ], [ 7.1972961, 11.9937842 ], [ 7.1970056, 11.9945438 ], [ 7.1968155, 11.9953342 ], [ 7.1974475, 11.9957425 ], [ 7.1969046, 11.9983858 ], [ 7.195394, 11.9994251 ], [ 7.1936691, 12.00041 ], [ 7.1919714, 12.0015454 ], [ 7.190146, 12.0016012 ], [ 7.1884917, 12.0015454 ], [ 7.1859818, 12.0019918 ], [ 7.1843846, 12.0037215 ], [ 7.1828445, 12.0061207 ], [ 7.1804486, 12.0079061 ], [ 7.1765127, 12.0083525 ], [ 7.1747443, 12.0101379 ], [ 7.172976, 12.0121465 ], [ 7.171607, 12.0142667 ], [ 7.1712077, 12.0172795 ], [ 7.1705231, 12.0203481 ], [ 7.1685837, 12.0212408 ], [ 7.1651569, 12.0213297 ], [ 7.1633341, 12.0220179 ], [ 7.1600272, 12.0219661 ], [ 7.1566046, 12.0234167 ], [ 7.1538665, 12.0255925 ], [ 7.1535813, 12.0277684 ], [ 7.1532961, 12.0296095 ], [ 7.1522123, 12.03106 ], [ 7.1503099, 12.0314882 ], [ 7.1486699, 12.0330224 ], [ 7.149169, 12.0350448 ], [ 7.1496682, 12.0369277 ], [ 7.150262, 12.0390302 ], [ 7.1503099, 12.0418092 ], [ 7.1486791, 12.0433504 ], [ 7.1473151, 12.0474577 ], [ 7.1465308, 12.0521995 ], [ 7.1456752, 12.0568018 ], [ 7.1434647, 12.063984 ], [ 7.1413969, 12.0650996 ], [ 7.1397569, 12.0638445 ], [ 7.1375542, 12.0619341 ], [ 7.1346944, 12.0634959 ], [ 7.1316996, 12.0648905 ], [ 7.1302716, 12.068389 ], [ 7.1339457, 12.0730765 ], [ 7.1366267, 12.0779294 ], [ 7.1362844, 12.0815551 ], [ 7.1363985, 12.0855713 ], [ 7.1332611, 12.0902566 ], [ 7.1172354, 12.0939644 ], [ 7.1191, 12.0972 ], [ 7.1216, 12.1014 ], [ 7.1237, 12.107 ], [ 7.1254189, 12.1116555 ], [ 7.1261, 12.1135 ], [ 7.1278899, 12.124471 ], [ 7.1350738, 12.1318244 ], [ 7.1456, 12.1472 ], [ 7.1506, 12.1651 ], [ 7.154825, 12.1774582 ], [ 7.1568453, 12.1851251 ], [ 7.1499526, 12.2069627 ], [ 7.1504279, 12.231586 ], [ 7.1482803, 12.2345447 ], [ 7.1394947, 12.2432 ], [ 7.1283457, 12.2518682 ], [ 7.1284634, 12.2518963 ], [ 7.1285188, 12.2519096 ], [ 7.1246397, 12.2552779 ], [ 7.1188165, 12.2602715 ], [ 7.1066949, 12.2714197 ], [ 7.0990891, 12.2771098 ], [ 7.093266, 12.2825675 ], [ 7.0866109, 12.31624 ], [ 7.0828081, 12.3293595 ], [ 7.0832834, 12.3377185 ], [ 7.0847095, 12.3474703 ], [ 7.0747269, 12.3749824 ], [ 7.0683, 12.4113 ], [ 7.0669, 12.4232 ], [ 7.0659, 12.4317 ], [ 7.0599, 12.4808 ], [ 7.0594, 12.4886 ], [ 7.0588, 12.4912 ], [ 7.0577, 12.497 ], [ 7.0556033, 12.5068173 ], [ 7.0541256, 12.5141333 ], [ 7.0537, 12.5163 ], [ 7.0537, 12.5293 ], [ 7.0512, 12.5399 ], [ 7.0521, 12.5534 ], [ 7.051317, 12.563684 ], [ 7.0502198, 12.5750781 ], [ 7.0516, 12.587 ], [ 7.0474407, 12.6110543 ], [ 7.0462992, 12.6176555 ], [ 7.046, 12.6196 ], [ 7.047, 12.634 ], [ 7.0472, 12.6377 ], [ 7.0463, 12.65 ], [ 7.045636, 12.6532218 ], [ 7.0444745, 12.658857 ], [ 7.0392878, 12.6587401 ], [ 7.0350046, 12.6613703 ], [ 7.0206298, 12.665147 ], [ 7.0204582, 12.6651921 ], [ 7.0203182, 12.6652679 ], [ 7.0202245, 12.6653187 ], [ 7.0165781, 12.666257 ], [ 7.0003243, 12.6704392 ], [ 6.9889918, 12.6734419 ], [ 7.0196935, 12.7003166 ], [ 7.0430146, 12.7195856 ], [ 7.0607142, 12.7398416 ], [ 7.0604389, 12.7617068 ], [ 7.0664128, 12.7996345 ], [ 7.0664722, 12.8105732 ], [ 7.0560767, 12.8232551 ], [ 7.0685692, 12.8321821 ], [ 7.0632826, 12.8381459 ], [ 7.0628576, 12.8436 ], [ 7.0649099, 12.8595388 ], [ 7.0649525, 12.8772413 ], [ 7.0664301, 12.8817332 ], [ 7.065061, 12.8856535 ], [ 7.0661804, 12.8895737 ], [ 7.0662169, 12.8925102 ], [ 7.0653791, 12.8975091 ], [ 7.0638936, 12.9031274 ], [ 7.0652602, 12.9056758 ], [ 7.0655616, 12.9075178 ], [ 7.0653791, 12.9092668 ], [ 7.0644878, 12.9101934 ], [ 7.0654, 12.9126 ], [ 7.0613504, 12.9128052 ], [ 7.0614574, 12.9144793 ], [ 7.0624081, 12.9161589 ], [ 7.0620516, 12.9191126 ], [ 7.0612197, 12.9192864 ], [ 7.0603284, 12.9183018 ], [ 7.0596748, 12.9191126 ], [ 7.0586646, 12.9224717 ], [ 7.0570603, 12.9248462 ], [ 7.0559704, 12.927909 ], [ 7.0551116, 12.9303809 ], [ 7.0530792, 12.9327804 ], [ 7.0509995, 12.9326067 ], [ 7.0499299, 12.9333016 ], [ 7.0492169, 12.9347494 ], [ 7.0501676, 12.9374134 ], [ 7.0520096, 12.9382241 ], [ 7.0520096, 12.9393823 ], [ 7.0508806, 12.9416988 ], [ 7.0521879, 12.9432624 ], [ 7.0545647, 12.9433203 ], [ 7.0562284, 12.9438994 ], [ 7.0578176, 12.9463696 ], [ 7.0583081, 12.948011 ], [ 7.0578922, 12.949864 ], [ 7.0587835, 12.950501 ], [ 7.0597936, 12.951138 ], [ 7.0597342, 12.9520067 ], [ 7.0590211, 12.9528753 ], [ 7.0565849, 12.9554811 ], [ 7.0545052, 12.9569288 ], [ 7.0492763, 12.9612139 ], [ 7.0497516, 12.9646303 ], [ 7.0486227, 12.9657305 ], [ 7.0487415, 12.9687416 ], [ 7.050208, 12.9702982 ], [ 7.0499299, 12.9733739 ], [ 7.0501082, 12.9778324 ], [ 7.0505241, 12.9813644 ], [ 7.050321, 12.9840259 ], [ 7.0489511, 12.9868121 ], [ 7.0517462, 12.9896469 ], [ 7.0512667, 12.9954745 ], [ 7.0905552, 12.9952774 ], [ 7.1082218, 13.0100147 ], [ 7.1291334, 13.0274577 ], [ 7.1388391, 13.0355531 ], [ 7.1454865, 13.0410047 ], [ 7.1474991, 13.0427761 ], [ 7.1794134, 13.0811531 ], [ 7.1884333, 13.0922307 ], [ 7.1967402, 13.1015022 ], [ 7.2188883, 13.125555 ], [ 7.230108, 13.1253947 ], [ 7.2302604, 13.1253612 ], [ 7.2438174, 13.1223763 ], [ 7.2642241, 13.1185964 ], [ 7.2927515, 13.1142175 ], [ 7.306851, 13.1120533 ], [ 7.3220639, 13.1097181 ], [ 7.3389274, 13.1071296 ], [ 7.3443681, 13.1062209 ], [ 7.3487579, 13.1053828 ], [ 7.3492441, 13.1053246 ], [ 7.3797216, 13.0997219 ], [ 7.3823288, 13.1012379 ], [ 7.3853196, 13.1029886 ], [ 7.4032419, 13.1133978 ], [ 7.4132281, 13.119204 ], [ 7.4480228, 13.1394334 ], [ 7.4531692, 13.1424254 ], [ 7.466033, 13.1499764 ], [ 7.4842901, 13.1605173 ], [ 7.4943801, 13.1663828 ], [ 7.5074907, 13.1740039 ], [ 7.5197702, 13.1811418 ], [ 7.5256058, 13.1845338 ], [ 7.5307777, 13.1875404 ], [ 7.5383074, 13.191918 ], [ 7.5458362, 13.1962949 ], [ 7.5512374, 13.1994349 ], [ 7.5798495, 13.2160694 ], [ 7.5948161, 13.2247727 ], [ 7.6019739, 13.228935 ], [ 7.6116682, 13.2345721 ], [ 7.6146937, 13.2362698 ], [ 7.6164418, 13.2373478 ], [ 7.6194239, 13.2390819 ], [ 7.6244115, 13.2419819 ], [ 7.6263852, 13.2430424 ], [ 7.6266816, 13.2432422 ], [ 7.6269811, 13.2434372 ], [ 7.6272836, 13.2436275 ], [ 7.6275892, 13.2438129 ], [ 7.6278977, 13.2439935 ], [ 7.628209, 13.2441691 ], [ 7.628523, 13.2443397 ], [ 7.6288397, 13.2445054 ], [ 7.629159, 13.2446659 ], [ 7.6347338, 13.2479839 ], [ 7.641949, 13.2521791 ], [ 7.6488606, 13.2561978 ], [ 7.6519263, 13.2579803 ], [ 7.6555799, 13.2601723 ], [ 7.6613887, 13.2635018 ], [ 7.6667535, 13.2665983 ], [ 7.6714949, 13.2693576 ], [ 7.6748861, 13.2713293 ], [ 7.6799351, 13.2742647 ], [ 7.6867019, 13.2781988 ], [ 7.725979, 13.2972384 ], [ 7.7588997, 13.3104065 ], [ 7.7674619, 13.3156924 ], [ 7.7784427, 13.3229085 ], [ 7.7961261, 13.3373402 ], [ 7.8197012, 13.3522748 ], [ 7.8473834, 13.3482516 ], [ 7.8665422, 13.3455746 ], [ 7.8912338, 13.3421244 ], [ 7.9232821, 13.3376465 ], [ 7.9256556, 13.3373149 ], [ 7.9292265, 13.3367799 ], [ 7.9466122, 13.3343867 ], [ 7.9597035, 13.3325575 ], [ 7.9788583, 13.329881 ], [ 7.991801, 13.3280726 ], [ 8.0078546, 13.3258294 ], [ 8.0346714, 13.3220822 ], [ 8.0405731, 13.3212575 ], [ 8.0455424, 13.3204097 ], [ 8.0532304, 13.3187253 ], [ 8.0620401, 13.3167952 ], [ 8.0841164, 13.312103 ], [ 8.101514, 13.3081467 ], [ 8.1153666, 13.3051116 ], [ 8.122221, 13.3036098 ], [ 8.123333, 13.3030548 ], [ 8.1247215, 13.2986107 ], [ 8.1305542, 13.2908335 ], [ 8.1413879, 13.2805538 ], [ 8.1495759, 13.2750511 ], [ 8.1627726, 13.26621 ], [ 8.1677374, 13.2628452 ], [ 8.17976, 13.2547648 ], [ 8.1872048, 13.249761 ], [ 8.1900466, 13.2478509 ], [ 8.1943369, 13.2449672 ], [ 8.1974188, 13.2427986 ], [ 8.2119856, 13.2331045 ], [ 8.2179452, 13.2290986 ], [ 8.2261105, 13.2236099 ], [ 8.2358322, 13.2191658 ], [ 8.243082, 13.2185336 ], [ 8.2515087, 13.2175961 ], [ 8.2746674, 13.205104 ], [ 8.2872219, 13.1983318 ], [ 8.3107892, 13.1760504 ], [ 8.3193366, 13.1679689 ], [ 8.3233477, 13.1640939 ], [ 8.3307953, 13.1571345 ], [ 8.3395966, 13.1488131 ], [ 8.34357, 13.1450564 ], [ 8.3510001, 13.1382427 ], [ 8.3582228, 13.1319857 ], [ 8.3671264, 13.1242724 ], [ 8.3713479, 13.1206152 ], [ 8.3779733, 13.1148753 ], [ 8.3847867, 13.1089723 ], [ 8.3932813, 13.1016126 ], [ 8.4086094, 13.0883331 ], [ 8.4271616, 13.0836312 ], [ 8.4343682, 13.0818799 ], [ 8.4491653, 13.0780544 ], [ 8.4541664, 13.0799999 ], [ 8.4612701, 13.0816297 ], [ 8.4635661, 13.0823483 ], [ 8.4711094, 13.0838871 ], [ 8.4974995, 13.0858326 ], [ 8.513777613141361, 13.08391758362956 ], [ 8.513935368794838, 13.083600266773244 ] ], [ [ 8.376392719754378, 12.8838495873275 ], [ 8.376150828772575, 12.883611385658352 ], [ 8.376488046099494, 12.8835192047551 ], [ 8.376392719754378, 12.8838495873275 ] ], [ [ 7.710072730722763, 11.871621413291916 ], [ 7.709832348867589, 11.871382715941841 ], [ 7.710168412136664, 11.871291275176912 ], [ 7.710072730722763, 11.871621413291916 ] ] ] ] } },
{ "type": "Feature", "properties": { "Id": 6, "gridcode": 20, "Shape_Leng": 113.170372238, "Shape_Area": 616.03033875000006, "NUMB": 7.0, "NAME": "Hadejia", "source_state": "Katsina" }, "geometry": { "type": "MultiPolygon", "coordinates": [ [ [ [ 7.709832348867589, 11.871382715941841 ], [ 7.710072730722763, 11.871621413291916 ], [ 7.710168412136664, 11.871291275176912 ], [ 7.709832348867589, 11.871382715941841 ] ] ], [ [ [ 8.376150828772575, 12.883611385658352 ], [ 8.376392719754378, 12.8838495873275 ], [ 8.376488046099494, 12.8835192047551 ], [ 8.376150828772575, 12.883611385658352 ] ] ], [ [ [ 7.733837359118273, 11.371240336580041 ], [ 7.735422240955636, 11.371628860433139 ], [ 7.735684568670156, 11.373262798105314 ], [ 7.736238563786116, 11.373531130356699 ], [ 7.736231987364912, 11.373805003506078 ], [ 7.736253558278065, 11.375123212415248 ], [ 7.734025611313065, 11.375420386148354 ], [ 7.734042877061948, 11.37649513781875 ], [ 7.733559782058355, 11.3769492075063 ], [ 7.731088197411739, 11.377335373293844 ], [ 7.731691938423721, 11.379102435894003 ], [ 7.730431465213412, 11.380016182247054 ], [ 7.730160702917367, 11.380291563763995 ], [ 7.729879249264202, 11.380556301932971 ], [ 7.729233763061467, 11.382149765644545 ], [ 7.728230367875661, 11.381633919564628 ], [ 7.727349192303325, 11.381647857119377 ], [ 7.72630358489781, 11.382173649722596 ], [ 7.725703096378486, 11.382458193779152 ], [ 7.72438344707558, 11.382425720219327 ], [ 7.723827006254537, 11.382705418577322 ], [ 7.722720822661797, 11.382966570013307 ], [ 7.721783546269168, 11.383278516685058 ], [ 7.721344364847341, 11.384593391839301 ], [ 7.720787990352416, 11.384856924656988 ], [ 7.720517214669481, 11.38513229571725 ], [ 7.719411019813581, 11.385393433323266 ], [ 7.719140242381812, 11.385668802907821 ], [ 7.718858773867924, 11.385933528769414 ], [ 7.718586780174841, 11.386480407554807 ], [ 7.717323488436096, 11.386449470631776 ], [ 7.716655114532477, 11.388099219479752 ], [ 7.715222404344074, 11.388368715605381 ], [ 7.71447451906384, 11.388350348171569 ], [ 7.712589770495112, 11.38872275206759 ], [ 7.711971856890227, 11.39024873844291 ], [ 7.71141698748526, 11.390770263193994 ], [ 7.711135822481445, 11.392157064368607 ], [ 7.710563691695198, 11.3926946704344 ], [ 7.709237560576131, 11.392662095715506 ], [ 7.708385745730264, 11.392945496350686 ], [ 7.706887656008468, 11.393298896536731 ], [ 7.705360884587205, 11.392514454542237 ], [ 7.704016515214287, 11.393190095809771 ], [ 7.702873728217843, 11.393459746277932 ], [ 7.702889284410944, 11.394410509350966 ], [ 7.702860482470291, 11.395552062643763 ], [ 7.701752793283938, 11.395894708089825 ], [ 7.701225295082118, 11.395348291869952 ], [ 7.69983637654577, 11.395897095899995 ], [ 7.699021364758383, 11.395877065566062 ], [ 7.698743190034793, 11.396709975024809 ], [ 7.697638967992759, 11.397232744197655 ], [ 7.697325950989262, 11.398169069618643 ], [ 7.696228954068992, 11.39887199030869 ], [ 7.696256961732295, 11.400619861554436 ], [ 7.696246427055159, 11.401046023654374 ], [ 7.694608324245896, 11.401005636952345 ], [ 7.69432671886649, 11.401292055980866 ], [ 7.694027956614382, 11.401572836006604 ], [ 7.69319950769155, 11.401552462284386 ], [ 7.692397304456385, 11.402368462224219 ], [ 7.692100158818062, 11.402647392719283 ], [ 7.69137447566615, 11.404106616533385 ], [ 7.689355375484218, 11.405062074699229 ], [ 7.689083307349519, 11.405608652410294 ], [ 7.688154608296229, 11.405901445707411 ], [ 7.686093394209882, 11.405850906363108 ], [ 7.684952633362493, 11.406133733746742 ], [ 7.684683280783045, 11.405854922691626 ], [ 7.684369993694792, 11.405555254644126 ], [ 7.680597483503838, 11.40561434973888 ], [ 7.680266147677993, 11.405270624083713 ], [ 7.67836781318539, 11.405300494037938 ], [ 7.678088849565675, 11.40501156939289 ], [ 7.677474055412272, 11.404423133414289 ], [ 7.674652074196185, 11.404467360830054 ], [ 7.673827383617888, 11.404446949539924 ], [ 7.673412275330653, 11.404453550925531 ], [ 7.672858371155622, 11.404168677144408 ], [ 7.671234996628928, 11.404194181859078 ], [ 7.670945891017262, 11.403894344742994 ], [ 7.670074209093414, 11.403472141180611 ], [ 7.670402330911275, 11.402540957044682 ], [ 7.670679167083163, 11.400975398826558 ], [ 7.666529023113604, 11.400622563840535 ], [ 7.66657708086359, 11.398722744122836 ], [ 7.665742305415429, 11.398451153263888 ], [ 7.665201665259004, 11.397629665175476 ], [ 7.664922622507613, 11.397362451015198 ], [ 7.664654367912139, 11.39708468904842 ], [ 7.664100412011888, 11.39681622470115 ], [ 7.664120869848574, 11.395999934868431 ], [ 7.664107542275583, 11.395174485172069 ], [ 7.66246107372069, 11.394638811603905 ], [ 7.662192824025365, 11.394361047896242 ], [ 7.661365233793487, 11.393820089131674 ], [ 7.661096985954179, 11.393542324615069 ], [ 7.659718309674077, 11.39327009494929 ], [ 7.659315941904908, 11.392853447096565 ], [ 7.658886166749704, 11.392441971157609 ], [ 7.658212790849506, 11.392452406886855 ], [ 7.657781138121098, 11.392441694823722 ], [ 7.657255876584447, 11.391897337778818 ], [ 7.656161139327592, 11.390849476629734 ], [ 7.655895346376728, 11.388907437741924 ], [ 7.655617594837958, 11.388368978530426 ], [ 7.655093779294693, 11.387290614138987 ], [ 7.654799252732678, 11.387009016992108 ], [ 7.654509110048464, 11.386708632528785 ], [ 7.654536724264872, 11.38563120055815 ], [ 7.653986019506251, 11.384563837501315 ], [ 7.653999281878153, 11.384026973033148 ], [ 7.653652365515459, 11.383354692761491 ], [ 7.652344270152514, 11.382929123274065 ], [ 7.652077317600792, 11.382380114758272 ], [ 7.6512611146354, 11.381598933016447 ], [ 7.650981681712915, 11.380736507152919 ], [ 7.650122009853365, 11.380749781879684 ], [ 7.649613583502732, 11.38017238125037 ], [ 7.650179716838768, 11.37910007023539 ], [ 7.651820344661142, 11.37914070218881 ], [ 7.65255697738399, 11.377660447398496 ], [ 7.653207527433739, 11.374730866660164 ], [ 7.65093739466923, 11.373835486937873 ], [ 7.650133913747984, 11.372182091644476 ], [ 7.650480082943459, 11.371526231080201 ], [ 7.650202574569285, 11.370713082754646 ], [ 7.650213116430978, 11.370298584087942 ], [ 7.649381744030862, 11.369895853441221 ], [ 7.649113528799437, 11.369618081419 ], [ 7.648818420609715, 11.369350782396658 ], [ 7.648287566129938, 11.369890833117093 ], [ 7.647181396895046, 11.370151698631606 ], [ 7.646910572452944, 11.370427260799259 ], [ 7.646619069594726, 11.370420093099765 ], [ 7.645808714196828, 11.368751560426759 ], [ 7.645824611982534, 11.368113788052581 ], [ 7.645815950069208, 11.367560401308909 ], [ 7.644996378256365, 11.367163277197635 ], [ 7.644730733409491, 11.366343027544266 ], [ 7.644440514428345, 11.366065151729767 ], [ 7.644481392719192, 11.364458807778634 ], [ 7.644174606462604, 11.364165226655956 ], [ 7.643366531530544, 11.364177664852104 ], [ 7.64309298536786, 11.363894301633325 ], [ 7.642813994895268, 11.363627071982483 ], [ 7.642548358608138, 11.362806821260738 ], [ 7.642248840216228, 11.362226136977847 ], [ 7.641723464183393, 11.361723346851003 ], [ 7.641439238169839, 11.36142854287243 ], [ 7.641459784971, 11.360604049428229 ], [ 7.642013979253044, 11.359554742560473 ], [ 7.642286104587539, 11.359002649758137 ], [ 7.641601535545738, 11.359013269359346 ], [ 7.63976831319477, 11.358967996571042 ], [ 7.638991513173873, 11.358162602203464 ], [ 7.637757145830993, 11.358181799529765 ], [ 7.636008211982999, 11.358138482978401 ], [ 7.634934302453315, 11.358849495331411 ], [ 7.63459881833513, 11.35815897551363 ], [ 7.634175425915892, 11.357891070173167 ], [ 7.633771589819815, 11.35870292500762 ], [ 7.633208572360942, 11.359231938334901 ], [ 7.632666924420164, 11.359782770530604 ], [ 7.631404439963413, 11.360180594619203 ], [ 7.630602209777241, 11.360996420531787 ], [ 7.629306917679354, 11.361404678733562 ], [ 7.628514040896491, 11.361385095942124 ], [ 7.627956304567223, 11.36080664154724 ], [ 7.627444329369875, 11.359753197195836 ], [ 7.626616908553, 11.359212158414964 ], [ 7.626350024766031, 11.358663133915584 ], [ 7.625702284532772, 11.35771050535565 ], [ 7.624378700641227, 11.357303033249034 ], [ 7.623049902854891, 11.35865488871929 ], [ 7.622499355408578, 11.358372069369148 ], [ 7.622226904025557, 11.358649188602735 ], [ 7.621781438704372, 11.359067475967532 ], [ 7.620231821433445, 11.359555823366083 ], [ 7.619649046540093, 11.360727322120056 ], [ 7.618927328312282, 11.359979089193557 ], [ 7.617254038093201, 11.359168383020682 ], [ 7.61730171316749, 11.357295882879763 ], [ 7.617008107088263, 11.356726066330484 ], [ 7.616741244472063, 11.356177035451916 ], [ 7.616181513587072, 11.355908466697402 ], [ 7.616190184747633, 11.356448338804533 ], [ 7.616183509021639, 11.356719547722241 ], [ 7.616192160510046, 11.357263658293054 ], [ 7.614805244450141, 11.357524146133191 ], [ 7.614530479280212, 11.358613113319068 ], [ 7.613236975414674, 11.358872972266902 ], [ 7.612870401678125, 11.357739404079798 ], [ 7.612305850996909, 11.357246449348773 ], [ 7.611193439952097, 11.357805410129439 ], [ 7.6104127475587, 11.358599292076633 ], [ 7.609708927983093, 11.359260563393835 ], [ 7.609004840336375, 11.359976661516269 ], [ 7.609021217086729, 11.361028321390744 ], [ 7.608464812187571, 11.361291635788826 ], [ 7.608036419918847, 11.361727198463003 ], [ 7.607637636351854, 11.362920462415449 ], [ 7.606501997620359, 11.363723512965988 ], [ 7.605066750532841, 11.362985383370271 ], [ 7.604611373098985, 11.363448624318208 ], [ 7.604268632844043, 11.363712941595878 ], [ 7.602742502088722, 11.361794853073761 ], [ 7.600726923608573, 11.361825815772212 ], [ 7.600080540049301, 11.362483359612442 ], [ 7.598712726550782, 11.362014111099858 ], [ 7.598014375209249, 11.363417307725975 ], [ 7.59771672671048, 11.363681831250418 ], [ 7.597191104003522, 11.363136852921391 ], [ 7.593725018397233, 11.362702084709792 ], [ 7.592514230353231, 11.363933560299213 ], [ 7.592232682682222, 11.364198154547742 ], [ 7.591684281026549, 11.36501454428767 ], [ 7.591088942752869, 11.36554887437565 ], [ 7.589481554822423, 11.364997384293181 ], [ 7.588169444918432, 11.365865996982993 ], [ 7.586463020670728, 11.364712738221215 ], [ 7.586047983671142, 11.364719222721581 ], [ 7.584037629126767, 11.364669040911053 ], [ 7.582354969972942, 11.36566484201304 ], [ 7.581460123024742, 11.365204677311979 ], [ 7.57986064848169, 11.36522902132911 ], [ 7.579286260280737, 11.36521486173149 ], [ 7.578561446385893, 11.36446281711186 ], [ 7.57818725430136, 11.364136005627197 ], [ 7.577239184186406, 11.365100354943083 ], [ 7.576830298335183, 11.367113048410395 ], [ 7.575830676358361, 11.367427925091752 ], [ 7.575445108172982, 11.36820241928956 ], [ 7.57408160113282, 11.368168274377354 ], [ 7.573799925034744, 11.36845456840215 ], [ 7.572360254838725, 11.369375991015106 ], [ 7.57021472636324, 11.370051616048013 ], [ 7.569936771733834, 11.371420480548718 ], [ 7.568468297317849, 11.371116416694088 ], [ 7.568005567884975, 11.37250053625645 ], [ 7.567454790022291, 11.372486996597438 ], [ 7.566767522385257, 11.372497425938876 ], [ 7.565932231213043, 11.372476406343434 ], [ 7.565536860552025, 11.371662366175991 ], [ 7.564046671286699, 11.372157573915002 ], [ 7.562530659587861, 11.371377529426841 ], [ 7.561961520081347, 11.371386140359043 ], [ 7.561690834850274, 11.370549131482152 ], [ 7.560729742366601, 11.370563770803315 ], [ 7.560295458823107, 11.370552906828017 ], [ 7.559503697760388, 11.368922161140311 ], [ 7.558658934978566, 11.368652092241222 ], [ 7.558117138323448, 11.369203031851269 ], [ 7.556979099629831, 11.369174413674966 ], [ 7.555934421185915, 11.368090980610866 ], [ 7.554830897597214, 11.367819632577412 ], [ 7.554562786150518, 11.367541785444869 ], [ 7.553998274875245, 11.367273079334486 ], [ 7.553459162202785, 11.368355365154661 ], [ 7.552579434290571, 11.368632341575079 ], [ 7.551506353098748, 11.368605610317864 ], [ 7.550666785474394, 11.367734805649942 ], [ 7.549336891589229, 11.368064121514198 ], [ 7.548958443045628, 11.368054575920251 ], [ 7.548519701379401, 11.366698368817568 ], [ 7.547691064820826, 11.366428349835983 ], [ 7.546804085013722, 11.36612387100654 ], [ 7.543574009653432, 11.36532998022227 ], [ 7.543305666504412, 11.362774726692427 ], [ 7.542215698663081, 11.362061590333209 ], [ 7.541817694715224, 11.360831130599006 ], [ 7.541340068848617, 11.360373446092275 ], [ 7.53975570405065, 11.359337091583404 ], [ 7.53934027121544, 11.358052773739388 ], [ 7.537486786143746, 11.356840522729261 ], [ 7.535873538562182, 11.357158310858988 ], [ 7.534923971601367, 11.357134257036222 ], [ 7.53427633390729, 11.35549014068814 ], [ 7.533730881707937, 11.354967480898171 ], [ 7.53325753087258, 11.353992773447835 ], [ 7.533745945225125, 11.353068936840518 ], [ 7.534304306247227, 11.351693040829259 ], [ 7.534857757308238, 11.351173193821204 ], [ 7.534576220229077, 11.350903212706474 ], [ 7.534036058600619, 11.350081536239172 ], [ 7.533482340513964, 11.349812850471892 ], [ 7.532802014730589, 11.349107020814598 ], [ 7.533709320830084, 11.348255193250221 ], [ 7.533081494392636, 11.346415167888475 ], [ 7.533509248941751, 11.346013890904153 ], [ 7.53322964452253, 11.345471627795876 ], [ 7.533237014790054, 11.345184540708853 ], [ 7.534885293337912, 11.344405522035483 ], [ 7.53516221131619, 11.343790267945694 ], [ 7.534073560322926, 11.341678845486923 ], [ 7.53380695705452, 11.341113867888893 ], [ 7.534359305590519, 11.340595338186173 ], [ 7.534910031446805, 11.339341506391509 ], [ 7.533069236210753, 11.338614291102632 ], [ 7.532535946842507, 11.337515170777886 ], [ 7.5299014, 11.3391587 ], [ 7.5249025, 11.3402057 ], [ 7.5224069, 11.3404154 ], [ 7.5217252, 11.3404041 ], [ 7.5216643, 11.346948 ], [ 7.5218925, 11.3535475 ], [ 7.5202952, 11.3616008 ], [ 7.5106193, 11.3580006 ], [ 7.505628, 11.3564627 ], [ 7.5036672, 11.3553441 ], [ 7.5011359, 11.3535615 ], [ 7.4963585, 11.3515691 ], [ 7.4894992, 11.3521819 ], [ 7.4829758, 11.3576132 ], [ 7.482797974526472, 11.357932105601899 ], [ 7.484184301912285, 11.358604663253317 ], [ 7.484505979632242, 11.359600634808571 ], [ 7.484964322948115, 11.360945610415122 ], [ 7.486701649948797, 11.361233973749391 ], [ 7.486968252351557, 11.361783092273063 ], [ 7.487517359599475, 11.36230929216145 ], [ 7.487784113313345, 11.363441122609171 ], [ 7.486955406554353, 11.364218760378773 ], [ 7.486681592369663, 11.365036329113908 ], [ 7.486259141169178, 11.365433051154429 ], [ 7.485736663085305, 11.365963811463237 ], [ 7.486123746647166, 11.367487471707582 ], [ 7.487450689077672, 11.368131298995401 ], [ 7.487762771898148, 11.369423078307339 ], [ 7.487749943832982, 11.36992123064136 ], [ 7.487760325098322, 11.370599348324021 ], [ 7.487726677955406, 11.371889087106984 ], [ 7.48690674583731, 11.373440183362892 ], [ 7.486617097399498, 11.374305609996984 ], [ 7.4866450154394, 11.376135466293137 ], [ 7.486341247076481, 11.376420756782091 ], [ 7.486062687079582, 11.377523561410628 ], [ 7.485508025727444, 11.378043822514202 ], [ 7.485237057325213, 11.378318951085879 ], [ 7.484955407811023, 11.378583428478077 ], [ 7.484420902859802, 11.379656571251839 ], [ 7.48388188411684, 11.380161812530527 ], [ 7.483402464048637, 11.384315388020147 ], [ 7.48298053278931, 11.385113908787078 ], [ 7.483000384907866, 11.386433583755919 ], [ 7.482496012498272, 11.387388214385679 ], [ 7.482986521543811, 11.388340297423451 ], [ 7.48203940862343, 11.389863432560839 ], [ 7.482425090983157, 11.390233059914269 ], [ 7.48303647976847, 11.39086766124881 ], [ 7.482685978556309, 11.391862020285831 ], [ 7.482706735245035, 11.39321268941532 ], [ 7.482126132905286, 11.393757437835587 ], [ 7.481853705512658, 11.39430377790543 ], [ 7.48157203562236, 11.394568249366626 ], [ 7.481299606262468, 11.395114588659283 ], [ 7.481014328678045, 11.395653708944119 ], [ 7.481295314428888, 11.395922942251326 ], [ 7.481287853459381, 11.39621584790507 ], [ 7.480735841350668, 11.396733723501384 ], [ 7.480461826135151, 11.397577764600255 ], [ 7.481120277948659, 11.398855447234586 ], [ 7.48025904791044, 11.399262332854507 ], [ 7.479899121320337, 11.400005277871447 ], [ 7.480446141334185, 11.400529367141754 ], [ 7.480709790631402, 11.401636818457547 ], [ 7.480145894382116, 11.4021657545903 ], [ 7.480164682275039, 11.403378415239585 ], [ 7.480130997467835, 11.404664437076713 ], [ 7.47758556920555, 11.405140990269793 ], [ 7.476843427649336, 11.405966969633555 ], [ 7.47738761601733, 11.407023168250374 ], [ 7.477359229660738, 11.408118246628815 ], [ 7.476829347402101, 11.408104902631068 ], [ 7.475693642582296, 11.408121786419786 ], [ 7.475743451442932, 11.411365604451504 ], [ 7.474340618669095, 11.411329973572114 ], [ 7.473787792368442, 11.411891530260196 ], [ 7.473231190628054, 11.412154560283181 ], [ 7.472096436390194, 11.412994637963799 ], [ 7.470480460968051, 11.412953904303627 ], [ 7.469333462536867, 11.412970967046112 ], [ 7.469372859030261, 11.415538254340799 ], [ 7.470192255892166, 11.41593585418776 ], [ 7.470458861774882, 11.416484988196688 ], [ 7.471283179289497, 11.417568879531675 ], [ 7.471549788513205, 11.418118012955826 ], [ 7.472450375755808, 11.419600658440936 ], [ 7.472088025371763, 11.420285304167098 ], [ 7.471815548017112, 11.420831628261555 ], [ 7.471254111608402, 11.421893198475571 ], [ 7.471258456894081, 11.422184574235418 ], [ 7.470956940249987, 11.423039049201096 ], [ 7.470144728990933, 11.42380106880297 ], [ 7.469595871849007, 11.424617170032574 ], [ 7.466940747530278, 11.424887761387092 ], [ 7.466084770232347, 11.426995585878338 ], [ 7.464615348921525, 11.427845790404016 ], [ 7.464045589245216, 11.429547477371614 ], [ 7.46214098654257, 11.431333536692259 ], [ 7.46185870543736, 11.431899660289774 ], [ 7.460866724658366, 11.432829687293722 ], [ 7.46021312944122, 11.432151377532071 ], [ 7.459348243847418, 11.431322836296465 ], [ 7.45828495265762, 11.431338432449353 ], [ 7.458010058881412, 11.431331687881812 ], [ 7.457597630901493, 11.43133772763877 ], [ 7.456741813075835, 11.43131600456786 ], [ 7.455518776241592, 11.43048848066986 ], [ 7.454989327833963, 11.429397363012328 ], [ 7.453987181776002, 11.428436976862857 ], [ 7.452252600867007, 11.428865641055181 ], [ 7.45114611066195, 11.429125717248299 ], [ 7.449773905876431, 11.429666199292132 ], [ 7.448942331306106, 11.429927720860206 ], [ 7.448671276326984, 11.430202803837616 ], [ 7.448373431592227, 11.430467148956758 ], [ 7.447837342579788, 11.429910745742511 ], [ 7.447854964162465, 11.42923835079843 ], [ 7.445440731448675, 11.429835002356795 ], [ 7.445097318211284, 11.430183859108926 ], [ 7.44459861010747, 11.430651343330403 ], [ 7.441772390559738, 11.430974555386062 ], [ 7.44124699369325, 11.430429322081066 ], [ 7.440780763267366, 11.430160919933181 ], [ 7.440412838878207, 11.431259465049001 ], [ 7.439592977430746, 11.432027967944247 ], [ 7.439310653565586, 11.432594063861998 ], [ 7.439028907190112, 11.432858483796792 ], [ 7.43875041359088, 11.434489610772514 ], [ 7.43735980964098, 11.435146203417299 ], [ 7.434340352288418, 11.435545645563865 ], [ 7.434062358409347, 11.436103017226694 ], [ 7.432698630453856, 11.436068177059365 ], [ 7.432154319112325, 11.43662067738879 ], [ 7.430560657481178, 11.436995130165981 ], [ 7.430209894732015, 11.437698575429168 ], [ 7.428278585394204, 11.437954135020121 ], [ 7.427871964111667, 11.438366724123343 ], [ 7.426559456826267, 11.43877921368418 ], [ 7.425265518327764, 11.438746300826601 ], [ 7.424350977158664, 11.439049413610601 ], [ 7.42239557364458, 11.438999683901349 ], [ 7.42168576825881, 11.43791867223292 ], [ 7.420021590775798, 11.437643778356875 ], [ 7.419481835177516, 11.438725731396378 ], [ 7.419028415795871, 11.439150766608542 ], [ 7.416369183792404, 11.438688517746892 ], [ 7.41535260176909, 11.438703676949075 ], [ 7.414503655194411, 11.438411708796393 ], [ 7.413385579415764, 11.43842816497302 ], [ 7.412329278183345, 11.43950068028963 ], [ 7.410550880927402, 11.439776548220449 ], [ 7.40955654109151, 11.439751018524598 ], [ 7.409031733891724, 11.439206266401433 ], [ 7.408461357314757, 11.43893724897579 ], [ 7.408477757573325, 11.440038619820529 ], [ 7.409024161271286, 11.44056230120407 ], [ 7.409289143999698, 11.441382684538832 ], [ 7.409567954329353, 11.441650117001606 ], [ 7.409834364650589, 11.442215184031268 ], [ 7.409281600711627, 11.442733421735081 ], [ 7.408456008790496, 11.443834983020388 ], [ 7.409002952838781, 11.444359197958331 ], [ 7.409267937537519, 11.445179581571569 ], [ 7.409821680715297, 11.445448508627651 ], [ 7.41008818282422, 11.44599768490534 ], [ 7.410555011755315, 11.446445448040784 ], [ 7.41006755763945, 11.448729323652678 ], [ 7.410085206117652, 11.449896122090813 ], [ 7.411449917053159, 11.450341082725474 ], [ 7.4114274189365, 11.451196983824831 ], [ 7.410823908647401, 11.452337099870707 ], [ 7.409580479529328, 11.452770005524858 ], [ 7.40813401514037, 11.451674893091333 ], [ 7.407683058478732, 11.452132761272615 ], [ 7.406202749843639, 11.452480402311989 ], [ 7.405675638039974, 11.453015721075726 ], [ 7.405098446195125, 11.453288025552855 ], [ 7.404427457046596, 11.453624177958025 ], [ 7.403994912423409, 11.45491458867621 ], [ 7.403018786808289, 11.455175175475338 ], [ 7.402623297820131, 11.454359372651997 ], [ 7.402287866377876, 11.454037592375945 ], [ 7.399280404673823, 11.45408179713948 ], [ 7.398218980529923, 11.454613645058705 ], [ 7.397949369321362, 11.454333802516246 ], [ 7.397362420870397, 11.454048779039116 ], [ 7.396298533258314, 11.454064399264762 ], [ 7.395630598401353, 11.454047492892492 ], [ 7.395213774705751, 11.451877088750743 ], [ 7.393287134261697, 11.452144080239549 ], [ 7.392796928120966, 11.452131322043867 ], [ 7.392470560577219, 11.450777965647172 ], [ 7.391498982615857, 11.450235496283517 ], [ 7.391094335672122, 11.451046909275336 ], [ 7.390537597521909, 11.451309761307689 ], [ 7.390266470325217, 11.451584779609817 ], [ 7.388871492829413, 11.451845397352619 ], [ 7.388227690451614, 11.452499487821409 ], [ 7.385579583749649, 11.452909709056291 ], [ 7.385287384211328, 11.453206588198247 ], [ 7.383381323897631, 11.453157653885178 ], [ 7.382513465775202, 11.453170335487062 ], [ 7.380385094144976, 11.453875782329884 ], [ 7.380089378328765, 11.452336661312717 ], [ 7.379539450487353, 11.452344738936231 ], [ 7.379242635212622, 11.452036921906807 ], [ 7.37815334911667, 11.451517860245117 ], [ 7.377613411437657, 11.452599710125209 ], [ 7.376781728801745, 11.452861008461232 ], [ 7.37637501845519, 11.453273512706705 ], [ 7.375127489523195, 11.453665454208 ], [ 7.374856346854151, 11.453940455850134 ], [ 7.373473241877755, 11.454469889275648 ], [ 7.372898540547709, 11.455053343652883 ], [ 7.372922228302425, 11.456639156283359 ], [ 7.372907202716347, 11.457200563262438 ], [ 7.372354888363774, 11.457718190882787 ], [ 7.372074425036476, 11.459620398983484 ], [ 7.371212059310054, 11.460171522083224 ], [ 7.370693519078131, 11.460697544871245 ], [ 7.369311929751156, 11.460955751569099 ], [ 7.368763141481395, 11.461230785689402 ], [ 7.367738340143892, 11.460702507555826 ], [ 7.366275099812138, 11.460123838625179 ], [ 7.365750886601266, 11.459579812382071 ], [ 7.365472108037957, 11.459312341640567 ], [ 7.365207247665004, 11.458491934386494 ], [ 7.364472942356552, 11.457410140972256 ], [ 7.364054035890813, 11.456111077320966 ], [ 7.36292095152859, 11.45574135608315 ], [ 7.36101499464566, 11.455768817060621 ], [ 7.360271622538178, 11.45617093245443 ], [ 7.361209279736677, 11.456626439279624 ], [ 7.360809155891817, 11.45738246823179 ], [ 7.36053174422934, 11.458742254579736 ], [ 7.358859116953172, 11.458998779298186 ], [ 7.358333855141484, 11.458453412451195 ], [ 7.358038976157432, 11.458185845233034 ], [ 7.357507452924354, 11.458725276092208 ], [ 7.356835982155889, 11.459042237759272 ], [ 7.356395031168155, 11.460355807823918 ], [ 7.355095695958561, 11.460968779736181 ], [ 7.355841221019204, 11.461683573094758 ], [ 7.355833023849049, 11.461986782066115 ], [ 7.355280672419954, 11.462504371708386 ], [ 7.355000087887746, 11.464406546513462 ], [ 7.354705895134603, 11.465782912377579 ], [ 7.353337252912617, 11.4657476560992 ], [ 7.353064505821463, 11.466294096643265 ], [ 7.352232768613541, 11.466555316277764 ], [ 7.351958447396083, 11.467372689260285 ], [ 7.351676592565484, 11.467637008849319 ], [ 7.35122769026079, 11.468092402809667 ], [ 7.349705322388138, 11.468449564235121 ], [ 7.348344189178611, 11.468414325347736 ], [ 7.348368870913132, 11.470080906328823 ], [ 7.348915198217233, 11.470604691866905 ], [ 7.349182827484699, 11.470941241721036 ], [ 7.347524058121477, 11.472495271889924 ], [ 7.346393388048277, 11.473642558910925 ], [ 7.344993861617694, 11.473280258868998 ], [ 7.342834727958487, 11.475999673893231 ], [ 7.341976105066098, 11.476260706450507 ], [ 7.340907456329925, 11.475150741049246 ], [ 7.339796727344297, 11.474626379961562 ], [ 7.338972331256907, 11.475463117262175 ], [ 7.338990073347158, 11.476653186320373 ], [ 7.338972132831795, 11.477333217819885 ], [ 7.339246011970929, 11.479262350281605 ], [ 7.339201865591461, 11.48093329904564 ], [ 7.338647964146056, 11.481979213555578 ], [ 7.338117142715151, 11.482476490482542 ], [ 7.337546133123599, 11.483324727541333 ], [ 7.337565799426271, 11.484642993435244 ], [ 7.337277974759784, 11.484912558281266 ], [ 7.336736176046823, 11.485998263890663 ], [ 7.335070355998947, 11.486255990791733 ], [ 7.33451341167715, 11.486534874847147 ], [ 7.334521002482161, 11.487071502003674 ], [ 7.334117362399639, 11.488588633467858 ], [ 7.334509886014497, 11.488964841381126 ], [ 7.334776261928687, 11.489514070555133 ], [ 7.335192031330734, 11.490322114906947 ], [ 7.335628741463395, 11.49122271064236 ], [ 7.33557229187441, 11.49333720533504 ], [ 7.334453882832738, 11.49438517910621 ], [ 7.333921534037108, 11.495502180831517 ], [ 7.334753060415506, 11.496299360259346 ], [ 7.334728196492175, 11.497240490106934 ], [ 7.334734287118575, 11.497666401655843 ], [ 7.335473428155789, 11.498375122804891 ], [ 7.334185186288743, 11.498982472813871 ], [ 7.333893968028423, 11.499277967502859 ], [ 7.333344090875374, 11.499263698261382 ], [ 7.331951459614413, 11.500085762788515 ], [ 7.330875331575573, 11.500057880668139 ], [ 7.330130361514991, 11.500431019971785 ], [ 7.329496734239318, 11.499773212528615 ], [ 7.328567523131009, 11.49978642204854 ], [ 7.32825099834036, 11.500729052239464 ], [ 7.328670220402655, 11.500859379482964 ], [ 7.328915246661095, 11.503388227800466 ], [ 7.328256816033374, 11.504566728392167 ], [ 7.32867975541604, 11.506161420372663 ], [ 7.33004741661975, 11.507030288769045 ], [ 7.329978495806413, 11.508061475426834 ], [ 7.33004199319812, 11.509224786603404 ], [ 7.331093835604109, 11.509551814724841 ], [ 7.33136101089552, 11.510422048194874 ], [ 7.33191666668221, 11.510917584896845 ], [ 7.331591519721558, 11.51149918198832 ], [ 7.330800145660792, 11.511448030471778 ], [ 7.33038215504645, 11.511470263560886 ], [ 7.329973836560288, 11.512948419365767 ], [ 7.3313384402968, 11.514706098032985 ], [ 7.331653567341138, 11.515733661103829 ], [ 7.332995912146148, 11.516350506159606 ], [ 7.332926960519859, 11.517387521144709 ], [ 7.333485406380614, 11.518414888427555 ], [ 7.333771034950057, 11.519345876478152 ], [ 7.334993409259102, 11.51972578317698 ], [ 7.335683205276145, 11.521526462340425 ], [ 7.33643474531477, 11.521871887689933 ], [ 7.336789524177738, 11.522645685515245 ], [ 7.338134054168291, 11.523263849290707 ], [ 7.337190610153538, 11.524952955496087 ], [ 7.337600967199855, 11.525318939250125 ], [ 7.337849672727017, 11.527234156381125 ], [ 7.338291024584342, 11.527627861383138 ], [ 7.337840194302402, 11.528845970048531 ], [ 7.337552738790312, 11.530596562563261 ], [ 7.336450824097201, 11.531278861802623 ], [ 7.336186939197439, 11.531943443683216 ], [ 7.337559493026419, 11.532370026073954 ], [ 7.337817771248995, 11.532658069613239 ], [ 7.338852721421855, 11.533133830650264 ], [ 7.339181633222321, 11.534564303714545 ], [ 7.339470175814732, 11.534821797174082 ], [ 7.339986206226357, 11.535397613822948 ], [ 7.340563829836303, 11.535912867265354 ], [ 7.340822114231129, 11.536200908935369 ], [ 7.341187070766124, 11.53652663887566 ], [ 7.342482475268615, 11.536192379323175 ], [ 7.343134103643474, 11.536546227977265 ], [ 7.343567426462243, 11.537030195019964 ], [ 7.34416322986329, 11.537561437070417 ], [ 7.344108430397257, 11.538387718129949 ], [ 7.344499022833525, 11.539106097566997 ], [ 7.34604442018113, 11.539470067011937 ], [ 7.345999045173879, 11.540155238346092 ], [ 7.346043696126357, 11.540969109639596 ], [ 7.346001872476394, 11.541598153410032 ], [ 7.344433473722884, 11.541948613202393 ], [ 7.343922387966039, 11.543548034407749 ], [ 7.343531484722879, 11.543522762306086 ], [ 7.34137146109583, 11.54427319175816 ], [ 7.340814075181807, 11.544881276618337 ], [ 7.340224707783929, 11.546816862134472 ], [ 7.340771894858285, 11.547304664250992 ], [ 7.341030188271805, 11.547592706986274 ], [ 7.341318744449156, 11.547850200456189 ], [ 7.342122049019401, 11.548997348195149 ], [ 7.341489788490406, 11.549548063099657 ], [ 7.341852844300448, 11.55056530272924 ], [ 7.342193301589807, 11.552046163580682 ], [ 7.342678514736939, 11.552478520534192 ], [ 7.341769919886866, 11.552883577416694 ], [ 7.341284131281961, 11.553736525045569 ], [ 7.342318638767838, 11.555214733614404 ], [ 7.343612377953924, 11.556367861848173 ], [ 7.3426262125128, 11.556807436827368 ], [ 7.342198881304134, 11.559411103527474 ], [ 7.340958485211829, 11.559781150971187 ], [ 7.340696808499573, 11.560066218904758 ], [ 7.340382012589438, 11.560340389151108 ], [ 7.341948177846096, 11.562579110685558 ], [ 7.342308026306125, 11.564143509413595 ], [ 7.342667522022531, 11.56467261427942 ], [ 7.343820708670738, 11.564063170142921 ], [ 7.345526201634303, 11.564173290042227 ], [ 7.346010799682863, 11.566818982885051 ], [ 7.344430506972152, 11.567523194163932 ], [ 7.344803640565718, 11.568566711085959 ], [ 7.346115079134413, 11.569735828525506 ], [ 7.346401089737777, 11.570979866905503 ], [ 7.347337203551685, 11.570930122095362 ], [ 7.347761018576198, 11.57231081384765 ], [ 7.34887473810413, 11.57257301042605 ], [ 7.34933568244491, 11.573578357341473 ], [ 7.349720187389173, 11.575252011309443 ], [ 7.349657680194693, 11.576200610285824 ], [ 7.34910770069042, 11.577184831221825 ], [ 7.348842830009215, 11.578012297680852 ], [ 7.34827192052516, 11.578808619566784 ], [ 7.348287449276808, 11.579091831122001 ], [ 7.347987216291524, 11.57990214490068 ], [ 7.348280084214891, 11.580163368083374 ], [ 7.349125229826482, 11.581613735693816 ], [ 7.349035065460535, 11.582971366848673 ], [ 7.348520988130834, 11.583419205956091 ], [ 7.348258050030435, 11.583915885398238 ], [ 7.349648646125363, 11.584243229733877 ], [ 7.349543730888155, 11.585825633212718 ], [ 7.349899671233912, 11.586142834316167 ], [ 7.349599433196512, 11.586953148098583 ], [ 7.349625629046691, 11.587432673731232 ], [ 7.349521626576654, 11.588035406237873 ], [ 7.348512141052786, 11.587487233303786 ], [ 7.347850171214745, 11.587227608694977 ], [ 7.346854898263106, 11.588649191159751 ], [ 7.347399150799595, 11.589650515979566 ], [ 7.347655641340274, 11.590252128509468 ], [ 7.347102667692121, 11.59073364119728 ], [ 7.346970221034166, 11.591147371927525 ], [ 7.347109656055613, 11.591281122735197 ], [ 7.347376110994295, 11.592107119691383 ], [ 7.349222264429256, 11.592080588254438 ], [ 7.350405042192797, 11.591299677476073 ], [ 7.350696725471898, 11.591307168740176 ], [ 7.351223835785525, 11.592394731811872 ], [ 7.352602971979783, 11.592668501602315 ], [ 7.353146109620757, 11.592948099214381 ], [ 7.353982921771073, 11.593354375957059 ], [ 7.353916119995397, 11.595861589844354 ], [ 7.352836388918519, 11.596200536797898 ], [ 7.352168362605833, 11.596877655301276 ], [ 7.351734015812503, 11.597284635332418 ], [ 7.350649983545125, 11.597256733436598 ], [ 7.350371600899224, 11.597910909711848 ], [ 7.352028038026756, 11.598451383469031 ], [ 7.352555136148941, 11.599909999330583 ], [ 7.351036706971911, 11.600386276129079 ], [ 7.350629721510365, 11.600798706284163 ], [ 7.350347714785022, 11.601063003830998 ], [ 7.350076389636904, 11.60133795711095 ], [ 7.348680643193301, 11.601598273916427 ], [ 7.348146093197186, 11.6021405413236 ], [ 7.347864082947742, 11.602404835918609 ], [ 7.34759275421222, 11.602679786331624 ], [ 7.347035668671119, 11.602942506309939 ], [ 7.346761144828469, 11.603759846791791 ], [ 7.345928981312744, 11.604020989628136 ], [ 7.345657649151537, 11.604295937720911 ], [ 7.345375634448565, 11.604560229231801 ], [ 7.345104137291877, 11.604862985011897 ], [ 7.348077674556074, 11.604820151883064 ], [ 7.34869421116194, 11.60513778792895 ], [ 7.349984860324267, 11.605119209183066 ], [ 7.350315813663023, 11.606492221274934 ], [ 7.350598954615717, 11.607041810285921 ], [ 7.351350136724347, 11.607031003761024 ], [ 7.35168005592674, 11.608398447867275 ], [ 7.352673886305014, 11.608880847987466 ], [ 7.353045907602858, 11.610033474035969 ], [ 7.353604110316081, 11.611413607487941 ], [ 7.353568936515517, 11.612737916948589 ], [ 7.353859054267486, 11.613016073725655 ], [ 7.354127144674543, 11.613294105574225 ], [ 7.355797589522049, 11.613569534562057 ], [ 7.356585648665853, 11.612770205320491 ], [ 7.356863701824039, 11.615750549553599 ], [ 7.357141016192089, 11.61628924244593 ], [ 7.357469499044094, 11.617999391523476 ], [ 7.358735807478794, 11.619212722967399 ], [ 7.360147962302883, 11.619560819849596 ], [ 7.360404962048658, 11.621737226869817 ], [ 7.360964864296885, 11.622008966527961 ], [ 7.360942913278254, 11.622822460137844 ], [ 7.360954093029175, 11.623575226390463 ], [ 7.362323351363954, 11.623912478581518 ], [ 7.362866555858799, 11.624192331702695 ], [ 7.36315834492619, 11.624187895914876 ], [ 7.363146437393638, 11.62337473896922 ], [ 7.364338760049401, 11.623095201219762 ], [ 7.365351448092837, 11.623121336874476 ], [ 7.365926423235575, 11.623113206462083 ], [ 7.366721514311394, 11.62230673873794 ], [ 7.367840664901651, 11.622596463919225 ], [ 7.36840333101002, 11.622025981443622 ], [ 7.368379297114749, 11.620431709319019 ], [ 7.368689943792702, 11.620140806684409 ], [ 7.370075460172901, 11.620176712274382 ], [ 7.370589790849071, 11.620710114944789 ], [ 7.371288340601603, 11.620979969955357 ], [ 7.371693351880246, 11.620168634111321 ], [ 7.372002227900017, 11.61990446752897 ], [ 7.373686503674719, 11.620771821563876 ], [ 7.37444744386161, 11.619641751505643 ], [ 7.375004546435313, 11.61937897990301 ], [ 7.375275870314101, 11.61910400256731 ], [ 7.37565512117995, 11.618748589314345 ], [ 7.375260340030249, 11.617982269448579 ], [ 7.374735083507478, 11.617479006557495 ], [ 7.374265484762952, 11.615531291443755 ], [ 7.375304780847774, 11.615041342954504 ], [ 7.375576099685365, 11.614766364655189 ], [ 7.376443284675275, 11.614212937228118 ], [ 7.377550499028025, 11.614241411947711 ], [ 7.379569431480149, 11.614935278320379 ], [ 7.379979106992145, 11.614519906259668 ], [ 7.380261105105284, 11.614255578053189 ], [ 7.380532420385865, 11.613980329453474 ], [ 7.381629964239316, 11.614008734173973 ], [ 7.38191099636874, 11.613445908881177 ], [ 7.382194555714041, 11.612910378221171 ], [ 7.382467430010102, 11.61236419201777 ], [ 7.382749423664165, 11.612099860738295 ], [ 7.383020732920248, 11.611824874026622 ], [ 7.383302725514819, 11.611560542054942 ], [ 7.383991522081669, 11.61053782965733 ], [ 7.384702089081333, 11.610212329562176 ], [ 7.385227650078871, 11.610757688351669 ], [ 7.386824287988842, 11.611074373448268 ], [ 7.387980112919577, 11.612834158926674 ], [ 7.387930028796405, 11.61472413613 ], [ 7.389728071034441, 11.615434711141605 ], [ 7.389321221230261, 11.616202104059182 ], [ 7.38977662154359, 11.617085547750982 ], [ 7.391324025472281, 11.616063899387898 ], [ 7.391793991236722, 11.617032175016773 ], [ 7.392075604935626, 11.61730230574552 ], [ 7.391790910973937, 11.617569280282565 ], [ 7.391517834490972, 11.618152554600021 ], [ 7.392612239817638, 11.619201117813462 ], [ 7.392997887329291, 11.619601341320534 ], [ 7.394260552696407, 11.618667876522391 ], [ 7.395261217952951, 11.618353765854403 ], [ 7.395642240627649, 11.617590721469838 ], [ 7.396013775517079, 11.616889069908613 ], [ 7.397579449433239, 11.616521941554332 ], [ 7.397852300220873, 11.615975737414743 ], [ 7.398959566917125, 11.615715969717215 ], [ 7.400073906752637, 11.615158009391472 ], [ 7.401985911204332, 11.615207007791248 ], [ 7.404178852451726, 11.615175176702973 ], [ 7.404456079167215, 11.61574641310159 ], [ 7.405401432464202, 11.616652146445437 ], [ 7.407573523347629, 11.616226070318968 ], [ 7.408065309897568, 11.615727147335283 ], [ 7.40858868817076, 11.614679087157651 ], [ 7.409819707810829, 11.61429256254721 ], [ 7.412267953140836, 11.615005791014902 ], [ 7.413543456642976, 11.614163941449915 ], [ 7.415200898015088, 11.613907132285938 ], [ 7.415472721922663, 11.613631584314593 ], [ 7.41824519191911, 11.613926216647625 ], [ 7.419542200598008, 11.615271908738322 ], [ 7.420449669186413, 11.615567954425394 ], [ 7.421636120520712, 11.61679835128178 ], [ 7.422607727846722, 11.61772907566719 ], [ 7.422592741770112, 11.618291814750423 ], [ 7.423148177976907, 11.619369906451208 ], [ 7.423120732152838, 11.620428390698056 ], [ 7.423414129374301, 11.620998378127467 ], [ 7.423685029488223, 11.621556059512816 ], [ 7.425333752664124, 11.622093720094666 ], [ 7.425601930501728, 11.622371695885404 ], [ 7.426305274872244, 11.623045094330134 ], [ 7.426700854081706, 11.622643609038942 ], [ 7.427808136125884, 11.622383730623955 ], [ 7.428086185124195, 11.621285292001732 ], [ 7.429380636800722, 11.6219513097579 ], [ 7.429726974720051, 11.622665398623685 ], [ 7.431126895901635, 11.623210148927969 ], [ 7.432756192102972, 11.62213414800555 ], [ 7.433733483581174, 11.621673305948168 ], [ 7.435533244106746, 11.62134087667361 ], [ 7.43622187561448, 11.622055491631295 ], [ 7.437986749001295, 11.621619826653909 ], [ 7.43853367258914, 11.621633912349688 ], [ 7.439364754628079, 11.621085119357867 ], [ 7.440747129455517, 11.620826677187992 ], [ 7.441293502984061, 11.620553116403309 ], [ 7.442125666301393, 11.620291693513714 ], [ 7.44433353408435, 11.618939051490074 ], [ 7.444596231886421, 11.62030502532417 ], [ 7.446800968136942, 11.620582823650134 ], [ 7.447095346053585, 11.620888203765899 ], [ 7.448860086217432, 11.620862207521794 ], [ 7.449275383631478, 11.620872915984988 ], [ 7.449548147038755, 11.620326385670086 ], [ 7.449830095261397, 11.620061981731585 ], [ 7.450118562833563, 11.619201411429191 ], [ 7.450665900575454, 11.618167952140965 ], [ 7.451199419816334, 11.615549491446471 ], [ 7.452757127485659, 11.615060439228392 ], [ 7.45339717695383, 11.615724432941924 ], [ 7.453848565533434, 11.616009987531502 ], [ 7.454253344283427, 11.615198503275977 ], [ 7.454535282878182, 11.614934093422166 ], [ 7.454806533896579, 11.614659030430374 ], [ 7.456480090970428, 11.61440206589633 ], [ 7.457005815845847, 11.614947312967056 ], [ 7.457301483270241, 11.615214813805943 ], [ 7.457285406138662, 11.614132504883585 ], [ 7.457300375375094, 11.613559955134612 ], [ 7.459079193048048, 11.613605213005938 ], [ 7.461138908809821, 11.613574618935036 ], [ 7.461543256154654, 11.615678452762577 ], [ 7.462504320545146, 11.616598672525027 ], [ 7.462772535275019, 11.61687661789996 ], [ 7.463892984787813, 11.61714850576548 ], [ 7.464430073833458, 11.616603365223771 ], [ 7.465115071114202, 11.616620782176437 ], [ 7.465529921326189, 11.616614512966553 ], [ 7.467267816490343, 11.61697522231213 ], [ 7.467747084312704, 11.617472266254355 ], [ 7.468941130747824, 11.62050439461998 ], [ 7.469630369450385, 11.621518502153053 ], [ 7.469909369741463, 11.622382110785605 ], [ 7.470445336641372, 11.623421360598464 ], [ 7.47070912613826, 11.624512934879252 ], [ 7.471804622943495, 11.626411981033716 ], [ 7.472614213732793, 11.628320105565752 ], [ 7.47343757408226, 11.629675267004359 ], [ 7.473835497276129, 11.63090580832155 ], [ 7.474254062528135, 11.631306908047883 ], [ 7.474522302523611, 11.631584845465481 ], [ 7.476665251442556, 11.63228297055389 ], [ 7.476991004082628, 11.632954001658865 ], [ 7.477407365143549, 11.633761916004781 ], [ 7.477807521635757, 11.634585636073659 ], [ 7.47808657220665, 11.63485303236186 ], [ 7.478351871444475, 11.635673391628291 ], [ 7.478916961604662, 11.636505132991674 ], [ 7.479447567395425, 11.638145849811998 ], [ 7.480536183352653, 11.639747926247582 ], [ 7.480798548213947, 11.641110709462721 ], [ 7.481359734845221, 11.643060681284403 ], [ 7.481331995733024, 11.644112043341144 ], [ 7.481904199512335, 11.645221660723131 ], [ 7.482429720125837, 11.645724758889001 ], [ 7.482805390707501, 11.646114235249899 ], [ 7.48324479015652, 11.647931926802201 ], [ 7.48406542596054, 11.648717862474033 ], [ 7.483756570490572, 11.649880311902406 ], [ 7.483784777427155, 11.651714906948037 ], [ 7.486298932435782, 11.65167755433187 ], [ 7.486797150608837, 11.651172165716307 ], [ 7.487644102206632, 11.650772700885195 ], [ 7.488532635629947, 11.651230022686162 ], [ 7.490165705557589, 11.650151327431001 ], [ 7.490652016810587, 11.650655267128045 ], [ 7.49203165761556, 11.650928423762656 ], [ 7.492998421229477, 11.652227883024461 ], [ 7.494065896425323, 11.651692882248405 ], [ 7.494493760141313, 11.652573943577005 ], [ 7.498349704950701, 11.652860018558755 ], [ 7.49867092477754, 11.65418840587496 ], [ 7.500996905162167, 11.654573995720346 ], [ 7.503020322616258, 11.653155315772638 ], [ 7.504320669354577, 11.653188300605761 ], [ 7.504680683308912, 11.654302344529677 ], [ 7.504661016790491, 11.655065321238553 ], [ 7.504664939363252, 11.655336564390282 ], [ 7.504658101919218, 11.655610135650125 ], [ 7.504935747614889, 11.656148991435494 ], [ 7.505338591282197, 11.657395161481015 ], [ 7.506188732383246, 11.658208478905955 ], [ 7.507399037938867, 11.658602791875065 ], [ 7.508216190445319, 11.659154776039099 ], [ 7.508803680640982, 11.65943964117128 ], [ 7.51041606914774, 11.659415418698392 ], [ 7.511221512585183, 11.660250211593809 ], [ 7.512481193068024, 11.660660653414407 ], [ 7.513353454662183, 11.661564917487704 ], [ 7.515172619574214, 11.660961680511958 ], [ 7.515701568885161, 11.662050896622741 ], [ 7.515351411829497, 11.662712579906485 ], [ 7.515370169932627, 11.663935568103275 ], [ 7.515338423101761, 11.665155911291556 ], [ 7.515342791056359, 11.665446228302384 ], [ 7.515889801890649, 11.665969781457017 ], [ 7.516156675799727, 11.666518905071355 ], [ 7.516710955149738, 11.666787692356404 ], [ 7.51697475305, 11.667916328304335 ], [ 7.516342349844223, 11.669706214266775 ], [ 7.516693662732954, 11.670042289878367 ], [ 7.517310882269373, 11.671313130262792 ], [ 7.518060835946124, 11.671676688982179 ], [ 7.51832483848183, 11.672768244719963 ], [ 7.519318356821914, 11.673417789883588 ], [ 7.519967200855202, 11.674404056643827 ], [ 7.520257562176965, 11.674682073963615 ], [ 7.521052514945552, 11.674670276698265 ], [ 7.521616014572743, 11.674826006443679 ], [ 7.520788417344432, 11.675216662123443 ], [ 7.520514055647894, 11.676076598171031 ], [ 7.521427478954335, 11.677847438271717 ], [ 7.523363675888224, 11.67708504878081 ], [ 7.525387129109377, 11.67760717125466 ], [ 7.525727089627198, 11.677959602411308 ], [ 7.52630338304754, 11.678238817762645 ], [ 7.527331624321225, 11.678223434303272 ], [ 7.528951907852806, 11.678559117074775 ], [ 7.530030216430571, 11.678018480793757 ], [ 7.530977698517701, 11.679968789373836 ], [ 7.53221656546364, 11.679557957813094 ], [ 7.532871574421187, 11.679894775817806 ], [ 7.534773080910125, 11.680209880878389 ], [ 7.535092684248087, 11.682905758117942 ], [ 7.536174160108208, 11.68288955609329 ], [ 7.53696584643856, 11.683710449241811 ], [ 7.538376326358445, 11.683989126987408 ], [ 7.538319806807797, 11.686157852733414 ], [ 7.540272616244523, 11.686436635892035 ], [ 7.540537996652302, 11.687283449608126 ], [ 7.539976684010632, 11.688344308499918 ], [ 7.539986610477883, 11.689014478392302 ], [ 7.539961682069121, 11.689976622092805 ], [ 7.54080025743503, 11.690778939705503 ], [ 7.541202802796372, 11.691195772685093 ], [ 7.541761141856348, 11.691730470389313 ], [ 7.542155173795617, 11.693774616991238 ], [ 7.543104667315337, 11.694234752917255 ], [ 7.543519773769439, 11.69595136260461 ], [ 7.543797531086843, 11.696489928393897 ], [ 7.544075121354439, 11.697060807994491 ], [ 7.54405294581682, 11.697909602542399 ], [ 7.543327862468458, 11.699963160058081 ], [ 7.543774835119538, 11.700829435592434 ], [ 7.544075211532975, 11.702388130194327 ], [ 7.545140894230747, 11.702734958806097 ], [ 7.545431192204861, 11.703035470588812 ], [ 7.545389486604557, 11.704638779742474 ], [ 7.547606357697983, 11.704917279321183 ], [ 7.548192291393394, 11.705218492680235 ], [ 7.548719435205242, 11.705764411794553 ], [ 7.548662913624763, 11.707944270008653 ], [ 7.5466141507652, 11.707892562348988 ], [ 7.546211042344889, 11.707063328251483 ], [ 7.542142776177863, 11.707124497875329 ], [ 7.541809317918523, 11.708290078777754 ], [ 7.542632859620326, 11.708689189860335 ], [ 7.542899819817124, 11.709238298288502 ], [ 7.543722408384804, 11.710025700139063 ], [ 7.544059164271895, 11.712131269795321 ], [ 7.544814626737833, 11.712497451188289 ], [ 7.545078950120179, 11.713551915476474 ], [ 7.542867085081705, 11.713844736684274 ], [ 7.542324932358174, 11.714931119098413 ], [ 7.541898724177875, 11.71533048950387 ], [ 7.542495366581087, 11.717077426677081 ], [ 7.544780814096947, 11.717725271529968 ], [ 7.545873172589205, 11.719560011481981 ], [ 7.546357762103465, 11.720023610615847 ], [ 7.547864180318679, 11.72039360131541 ], [ 7.548761415084189, 11.720380141875484 ], [ 7.549193544365154, 11.720391073858289 ], [ 7.549719110563314, 11.720935661590321 ], [ 7.550273532183834, 11.721204399884449 ], [ 7.550536272833426, 11.722567162656029 ], [ 7.551227567825142, 11.723906402738129 ], [ 7.553010169343489, 11.724201749362397 ], [ 7.55355379576251, 11.724481023663921 ], [ 7.554658671239785, 11.724752537508323 ], [ 7.554947928332145, 11.725052507918848 ], [ 7.559316458316898, 11.724986607202844 ], [ 7.559601632675196, 11.725867679024283 ], [ 7.560953427113842, 11.726522357086056 ], [ 7.561240326529842, 11.72831697712062 ], [ 7.562377228947152, 11.729156508217926 ], [ 7.563990974664602, 11.729681645364503 ], [ 7.564538511502126, 11.730248835754686 ], [ 7.565914256455545, 11.730228192394405 ], [ 7.566283560265997, 11.732935970788946 ], [ 7.569258391168229, 11.733269515495806 ], [ 7.570018228638118, 11.734057073496365 ], [ 7.570828421404478, 11.734044703554204 ], [ 7.57179136224057, 11.734539794366736 ], [ 7.573872708926576, 11.734884454901682 ], [ 7.574139753323487, 11.735433543428003 ], [ 7.574418996981659, 11.735700867520174 ], [ 7.574687436087744, 11.735978733528869 ], [ 7.577204297227313, 11.737046525977727 ], [ 7.577847907195218, 11.736393376036395 ], [ 7.578467492320914, 11.735812149683728 ], [ 7.57959291855031, 11.73639039966093 ], [ 7.579082655486502, 11.73735411857087 ], [ 7.579458996849448, 11.738083064951606 ], [ 7.579908604352123, 11.737626804962359 ], [ 7.580190577546581, 11.737362274416309 ], [ 7.580461853664648, 11.737087094348622 ], [ 7.580743825786598, 11.73682256312218 ], [ 7.581161547551272, 11.736398456633443 ], [ 7.58210912991315, 11.737380276201693 ], [ 7.582744088362596, 11.73673528125026 ], [ 7.584599906001766, 11.73629922725565 ], [ 7.585157193236021, 11.736019896409998 ], [ 7.585974754729567, 11.736040364721733 ], [ 7.586544637255167, 11.736031793894748 ], [ 7.586519579628121, 11.734407466156357 ], [ 7.586544360514774, 11.733447157106792 ], [ 7.588221415600501, 11.733062372702264 ], [ 7.589010726878502, 11.733879961965759 ], [ 7.58986303332988, 11.73415010064633 ], [ 7.58983020332883, 11.73204101317735 ], [ 7.588471290800458, 11.731707453145662 ], [ 7.588205679113103, 11.730871259211971 ], [ 7.588758791464318, 11.730352718691845 ], [ 7.589030052372427, 11.730077528587088 ], [ 7.589587239945164, 11.729814344747407 ], [ 7.590413090523231, 11.728728195239466 ], [ 7.592487398308158, 11.728339511914195 ], [ 7.592905088507792, 11.727915650275365 ], [ 7.59374090284704, 11.72793671341374 ], [ 7.595051060673091, 11.727279641989282 ], [ 7.595371183042858, 11.727970683131925 ], [ 7.594815395575543, 11.729021092958394 ], [ 7.594542768142047, 11.729567514008016 ], [ 7.594257272052874, 11.730107248827485 ], [ 7.59508776754052, 11.730649819994104 ], [ 7.595646071940703, 11.731228135900666 ], [ 7.595605268232099, 11.732811884776519 ], [ 7.595901118216324, 11.733094898937868 ], [ 7.597704272204776, 11.735201822693769 ], [ 7.59834687816363, 11.737186237319204 ], [ 7.598905423669638, 11.737720579693645 ], [ 7.599200095386339, 11.738025836458696 ], [ 7.601019980840723, 11.737998199068052 ], [ 7.601381306148776, 11.73691901249205 ], [ 7.601779150061997, 11.736166595167207 ], [ 7.605019742723376, 11.735736911154286 ], [ 7.605789195596393, 11.736132151883576 ], [ 7.60634371308089, 11.736400790961184 ], [ 7.606789452582153, 11.737777403716676 ], [ 7.607710417456905, 11.737763615859256 ], [ 7.608133986736744, 11.737774155322157 ], [ 7.608529344123566, 11.738586601041865 ], [ 7.608677995214438, 11.738853259564596 ], [ 7.60908257297649, 11.738041530917206 ], [ 7.609663752669566, 11.73749686126518 ], [ 7.610458752311482, 11.737516620556374 ], [ 7.61128993163395, 11.736967334748842 ], [ 7.611887533508036, 11.736684966898729 ], [ 7.612807179225896, 11.735751506053058 ], [ 7.613230094784323, 11.735354654733603 ], [ 7.613501339625398, 11.735079439281924 ], [ 7.614945135321246, 11.734035674603083 ], [ 7.616816312184841, 11.733744630583656 ], [ 7.617954171258964, 11.733463272844791 ], [ 7.618760988293252, 11.733483329879071 ], [ 7.619630623519141, 11.734384403751289 ], [ 7.619231475334852, 11.735516678539202 ], [ 7.619628886306217, 11.736679288738125 ], [ 7.620653493352564, 11.737012683159385 ], [ 7.621187779470204, 11.738111058068078 ], [ 7.621746375843272, 11.73864536094189 ], [ 7.622013983982446, 11.739750924497891 ], [ 7.622564025755046, 11.740276708911328 ], [ 7.622842684053021, 11.740565179895691 ], [ 7.624486705622364, 11.741099675340454 ], [ 7.625033666948002, 11.741380695236174 ], [ 7.626412080685441, 11.740295235504735 ], [ 7.627560203127583, 11.739465064511627 ], [ 7.628070259016076, 11.738947029006932 ], [ 7.628352193334569, 11.738682445868964 ], [ 7.628623428471252, 11.73840721479999 ], [ 7.629482727983268, 11.738145400745326 ], [ 7.630406438357354, 11.739101800361945 ], [ 7.630825400434115, 11.739502714609726 ], [ 7.631084536672057, 11.741679134997622 ], [ 7.631639094818635, 11.741947728870764 ], [ 7.631907602867882, 11.742225548193179 ], [ 7.632736074175471, 11.742766687086093 ], [ 7.633002834782964, 11.743399433809989 ], [ 7.630810285284664, 11.746049630474094 ], [ 7.631341091828973, 11.746557296835341 ], [ 7.631605509063569, 11.747664694784955 ], [ 7.631052428842738, 11.748183322836489 ], [ 7.630780442102393, 11.74860900205066 ], [ 7.631600278661617, 11.749813358888057 ], [ 7.631866037395311, 11.750649528258192 ], [ 7.631296207956502, 11.751183704374753 ], [ 7.631317490080221, 11.752535212592441 ], [ 7.632948770922815, 11.752510185709568 ], [ 7.633504279832755, 11.75335383378941 ], [ 7.634602721644179, 11.753885668836773 ], [ 7.63511526680591, 11.754939686959586 ], [ 7.637078713205292, 11.75526427577228 ], [ 7.638701922547506, 11.755682321094428 ], [ 7.639011254029732, 11.75728472236379 ], [ 7.640907876803229, 11.758522800455141 ], [ 7.64173007205045, 11.759918654282984 ], [ 7.641176981450839, 11.760437300919788 ], [ 7.640881330576432, 11.762726827876431 ], [ 7.640898972027512, 11.763842581188602 ], [ 7.641714264117622, 11.764237160983159 ], [ 7.642373656162997, 11.766272716245798 ], [ 7.643233638641163, 11.767094755251001 ], [ 7.644618742523583, 11.766635156868343 ], [ 7.645296098484112, 11.766983248426584 ], [ 7.6452688006214, 11.768056673769276 ], [ 7.645823425569021, 11.768325246963167 ], [ 7.646090644939617, 11.768874286670826 ], [ 7.646368669409044, 11.769412781241167 ], [ 7.646634564115523, 11.770233050492687 ], [ 7.647205324250461, 11.770501698172943 ], [ 7.647999631247273, 11.769695202119928 ], [ 7.649292044023712, 11.76939115625844 ], [ 7.65051640679055, 11.769810697105207 ], [ 7.650470614021462, 11.771593118289173 ], [ 7.651330224631284, 11.772720542054298 ], [ 7.651981273139647, 11.774058615062641 ], [ 7.652459837309888, 11.774051343903098 ], [ 7.653213499018536, 11.775960186297029 ], [ 7.653765507695152, 11.77677120754468 ], [ 7.654031429733555, 11.777591472662968 ], [ 7.65445583371968, 11.777997418992751 ], [ 7.655075614631053, 11.777368078414971 ], [ 7.656433325836394, 11.776246626746001 ], [ 7.656785603819723, 11.777333236296798 ], [ 7.657227675312506, 11.77775568469624 ], [ 7.65843877198439, 11.778149440437071 ], [ 7.658700761699462, 11.779783395882621 ], [ 7.658980136361246, 11.780050650580469 ], [ 7.659247391955981, 11.780599681606319 ], [ 7.659802057337926, 11.780868231590887 ], [ 7.660067311011005, 11.781830730454253 ], [ 7.659239524337432, 11.782221769910203 ], [ 7.658282594423999, 11.782854034118616 ], [ 7.657786091001389, 11.784337670813182 ], [ 7.658405862659136, 11.784930214546987 ], [ 7.659219760235061, 11.786295532997213 ], [ 7.659774436398702, 11.786564084172859 ], [ 7.660041698505229, 11.787113115066624 ], [ 7.660601003153426, 11.787647626676856 ], [ 7.66058045830821, 11.788446938558062 ], [ 7.660884522207621, 11.789945736620069 ], [ 7.661973223201328, 11.790642989493886 ], [ 7.662504941503217, 11.79010301440092 ], [ 7.664537095356581, 11.789846619091024 ], [ 7.664998024581073, 11.791268805974996 ], [ 7.664972119060319, 11.792289799250895 ], [ 7.665652344998323, 11.792619057759326 ], [ 7.666061532637237, 11.794736048577827 ], [ 7.666616232985334, 11.795004588818582 ], [ 7.666882026963261, 11.795861928849819 ], [ 7.666323758127926, 11.797444621966674 ], [ 7.666327801379823, 11.797720646969811 ], [ 7.666037756459346, 11.798543595020741 ], [ 7.666056280475086, 11.799717631822986 ], [ 7.666583476091919, 11.801785377651935 ], [ 7.666846832232261, 11.803148099136449 ], [ 7.667398929328812, 11.80395910268372 ], [ 7.667682194599981, 11.804540784272804 ], [ 7.667658959334392, 11.80545477800554 ], [ 7.667688631800021, 11.807327357489868 ], [ 7.66904215258013, 11.807767044910365 ], [ 7.669572485558286, 11.808856863830217 ], [ 7.669991605218233, 11.809257736375006 ], [ 7.670528821686729, 11.809813320907066 ], [ 7.671462886196003, 11.810706101193007 ], [ 7.67314658891669, 11.811038183420944 ], [ 7.673554858770403, 11.811460721598978 ], [ 7.674374086252506, 11.810628845156804 ], [ 7.67511359604275, 11.809935128157321 ], [ 7.676182909592574, 11.809430215894352 ], [ 7.677218125741317, 11.808746080490204 ], [ 7.677554131632691, 11.809436601441211 ], [ 7.677833553432779, 11.809703842287368 ], [ 7.678118224178792, 11.809998126317085 ], [ 7.679476674658556, 11.809977160443532 ], [ 7.680576161719644, 11.810807110562283 ], [ 7.680856888241615, 11.810802586177203 ], [ 7.681400830755184, 11.811081913419729 ], [ 7.681966311410955, 11.811355511634062 ], [ 7.68249563802203, 11.812443188149489 ], [ 7.683051908879459, 11.813519863632393 ], [ 7.683586569724429, 11.814618159056424 ], [ 7.684152596438119, 11.814892021253122 ], [ 7.683407150970105, 11.815591033228321 ], [ 7.684438871789773, 11.817105642047375 ], [ 7.684391841975087, 11.818959067911134 ], [ 7.68440258539252, 11.819637215488148 ], [ 7.684385353360704, 11.820317882493832 ], [ 7.684687814162623, 11.820606680892061 ], [ 7.685901111620044, 11.820587930984638 ], [ 7.686573781475132, 11.82060455269429 ], [ 7.68851664608114, 11.820060460709804 ], [ 7.69017527852213, 11.819802176833139 ], [ 7.690721878780534, 11.819528160247577 ], [ 7.691554513383716, 11.819266057329104 ], [ 7.691825780408822, 11.818990769315937 ], [ 7.692849853848289, 11.818729544320995 ], [ 7.693745231565193, 11.820658833909455 ], [ 7.693188485397108, 11.821711299093014 ], [ 7.693481505127295, 11.822859060882399 ], [ 7.694019187956435, 11.823899346740317 ], [ 7.694853342098576, 11.823886495584929 ], [ 7.695384533748835, 11.823346987484818 ], [ 7.696425607176103, 11.823019343587283 ], [ 7.69676763094174, 11.821996875482073 ], [ 7.698411416031843, 11.822037529168682 ], [ 7.698697535080065, 11.821463513730762 ], [ 7.698979502612436, 11.821198863931501 ], [ 7.699256168632734, 11.820918030795344 ], [ 7.701099978080571, 11.820963557549245 ], [ 7.702275580101302, 11.821756433354775 ], [ 7.703559553393929, 11.822377360309259 ], [ 7.704184858474362, 11.823662253597041 ], [ 7.705574806142873, 11.823936128830852 ], [ 7.706139726065899, 11.824226104820363 ], [ 7.707209988019125, 11.824209526191497 ], [ 7.708518460690547, 11.824657310705964 ], [ 7.709416504818406, 11.825586372205825 ], [ 7.711346745814234, 11.826132329637982 ], [ 7.711787810913081, 11.828413928017422 ], [ 7.711328673059132, 11.828844663973701 ], [ 7.710665799585106, 11.829830465836242 ], [ 7.711052357344085, 11.830199616554845 ], [ 7.711320905528613, 11.830503865098457 ], [ 7.710743036254141, 11.831596535019838 ], [ 7.710212049743964, 11.832094487218832 ], [ 7.709656936171349, 11.832920255656816 ], [ 7.707991604723697, 11.833444030692341 ], [ 7.708012753915974, 11.834781261150422 ], [ 7.707718650495328, 11.835338031262976 ], [ 7.707439733682673, 11.837240745870796 ], [ 7.706108424305851, 11.8380918368024 ], [ 7.705777418742144, 11.83940308922195 ], [ 7.705495436469707, 11.839667744179939 ], [ 7.705504164752732, 11.840212914846081 ], [ 7.705490304724105, 11.840757982325723 ], [ 7.706044189526214, 11.841571320210468 ], [ 7.705759299854773, 11.842110381694775 ], [ 7.705765440638189, 11.842519655184343 ], [ 7.705725796000588, 11.844086525367775 ], [ 7.705135935321951, 11.845201373792319 ], [ 7.705577860475777, 11.846492581444586 ], [ 7.706306421887633, 11.84756127187058 ], [ 7.706278776691263, 11.848635513128267 ], [ 7.707383652378145, 11.849169794552475 ], [ 7.707651881049399, 11.84954450460876 ], [ 7.706272992229949, 11.849978445764554 ], [ 7.705978708726342, 11.850568586874475 ], [ 7.705997380425044, 11.851742900251862 ], [ 7.705974886140583, 11.852636249750763 ], [ 7.706430595071524, 11.855343057249268 ], [ 7.707350470228373, 11.856221903737273 ], [ 7.707891978886141, 11.857043396572244 ], [ 7.708763140802198, 11.857875397943232 ], [ 7.709262384282203, 11.858421746333903 ], [ 7.70827646356181, 11.859345929689198 ], [ 7.707884468709853, 11.859782258176409 ], [ 7.708462776711266, 11.860900322373116 ], [ 7.708412609784956, 11.862874800054666 ], [ 7.708422926615517, 11.863539970054349 ], [ 7.707797658757313, 11.865312098074273 ], [ 7.707297834813388, 11.866257566793934 ], [ 7.707024148383205, 11.867038251582043 ], [ 7.709748226719554, 11.867425502192567 ], [ 7.710036308550642, 11.8695302568277 ], [ 7.710484047604642, 11.870396349161247 ], [ 7.710168412136664, 11.871291275176912 ], [ 7.711135079153646, 11.871153706044662 ], [ 7.712012520565404, 11.871461261064496 ], [ 7.71274625046598, 11.872248659027782 ], [ 7.713610410393571, 11.872522243982303 ], [ 7.715021826803508, 11.87366422026224 ], [ 7.715673738604227, 11.875041931014804 ], [ 7.717985390520925, 11.874962364172474 ], [ 7.718331128298034, 11.875333446155755 ], [ 7.719203574044005, 11.877175697913607 ], [ 7.719678604987871, 11.877159308342048 ], [ 7.720195365847691, 11.87661519210987 ], [ 7.720495081061313, 11.876936795152476 ], [ 7.720454252260161, 11.87784781219036 ], [ 7.720488916173845, 11.878833604209346 ], [ 7.721565028027312, 11.879339371612334 ], [ 7.722103745674418, 11.879623645003702 ], [ 7.722939474399961, 11.879888070671322 ], [ 7.72379468818192, 11.880473356319605 ], [ 7.723710722228014, 11.882332997369275 ], [ 7.724579223871145, 11.882607896964966 ], [ 7.724842552664767, 11.882890922450832 ], [ 7.726024424832775, 11.88344642180626 ], [ 7.727863262905203, 11.883383190047237 ], [ 7.728159070866938, 11.884318241950265 ], [ 7.728974276446619, 11.885068887663797 ], [ 7.729235095843142, 11.88589438304848 ], [ 7.729804460046358, 11.886418503764006 ], [ 7.730331675676193, 11.886984284915123 ], [ 7.730892032937891, 11.887247451586946 ], [ 7.731254394979826, 11.887636606793693 ], [ 7.730774245949845, 11.888521019347611 ], [ 7.731159897073586, 11.888876110165516 ], [ 7.731421014047522, 11.88963935821873 ], [ 7.730042486337527, 11.889956055704541 ], [ 7.729745180582774, 11.890269401734438 ], [ 7.729772780835058, 11.891045108893262 ], [ 7.729735005924021, 11.891882770130941 ], [ 7.730858227354735, 11.892916636641148 ], [ 7.731396846346203, 11.894855103005785 ], [ 7.731682344001997, 11.895117563741735 ], [ 7.731663761323825, 11.895529111344164 ], [ 7.731690851344639, 11.896299783879321 ], [ 7.733761564273802, 11.898110039213604 ], [ 7.734996719950309, 11.897281190467838 ], [ 7.735935217661893, 11.897322215923881 ], [ 7.737309310008225, 11.897274596476183 ], [ 7.738550961611644, 11.89760092683612 ], [ 7.73971094435492, 11.897206397671898 ], [ 7.740742344981669, 11.897750046122633 ], [ 7.741582929339807, 11.898145033333675 ], [ 7.741854407631535, 11.899002620689529 ], [ 7.743226358206607, 11.898955228486935 ], [ 7.744190144433406, 11.898997134530349 ], [ 7.744882575680084, 11.898973197372245 ], [ 7.746232779985061, 11.899328056656408 ], [ 7.746514699230369, 11.901432507029902 ], [ 7.748333510663555, 11.902600258142012 ], [ 7.748709935253864, 11.903217789489128 ], [ 7.747881913455731, 11.903597935310733 ], [ 7.747504906438923, 11.904752490099311 ], [ 7.7454035701758, 11.904661034442361 ], [ 7.744529806514882, 11.90469131601064 ], [ 7.744029246002879, 11.905218858802332 ], [ 7.742767876979978, 11.906012663923985 ], [ 7.740124633942807, 11.906312371036458 ], [ 7.739523407007872, 11.907552792967937 ], [ 7.738736870678038, 11.907914022799851 ], [ 7.738230347107056, 11.908447883872508 ], [ 7.736565829377001, 11.908701076721952 ], [ 7.736298606060947, 11.90925295885083 ], [ 7.735561659596804, 11.909591091524842 ], [ 7.735165865848789, 11.91235100871044 ], [ 7.735236800590534, 11.914343528381204 ], [ 7.734885654742059, 11.914660874258127 ], [ 7.734615680640409, 11.915804495288887 ], [ 7.735161800691235, 11.916832052817615 ], [ 7.735434602124996, 11.917983143418594 ], [ 7.735981794234896, 11.919012824046373 ], [ 7.735403745190684, 11.919535231572905 ], [ 7.734871243202926, 11.920096250177107 ], [ 7.733680513421085, 11.92036982363866 ], [ 7.73321203253528, 11.920349439660599 ], [ 7.732212315929417, 11.920383878975841 ], [ 7.731653565758211, 11.924277551432192 ], [ 7.732352643199492, 11.924921456370949 ], [ 7.732661647340105, 11.925573404119415 ], [ 7.732608293410032, 11.926752165745174 ], [ 7.731794734910435, 11.927125962715369 ], [ 7.732353319842484, 11.92848283368355 ], [ 7.732633270657336, 11.929367484853676 ], [ 7.732575086639445, 11.930659064553826 ], [ 7.732631703007243, 11.932253395066382 ], [ 7.732322395321461, 11.932823358050346 ], [ 7.732353298072351, 11.933698675099757 ], [ 7.733163828907653, 11.934444797972906 ], [ 7.733103238139239, 11.935790933254495 ], [ 7.733704309426797, 11.936344599673822 ], [ 7.734611715486733, 11.937317631624074 ], [ 7.733948833781954, 11.938256578349289 ], [ 7.734234099060629, 11.940201055132329 ], [ 7.734775717754521, 11.940699621989953 ], [ 7.735067689193404, 11.941316262249993 ], [ 7.735015532012526, 11.94246907042478 ], [ 7.735044574213257, 11.943282926629127 ], [ 7.735026526222443, 11.943693946775914 ], [ 7.735581961370431, 11.945043118911169 ], [ 7.735911775331889, 11.946085863699507 ], [ 7.735564908481661, 11.946399251419423 ], [ 7.735295120526617, 11.947493599465341 ], [ 7.734783386626524, 11.948435344840256 ], [ 7.735838548560859, 11.949112900647345 ], [ 7.73610450990147, 11.950235087929034 ], [ 7.736810088212627, 11.950884844534558 ], [ 7.737205861944981, 11.950468106391343 ], [ 7.737471739399775, 11.951029531536118 ], [ 7.738039795653786, 11.952098510278921 ], [ 7.738015161135961, 11.952654127374705 ], [ 7.73802466512596, 11.952925412018811 ], [ 7.738012647481201, 11.953196599975575 ], [ 7.738022151431404, 11.953467884611234 ], [ 7.73800894583031, 11.953763171584569 ], [ 7.738569349316093, 11.9542787709583 ], [ 7.738822704826558, 11.956731681126602 ], [ 7.73910773329371, 11.956993608257156 ], [ 7.739373712751228, 11.958115793965254 ], [ 7.739926625412726, 11.958624736035841 ], [ 7.740185627467721, 11.960557967854745 ], [ 7.741058939218349, 11.961361837005681 ], [ 7.741587933436817, 11.961343548254648 ], [ 7.742112157668916, 11.960261988517452 ], [ 7.742399601595604, 11.960002628702091 ], [ 7.743087730318997, 11.95896338741303 ], [ 7.744286288454822, 11.959594939451877 ], [ 7.7445901655812, 11.960554917052765 ], [ 7.745390091112974, 11.961290900975788 ], [ 7.745685831724171, 11.961916026944355 ], [ 7.745981587250427, 11.962188061896374 ], [ 7.745957026857858, 11.962730437241701 ], [ 7.746242604299269, 11.962992889654371 ], [ 7.74659899338298, 11.964119184073667 ], [ 7.746211489237477, 11.965191297926781 ], [ 7.746231528302613, 11.96574685231257 ], [ 7.747339553103139, 11.966766840734666 ], [ 7.747313202520913, 11.967347882024002 ], [ 7.748725732912315, 11.967794953802171 ], [ 7.748684956268574, 11.968705182661473 ], [ 7.748770740789367, 11.971110989472987 ], [ 7.750090307839081, 11.971418577315438 ], [ 7.750834843535195, 11.970634653995912 ], [ 7.751790322649724, 11.970080527191733 ], [ 7.752806056541391, 11.971170016772451 ], [ 7.753396197880089, 11.971433288266875 ], [ 7.75391796137375, 11.970884114081176 ], [ 7.754178539419283, 11.97226108810354 ], [ 7.755217491045337, 11.972749382539044 ], [ 7.756147615885731, 11.973385527483881 ], [ 7.757476892808703, 11.973339501742075 ], [ 7.758852537682181, 11.974452022212834 ], [ 7.75935249937013, 11.97443463344297 ], [ 7.759684720525045, 11.973088626086247 ], [ 7.760888639878312, 11.972330809464658 ], [ 7.761632940181646, 11.973128755942252 ], [ 7.762449880360928, 11.973100575575501 ], [ 7.763101244170346, 11.974103131083059 ], [ 7.763532946688774, 11.975014919904497 ], [ 7.764197902194092, 11.975278500219524 ], [ 7.764734310701501, 11.973635121714075 ], [ 7.766293914525711, 11.973702910604544 ], [ 7.766573294315352, 11.972847759725054 ], [ 7.76741294889038, 11.972319556930582 ], [ 7.768193669418734, 11.971496804009542 ], [ 7.768650948822216, 11.971516824123999 ], [ 7.769339802944209, 11.971492828441267 ], [ 7.769894994355321, 11.971516983990263 ], [ 7.770457525896459, 11.971227015032841 ], [ 7.771888544221013, 11.971289174603122 ], [ 7.77236352220187, 11.971798778113582 ], [ 7.772716116953684, 11.972123219073096 ], [ 7.77427218921545, 11.972854491466451 ], [ 7.774957093632946, 11.973588574158438 ], [ 7.77754108022924, 11.974406432850907 ], [ 7.778000553215427, 11.975376600252648 ], [ 7.778989182124499, 11.975342233333244 ], [ 7.779508094497345, 11.975898637654719 ], [ 7.781166834872946, 11.976423444056445 ], [ 7.781427926688911, 11.977837758433402 ], [ 7.780193772892948, 11.977784181506372 ], [ 7.779171766686633, 11.977819732011316 ], [ 7.778681391971756, 11.978336246337605 ], [ 7.777565014862092, 11.979134521713895 ], [ 7.777296566358244, 11.979957681362073 ], [ 7.776729312863783, 11.980217975283596 ], [ 7.777292246980203, 11.981276274697779 ], [ 7.777254001293968, 11.982122159378203 ], [ 7.777285586099976, 11.982995367371847 ], [ 7.778155871879638, 11.984632991001094 ], [ 7.779773244308972, 11.985393115792748 ], [ 7.779736764134889, 11.986206692767302 ], [ 7.780416582418558, 11.986525928325149 ], [ 7.781038965200728, 11.988491987591312 ], [ 7.779986436101932, 11.989443386122979 ], [ 7.780007975070631, 11.990038948206498 ], [ 7.781135768826561, 11.990542377101242 ], [ 7.781650492346583, 11.990000801185436 ], [ 7.783308751723383, 11.990292498602885 ], [ 7.783996446710163, 11.989937886521487 ], [ 7.784881186546712, 11.990403690804008 ], [ 7.785220782832099, 11.992198192755275 ], [ 7.785681311253306, 11.993064256718522 ], [ 7.786598242228151, 11.992591696725142 ], [ 7.788528396533794, 11.993098573326916 ], [ 7.79067634028238, 11.992554504288831 ], [ 7.791000571272124, 11.993579434510252 ], [ 7.791428248633471, 11.993972521665503 ], [ 7.791864740474165, 11.994440874637981 ], [ 7.791805574065909, 11.995764269266932 ], [ 7.792402995338498, 11.995743536677818 ], [ 7.794017336009629, 11.996847664919329 ], [ 7.794549635237739, 11.996829296587602 ], [ 7.795479170032988, 11.997154343058005 ], [ 7.795330446326219, 12.000470910089046 ], [ 7.795664347743361, 12.001747257921538 ], [ 7.796209574920161, 12.001728413107781 ], [ 7.796473624477774, 12.002011655141755 ], [ 7.797016017035737, 12.002510655129445 ], [ 7.797356173113354, 12.003228377302445 ], [ 7.797004746748661, 12.004201923826693 ], [ 7.797052647629597, 12.005535052363262 ], [ 7.796960046970541, 12.007605292862365 ], [ 7.796171650899159, 12.007967183051102 ], [ 7.795609060413697, 12.008257463119282 ], [ 7.795627690044647, 12.008788381434034 ], [ 7.795339025990511, 12.009319829832421 ], [ 7.794931464160931, 12.010569143978104 ], [ 7.795342555361226, 12.010947322643204 ], [ 7.795844424151866, 12.011485618706525 ], [ 7.79672195820279, 12.011897855186234 ], [ 7.796697440440058, 12.012450308342187 ], [ 7.796723282022252, 12.013175156328463 ], [ 7.797259264748877, 12.013668036862963 ], [ 7.797522788860492, 12.013951011660293 ], [ 7.798035189931917, 12.014422333930652 ], [ 7.799458765230937, 12.014762476378289 ], [ 7.799757259195942, 12.016020656810996 ], [ 7.800553718514948, 12.016394656190366 ], [ 7.800816047884546, 12.016948869901512 ], [ 7.801652284785396, 12.017213108103423 ], [ 7.802315928603016, 12.017562692732737 ], [ 7.802890560622094, 12.016377654833324 ], [ 7.803859632754171, 12.016419682028499 ], [ 7.80412619473383, 12.016138715778858 ], [ 7.805240274680201, 12.015882827547689 ], [ 7.805772852586994, 12.015321683244595 ], [ 7.80692158855874, 12.01428318688415 ], [ 7.807720175853727, 12.013441594980522 ], [ 7.808007625293379, 12.013182168172733 ], [ 7.808292209538817, 12.01259506104136 ], [ 7.808839012088326, 12.012100721520131 ], [ 7.809140432105607, 12.011478189482848 ], [ 7.810090843156071, 12.010619223095459 ], [ 7.810493429260411, 12.009384692969638 ], [ 7.811664713698061, 12.007980454859519 ], [ 7.811608649478907, 12.006406238010586 ], [ 7.813327405700235, 12.004344738385754 ], [ 7.814516965040018, 12.003798543411984 ], [ 7.814934226355882, 12.00203057571427 ], [ 7.814267554923342, 12.000777201933973 ], [ 7.814951838637084, 12.000463025498712 ], [ 7.815770070782354, 11.999913397254202 ], [ 7.816333023801168, 11.9996551251671 ], [ 7.816609287460174, 11.999363854113437 ], [ 7.817191989625737, 11.999389097444237 ], [ 7.817988495942251, 12.000242233140803 ], [ 7.81905785746095, 11.999115926264327 ], [ 7.821629704810355, 11.998857635670825 ], [ 7.823641036607007, 11.998172874435683 ], [ 7.824041706211563, 11.998602622406674 ], [ 7.825153443816316, 11.998867944853949 ], [ 7.825432880143723, 11.999457441682408 ], [ 7.826315159007777, 12.000269328011482 ], [ 7.828002513608729, 12.000210440905811 ], [ 7.829274302560444, 11.99955459283834 ], [ 7.830924015355537, 11.999987699170825 ], [ 7.832085814826679, 12.000253204249455 ], [ 7.833129451767625, 11.99971505752336 ], [ 7.834243446495589, 11.999459044546645 ], [ 7.834852820372936, 11.998538166272761 ], [ 7.836026231008261, 11.997476854985459 ], [ 7.836942241900636, 11.997958794030763 ], [ 7.838367924849504, 11.99893369144459 ], [ 7.840257681975623, 11.999237943728414 ], [ 7.841391909918528, 11.998652988180863 ], [ 7.841983226935227, 11.998678480517469 ], [ 7.841883825675279, 12.00091085444129 ], [ 7.843878884908924, 12.001387169724422 ], [ 7.844730591320012, 12.001685248138694 ], [ 7.845249559766187, 12.002779015716506 ], [ 7.846350584445902, 12.00329612645926 ], [ 7.846614155248077, 12.00357905904842 ], [ 7.847725943444797, 12.003844295644628 ], [ 7.84798951628378, 12.004127227107512 ], [ 7.848825774409391, 12.004391325046097 ], [ 7.849089348972102, 12.004674255615676 ], [ 7.850201144910616, 12.004939482986796 ], [ 7.850490438377929, 12.005249537434214 ], [ 7.851575372571195, 12.005758881315408 ], [ 7.852385967889403, 12.007129324786327 ], [ 7.852670700986962, 12.007119367835699 ], [ 7.8539658820343, 12.007800686512937 ], [ 7.855461452996897, 12.007291590920639 ], [ 7.857065585054324, 12.005157007912445 ], [ 7.85775255281275, 12.004709757655327 ], [ 7.85872333121595, 12.004913828650974 ], [ 7.858478, 12.0041266 ], [ 7.8567056, 12.0012279 ], [ 7.855597, 12.0002312 ], [ 7.8448, 11.995 ], [ 7.8346769, 11.9801906 ], [ 7.8293491, 11.9686467 ], [ 7.8333958, 11.9697403 ], [ 7.8317985, 11.9639925 ], [ 7.8262163, 11.9533294 ], [ 7.8279867, 11.942976 ], [ 7.8286495, 11.9388948 ], [ 7.8286425, 11.9309384 ], [ 7.8295268, 11.9220496 ], [ 7.843712, 11.9019466 ], [ 7.84769, 11.8933413 ], [ 7.8482096, 11.8861293 ], [ 7.8553689, 11.8814963 ], [ 7.8598724, 11.8768633 ], [ 7.8628416, 11.8742466 ], [ 7.8651053, 11.873463 ], [ 7.8603618, 11.8634879 ], [ 7.8555844, 11.8456234 ], [ 7.855178, 11.8425236 ], [ 7.852334, 11.8359954 ], [ 7.8549188, 11.833262 ], [ 7.8544732, 11.8323024 ], [ 7.8530009, 11.8243443 ], [ 7.8553231, 11.8172553 ], [ 7.8555321, 11.8109368 ], [ 7.8549752, 11.8019025 ], [ 7.857506, 11.7949432 ], [ 7.8593295, 11.777216 ], [ 7.8605825, 11.7679928 ], [ 7.8608467, 11.7619959 ], [ 7.8676205, 11.7564113 ], [ 7.8694031, 11.7500121 ], [ 7.8690466, 11.7455326 ], [ 7.8675017, 11.7432637 ], [ 7.8691806, 11.7385566 ], [ 7.8708789, 11.7337951 ], [ 7.8753451, 11.7212723 ], [ 7.8768465, 11.7180983 ], [ 7.8772746, 11.7123374 ], [ 7.8778447, 11.711256 ], [ 7.8805543, 11.7093011 ], [ 7.8825508, 11.7083934 ], [ 7.8865918, 11.7077536 ], [ 7.8883264, 11.7072065 ], [ 7.8922962, 11.702261 ], [ 7.8936029, 11.7001545 ], [ 7.8949577, 11.6983391 ], [ 7.8965976, 11.6966634 ], [ 7.8960985, 11.6943592 ], [ 7.8944595, 11.692672 ], [ 7.8923917, 11.6924625 ], [ 7.8916074, 11.6910661 ], [ 7.8935316, 11.6870974 ], [ 7.8953152, 11.6833 ], [ 7.894443, 11.6789821 ], [ 7.8965987, 11.6756344 ], [ 7.8976682, 11.6745171 ], [ 7.8968839, 11.6730507 ], [ 7.8918926, 11.6675341 ], [ 7.8928909, 11.6647409 ], [ 7.9009482, 11.6615286 ], [ 7.902303, 11.6532185 ], [ 7.901047, 11.649647 ], [ 7.8970265, 11.6488887 ], [ 7.8956717, 11.650914 ], [ 7.8933614, 11.6534673 ], [ 7.8917256, 11.6549545 ], [ 7.8891974, 11.6551032 ], [ 7.8851561, 11.6539442 ], [ 7.8817616, 11.653616 ], [ 7.878936, 11.6543596 ], [ 7.8752639, 11.6563501 ], [ 7.8736463, 11.6575672 ], [ 7.8726899, 11.6585237 ], [ 7.8716204, 11.658895 ], [ 7.8709053, 11.6592672 ], [ 7.8698643, 11.658375 ], [ 7.8689571, 11.6570646 ], [ 7.8678952, 11.6553907 ], [ 7.8671874, 11.6542109 ], [ 7.8659976, 11.6527237 ], [ 7.8658489, 11.6513853 ], [ 7.8667766, 11.6499649 ], [ 7.8659976, 11.6488571 ], [ 7.8631262, 11.649044 ], [ 7.8605891, 11.64954 ], [ 7.8578182, 11.6497494 ], [ 7.8558849, 11.649452 ], [ 7.8538029, 11.6482622 ], [ 7.8524645, 11.6464776 ], [ 7.8515722, 11.6455853 ], [ 7.8478085, 11.6444442 ], [ 7.844856, 11.6418448 ], [ 7.8438389, 11.6397854 ], [ 7.843244, 11.6378521 ], [ 7.8420543, 11.6354726 ], [ 7.841162, 11.6329445 ], [ 7.8396749, 11.6322009 ], [ 7.8356595, 11.6319034 ], [ 7.8323878, 11.6319034 ], [ 7.83191, 11.6322617 ], [ 7.831198, 11.6327957 ], [ 7.8304384, 11.634559 ], [ 7.8282125, 11.6358855 ], [ 7.8201668, 11.6349089 ], [ 7.8166238, 11.6375547 ], [ 7.8143931, 11.6381495 ], [ 7.8133774, 11.6377432 ], [ 7.8108239, 11.6363649 ], [ 7.8079172, 11.6345228 ], [ 7.805024, 11.6344316 ], [ 7.8012609, 11.6326143 ], [ 7.7978856, 11.630565 ], [ 7.7969731, 11.6285082 ], [ 7.7969933, 11.6266984 ], [ 7.7965471, 11.6253599 ], [ 7.7932754, 11.6255086 ], [ 7.7915941, 11.6271187 ], [ 7.7897629, 11.6284677 ], [ 7.786824, 11.6298243 ], [ 7.7837575, 11.6293753 ], [ 7.779247, 11.6300924 ], [ 7.7668541, 11.6286262 ], [ 7.758155, 11.6237373 ], [ 7.7455343, 11.6194071 ], [ 7.7395447, 11.616753 ], [ 7.7364617, 11.6085535 ], [ 7.7282157, 11.6053679 ], [ 7.7219831, 11.6034162 ], [ 7.7214916, 11.5997178 ], [ 7.7181403, 11.5996479 ], [ 7.7150279, 11.5982391 ], [ 7.7105891, 11.5974013 ], [ 7.7068712, 11.5950218 ], [ 7.7048767, 11.5924871 ], [ 7.7049562, 11.5912955 ], [ 7.7053068, 11.5860445 ], [ 7.7068237, 11.5821838 ], [ 7.7092706, 11.5783162 ], [ 7.7111649, 11.5758693 ], [ 7.7131929, 11.5732365 ], [ 7.7168684, 11.5716712 ], [ 7.7185399, 11.569013 ], [ 7.7170308, 11.5639155 ], [ 7.7168767, 11.563395 ], [ 7.7112035, 11.5490043 ], [ 7.7002753, 11.5395627 ], [ 7.697987, 11.5353798 ], [ 7.6796049, 11.5237403 ], [ 7.6807975, 11.5203506 ], [ 7.6817428, 11.5178867 ], [ 7.6822966, 11.516549 ], [ 7.682048, 11.5144598 ], [ 7.6826422, 11.5106752 ], [ 7.6800509, 11.5065518 ], [ 7.6793544, 11.4921789 ], [ 7.6751709, 11.4832521 ], [ 7.6827783, 11.4757569 ], [ 7.6862677, 11.4710404 ], [ 7.6874004, 11.4696057 ], [ 7.6894762, 11.466146 ], [ 7.6921072, 11.4605347 ], [ 7.6934144, 11.4557593 ], [ 7.6939674, 11.4539771 ], [ 7.6931156, 11.4351839 ], [ 7.6930618, 11.4339968 ], [ 7.6952076, 11.4314901 ], [ 7.6949498, 11.4302423 ], [ 7.6947716, 11.4241269 ], [ 7.6944776, 11.4203227 ], [ 7.6966405, 11.4215571 ], [ 7.700968, 11.4238651 ], [ 7.7056921, 11.4260284 ], [ 7.7223487, 11.4155199 ], [ 7.7195149, 11.4087761 ], [ 7.7309483, 11.3981947 ], [ 7.7399932, 11.3913674 ], [ 7.7450385, 11.3891817 ], [ 7.7481759, 11.3875973 ], [ 7.748984, 11.3858731 ], [ 7.7498872, 11.3843819 ], [ 7.7503626, 11.3817256 ], [ 7.7506478, 11.3791159 ], [ 7.7502893, 11.3767515 ], [ 7.7498853, 11.3743165 ], [ 7.7495525, 11.373734 ], [ 7.749505, 11.3735243 ], [ 7.7493414, 11.3733612 ], [ 7.7494256, 11.3732526 ], [ 7.7501914, 11.3720691 ], [ 7.7504481, 11.3716776 ], [ 7.7506579, 11.3714445 ], [ 7.7504182, 11.3713751 ], [ 7.7501971, 11.3712493 ], [ 7.7497764, 11.3710955 ], [ 7.7493843, 11.3709347 ], [ 7.7490135, 11.3707739 ], [ 7.7485785, 11.3704594 ], [ 7.7480224, 11.3702147 ], [ 7.7477657, 11.3700399 ], [ 7.7475232, 11.3698302 ], [ 7.7472932, 11.3698057 ], [ 7.7470693, 11.3696881 ], [ 7.7468234, 11.36961 ], [ 7.7465939, 11.3695389 ], [ 7.7464616, 11.3695365 ], [ 7.7460805, 11.3695296 ], [ 7.7458523, 11.3694551 ], [ 7.7455576, 11.369278 ], [ 7.7450991, 11.3691155 ], [ 7.7445221, 11.3689331 ], [ 7.7441181, 11.368869 ], [ 7.7435595, 11.3686768 ], [ 7.7430842, 11.3685661 ], [ 7.7424614, 11.3684915 ], [ 7.7415868, 11.3682972 ], [ 7.7413301, 11.368417 ], [ 7.7412065, 11.3686779 ], [ 7.7409975, 11.3688583 ], [ 7.7397234, 11.368855 ], [ 7.7394382, 11.3689296 ], [ 7.7388487, 11.3689482 ], [ 7.7379455, 11.3691347 ], [ 7.7378219, 11.3693956 ], [ 7.7376603, 11.3694982 ], [ 7.7373276, 11.3696939 ], [ 7.7368237, 11.3697778 ], [ 7.7364529, 11.3700481 ], [ 7.7357157, 11.3704868 ], [ 7.7353734, 11.3705823 ], [ 7.7347959, 11.3706173 ], [ 7.7336265, 11.3705754 ], [ 7.733523099547657, 11.370594014448919 ], [ 7.733837359118273, 11.371240336580041 ] ] ], [ [ [ 7.923250937997525, 12.337245178858613 ], [ 7.922112256209433, 12.337533652521383 ], [ 7.922150992770615, 12.338602651460103 ], [ 7.92212900490095, 12.339104008273562 ], [ 7.920431479065467, 12.33940430434472 ], [ 7.919384056333623, 12.338854209610915 ], [ 7.919114005488911, 12.339138429096394 ], [ 7.918487221882565, 12.339426002110624 ], [ 7.91743934572862, 12.339381050330852 ], [ 7.917730164228474, 12.340207347546039 ], [ 7.917989924442407, 12.341511388099596 ], [ 7.915229706538139, 12.34182491318335 ], [ 7.914910939831076, 12.342160588201457 ], [ 7.914968541017305, 12.343744612295122 ], [ 7.914123762135908, 12.343708401577523 ], [ 7.91356758079344, 12.343727906120831 ], [ 7.912745988866272, 12.343296298982022 ], [ 7.911921940165537, 12.343721076990004 ], [ 7.911358305836957, 12.343979481496547 ], [ 7.91071407710505, 12.344311466536979 ], [ 7.911445532695211, 12.346082547630168 ], [ 7.910928450365689, 12.346549605882473 ], [ 7.910262599318509, 12.348589265112835 ], [ 7.909682755400571, 12.34885528206468 ], [ 7.909413100503774, 12.349949797099175 ], [ 7.908421398834411, 12.350253895596184 ], [ 7.905946274818096, 12.350147547125399 ], [ 7.904920354010962, 12.349608608287964 ], [ 7.904180549146813, 12.348817050330862 ], [ 7.903640396405225, 12.349385189059708 ], [ 7.902444325611674, 12.349333752954484 ], [ 7.901968475521576, 12.348824303085285 ], [ 7.900549677405484, 12.348557927609548 ], [ 7.8997681225298, 12.349379910542448 ], [ 7.899063951661853, 12.349349517102798 ], [ 7.898535785156716, 12.349368044321762 ], [ 7.895780331419185, 12.350066004495845 ], [ 7.895320476205064, 12.351013245514959 ], [ 7.894773065205655, 12.351507696667795 ], [ 7.894373611814537, 12.35192857691673 ], [ 7.892588185819525, 12.352476270498904 ], [ 7.892253773164614, 12.353831152264048 ], [ 7.892311684902072, 12.35543609715376 ], [ 7.89223491298862, 12.357160224794214 ], [ 7.890609469443928, 12.357458231486085 ], [ 7.890232748959383, 12.358234944967361 ], [ 7.888120617658474, 12.358804319059191 ], [ 7.887852945837231, 12.359405586733168 ], [ 7.888400423666215, 12.360432948763153 ], [ 7.888663090888318, 12.361016515128794 ], [ 7.887648260740736, 12.361933128783443 ], [ 7.886671145862019, 12.363231865038184 ], [ 7.886726602656254, 12.364771368862902 ], [ 7.886690846410553, 12.365579932866869 ], [ 7.887273854319424, 12.365853300190844 ], [ 7.887636507512925, 12.366241522405785 ], [ 7.889507345415423, 12.366676167627636 ], [ 7.890235398715102, 12.365910160187363 ], [ 7.890588539465271, 12.367021492377786 ], [ 7.890538530201995, 12.368145218550286 ], [ 7.890008447789072, 12.369119442792879 ], [ 7.889737539027837, 12.370485171135407 ], [ 7.889448594367587, 12.371016686928144 ], [ 7.889458191982235, 12.371296185412683 ], [ 7.88916530267146, 12.372378125766817 ], [ 7.889579141292303, 12.373154355354393 ], [ 7.890552738689149, 12.373461628084097 ], [ 7.89094866775255, 12.3738857430757 ], [ 7.891377064114937, 12.374278733151485 ], [ 7.891638729298827, 12.375104138219733 ], [ 7.892336513100898, 12.376793275275022 ], [ 7.894144860746817, 12.376730175159159 ], [ 7.894682978054534, 12.37730558637408 ], [ 7.895910094210042, 12.37769307477606 ], [ 7.895774648494018, 12.378375942473625 ], [ 7.894933857841196, 12.378904427208926 ], [ 7.894666383805132, 12.379456430753494 ], [ 7.894232967783931, 12.380252783536491 ], [ 7.893831752378112, 12.381080523220833 ], [ 7.893268020271793, 12.381338881298168 ], [ 7.892998253322606, 12.382433368909766 ], [ 7.892667707569149, 12.382731613678876 ], [ 7.892716948416692, 12.384090702320597 ], [ 7.893265081634071, 12.384593843166208 ], [ 7.893525493330787, 12.385719893074885 ], [ 7.892899555655426, 12.38628526827903 ], [ 7.893144848963759, 12.387034583234961 ], [ 7.894665725494459, 12.386015119201652 ], [ 7.896581602890424, 12.386797976169229 ], [ 7.897437030570254, 12.386768072872957 ], [ 7.897938306734049, 12.386240325630279 ], [ 7.898502046042618, 12.385981958456215 ], [ 7.899020641032408, 12.38543600148976 ], [ 7.900366925801128, 12.385175767322854 ], [ 7.900970124993268, 12.38707694657929 ], [ 7.901254612293055, 12.387609999111103 ], [ 7.90151677123774, 12.388327324151366 ], [ 7.900437867303951, 12.389855353021083 ], [ 7.901518082036822, 12.390847237750464 ], [ 7.901504970953955, 12.391146776719118 ], [ 7.901883663055758, 12.392222970643209 ], [ 7.90316348753322, 12.393042682761909 ], [ 7.903426763049469, 12.393495119744994 ], [ 7.901493655751447, 12.393849677985896 ], [ 7.900949098408805, 12.394671814140555 ], [ 7.900661284433466, 12.394931302252234 ], [ 7.900341093609177, 12.396228765389095 ], [ 7.898461105375161, 12.395736129177383 ], [ 7.897347648124673, 12.395470956392822 ], [ 7.896530706900549, 12.395185529663834 ], [ 7.895960942531139, 12.395205463915637 ], [ 7.894878413363233, 12.394636578935025 ], [ 7.894266726746776, 12.394373435891923 ], [ 7.893221573165999, 12.394911672946703 ], [ 7.892291743609896, 12.395196876360767 ], [ 7.892882891990253, 12.396878161437529 ], [ 7.892169278880691, 12.397522642031825 ], [ 7.891551798783724, 12.398246979445595 ], [ 7.893752910613935, 12.399785699881619 ], [ 7.89401460184629, 12.400611103940264 ], [ 7.895585796224462, 12.402763908343777 ], [ 7.896498686323671, 12.403051850047985 ], [ 7.89676267172043, 12.403334766123871 ], [ 7.897048306009572, 12.403596580109499 ], [ 7.897310010650085, 12.404421981963212 ], [ 7.898144131712705, 12.405499766920878 ], [ 7.898410420717783, 12.406902647889881 ], [ 7.899678523124206, 12.408730241129783 ], [ 7.899215730740856, 12.409581311114168 ], [ 7.899781634863719, 12.409846378693825 ], [ 7.900596947617715, 12.410403040595538 ], [ 7.901052462187604, 12.410387139940367 ], [ 7.901845698705245, 12.40875332877039 ], [ 7.902863664687533, 12.40879718164328 ], [ 7.903492543763917, 12.409470163385562 ], [ 7.904402102359788, 12.410305066617342 ], [ 7.903904557269906, 12.411220108288783 ], [ 7.90392338717198, 12.411743873270014 ], [ 7.903523132932818, 12.412850557758441 ], [ 7.903903986939468, 12.413932852260743 ], [ 7.903880158884024, 12.414474722297062 ], [ 7.904176550077652, 12.414746638712927 ], [ 7.904445516849063, 12.416162772044169 ], [ 7.905498998669931, 12.417130435087547 ], [ 7.906924870048291, 12.417470216517803 ], [ 7.907555789009932, 12.419082502237593 ], [ 7.909424366007405, 12.419382996784208 ], [ 7.909939522351618, 12.419934188353951 ], [ 7.910368019000436, 12.420327155888366 ], [ 7.910954550775553, 12.42341629029934 ], [ 7.911589249562776, 12.423998952820405 ], [ 7.911853271689854, 12.424281856911323 ], [ 7.912447195289562, 12.424560258921955 ], [ 7.912372859772725, 12.426234337340494 ], [ 7.911843164590426, 12.426712458223387 ], [ 7.911540330022181, 12.427336649174299 ], [ 7.910981071455658, 12.427793987329732 ], [ 7.910024243214909, 12.426771102656193 ], [ 7.909516771451353, 12.426442449089471 ], [ 7.90899481909688, 12.429069654388156 ], [ 7.910462763220692, 12.429419393034662 ], [ 7.911443748965008, 12.430468597373697 ], [ 7.912292690293243, 12.430866696932771 ], [ 7.913792632560154, 12.432471070932102 ], [ 7.913721243152773, 12.434085296553809 ], [ 7.912638397603546, 12.434581858455648 ], [ 7.912031751285005, 12.434894376580301 ], [ 7.912090751312774, 12.436519984536444 ], [ 7.9126390261121, 12.437023096656542 ], [ 7.913218620525322, 12.437643150328459 ], [ 7.913172874600197, 12.438662797350558 ], [ 7.913459099203124, 12.43892512906115 ], [ 7.914234046653307, 12.439754434181577 ], [ 7.914749996637237, 12.439736372721667 ], [ 7.915647195140855, 12.441114488985106 ], [ 7.916616082704619, 12.442366272923451 ], [ 7.916120930716595, 12.4437369556641 ], [ 7.915358861840311, 12.444086471851207 ], [ 7.91498256830692, 12.44448256421062 ], [ 7.915687180171509, 12.447586204280448 ], [ 7.916575130426904, 12.44665231362486 ], [ 7.917836883139437, 12.447092845645207 ], [ 7.918463541508587, 12.446770066427602 ], [ 7.918967610560764, 12.446239649357668 ], [ 7.920136643654882, 12.446289616014884 ], [ 7.921198610935513, 12.447725062480602 ], [ 7.923001100814948, 12.447112135219712 ], [ 7.923345942717529, 12.448197974600804 ], [ 7.92404144791274, 12.4481737244573 ], [ 7.925122098681304, 12.448220139600677 ], [ 7.92567929019512, 12.44997514260316 ], [ 7.926979476984768, 12.450385324804339 ], [ 7.926919492270677, 12.451732856602579 ], [ 7.926963058454582, 12.452937757775112 ], [ 7.928303641454353, 12.453360545515597 ], [ 7.929023924377868, 12.453738751374869 ], [ 7.929389057584171, 12.45527418730582 ], [ 7.929674779754301, 12.455535973311981 ], [ 7.929937739957367, 12.456090108372434 ], [ 7.930583947940081, 12.456392789143898 ], [ 7.931736152773224, 12.456352313898241 ], [ 7.932668077906485, 12.456392286329864 ], [ 7.93324990486922, 12.456092606592778 ], [ 7.934024952875889, 12.455737000039649 ], [ 7.934902603220795, 12.456923469116212 ], [ 7.935464344702639, 12.457186337229167 ], [ 7.935903176681226, 12.458109626064676 ], [ 7.936838878380645, 12.45854799785134 ], [ 7.938289159698378, 12.460375896155684 ], [ 7.939045694200506, 12.460730380005732 ], [ 7.938750261053221, 12.460996761772183 ], [ 7.938482657333187, 12.461578209033032 ], [ 7.939032647046774, 12.462082871049557 ], [ 7.939293427568148, 12.463179490318474 ], [ 7.940963386078039, 12.465086648058996 ], [ 7.940939089257916, 12.465626669663237 ], [ 7.941368242838205, 12.46602012779937 ], [ 7.941768147947752, 12.466447642831362 ], [ 7.942727618222135, 12.465953402486795 ], [ 7.943150036664466, 12.465082763677302 ], [ 7.943460080894454, 12.464802925168067 ], [ 7.943984545712262, 12.46482537243635 ], [ 7.944281097626879, 12.464815141921598 ], [ 7.944978701703959, 12.466282725936209 ], [ 7.945914449457709, 12.466721069619583 ], [ 7.946455651126891, 12.467005291996312 ], [ 7.946736031327992, 12.466995525720467 ], [ 7.947669079315186, 12.467035452924026 ], [ 7.948930637805733, 12.467697831643063 ], [ 7.949773307266625, 12.468092357860874 ], [ 7.950036322232968, 12.468646477321197 ], [ 7.950549824484169, 12.469117600072041 ], [ 7.951976052620576, 12.469457170706621 ], [ 7.952485526733779, 12.470529581801836 ], [ 7.953085519017838, 12.471079974415533 ], [ 7.953060639434839, 12.471636683854074 ], [ 7.953070332675311, 12.471907972414412 ], [ 7.95302467247039, 12.472940614979024 ], [ 7.953350547521435, 12.473551928484985 ], [ 7.954024555662252, 12.473528316651922 ], [ 7.954576529761267, 12.473552176842365 ], [ 7.955542787955118, 12.473518302219412 ], [ 7.956370751862205, 12.473553556700725 ], [ 7.956671089697196, 12.473543063011642 ], [ 7.95733408247482, 12.474251567143655 ], [ 7.957744472178573, 12.473819520838541 ], [ 7.958458773923328, 12.473561621840137 ], [ 7.958846387845083, 12.474376871393128 ], [ 7.959684225991924, 12.474640758413443 ], [ 7.960224383377094, 12.474924686453157 ], [ 7.961347999792237, 12.475450854787374 ], [ 7.960761429600672, 12.476529893764434 ], [ 7.96118471312508, 12.477732023891797 ], [ 7.962745644011419, 12.479868836508391 ], [ 7.96504110623278, 12.479788118091431 ], [ 7.966283085973927, 12.479841355015498 ], [ 7.967658637322704, 12.479793113890498 ], [ 7.968351204004231, 12.480533229425664 ], [ 7.9690732313678, 12.48118683530279 ], [ 7.969587022151971, 12.480646294123696 ], [ 7.970311577822093, 12.480388403548787 ], [ 7.970688800093336, 12.481252870710323 ], [ 7.970128320240609, 12.48228435039597 ], [ 7.970694460159573, 12.48254928681356 ], [ 7.971236654097886, 12.483690136958415 ], [ 7.972666690443579, 12.483639695250444 ], [ 7.972593912048541, 12.4852775275487 ], [ 7.974226868388337, 12.485590227148657 ], [ 7.974530061295442, 12.487185781727366 ], [ 7.97608006372558, 12.48748252695848 ], [ 7.976458124179382, 12.488278117262038 ], [ 7.976897578274118, 12.488680836504685 ], [ 7.978785209309476, 12.489090104091439 ], [ 7.982440407104875, 12.488353210262053 ], [ 7.983090330417833, 12.488018450536048 ], [ 7.983910375361849, 12.488577557501365 ], [ 7.984747231837693, 12.4891126210611 ], [ 7.985011399242174, 12.489395463960417 ], [ 7.986093557822637, 12.489660193915258 ], [ 7.986405700534471, 12.487176910439922 ], [ 7.987923733524727, 12.487241949098113 ], [ 7.988475914101574, 12.487222299095491 ], [ 7.989282369394616, 12.487256846426918 ], [ 7.989985453109827, 12.488087280649845 ], [ 7.989431404223831, 12.488587712537889 ], [ 7.989164852291712, 12.488917833307259 ], [ 7.989946354522667, 12.490382457710162 ], [ 7.98937189486433, 12.491972328974443 ], [ 7.988582535915606, 12.491557985446212 ], [ 7.987891220723506, 12.491582410191361 ], [ 7.987310532957014, 12.493937536378338 ], [ 7.988321269084349, 12.494410727091429 ], [ 7.988302933662935, 12.494827604359932 ], [ 7.988332175256742, 12.495627169797308 ], [ 7.987878749898393, 12.496036319924206 ], [ 7.987479194606009, 12.496457327347487 ], [ 7.987191338309767, 12.496716903532167 ], [ 7.986906519225096, 12.497304165436169 ], [ 7.986358936494629, 12.497798785698317 ], [ 7.986091505282217, 12.498350880642047 ], [ 7.985803645472665, 12.498610455039934 ], [ 7.98553621215316, 12.499162549244501 ], [ 7.984957160638943, 12.499982074590744 ], [ 7.986062858730703, 12.500996549188725 ], [ 7.986343037540462, 12.501878116158668 ], [ 7.986952963637263, 12.502683574715025 ], [ 7.987998404321417, 12.502144998745077 ], [ 7.989290770943035, 12.50188919338453 ], [ 7.989648231383293, 12.503838578235154 ], [ 7.988953624389493, 12.505117006778045 ], [ 7.990481125779566, 12.505409354551503 ], [ 7.990745315008886, 12.505692193245059 ], [ 7.991607131349722, 12.506482428169035 ], [ 7.994103949958476, 12.507937569125618 ], [ 7.996401829310616, 12.507856610221436 ], [ 7.997095675681178, 12.507886214427522 ], [ 7.997782623178994, 12.507747583124672 ], [ 7.997914291568701, 12.508700110509913 ], [ 7.998514934892103, 12.508989493022371 ], [ 7.999865744761953, 12.50896723029906 ], [ 7.999022210387223, 12.51056115512662 ], [ 7.998737073467373, 12.511512660894105 ], [ 8.000231819560934, 12.512483764188106 ], [ 7.99871767634797, 12.512768196838202 ], [ 7.998094913878506, 12.514017513985982 ], [ 7.998735139606183, 12.514952596237736 ], [ 7.99870837161411, 12.516021616646597 ], [ 7.999567446537728, 12.516838573275097 ], [ 7.999527205945303, 12.518465945617272 ], [ 7.999813566458967, 12.518738264105323 ], [ 8.00030501462618, 12.51924445365758 ], [ 7.999525278915861, 12.520365508620266 ], [ 7.99982887613209, 12.522463025750213 ], [ 8.000623019935835, 12.523623838618398 ], [ 8.000886386327929, 12.525528891149893 ], [ 8.00116372987422, 12.526885394910957 ], [ 8.000738886573943, 12.527283544478619 ], [ 8.000328104460429, 12.528510604989732 ], [ 7.998385798807307, 12.528769594712008 ], [ 7.999217475495985, 12.530128694464008 ], [ 7.99948501915336, 12.53094874920764 ], [ 8.000159605190424, 12.531934288390939 ], [ 8.001697748854355, 12.532308741312665 ], [ 8.000856113793827, 12.533389832609453 ], [ 8.00057800899255, 12.535308764453042 ], [ 8.001228141016513, 12.535926799824924 ], [ 8.001955937129708, 12.535562094290682 ], [ 8.002227192220687, 12.535841507351234 ], [ 8.003059864846449, 12.536110553503015 ], [ 8.004153648627598, 12.537476176704997 ], [ 8.004434122534628, 12.537743171444587 ], [ 8.005108245153865, 12.538437313402895 ], [ 8.00594967661317, 12.53923803115927 ], [ 8.006623806246596, 12.539932168928162 ], [ 8.007233664660562, 12.540512162766719 ], [ 8.008303294647066, 12.541012529819394 ], [ 8.009102371309874, 12.540201452559614 ], [ 8.009411349462775, 12.540208685587185 ], [ 8.009987189678201, 12.540801792604524 ], [ 8.012705325512309, 12.540757229460917 ], [ 8.015226969353913, 12.54104807302803 ], [ 8.016007355658283, 12.541035304638939 ], [ 8.016574658427059, 12.541325060607139 ], [ 8.016545250569003, 12.542537386213599 ], [ 8.017391459974151, 12.542944716459795 ], [ 8.017385018987872, 12.543221245895207 ], [ 8.018558500178516, 12.54350685835607 ], [ 8.019313623701684, 12.54432920865132 ], [ 8.018759426902385, 12.544848500819141 ], [ 8.018485849747403, 12.545601927531299 ], [ 8.020187363230599, 12.546015819467364 ], [ 8.020761050080432, 12.547188758139045 ], [ 8.02234404059136, 12.547574125557498 ], [ 8.023162882080413, 12.548667424406087 ], [ 8.023459566928159, 12.548934460295969 ], [ 8.024008513594437, 12.548377523616884 ], [ 8.02524824580607, 12.548406928823979 ], [ 8.025735263008192, 12.549402062624763 ], [ 8.026498071945452, 12.549768799593668 ], [ 8.027157242550453, 12.550447737866289 ], [ 8.027578011942706, 12.55084819857019 ], [ 8.028707954120607, 12.552258632786133 ], [ 8.029227608834791, 12.552752957133546 ], [ 8.029632146703486, 12.553169250055616 ], [ 8.030300125609658, 12.553804771041982 ], [ 8.031230102032316, 12.555046527520449 ], [ 8.032275887687566, 12.556040489594482 ], [ 8.033666862581915, 12.556017689164603 ], [ 8.034475659666072, 12.5551967685272 ], [ 8.035566593584807, 12.555222414625007 ], [ 8.036356733777501, 12.555209625046299 ], [ 8.037536707888039, 12.5555110766096 ], [ 8.038464923477544, 12.555495862002257 ], [ 8.03934931973499, 12.555516778591345 ], [ 8.039700733563034, 12.556593523775476 ], [ 8.039981266149692, 12.556860485233349 ], [ 8.040249968799223, 12.557409257065279 ], [ 8.040804619803318, 12.558219710255896 ], [ 8.041090424971586, 12.559684561146527 ], [ 8.041026936822222, 12.562263383496223 ], [ 8.041340798591797, 12.562561721759803 ], [ 8.041726501862733, 12.564141099925264 ], [ 8.041052235380374, 12.56445948072786 ], [ 8.040778397714185, 12.565293460773972 ], [ 8.041328736768673, 12.565816748682892 ], [ 8.041859576593517, 12.566363012698565 ], [ 8.04299332009942, 12.566639113383308 ], [ 8.044267673924724, 12.568563644237758 ], [ 8.045596154737497, 12.568541623343309 ], [ 8.048200410771875, 12.568603069575349 ], [ 8.048565001163281, 12.567871388936519 ], [ 8.049597450801029, 12.568564053844993 ], [ 8.05273915349645, 12.568849875796232 ], [ 8.053446926134098, 12.571017926308279 ], [ 8.055115750331186, 12.571290833804756 ], [ 8.055385489963628, 12.571568340068323 ], [ 8.05594812248601, 12.571838930355929 ], [ 8.05592720071235, 12.57269421589829 ], [ 8.055377580411115, 12.573733067062166 ], [ 8.055093958867216, 12.57430160004351 ], [ 8.055107793911162, 12.575091048097025 ], [ 8.055074798739396, 12.576444565417617 ], [ 8.055928677184649, 12.576720157541937 ], [ 8.055500575806613, 12.577121560229012 ], [ 8.055092925351421, 12.577534954196768 ], [ 8.053690084813473, 12.578849727364167 ], [ 8.053706440197777, 12.579833089704779 ], [ 8.053696859638036, 12.580239940469699 ], [ 8.053701687230047, 12.580541677838848 ], [ 8.054321911067682, 12.581734058973671 ], [ 8.053959642406655, 12.582418867127712 ], [ 8.053968941784335, 12.582972538779046 ], [ 8.054541920978206, 12.583517075620106 ], [ 8.05617376143827, 12.584043624338532 ], [ 8.056503698486239, 12.584383064135332 ], [ 8.056133980706978, 12.585778307684809 ], [ 8.056992946321527, 12.587032717451793 ], [ 8.056582338964722, 12.587808483538838 ], [ 8.057539696603735, 12.588117285057907 ], [ 8.05780351577098, 12.59002230820961 ], [ 8.058636429440057, 12.590291197653617 ], [ 8.059182355434901, 12.590569672805126 ], [ 8.059739108244992, 12.590837587869599 ], [ 8.060036278570729, 12.591143265839683 ], [ 8.060000751477677, 12.592604324533662 ], [ 8.060019395836543, 12.59370557521169 ], [ 8.060853999731497, 12.594106914671976 ], [ 8.061657749502826, 12.594093841353773 ], [ 8.06221004600248, 12.594106639188732 ], [ 8.062486233279778, 12.594102308707553 ], [ 8.062771011373867, 12.594108870064423 ], [ 8.062748841307021, 12.595015012429391 ], [ 8.064156643683628, 12.595469475547423 ], [ 8.06478432273936, 12.596115376129109 ], [ 8.066068814981888, 12.59547086028207 ], [ 8.066670734556054, 12.595485147009811 ], [ 8.067721893820645, 12.596567218833597 ], [ 8.068992153065834, 12.596876277960749 ], [ 8.069481562718574, 12.597875857667727 ], [ 8.070483155054241, 12.598199074372952 ], [ 8.070831400014137, 12.598557634354798 ], [ 8.072692297642117, 12.597823964226446 ], [ 8.075145876980775, 12.598326498288944 ], [ 8.075443028007637, 12.599849111655848 ], [ 8.075723643964519, 12.600116040780101 ], [ 8.075993435114963, 12.600393529365427 ], [ 8.076848012580804, 12.600804427337081 ], [ 8.078206533793836, 12.600123023052022 ], [ 8.078771885839064, 12.600411593243296 ], [ 8.078725771786823, 12.602297522972586 ], [ 8.080133748344638, 12.602572569227069 ], [ 8.080677791783188, 12.603393512741984 ], [ 8.081996070900797, 12.603714069330376 ], [ 8.082888211306351, 12.603124548545207 ], [ 8.083313674660763, 12.602860048341046 ], [ 8.083711911215739, 12.604488961889279 ], [ 8.084590339407267, 12.605634487132667 ], [ 8.08690704672653, 12.605059630386924 ], [ 8.087297462831472, 12.605857520008113 ], [ 8.088406646757369, 12.606127265102741 ], [ 8.088956948981453, 12.606407817837571 ], [ 8.08978599922292, 12.605046667475746 ], [ 8.090962386697733, 12.605074247711494 ], [ 8.092341551280093, 12.606494035518358 ], [ 8.094249037352297, 12.605859975339843 ], [ 8.09558077231671, 12.605891240156774 ], [ 8.096853882658271, 12.604949318040385 ], [ 8.097274734749506, 12.605382793714568 ], [ 8.097857466171522, 12.606572843828872 ], [ 8.098922579841508, 12.607263856166981 ], [ 8.099861783142487, 12.607248212984487 ], [ 8.100419508292806, 12.607261216137076 ], [ 8.101689555097105, 12.606421777056157 ], [ 8.103124318769048, 12.606455470224397 ], [ 8.106354663700628, 12.607007750210407 ], [ 8.106914488092697, 12.606726705959234 ], [ 8.107596811662546, 12.606742759712196 ], [ 8.108284624621035, 12.606731280911875 ], [ 8.108835043521969, 12.60729762270212 ], [ 8.109666355005608, 12.607283969598587 ], [ 8.110573066186795, 12.607305002184132 ], [ 8.112147443944382, 12.607840042130718 ], [ 8.113689727171638, 12.608141057445986 ], [ 8.114077021494486, 12.608931485879037 ], [ 8.114633877748727, 12.609199292900991 ], [ 8.11495207085631, 12.609849358370921 ], [ 8.114609940261895, 12.611142537539958 ], [ 8.117909348191523, 12.611087225597435 ], [ 8.118771016560128, 12.611665172456407 ], [ 8.12001935701266, 12.611644121399477 ], [ 8.120455744707009, 12.60991150553315 ], [ 8.121138467833461, 12.609497324684506 ], [ 8.122358049853087, 12.610315114789902 ], [ 8.122976314347467, 12.610612511472645 ], [ 8.12575707263824, 12.610311423564809 ], [ 8.127086147818058, 12.610342523406308 ], [ 8.127911854237194, 12.611191851161584 ], [ 8.127873592229877, 12.612774522534556 ], [ 8.128180333807249, 12.613312746848546 ], [ 8.129455590169236, 12.612672925949161 ], [ 8.129809709946349, 12.611961754677209 ], [ 8.13010298307001, 12.611696747386612 ], [ 8.130635523688818, 12.612783524969203 ], [ 8.13091529909002, 12.613321658740052 ], [ 8.131181507601298, 12.614684128501329 ], [ 8.131462200448528, 12.614951003774289 ], [ 8.132745365742764, 12.617090030596227 ], [ 8.133387357730181, 12.61739860716388 ], [ 8.133655407073769, 12.618218558880603 ], [ 8.133936106264393, 12.618485431901853 ], [ 8.134236819509288, 12.622587642591668 ], [ 8.135855851271769, 12.622560304587449 ], [ 8.136401936785667, 12.622838896533619 ], [ 8.136958848506373, 12.623106660227927 ], [ 8.137317300670821, 12.623838423094845 ], [ 8.138207612799416, 12.624266204536527 ], [ 8.138884166390671, 12.623926662072826 ], [ 8.140006062026446, 12.623664316262186 ], [ 8.140634578268457, 12.624947150233767 ], [ 8.139790355739311, 12.625738611662944 ], [ 8.140261530396938, 12.626643716040247 ], [ 8.140526839044664, 12.62829333162969 ], [ 8.139690180991295, 12.629077663964306 ], [ 8.139053588879042, 12.629724095012548 ], [ 8.137206017990287, 12.630160249887275 ], [ 8.136933362579967, 12.63070718882415 ], [ 8.136368362428696, 12.63123702122963 ], [ 8.135600754680612, 12.63201626500897 ], [ 8.133610033207782, 12.633622802523327 ], [ 8.133325232835677, 12.63584944719047 ], [ 8.132901468303974, 12.636247013749427 ], [ 8.132483005881669, 12.63667161616201 ], [ 8.132493831865085, 12.637300796190944 ], [ 8.134041051111559, 12.63779933981583 ], [ 8.134415562442342, 12.638571158814731 ], [ 8.133727753676265, 12.638555150450763 ], [ 8.132899034102055, 12.638569145586766 ], [ 8.131932325715901, 12.638546661908288 ], [ 8.130951458709866, 12.63856306984524 ], [ 8.130457159065868, 12.639555108996747 ], [ 8.130825535220259, 12.639904921511894 ], [ 8.131094422067092, 12.640480108023423 ], [ 8.130505294178526, 12.641593692535926 ], [ 8.130539616322841, 12.643568654544859 ], [ 8.130520138861373, 12.644382372204847 ], [ 8.130532308001168, 12.645091027216422 ], [ 8.131082814268744, 12.646148194713769 ], [ 8.130221171318231, 12.646955720679644 ], [ 8.130249652235035, 12.648583375479701 ], [ 8.129961171919643, 12.648853693884428 ], [ 8.129686641217077, 12.649943136821776 ], [ 8.129174624881015, 12.650423056292125 ], [ 8.12739035579491, 12.650758942188766 ], [ 8.126357787001545, 12.650734895093402 ], [ 8.126372710914172, 12.651581571766078 ], [ 8.126916953915313, 12.652098855942867 ], [ 8.127462078491918, 12.652674951185661 ], [ 8.126906026369069, 12.653726380034886 ], [ 8.126632398848004, 12.654544561336126 ], [ 8.126205822781079, 12.655755884598058 ], [ 8.125755831847913, 12.657979585515269 ], [ 8.126065168831937, 12.658877559621072 ], [ 8.126343371813174, 12.659729338803514 ], [ 8.126322033977042, 12.660608743692402 ], [ 8.124398625032955, 12.659955269008703 ], [ 8.124122198347312, 12.661589069758945 ], [ 8.123802932683938, 12.662494513439722 ], [ 8.124669452712755, 12.663758827663942 ], [ 8.124000965499038, 12.664385770442026 ], [ 8.124660827533347, 12.665654437354792 ], [ 8.124929813555083, 12.666203139843407 ], [ 8.125976746396285, 12.667730561731824 ], [ 8.12486183721402, 12.668256965153716 ], [ 8.125456853378854, 12.669400119783036 ], [ 8.124361589745844, 12.67080738360054 ], [ 8.124088768390417, 12.671380793139823 ], [ 8.125286848671117, 12.673683553229054 ], [ 8.124754434084323, 12.675695850221931 ], [ 8.125184893094193, 12.676522701010814 ], [ 8.126005100070705, 12.676508973593924 ], [ 8.126800889401503, 12.677327486159472 ], [ 8.128764026338567, 12.677603331493202 ], [ 8.129033953979171, 12.677880774132095 ], [ 8.130143499365236, 12.678150367784314 ], [ 8.13068969292995, 12.678428712646429 ], [ 8.131246714534573, 12.678696494624022 ], [ 8.131515726896357, 12.679245191732178 ], [ 8.132625281402566, 12.679514775551169 ], [ 8.13296013449186, 12.680539715596709 ], [ 8.134017654738734, 12.680880648277938 ], [ 8.134704326800129, 12.681586729929597 ], [ 8.135095268223559, 12.682783241477807 ], [ 8.135381153416011, 12.683611991021667 ], [ 8.13651785937245, 12.684158206855034 ], [ 8.13770302789877, 12.685376897922335 ], [ 8.138404961364751, 12.686043814542733 ], [ 8.138763493637022, 12.686775577994156 ], [ 8.139506406657505, 12.687132424460536 ], [ 8.13977544491984, 12.687681114578417 ], [ 8.14033067566139, 12.688491393660884 ], [ 8.140599716979329, 12.689040083093765 ], [ 8.141794514005531, 12.689330305235439 ], [ 8.142820368037977, 12.689312954701085 ], [ 8.142810346112642, 12.688760336194028 ], [ 8.143511876271788, 12.688102725564784 ], [ 8.143919581780972, 12.687689202061339 ], [ 8.144434899132989, 12.687206090748528 ], [ 8.146081867815919, 12.688309941163654 ], [ 8.147791387394955, 12.687971851910108 ], [ 8.148063660656179, 12.688527166580132 ], [ 8.149086812545768, 12.688510048786029 ], [ 8.149445982062325, 12.687435691715837 ], [ 8.149745856361159, 12.687154530425659 ], [ 8.150923723063865, 12.687181873492589 ], [ 8.151660674087942, 12.686086468178138 ], [ 8.15388212142323, 12.68578917764466 ], [ 8.153859445624187, 12.684486045843638 ], [ 8.155290227942086, 12.682757334564061 ], [ 8.156382767677886, 12.683128225519727 ], [ 8.156924552881842, 12.68311908347793 ], [ 8.159172104350271, 12.683408591594432 ], [ 8.160026438125994, 12.683844150516302 ], [ 8.1604329, 12.6670566 ], [ 8.1592308, 12.6656064 ], [ 8.1584545, 12.6631687 ], [ 8.1532426, 12.6554016 ], [ 8.1821347, 12.6517827 ], [ 8.1834605, 12.6352488 ], [ 8.1852689, 12.6299364 ], [ 8.1859182, 12.629855 ], [ 8.186455, 12.6297179 ], [ 8.1871288, 12.6297865 ], [ 8.187757, 12.630152 ], [ 8.1881225, 12.6287586 ], [ 8.1889563, 12.6288842 ], [ 8.1903954, 12.6287243 ], [ 8.1912406, 12.6271938 ], [ 8.1911949, 12.6262915 ], [ 8.190983, 12.6255504 ], [ 8.1903951, 12.6240094 ], [ 8.1967654, 12.6228822 ], [ 8.2035393, 12.6216297 ], [ 8.2082454, 12.6196119 ], [ 8.2199392, 12.6162719 ], [ 8.2267131, 12.6135582 ], [ 8.2304922, 12.6125145 ], [ 8.2370132, 12.6089539 ], [ 8.240168, 12.6048823 ], [ 8.2461996, 12.5944157 ], [ 8.236084, 12.5912059 ], [ 8.2323549, 12.584922 ], [ 8.2282763, 12.5847341 ], [ 8.1947536, 12.5676073 ], [ 8.179866, 12.5640881 ], [ 8.1802302, 12.5630156 ], [ 8.1808308, 12.5624293 ], [ 8.1813503, 12.5617413 ], [ 8.1812112, 12.5605345 ], [ 8.1808809, 12.5591562 ], [ 8.1812312, 12.5580815 ], [ 8.1807808, 12.5570067 ], [ 8.179688, 12.5547278 ], [ 8.1803804, 12.5538508 ], [ 8.1805806, 12.5529714 ], [ 8.1792426, 12.5521208 ], [ 8.1792292, 12.5508707 ], [ 8.1792292, 12.549747 ], [ 8.1793293, 12.5488676 ], [ 8.1786286, 12.5475974 ], [ 8.1783784, 12.5465226 ], [ 8.1776777, 12.5458875 ], [ 8.1779279, 12.5450081 ], [ 8.1772272, 12.5435229 ], [ 8.1766266, 12.5424969 ], [ 8.1767768, 12.5415686 ], [ 8.1770874, 12.540371 ], [ 8.1768603, 12.5395173 ], [ 8.176977, 12.5383441 ], [ 8.1767348, 12.5378212 ], [ 8.1761733, 12.5377455 ], [ 8.1758168, 12.5373975 ], [ 8.1756266, 12.5369567 ], [ 8.1756741, 12.5362374 ], [ 8.1757777, 12.5357547 ], [ 8.1760544, 12.5350773 ], [ 8.1766486, 12.5346829 ], [ 8.1771478, 12.5343581 ], [ 8.1775756, 12.5338709 ], [ 8.1778133, 12.5333372 ], [ 8.1779559, 12.5327572 ], [ 8.177742, 12.532154 ], [ 8.1772904, 12.5315739 ], [ 8.1767126, 12.531071 ], [ 8.176197, 12.5307386 ], [ 8.1759594, 12.5302282 ], [ 8.1760069, 12.5295786 ], [ 8.1764414, 12.5289624 ], [ 8.1768863, 12.5282746 ], [ 8.1774226, 12.5278809 ], [ 8.177837, 12.5273233 ], [ 8.1776469, 12.5266969 ], [ 8.1773141, 12.5260472 ], [ 8.1769339, 12.5255831 ], [ 8.1763872, 12.5250263 ], [ 8.1762125, 12.524271 ], [ 8.1757692, 12.5234253 ], [ 8.1755553, 12.52259 ], [ 8.1756979, 12.5215691 ], [ 8.1756431, 12.5208504 ], [ 8.1752939, 12.5205018 ], [ 8.1748185, 12.5201306 ], [ 8.1743431, 12.5195458 ], [ 8.1745571, 12.5189426 ], [ 8.1748314, 12.5184806 ], [ 8.1751988, 12.5177128 ], [ 8.1754875, 12.517471 ], [ 8.1759594, 12.5173648 ], [ 8.1765298, 12.5175272 ], [ 8.1771478, 12.5179448 ], [ 8.1776231, 12.5181537 ], [ 8.1781816, 12.5180626 ], [ 8.1782411, 12.5175272 ], [ 8.1785976, 12.5169007 ], [ 8.1788823, 12.5161504 ], [ 8.1792096, 12.5154679 ], [ 8.1796149, 12.5149198 ], [ 8.1802138, 12.5144876 ], [ 8.1804822, 12.5140024 ], [ 8.1809031, 12.5133738 ], [ 8.1809506, 12.5127241 ], [ 8.180808, 12.5119816 ], [ 8.1805466, 12.5112855 ], [ 8.1798335, 12.5107054 ], [ 8.1801901, 12.5102181 ], [ 8.1806892, 12.5099165 ], [ 8.1813547, 12.5095916 ], [ 8.182044, 12.5092668 ], [ 8.1820677, 12.5083618 ], [ 8.1827332, 12.5075033 ], [ 8.1835176, 12.5066216 ], [ 8.184397, 12.5073409 ], [ 8.1851813, 12.507805 ], [ 8.1862271, 12.5079674 ], [ 8.187059, 12.5077121 ], [ 8.188081, 12.5070392 ], [ 8.1896022, 12.5060415 ], [ 8.1903865, 12.5051829 ], [ 8.1882236, 12.5044636 ], [ 8.1872967, 12.5039995 ], [ 8.1865836, 12.5036746 ], [ 8.1863222, 12.503257 ], [ 8.1861796, 12.502468 ], [ 8.1857042, 12.5021431 ], [ 8.1850625, 12.5020735 ], [ 8.183684, 12.5017719 ], [ 8.1826619, 12.5011686 ], [ 8.1816161, 12.5000083 ], [ 8.1807605, 12.4990105 ], [ 8.1799762, 12.4976879 ], [ 8.1789779, 12.4964348 ], [ 8.1783115, 12.4962177 ], [ 8.1768124, 12.496471 ], [ 8.175793, 12.4957155 ], [ 8.1750324, 12.4948105 ], [ 8.1742956, 12.4942071 ], [ 8.1737727, 12.4936966 ], [ 8.1730359, 12.4934414 ], [ 8.1721327, 12.4932093 ], [ 8.1716811, 12.4925364 ], [ 8.1714136, 12.4914843 ], [ 8.1688088, 12.4817463 ], [ 8.1628951, 12.4744828 ], [ 8.162165, 12.4623929 ], [ 8.164964, 12.4514135 ], [ 8.1587826, 12.4473244 ], [ 8.1567397, 12.4403005 ], [ 8.155836, 12.4405357 ], [ 8.1486182, 12.4396494 ], [ 8.130166, 12.4411506 ], [ 8.1081604, 12.4163658 ], [ 8.0786519, 12.4175155 ], [ 8.0772023, 12.4174888 ], [ 8.0770237, 12.4174767 ], [ 8.0551685, 12.4171877 ], [ 8.0479431, 12.4126372 ], [ 8.0335712, 12.4043651 ], [ 8.0302484, 12.3954028 ], [ 8.0130447, 12.3947128 ], [ 8.0024194, 12.3936017 ], [ 8.0012772, 12.392174 ], [ 8.001499, 12.3908033 ], [ 8.0007419, 12.3896518 ], [ 7.9992785, 12.3888428 ], [ 7.998993, 12.3866537 ], [ 7.9988436, 12.3840957 ], [ 7.9971335, 12.3829495 ], [ 7.9954714, 12.3818947 ], [ 7.9933774, 12.3813237 ], [ 7.992616, 12.3804671 ], [ 7.9891896, 12.3758033 ], [ 7.987626, 12.3747706 ], [ 7.987286, 12.3727576 ], [ 7.9861439, 12.3728528 ], [ 7.9837644, 12.371901 ], [ 7.9825271, 12.3724721 ], [ 7.9828126, 12.3749467 ], [ 7.9811946, 12.3753274 ], [ 7.9805283, 12.3749467 ], [ 7.9807187, 12.3728528 ], [ 7.979291, 12.3721865 ], [ 7.9757854, 12.371153 ], [ 7.9736184, 12.3694806 ], [ 7.9724382, 12.3685698 ], [ 7.9714938, 12.3654739 ], [ 7.9691069, 12.3630494 ], [ 7.96806, 12.3627639 ], [ 7.9677697, 12.3645055 ], [ 7.967013, 12.3659048 ], [ 7.9652998, 12.3644771 ], [ 7.9626348, 12.364953 ], [ 7.961683, 12.3645723 ], [ 7.9599698, 12.3631446 ], [ 7.9568289, 12.3617169 ], [ 7.9557819, 12.3595278 ], [ 7.953523, 12.3581809 ], [ 7.9518796, 12.3588616 ], [ 7.9503568, 12.3587664 ], [ 7.9448768, 12.3492343 ], [ 7.9336936, 12.3444401 ], [ 7.923381209368205, 12.337250768301391 ], [ 7.923250937997525, 12.337245178858613 ] ], [ [ 7.896023161528418, 12.377077133339748 ], [ 7.896269106289666, 12.377543544927093 ], [ 7.895910094210042, 12.37769307477606 ], [ 7.896023161528418, 12.377077133339748 ] ], [ [ 7.997878257813541, 12.507417348619059 ], [ 7.998119442719769, 12.50765585817393 ], [ 7.997782623178994, 12.507747583124672 ], [ 7.997878257813541, 12.507417348619059 ] ] ], [ [ [ 8.347452756770496, 12.829902082310324 ], [ 8.345950271522979, 12.831311384722882 ], [ 8.346897655332874, 12.832852873132367 ], [ 8.347400397280758, 12.833876149311132 ], [ 8.347741819381557, 12.836319477252758 ], [ 8.347432323922693, 12.83719900825167 ], [ 8.347997488935295, 12.837469825422309 ], [ 8.347959277179955, 12.83909734412223 ], [ 8.349091774351384, 12.839640040517214 ], [ 8.349360023655713, 12.840731079497557 ], [ 8.349641193037158, 12.840997745822023 ], [ 8.34993361715812, 12.841297554421526 ], [ 8.349908755475154, 12.842357402143762 ], [ 8.34991345129693, 12.842631067146314 ], [ 8.349278677190618, 12.844436188699383 ], [ 8.350243067057225, 12.84568922070874 ], [ 8.350736472102312, 12.846157214236905 ], [ 8.350167056033104, 12.84669172103842 ], [ 8.351006061003854, 12.84778284453092 ], [ 8.351286461589256, 12.848353096244521 ], [ 8.351274332354732, 12.848871232318674 ], [ 8.351279511667137, 12.849167415553927 ], [ 8.352667300167054, 12.849143024774984 ], [ 8.352654989585654, 12.848467736424496 ], [ 8.352667731924498, 12.847919932063901 ], [ 8.354034774823406, 12.848615246087677 ], [ 8.354597989299426, 12.84860523955877 ], [ 8.355144809709216, 12.848883415833264 ], [ 8.355702457717578, 12.849150755068779 ], [ 8.356409810465992, 12.850215049094677 ], [ 8.355967057027229, 12.851052937083814 ], [ 8.3562550804232, 12.851604128888818 ], [ 8.355688068844346, 12.852677217238549 ], [ 8.355414911539079, 12.853495652349363 ], [ 8.354853733625186, 12.853761303568133 ], [ 8.355156263457388, 12.854341142888275 ], [ 8.355990531523695, 12.856885277937025 ], [ 8.355930550191882, 12.859443376404908 ], [ 8.356997825797663, 12.860830419605024 ], [ 8.357608048625471, 12.860819728238608 ], [ 8.35815351955144, 12.861640433905755 ], [ 8.359264154005276, 12.861909119170956 ], [ 8.360363964961314, 12.862188371018323 ], [ 8.36200941832865, 12.862586300650225 ], [ 8.362297754931017, 12.864947626114342 ], [ 8.363189849997744, 12.866657940853786 ], [ 8.364781175028114, 12.866261785102584 ], [ 8.365351774369953, 12.866552184048768 ], [ 8.365314847626177, 12.868137588791102 ], [ 8.36561132275922, 12.868993969643265 ], [ 8.366716782023392, 12.868974389847747 ], [ 8.367268337867396, 12.869540512121608 ], [ 8.367243510755451, 12.870611753950842 ], [ 8.367271050626579, 12.872119960383658 ], [ 8.368084965688263, 12.87251001863264 ], [ 8.368351288396106, 12.874414843606628 ], [ 8.369753328816442, 12.875226727748652 ], [ 8.370286068387188, 12.87468546988673 ], [ 8.371186816420959, 12.874259271255145 ], [ 8.371677912340004, 12.875258370180653 ], [ 8.371665820917521, 12.875776508047316 ], [ 8.371684807078395, 12.876826132398985 ], [ 8.373612618016866, 12.877955297562737 ], [ 8.373551587270835, 12.880566648637126 ], [ 8.374699878925592, 12.880935233983198 ], [ 8.375278614430842, 12.881229342433425 ], [ 8.376358205405937, 12.881210191579786 ], [ 8.376627950061561, 12.881758936170844 ], [ 8.377304353078777, 12.882743101812938 ], [ 8.376623938714397, 12.883381244143328 ], [ 8.376488046099494, 12.8835192047551 ], [ 8.377175589638915, 12.883930394092344 ], [ 8.377733338884344, 12.884197690457887 ], [ 8.37800242075792, 12.885017436666248 ], [ 8.379347180028834, 12.885661447846006 ], [ 8.379666930593, 12.886961861933495 ], [ 8.379654855821178, 12.887479205621803 ], [ 8.379003663327993, 12.888090137667417 ], [ 8.379381002389565, 12.888813180418699 ], [ 8.37986839483629, 12.889805105190675 ], [ 8.380756810605689, 12.889358976980432 ], [ 8.381543785868379, 12.889094866540674 ], [ 8.382411197254187, 12.891267070129082 ], [ 8.38279500196634, 12.892002045056199 ], [ 8.384076697422614, 12.892615950425087 ], [ 8.38378845711712, 12.893435438157306 ], [ 8.383802757549558, 12.894212723112183 ], [ 8.385881206806092, 12.894549807956988 ], [ 8.386291786311377, 12.895385242442915 ], [ 8.388053770727034, 12.897053809515349 ], [ 8.388475554630519, 12.899062031630059 ], [ 8.387368617964981, 12.899411509064549 ], [ 8.387096164395556, 12.899958708748873 ], [ 8.386294468537765, 12.900710767590125 ], [ 8.385987087288244, 12.901183443103053 ], [ 8.38685615171341, 12.901599803249335 ], [ 8.387957880950825, 12.902729847347997 ], [ 8.388728560312007, 12.90429780700936 ], [ 8.389297156883266, 12.904570139988758 ], [ 8.3898441380716, 12.904847985084828 ], [ 8.390401947314105, 12.905115256725939 ], [ 8.390936393988403, 12.905663545164392 ], [ 8.394287567515093, 12.905938094797166 ], [ 8.394919403854061, 12.905296086752109 ], [ 8.396770215476428, 12.906237091808858 ], [ 8.396751494908631, 12.9070619846584 ], [ 8.396196452117341, 12.90811266779856 ], [ 8.395839031617916, 12.909184470681032 ], [ 8.397807817529536, 12.909816324522099 ], [ 8.398128219732515, 12.911120428789021 ], [ 8.398682197184996, 12.911644904551043 ], [ 8.398950725162756, 12.912735900182492 ], [ 8.399812298565875, 12.913148493091793 ], [ 8.39949818563662, 12.914634457526599 ], [ 8.399779917687404, 12.915174200110982 ], [ 8.399740782942278, 12.916861069043508 ], [ 8.398922285255846, 12.917629021875623 ], [ 8.39894764080638, 12.918996819210314 ], [ 8.399495707606393, 12.919516247174746 ], [ 8.398927300269628, 12.920049531954151 ], [ 8.399213876433837, 12.920598028392902 ], [ 8.399493385784176, 12.92116637699316 ], [ 8.400307142276173, 12.921937021174772 ], [ 8.400586655503457, 12.922505368721252 ], [ 8.400867322040403, 12.923043253250343 ], [ 8.401136516034903, 12.923862978465403 ], [ 8.401558489740303, 12.924262902987536 ], [ 8.402148499052831, 12.924867988592672 ], [ 8.403071075739136, 12.92440464819952 ], [ 8.4036302053021, 12.924139954707655 ], [ 8.404173812020458, 12.923587529361976 ], [ 8.404737683536515, 12.92360020672953 ], [ 8.405562581006508, 12.923325252006881 ], [ 8.40778098988126, 12.923064320743963 ], [ 8.408054065733111, 12.922245831024203 ], [ 8.409166278154787, 12.921982378110187 ], [ 8.409438073386482, 12.921706423910011 ], [ 8.410551554620783, 12.920900427523996 ], [ 8.411079980143048, 12.920363317238976 ], [ 8.411703980322196, 12.920068021509032 ], [ 8.412782560309131, 12.920092171627443 ], [ 8.413312239215552, 12.92063537244 ], [ 8.41408076004487, 12.920903068887208 ], [ 8.414544173664446, 12.919055813847116 ], [ 8.415537912642392, 12.919560843141772 ], [ 8.416466429906487, 12.919544374813883 ], [ 8.417188914692014, 12.918468588148791 ], [ 8.417509283605678, 12.918203330948806 ], [ 8.419584444093498, 12.918905199747698 ], [ 8.420228371681914, 12.91956573212793 ], [ 8.420509703600052, 12.91983232813144 ], [ 8.420779584736211, 12.920380766702076 ], [ 8.421060293296057, 12.920918631378107 ], [ 8.421328302896935, 12.922280877063679 ], [ 8.421886186472786, 12.92254808428183 ], [ 8.422802470142214, 12.923159939892656 ], [ 8.424315617081612, 12.924711960349457 ], [ 8.425133276766331, 12.924996687903599 ], [ 8.425473423850661, 12.923641082879858 ], [ 8.426585627534783, 12.923377555293401 ], [ 8.426901977925548, 12.922741663900133 ], [ 8.427711115072787, 12.922023669739893 ], [ 8.429008195557048, 12.923353987183116 ], [ 8.429627060111432, 12.923650187466581 ], [ 8.430184920537963, 12.92393353786297 ], [ 8.431264700951965, 12.923914169140772 ], [ 8.431843604193181, 12.924208422696863 ], [ 8.431819052902817, 12.925271995686625 ], [ 8.432387036687448, 12.926097639738131 ], [ 8.432656337793322, 12.926917336789996 ], [ 8.432937079026606, 12.927455189803648 ], [ 8.433205158984578, 12.928817425611866 ], [ 8.43348805641944, 12.929358727003722 ], [ 8.433181140665123, 12.92964681604397 ], [ 8.433210998705357, 12.931256227295298 ], [ 8.43319785042123, 12.931816489806977 ], [ 8.433760426025453, 12.932892992614841 ], [ 8.43319476272494, 12.933423709724872 ], [ 8.432912150763114, 12.93371079117154 ], [ 8.432929483344493, 12.934646501635362 ], [ 8.432907312148332, 12.935614180448825 ], [ 8.434017679170386, 12.936665381311343 ], [ 8.434291762269307, 12.937526943231896 ], [ 8.433460303307385, 12.938307161179154 ], [ 8.433465080349883, 12.938583741148729 ], [ 8.432627540775425, 12.939661705044777 ], [ 8.432338749185293, 12.940528136556809 ], [ 8.432367116328086, 12.942076613070869 ], [ 8.432067653443587, 12.942644463920464 ], [ 8.431795208019134, 12.943207605181559 ], [ 8.432493785720526, 12.94386875879049 ], [ 8.432063968971169, 12.944272079561623 ], [ 8.432078884104781, 12.945080625889412 ], [ 8.431599260856313, 12.945530727283176 ], [ 8.429283198858, 12.945895485834326 ], [ 8.429298561951175, 12.946740591063939 ], [ 8.430131687908288, 12.948335597337666 ], [ 8.429814518227339, 12.948607498039504 ], [ 8.428738082176551, 12.948060747008835 ], [ 8.428192846895907, 12.94861507266765 ], [ 8.425470962366957, 12.948554516762437 ], [ 8.423741920152972, 12.949917382006173 ], [ 8.42375824060883, 12.950807788084918 ], [ 8.424861085881775, 12.951851858753839 ], [ 8.425130747490368, 12.952513939577615 ], [ 8.423469041648941, 12.953476403497969 ], [ 8.423195291675878, 12.954592667916794 ], [ 8.423751954497106, 12.955657786162433 ], [ 8.423186217536239, 12.95618847761159 ], [ 8.422625721353421, 12.957022504323161 ], [ 8.422645885088896, 12.958118755263186 ], [ 8.423185999885517, 12.958629906621775 ], [ 8.423455924997594, 12.959178342812937 ], [ 8.423747435514889, 12.959737157364591 ], [ 8.423729399542841, 12.960532648125783 ], [ 8.423743776049044, 12.961328210548384 ], [ 8.423449694771138, 12.961885729125228 ], [ 8.423121341771379, 12.962545957331109 ], [ 8.421787644660835, 12.962967123603532 ], [ 8.42086585622425, 12.963274227878181 ], [ 8.419833911933747, 12.963792747889107 ], [ 8.417908655601211, 12.963749773830443 ], [ 8.418191678347773, 12.965401070861583 ], [ 8.418182624820339, 12.965810074487916 ], [ 8.418189776654888, 12.966219644193352 ], [ 8.41790716103368, 12.966484983231966 ], [ 8.417538856957176, 12.967589371158121 ], [ 8.416247771548846, 12.967560782901352 ], [ 8.415536798172424, 12.967573227713411 ], [ 8.414858864833233, 12.968935998926463 ], [ 8.412628355366593, 12.968886471066257 ], [ 8.412651350595265, 12.97013796389178 ], [ 8.412635713726187, 12.970816101644038 ], [ 8.412651573996074, 12.971654316765401 ], [ 8.413197085364464, 12.972171064586867 ], [ 8.41346509435237, 12.973533313551652 ], [ 8.413941073957517, 12.973984205453558 ], [ 8.413186595332947, 12.974341194391116 ], [ 8.412447207004014, 12.974712785887663 ], [ 8.412913484079391, 12.975154385757142 ], [ 8.413216913822289, 12.975465546794869 ], [ 8.413174207184392, 12.977319828981832 ], [ 8.413564677374541, 12.978067759270393 ], [ 8.4126225616584, 12.978951496283399 ], [ 8.412350067684947, 12.979498717662976 ], [ 8.412066792981024, 12.98003531674226 ], [ 8.411793658640216, 12.980853804916361 ], [ 8.411157991149505, 12.981450005445335 ], [ 8.411513230312224, 12.982475485383763 ], [ 8.411782180099143, 12.983437456440171 ], [ 8.410951407189071, 12.983830557823092 ], [ 8.410981266903278, 12.984915700886916 ], [ 8.412056590157219, 12.984375596850303 ], [ 8.412859506825928, 12.984111440951461 ], [ 8.413157945675641, 12.986553535042587 ], [ 8.413444624094863, 12.987102017696705 ], [ 8.412040599658551, 12.988418632275373 ], [ 8.412051611682347, 12.989019740949615 ], [ 8.412879097679612, 12.989802833015371 ], [ 8.413147756495743, 12.990893813831347 ], [ 8.413449351985154, 12.991764196962475 ], [ 8.413400663042687, 12.993862711935785 ], [ 8.414248653799214, 12.994665185214062 ], [ 8.41451557737973, 12.997423244723263 ], [ 8.413686018851104, 12.998201271269705 ], [ 8.413408764701058, 12.999846271346454 ], [ 8.413126104653317, 13.000111602674494 ], [ 8.412413364783891, 13.000835582246898 ], [ 8.411952473425847, 13.002217902895596 ], [ 8.410907284176792, 13.00254799617945 ], [ 8.410082126960287, 13.002822955158891 ], [ 8.409437035224148, 13.002808507794496 ], [ 8.408698912218515, 13.002835438782695 ], [ 8.409347988155362, 13.003449919228586 ], [ 8.408965356638229, 13.004174108248728 ], [ 8.40952373671078, 13.004986269453056 ], [ 8.409792699115025, 13.005948241624507 ], [ 8.408961846921965, 13.006341332625166 ], [ 8.40842220516039, 13.007425441568921 ], [ 8.406729111711106, 13.008226110334162 ], [ 8.407166325501107, 13.008640370036963 ], [ 8.407572198926692, 13.009056146247447 ], [ 8.407853613073975, 13.009322757828413 ], [ 8.408122872590756, 13.010158369867522 ], [ 8.407427007954697, 13.010811110688135 ], [ 8.406996954155842, 13.011247494924419 ], [ 8.407025216057022, 13.01276946945366 ], [ 8.408136905072359, 13.013126192273091 ], [ 8.408803134339657, 13.01380879483143 ], [ 8.409377299277773, 13.014352638736346 ], [ 8.408381954669537, 13.015286299459421 ], [ 8.407838149205434, 13.015838456574867 ], [ 8.407001519402133, 13.01637378291756 ], [ 8.406713363904988, 13.01666664511685 ], [ 8.406727679007632, 13.017463262647857 ], [ 8.406316791912538, 13.018241158242455 ], [ 8.404610155335517, 13.017663981596533 ], [ 8.404239122761583, 13.016909989728523 ], [ 8.40270575277639, 13.016640494711258 ], [ 8.402242070658195, 13.017572969509093 ], [ 8.400337950439713, 13.019358040865017 ], [ 8.400362824251594, 13.020698806173689 ], [ 8.400062796552787, 13.020979844525781 ], [ 8.400083380318531, 13.022081518928811 ], [ 8.400628969955021, 13.022598294783387 ], [ 8.400899559267108, 13.022875486456146 ], [ 8.401455934745185, 13.023402219421161 ], [ 8.40172192548428, 13.026046367812468 ], [ 8.400614434944858, 13.026396007136693 ], [ 8.400342511466414, 13.026671944560851 ], [ 8.39977178416704, 13.026941891229967 ], [ 8.399788956900139, 13.02788871775928 ], [ 8.399776842757962, 13.028431224617943 ], [ 8.399787836025084, 13.0290271640641 ], [ 8.400889325675692, 13.029380585167999 ], [ 8.40115992231269, 13.029657776757563 ], [ 8.401728713291693, 13.03019632657815 ], [ 8.401709396544682, 13.031039621870677 ], [ 8.402267821358864, 13.033197805240873 ], [ 8.40322918392455, 13.033180815397673 ], [ 8.404163976845085, 13.033201642495239 ], [ 8.404544385217388, 13.035919960294041 ], [ 8.405712732246249, 13.035899199221411 ], [ 8.406429235483319, 13.035915146700876 ], [ 8.406974765082014, 13.036474693714727 ], [ 8.408478164901638, 13.036448063591795 ], [ 8.408895855569865, 13.036457361190935 ], [ 8.409752493157054, 13.03617202018674 ], [ 8.410579230045039, 13.0361904588847 ], [ 8.41052871204201, 13.038355849928339 ], [ 8.411657470079895, 13.038628359331389 ], [ 8.41224830271765, 13.039233828529227 ], [ 8.412754916800651, 13.040263755346803 ], [ 8.413052946137865, 13.04083438446369 ], [ 8.415238372197262, 13.040795618030987 ], [ 8.415519779475753, 13.041083813524089 ], [ 8.417184630423181, 13.041353534812435 ], [ 8.417455258372556, 13.041630710459012 ], [ 8.418290077479426, 13.041898556298515 ], [ 8.41998557403322, 13.042471651632631 ], [ 8.421432808154918, 13.042446014575331 ], [ 8.422350321992008, 13.041080860551755 ], [ 8.424085967919961, 13.04111942953306 ], [ 8.424374132169952, 13.040827078775107 ], [ 8.425226937171745, 13.04056300335975 ], [ 8.425199266989678, 13.041780999918725 ], [ 8.425216528877748, 13.04273047721372 ], [ 8.425196734534552, 13.043579736220776 ], [ 8.425782438276551, 13.044085424785241 ], [ 8.426857992884603, 13.043545271251624 ], [ 8.427437929102011, 13.043270914921939 ], [ 8.427967673971384, 13.042732463340631 ], [ 8.428795997361355, 13.04301231578996 ], [ 8.429819431969058, 13.043280541109542 ], [ 8.430181278182397, 13.042196263732441 ], [ 8.431162695460786, 13.041932451709197 ], [ 8.431563428592437, 13.042747137319649 ], [ 8.432029862874492, 13.043188707297208 ], [ 8.434333804821307, 13.043561711295418 ], [ 8.434603222428832, 13.044381404455534 ], [ 8.435541295270896, 13.04559899439497 ], [ 8.436818418364082, 13.046008545903394 ], [ 8.437877670651162, 13.047415935985919 ], [ 8.438189689427329, 13.049000780122158 ], [ 8.439393589892791, 13.049778387208089 ], [ 8.440402597303457, 13.049271544020229 ], [ 8.441515352684792, 13.049007977475272 ], [ 8.442063945979696, 13.048732592986442 ], [ 8.442650342191637, 13.048467886257205 ], [ 8.443864343394079, 13.049084428838249 ], [ 8.44477757875543, 13.048625708774956 ], [ 8.446033625300689, 13.049050271323228 ], [ 8.447053309694232, 13.049567836734914 ], [ 8.448013658733592, 13.0495506799341 ], [ 8.449312743097282, 13.04957954156002 ], [ 8.450361586691297, 13.050111991104997 ], [ 8.45176606675547, 13.050380940491738 ], [ 8.45257362914827, 13.049560364975012 ], [ 8.452868570128201, 13.049862458335605 ], [ 8.454100218851309, 13.049840422458024 ], [ 8.45528582567619, 13.049866629439885 ], [ 8.455620611205827, 13.051224873418992 ], [ 8.45672850657823, 13.051205081396443 ], [ 8.456998598092117, 13.051753617906693 ], [ 8.457471650975, 13.052658355931532 ], [ 8.456995648468485, 13.053104659902894 ], [ 8.456723288643348, 13.053593910248157 ], [ 8.459275979526462, 13.054209613785394 ], [ 8.460039626265827, 13.05419597592649 ], [ 8.460316309211423, 13.05420211603716 ], [ 8.460595717780782, 13.054197135868133 ], [ 8.460865820969708, 13.054745668676643 ], [ 8.461700148891181, 13.055284646208694 ], [ 8.461969668953452, 13.056104314244868 ], [ 8.462348273645956, 13.056462599360714 ], [ 8.461967332369456, 13.057184088625673 ], [ 8.461720122623047, 13.058539921695708 ], [ 8.462795669242487, 13.057999618766846 ], [ 8.463508527370577, 13.057735127548238 ], [ 8.46417681607487, 13.059092860570555 ], [ 8.46461935311566, 13.059631017310767 ], [ 8.466787794137547, 13.058773739347872 ], [ 8.46722402350901, 13.057466238566963 ], [ 8.468767191689228, 13.057100655488203 ], [ 8.470483394028054, 13.058464364577908 ], [ 8.471373356035524, 13.058017291254421 ], [ 8.472031623367471, 13.05775266464185 ], [ 8.472477841471258, 13.059109924496216 ], [ 8.473061955372607, 13.059919626060216 ], [ 8.474217555559054, 13.059338774727182 ], [ 8.475797651031693, 13.059659346273815 ], [ 8.476808303475302, 13.059641259968636 ], [ 8.477549305182526, 13.057810625073293 ], [ 8.479681451245412, 13.057225625371832 ], [ 8.480118507873515, 13.056781450973549 ], [ 8.481894502532821, 13.057231392096083 ], [ 8.482167482230917, 13.056682774591481 ], [ 8.483530034976283, 13.056359921657583 ], [ 8.483827100912364, 13.05696266064384 ], [ 8.484583585826075, 13.058061965904731 ], [ 8.485674219986613, 13.058042281490845 ], [ 8.487157583554447, 13.059150442308123 ], [ 8.487975833694842, 13.059135638948879 ], [ 8.488804823986053, 13.059153835293481 ], [ 8.48928933805445, 13.057700157531695 ], [ 8.488804433020684, 13.057241165700191 ], [ 8.489107117733358, 13.05695711496614 ], [ 8.489919889060385, 13.056974878496197 ], [ 8.490192834797272, 13.056697788271983 ], [ 8.491625461549246, 13.056988302866095 ], [ 8.492600434605873, 13.056970746198946 ], [ 8.492960403492322, 13.055890342340517 ], [ 8.493249567847913, 13.055342937486307 ], [ 8.494977777921374, 13.055380887604485 ], [ 8.496294526860956, 13.05604918047861 ], [ 8.49628188294562, 13.055354687074994 ], [ 8.496573794519836, 13.054246859579477 ], [ 8.497120662144662, 13.053733594288309 ], [ 8.497573386794482, 13.053273392736164 ], [ 8.498228613676414, 13.051014558009799 ], [ 8.499064597557577, 13.051572759762598 ], [ 8.49975095600756, 13.051560312328983 ], [ 8.500165979999355, 13.051569458578518 ], [ 8.50044538649062, 13.051564435234811 ], [ 8.501633506647684, 13.051965685455325 ], [ 8.502101231797788, 13.05102521608281 ], [ 8.502525175619441, 13.050627204846531 ], [ 8.502960555750674, 13.050184841178032 ], [ 8.502935648107114, 13.048856650247755 ], [ 8.503518224685042, 13.048310060816217 ], [ 8.504570903015521, 13.048333138418293 ], [ 8.505778985872352, 13.0479302625175 ], [ 8.506259708721217, 13.046964112725648 ], [ 8.506750232464254, 13.046503833954201 ], [ 8.508203533661039, 13.04615929727604 ], [ 8.508752052304231, 13.045883768352978 ], [ 8.509767030728934, 13.045562895440622 ], [ 8.510511413317712, 13.044066217261351 ], [ 8.512565231627562, 13.043094149368955 ], [ 8.513318664827949, 13.043865935835976 ], [ 8.513741020366512, 13.044265556713603 ], [ 8.514011731888875, 13.04455853029704 ], [ 8.513174187472412, 13.04534441339541 ], [ 8.513184972752663, 13.045908302646218 ], [ 8.514455908675094, 13.046516016931246 ], [ 8.515392565278786, 13.045896283891006 ], [ 8.516373919736093, 13.045632146059024 ], [ 8.516774942501453, 13.04644671034994 ], [ 8.517322993173162, 13.046964976717236 ], [ 8.517629820307349, 13.047587963759641 ], [ 8.517593810522222, 13.049158306293355 ], [ 8.518158022137577, 13.049427979654062 ], [ 8.518426138651378, 13.051066971141823 ], [ 8.517590684137822, 13.051048725582126 ], [ 8.517030784619735, 13.051618172932665 ], [ 8.517055755480127, 13.052952457641057 ], [ 8.516485082892309, 13.05322266356502 ], [ 8.516213252399615, 13.053498725952775 ], [ 8.515709194577893, 13.053972110477781 ], [ 8.515378404505752, 13.055938607963922 ], [ 8.515089827762631, 13.056209338765221 ], [ 8.515110429691873, 13.05728399968554 ], [ 8.51448183424036, 13.057873842539191 ], [ 8.51342809198762, 13.058372549116482 ], [ 8.514521864499811, 13.059791494122431 ], [ 8.514813788961453, 13.058916237463082 ], [ 8.515389858508508, 13.058380073274913 ], [ 8.516119614113254, 13.05912730328858 ], [ 8.516799526213356, 13.0618859282506 ], [ 8.516190966154074, 13.062174075182048 ], [ 8.515860346490125, 13.063493388155084 ], [ 8.518140134928112, 13.065349790018628 ], [ 8.518114098584769, 13.066512844981069 ], [ 8.518402712456595, 13.067064666996785 ], [ 8.518117915117587, 13.067331831408266 ], [ 8.517557978837916, 13.067900748970649 ], [ 8.517578078770304, 13.068961102231658 ], [ 8.517540259507038, 13.070623893392531 ], [ 8.516206121324883, 13.071875763976029 ], [ 8.515622817609458, 13.072502515862974 ], [ 8.516474107392236, 13.073307195225718 ], [ 8.517004865347387, 13.07329759116401 ], [ 8.517314413187389, 13.073925881384708 ], [ 8.518661496580092, 13.075199713746164 ], [ 8.518932256466263, 13.075487516971993 ], [ 8.517824348866, 13.076011966387584 ], [ 8.517370738496401, 13.076924276087494 ], [ 8.51643809784828, 13.077365731086333 ], [ 8.516165350452994, 13.078098102733424 ], [ 8.517609691882404, 13.078560561863782 ], [ 8.51823418660023, 13.079829072067364 ], [ 8.5186441494858, 13.081357988372615 ], [ 8.516619323733591, 13.081997945912027 ], [ 8.515463271493356, 13.081972599130918 ], [ 8.514898982856607, 13.081982798314764 ], [ 8.514495815675977, 13.082792807175149 ], [ 8.513935368794838, 13.083600266773244 ], [ 8.513777613141361, 13.08391758362956 ], [ 8.5163879, 13.0836105 ], [ 8.5369434, 13.0769444 ], [ 8.5419426, 13.0749989 ], [ 8.5643424, 13.0598776 ], [ 8.5734366, 13.0532545 ], [ 8.5872232, 13.0428973 ], [ 8.5957588, 13.0365626 ], [ 8.6149998, 13.021944 ], [ 8.6289323, 13.006261 ], [ 8.6375682, 12.9921261 ], [ 8.6429377, 12.9816427 ], [ 8.6475657, 12.9726068 ], [ 8.651927, 12.9640923 ], [ 8.6545196, 12.9590038 ], [ 8.6599998, 12.9483318 ], [ 8.6636105, 12.9433327 ], [ 8.6841025, 12.937163 ], [ 8.7078742, 12.9300058 ], [ 8.7413537, 12.9199261 ], [ 8.7641884, 12.9130511 ], [ 8.7939882, 12.9040788 ], [ 8.8165447, 12.8972872 ], [ 8.8425626, 12.8894683 ], [ 8.8588825, 12.8845767 ], [ 8.8808369, 12.8779675 ], [ 8.8995407, 12.8723472 ], [ 8.9078799, 12.8698344 ], [ 8.9281394, 12.8637532 ], [ 8.9324395, 12.862461 ], [ 8.955194, 12.855623 ], [ 8.9638656, 12.8452315 ], [ 8.9775285, 12.8374833 ], [ 8.9841653, 12.8358024 ], [ 8.988643, 12.8363375 ], [ 8.9959249, 12.8400788 ], [ 9.003388, 12.8404032 ], [ 9.0170309, 12.845455 ], [ 9.0324993, 12.8466663 ], [ 9.0408951, 12.8461414 ], [ 9.0449294, 12.8273153 ], [ 9.0473385, 12.8161573 ], [ 9.0357808, 12.8141873 ], [ 9.0181894, 12.8096915 ], [ 9.0149949, 12.8091467 ], [ 8.9828688, 12.8067688 ], [ 8.9712542, 12.7851021 ], [ 8.9699637, 12.7756428 ], [ 8.9545018, 12.7443341 ], [ 8.9513323, 12.7381217 ], [ 8.923191, 12.7070546 ], [ 8.9083598, 12.7019536 ], [ 8.8968561, 12.6989858 ], [ 8.8835291, 12.696093 ], [ 8.8724619, 12.6800158 ], [ 8.864637, 12.6690434 ], [ 8.8504919, 12.6787944 ], [ 8.8502904, 12.6784951 ], [ 8.8499421, 12.6781582 ], [ 8.8497308, 12.6779069 ], [ 8.8496622, 12.6776157 ], [ 8.8495709, 12.6773187 ], [ 8.8491648, 12.6768448 ], [ 8.8483748, 12.6759263 ], [ 8.8479322, 12.6753457 ], [ 8.8467425, 12.6751506 ], [ 8.8449864, 12.6746366 ], [ 8.8427355, 12.6741055 ], [ 8.8407177, 12.6736772 ], [ 8.8402978, 12.6728591 ], [ 8.8401607, 12.6721624 ], [ 8.8383447, 12.6716255 ], [ 8.836641, 12.6714517 ], [ 8.8357749, 12.6716896 ], [ 8.8333383, 12.6707664 ], [ 8.8310293, 12.67042 ], [ 8.8296968, 12.6705037 ], [ 8.8291714, 12.6726509 ], [ 8.828627, 12.6759355 ], [ 8.8239274, 12.6744302 ], [ 8.8167938, 12.6741653 ], [ 8.8046851, 12.6731346 ], [ 8.7940371, 12.6729491 ], [ 8.7592545, 12.6738962 ], [ 8.7523712, 12.6726812 ], [ 8.7448129, 12.666652 ], [ 8.7422929, 12.6669337 ], [ 8.7357822, 12.6688374 ], [ 8.7307423, 12.6696667 ], [ 8.7260362, 12.6699913 ], [ 8.7229464, 12.6699449 ], [ 8.7227897, 12.682717 ], [ 8.7124072, 12.6805558 ], [ 8.7012, 12.687 ], [ 8.7011112, 12.6870082 ], [ 8.6880165, 12.6882106 ], [ 8.6874461, 12.694703 ], [ 8.686733, 12.6968362 ], [ 8.6855446, 12.6995722 ], [ 8.6845592, 12.7008814 ], [ 8.6842136, 12.7032357 ], [ 8.6838809, 12.7051369 ], [ 8.6835811, 12.7080476 ], [ 8.6821156, 12.7091957 ], [ 8.6802487, 12.7104413 ], [ 8.6780815, 12.7125563 ], [ 8.677416, 12.7135765 ], [ 8.6767287, 12.7159044 ], [ 8.668633, 12.7194652 ], [ 8.6638943, 12.72577 ], [ 8.6510256, 12.7275961 ], [ 8.6518463, 12.7331249 ], [ 8.6362734, 12.7373151 ], [ 8.6038269, 12.7372728 ], [ 8.600844, 12.7481822 ], [ 8.5944127, 12.7662158 ], [ 8.5936802, 12.7718939 ], [ 8.5930521, 12.7773386 ], [ 8.5881955, 12.7944418 ], [ 8.5870991, 12.802716 ], [ 8.5890583, 12.808619 ], [ 8.5853505, 12.8125821 ], [ 8.5839957, 12.8135903 ], [ 8.5740348, 12.8204655 ], [ 8.5639389, 12.8252743 ], [ 8.5631903, 12.8341388 ], [ 8.5521506, 12.8318193 ], [ 8.5278686, 12.8319349 ], [ 8.5021126, 12.8338218 ], [ 8.4988594, 12.833621 ], [ 8.4852548, 12.8320242 ], [ 8.4788023, 12.8306615 ], [ 8.4698299, 12.8281123 ], [ 8.4670669, 12.8268377 ], [ 8.4619844, 12.8232449 ], [ 8.4591641, 12.821884 ], [ 8.4563119, 12.8209859 ], [ 8.452301, 12.8189581 ], [ 8.4440714, 12.8160901 ], [ 8.4353515, 12.8151883 ], [ 8.4229034, 12.820932 ], [ 8.4162781, 12.822844 ], [ 8.4075434, 12.8242925 ], [ 8.4013125, 12.8252158 ], [ 8.3983778, 12.8259427 ], [ 8.3949373, 12.8262488 ], [ 8.394147, 12.8260887 ], [ 8.3900814, 12.8252802 ], [ 8.3839998, 12.8252365 ], [ 8.3771706, 12.8251896 ], [ 8.3746146, 12.8251445 ], [ 8.3727271, 12.8253093 ], [ 8.3706335, 12.8254921 ], [ 8.3677813, 12.8250286 ], [ 8.3645133, 12.8244492 ], [ 8.3616607, 12.8241411 ], [ 8.3608303, 12.8240514 ], [ 8.3523945, 12.8254657 ], [ 8.3500012, 12.8268668 ], [ 8.34718850250686, 12.829566914775786 ], [ 8.347452756770496, 12.829902082310324 ] ] ] ] } },
{ "type": "Feature", "properties": { "Id": 12, "gridcode": 17, "Shape_Leng": 113.15757919799999, "Shape_Area": 615.87990376300002, "NUMB": 2.0, "NAME": "Sokoto-Zamfara", "source_state": "Katsina" }, "geometry": { "type": "Polygon", "coordinates": [ [ [ 7.062612126000602, 11.801048008452119 ], [ 7.062626014551562, 11.800754432468755 ], [ 7.062610976623473, 11.800293036703307 ], [ 7.062901948589844, 11.799124042637018 ], [ 7.063193559808241, 11.798323133556664 ], [ 7.063534861723892, 11.796952169157189 ], [ 7.06429899458676, 11.796150768744944 ], [ 7.065952859157047, 11.795647500044867 ], [ 7.065973067951446, 11.79521838473355 ], [ 7.065958885053048, 11.79478744650975 ], [ 7.067067889097391, 11.793788981675704 ], [ 7.066793354619656, 11.793151842143063 ], [ 7.066078191693653, 11.79248999239619 ], [ 7.06663886387936, 11.791339241835798 ], [ 7.067648402499699, 11.791032038813277 ], [ 7.06791484061943, 11.790752093502261 ], [ 7.069028283994834, 11.790499081255119 ], [ 7.069441684653509, 11.789650793934008 ], [ 7.071092534324994, 11.789726603666523 ], [ 7.071629721376346, 11.788624934988016 ], [ 7.072836271128515, 11.788585972900025 ], [ 7.073861367089708, 11.789129151952688 ], [ 7.077022825990621, 11.788655077451914 ], [ 7.077289253332513, 11.788375121466588 ], [ 7.078679786830289, 11.787852775833585 ], [ 7.079174406215237, 11.786838187749227 ], [ 7.079504184822931, 11.786491923824649 ], [ 7.08034481557001, 11.785965592738984 ], [ 7.080299880869783, 11.784618731074485 ], [ 7.080907889885208, 11.784071496872642 ], [ 7.081912669209644, 11.782740978779493 ], [ 7.084492470409269, 11.781562465168552 ], [ 7.084231632529086, 11.780262610176866 ], [ 7.083668674021168, 11.779741382387874 ], [ 7.083706498965832, 11.778937672777966 ], [ 7.083148884756031, 11.77842151145704 ], [ 7.083416038451407, 11.778111892829511 ], [ 7.085262978065103, 11.778196344769878 ], [ 7.085629715067751, 11.777866472725611 ], [ 7.085896122813049, 11.777586505500427 ], [ 7.08642567243431, 11.777109961554086 ], [ 7.086479261706708, 11.77596872245708 ], [ 7.086443722554648, 11.774890173797949 ], [ 7.087013098094564, 11.774871754301314 ], [ 7.08838416606137, 11.775986809267417 ], [ 7.090044354419141, 11.776258521631496 ], [ 7.090587963967964, 11.77654683828511 ], [ 7.092146769275267, 11.775620381043574 ], [ 7.092695815080917, 11.776211939432887 ], [ 7.093634993218433, 11.775729914275383 ], [ 7.094625364051791, 11.775775203070063 ], [ 7.095554027194438, 11.775492503608948 ], [ 7.096592994985983, 11.774959496225653 ], [ 7.096932793637071, 11.774948526338143 ], [ 7.097970224072876, 11.775498056088013 ], [ 7.098906660173776, 11.774944493669009 ], [ 7.099522276027622, 11.774299015408939 ], [ 7.100788624640914, 11.774703356761311 ], [ 7.10123470427252, 11.775184317286676 ], [ 7.102173868220552, 11.774702261081377 ], [ 7.102709626375765, 11.774726749695928 ], [ 7.103219862883225, 11.77471028721552 ], [ 7.105097970281842, 11.775110473277653 ], [ 7.105456397491577, 11.774734439162005 ], [ 7.105744140518881, 11.774475775487364 ], [ 7.106012384092059, 11.773924628914717 ], [ 7.106907638568113, 11.773651995529486 ], [ 7.107765254005717, 11.772752293728241 ], [ 7.109770056704801, 11.772074966810896 ], [ 7.110271292973037, 11.773139402538469 ], [ 7.112073911605469, 11.772393454093432 ], [ 7.112377469540707, 11.771470203168489 ], [ 7.113515976014117, 11.770444436143828 ], [ 7.112209418267796, 11.769235644268987 ], [ 7.112663193624521, 11.768827127303343 ], [ 7.112933266456925, 11.768004813044003 ], [ 7.113532326110208, 11.767731252165207 ], [ 7.114484648389975, 11.76673178686646 ], [ 7.115894665800417, 11.766008632182404 ], [ 7.116538199805853, 11.766702463156197 ], [ 7.118178398005517, 11.767225979312183 ], [ 7.118440934133989, 11.767509475467859 ], [ 7.119275521254138, 11.767775562834107 ], [ 7.119541518129259, 11.76834110993056 ], [ 7.1199421866222, 11.767519381747949 ], [ 7.121037575328732, 11.76792939024349 ], [ 7.121473464306462, 11.768332400479981 ], [ 7.121978276361018, 11.768876481306179 ], [ 7.122560243559646, 11.768903089546059 ], [ 7.122836893990253, 11.768612555378581 ], [ 7.123675024561472, 11.768357494646208 ], [ 7.124554649458723, 11.767769566846084 ], [ 7.126150088611746, 11.767842291638235 ], [ 7.127236678697527, 11.767807062593128 ], [ 7.127538718976759, 11.76813265324102 ], [ 7.128487673604088, 11.76810181130379 ], [ 7.129093284914159, 11.768129621575167 ], [ 7.130413350376979, 11.76782871202154 ], [ 7.13083950753937, 11.767048707046373 ], [ 7.131107695264512, 11.766497527814717 ], [ 7.131670611922561, 11.766240636969433 ], [ 7.132143764886046, 11.765744027279741 ], [ 7.134224431249296, 11.766478221777897 ], [ 7.13592895940827, 11.766555843486334 ], [ 7.136733282225504, 11.766529852998278 ], [ 7.137167458139291, 11.767350714272524 ], [ 7.137426366072506, 11.768176519551885 ], [ 7.138524819121621, 11.76869611958621 ], [ 7.138795101429074, 11.769270156683289 ], [ 7.139179736104959, 11.769625936663424 ], [ 7.138787875804214, 11.770344213093018 ], [ 7.13851969733155, 11.770895401171183 ], [ 7.137962380995001, 11.771916606933539 ], [ 7.138224612445907, 11.772249342366313 ], [ 7.138508819845943, 11.772511781109307 ], [ 7.138968834813693, 11.773488787685507 ], [ 7.139587897018292, 11.774156465037779 ], [ 7.140147320409936, 11.774420699796812 ], [ 7.140885403204035, 11.775216000088943 ], [ 7.141516095640506, 11.775514329696602 ], [ 7.141900337049456, 11.776330359162065 ], [ 7.143094155759864, 11.776023010097971 ], [ 7.143536451763704, 11.774678230065373 ], [ 7.145653333165223, 11.774196011049025 ], [ 7.146194898070823, 11.773917768736135 ], [ 7.147583461064104, 11.773666218026115 ], [ 7.148126100413983, 11.773387713735634 ], [ 7.148405541468902, 11.773400386957892 ], [ 7.1486808254959, 11.77339158383753 ], [ 7.149093537156436, 11.773410419334638 ], [ 7.149815623990598, 11.773386773621603 ], [ 7.150772557873621, 11.774417574507392 ], [ 7.152658067300487, 11.775416527943243 ], [ 7.153642876442858, 11.774529409121769 ], [ 7.154423491799694, 11.773710611161745 ], [ 7.156113355813735, 11.773982137563511 ], [ 7.15637594163174, 11.77426560547393 ], [ 7.156935386389695, 11.774529809688319 ], [ 7.157552898705726, 11.775841223703077 ], [ 7.158153249450834, 11.775210595679349 ], [ 7.159522493949351, 11.77479308448221 ], [ 7.16004481379347, 11.773204618029085 ], [ 7.160245191777738, 11.773466496749007 ], [ 7.160725959172511, 11.774487838718553 ], [ 7.162162687978464, 11.77483475843554 ], [ 7.162421677648553, 11.775660552853145 ], [ 7.162705914769983, 11.775922971358536 ], [ 7.163240125385609, 11.776750540578341 ], [ 7.163524364372027, 11.777012958530651 ], [ 7.163880367311005, 11.777396861752795 ], [ 7.164634447694757, 11.777009785863259 ], [ 7.165726979083275, 11.77705946041953 ], [ 7.165708147369971, 11.776494739265917 ], [ 7.166006663282825, 11.77622601270915 ], [ 7.166272999521632, 11.775945957592855 ], [ 7.166560696639878, 11.775687224040718 ], [ 7.166827031793665, 11.775407168235056 ], [ 7.167114727840786, 11.775148433953019 ], [ 7.167386452716566, 11.774054878553473 ], [ 7.167674146724775, 11.773796143395279 ], [ 7.167940478793692, 11.773516086073501 ], [ 7.168976793654955, 11.773042624785466 ], [ 7.169592201989845, 11.772487803851259 ], [ 7.169881569430093, 11.771894342361442 ], [ 7.170374753550758, 11.772425565233497 ], [ 7.171257413869962, 11.772995039854472 ], [ 7.171598563390123, 11.774081943246857 ], [ 7.172628050815324, 11.773827962329587 ], [ 7.173694414919616, 11.773280526310876 ], [ 7.17400717909772, 11.773294712397981 ], [ 7.175022903901448, 11.771948503990076 ], [ 7.175886400775688, 11.771920400787456 ], [ 7.176778279871135, 11.772234893637409 ], [ 7.176759899043227, 11.771679705619908 ], [ 7.17679804989038, 11.770866412049008 ], [ 7.176741809987228, 11.769204284804307 ], [ 7.177066947376764, 11.767584585831452 ], [ 7.177899706918132, 11.76683436843903 ], [ 7.178211860028506, 11.764980478804155 ], [ 7.179419449924776, 11.764612142630737 ], [ 7.179900191927127, 11.762213787596982 ], [ 7.180957750129953, 11.762752303467943 ], [ 7.181226764223182, 11.763042148221816 ], [ 7.18204872076813, 11.761805098522595 ], [ 7.182893572981476, 11.761419073463481 ], [ 7.18288412718636, 11.761138299238754 ], [ 7.183450563143855, 11.760338164647951 ], [ 7.183718645110792, 11.759786918980513 ], [ 7.184150142733726, 11.759398520353804 ], [ 7.184784497260819, 11.758732286722674 ], [ 7.185519998098982, 11.758708100158646 ], [ 7.18757812861766, 11.758801692447019 ], [ 7.187303953099219, 11.758150069650208 ], [ 7.186485411868685, 11.757393292855218 ], [ 7.186546655975418, 11.756084917416997 ], [ 7.185962614852976, 11.754979797417652 ], [ 7.186231007843106, 11.754379291547723 ], [ 7.186815430838277, 11.754112089847213 ], [ 7.186764192883477, 11.752578162052346 ], [ 7.187161930813959, 11.751760524624643 ], [ 7.188063894404742, 11.751348093902322 ], [ 7.188735780075551, 11.750116153713307 ], [ 7.188483617621922, 11.747576995891885 ], [ 7.187672340189277, 11.746041686533557 ], [ 7.188176904216173, 11.744913818857359 ], [ 7.189516347074637, 11.744505213879286 ], [ 7.18971872535047, 11.740180834502715 ], [ 7.189094339555663, 11.738999991882705 ], [ 7.189362705460526, 11.738399479143519 ], [ 7.189914729502808, 11.737902191405881 ], [ 7.189935356434026, 11.737459268262114 ], [ 7.189921886113107, 11.737052410487104 ], [ 7.189934404707588, 11.736781308156131 ], [ 7.189924917684154, 11.736505299952015 ], [ 7.190644003225477, 11.735857323069078 ], [ 7.191310211136006, 11.735157632906246 ], [ 7.192426917783462, 11.73436174471887 ], [ 7.19270201316825, 11.732725799672862 ], [ 7.192991403902065, 11.732195857431046 ], [ 7.193270021412445, 11.730017568690132 ], [ 7.193561178724327, 11.729215395614119 ], [ 7.193498631135427, 11.727346119765988 ], [ 7.194393392895754, 11.726539283094828 ], [ 7.194132754965406, 11.725955283998896 ], [ 7.193630019241152, 11.725490516034535 ], [ 7.193311759927101, 11.723436630076325 ], [ 7.192772535696282, 11.721889550365361 ], [ 7.192515241131689, 11.720792603475211 ], [ 7.192009844626631, 11.720325433709899 ], [ 7.191685979200648, 11.719713227139739 ], [ 7.191433983744345, 11.717802767024377 ], [ 7.190306599178977, 11.717443155803114 ], [ 7.190340923802891, 11.716711393803712 ], [ 7.189741361102246, 11.716428210583119 ], [ 7.190082174178209, 11.714271237360128 ], [ 7.189654266222529, 11.713461342049003 ], [ 7.190106847201937, 11.711801889255183 ], [ 7.190075735389952, 11.710884334197951 ], [ 7.190126862541661, 11.709799928915324 ], [ 7.190085805590053, 11.708593650187616 ], [ 7.190395028143818, 11.708315417909677 ], [ 7.190661267478272, 11.708035325437548 ], [ 7.191116455149185, 11.707625070773023 ], [ 7.190258381533389, 11.705527786852503 ], [ 7.191194582537568, 11.704205065457897 ], [ 7.19129385409554, 11.70207860528593 ], [ 7.191249286916041, 11.700749424343801 ], [ 7.191669193251395, 11.700307959711154 ], [ 7.192366545283958, 11.699679423523914 ], [ 7.192105928506396, 11.699095425891061 ], [ 7.19182348796253, 11.698561871446785 ], [ 7.191564443529696, 11.697736097170033 ], [ 7.191085580620626, 11.696830281116105 ], [ 7.192007265183939, 11.695999243398939 ], [ 7.191342597486805, 11.6931688206085 ], [ 7.190775616367214, 11.692096138398984 ], [ 7.191164174794778, 11.692010931590088 ], [ 7.192184939164218, 11.692057356939921 ], [ 7.192113226707847, 11.68994093843277 ], [ 7.192431927112298, 11.689606087461737 ], [ 7.192722206353559, 11.689344678565142 ], [ 7.19226585269913, 11.688035146566875 ], [ 7.192733572063213, 11.687177935040046 ], [ 7.193017366520719, 11.684186118058403 ], [ 7.193312502235651, 11.683920500491348 ], [ 7.19267925192322, 11.683620965966078 ], [ 7.193027912792608, 11.682559086638072 ], [ 7.193315478956849, 11.682300306473175 ], [ 7.193581686891179, 11.68202020668843 ], [ 7.193869251993238, 11.681761425800634 ], [ 7.194609403465973, 11.680240676907236 ], [ 7.195937206473891, 11.679835629537427 ], [ 7.195516748198545, 11.679040093548505 ], [ 7.195553622239179, 11.678241340388453 ], [ 7.195532880588587, 11.677626545704243 ], [ 7.199294338698712, 11.675573380167361 ], [ 7.20104547164293, 11.67551603023057 ], [ 7.202736078991908, 11.675845204888773 ], [ 7.20399768304797, 11.677204255008881 ], [ 7.205147450489951, 11.676737666141653 ], [ 7.205188049259414, 11.675856569440564 ], [ 7.204644399531782, 11.674827488817565 ], [ 7.205488671634454, 11.674317144052251 ], [ 7.207402758980462, 11.674991700090951 ], [ 7.207951434229043, 11.673985330433927 ], [ 7.208219361738776, 11.673434039214182 ], [ 7.208628277589768, 11.672684473899094 ], [ 7.207975046456702, 11.670810704353769 ], [ 7.207928561890171, 11.669430123957861 ], [ 7.208247218763389, 11.669095248701584 ], [ 7.208800680612746, 11.668596318018649 ], [ 7.208538306018522, 11.66828350784108 ], [ 7.207689477647818, 11.667498556545496 ], [ 7.208007042302784, 11.666914999313216 ], [ 7.207982203554149, 11.666180207920981 ], [ 7.208271584572716, 11.665298805876803 ], [ 7.209934694668322, 11.665048576512415 ], [ 7.210204345376497, 11.664226106449277 ], [ 7.211276377641601, 11.66355349135312 ], [ 7.209406450648658, 11.662454192844839 ], [ 7.20939287759578, 11.662056863910317 ], [ 7.209405362893043, 11.66178575609349 ], [ 7.209378750508943, 11.660991631235678 ], [ 7.210796522084662, 11.659359041921544 ], [ 7.211466814001678, 11.657981330021009 ], [ 7.212489562287155, 11.656104481796334 ], [ 7.212436753341572, 11.654531856271417 ], [ 7.212744568205847, 11.654208028332096 ], [ 7.214030234676187, 11.653815589833956 ], [ 7.213283711707652, 11.651991834698137 ], [ 7.214414253933448, 11.651235347012223 ], [ 7.215251971253565, 11.65097995062216 ], [ 7.216070060027635, 11.650432058081801 ], [ 7.216907774043023, 11.650176656279317 ], [ 7.217867367522594, 11.649851563156478 ], [ 7.219575999940886, 11.650453772887696 ], [ 7.219933895556085, 11.65019539254391 ], [ 7.220675862848154, 11.648351194453035 ], [ 7.221312527968034, 11.648023825815137 ], [ 7.223273927180324, 11.647576193160095 ], [ 7.222908369741488, 11.646166355541991 ], [ 7.223537790585054, 11.645878660632777 ], [ 7.223885194817961, 11.644478520135479 ], [ 7.224632212867438, 11.643693928550922 ], [ 7.226531629048984, 11.643779788155927 ], [ 7.226644260904235, 11.641353824306835 ], [ 7.226319256274504, 11.641003568065443 ], [ 7.225791503132066, 11.641020973311512 ], [ 7.225485416234299, 11.640738100190747 ], [ 7.225223823844094, 11.639624193777866 ], [ 7.223856708989362, 11.638977785110201 ], [ 7.224128943762871, 11.637736077757671 ], [ 7.22524170463041, 11.637482340718215 ], [ 7.226127384110887, 11.637027253633033 ], [ 7.226759315503553, 11.637611656606452 ], [ 7.22719211543923, 11.638078572669258 ], [ 7.229620182609275, 11.637998696810767 ], [ 7.230499144659131, 11.638945578918896 ], [ 7.231829783491482, 11.638054642914842 ], [ 7.232954398579912, 11.637540087503638 ], [ 7.234037364763751, 11.636983429060004 ], [ 7.235150119289449, 11.636729651961748 ], [ 7.235419659470205, 11.635907141887088 ], [ 7.235719180900691, 11.635357327917875 ], [ 7.235656251125999, 11.633491719318714 ], [ 7.236540835973836, 11.633462441217814 ], [ 7.237481384246104, 11.633505008239908 ], [ 7.237378893637495, 11.630495868431877 ], [ 7.237666905177566, 11.630236502709678 ], [ 7.238384005681321, 11.629156126395852 ], [ 7.240698021662699, 11.629430857270455 ], [ 7.241232270955201, 11.630258281744137 ], [ 7.242184225061123, 11.630708217178936 ], [ 7.242914697226994, 11.632804070287811 ], [ 7.242509211432631, 11.634658882113897 ], [ 7.243361023884359, 11.636856377511954 ], [ 7.244498209973408, 11.637589752346875 ], [ 7.244787097201189, 11.638819021769535 ], [ 7.24648760068376, 11.640121244341403 ], [ 7.248659064702988, 11.640696438684142 ], [ 7.249432870925096, 11.640342291519675 ], [ 7.250254263974704, 11.639251924757781 ], [ 7.251093621185849, 11.63872523250418 ], [ 7.251413130063065, 11.638068261690023 ], [ 7.252724042467109, 11.636885250857079 ], [ 7.253036215944083, 11.636025102874221 ], [ 7.253359877958593, 11.634098265793661 ], [ 7.25547412908437, 11.634193703509348 ], [ 7.255789985467202, 11.633861657804806 ], [ 7.256352537238941, 11.633604463058331 ], [ 7.257066869260583, 11.632528517583969 ], [ 7.257591926181811, 11.632511035245049 ], [ 7.258761849675726, 11.632563924066842 ], [ 7.259148169633487, 11.63100875357939 ], [ 7.259947262782366, 11.630643071979875 ], [ 7.260299424082949, 11.629568371938078 ], [ 7.261049114016321, 11.629543498594314 ], [ 7.262126638700621, 11.629592106543265 ], [ 7.263595972168599, 11.628495530570317 ], [ 7.265502204693159, 11.628773434077978 ], [ 7.267495511937396, 11.629828882820465 ], [ 7.267933614995094, 11.628493025149455 ], [ 7.269044345175255, 11.62908101628695 ], [ 7.269717724327013, 11.629058575338389 ], [ 7.270405279646407, 11.629089715468432 ], [ 7.271510737183392, 11.629053177866323 ], [ 7.272047161749055, 11.629631093336959 ], [ 7.272331390056923, 11.629893398883757 ], [ 7.272598268971445, 11.630181023828987 ], [ 7.274156975552197, 11.629137362619936 ], [ 7.275107299921745, 11.628815445752071 ], [ 7.275638009074456, 11.62883927795734 ], [ 7.276677217027168, 11.628305221378433 ], [ 7.278149189140674, 11.628256547608368 ], [ 7.280591380778765, 11.62884556169514 ], [ 7.280539930562308, 11.629962082891403 ], [ 7.281404390567028, 11.630761228524749 ], [ 7.281878568180253, 11.631768062409776 ], [ 7.2832675957289, 11.631054121889562 ], [ 7.283601805313759, 11.631316715635464 ], [ 7.283874569452241, 11.631610722838838 ], [ 7.284729068184824, 11.631582440259752 ], [ 7.285510005746742, 11.632423452125598 ], [ 7.285794251062143, 11.632685746528379 ], [ 7.286306639217471, 11.633773579635758 ], [ 7.287164683846486, 11.633518078057753 ], [ 7.287705852265314, 11.633239504994252 ], [ 7.289117875953181, 11.632982521824172 ], [ 7.289769524652732, 11.632297539369153 ], [ 7.290200673921275, 11.631908927938998 ], [ 7.290915590572772, 11.63115704888555 ], [ 7.292340781965956, 11.631911024512641 ], [ 7.293407610968693, 11.631603772313055 ], [ 7.293518366724995, 11.629211322992941 ], [ 7.293475992796177, 11.627964464522146 ], [ 7.293911291604708, 11.627068964369155 ], [ 7.295458832508851, 11.626787322173668 ], [ 7.296826865056546, 11.626513351552356 ], [ 7.297105650707107, 11.626525856205696 ], [ 7.299718554174197, 11.626439314298288 ], [ 7.30040888357489, 11.627077151615701 ], [ 7.300681664180814, 11.627371144889034 ], [ 7.302792632342596, 11.627301214614807 ], [ 7.304002455264117, 11.628132259888185 ], [ 7.304531911067519, 11.627654419527444 ], [ 7.305045080878947, 11.627115039360756 ], [ 7.305907437844288, 11.627651913114075 ], [ 7.306170080795539, 11.627935248509468 ], [ 7.306454344462506, 11.628197524679647 ], [ 7.306907035435657, 11.628685375359618 ], [ 7.308651214223606, 11.628763679330948 ], [ 7.30932684773077, 11.627745878128234 ], [ 7.312113021718876, 11.627353021196916 ], [ 7.312773956653429, 11.627702775767206 ], [ 7.313938235456039, 11.62798317152299 ], [ 7.315468468189611, 11.628792741304276 ], [ 7.315830137215604, 11.628515179341617 ], [ 7.315527396461466, 11.626230454726112 ], [ 7.314726734565763, 11.624991603361151 ], [ 7.313623719615505, 11.623639747217009 ], [ 7.313014142744981, 11.622346393455995 ], [ 7.311558975642956, 11.621658818905331 ], [ 7.311089879940172, 11.620772554086365 ], [ 7.31172102326158, 11.619821223003241 ], [ 7.312274219239664, 11.619322051317457 ], [ 7.311941281182375, 11.617506453572787 ], [ 7.310376324118758, 11.616496979071831 ], [ 7.310643554784724, 11.616018117804572 ], [ 7.311206033529214, 11.615760803487319 ], [ 7.311483494192736, 11.613582234431377 ], [ 7.311771428260268, 11.613322783057248 ], [ 7.31172845630941, 11.612071144261389 ], [ 7.312306745572092, 11.610880874875406 ], [ 7.313191120368509, 11.610610606587931 ], [ 7.314392543318906, 11.609347165955171 ], [ 7.315324605843697, 11.610350275238167 ], [ 7.316466771998315, 11.610096330669867 ], [ 7.31673279389743, 11.60981608805217 ], [ 7.3170201790039, 11.609557155851824 ], [ 7.317553241669317, 11.607930145024635 ], [ 7.318379150933554, 11.607551725754902 ], [ 7.318418027867607, 11.606712394372799 ], [ 7.318387411958203, 11.605814127668067 ], [ 7.318877442689503, 11.604461769877309 ], [ 7.318221344366443, 11.603221920023472 ], [ 7.317865338824673, 11.602201783863416 ], [ 7.318719367515474, 11.601431024580096 ], [ 7.31925300462547, 11.600869745521996 ], [ 7.319841685359084, 11.60089621085417 ], [ 7.320632130707832, 11.600065220695097 ], [ 7.321206336043633, 11.599547076979285 ], [ 7.321566955973898, 11.599167530900448 ], [ 7.322794475768836, 11.599816908474676 ], [ 7.323417648926035, 11.599555149747042 ], [ 7.323372396372545, 11.598225627896968 ], [ 7.324033640846991, 11.597885428767938 ], [ 7.325360848207688, 11.597945032830582 ], [ 7.325884734214588, 11.59739401142021 ], [ 7.326447163438889, 11.597136659961015 ], [ 7.326980777745426, 11.596575363192921 ], [ 7.327550116478222, 11.59660090511872 ], [ 7.327961543092359, 11.596168144141057 ], [ 7.330479670856112, 11.595533032117871 ], [ 7.331309917873286, 11.597671960375521 ], [ 7.33331980557668, 11.597761952989581 ], [ 7.334234551984359, 11.596800007302836 ], [ 7.335117184879136, 11.597266985878937 ], [ 7.335813436248321, 11.596638276778226 ], [ 7.335795157621378, 11.596096029620062 ], [ 7.336360794084427, 11.595295474165937 ], [ 7.336687156008595, 11.593347548131446 ], [ 7.337192960231503, 11.592306429698672 ], [ 7.337755371364207, 11.59204905330518 ], [ 7.339165275251717, 11.590930759274551 ], [ 7.341515649018932, 11.591036153063401 ], [ 7.342499650313321, 11.590529843939549 ], [ 7.342999489156921, 11.591589716969489 ], [ 7.344904951887847, 11.591526208664051 ], [ 7.34597111198394, 11.59157389087645 ], [ 7.346551487674055, 11.591275283509782 ], [ 7.346970221034166, 11.591147371927525 ], [ 7.347102667692121, 11.59073364119728 ], [ 7.347655641340274, 11.590252128509468 ], [ 7.347399150799595, 11.589650515979566 ], [ 7.346854898263106, 11.588649191159751 ], [ 7.347850171214745, 11.587227608694977 ], [ 7.348512141052786, 11.587487233303786 ], [ 7.349521626576654, 11.588035406237873 ], [ 7.349625629046691, 11.587432673731232 ], [ 7.349599433196512, 11.586953148098583 ], [ 7.349899671233912, 11.586142834316167 ], [ 7.349543730888155, 11.585825633212718 ], [ 7.349648646125363, 11.584243229733877 ], [ 7.348258050030435, 11.583915885398238 ], [ 7.348520988130834, 11.583419205956091 ], [ 7.349035065460535, 11.582971366848673 ], [ 7.349125229826482, 11.581613735693816 ], [ 7.348280084214891, 11.580163368083374 ], [ 7.347987216291524, 11.57990214490068 ], [ 7.348287449276808, 11.579091831122001 ], [ 7.34827192052516, 11.578808619566784 ], [ 7.348842830009215, 11.578012297680852 ], [ 7.34910770069042, 11.577184831221825 ], [ 7.349657680194693, 11.576200610285824 ], [ 7.349720187389173, 11.575252011309443 ], [ 7.34933568244491, 11.573578357341473 ], [ 7.34887473810413, 11.57257301042605 ], [ 7.347761018576198, 11.57231081384765 ], [ 7.347337203551685, 11.570930122095362 ], [ 7.346401089737777, 11.570979866905503 ], [ 7.346115079134413, 11.569735828525506 ], [ 7.344803640565718, 11.568566711085959 ], [ 7.344430506972152, 11.567523194163932 ], [ 7.346010799682863, 11.566818982885051 ], [ 7.345526201634303, 11.564173290042227 ], [ 7.343820708670738, 11.564063170142921 ], [ 7.342667522022531, 11.56467261427942 ], [ 7.342308026306125, 11.564143509413595 ], [ 7.341948177846096, 11.562579110685558 ], [ 7.340382012589438, 11.560340389151108 ], [ 7.340696808499573, 11.560066218904758 ], [ 7.340958485211829, 11.559781150971187 ], [ 7.342198881304134, 11.559411103527474 ], [ 7.3426262125128, 11.556807436827368 ], [ 7.343612377953924, 11.556367861848173 ], [ 7.342318638767838, 11.555214733614404 ], [ 7.341284131281961, 11.553736525045569 ], [ 7.341769919886866, 11.552883577416694 ], [ 7.342678514736939, 11.552478520534192 ], [ 7.342193301589807, 11.552046163580682 ], [ 7.341852844300448, 11.55056530272924 ], [ 7.341489788490406, 11.549548063099657 ], [ 7.342122049019401, 11.548997348195149 ], [ 7.341318744449156, 11.547850200456189 ], [ 7.341030188271805, 11.547592706986274 ], [ 7.340771894858285, 11.547304664250992 ], [ 7.340224707783929, 11.546816862134472 ], [ 7.340814075181807, 11.544881276618337 ], [ 7.34137146109583, 11.54427319175816 ], [ 7.343531484722879, 11.543522762306086 ], [ 7.343922387966039, 11.543548034407749 ], [ 7.344433473722884, 11.541948613202393 ], [ 7.346001872476394, 11.541598153410032 ], [ 7.346043696126357, 11.540969109639596 ], [ 7.345999045173879, 11.540155238346092 ], [ 7.34604442018113, 11.539470067011937 ], [ 7.344499022833525, 11.539106097566997 ], [ 7.344108430397257, 11.538387718129949 ], [ 7.34416322986329, 11.537561437070417 ], [ 7.343567426462243, 11.537030195019964 ], [ 7.343134103643474, 11.536546227977265 ], [ 7.342482475268615, 11.536192379323175 ], [ 7.341187070766124, 11.53652663887566 ], [ 7.340822114231129, 11.536200908935369 ], [ 7.340563829836303, 11.535912867265354 ], [ 7.339986206226357, 11.535397613822948 ], [ 7.339470175814732, 11.534821797174082 ], [ 7.339181633222321, 11.534564303714545 ], [ 7.338852721421855, 11.533133830650264 ], [ 7.337817771248995, 11.532658069613239 ], [ 7.337559493026419, 11.532370026073954 ], [ 7.336186939197439, 11.531943443683216 ], [ 7.336450824097201, 11.531278861802623 ], [ 7.337552738790312, 11.530596562563261 ], [ 7.337840194302402, 11.528845970048531 ], [ 7.338291024584342, 11.527627861383138 ], [ 7.337849672727017, 11.527234156381125 ], [ 7.337600967199855, 11.525318939250125 ], [ 7.337190610153538, 11.524952955496087 ], [ 7.338134054168291, 11.523263849290707 ], [ 7.336789524177738, 11.522645685515245 ], [ 7.33643474531477, 11.521871887689933 ], [ 7.335683205276145, 11.521526462340425 ], [ 7.334993409259102, 11.51972578317698 ], [ 7.333771034950057, 11.519345876478152 ], [ 7.333485406380614, 11.518414888427555 ], [ 7.332926960519859, 11.517387521144709 ], [ 7.332995912146148, 11.516350506159606 ], [ 7.331653567341138, 11.515733661103829 ], [ 7.3313384402968, 11.514706098032985 ], [ 7.329973836560288, 11.512948419365767 ], [ 7.33038215504645, 11.511470263560886 ], [ 7.330800145660792, 11.511448030471778 ], [ 7.331591519721558, 11.51149918198832 ], [ 7.33191666668221, 11.510917584896845 ], [ 7.33136101089552, 11.510422048194874 ], [ 7.331093835604109, 11.509551814724841 ], [ 7.33004199319812, 11.509224786603404 ], [ 7.329978495806413, 11.508061475426834 ], [ 7.33004741661975, 11.507030288769045 ], [ 7.32867975541604, 11.506161420372663 ], [ 7.328256816033374, 11.504566728392167 ], [ 7.328915246661095, 11.503388227800466 ], [ 7.328670220402655, 11.500859379482964 ], [ 7.32825099834036, 11.500729052239464 ], [ 7.325881878581073, 11.500562893696777 ], [ 7.325111078188016, 11.499762596560078 ], [ 7.323993455223705, 11.49948681923248 ], [ 7.323725492401727, 11.499208511574865 ], [ 7.323447805064905, 11.499212476012044 ], [ 7.322855508271145, 11.499197148281551 ], [ 7.321803915036807, 11.498655306825826 ], [ 7.321250182030045, 11.498386210912267 ], [ 7.320848242008724, 11.497969144532124 ], [ 7.32017536301947, 11.497324071169318 ], [ 7.319565929637823, 11.496395448238067 ], [ 7.317824036737462, 11.496972296722708 ], [ 7.315770210347926, 11.496265740715506 ], [ 7.315511870349995, 11.493194944483733 ], [ 7.315230447753183, 11.492924764134768 ], [ 7.3156560175756, 11.492525716420541 ], [ 7.316164448836394, 11.492009820698311 ], [ 7.315342047494296, 11.49041175384091 ], [ 7.314135069205588, 11.488823644796163 ], [ 7.313619384100294, 11.487759953942607 ], [ 7.312841306647901, 11.487382020163654 ], [ 7.312515192852675, 11.488035627212772 ], [ 7.311935273550331, 11.488020617881945 ], [ 7.311147999178444, 11.487203246628846 ], [ 7.310869256107332, 11.486935727586056 ], [ 7.310467347238023, 11.486518651001127 ], [ 7.309205072238822, 11.486106386631171 ], [ 7.30841354648622, 11.484472996745209 ], [ 7.307483304253733, 11.484939024681346 ], [ 7.306766506791042, 11.484194356505105 ], [ 7.305669248193409, 11.484210232328259 ], [ 7.305394980452188, 11.483644253541318 ], [ 7.304829628228022, 11.48281094422155 ], [ 7.303604551601409, 11.482828453148088 ], [ 7.303205093456969, 11.48200431633648 ], [ 7.301276664502921, 11.481727190307275 ], [ 7.301284324433571, 11.481434316236591 ], [ 7.301836801390247, 11.480916848353402 ], [ 7.302123352945689, 11.479786833924384 ], [ 7.302108813381815, 11.478805764498563 ], [ 7.300746246276018, 11.478469691037127 ], [ 7.300478324664284, 11.478191632500303 ], [ 7.30019960075976, 11.4779241057773 ], [ 7.299900193941646, 11.477613022848839 ], [ 7.297207337177023, 11.477651616685373 ], [ 7.296359921370434, 11.477203586625906 ], [ 7.297194117140682, 11.476005532706228 ], [ 7.296641576376873, 11.475191356195571 ], [ 7.296376915551058, 11.474370913066618 ], [ 7.295257265060972, 11.474098473847731 ], [ 7.294438162260866, 11.474929271449851 ], [ 7.291930693806418, 11.47486428955431 ], [ 7.291291347324033, 11.474200028164265 ], [ 7.289899320288409, 11.47466091462638 ], [ 7.287728132195213, 11.473777382456401 ], [ 7.287898082776401, 11.46740837317601 ], [ 7.287887811063849, 11.46670674362484 ], [ 7.286781524207707, 11.466184078169038 ], [ 7.286248783633622, 11.466724940814958 ], [ 7.284985704065931, 11.466290335777231 ], [ 7.284545445047502, 11.46583248619342 ], [ 7.284626701405656, 11.462778795956456 ], [ 7.284615694569099, 11.462022075147148 ], [ 7.284085436186671, 11.459928028415167 ], [ 7.284504113311193, 11.45835387665227 ], [ 7.283241079391933, 11.457740236708347 ], [ 7.282449501793988, 11.457751742047362 ], [ 7.28218161872601, 11.457473406834385 ], [ 7.281639192604438, 11.4569529813106 ], [ 7.28136340258091, 11.456383802627315 ], [ 7.281084717743544, 11.456116262908859 ], [ 7.280543620570664, 11.455554263579964 ], [ 7.279443802417031, 11.455569774875443 ], [ 7.279170587270032, 11.455286109668142 ], [ 7.278628171068045, 11.454765679875221 ], [ 7.27811638780736, 11.453708860205699 ], [ 7.279456955939216, 11.453394702887129 ], [ 7.279760745027714, 11.451907281848058 ], [ 7.279737926660703, 11.450352257599935 ], [ 7.278929628508384, 11.44878122539318 ], [ 7.278666674300541, 11.447689586795784 ], [ 7.278096978409571, 11.447420333271703 ], [ 7.277288725693038, 11.44824029287372 ], [ 7.27645871627937, 11.448218718989127 ], [ 7.275857545112647, 11.449422856136282 ], [ 7.274456694592709, 11.448700582373737 ], [ 7.273606672782803, 11.447817352654894 ], [ 7.272589356355451, 11.448489076980948 ], [ 7.271680511927758, 11.450308731097737 ], [ 7.269879327718879, 11.450873582180204 ], [ 7.26957408614916, 11.448617713931144 ], [ 7.269600425535319, 11.447641400331568 ], [ 7.269304674468906, 11.447357859750529 ], [ 7.268631273804188, 11.447367381935507 ], [ 7.268076148113997, 11.447352973532466 ], [ 7.268717657451162, 11.446141944328575 ], [ 7.268218289334685, 11.44517099515673 ], [ 7.266734783754353, 11.444450054711114 ], [ 7.266307135274869, 11.445723524657687 ], [ 7.265743339388319, 11.446251718537141 ], [ 7.265008410857852, 11.447723318006091 ], [ 7.264048442947074, 11.448145605012174 ], [ 7.264120154940801, 11.445454987354287 ], [ 7.263832540120148, 11.444895262346943 ], [ 7.263566340068735, 11.444345992334751 ], [ 7.263289338426233, 11.443807252848682 ], [ 7.26302314020061, 11.443257982604043 ], [ 7.262614536277034, 11.442463685242483 ], [ 7.260431927690861, 11.44210007245017 ], [ 7.259317816558355, 11.440598428102277 ], [ 7.257618127678704, 11.439589340881119 ], [ 7.256950554164218, 11.438211113934777 ], [ 7.255905039072407, 11.437525839149576 ], [ 7.255645500088034, 11.435891821878872 ], [ 7.251789443385527, 11.4353372956411 ], [ 7.25179688888638, 11.435874169064416 ], [ 7.25107696042167, 11.436908568116428 ], [ 7.249030749155144, 11.43620378664958 ], [ 7.249048897155467, 11.437444664497086 ], [ 7.248548203251455, 11.439323347758375 ], [ 7.247118156972522, 11.440662550200596 ], [ 7.246815353019273, 11.441268541275562 ], [ 7.245497918981215, 11.441233898756836 ], [ 7.244614463523217, 11.441526279998641 ], [ 7.243358820500079, 11.441919975702417 ], [ 7.242697256278358, 11.441232723521287 ], [ 7.241876308102668, 11.440444933420133 ], [ 7.241600614302484, 11.439875730545472 ], [ 7.241321986377633, 11.439608160448158 ], [ 7.241054161979612, 11.439330060433901 ], [ 7.239908482481882, 11.439047214526722 ], [ 7.238830803403659, 11.437926827636431 ], [ 7.238320255217352, 11.436872882140436 ], [ 7.237153680901572, 11.436584869935048 ], [ 7.235575513584381, 11.436607145007503 ], [ 7.235301427045917, 11.436041125530863 ], [ 7.234374763950389, 11.435769644267079 ], [ 7.233879168063157, 11.437244708484231 ], [ 7.233097216851019, 11.436841411939934 ], [ 7.231702909745808, 11.436567099991573 ], [ 7.23103560567959, 11.437243698055495 ], [ 7.230066720813802, 11.438151263457163 ], [ 7.229645116324883, 11.439811619226566 ], [ 7.22916048894678, 11.440726080012189 ], [ 7.22810998815637, 11.44223511326172 ], [ 7.227821468103158, 11.443645471107553 ], [ 7.227852376550189, 11.445753750248892 ], [ 7.226977431341313, 11.446572618276289 ], [ 7.226985344958069, 11.447112400807804 ], [ 7.226970692340757, 11.447654695200763 ], [ 7.226979073366572, 11.448205603906596 ], [ 7.226426108956348, 11.44819112861612 ], [ 7.226151169661472, 11.448194758895372 ], [ 7.225738861471735, 11.448184048661693 ], [ 7.22491403903177, 11.448195729533543 ], [ 7.224089425048206, 11.448174040160035 ], [ 7.223645867742032, 11.448180351592367 ], [ 7.222576689225723, 11.448715444776042 ], [ 7.219984865649858, 11.449056417405428 ], [ 7.218978145964083, 11.450077317794122 ], [ 7.218997284670406, 11.451394985127749 ], [ 7.218704001053912, 11.451669685724211 ], [ 7.218427326861881, 11.45195004923821 ], [ 7.217688602662149, 11.451930717568009 ], [ 7.217207719874039, 11.450437564665132 ], [ 7.216521330881751, 11.449778974815908 ], [ 7.216252190926547, 11.448942841030911 ], [ 7.215460129829901, 11.448182704341486 ], [ 7.212752486027069, 11.447643922220403 ], [ 7.212411069700464, 11.447289343097623 ], [ 7.212137095753894, 11.447567068330759 ], [ 7.211135337768974, 11.447881128060457 ], [ 7.209017743804733, 11.448376651330534 ], [ 7.207579514388216, 11.448338710496312 ], [ 7.207188871990942, 11.447531489551707 ], [ 7.206893729023464, 11.447248164099509 ], [ 7.206930221798069, 11.445887146184401 ], [ 7.205829177630347, 11.444830599786897 ], [ 7.205525186440719, 11.4435662781286 ], [ 7.204736703138763, 11.443182731840897 ], [ 7.203644438217515, 11.442354783998823 ], [ 7.203369918828365, 11.442633556641434 ], [ 7.202548055411747, 11.442350435593271 ], [ 7.200620087944968, 11.442072697999549 ], [ 7.199254437016924, 11.441516626035787 ], [ 7.197731844930018, 11.441241364271942 ], [ 7.197315824106648, 11.442074345964761 ], [ 7.195138410931563, 11.442017229586884 ], [ 7.194850920652938, 11.442308360580983 ], [ 7.19456897065962, 11.44257251151425 ], [ 7.194019354873513, 11.443387979183287 ], [ 7.192637815373285, 11.443645340115129 ], [ 7.192091635348132, 11.443918450493515 ], [ 7.189594397939389, 11.444168901427322 ], [ 7.18906419573426, 11.443617686773427 ], [ 7.18798541174262, 11.443632725731405 ], [ 7.187421880003562, 11.443341629346405 ], [ 7.186319471852824, 11.443357045690677 ], [ 7.18476532965604, 11.443316160305047 ], [ 7.183578632310383, 11.442488618646559 ], [ 7.184140384879083, 11.441962974935061 ], [ 7.183568838449342, 11.441414408414312 ], [ 7.182491140543113, 11.441429434102297 ], [ 7.182211114180699, 11.44113823712982 ], [ 7.181661162762766, 11.441413156975111 ], [ 7.177905228205047, 11.441691704616302 ], [ 7.177523890975248, 11.443556904648004 ], [ 7.176397662277418, 11.444358145735443 ], [ 7.175850953708994, 11.443789858895196 ], [ 7.175894501702653, 11.442188181273279 ], [ 7.175882617476971, 11.441361047364257 ], [ 7.174786958320317, 11.440828002573712 ], [ 7.174515644402582, 11.440268052111962 ], [ 7.173419457241986, 11.439734735003201 ], [ 7.173440555766789, 11.438956271081414 ], [ 7.173146258970977, 11.437794486325346 ], [ 7.173199679999835, 11.435826614221279 ], [ 7.17455218368345, 11.435402848100445 ], [ 7.174825515490763, 11.434808951743655 ], [ 7.173459436130529, 11.433497743393614 ], [ 7.173182831622565, 11.432926636780826 ], [ 7.173197488743511, 11.43239892466538 ], [ 7.171022229307674, 11.431687793387875 ], [ 7.170735140605826, 11.430492419183798 ], [ 7.168809057021799, 11.429943315773208 ], [ 7.168541323025907, 11.429664896430941 ], [ 7.168126265424909, 11.42967077606812 ], [ 7.167713998848998, 11.429659988443253 ], [ 7.166397413667448, 11.429678234557793 ], [ 7.166057541376372, 11.431016399908664 ], [ 7.164819129640146, 11.430983750777589 ], [ 7.164336139438343, 11.43195052281904 ], [ 7.163138226119679, 11.432714719896186 ], [ 7.163567127278373, 11.433977456840893 ], [ 7.162451815147414, 11.434502763538681 ], [ 7.161228020957075, 11.435115042234235 ], [ 7.162173643706534, 11.436676041712964 ], [ 7.162428165414494, 11.439002820300422 ], [ 7.161531268904336, 11.440290073436707 ], [ 7.161879555380716, 11.441315022590111 ], [ 7.161858362651826, 11.442103014165824 ], [ 7.162136906226603, 11.442370648998686 ], [ 7.16240447385767, 11.44267529173208 ], [ 7.16157475394639, 11.443451848872954 ], [ 7.161301694794601, 11.44399779561315 ], [ 7.160469931796032, 11.444258453597234 ], [ 7.16019511754933, 11.445075570207088 ], [ 7.159913137493373, 11.445339682345772 ], [ 7.159109468112069, 11.446154000683286 ], [ 7.158808842122609, 11.446146017371943 ], [ 7.155843526042281, 11.446625745050765 ], [ 7.155485328029711, 11.448376634113023 ], [ 7.155499752009105, 11.449382268480436 ], [ 7.155484961973506, 11.449924538513917 ], [ 7.155495645993299, 11.450678564971764 ], [ 7.156857809585926, 11.451015271569894 ], [ 7.157130211171403, 11.452148855086492 ], [ 7.158218261304814, 11.453193298074922 ], [ 7.158191368895816, 11.454195760727295 ], [ 7.158555728200897, 11.456386844150483 ], [ 7.157758906380344, 11.457132605234239 ], [ 7.157088657073234, 11.457817457753595 ], [ 7.157669243423245, 11.458374869154607 ], [ 7.158731202769026, 11.458891350464615 ], [ 7.158997194914676, 11.459440687101486 ], [ 7.15953754170054, 11.46049200738193 ], [ 7.157339002506563, 11.460780848774505 ], [ 7.157051453955782, 11.461072463104859 ], [ 7.157064705485854, 11.462010294718416 ], [ 7.155044328481926, 11.461486166483402 ], [ 7.154292300949575, 11.461862502116846 ], [ 7.153485936281752, 11.461841252405707 ], [ 7.152202505814804, 11.461858827291266 ], [ 7.152754137012416, 11.46348357552648 ], [ 7.153750278393844, 11.463470009869864 ], [ 7.154044479485913, 11.463477695627125 ], [ 7.153997792537752, 11.465209622957929 ], [ 7.152873576460601, 11.465926284215699 ], [ 7.151796081469454, 11.465898017362669 ], [ 7.151185711734107, 11.464636236640445 ], [ 7.148798945437041, 11.46430545071806 ], [ 7.149337600952044, 11.466435935671624 ], [ 7.150342342830903, 11.466422173760295 ], [ 7.150697085916773, 11.467523707788764 ], [ 7.151184912639259, 11.468473280251537 ], [ 7.150103273007204, 11.469162920116775 ], [ 7.148902288665868, 11.469131210878787 ], [ 7.146788068134201, 11.469160438358202 ], [ 7.146289693082474, 11.46966520804758 ], [ 7.144904473128747, 11.470464653736521 ], [ 7.144631350235987, 11.471010574973462 ], [ 7.144314751251819, 11.471307019772741 ], [ 7.143155091398236, 11.471852863271209 ], [ 7.141593073782381, 11.472341852231667 ], [ 7.141321717140155, 11.472616601074066 ], [ 7.141012843556258, 11.472880516614964 ], [ 7.139710432630508, 11.471526388490943 ], [ 7.138786146165276, 11.471223895946915 ], [ 7.137571420941468, 11.471240513683462 ], [ 7.136932084452288, 11.471211541530145 ], [ 7.137626344792408, 11.470561857715294 ], [ 7.138495553130169, 11.469681302556843 ], [ 7.138042231089081, 11.468799199947121 ], [ 7.13773336602272, 11.468160860605868 ], [ 7.136935362476827, 11.467436247094199 ], [ 7.136168859475474, 11.468213113928558 ], [ 7.135862566209887, 11.466610569109081 ], [ 7.134973968941274, 11.466027848720859 ], [ 7.134495239783578, 11.465501236599373 ], [ 7.135048477324884, 11.464983598488942 ], [ 7.135034155647155, 11.463974797170058 ], [ 7.133821639694115, 11.463578030127822 ], [ 7.132560991075739, 11.463888291105773 ], [ 7.13200963916248, 11.463873643507018 ], [ 7.131485400327078, 11.463328464792891 ], [ 7.13120687288291, 11.463060802399024 ], [ 7.130805294356018, 11.462643522045756 ], [ 7.130248241715972, 11.462108194345511 ], [ 7.129578951741508, 11.461412460823698 ], [ 7.128333469815389, 11.460806518533682 ], [ 7.127659930613116, 11.459778666901935 ], [ 7.127381410301645, 11.459511001906924 ], [ 7.127113699691724, 11.459232547142824 ], [ 7.126836077412664, 11.45923632979307 ], [ 7.125197622331743, 11.459192986300431 ], [ 7.124774302938112, 11.460039287154173 ], [ 7.124145784741531, 11.461223771662079 ], [ 7.123199434159709, 11.461669480239056 ], [ 7.121543254947968, 11.461625470660422 ], [ 7.120503523491934, 11.461088613142298 ], [ 7.119109294252509, 11.460813763055555 ], [ 7.118577377981172, 11.461352691289374 ], [ 7.116096127633008, 11.461602583882451 ], [ 7.115817522402977, 11.462159557872734 ], [ 7.115003759344011, 11.461313241622284 ], [ 7.114133300869381, 11.46132510334051 ], [ 7.112525933830458, 11.461856281391439 ], [ 7.111976203913096, 11.461841607148902 ], [ 7.111699428951994, 11.462121851688192 ], [ 7.111377407806385, 11.462423518219 ], [ 7.109476436264264, 11.462372825252302 ], [ 7.108952249516688, 11.461827613266278 ], [ 7.108454467610684, 11.461349305842884 ], [ 7.106995618975208, 11.461831098566137 ], [ 7.10647449197376, 11.46235921300457 ], [ 7.106192450629551, 11.462623262517756 ], [ 7.105921075851228, 11.462897974700315 ], [ 7.105470997918244, 11.463319031241552 ], [ 7.104244799365493, 11.4636953283169 ], [ 7.103709424326531, 11.463138384067172 ], [ 7.103723706299394, 11.462607250488427 ], [ 7.102609700938465, 11.461781200721443 ], [ 7.102077011019645, 11.461788334167869 ], [ 7.101527283207882, 11.461773905194638 ], [ 7.100968818183238, 11.461781398840472 ], [ 7.10097693995977, 11.462333862131315 ], [ 7.100417713782767, 11.462856949023644 ], [ 7.09985873486285, 11.463422937567533 ], [ 7.098492465355903, 11.463386772018458 ], [ 7.098203566602375, 11.463390453352044 ], [ 7.097663151609968, 11.464471362654486 ], [ 7.097381101047215, 11.464735401985363 ], [ 7.0969740248429, 11.465147454377204 ], [ 7.096268356748428, 11.4658075481178 ], [ 7.096280053441983, 11.466626438977338 ], [ 7.095992057081462, 11.466895734561652 ], [ 7.095718852088365, 11.467441595895943 ], [ 7.09543679662355, 11.467705632539861 ], [ 7.09490212390071, 11.468247403902659 ], [ 7.093507005602037, 11.468506558833088 ], [ 7.093233794155608, 11.469052416775913 ], [ 7.092949914796225, 11.469587610815145 ], [ 7.092676700983183, 11.470133467861601 ], [ 7.091909410845575, 11.470851139571696 ], [ 7.093310039787306, 11.471532658516319 ], [ 7.091789660549676, 11.473969629942745 ], [ 7.091126645552415, 11.474589732662304 ], [ 7.090714075521741, 11.47581525231702 ], [ 7.089607270337434, 11.47607388456907 ], [ 7.089058260077984, 11.476348347982423 ], [ 7.088512993446394, 11.476066454825228 ], [ 7.087644111501512, 11.476078240706544 ], [ 7.086852598024239, 11.476880211892583 ], [ 7.086060184319843, 11.476859127230643 ], [ 7.08577232159285, 11.474397631600967 ], [ 7.084788008784734, 11.473452668951484 ], [ 7.083531089804061, 11.473041106422814 ], [ 7.081082895560125, 11.473074279348655 ], [ 7.081105382711656, 11.474673379650799 ], [ 7.08028989301953, 11.47465159891221 ], [ 7.078413871707764, 11.475112742779109 ], [ 7.078070010132138, 11.475461093477985 ], [ 7.077771181221062, 11.475740623515703 ], [ 7.077790014731634, 11.477083091464385 ], [ 7.077091387785447, 11.477485773412502 ], [ 7.076950169447596, 11.478436585722735 ], [ 7.076389499461058, 11.479241102535237 ], [ 7.076395282091458, 11.479655575701535 ], [ 7.075366658235332, 11.481130691425792 ], [ 7.075000038291761, 11.482220100319669 ], [ 7.074620677928998, 11.48257509554279 ], [ 7.074994837485544, 11.483303419708827 ], [ 7.073570585336588, 11.484124737178561 ], [ 7.072490931681924, 11.484095888735043 ], [ 7.071966793617806, 11.483550615995453 ], [ 7.07140534464869, 11.483281032005291 ], [ 7.070854186555089, 11.485446737928694 ], [ 7.070532954565226, 11.486648983528037 ], [ 7.068155441963498, 11.487090573908731 ], [ 7.065867269745941, 11.487029327319174 ], [ 7.065348474053685, 11.486489640077785 ], [ 7.062878148775038, 11.486132692299996 ], [ 7.062582589431173, 11.488917081278776 ], [ 7.0622658979945, 11.489213155044494 ], [ 7.060650964722466, 11.489169844022175 ], [ 7.059829681044209, 11.489441108290533 ], [ 7.058501038341307, 11.489856755766588 ], [ 7.058161592559569, 11.492141670673483 ], [ 7.058111445806722, 11.492407206604812 ], [ 7.055973236181434, 11.49130272576539 ], [ 7.055393996605784, 11.491592272210651 ], [ 7.055408652449865, 11.492665384566845 ], [ 7.055115972820213, 11.493216886703713 ], [ 7.054299907998472, 11.493195020502968 ], [ 7.054028454991108, 11.493469935916949 ], [ 7.052760751732129, 11.493766000413158 ], [ 7.052371465607687, 11.494543530767695 ], [ 7.052089345598061, 11.494807514175491 ], [ 7.051817890803015, 11.495082162074269 ], [ 7.051260845275634, 11.495344306247748 ], [ 7.050987524657135, 11.495890106384097 ], [ 7.049931383650329, 11.496420074188944 ], [ 7.049619358946686, 11.494786226437206 ], [ 7.049338166611495, 11.495071133360279 ], [ 7.048771751636815, 11.495055953930668 ], [ 7.048808965744421, 11.493706202549321 ], [ 7.048524633450885, 11.49343313333388 ], [ 7.04797867457291, 11.492865166634854 ], [ 7.046881522582542, 11.492879795879686 ], [ 7.046026807441882, 11.492856854093466 ], [ 7.045379553346057, 11.492183870019595 ], [ 7.044961868272331, 11.491782265532466 ], [ 7.044426584670231, 11.491225222763504 ], [ 7.043844984947866, 11.491232972162805 ], [ 7.042918372096377, 11.490269202239608 ], [ 7.042472421347524, 11.489840394659542 ], [ 7.040991311762092, 11.489860368270547 ], [ 7.040565032981901, 11.489849029454289 ], [ 7.039783641940274, 11.488231356566697 ], [ 7.039478519574749, 11.487938544739588 ], [ 7.038516182534463, 11.487951403486674 ], [ 7.038114888609783, 11.488753456491478 ], [ 7.037797161696832, 11.489351373979179 ], [ 7.037000508689229, 11.490096477172361 ], [ 7.036714445107605, 11.490386104969746 ], [ 7.035517392693631, 11.490948966867851 ], [ 7.034052485535187, 11.490568093981647 ], [ 7.033693678371846, 11.491977629614428 ], [ 7.033382900959863, 11.492268409817337 ], [ 7.032026217688336, 11.492231977033445 ], [ 7.031200992215266, 11.4930674323705 ], [ 7.031218793984122, 11.494370139955281 ], [ 7.030918448767366, 11.494936387232503 ], [ 7.030573972681053, 11.496289342797343 ], [ 7.028307998738115, 11.495118665288912 ], [ 7.027457149849833, 11.495543747295372 ], [ 7.025193852617106, 11.493914950355961 ], [ 7.023750266916289, 11.494636029808225 ], [ 7.023768296974221, 11.495977925774499 ], [ 7.022428500281524, 11.496290574714994 ], [ 7.022105528241865, 11.497864772531694 ], [ 7.020936650449247, 11.498230210488517 ], [ 7.020435634496671, 11.499230949213295 ], [ 7.020461249260303, 11.50109853345613 ], [ 7.01960126173111, 11.501367554663689 ], [ 7.01906483127268, 11.502439546242737 ], [ 7.018202157523042, 11.503245305769868 ], [ 7.017371628661445, 11.504904746730169 ], [ 7.016005235187961, 11.504868163858781 ], [ 7.015419320908762, 11.504875822457016 ], [ 7.014627540863901, 11.505677549525576 ], [ 7.013587248190376, 11.506002783419811 ], [ 7.013227478996918, 11.507071727043177 ], [ 7.013241721192568, 11.508103237581034 ], [ 7.012953610927204, 11.508372430693589 ], [ 7.01268210909173, 11.508647033481566 ], [ 7.012125011148191, 11.508909092183275 ], [ 7.011239698097503, 11.50949196925446 ], [ 7.010748066946819, 11.509989618903523 ], [ 7.010465897103402, 11.510253552794858 ], [ 7.009535349468526, 11.512533242601663 ], [ 7.009897479601026, 11.514339299027602 ], [ 7.009056901798028, 11.515124780917034 ], [ 7.008499039263835, 11.515950857117483 ], [ 7.007676493097506, 11.515928541978901 ], [ 7.006853191633925, 11.516470780828808 ], [ 7.00600620120789, 11.5168688005327 ], [ 7.004348038981457, 11.51601217737749 ], [ 7.003268999538432, 11.516722917737829 ], [ 7.002587124304342, 11.516704466658684 ], [ 7.002143509376386, 11.516710423346277 ], [ 7.000548322466552, 11.517507109234796 ], [ 6.998937317446348, 11.517805849011035 ], [ 6.997764924675621, 11.518577622357023 ], [ 6.996824679403747, 11.518871432371 ], [ 6.995838922420638, 11.521798379125364 ], [ 6.995535106448925, 11.522082005440685 ], [ 6.995259730146546, 11.522898873867067 ], [ 6.994973685876536, 11.523705339797036 ], [ 6.994977115679464, 11.523978903689029 ], [ 6.994922323588714, 11.52594970782939 ], [ 6.993583763556881, 11.527200660431721 ], [ 6.993300492420445, 11.527766173590312 ], [ 6.993016363048278, 11.528301227673291 ], [ 6.992634488717457, 11.529063600632195 ], [ 6.991633922031159, 11.529376301193281 ], [ 6.991097866674911, 11.52991861529434 ], [ 6.989153607477085, 11.53017261422656 ], [ 6.988869236880476, 11.530739967249346 ], [ 6.988880262689552, 11.531529943661033 ], [ 6.987762887173014, 11.531879157298199 ], [ 6.98778363224125, 11.533415143020921 ], [ 6.986928909561103, 11.533682228969463 ], [ 6.986103765167997, 11.534094098998548 ], [ 6.984830303419561, 11.533435977593914 ], [ 6.984448075973265, 11.535297251214891 ], [ 6.983340999930244, 11.535555424198279 ], [ 6.982950369486979, 11.53633545915336 ], [ 6.983332954192564, 11.53946433976563 ], [ 6.983282338669391, 11.541287132941735 ], [ 6.982746540456673, 11.541787852469048 ], [ 6.982474976408337, 11.54206241618553 ], [ 6.981917789147703, 11.542324400730042 ], [ 6.981542482252761, 11.54343765555692 ], [ 6.979974044406953, 11.543394966791805 ], [ 6.980002268003713, 11.542378071239664 ], [ 6.9786201944809, 11.542035597254454 ], [ 6.978330730215222, 11.541734623264238 ], [ 6.97836816582804, 11.540406918477991 ], [ 6.978049737803255, 11.540100976811257 ], [ 6.976987937416119, 11.539583842239399 ], [ 6.976711270396722, 11.539296196878446 ], [ 6.976162611269647, 11.540391550855594 ], [ 6.975864269050803, 11.540655327829386 ], [ 6.975339727148341, 11.54010936295915 ], [ 6.974342295793967, 11.539454179529681 ], [ 6.973966859492079, 11.539833928372481 ], [ 6.973667326193359, 11.540113848045292 ], [ 6.972043073202918, 11.540069670606588 ], [ 6.97175865480477, 11.540637528684934 ], [ 6.970926390447378, 11.540615030394427 ], [ 6.969811773185183, 11.54117152138428 ], [ 6.968722850222539, 11.541141924887906 ], [ 6.967212611961171, 11.541895822277183 ], [ 6.965556613368379, 11.541039783538547 ], [ 6.964596647096496, 11.541672007916203 ], [ 6.963914730083588, 11.541653456364097 ], [ 6.962954933670453, 11.541666051832511 ], [ 6.962676076601152, 11.541088692314496 ], [ 6.960720505049623, 11.541114415983049 ], [ 6.959884113155907, 11.541960916785186 ], [ 6.959370806795329, 11.542985511153582 ], [ 6.957969543256028, 11.543519281226187 ], [ 6.957181829168936, 11.544316332681698 ], [ 6.956604145735835, 11.544587652446472 ], [ 6.955789374042918, 11.545412047348393 ], [ 6.954951198832578, 11.545389459445392 ], [ 6.954656866630965, 11.545393211103136 ], [ 6.953863184588572, 11.546196563852684 ], [ 6.951550926773103, 11.546821847199251 ], [ 6.950821659399493, 11.546444925374923 ], [ 6.949430027404811, 11.546166857555313 ], [ 6.948902873291577, 11.54561792011952 ], [ 6.948349524322499, 11.545348155517873 ], [ 6.948079285380542, 11.54506688700817 ], [ 6.947804982930253, 11.545344304965234 ], [ 6.946418954321898, 11.54614264966159 ], [ 6.946011556932991, 11.546554433025937 ], [ 6.945000929438303, 11.547498680614392 ], [ 6.944487071259799, 11.547484713336218 ], [ 6.944212075592274, 11.547488061348606 ], [ 6.942876688363107, 11.547451851786937 ], [ 6.94209026404102, 11.547844523560599 ], [ 6.942848639258367, 11.548573317386875 ], [ 6.942817431278998, 11.549686021362252 ], [ 6.940619158243678, 11.549626202620107 ], [ 6.94023379618405, 11.551137022705401 ], [ 6.938964174254004, 11.550698245458694 ], [ 6.937905228387294, 11.551047393527387 ], [ 6.937542524490755, 11.552468603165121 ], [ 6.936789975997969, 11.552853024477706 ], [ 6.936490235839145, 11.550952861381873 ], [ 6.936200651699397, 11.550674358333703 ], [ 6.934582882953937, 11.550695412260223 ], [ 6.934294536386123, 11.550394938203414 ], [ 6.933191282213545, 11.55012122878756 ], [ 6.932648762939791, 11.549840919633549 ], [ 6.932095427401078, 11.549571125320931 ], [ 6.931552910541602, 11.549290814474446 ], [ 6.930096949200552, 11.548999751183526 ], [ 6.928556538636721, 11.549019735988971 ], [ 6.927982463980367, 11.54872277687485 ], [ 6.92693189276288, 11.548736455015433 ], [ 6.924749195249314, 11.548096738289869 ], [ 6.924385891484278, 11.546964013528831 ], [ 6.92304383235365, 11.546523860851627 ], [ 6.922772993055482, 11.545963214814419 ], [ 6.922039295753141, 11.546705463974025 ], [ 6.920938787139556, 11.546136490335169 ], [ 6.918650600090104, 11.545678946468383 ], [ 6.917285120565523, 11.54484909650019 ], [ 6.916281637441836, 11.545179763536281 ], [ 6.915089667558362, 11.544563245649133 ], [ 6.914433344201239, 11.544571769501706 ], [ 6.913979808446496, 11.545916549601593 ], [ 6.913422572379158, 11.546178390324455 ], [ 6.912965892920623, 11.546640340336474 ], [ 6.911786765941544, 11.546030520973295 ], [ 6.911525363775774, 11.543182163970046 ], [ 6.910422174064871, 11.542908376459977 ], [ 6.909596074001819, 11.542347431222206 ], [ 6.90961867143894, 11.541544226800216 ], [ 6.909607510934997, 11.540730717101248 ], [ 6.909630084903292, 11.539930425386144 ], [ 6.909350500978839, 11.539104655861207 ], [ 6.90908227394308, 11.538268376333249 ], [ 6.908373611888037, 11.537587533152839 ], [ 6.907165027902306, 11.537190910507219 ], [ 6.906601168935953, 11.536899286474549 ], [ 6.906309972392592, 11.536296373511963 ], [ 6.9061537, 11.5373907 ], [ 6.9056396, 11.540988 ], [ 6.904489, 11.5496178 ], [ 6.9040127, 11.5531893 ], [ 6.9023395, 11.5544825 ], [ 6.8994053, 11.5567336 ], [ 6.8861, 11.567 ], [ 6.8761, 11.5744 ], [ 6.8674, 11.5776 ], [ 6.8568, 11.589 ], [ 6.8544, 11.5952 ], [ 6.854398, 11.5952212 ], [ 6.8524246, 11.6161891 ], [ 6.852, 11.6207 ], [ 6.8552, 11.6419 ], [ 6.8608879, 11.6532222 ], [ 6.8658, 11.663 ], [ 6.869, 11.6785 ], [ 6.8742955, 11.6903756 ], [ 6.8779061, 11.6984227 ], [ 6.8811504, 11.7055994 ], [ 6.8807611, 11.7108895 ], [ 6.8839555, 11.7168101 ], [ 6.8844261, 11.7200578 ], [ 6.8844261, 11.7256432 ], [ 6.8854957, 11.7354172 ], [ 6.8839745, 11.7447255 ], [ 6.8855789, 11.7481579 ], [ 6.8858166, 11.7523465 ], [ 6.8830832, 11.7553715 ], [ 6.8825485, 11.7583965 ], [ 6.8862325, 11.7613052 ], [ 6.8877774, 11.7659007 ], [ 6.8897383, 11.7716015 ], [ 6.8919545, 11.776196 ], [ 6.8914725, 11.7779854 ], [ 6.8913222, 11.779119 ], [ 6.8926312, 11.7796723 ], [ 6.8938766, 11.7812583 ], [ 6.8953842, 11.7833816 ], [ 6.8961769, 11.7851781 ], [ 6.896373, 11.7856226 ], [ 6.895721, 11.786856 ], [ 6.8960811, 11.7874766 ], [ 6.8973848, 11.7877576 ], [ 6.8991971, 11.7880484 ], [ 6.9006231, 11.7883392 ], [ 6.9012173, 11.7880775 ], [ 6.9022275, 11.7889791 ], [ 6.9020524, 11.7899103 ], [ 6.9013956, 11.7906368 ], [ 6.901871, 11.7918583 ], [ 6.90095, 11.7930798 ], [ 6.9003855, 11.7938941 ], [ 6.9008123, 11.7965072 ], [ 6.9012471, 11.7975585 ], [ 6.9022102, 11.7988504 ], [ 6.9032673, 11.7970932 ], [ 6.9043963, 11.7946212 ], [ 6.9056441, 11.7924981 ], [ 6.9067434, 11.7905496 ], [ 6.9082883, 11.7883102 ], [ 6.9098629, 11.7857799 ], [ 6.9123883, 11.7852855 ], [ 6.9141669, 11.785606 ], [ 6.9151542, 11.7859636 ], [ 6.9173993, 11.7858666 ], [ 6.9199473, 11.7872812 ], [ 6.9224572, 11.7874301 ], [ 6.9250051, 11.7895148 ], [ 6.9253283, 11.7909852 ], [ 6.9277958, 11.792204 ], [ 6.9286368, 11.792921 ], [ 6.9306222, 11.793351 ], [ 6.9333159, 11.7933843 ], [ 6.9343953, 11.7948923 ], [ 6.9370098, 11.7955612 ], [ 6.939143, 11.7959684 ], [ 6.9404621, 11.7960033 ], [ 6.9414349, 11.7973209 ], [ 6.9435282, 11.7977133 ], [ 6.9453464, 11.7994234 ], [ 6.9457386, 11.8013079 ], [ 6.9468082, 11.8023898 ], [ 6.9469508, 11.8036112 ], [ 6.948056, 11.8039253 ], [ 6.9486621, 11.8025991 ], [ 6.9506586, 11.8024247 ], [ 6.9527301, 11.8003331 ], [ 6.9556358, 11.8016397 ], [ 6.9564698, 11.8025642 ], [ 6.9597794, 11.803503 ], [ 6.9625663, 11.8037159 ], [ 6.9636359, 11.8044138 ], [ 6.9675576, 11.8042045 ], [ 6.9708019, 11.8038555 ], [ 6.9717645, 11.8039602 ], [ 6.9722993, 11.8032273 ], [ 6.9734402, 11.8031575 ], [ 6.9758823, 11.8060967 ], [ 6.9767736, 11.8085977 ], [ 6.9771302, 11.8091212 ], [ 6.9775682, 11.8084778 ], [ 6.9776649, 11.8081033 ], [ 6.980428, 11.8090921 ], [ 6.9821214, 11.809412 ], [ 6.9826265, 11.8100517 ], [ 6.9838149, 11.8101681 ], [ 6.9842015, 11.8106595 ], [ 6.984112, 11.8112731 ], [ 6.9848718, 11.8121273 ], [ 6.9856569, 11.8124364 ], [ 6.9868453, 11.8122037 ], [ 6.9876404, 11.8113828 ], [ 6.987796, 11.8101972 ], [ 6.989915, 11.8107712 ], [ 6.9909491, 11.8108421 ], [ 6.9913315, 11.8116512 ], [ 6.9918069, 11.8123201 ], [ 6.9921931, 11.8126981 ], [ 6.9928108, 11.8120207 ], [ 6.9937126, 11.8110316 ], [ 6.9987515, 11.8106128 ], [ 7.0173376, 11.8155849 ], [ 7.0214261, 11.8110781 ], [ 7.0319315, 11.8049827 ], [ 7.0337544, 11.8031131 ], [ 7.0373236, 11.8009145 ], [ 7.0388084, 11.798259 ], [ 7.0396365, 11.7961175 ], [ 7.04261, 11.7903792 ], [ 7.0443685, 11.7895865 ], [ 7.0497159, 11.7885242 ], [ 7.0550696, 11.7887621 ], [ 7.0565449, 11.789476 ], [ 7.0600183, 11.7898754 ], [ 7.062022297581493, 11.80122747926184 ], [ 7.062612126000602, 11.801048008452119 ] ] ] } },
{ "type": "Feature", "properties": { "Id": 52, "gridcode": 6, "Shape_Leng": 113.139455934, "Shape_Area": 615.68675087899999, "NUMB": 6.0, "NAME": "Kaduna-Mariga", "source_state": "Katsina" }, "geometry": { "type": "MultiPolygon", "coordinates": [ [ [ [ 6.906601168935953, 11.536899286474549 ], [ 6.907165027902306, 11.537190910507219 ], [ 6.908373611888037, 11.537587533152839 ], [ 6.90908227394308, 11.538268376333249 ], [ 6.909350500978839, 11.539104655861207 ], [ 6.909630084903292, 11.539930425386144 ], [ 6.909607510934997, 11.540730717101248 ], [ 6.90961867143894, 11.541544226800216 ], [ 6.909596074001819, 11.542347431222206 ], [ 6.910422174064871, 11.542908376459977 ], [ 6.911525363775774, 11.543182163970046 ], [ 6.911786765941544, 11.546030520973295 ], [ 6.912965892920623, 11.546640340336474 ], [ 6.913422572379158, 11.546178390324455 ], [ 6.913979808446496, 11.545916549601593 ], [ 6.914433344201239, 11.544571769501706 ], [ 6.915089667558362, 11.544563245649133 ], [ 6.916281637441836, 11.545179763536281 ], [ 6.917285120565523, 11.54484909650019 ], [ 6.918650600090104, 11.545678946468383 ], [ 6.920938787139556, 11.546136490335169 ], [ 6.922039295753141, 11.546705463974025 ], [ 6.922772993055482, 11.545963214814419 ], [ 6.92304383235365, 11.546523860851627 ], [ 6.924385891484278, 11.546964013528831 ], [ 6.924749195249314, 11.548096738289869 ], [ 6.92693189276288, 11.548736455015433 ], [ 6.927982463980367, 11.54872277687485 ], [ 6.928556538636721, 11.549019735988971 ], [ 6.930096949200552, 11.548999751183526 ], [ 6.931552910541602, 11.549290814474446 ], [ 6.932095427401078, 11.549571125320931 ], [ 6.932648762939791, 11.549840919633549 ], [ 6.933191282213545, 11.55012122878756 ], [ 6.934294536386123, 11.550394938203414 ], [ 6.934582882953937, 11.550695412260223 ], [ 6.936200651699397, 11.550674358333703 ], [ 6.936490235839145, 11.550952861381873 ], [ 6.936789975997969, 11.552853024477706 ], [ 6.937542524490755, 11.552468603165121 ], [ 6.937905228387294, 11.551047393527387 ], [ 6.938964174254004, 11.550698245458694 ], [ 6.94023379618405, 11.551137022705401 ], [ 6.940619158243678, 11.549626202620107 ], [ 6.942817431278998, 11.549686021362252 ], [ 6.942848639258367, 11.548573317386875 ], [ 6.94209026404102, 11.547844523560599 ], [ 6.942876688363107, 11.547451851786937 ], [ 6.944212075592274, 11.547488061348606 ], [ 6.944487071259799, 11.547484713336218 ], [ 6.945000929438303, 11.547498680614392 ], [ 6.946011556932991, 11.546554433025937 ], [ 6.946418954321898, 11.54614264966159 ], [ 6.947804982930253, 11.545344304965234 ], [ 6.948079285380542, 11.54506688700817 ], [ 6.948349524322499, 11.545348155517873 ], [ 6.948902873291577, 11.54561792011952 ], [ 6.949430027404811, 11.546166857555313 ], [ 6.950821659399493, 11.546444925374923 ], [ 6.951550926773103, 11.546821847199251 ], [ 6.953863184588572, 11.546196563852684 ], [ 6.954656866630965, 11.545393211103136 ], [ 6.954951198832578, 11.545389459445392 ], [ 6.955789374042918, 11.545412047348393 ], [ 6.956604145735835, 11.544587652446472 ], [ 6.957181829168936, 11.544316332681698 ], [ 6.957969543256028, 11.543519281226187 ], [ 6.959370806795329, 11.542985511153582 ], [ 6.959884113155907, 11.541960916785186 ], [ 6.960720505049623, 11.541114415983049 ], [ 6.962676076601152, 11.541088692314496 ], [ 6.962954933670453, 11.541666051832511 ], [ 6.963914730083588, 11.541653456364097 ], [ 6.964596647096496, 11.541672007916203 ], [ 6.965556613368379, 11.541039783538547 ], [ 6.967212611961171, 11.541895822277183 ], [ 6.968722850222539, 11.541141924887906 ], [ 6.969811773185183, 11.54117152138428 ], [ 6.970926390447378, 11.540615030394427 ], [ 6.97175865480477, 11.540637528684934 ], [ 6.972043073202918, 11.540069670606588 ], [ 6.973667326193359, 11.540113848045292 ], [ 6.973966859492079, 11.539833928372481 ], [ 6.974342295793967, 11.539454179529681 ], [ 6.975339727148341, 11.54010936295915 ], [ 6.975864269050803, 11.540655327829386 ], [ 6.976162611269647, 11.540391550855594 ], [ 6.976711270396722, 11.539296196878446 ], [ 6.976987937416119, 11.539583842239399 ], [ 6.978049737803255, 11.540100976811257 ], [ 6.97836816582804, 11.540406918477991 ], [ 6.978330730215222, 11.541734623264238 ], [ 6.9786201944809, 11.542035597254454 ], [ 6.980002268003713, 11.542378071239664 ], [ 6.979974044406953, 11.543394966791805 ], [ 6.981542482252761, 11.54343765555692 ], [ 6.981917789147703, 11.542324400730042 ], [ 6.982474976408337, 11.54206241618553 ], [ 6.982746540456673, 11.541787852469048 ], [ 6.983282338669391, 11.541287132941735 ], [ 6.983332954192564, 11.53946433976563 ], [ 6.982950369486979, 11.53633545915336 ], [ 6.983340999930244, 11.535555424198279 ], [ 6.984448075973265, 11.535297251214891 ], [ 6.984830303419561, 11.533435977593914 ], [ 6.986103765167997, 11.534094098998548 ], [ 6.986928909561103, 11.533682228969463 ], [ 6.98778363224125, 11.533415143020921 ], [ 6.987762887173014, 11.531879157298199 ], [ 6.988880262689552, 11.531529943661033 ], [ 6.988869236880476, 11.530739967249346 ], [ 6.989153607477085, 11.53017261422656 ], [ 6.991097866674911, 11.52991861529434 ], [ 6.991633922031159, 11.529376301193281 ], [ 6.992634488717457, 11.529063600632195 ], [ 6.993016363048278, 11.528301227673291 ], [ 6.993300492420445, 11.527766173590312 ], [ 6.993583763556881, 11.527200660431721 ], [ 6.994922323588714, 11.52594970782939 ], [ 6.994977115679464, 11.523978903689029 ], [ 6.994973685876536, 11.523705339797036 ], [ 6.995259730146546, 11.522898873867067 ], [ 6.995535106448925, 11.522082005440685 ], [ 6.995838922420638, 11.521798379125364 ], [ 6.996824679403747, 11.518871432371 ], [ 6.997764924675621, 11.518577622357023 ], [ 6.998937317446348, 11.517805849011035 ], [ 7.000548322466552, 11.517507109234796 ], [ 7.002143509376386, 11.516710423346277 ], [ 7.002587124304342, 11.516704466658684 ], [ 7.003268999538432, 11.516722917737829 ], [ 7.004348038981457, 11.51601217737749 ], [ 7.00600620120789, 11.5168688005327 ], [ 7.006853191633925, 11.516470780828808 ], [ 7.007676493097506, 11.515928541978901 ], [ 7.008499039263835, 11.515950857117483 ], [ 7.009056901798028, 11.515124780917034 ], [ 7.009897479601026, 11.514339299027602 ], [ 7.009535349468526, 11.512533242601663 ], [ 7.010465897103402, 11.510253552794858 ], [ 7.010748066946819, 11.509989618903523 ], [ 7.011239698097503, 11.50949196925446 ], [ 7.012125011148191, 11.508909092183275 ], [ 7.01268210909173, 11.508647033481566 ], [ 7.012953610927204, 11.508372430693589 ], [ 7.013241721192568, 11.508103237581034 ], [ 7.013227478996918, 11.507071727043177 ], [ 7.013587248190376, 11.506002783419811 ], [ 7.014627540863901, 11.505677549525576 ], [ 7.015419320908762, 11.504875822457016 ], [ 7.016005235187961, 11.504868163858781 ], [ 7.017371628661445, 11.504904746730169 ], [ 7.018202157523042, 11.503245305769868 ], [ 7.01906483127268, 11.502439546242737 ], [ 7.01960126173111, 11.501367554663689 ], [ 7.020461249260303, 11.50109853345613 ], [ 7.020435634496671, 11.499230949213295 ], [ 7.020936650449247, 11.498230210488517 ], [ 7.022105528241865, 11.497864772531694 ], [ 7.022428500281524, 11.496290574714994 ], [ 7.023768296974221, 11.495977925774499 ], [ 7.023750266916289, 11.494636029808225 ], [ 7.025193852617106, 11.493914950355961 ], [ 7.027457149849833, 11.495543747295372 ], [ 7.028307998738115, 11.495118665288912 ], [ 7.030573972681053, 11.496289342797343 ], [ 7.030918448767366, 11.494936387232503 ], [ 7.031218793984122, 11.494370139955281 ], [ 7.031200992215266, 11.4930674323705 ], [ 7.032026217688336, 11.492231977033445 ], [ 7.033382900959863, 11.492268409817337 ], [ 7.033693678371846, 11.491977629614428 ], [ 7.034052485535187, 11.490568093981647 ], [ 7.035517392693631, 11.490948966867851 ], [ 7.036714445107605, 11.490386104969746 ], [ 7.037000508689229, 11.490096477172361 ], [ 7.037797161696832, 11.489351373979179 ], [ 7.038114888609783, 11.488753456491478 ], [ 7.038516182534463, 11.487951403486674 ], [ 7.039478519574749, 11.487938544739588 ], [ 7.039783641940274, 11.488231356566697 ], [ 7.040565032981901, 11.489849029454289 ], [ 7.040991311762092, 11.489860368270547 ], [ 7.042472421347524, 11.489840394659542 ], [ 7.042918372096377, 11.490269202239608 ], [ 7.043844984947866, 11.491232972162805 ], [ 7.044426584670231, 11.491225222763504 ], [ 7.044961868272331, 11.491782265532466 ], [ 7.045379553346057, 11.492183870019595 ], [ 7.046026807441882, 11.492856854093466 ], [ 7.046881522582542, 11.492879795879686 ], [ 7.04797867457291, 11.492865166634854 ], [ 7.048524633450885, 11.49343313333388 ], [ 7.048808965744421, 11.493706202549321 ], [ 7.048771751636815, 11.495055953930668 ], [ 7.049338166611495, 11.495071133360279 ], [ 7.049619358946686, 11.494786226437206 ], [ 7.049931383650329, 11.496420074188944 ], [ 7.050987524657135, 11.495890106384097 ], [ 7.051260845275634, 11.495344306247748 ], [ 7.051817890803015, 11.495082162074269 ], [ 7.052089345598061, 11.494807514175491 ], [ 7.052371465607687, 11.494543530767695 ], [ 7.052760751732129, 11.493766000413158 ], [ 7.054028454991108, 11.493469935916949 ], [ 7.054299907998472, 11.493195020502968 ], [ 7.055115972820213, 11.493216886703713 ], [ 7.055408652449865, 11.492665384566845 ], [ 7.055393996605784, 11.491592272210651 ], [ 7.055973236181434, 11.49130272576539 ], [ 7.058111445806722, 11.492407206604812 ], [ 7.058161592559569, 11.492141670673483 ], [ 7.058501038341307, 11.489856755766588 ], [ 7.059829681044209, 11.489441108290533 ], [ 7.060650964722466, 11.489169844022175 ], [ 7.0622658979945, 11.489213155044494 ], [ 7.062582589431173, 11.488917081278776 ], [ 7.062878148775038, 11.486132692299996 ], [ 7.065348474053685, 11.486489640077785 ], [ 7.065867269745941, 11.487029327319174 ], [ 7.068155441963498, 11.487090573908731 ], [ 7.070532954565226, 11.486648983528037 ], [ 7.070854186555089, 11.485446737928694 ], [ 7.07140534464869, 11.483281032005291 ], [ 7.071966793617806, 11.483550615995453 ], [ 7.072490931681924, 11.484095888735043 ], [ 7.073570585336588, 11.484124737178561 ], [ 7.074994837485544, 11.483303419708827 ], [ 7.074620677928998, 11.48257509554279 ], [ 7.075000038291761, 11.482220100319669 ], [ 7.075366658235332, 11.481130691425792 ], [ 7.076395282091458, 11.479655575701535 ], [ 7.076389499461058, 11.479241102535237 ], [ 7.076950169447596, 11.478436585722735 ], [ 7.077091387785447, 11.477485773412502 ], [ 7.076139196795463, 11.47679627717422 ], [ 7.075580402992148, 11.476532015116941 ], [ 7.074668709282885, 11.47604801317045 ], [ 7.073578976456052, 11.477192497533306 ], [ 7.071449459676018, 11.477578830442816 ], [ 7.070773215863313, 11.477926297094337 ], [ 7.068075836445884, 11.477803056295123 ], [ 7.067340237478081, 11.477009307531832 ], [ 7.067056363269617, 11.476746850841886 ], [ 7.066799650048769, 11.475649885060747 ], [ 7.066232444422912, 11.475124710620097 ], [ 7.065711100857698, 11.47401566336273 ], [ 7.065426697573568, 11.473752673451076 ], [ 7.065439876280012, 11.473473383407029 ], [ 7.06501530675258, 11.471401058178479 ], [ 7.064479059249017, 11.470904687284934 ], [ 7.064085690647664, 11.470479703450707 ], [ 7.062968696022861, 11.469950879308604 ], [ 7.062443673961533, 11.469384140608231 ], [ 7.062159811527843, 11.469121680990925 ], [ 7.061590331553781, 11.467909828306555 ], [ 7.061637488172837, 11.466900412001987 ], [ 7.05997331273045, 11.465358484653759 ], [ 7.060007293738109, 11.464627828813907 ], [ 7.05997120709344, 11.463542918909781 ], [ 7.060910005018459, 11.463113271078777 ], [ 7.06137977419316, 11.462568491344317 ], [ 7.060833411979655, 11.462062516596355 ], [ 7.059596320905261, 11.460727066019682 ], [ 7.058579328028167, 11.458298076461801 ], [ 7.057562474876723, 11.457973280883616 ], [ 7.057279994308631, 11.45766792933447 ], [ 7.057312722312741, 11.456964012210689 ], [ 7.055074148350157, 11.456596927217907 ], [ 7.053987402870263, 11.455424259428481 ], [ 7.054023204685873, 11.454664489441521 ], [ 7.055687459983147, 11.453903371220077 ], [ 7.055394874530347, 11.453349028299892 ], [ 7.055101167077107, 11.452723444014088 ], [ 7.05424912415066, 11.451934199093014 ], [ 7.05266060599132, 11.451985855262782 ], [ 7.051218394636516, 11.451919843323042 ], [ 7.050453059620584, 11.451093828420408 ], [ 7.049092785967298, 11.451137718795472 ], [ 7.048543170506961, 11.451112602597243 ], [ 7.046662521028374, 11.451173664354588 ], [ 7.046351277776689, 11.450837660063403 ], [ 7.045801229372066, 11.450328461831379 ], [ 7.04359725593011, 11.450016345525851 ], [ 7.041965429678053, 11.449342077907884 ], [ 7.040171988589734, 11.450541569555378 ], [ 7.039640091121565, 11.450517084399246 ], [ 7.039215607528561, 11.44916291757265 ], [ 7.038658524658076, 11.448352573546744 ], [ 7.038951865518003, 11.44754475304255 ], [ 7.039250601816091, 11.446342933176599 ], [ 7.040070037578754, 11.444840597911581 ], [ 7.040338615090754, 11.444197056766013 ], [ 7.0389235783445, 11.441751860090482 ], [ 7.037288668639993, 11.44075448640168 ], [ 7.035868965996931, 11.441483515262769 ], [ 7.035160724536412, 11.440719290176476 ], [ 7.034593646567741, 11.440194074038539 ], [ 7.03433333077983, 11.439639406125888 ], [ 7.033574822328807, 11.438536414695337 ], [ 7.032184009654389, 11.438581355347473 ], [ 7.031594226084848, 11.438235787305151 ], [ 7.032446179760114, 11.437467479737624 ], [ 7.032410654099889, 11.436392382621671 ], [ 7.032713527235231, 11.435836731114888 ], [ 7.031649407670667, 11.434288924845774 ], [ 7.03379061836395, 11.433482931374819 ], [ 7.03414622407139, 11.432753121834685 ], [ 7.035355777060219, 11.431662545531335 ], [ 7.035755411376101, 11.431242590518398 ], [ 7.03605166495635, 11.431256227942749 ], [ 7.035974226657806, 11.428937040516518 ], [ 7.036420621992553, 11.428118594507326 ], [ 7.037448096865197, 11.427192025204443 ], [ 7.037158965645989, 11.426924219695017 ], [ 7.036625663451392, 11.426096561219815 ], [ 7.034824803685825, 11.425745005251089 ], [ 7.034438787061074, 11.424345814190277 ], [ 7.035015781197139, 11.421712714059817 ], [ 7.034998875798621, 11.421205226616056 ], [ 7.035594708936424, 11.420668214556535 ], [ 7.036114084844884, 11.418993597503848 ], [ 7.035294728361027, 11.418234460898438 ], [ 7.035038293930228, 11.41711763165693 ], [ 7.036583872698387, 11.416410349962442 ], [ 7.037030735619855, 11.415051425259731 ], [ 7.036063458030783, 11.413789489979401 ], [ 7.035627026995416, 11.411446977260916 ], [ 7.035335045031601, 11.410893424408197 ], [ 7.035361443536156, 11.41033352934595 ], [ 7.034796558503154, 11.409262830319792 ], [ 7.034827424845682, 11.408599689522896 ], [ 7.034814119194034, 11.408192853365447 ], [ 7.034838684798518, 11.407665252674729 ], [ 7.034475175519483, 11.406975374519373 ], [ 7.032623485752774, 11.4063833017194 ], [ 7.03265366383679, 11.405742666535017 ], [ 7.032280810697397, 11.405397239430105 ], [ 7.031837167838504, 11.403015487133988 ], [ 7.030756346859831, 11.402503514122888 ], [ 7.030176081856372, 11.40187732199475 ], [ 7.030213128171054, 11.401097443974399 ], [ 7.029644525966666, 11.400570896532924 ], [ 7.029382374516378, 11.40028738186974 ], [ 7.027451505172624, 11.399742683440429 ], [ 7.027194969863323, 11.398645713868024 ], [ 7.02682289930353, 11.398111478904887 ], [ 7.024582720394484, 11.398674497694993 ], [ 7.023926213985833, 11.397277192919519 ], [ 7.022270801495592, 11.396492813857343 ], [ 7.021775127487946, 11.395437660742479 ], [ 7.023098737993349, 11.394832480379051 ], [ 7.023372089475733, 11.394270544066226 ], [ 7.024043397410288, 11.394301275387299 ], [ 7.024552062671112, 11.391766510391202 ], [ 7.025057640071506, 11.391310466966639 ], [ 7.025039879812391, 11.390772786746819 ], [ 7.025067561680157, 11.390184039925302 ], [ 7.025614184092235, 11.389691196299976 ], [ 7.024692890612743, 11.389095279271865 ], [ 7.022922751318132, 11.388529135775009 ], [ 7.022571396764627, 11.387407694701674 ], [ 7.02260658852069, 11.386664880939898 ], [ 7.021792686637824, 11.385910529326367 ], [ 7.02148586870041, 11.385258097495619 ], [ 7.02153369115076, 11.38424129287292 ], [ 7.021506214005812, 11.383401667517038 ], [ 7.01963274840805, 11.382802774017652 ], [ 7.019075945700004, 11.380423172976675 ], [ 7.018770871667322, 11.380140952185098 ], [ 7.018820516143989, 11.379094237658276 ], [ 7.018492118333143, 11.378149047677457 ], [ 7.018565129649156, 11.376595119701591 ], [ 7.017722996296096, 11.375814886224944 ], [ 7.01744317809524, 11.37521903939637 ], [ 7.017466468862326, 11.374723211840932 ], [ 7.017450519488539, 11.374235594668001 ], [ 7.016087317348476, 11.373905726685413 ], [ 7.015550741192337, 11.373571101475482 ], [ 7.016428192532587, 11.371961162415182 ], [ 7.016372624191386, 11.370295945916983 ], [ 7.015844426944717, 11.369294328037594 ], [ 7.015599497351542, 11.365985237497064 ], [ 7.014348356040565, 11.364825424449716 ], [ 7.013593989178865, 11.364010823003106 ], [ 7.014087606170722, 11.36310559853607 ], [ 7.014801025653925, 11.362779398203802 ], [ 7.015068907996302, 11.362228286740086 ], [ 7.015634776382504, 11.36142920267257 ], [ 7.01591237170967, 11.359473088241915 ], [ 7.015066859896247, 11.357869547275547 ], [ 7.014275562443932, 11.357895198893241 ], [ 7.013658458678352, 11.357567711821453 ], [ 7.01269740981244, 11.356530074713101 ], [ 7.010740617253818, 11.356056376851818 ], [ 7.010457300509741, 11.355117578740177 ], [ 7.011340879404945, 11.354320647275346 ], [ 7.011302299202514, 11.353159209504179 ], [ 7.0061932, 11.3617897 ], [ 7.0026722, 11.3617697 ], [ 6.9956331, 11.36057 ], [ 6.9885409, 11.3606752 ], [ 6.9814272, 11.3596214 ], [ 6.9754704, 11.3573848 ], [ 6.9683799, 11.3574996 ], [ 6.9613122, 11.3587628 ], [ 6.958996, 11.3611199 ], [ 6.954316, 11.3635085 ], [ 6.9496365, 11.3658971 ], [ 6.9461621, 11.3694284 ], [ 6.9403472, 11.3741589 ], [ 6.9344616, 11.3754058 ], [ 6.9286231, 11.3789783 ], [ 6.9239676, 11.3825248 ], [ 6.9192881, 11.3849134 ], [ 6.9110154, 11.3850445 ], [ 6.8979914, 11.3840701 ], [ 6.8977492, 11.3812997 ], [ 6.8952892, 11.3812647 ], [ 6.893403, 11.3822569 ], [ 6.8917597, 11.3833967 ], [ 6.8894423, 11.3836414 ], [ 6.8876207, 11.3896516 ], [ 6.8869314, 11.3962021 ], [ 6.8869264, 11.3963336 ], [ 6.8861179, 11.4173498 ], [ 6.8864603, 11.4231663 ], [ 6.8865037, 11.4239045 ], [ 6.8866512, 11.4264133 ], [ 6.886878, 11.4302692 ], [ 6.8869314, 11.4311781 ], [ 6.8914819, 11.4414177 ], [ 6.8934383, 11.4458199 ], [ 6.8975376, 11.4531069 ], [ 6.9007592, 11.4588337 ], [ 6.9072666, 11.4751024 ], [ 6.9031992, 11.4864903 ], [ 6.9011289, 11.4918055 ], [ 6.8958788, 11.5051985 ], [ 6.9006214, 11.5146837 ], [ 6.9031992, 11.5198393 ], [ 6.9047608, 11.5235863 ], [ 6.9072666, 11.5296001 ], [ 6.9066377, 11.5340014 ], [ 6.906309972392592, 11.536296373511963 ], [ 6.906601168935953, 11.536899286474549 ] ] ], [ [ [ 7.009682156963511, 11.346464561622538 ], [ 7.010149648859316, 11.345607623042389 ], [ 7.00968711268979, 11.344277292776908 ], [ 7.009711669212932, 11.343753936009533 ], [ 7.009429853063879, 11.343219508207964 ], [ 7.009171524464847, 11.342393688205695 ], [ 7.008889704802955, 11.341860054703194 ], [ 7.008547687566359, 11.340022638552208 ], [ 7.008915465648663, 11.33969093353924 ], [ 7.009185548114858, 11.338819424062573 ], [ 7.008555074238159, 11.338235067972155 ], [ 7.0081894, 11.3407525 ], [ 7.009669557936708, 11.346515277128809 ], [ 7.009682156963511, 11.346464561622538 ] ] ] ] } },
{ "type": "Feature", "properties": { "Id": 56, "gridcode": 5, "Shape_Leng": 113.139455934, "Shape_Area": 615.68675087899999, "NUMB": 8.0, "NAME": "Sarkin Powa-Kaduna", "source_state": "Katsina" }, "geometry": { "type": "MultiPolygon", "coordinates": [ [ [ [ 7.009185548114858, 11.338819424062573 ], [ 7.008915465648663, 11.33969093353924 ], [ 7.008547687566359, 11.340022638552208 ], [ 7.008889704802955, 11.341860054703194 ], [ 7.009171524464847, 11.342393688205695 ], [ 7.009429853063879, 11.343219508207964 ], [ 7.009711669212932, 11.343753936009533 ], [ 7.00968711268979, 11.344277292776908 ], [ 7.010149648859316, 11.345607623042389 ], [ 7.009682156963511, 11.346464561622538 ], [ 7.009669557936708, 11.346515277128809 ], [ 7.0098969, 11.3474004 ], [ 7.0122499, 11.3464333 ], [ 7.0134217, 11.3460119 ], [ 7.0136285, 11.3492297 ], [ 7.011302299202514, 11.353159209504179 ], [ 7.011340879404945, 11.354320647275346 ], [ 7.010457300509741, 11.355117578740177 ], [ 7.010740617253818, 11.356056376851818 ], [ 7.01269740981244, 11.356530074713101 ], [ 7.013658458678352, 11.357567711821453 ], [ 7.014275562443932, 11.357895198893241 ], [ 7.015066859896247, 11.357869547275547 ], [ 7.01591237170967, 11.359473088241915 ], [ 7.015634776382504, 11.36142920267257 ], [ 7.015068907996302, 11.362228286740086 ], [ 7.014801025653925, 11.362779398203802 ], [ 7.014087606170722, 11.36310559853607 ], [ 7.013593989178865, 11.364010823003106 ], [ 7.014348356040565, 11.364825424449716 ], [ 7.015599497351542, 11.365985237497064 ], [ 7.015844426944717, 11.369294328037594 ], [ 7.016372624191386, 11.370295945916983 ], [ 7.016428192532587, 11.371961162415182 ], [ 7.015550741192337, 11.373571101475482 ], [ 7.016087317348476, 11.373905726685413 ], [ 7.017450519488539, 11.374235594668001 ], [ 7.017466468862326, 11.374723211840932 ], [ 7.01744317809524, 11.37521903939637 ], [ 7.017722996296096, 11.375814886224944 ], [ 7.018565129649156, 11.376595119701591 ], [ 7.018492118333143, 11.378149047677457 ], [ 7.018820516143989, 11.379094237658276 ], [ 7.018770871667322, 11.380140952185098 ], [ 7.019075945700004, 11.380423172976675 ], [ 7.01963274840805, 11.382802774017652 ], [ 7.021506214005812, 11.383401667517038 ], [ 7.02153369115076, 11.38424129287292 ], [ 7.02148586870041, 11.385258097495619 ], [ 7.021792686637824, 11.385910529326367 ], [ 7.02260658852069, 11.386664880939898 ], [ 7.022571396764627, 11.387407694701674 ], [ 7.022922751318132, 11.388529135775009 ], [ 7.024692890612743, 11.389095279271865 ], [ 7.025614184092235, 11.389691196299976 ], [ 7.025067561680157, 11.390184039925302 ], [ 7.025039879812391, 11.390772786746819 ], [ 7.025057640071506, 11.391310466966639 ], [ 7.024552062671112, 11.391766510391202 ], [ 7.024043397410288, 11.394301275387299 ], [ 7.023372089475733, 11.394270544066226 ], [ 7.023098737993349, 11.394832480379051 ], [ 7.021775127487946, 11.395437660742479 ], [ 7.022270801495592, 11.396492813857343 ], [ 7.023926213985833, 11.397277192919519 ], [ 7.024582720394484, 11.398674497694993 ], [ 7.02682289930353, 11.398111478904887 ], [ 7.027194969863323, 11.398645713868024 ], [ 7.027451505172624, 11.399742683440429 ], [ 7.029382374516378, 11.40028738186974 ], [ 7.029644525966666, 11.400570896532924 ], [ 7.030213128171054, 11.401097443974399 ], [ 7.030176081856372, 11.40187732199475 ], [ 7.030756346859831, 11.402503514122888 ], [ 7.031837167838504, 11.403015487133988 ], [ 7.032280810697397, 11.405397239430105 ], [ 7.03265366383679, 11.405742666535017 ], [ 7.032623485752774, 11.4063833017194 ], [ 7.034475175519483, 11.406975374519373 ], [ 7.034838684798518, 11.407665252674729 ], [ 7.034814119194034, 11.408192853365447 ], [ 7.034827424845682, 11.408599689522896 ], [ 7.034796558503154, 11.409262830319792 ], [ 7.035361443536156, 11.41033352934595 ], [ 7.035335045031601, 11.410893424408197 ], [ 7.035627026995416, 11.411446977260916 ], [ 7.036063458030783, 11.413789489979401 ], [ 7.037030735619855, 11.415051425259731 ], [ 7.036583872698387, 11.416410349962442 ], [ 7.035038293930228, 11.41711763165693 ], [ 7.035294728361027, 11.418234460898438 ], [ 7.036114084844884, 11.418993597503848 ], [ 7.035594708936424, 11.420668214556535 ], [ 7.034998875798621, 11.421205226616056 ], [ 7.035015781197139, 11.421712714059817 ], [ 7.034438787061074, 11.424345814190277 ], [ 7.034824803685825, 11.425745005251089 ], [ 7.036625663451392, 11.426096561219815 ], [ 7.037158965645989, 11.426924219695017 ], [ 7.037448096865197, 11.427192025204443 ], [ 7.036420621992553, 11.428118594507326 ], [ 7.035974226657806, 11.428937040516518 ], [ 7.03605166495635, 11.431256227942749 ], [ 7.035755411376101, 11.431242590518398 ], [ 7.035355777060219, 11.431662545531335 ], [ 7.03414622407139, 11.432753121834685 ], [ 7.03379061836395, 11.433482931374819 ], [ 7.031649407670667, 11.434288924845774 ], [ 7.032713527235231, 11.435836731114888 ], [ 7.032410654099889, 11.436392382621671 ], [ 7.032446179760114, 11.437467479737624 ], [ 7.031594226084848, 11.438235787305151 ], [ 7.032184009654389, 11.438581355347473 ], [ 7.033574822328807, 11.438536414695337 ], [ 7.03433333077983, 11.439639406125888 ], [ 7.034593646567741, 11.440194074038539 ], [ 7.035160724536412, 11.440719290176476 ], [ 7.035868965996931, 11.441483515262769 ], [ 7.037288668639993, 11.44075448640168 ], [ 7.0389235783445, 11.441751860090482 ], [ 7.040338615090754, 11.444197056766013 ], [ 7.040070037578754, 11.444840597911581 ], [ 7.039250601816091, 11.446342933176599 ], [ 7.038951865518003, 11.44754475304255 ], [ 7.038658524658076, 11.448352573546744 ], [ 7.039215607528561, 11.44916291757265 ], [ 7.039640091121565, 11.450517084399246 ], [ 7.040171988589734, 11.450541569555378 ], [ 7.041965429678053, 11.449342077907884 ], [ 7.04359725593011, 11.450016345525851 ], [ 7.045801229372066, 11.450328461831379 ], [ 7.046351277776689, 11.450837660063403 ], [ 7.046662521028374, 11.451173664354588 ], [ 7.048543170506961, 11.451112602597243 ], [ 7.049092785967298, 11.451137718795472 ], [ 7.050453059620584, 11.451093828420408 ], [ 7.051218394636516, 11.451919843323042 ], [ 7.05266060599132, 11.451985855262782 ], [ 7.05424912415066, 11.451934199093014 ], [ 7.055101167077107, 11.452723444014088 ], [ 7.055394874530347, 11.453349028299892 ], [ 7.055687459983147, 11.453903371220077 ], [ 7.054023204685873, 11.454664489441521 ], [ 7.053987402870263, 11.455424259428481 ], [ 7.055074148350157, 11.456596927217907 ], [ 7.057312722312741, 11.456964012210689 ], [ 7.057279994308631, 11.45766792933447 ], [ 7.057562474876723, 11.457973280883616 ], [ 7.058579328028167, 11.458298076461801 ], [ 7.059596320905261, 11.460727066019682 ], [ 7.060833411979655, 11.462062516596355 ], [ 7.06137977419316, 11.462568491344317 ], [ 7.060910005018459, 11.463113271078777 ], [ 7.05997120709344, 11.463542918909781 ], [ 7.060007293738109, 11.464627828813907 ], [ 7.05997331273045, 11.465358484653759 ], [ 7.061637488172837, 11.466900412001987 ], [ 7.061590331553781, 11.467909828306555 ], [ 7.062159811527843, 11.469121680990925 ], [ 7.062443673961533, 11.469384140608231 ], [ 7.062968696022861, 11.469950879308604 ], [ 7.064085690647664, 11.470479703450707 ], [ 7.064479059249017, 11.470904687284934 ], [ 7.06501530675258, 11.471401058178479 ], [ 7.065439876280012, 11.473473383407029 ], [ 7.065426697573568, 11.473752673451076 ], [ 7.065711100857698, 11.47401566336273 ], [ 7.066232444422912, 11.475124710620097 ], [ 7.066799650048769, 11.475649885060747 ], [ 7.067056363269617, 11.476746850841886 ], [ 7.067340237478081, 11.477009307531832 ], [ 7.068075836445884, 11.477803056295123 ], [ 7.070773215863313, 11.477926297094337 ], [ 7.071449459676018, 11.477578830442816 ], [ 7.073578976456052, 11.477192497533306 ], [ 7.074668709282885, 11.47604801317045 ], [ 7.075580402992148, 11.476532015116941 ], [ 7.076139196795463, 11.47679627717422 ], [ 7.077091387785447, 11.477485773412502 ], [ 7.077790014731634, 11.477083091464385 ], [ 7.077771181221062, 11.475740623515703 ], [ 7.078070010132138, 11.475461093477985 ], [ 7.078413871707764, 11.475112742779109 ], [ 7.08028989301953, 11.47465159891221 ], [ 7.081105382711656, 11.474673379650799 ], [ 7.081082895560125, 11.473074279348655 ], [ 7.083531089804061, 11.473041106422814 ], [ 7.084788008784734, 11.473452668951484 ], [ 7.08577232159285, 11.474397631600967 ], [ 7.086060184319843, 11.476859127230643 ], [ 7.086852598024239, 11.476880211892583 ], [ 7.087644111501512, 11.476078240706544 ], [ 7.088512993446394, 11.476066454825228 ], [ 7.089058260077984, 11.476348347982423 ], [ 7.089607270337434, 11.47607388456907 ], [ 7.090714075521741, 11.47581525231702 ], [ 7.091126645552415, 11.474589732662304 ], [ 7.091789660549676, 11.473969629942745 ], [ 7.093310039787306, 11.471532658516319 ], [ 7.091909410845575, 11.470851139571696 ], [ 7.092676700983183, 11.470133467861601 ], [ 7.092949914796225, 11.469587610815145 ], [ 7.093233794155608, 11.469052416775913 ], [ 7.093507005602037, 11.468506558833088 ], [ 7.09490212390071, 11.468247403902659 ], [ 7.09543679662355, 11.467705632539861 ], [ 7.095718852088365, 11.467441595895943 ], [ 7.095992057081462, 11.466895734561652 ], [ 7.096280053441983, 11.466626438977338 ], [ 7.096268356748428, 11.4658075481178 ], [ 7.0969740248429, 11.465147454377204 ], [ 7.097381101047215, 11.464735401985363 ], [ 7.097663151609968, 11.464471362654486 ], [ 7.098203566602375, 11.463390453352044 ], [ 7.098492465355903, 11.463386772018458 ], [ 7.09985873486285, 11.463422937567533 ], [ 7.100417713782767, 11.462856949023644 ], [ 7.10097693995977, 11.462333862131315 ], [ 7.100968818183238, 11.461781398840472 ], [ 7.101527283207882, 11.461773905194638 ], [ 7.102077011019645, 11.461788334167869 ], [ 7.102609700938465, 11.461781200721443 ], [ 7.103723706299394, 11.462607250488427 ], [ 7.103709424326531, 11.463138384067172 ], [ 7.104244799365493, 11.4636953283169 ], [ 7.105470997918244, 11.463319031241552 ], [ 7.105921075851228, 11.462897974700315 ], [ 7.106192450629551, 11.462623262517756 ], [ 7.10647449197376, 11.46235921300457 ], [ 7.106995618975208, 11.461831098566137 ], [ 7.108454467610684, 11.461349305842884 ], [ 7.108952249516688, 11.461827613266278 ], [ 7.109476436264264, 11.462372825252302 ], [ 7.111377407806385, 11.462423518219 ], [ 7.111699428951994, 11.462121851688192 ], [ 7.111976203913096, 11.461841607148902 ], [ 7.112525933830458, 11.461856281391439 ], [ 7.114133300869381, 11.46132510334051 ], [ 7.115003759344011, 11.461313241622284 ], [ 7.115817522402977, 11.462159557872734 ], [ 7.116096127633008, 11.461602583882451 ], [ 7.118577377981172, 11.461352691289374 ], [ 7.119109294252509, 11.460813763055555 ], [ 7.120503523491934, 11.461088613142298 ], [ 7.121543254947968, 11.461625470660422 ], [ 7.123199434159709, 11.461669480239056 ], [ 7.124145784741531, 11.461223771662079 ], [ 7.124774302938112, 11.460039287154173 ], [ 7.125197622331743, 11.459192986300431 ], [ 7.126836077412664, 11.45923632979307 ], [ 7.127113699691724, 11.459232547142824 ], [ 7.127381410301645, 11.459511001906924 ], [ 7.127659930613116, 11.459778666901935 ], [ 7.128333469815389, 11.460806518533682 ], [ 7.129578951741508, 11.461412460823698 ], [ 7.130248241715972, 11.462108194345511 ], [ 7.130805294356018, 11.462643522045756 ], [ 7.13120687288291, 11.463060802399024 ], [ 7.131485400327078, 11.463328464792891 ], [ 7.13200963916248, 11.463873643507018 ], [ 7.132560991075739, 11.463888291105773 ], [ 7.133821639694115, 11.463578030127822 ], [ 7.135034155647155, 11.463974797170058 ], [ 7.135048477324884, 11.464983598488942 ], [ 7.134495239783578, 11.465501236599373 ], [ 7.134973968941274, 11.466027848720859 ], [ 7.135862566209887, 11.466610569109081 ], [ 7.136168859475474, 11.468213113928558 ], [ 7.136935362476827, 11.467436247094199 ], [ 7.13773336602272, 11.468160860605868 ], [ 7.138042231089081, 11.468799199947121 ], [ 7.138495553130169, 11.469681302556843 ], [ 7.137626344792408, 11.470561857715294 ], [ 7.136932084452288, 11.471211541530145 ], [ 7.137571420941468, 11.471240513683462 ], [ 7.138786146165276, 11.471223895946915 ], [ 7.139710432630508, 11.471526388490943 ], [ 7.141012843556258, 11.472880516614964 ], [ 7.141321717140155, 11.472616601074066 ], [ 7.141593073782381, 11.472341852231667 ], [ 7.143155091398236, 11.471852863271209 ], [ 7.144314751251819, 11.471307019772741 ], [ 7.144631350235987, 11.471010574973462 ], [ 7.144904473128747, 11.470464653736521 ], [ 7.146289693082474, 11.46966520804758 ], [ 7.146788068134201, 11.469160438358202 ], [ 7.148902288665868, 11.469131210878787 ], [ 7.150103273007204, 11.469162920116775 ], [ 7.151184912639259, 11.468473280251537 ], [ 7.150697085916773, 11.467523707788764 ], [ 7.150342342830903, 11.466422173760295 ], [ 7.149337600952044, 11.466435935671624 ], [ 7.148798945437041, 11.46430545071806 ], [ 7.151185711734107, 11.464636236640445 ], [ 7.151796081469454, 11.465898017362669 ], [ 7.152873576460601, 11.465926284215699 ], [ 7.153997792537752, 11.465209622957929 ], [ 7.154044479485913, 11.463477695627125 ], [ 7.153750278393844, 11.463470009869864 ], [ 7.152754137012416, 11.46348357552648 ], [ 7.152202505814804, 11.461858827291266 ], [ 7.153485936281752, 11.461841252405707 ], [ 7.154292300949575, 11.461862502116846 ], [ 7.155044328481926, 11.461486166483402 ], [ 7.157064705485854, 11.462010294718416 ], [ 7.157051453955782, 11.461072463104859 ], [ 7.157339002506563, 11.460780848774505 ], [ 7.15953754170054, 11.46049200738193 ], [ 7.158997194914676, 11.459440687101486 ], [ 7.158731202769026, 11.458891350464615 ], [ 7.157669243423245, 11.458374869154607 ], [ 7.157088657073234, 11.457817457753595 ], [ 7.157758906380344, 11.457132605234239 ], [ 7.158555728200897, 11.456386844150483 ], [ 7.158191368895816, 11.454195760727295 ], [ 7.158218261304814, 11.453193298074922 ], [ 7.157130211171403, 11.452148855086492 ], [ 7.156857809585926, 11.451015271569894 ], [ 7.155495645993299, 11.450678564971764 ], [ 7.155484961973506, 11.449924538513917 ], [ 7.155499752009105, 11.449382268480436 ], [ 7.155485328029711, 11.448376634113023 ], [ 7.155843526042281, 11.446625745050765 ], [ 7.158808842122609, 11.446146017371943 ], [ 7.159109468112069, 11.446154000683286 ], [ 7.159913137493373, 11.445339682345772 ], [ 7.16019511754933, 11.445075570207088 ], [ 7.160469931796032, 11.444258453597234 ], [ 7.161301694794601, 11.44399779561315 ], [ 7.16157475394639, 11.443451848872954 ], [ 7.16240447385767, 11.44267529173208 ], [ 7.162136906226603, 11.442370648998686 ], [ 7.161858362651826, 11.442103014165824 ], [ 7.161879555380716, 11.441315022590111 ], [ 7.161531268904336, 11.440290073436707 ], [ 7.162428165414494, 11.439002820300422 ], [ 7.162173643706534, 11.436676041712964 ], [ 7.161228020957075, 11.435115042234235 ], [ 7.162451815147414, 11.434502763538681 ], [ 7.163567127278373, 11.433977456840893 ], [ 7.163138226119679, 11.432714719896186 ], [ 7.164336139438343, 11.43195052281904 ], [ 7.164819129640146, 11.430983750777589 ], [ 7.166057541376372, 11.431016399908664 ], [ 7.166397413667448, 11.429678234557793 ], [ 7.167713998848998, 11.429659988443253 ], [ 7.168126265424909, 11.42967077606812 ], [ 7.168541323025907, 11.429664896430941 ], [ 7.168809057021799, 11.429943315773208 ], [ 7.170735140605826, 11.430492419183798 ], [ 7.171022229307674, 11.431687793387875 ], [ 7.173197488743511, 11.43239892466538 ], [ 7.173182831622565, 11.432926636780826 ], [ 7.173459436130529, 11.433497743393614 ], [ 7.174825515490763, 11.434808951743655 ], [ 7.17455218368345, 11.435402848100445 ], [ 7.173199679999835, 11.435826614221279 ], [ 7.173146258970977, 11.437794486325346 ], [ 7.173440555766789, 11.438956271081414 ], [ 7.173419457241986, 11.439734735003201 ], [ 7.174515644402582, 11.440268052111962 ], [ 7.174786958320317, 11.440828002573712 ], [ 7.175882617476971, 11.441361047364257 ], [ 7.175894501702653, 11.442188181273279 ], [ 7.175850953708994, 11.443789858895196 ], [ 7.176397662277418, 11.444358145735443 ], [ 7.177523890975248, 11.443556904648004 ], [ 7.177905228205047, 11.441691704616302 ], [ 7.181661162762766, 11.441413156975111 ], [ 7.182211114180699, 11.44113823712982 ], [ 7.182491140543113, 11.441429434102297 ], [ 7.183568838449342, 11.441414408414312 ], [ 7.184140384879083, 11.441962974935061 ], [ 7.183578632310383, 11.442488618646559 ], [ 7.18476532965604, 11.443316160305047 ], [ 7.186319471852824, 11.443357045690677 ], [ 7.187421880003562, 11.443341629346405 ], [ 7.18798541174262, 11.443632725731405 ], [ 7.18906419573426, 11.443617686773427 ], [ 7.189594397939389, 11.444168901427322 ], [ 7.192091635348132, 11.443918450493515 ], [ 7.192637815373285, 11.443645340115129 ], [ 7.194019354873513, 11.443387979183287 ], [ 7.19456897065962, 11.44257251151425 ], [ 7.194850920652938, 11.442308360580983 ], [ 7.195138410931563, 11.442017229586884 ], [ 7.197315824106648, 11.442074345964761 ], [ 7.197731844930018, 11.441241364271942 ], [ 7.199254437016924, 11.441516626035787 ], [ 7.200620087944968, 11.442072697999549 ], [ 7.202548055411747, 11.442350435593271 ], [ 7.203369918828365, 11.442633556641434 ], [ 7.203644438217515, 11.442354783998823 ], [ 7.204736703138763, 11.443182731840897 ], [ 7.205525186440719, 11.4435662781286 ], [ 7.205829177630347, 11.444830599786897 ], [ 7.206930221798069, 11.445887146184401 ], [ 7.206893729023464, 11.447248164099509 ], [ 7.207188871990942, 11.447531489551707 ], [ 7.207579514388216, 11.448338710496312 ], [ 7.209017743804733, 11.448376651330534 ], [ 7.211135337768974, 11.447881128060457 ], [ 7.212137095753894, 11.447567068330759 ], [ 7.212411069700464, 11.447289343097623 ], [ 7.212752486027069, 11.447643922220403 ], [ 7.215460129829901, 11.448182704341486 ], [ 7.216252190926547, 11.448942841030911 ], [ 7.216521330881751, 11.449778974815908 ], [ 7.217207719874039, 11.450437564665132 ], [ 7.217688602662149, 11.451930717568009 ], [ 7.218427326861881, 11.45195004923821 ], [ 7.218704001053912, 11.451669685724211 ], [ 7.218997284670406, 11.451394985127749 ], [ 7.218978145964083, 11.450077317794122 ], [ 7.219984865649858, 11.449056417405428 ], [ 7.222576689225723, 11.448715444776042 ], [ 7.223645867742032, 11.448180351592367 ], [ 7.224089425048206, 11.448174040160035 ], [ 7.22491403903177, 11.448195729533543 ], [ 7.225738861471735, 11.448184048661693 ], [ 7.226151169661472, 11.448194758895372 ], [ 7.226426108956348, 11.44819112861612 ], [ 7.226979073366572, 11.448205603906596 ], [ 7.226970692340757, 11.447654695200763 ], [ 7.226985344958069, 11.447112400807804 ], [ 7.226977431341313, 11.446572618276289 ], [ 7.227852376550189, 11.445753750248892 ], [ 7.227821468103158, 11.443645471107553 ], [ 7.22810998815637, 11.44223511326172 ], [ 7.22916048894678, 11.440726080012189 ], [ 7.229645116324883, 11.439811619226566 ], [ 7.230066720813802, 11.438151263457163 ], [ 7.23103560567959, 11.437243698055495 ], [ 7.231702909745808, 11.436567099991573 ], [ 7.233097216851019, 11.436841411939934 ], [ 7.233879168063157, 11.437244708484231 ], [ 7.234374763950389, 11.435769644267079 ], [ 7.235301427045917, 11.436041125530863 ], [ 7.235575513584381, 11.436607145007503 ], [ 7.237153680901572, 11.436584869935048 ], [ 7.238320255217352, 11.436872882140436 ], [ 7.238830803403659, 11.437926827636431 ], [ 7.239908482481882, 11.439047214526722 ], [ 7.241054161979612, 11.439330060433901 ], [ 7.241321986377633, 11.439608160448158 ], [ 7.241600614302484, 11.439875730545472 ], [ 7.241876308102668, 11.440444933420133 ], [ 7.242697256278358, 11.441232723521287 ], [ 7.243358820500079, 11.441919975702417 ], [ 7.244614463523217, 11.441526279998641 ], [ 7.245497918981215, 11.441233898756836 ], [ 7.246815353019273, 11.441268541275562 ], [ 7.247118156972522, 11.440662550200596 ], [ 7.248548203251455, 11.439323347758375 ], [ 7.249048897155467, 11.437444664497086 ], [ 7.249030749155144, 11.43620378664958 ], [ 7.25107696042167, 11.436908568116428 ], [ 7.25179688888638, 11.435874169064416 ], [ 7.251789443385527, 11.4353372956411 ], [ 7.255645500088034, 11.435891821878872 ], [ 7.255905039072407, 11.437525839149576 ], [ 7.256950554164218, 11.438211113934777 ], [ 7.257618127678704, 11.439589340881119 ], [ 7.259317816558355, 11.440598428102277 ], [ 7.260431927690861, 11.44210007245017 ], [ 7.262614536277034, 11.442463685242483 ], [ 7.26302314020061, 11.443257982604043 ], [ 7.263289338426233, 11.443807252848682 ], [ 7.263566340068735, 11.444345992334751 ], [ 7.263832540120148, 11.444895262346943 ], [ 7.264120154940801, 11.445454987354287 ], [ 7.264048442947074, 11.448145605012174 ], [ 7.265008410857852, 11.447723318006091 ], [ 7.265743339388319, 11.446251718537141 ], [ 7.266307135274869, 11.445723524657687 ], [ 7.266734783754353, 11.444450054711114 ], [ 7.268218289334685, 11.44517099515673 ], [ 7.268717657451162, 11.446141944328575 ], [ 7.268076148113997, 11.447352973532466 ], [ 7.268631273804188, 11.447367381935507 ], [ 7.269304674468906, 11.447357859750529 ], [ 7.269600425535319, 11.447641400331568 ], [ 7.26957408614916, 11.448617713931144 ], [ 7.269879327718879, 11.450873582180204 ], [ 7.271680511927758, 11.450308731097737 ], [ 7.272589356355451, 11.448489076980948 ], [ 7.273606672782803, 11.447817352654894 ], [ 7.274456694592709, 11.448700582373737 ], [ 7.275857545112647, 11.449422856136282 ], [ 7.27645871627937, 11.448218718989127 ], [ 7.277288725693038, 11.44824029287372 ], [ 7.278096978409571, 11.447420333271703 ], [ 7.278666674300541, 11.447689586795784 ], [ 7.278929628508384, 11.44878122539318 ], [ 7.279737926660703, 11.450352257599935 ], [ 7.279760745027714, 11.451907281848058 ], [ 7.279456955939216, 11.453394702887129 ], [ 7.27811638780736, 11.453708860205699 ], [ 7.278628171068045, 11.454765679875221 ], [ 7.279170587270032, 11.455286109668142 ], [ 7.279443802417031, 11.455569774875443 ], [ 7.280543620570664, 11.455554263579964 ], [ 7.281084717743544, 11.456116262908859 ], [ 7.28136340258091, 11.456383802627315 ], [ 7.281639192604438, 11.4569529813106 ], [ 7.28218161872601, 11.457473406834385 ], [ 7.282449501793988, 11.457751742047362 ], [ 7.283241079391933, 11.457740236708347 ], [ 7.284504113311193, 11.45835387665227 ], [ 7.284085436186671, 11.459928028415167 ], [ 7.284615694569099, 11.462022075147148 ], [ 7.284626701405656, 11.462778795956456 ], [ 7.284545445047502, 11.46583248619342 ], [ 7.284985704065931, 11.466290335777231 ], [ 7.286248783633622, 11.466724940814958 ], [ 7.286781524207707, 11.466184078169038 ], [ 7.287887811063849, 11.46670674362484 ], [ 7.287898082776401, 11.46740837317601 ], [ 7.287728132195213, 11.473777382456401 ], [ 7.289899320288409, 11.47466091462638 ], [ 7.291291347324033, 11.474200028164265 ], [ 7.291930693806418, 11.47486428955431 ], [ 7.294438162260866, 11.474929271449851 ], [ 7.295257265060972, 11.474098473847731 ], [ 7.296376915551058, 11.474370913066618 ], [ 7.296641576376873, 11.475191356195571 ], [ 7.297194117140682, 11.476005532706228 ], [ 7.296359921370434, 11.477203586625906 ], [ 7.297207337177023, 11.477651616685373 ], [ 7.299900193941646, 11.477613022848839 ], [ 7.30019960075976, 11.4779241057773 ], [ 7.300478324664284, 11.478191632500303 ], [ 7.300746246276018, 11.478469691037127 ], [ 7.302108813381815, 11.478805764498563 ], [ 7.302123352945689, 11.479786833924384 ], [ 7.301836801390247, 11.480916848353402 ], [ 7.301284324433571, 11.481434316236591 ], [ 7.301276664502921, 11.481727190307275 ], [ 7.303205093456969, 11.48200431633648 ], [ 7.303604551601409, 11.482828453148088 ], [ 7.304829628228022, 11.48281094422155 ], [ 7.305394980452188, 11.483644253541318 ], [ 7.305669248193409, 11.484210232328259 ], [ 7.306766506791042, 11.484194356505105 ], [ 7.307483304253733, 11.484939024681346 ], [ 7.30841354648622, 11.484472996745209 ], [ 7.309205072238822, 11.486106386631171 ], [ 7.310467347238023, 11.486518651001127 ], [ 7.310869256107332, 11.486935727586056 ], [ 7.311147999178444, 11.487203246628846 ], [ 7.311935273550331, 11.488020617881945 ], [ 7.312515192852675, 11.488035627212772 ], [ 7.312841306647901, 11.487382020163654 ], [ 7.313619384100294, 11.487759953942607 ], [ 7.314135069205588, 11.488823644796163 ], [ 7.315342047494296, 11.49041175384091 ], [ 7.316164448836394, 11.492009820698311 ], [ 7.3156560175756, 11.492525716420541 ], [ 7.315230447753183, 11.492924764134768 ], [ 7.315511870349995, 11.493194944483733 ], [ 7.315770210347926, 11.496265740715506 ], [ 7.317824036737462, 11.496972296722708 ], [ 7.319565929637823, 11.496395448238067 ], [ 7.32017536301947, 11.497324071169318 ], [ 7.320848242008724, 11.497969144532124 ], [ 7.321250182030045, 11.498386210912267 ], [ 7.321803915036807, 11.498655306825826 ], [ 7.322855508271145, 11.499197148281551 ], [ 7.323447805064905, 11.499212476012044 ], [ 7.323725492401727, 11.499208511574865 ], [ 7.323993455223705, 11.49948681923248 ], [ 7.325111078188016, 11.499762596560078 ], [ 7.325881878581073, 11.500562893696777 ], [ 7.32825099834036, 11.500729052239464 ], [ 7.328567523131009, 11.49978642204854 ], [ 7.329496734239318, 11.499773212528615 ], [ 7.330130361514991, 11.500431019971785 ], [ 7.330875331575573, 11.500057880668139 ], [ 7.331951459614413, 11.500085762788515 ], [ 7.333344090875374, 11.499263698261382 ], [ 7.333893968028423, 11.499277967502859 ], [ 7.334185186288743, 11.498982472813871 ], [ 7.335473428155789, 11.498375122804891 ], [ 7.334734287118575, 11.497666401655843 ], [ 7.334728196492175, 11.497240490106934 ], [ 7.334753060415506, 11.496299360259346 ], [ 7.333921534037108, 11.495502180831517 ], [ 7.334453882832738, 11.49438517910621 ], [ 7.33557229187441, 11.49333720533504 ], [ 7.335628741463395, 11.49122271064236 ], [ 7.335192031330734, 11.490322114906947 ], [ 7.334776261928687, 11.489514070555133 ], [ 7.334509886014497, 11.488964841381126 ], [ 7.334117362399639, 11.488588633467858 ], [ 7.334521002482161, 11.487071502003674 ], [ 7.33451341167715, 11.486534874847147 ], [ 7.335070355998947, 11.486255990791733 ], [ 7.336736176046823, 11.485998263890663 ], [ 7.337277974759784, 11.484912558281266 ], [ 7.337565799426271, 11.484642993435244 ], [ 7.337546133123599, 11.483324727541333 ], [ 7.338117142715151, 11.482476490482542 ], [ 7.338647964146056, 11.481979213555578 ], [ 7.339201865591461, 11.48093329904564 ], [ 7.339246011970929, 11.479262350281605 ], [ 7.338972132831795, 11.477333217819885 ], [ 7.338990073347158, 11.476653186320373 ], [ 7.338972331256907, 11.475463117262175 ], [ 7.339796727344297, 11.474626379961562 ], [ 7.340907456329925, 11.475150741049246 ], [ 7.341976105066098, 11.476260706450507 ], [ 7.342834727958487, 11.475999673893231 ], [ 7.344993861617694, 11.473280258868998 ], [ 7.346393388048277, 11.473642558910925 ], [ 7.347524058121477, 11.472495271889924 ], [ 7.349182827484699, 11.470941241721036 ], [ 7.348915198217233, 11.470604691866905 ], [ 7.348368870913132, 11.470080906328823 ], [ 7.348344189178611, 11.468414325347736 ], [ 7.349705322388138, 11.468449564235121 ], [ 7.35122769026079, 11.468092402809667 ], [ 7.351676592565484, 11.467637008849319 ], [ 7.351958447396083, 11.467372689260285 ], [ 7.352232768613541, 11.466555316277764 ], [ 7.353064505821463, 11.466294096643265 ], [ 7.353337252912617, 11.4657476560992 ], [ 7.354705895134603, 11.465782912377579 ], [ 7.355000087887746, 11.464406546513462 ], [ 7.355280672419954, 11.462504371708386 ], [ 7.355833023849049, 11.461986782066115 ], [ 7.355841221019204, 11.461683573094758 ], [ 7.355095695958561, 11.460968779736181 ], [ 7.356395031168155, 11.460355807823918 ], [ 7.356835982155889, 11.459042237759272 ], [ 7.357507452924354, 11.458725276092208 ], [ 7.358038976157432, 11.458185845233034 ], [ 7.358333855141484, 11.458453412451195 ], [ 7.358859116953172, 11.458998779298186 ], [ 7.36053174422934, 11.458742254579736 ], [ 7.360809155891817, 11.45738246823179 ], [ 7.361209279736677, 11.456626439279624 ], [ 7.360271622538178, 11.45617093245443 ], [ 7.36101499464566, 11.455768817060621 ], [ 7.36292095152859, 11.45574135608315 ], [ 7.364054035890813, 11.456111077320966 ], [ 7.364472942356552, 11.457410140972256 ], [ 7.365207247665004, 11.458491934386494 ], [ 7.365472108037957, 11.459312341640567 ], [ 7.365750886601266, 11.459579812382071 ], [ 7.366275099812138, 11.460123838625179 ], [ 7.367738340143892, 11.460702507555826 ], [ 7.368763141481395, 11.461230785689402 ], [ 7.369311929751156, 11.460955751569099 ], [ 7.370693519078131, 11.460697544871245 ], [ 7.371212059310054, 11.460171522083224 ], [ 7.372074425036476, 11.459620398983484 ], [ 7.372354888363774, 11.457718190882787 ], [ 7.372907202716347, 11.457200563262438 ], [ 7.372922228302425, 11.456639156283359 ], [ 7.372898540547709, 11.455053343652883 ], [ 7.373473241877755, 11.454469889275648 ], [ 7.374856346854151, 11.453940455850134 ], [ 7.375127489523195, 11.453665454208 ], [ 7.37637501845519, 11.453273512706705 ], [ 7.376781728801745, 11.452861008461232 ], [ 7.377613411437657, 11.452599710125209 ], [ 7.37815334911667, 11.451517860245117 ], [ 7.379242635212622, 11.452036921906807 ], [ 7.379539450487353, 11.452344738936231 ], [ 7.380089378328765, 11.452336661312717 ], [ 7.380385094144976, 11.453875782329884 ], [ 7.382513465775202, 11.453170335487062 ], [ 7.383381323897631, 11.453157653885178 ], [ 7.385287384211328, 11.453206588198247 ], [ 7.385579583749649, 11.452909709056291 ], [ 7.388227690451614, 11.452499487821409 ], [ 7.388871492829413, 11.451845397352619 ], [ 7.390266470325217, 11.451584779609817 ], [ 7.390537597521909, 11.451309761307689 ], [ 7.391094335672122, 11.451046909275336 ], [ 7.391498982615857, 11.450235496283517 ], [ 7.392470560577219, 11.450777965647172 ], [ 7.392796928120966, 11.452131322043867 ], [ 7.393287134261697, 11.452144080239549 ], [ 7.395213774705751, 11.451877088750743 ], [ 7.395630598401353, 11.454047492892492 ], [ 7.396298533258314, 11.454064399264762 ], [ 7.397362420870397, 11.454048779039116 ], [ 7.397949369321362, 11.454333802516246 ], [ 7.398218980529923, 11.454613645058705 ], [ 7.399280404673823, 11.45408179713948 ], [ 7.402287866377876, 11.454037592375945 ], [ 7.402623297820131, 11.454359372651997 ], [ 7.403018786808289, 11.455175175475338 ], [ 7.403994912423409, 11.45491458867621 ], [ 7.404427457046596, 11.453624177958025 ], [ 7.405098446195125, 11.453288025552855 ], [ 7.405675638039974, 11.453015721075726 ], [ 7.406202749843639, 11.452480402311989 ], [ 7.407683058478732, 11.452132761272615 ], [ 7.40813401514037, 11.451674893091333 ], [ 7.409580479529328, 11.452770005524858 ], [ 7.410823908647401, 11.452337099870707 ], [ 7.4114274189365, 11.451196983824831 ], [ 7.411449917053159, 11.450341082725474 ], [ 7.410085206117652, 11.449896122090813 ], [ 7.41006755763945, 11.448729323652678 ], [ 7.410555011755315, 11.446445448040784 ], [ 7.41008818282422, 11.44599768490534 ], [ 7.409821680715297, 11.445448508627651 ], [ 7.409267937537519, 11.445179581571569 ], [ 7.409002952838781, 11.444359197958331 ], [ 7.408456008790496, 11.443834983020388 ], [ 7.409281600711627, 11.442733421735081 ], [ 7.409834364650589, 11.442215184031268 ], [ 7.409567954329353, 11.441650117001606 ], [ 7.409289143999698, 11.441382684538832 ], [ 7.409024161271286, 11.44056230120407 ], [ 7.408477757573325, 11.440038619820529 ], [ 7.408461357314757, 11.43893724897579 ], [ 7.409031733891724, 11.439206266401433 ], [ 7.40955654109151, 11.439751018524598 ], [ 7.410550880927402, 11.439776548220449 ], [ 7.412329278183345, 11.43950068028963 ], [ 7.413385579415764, 11.43842816497302 ], [ 7.414503655194411, 11.438411708796393 ], [ 7.41535260176909, 11.438703676949075 ], [ 7.416369183792404, 11.438688517746892 ], [ 7.419028415795871, 11.439150766608542 ], [ 7.419481835177516, 11.438725731396378 ], [ 7.420021590775798, 11.437643778356875 ], [ 7.42168576825881, 11.43791867223292 ], [ 7.42239557364458, 11.438999683901349 ], [ 7.424350977158664, 11.439049413610601 ], [ 7.425265518327764, 11.438746300826601 ], [ 7.426559456826267, 11.43877921368418 ], [ 7.427871964111667, 11.438366724123343 ], [ 7.428278585394204, 11.437954135020121 ], [ 7.430209894732015, 11.437698575429168 ], [ 7.430560657481178, 11.436995130165981 ], [ 7.432154319112325, 11.43662067738879 ], [ 7.432698630453856, 11.436068177059365 ], [ 7.434062358409347, 11.436103017226694 ], [ 7.434340352288418, 11.435545645563865 ], [ 7.43735980964098, 11.435146203417299 ], [ 7.43875041359088, 11.434489610772514 ], [ 7.439028907190112, 11.432858483796792 ], [ 7.439310653565586, 11.432594063861998 ], [ 7.439592977430746, 11.432027967944247 ], [ 7.440412838878207, 11.431259465049001 ], [ 7.440780763267366, 11.430160919933181 ], [ 7.44124699369325, 11.430429322081066 ], [ 7.441772390559738, 11.430974555386062 ], [ 7.44459861010747, 11.430651343330403 ], [ 7.445097318211284, 11.430183859108926 ], [ 7.445440731448675, 11.429835002356795 ], [ 7.447854964162465, 11.42923835079843 ], [ 7.447837342579788, 11.429910745742511 ], [ 7.448373431592227, 11.430467148956758 ], [ 7.448671276326984, 11.430202803837616 ], [ 7.448942331306106, 11.429927720860206 ], [ 7.449773905876431, 11.429666199292132 ], [ 7.45114611066195, 11.429125717248299 ], [ 7.452252600867007, 11.428865641055181 ], [ 7.453987181776002, 11.428436976862857 ], [ 7.454989327833963, 11.429397363012328 ], [ 7.455518776241592, 11.43048848066986 ], [ 7.456741813075835, 11.43131600456786 ], [ 7.457597630901493, 11.43133772763877 ], [ 7.458010058881412, 11.431331687881812 ], [ 7.45828495265762, 11.431338432449353 ], [ 7.459348243847418, 11.431322836296465 ], [ 7.46021312944122, 11.432151377532071 ], [ 7.460866724658366, 11.432829687293722 ], [ 7.46185870543736, 11.431899660289774 ], [ 7.46214098654257, 11.431333536692259 ], [ 7.464045589245216, 11.429547477371614 ], [ 7.464615348921525, 11.427845790404016 ], [ 7.466084770232347, 11.426995585878338 ], [ 7.466940747530278, 11.424887761387092 ], [ 7.469595871849007, 11.424617170032574 ], [ 7.470144728990933, 11.42380106880297 ], [ 7.470956940249987, 11.423039049201096 ], [ 7.471258456894081, 11.422184574235418 ], [ 7.471254111608402, 11.421893198475571 ], [ 7.471815548017112, 11.420831628261555 ], [ 7.472088025371763, 11.420285304167098 ], [ 7.472450375755808, 11.419600658440936 ], [ 7.471549788513205, 11.418118012955826 ], [ 7.471283179289497, 11.417568879531675 ], [ 7.470458861774882, 11.416484988196688 ], [ 7.470192255892166, 11.41593585418776 ], [ 7.469372859030261, 11.415538254340799 ], [ 7.469333462536867, 11.412970967046112 ], [ 7.470480460968051, 11.412953904303627 ], [ 7.472096436390194, 11.412994637963799 ], [ 7.473231190628054, 11.412154560283181 ], [ 7.473787792368442, 11.411891530260196 ], [ 7.474340618669095, 11.411329973572114 ], [ 7.475743451442932, 11.411365604451504 ], [ 7.475693642582296, 11.408121786419786 ], [ 7.476829347402101, 11.408104902631068 ], [ 7.477359229660738, 11.408118246628815 ], [ 7.47738761601733, 11.407023168250374 ], [ 7.476843427649336, 11.405966969633555 ], [ 7.47758556920555, 11.405140990269793 ], [ 7.480130997467835, 11.404664437076713 ], [ 7.480164682275039, 11.403378415239585 ], [ 7.480145894382116, 11.4021657545903 ], [ 7.480709790631402, 11.401636818457547 ], [ 7.480446141334185, 11.400529367141754 ], [ 7.479899121320337, 11.400005277871447 ], [ 7.48025904791044, 11.399262332854507 ], [ 7.481120277948659, 11.398855447234586 ], [ 7.480461826135151, 11.397577764600255 ], [ 7.480735841350668, 11.396733723501384 ], [ 7.481287853459381, 11.39621584790507 ], [ 7.481295314428888, 11.395922942251326 ], [ 7.481014328678045, 11.395653708944119 ], [ 7.481299606262468, 11.395114588659283 ], [ 7.48157203562236, 11.394568249366626 ], [ 7.481853705512658, 11.39430377790543 ], [ 7.482126132905286, 11.393757437835587 ], [ 7.482706735245035, 11.39321268941532 ], [ 7.482685978556309, 11.391862020285831 ], [ 7.48303647976847, 11.39086766124881 ], [ 7.482425090983157, 11.390233059914269 ], [ 7.48203940862343, 11.389863432560839 ], [ 7.482986521543811, 11.388340297423451 ], [ 7.482496012498272, 11.387388214385679 ], [ 7.483000384907866, 11.386433583755919 ], [ 7.48298053278931, 11.385113908787078 ], [ 7.483402464048637, 11.384315388020147 ], [ 7.48388188411684, 11.380161812530527 ], [ 7.484420902859802, 11.379656571251839 ], [ 7.484955407811023, 11.378583428478077 ], [ 7.485237057325213, 11.378318951085879 ], [ 7.485508025727444, 11.378043822514202 ], [ 7.486062687079582, 11.377523561410628 ], [ 7.486341247076481, 11.376420756782091 ], [ 7.4866450154394, 11.376135466293137 ], [ 7.486617097399498, 11.374305609996984 ], [ 7.48690674583731, 11.373440183362892 ], [ 7.487726677955406, 11.371889087106984 ], [ 7.487760325098322, 11.370599348324021 ], [ 7.487749943832982, 11.36992123064136 ], [ 7.487762771898148, 11.369423078307339 ], [ 7.487450689077672, 11.368131298995401 ], [ 7.486123746647166, 11.367487471707582 ], [ 7.485736663085305, 11.365963811463237 ], [ 7.486259141169178, 11.365433051154429 ], [ 7.486681592369663, 11.365036329113908 ], [ 7.486955406554353, 11.364218760378773 ], [ 7.487784113313345, 11.363441122609171 ], [ 7.487517359599475, 11.36230929216145 ], [ 7.486968252351557, 11.361783092273063 ], [ 7.486701649948797, 11.361233973749391 ], [ 7.484964322948115, 11.360945610415122 ], [ 7.484505979632242, 11.359600634808571 ], [ 7.484184301912285, 11.358604663253317 ], [ 7.482797974526472, 11.357932105601899 ], [ 7.4774463, 11.3675296 ], [ 7.47723, 11.3683085 ], [ 7.472504, 11.3760158 ], [ 7.4677244, 11.3776586 ], [ 7.4676372, 11.3776825 ], [ 7.4543701, 11.3784062 ], [ 7.4477366, 11.3770795 ], [ 7.4404633, 11.3760042 ], [ 7.4336182, 11.3750535 ], [ 7.4291117, 11.3744943 ], [ 7.4275716, 11.3740469 ], [ 7.4237979, 11.3741392 ], [ 7.4181228, 11.374815 ], [ 7.4150605, 11.3749409 ], [ 7.4063301, 11.3753001 ], [ 7.4054531, 11.3753362 ], [ 7.3979141, 11.3780423 ], [ 7.392313, 11.3748302 ], [ 7.3899786, 11.3702084 ], [ 7.388813, 11.3655901 ], [ 7.3835842, 11.3552418 ], [ 7.3829718, 11.3540297 ], [ 7.3806348, 11.3494101 ], [ 7.3771281, 11.3436203 ], [ 7.3760784, 11.3418907 ], [ 7.37362, 11.3378401 ], [ 7.37011, 11.3332005 ], [ 7.3666129, 11.3228102 ], [ 7.366621, 11.3193598 ], [ 7.3642931, 11.3112698 ], [ 7.3643231, 11.2986002 ], [ 7.364336, 11.29284 ], [ 7.3646144, 11.2903439 ], [ 7.3632644, 11.2865135 ], [ 7.3611094, 11.2783361 ], [ 7.3602062, 11.2743735 ], [ 7.3589703, 11.2704575 ], [ 7.3577819, 11.2642571 ], [ 7.3504297, 11.2627381 ], [ 7.3412077, 11.2623651 ], [ 7.3298942, 11.263484 ], [ 7.3201968, 11.2650691 ], [ 7.3066015, 11.2693581 ], [ 7.3018479, 11.2714093 ], [ 7.2975697, 11.2736471 ], [ 7.2938619, 11.2771901 ], [ 7.2910324, 11.2819042 ], [ 7.2895771, 11.2843288 ], [ 7.283993, 11.2754504 ], [ 7.2809831, 11.2756691 ], [ 7.2768474, 11.2751796 ], [ 7.2750845, 11.2747992 ], [ 7.2732823, 11.2744104 ], [ 7.2701972, 11.2754122 ], [ 7.2677918, 11.2772774 ], [ 7.2656527, 11.2781165 ], [ 7.2626958, 11.2775423 ], [ 7.2605626, 11.2784994 ], [ 7.2604979, 11.2785284 ], [ 7.2584619, 11.2764971 ], [ 7.2570488, 11.2751502 ], [ 7.2527111, 11.2728776 ], [ 7.2522971, 11.2728852 ], [ 7.2495619, 11.2729358 ], [ 7.243917, 11.2739848 ], [ 7.2406153, 11.2750642 ], [ 7.2384506, 11.2757719 ], [ 7.2348852, 11.2761176 ], [ 7.2328937, 11.2767872 ], [ 7.2328325, 11.2768077 ], [ 7.2273983, 11.2786349 ], [ 7.2221218, 11.2761176 ], [ 7.2151268, 11.269965 ], [ 7.2099573, 11.2611072 ], [ 7.1947859, 11.2575612 ], [ 7.1953293, 11.2522393 ], [ 7.1965204, 11.2494049 ], [ 7.1990333, 11.2434247 ], [ 7.1997463, 11.2387623 ], [ 7.1997463, 11.2345661 ], [ 7.2005782, 11.2285048 ], [ 7.2027411, 11.2221635 ], [ 7.2065673, 11.2154981 ], [ 7.2087306, 11.2078953 ], [ 7.2113689, 11.2024396 ], [ 7.2162175, 11.2000615 ], [ 7.2184993, 11.1998516 ], [ 7.2197114, 11.194186 ], [ 7.2064671, 11.1855718 ], [ 7.200074, 11.173159 ], [ 7.2010247, 11.1533851 ], [ 7.2002762, 11.1517286 ], [ 7.2001341, 11.1516326 ], [ 7.1858644, 11.1419954 ], [ 7.1818914, 11.1403685 ], [ 7.1730255, 11.1348997 ], [ 7.1615542, 11.1308666 ], [ 7.1521097, 11.1288363 ], [ 7.1442663, 11.130119 ], [ 7.1338084, 11.1353661 ], [ 7.1292925, 11.1381646 ], [ 7.1233505, 11.145044 ], [ 7.1213063, 11.1492949 ], [ 7.1186788, 11.1560863 ], [ 7.1092648, 11.1624915 ], [ 7.1014213, 11.1664556 ], [ 7.0957539, 11.1695233 ], [ 7.0898939, 11.1748499 ], [ 7.0845583, 11.181024 ], [ 7.0766554, 11.1953052 ], [ 7.0737438, 11.19889 ], [ 7.0689605, 11.2032907 ], [ 7.0613564, 11.2077535 ], [ 7.0584213, 11.2002572 ], [ 7.0538893, 11.2020406 ], [ 7.0518928, 11.2031597 ], [ 7.0492784, 11.2039524 ], [ 7.0469016, 11.2048384 ], [ 7.0433692, 11.2052127 ], [ 7.0402465, 11.2048384 ], [ 7.0367163, 11.2057465 ], [ 7.0304598, 11.2080412 ], [ 7.0254502, 11.2095588 ], [ 7.0138989, 11.2171126 ], [ 6.9990677, 11.2267645 ], [ 6.9839513, 11.2343178 ], [ 6.9757004, 11.2390373 ], [ 6.9700871, 11.2428799 ], [ 6.9677339, 11.2451696 ], [ 6.9688969, 11.2497902 ], [ 6.971901, 11.2547401 ], [ 6.972405, 11.2555704 ], [ 6.9737683, 11.2573685 ], [ 6.975915, 11.2601995 ], [ 6.9782538, 11.26367 ], [ 6.980597, 11.2659998 ], [ 6.984107, 11.2706299 ], [ 6.9864478, 11.2729502 ], [ 6.988791, 11.2752705 ], [ 6.9934769, 11.27876 ], [ 6.9969931, 11.2810898 ], [ 6.9993348, 11.2834101 ], [ 7.0028448, 11.2880402 ], [ 7.005187, 11.2903605 ], [ 7.0086999, 11.2938404 ], [ 7.0087477, 11.3044367 ], [ 7.0077278, 11.3086538 ], [ 7.0075748, 11.3109858 ], [ 7.0087156, 11.3146216 ], [ 7.0096188, 11.330912 ], [ 7.008555074238159, 11.338235067972155 ], [ 7.009185548114858, 11.338819424062573 ] ] ], [ [ [ 7.533069236210753, 11.338614291102632 ], [ 7.534910031446805, 11.339341506391509 ], [ 7.534359305590519, 11.340595338186173 ], [ 7.53380695705452, 11.341113867888893 ], [ 7.534073560322926, 11.341678845486923 ], [ 7.53516221131619, 11.343790267945694 ], [ 7.534885293337912, 11.344405522035483 ], [ 7.533237014790054, 11.345184540708853 ], [ 7.53322964452253, 11.345471627795876 ], [ 7.533509248941751, 11.346013890904153 ], [ 7.533081494392636, 11.346415167888475 ], [ 7.533709320830084, 11.348255193250221 ], [ 7.532802014730589, 11.349107020814598 ], [ 7.533482340513964, 11.349812850471892 ], [ 7.534036058600619, 11.350081536239172 ], [ 7.534576220229077, 11.350903212706474 ], [ 7.534857757308238, 11.351173193821204 ], [ 7.534304306247227, 11.351693040829259 ], [ 7.533745945225125, 11.353068936840518 ], [ 7.53325753087258, 11.353992773447835 ], [ 7.533730881707937, 11.354967480898171 ], [ 7.53427633390729, 11.35549014068814 ], [ 7.534923971601367, 11.357134257036222 ], [ 7.535873538562182, 11.357158310858988 ], [ 7.537486786143746, 11.356840522729261 ], [ 7.53934027121544, 11.358052773739388 ], [ 7.53975570405065, 11.359337091583404 ], [ 7.541340068848617, 11.360373446092275 ], [ 7.541817694715224, 11.360831130599006 ], [ 7.542215698663081, 11.362061590333209 ], [ 7.543305666504412, 11.362774726692427 ], [ 7.543574009653432, 11.36532998022227 ], [ 7.546804085013722, 11.36612387100654 ], [ 7.547691064820826, 11.366428349835983 ], [ 7.548519701379401, 11.366698368817568 ], [ 7.548958443045628, 11.368054575920251 ], [ 7.549336891589229, 11.368064121514198 ], [ 7.550666785474394, 11.367734805649942 ], [ 7.551506353098748, 11.368605610317864 ], [ 7.552579434290571, 11.368632341575079 ], [ 7.553459162202785, 11.368355365154661 ], [ 7.553998274875245, 11.367273079334486 ], [ 7.554562786150518, 11.367541785444869 ], [ 7.554830897597214, 11.367819632577412 ], [ 7.555934421185915, 11.368090980610866 ], [ 7.556979099629831, 11.369174413674966 ], [ 7.558117138323448, 11.369203031851269 ], [ 7.558658934978566, 11.368652092241222 ], [ 7.559503697760388, 11.368922161140311 ], [ 7.560295458823107, 11.370552906828017 ], [ 7.560729742366601, 11.370563770803315 ], [ 7.561690834850274, 11.370549131482152 ], [ 7.561961520081347, 11.371386140359043 ], [ 7.562530659587861, 11.371377529426841 ], [ 7.564046671286699, 11.372157573915002 ], [ 7.565536860552025, 11.371662366175991 ], [ 7.565932231213043, 11.372476406343434 ], [ 7.566767522385257, 11.372497425938876 ], [ 7.567454790022291, 11.372486996597438 ], [ 7.568005567884975, 11.37250053625645 ], [ 7.568468297317849, 11.371116416694088 ], [ 7.569936771733834, 11.371420480548718 ], [ 7.57021472636324, 11.370051616048013 ], [ 7.572360254838725, 11.369375991015106 ], [ 7.573799925034744, 11.36845456840215 ], [ 7.57408160113282, 11.368168274377354 ], [ 7.575445108172982, 11.36820241928956 ], [ 7.575830676358361, 11.367427925091752 ], [ 7.576830298335183, 11.367113048410395 ], [ 7.577239184186406, 11.365100354943083 ], [ 7.57818725430136, 11.364136005627197 ], [ 7.578561446385893, 11.36446281711186 ], [ 7.579286260280737, 11.36521486173149 ], [ 7.57986064848169, 11.36522902132911 ], [ 7.581460123024742, 11.365204677311979 ], [ 7.582354969972942, 11.36566484201304 ], [ 7.584037629126767, 11.364669040911053 ], [ 7.586047983671142, 11.364719222721581 ], [ 7.586463020670728, 11.364712738221215 ], [ 7.588169444918432, 11.365865996982993 ], [ 7.589481554822423, 11.364997384293181 ], [ 7.591088942752869, 11.36554887437565 ], [ 7.591684281026549, 11.36501454428767 ], [ 7.592232682682222, 11.364198154547742 ], [ 7.592514230353231, 11.363933560299213 ], [ 7.593725018397233, 11.362702084709792 ], [ 7.597191104003522, 11.363136852921391 ], [ 7.59771672671048, 11.363681831250418 ], [ 7.598014375209249, 11.363417307725975 ], [ 7.598712726550782, 11.362014111099858 ], [ 7.600080540049301, 11.362483359612442 ], [ 7.600726923608573, 11.361825815772212 ], [ 7.602742502088722, 11.361794853073761 ], [ 7.604268632844043, 11.363712941595878 ], [ 7.604611373098985, 11.363448624318208 ], [ 7.605066750532841, 11.362985383370271 ], [ 7.606501997620359, 11.363723512965988 ], [ 7.607637636351854, 11.362920462415449 ], [ 7.608036419918847, 11.361727198463003 ], [ 7.608464812187571, 11.361291635788826 ], [ 7.609021217086729, 11.361028321390744 ], [ 7.609004840336375, 11.359976661516269 ], [ 7.609708927983093, 11.359260563393835 ], [ 7.6104127475587, 11.358599292076633 ], [ 7.611193439952097, 11.357805410129439 ], [ 7.612305850996909, 11.357246449348773 ], [ 7.612870401678125, 11.357739404079798 ], [ 7.613236975414674, 11.358872972266902 ], [ 7.614530479280212, 11.358613113319068 ], [ 7.614805244450141, 11.357524146133191 ], [ 7.616192160510046, 11.357263658293054 ], [ 7.616183509021639, 11.356719547722241 ], [ 7.616190184747633, 11.356448338804533 ], [ 7.616181513587072, 11.355908466697402 ], [ 7.616741244472063, 11.356177035451916 ], [ 7.617008107088263, 11.356726066330484 ], [ 7.61730171316749, 11.357295882879763 ], [ 7.617254038093201, 11.359168383020682 ], [ 7.618927328312282, 11.359979089193557 ], [ 7.619649046540093, 11.360727322120056 ], [ 7.620231821433445, 11.359555823366083 ], [ 7.621781438704372, 11.359067475967532 ], [ 7.622226904025557, 11.358649188602735 ], [ 7.622499355408578, 11.358372069369148 ], [ 7.623049902854891, 11.35865488871929 ], [ 7.624378700641227, 11.357303033249034 ], [ 7.625702284532772, 11.35771050535565 ], [ 7.626350024766031, 11.358663133915584 ], [ 7.626616908553, 11.359212158414964 ], [ 7.627444329369875, 11.359753197195836 ], [ 7.627956304567223, 11.36080664154724 ], [ 7.628514040896491, 11.361385095942124 ], [ 7.629306917679354, 11.361404678733562 ], [ 7.630602209777241, 11.360996420531787 ], [ 7.631404439963413, 11.360180594619203 ], [ 7.632666924420164, 11.359782770530604 ], [ 7.633208572360942, 11.359231938334901 ], [ 7.633771589819815, 11.35870292500762 ], [ 7.634175425915892, 11.357891070173167 ], [ 7.63459881833513, 11.35815897551363 ], [ 7.634934302453315, 11.358849495331411 ], [ 7.636008211982999, 11.358138482978401 ], [ 7.637757145830993, 11.358181799529765 ], [ 7.638991513173873, 11.358162602203464 ], [ 7.63976831319477, 11.358967996571042 ], [ 7.641601535545738, 11.359013269359346 ], [ 7.642286104587539, 11.359002649758137 ], [ 7.642013979253044, 11.359554742560473 ], [ 7.641459784971, 11.360604049428229 ], [ 7.641439238169839, 11.36142854287243 ], [ 7.641723464183393, 11.361723346851003 ], [ 7.642248840216228, 11.362226136977847 ], [ 7.642548358608138, 11.362806821260738 ], [ 7.642813994895268, 11.363627071982483 ], [ 7.64309298536786, 11.363894301633325 ], [ 7.643366531530544, 11.364177664852104 ], [ 7.644174606462604, 11.364165226655956 ], [ 7.644481392719192, 11.364458807778634 ], [ 7.644440514428345, 11.366065151729767 ], [ 7.644730733409491, 11.366343027544266 ], [ 7.644996378256365, 11.367163277197635 ], [ 7.645815950069208, 11.367560401308909 ], [ 7.645824611982534, 11.368113788052581 ], [ 7.645808714196828, 11.368751560426759 ], [ 7.646619069594726, 11.370420093099765 ], [ 7.646910572452944, 11.370427260799259 ], [ 7.647181396895046, 11.370151698631606 ], [ 7.648287566129938, 11.369890833117093 ], [ 7.648818420609715, 11.369350782396658 ], [ 7.649113528799437, 11.369618081419 ], [ 7.649381744030862, 11.369895853441221 ], [ 7.650213116430978, 11.370298584087942 ], [ 7.650202574569285, 11.370713082754646 ], [ 7.650480082943459, 11.371526231080201 ], [ 7.650133913747984, 11.372182091644476 ], [ 7.65093739466923, 11.373835486937873 ], [ 7.653207527433739, 11.374730866660164 ], [ 7.65255697738399, 11.377660447398496 ], [ 7.651820344661142, 11.37914070218881 ], [ 7.650179716838768, 11.37910007023539 ], [ 7.649613583502732, 11.38017238125037 ], [ 7.650122009853365, 11.380749781879684 ], [ 7.650981681712915, 11.380736507152919 ], [ 7.6512611146354, 11.381598933016447 ], [ 7.652077317600792, 11.382380114758272 ], [ 7.652344270152514, 11.382929123274065 ], [ 7.653652365515459, 11.383354692761491 ], [ 7.653999281878153, 11.384026973033148 ], [ 7.653986019506251, 11.384563837501315 ], [ 7.654536724264872, 11.38563120055815 ], [ 7.654509110048464, 11.386708632528785 ], [ 7.654799252732678, 11.387009016992108 ], [ 7.655093779294693, 11.387290614138987 ], [ 7.655617594837958, 11.388368978530426 ], [ 7.655895346376728, 11.388907437741924 ], [ 7.656161139327592, 11.390849476629734 ], [ 7.657255876584447, 11.391897337778818 ], [ 7.657781138121098, 11.392441694823722 ], [ 7.658212790849506, 11.392452406886855 ], [ 7.658886166749704, 11.392441971157609 ], [ 7.659315941904908, 11.392853447096565 ], [ 7.659718309674077, 11.39327009494929 ], [ 7.661096985954179, 11.393542324615069 ], [ 7.661365233793487, 11.393820089131674 ], [ 7.662192824025365, 11.394361047896242 ], [ 7.66246107372069, 11.394638811603905 ], [ 7.664107542275583, 11.395174485172069 ], [ 7.664120869848574, 11.395999934868431 ], [ 7.664100412011888, 11.39681622470115 ], [ 7.664654367912139, 11.39708468904842 ], [ 7.664922622507613, 11.397362451015198 ], [ 7.665201665259004, 11.397629665175476 ], [ 7.665742305415429, 11.398451153263888 ], [ 7.66657708086359, 11.398722744122836 ], [ 7.666529023113604, 11.400622563840535 ], [ 7.670679167083163, 11.400975398826558 ], [ 7.670402330911275, 11.402540957044682 ], [ 7.670074209093414, 11.403472141180611 ], [ 7.670945891017262, 11.403894344742994 ], [ 7.671234996628928, 11.404194181859078 ], [ 7.672858371155622, 11.404168677144408 ], [ 7.673412275330653, 11.404453550925531 ], [ 7.673827383617888, 11.404446949539924 ], [ 7.674652074196185, 11.404467360830054 ], [ 7.677474055412272, 11.404423133414289 ], [ 7.678088849565675, 11.40501156939289 ], [ 7.67836781318539, 11.405300494037938 ], [ 7.680266147677993, 11.405270624083713 ], [ 7.680597483503838, 11.40561434973888 ], [ 7.684369993694792, 11.405555254644126 ], [ 7.684683280783045, 11.405854922691626 ], [ 7.684952633362493, 11.406133733746742 ], [ 7.686093394209882, 11.405850906363108 ], [ 7.688154608296229, 11.405901445707411 ], [ 7.689083307349519, 11.405608652410294 ], [ 7.689355375484218, 11.405062074699229 ], [ 7.69137447566615, 11.404106616533385 ], [ 7.692100158818062, 11.402647392719283 ], [ 7.692397304456385, 11.402368462224219 ], [ 7.69319950769155, 11.401552462284386 ], [ 7.694027956614382, 11.401572836006604 ], [ 7.69432671886649, 11.401292055980866 ], [ 7.694608324245896, 11.401005636952345 ], [ 7.696246427055159, 11.401046023654374 ], [ 7.696256961732295, 11.400619861554436 ], [ 7.696228954068992, 11.39887199030869 ], [ 7.697325950989262, 11.398169069618643 ], [ 7.697638967992759, 11.397232744197655 ], [ 7.698743190034793, 11.396709975024809 ], [ 7.699021364758383, 11.395877065566062 ], [ 7.69983637654577, 11.395897095899995 ], [ 7.701225295082118, 11.395348291869952 ], [ 7.701752793283938, 11.395894708089825 ], [ 7.702860482470291, 11.395552062643763 ], [ 7.702889284410944, 11.394410509350966 ], [ 7.702873728217843, 11.393459746277932 ], [ 7.704016515214287, 11.393190095809771 ], [ 7.705360884587205, 11.392514454542237 ], [ 7.706887656008468, 11.393298896536731 ], [ 7.708385745730264, 11.392945496350686 ], [ 7.709237560576131, 11.392662095715506 ], [ 7.710563691695198, 11.3926946704344 ], [ 7.711135822481445, 11.392157064368607 ], [ 7.71141698748526, 11.390770263193994 ], [ 7.711971856890227, 11.39024873844291 ], [ 7.712589770495112, 11.38872275206759 ], [ 7.71447451906384, 11.388350348171569 ], [ 7.715222404344074, 11.388368715605381 ], [ 7.716655114532477, 11.388099219479752 ], [ 7.717323488436096, 11.386449470631776 ], [ 7.718586780174841, 11.386480407554807 ], [ 7.718858773867924, 11.385933528769414 ], [ 7.719140242381812, 11.385668802907821 ], [ 7.719411019813581, 11.385393433323266 ], [ 7.720517214669481, 11.38513229571725 ], [ 7.720787990352416, 11.384856924656988 ], [ 7.721344364847341, 11.384593391839301 ], [ 7.721783546269168, 11.383278516685058 ], [ 7.722720822661797, 11.382966570013307 ], [ 7.723827006254537, 11.382705418577322 ], [ 7.72438344707558, 11.382425720219327 ], [ 7.725703096378486, 11.382458193779152 ], [ 7.72630358489781, 11.382173649722596 ], [ 7.727349192303325, 11.381647857119377 ], [ 7.728230367875661, 11.381633919564628 ], [ 7.729233763061467, 11.382149765644545 ], [ 7.729879249264202, 11.380556301932971 ], [ 7.730160702917367, 11.380291563763995 ], [ 7.730431465213412, 11.380016182247054 ], [ 7.731691938423721, 11.379102435894003 ], [ 7.731088197411739, 11.377335373293844 ], [ 7.733559782058355, 11.3769492075063 ], [ 7.734042877061948, 11.37649513781875 ], [ 7.734025611313065, 11.375420386148354 ], [ 7.736253558278065, 11.375123212415248 ], [ 7.736231987364912, 11.373805003506078 ], [ 7.736238563786116, 11.373531130356699 ], [ 7.735684568670156, 11.373262798105314 ], [ 7.735422240955636, 11.371628860433139 ], [ 7.733837359118273, 11.371240336580041 ], [ 7.733523099547657, 11.370594014448919 ], [ 7.7325783, 11.3707641 ], [ 7.7319651, 11.3709668 ], [ 7.7311522, 11.3712115 ], [ 7.7310115, 11.371241 ], [ 7.7308527, 11.3712744 ], [ 7.7304035, 11.3714701 ], [ 7.7301254, 11.3716379 ], [ 7.7298402, 11.3716519 ], [ 7.7291628, 11.3714002 ], [ 7.728899, 11.3712534 ], [ 7.7285425, 11.3710996 ], [ 7.7278722, 11.3709458 ], [ 7.7275229, 11.3709458 ], [ 7.7272043, 11.3709726 ], [ 7.7270594, 11.3708829 ], [ 7.7268811, 11.370841 ], [ 7.7265467, 11.370951 ], [ 7.7261396, 11.3709948 ], [ 7.7256829, 11.3708867 ], [ 7.7240361, 11.3707641 ], [ 7.7232731, 11.3705474 ], [ 7.7226385, 11.3704705 ], [ 7.72179, 11.3703027 ], [ 7.7211697, 11.3701979 ], [ 7.7209948, 11.3701727 ], [ 7.7204862, 11.3697063 ], [ 7.7200013, 11.3690073 ], [ 7.7198444, 11.3687556 ], [ 7.7197161, 11.3683222 ], [ 7.7195735, 11.3678888 ], [ 7.7177481, 11.3645613 ], [ 7.7179983, 11.363082 ], [ 7.7177895, 11.3616718 ], [ 7.7175206, 11.361397 ], [ 7.716856, 11.3585284 ], [ 7.7159528, 11.3563146 ], [ 7.7146693, 11.3527493 ], [ 7.7136711, 11.350419 ], [ 7.713267, 11.3483916 ], [ 7.7144792, 11.3444067 ], [ 7.7154331, 11.3423613 ], [ 7.7179731, 11.3368096 ], [ 7.7166468, 11.3362364 ], [ 7.7164614, 11.3360826 ], [ 7.717287, 11.333832 ], [ 7.7191884, 11.3293109 ], [ 7.7210079, 11.3254061 ], [ 7.7211374, 11.3250927 ], [ 7.7211797, 11.3249921 ], [ 7.7210775, 11.324947 ], [ 7.7200222, 11.3242386 ], [ 7.718713, 11.3233578 ], [ 7.7171298, 11.3224745 ], [ 7.7187102, 11.3213394 ], [ 7.7168088, 11.3191207 ], [ 7.7160838, 11.3185228 ], [ 7.7159912, 11.318319 ], [ 7.7156679, 11.3179554 ], [ 7.7153732, 11.3178995 ], [ 7.7151022, 11.3178928 ], [ 7.714798, 11.3179356 ], [ 7.7140137, 11.3183749 ], [ 7.7130249, 11.3176664 ], [ 7.7125305, 11.3172469 ], [ 7.7122805, 11.3169682 ], [ 7.7117224, 11.3166409 ], [ 7.711133, 11.3164079 ], [ 7.7105721, 11.316324 ], [ 7.7101347, 11.316296 ], [ 7.7096594, 11.3160816 ], [ 7.7089749, 11.3158485 ], [ 7.7083759, 11.3158019 ], [ 7.7081667, 11.3160163 ], [ 7.707891, 11.3166409 ], [ 7.7076914, 11.317452 ], [ 7.7076629, 11.3182817 ], [ 7.7073301, 11.3181978 ], [ 7.7070924, 11.3180673 ], [ 7.7065678, 11.3180931 ], [ 7.7068167, 11.3170232 ], [ 7.7070577, 11.3159302 ], [ 7.7069783, 11.3147485 ], [ 7.7070164, 11.3140773 ], [ 7.7068981, 11.3135094 ], [ 7.7064137, 11.3126309 ], [ 7.7061761, 11.3100416 ], [ 7.6898084, 11.3088473 ], [ 7.689314, 11.3089313 ], [ 7.6889622, 11.3091084 ], [ 7.6885534, 11.3091457 ], [ 7.6876312, 11.3093881 ], [ 7.687337, 11.3093827 ], [ 7.6869562, 11.3093694 ], [ 7.68669, 11.3094254 ], [ 7.6865379, 11.3097889 ], [ 7.686072, 11.3096025 ], [ 7.6859675, 11.309705 ], [ 7.6857108, 11.3096864 ], [ 7.6848266, 11.3094999 ], [ 7.6842942, 11.3091923 ], [ 7.6840185, 11.3094067 ], [ 7.6837808, 11.3095745 ], [ 7.6834861, 11.3096584 ], [ 7.6831819, 11.309444 ], [ 7.682997, 11.309379 ], [ 7.6831938, 11.309143 ], [ 7.6834223, 11.3088265 ], [ 7.6836205, 11.3082588 ], [ 7.6836055, 11.3081339 ], [ 7.6837006, 11.3078193 ], [ 7.6838788, 11.3074813 ], [ 7.6841046, 11.3070152 ], [ 7.6844849, 11.3062577 ], [ 7.6842472, 11.3063976 ], [ 7.6833797, 11.3064908 ], [ 7.6827736, 11.3064442 ], [ 7.6823102, 11.3062461 ], [ 7.6818229, 11.3062228 ], [ 7.6809792, 11.3059548 ], [ 7.6804681, 11.3059315 ], [ 7.6802186, 11.3058615 ], [ 7.6797908, 11.3059198 ], [ 7.6794105, 11.3059081 ], [ 7.6790896, 11.3059198 ], [ 7.6788281, 11.306013 ], [ 7.678436, 11.3059548 ], [ 7.6780438, 11.3059781 ], [ 7.6774496, 11.3061645 ], [ 7.6770927, 11.3063493 ], [ 7.676695, 11.3064679 ], [ 7.6760414, 11.3065378 ], [ 7.6753283, 11.3061533 ], [ 7.6750074, 11.305524 ], [ 7.6748648, 11.3051394 ], [ 7.6743895, 11.3044635 ], [ 7.6739379, 11.304044 ], [ 7.6733556, 11.3032865 ], [ 7.6723336, 11.3014103 ], [ 7.6720246, 11.3012588 ], [ 7.6717512, 11.3011539 ], [ 7.6715017, 11.3010141 ], [ 7.6710794, 11.3005567 ], [ 7.6700811, 11.299368 ], [ 7.6697701, 11.2987551 ], [ 7.6695226, 11.2981444 ], [ 7.6693443, 11.2977482 ], [ 7.6692697, 11.2977138 ], [ 7.66883, 11.2969097 ], [ 7.6687151, 11.2969552 ], [ 7.6683009, 11.2974394 ], [ 7.6643116, 11.3000225 ], [ 7.6640922, 11.2996005 ], [ 7.664009, 11.2992509 ], [ 7.6639377, 11.2990179 ], [ 7.6638902, 11.2986566 ], [ 7.6639734, 11.2979341 ], [ 7.6639852, 11.2974796 ], [ 7.662987, 11.2966755 ], [ 7.6621076, 11.2961744 ], [ 7.661038, 11.2953469 ], [ 7.6607053, 11.2951488 ], [ 7.6604082, 11.2944496 ], [ 7.6585899, 11.2937853 ], [ 7.6580433, 11.293494 ], [ 7.658067, 11.293121 ], [ 7.6579911, 11.2929745 ], [ 7.6577622, 11.2930468 ], [ 7.6575441, 11.293191 ], [ 7.6570259, 11.2930254 ], [ 7.6569618, 11.2928763 ], [ 7.6565756, 11.2928815 ], [ 7.6563201, 11.2931677 ], [ 7.6561062, 11.2930977 ], [ 7.655821, 11.2930045 ], [ 7.6557378, 11.2928414 ], [ 7.6554763, 11.2923635 ], [ 7.6550128, 11.2920372 ], [ 7.6537579, 11.2919813 ], [ 7.6532635, 11.2921864 ], [ 7.6527026, 11.2923076 ], [ 7.6524839, 11.2925873 ], [ 7.6522272, 11.2930255 ], [ 7.6516663, 11.2930068 ], [ 7.6508582, 11.2926712 ], [ 7.6504969, 11.2923822 ], [ 7.649917, 11.2920466 ], [ 7.6500976, 11.2918135 ], [ 7.6504494, 11.2916084 ], [ 7.6498331, 11.2912687 ], [ 7.6495215, 11.2910738 ], [ 7.64928, 11.2912727 ], [ 7.6484624, 11.2912168 ], [ 7.6484148, 11.290993 ], [ 7.6483198, 11.2907133 ], [ 7.6481486, 11.2902379 ], [ 7.6479291, 11.2900184 ], [ 7.64195, 11.2888457 ], [ 7.6389552, 11.2877968 ], [ 7.634594, 11.2862943 ], [ 7.6310405, 11.2849299 ], [ 7.6290922, 11.2840614 ], [ 7.6279031, 11.2835314 ], [ 7.6186676, 11.2776903 ], [ 7.6076015, 11.2718545 ], [ 7.6075021, 11.2718021 ], [ 7.6052813, 11.2743883 ], [ 7.6019683, 11.2788978 ], [ 7.599452, 11.282605 ], [ 7.5931379, 11.2920177 ], [ 7.5857846, 11.3027415 ], [ 7.5823742, 11.3065707 ], [ 7.5775613, 11.3154805 ], [ 7.5739838, 11.3190521 ], [ 7.5699666, 11.3213988 ], [ 7.5621839, 11.3232474 ], [ 7.5558484, 11.3272717 ], [ 7.5509284, 11.3313967 ], [ 7.5445111, 11.3334242 ], [ 7.538319, 11.3345119 ], [ 7.5373477, 11.3349782 ], [ 7.5341166, 11.3365291 ], [ 7.532535946842507, 11.337515170777886 ], [ 7.533069236210753, 11.338614291102632 ] ] ] ] } }
]
}
